2026-04-22 14:55:57,216 - mmseg - INFO - Environment info:
------------------------------------------------------------
sys.platform: linux
Python: 3.9.24 (main, Oct 21 2025, 20:11:42) [GCC 11.2.0]
CUDA available: True
GPU 0,1,2,3,4,5,6,7: NVIDIA GeForce RTX 4090
CUDA_HOME: /usr/local/cuda-11.8
NVCC: Build cuda_11.8.r11.8/compiler.31833905_0
GCC: gcc (Ubuntu 11.4.0-1ubuntu1~22.04.2) 11.4.0
PyTorch: 1.8.2+cu111
PyTorch compiling details: PyTorch built with:
  - GCC 7.3
  - C++ Version: 201402
  - Intel(R) Math Kernel Library Version 2020.0.0 Product Build 20191122 for Intel(R) 64 architecture applications
  - Intel(R) MKL-DNN v1.7.0 (Git Hash 7aed236906b1f7a05c0917e5257a1af05e9ff683)
  - OpenMP 201511 (a.k.a. OpenMP 4.5)
  - NNPACK is enabled
  - CPU capability usage: AVX2
  - CUDA Runtime 11.1
  - NVCC architecture flags: -gencode;arch=compute_37,code=sm_37;-gencode;arch=compute_50,code=sm_50;-gencode;arch=compute_60,code=sm_60;-gencode;arch=compute_70,code=sm_70;-gencode;arch=compute_75,code=sm_75;-gencode;arch=compute_80,code=sm_80;-gencode;arch=compute_86,code=sm_86
  - CuDNN 8.0.5
  - Magma 2.5.2
  - Build settings: BLAS_INFO=mkl, BUILD_TYPE=Release, CUDA_VERSION=11.1, CUDNN_VERSION=8.0.5, CXX_COMPILER=/opt/rh/devtoolset-7/root/usr/bin/c++, CXX_FLAGS= -Wno-deprecated -fvisibility-inlines-hidden -DUSE_PTHREADPOOL -fopenmp -DNDEBUG -DUSE_KINETO -DUSE_FBGEMM -DUSE_QNNPACK -DUSE_PYTORCH_QNNPACK -DUSE_XNNPACK -O2 -fPIC -Wno-narrowing -Wall -Wextra -Werror=return-type -Wno-missing-field-initializers -Wno-type-limits -Wno-array-bounds -Wno-unknown-pragmas -Wno-sign-compare -Wno-unused-parameter -Wno-unused-variable -Wno-unused-function -Wno-unused-result -Wno-unused-local-typedefs -Wno-strict-overflow -Wno-strict-aliasing -Wno-error=deprecated-declarations -Wno-stringop-overflow -Wno-psabi -Wno-error=pedantic -Wno-error=redundant-decls -Wno-error=old-style-cast -fdiagnostics-color=always -faligned-new -Wno-unused-but-set-variable -Wno-maybe-uninitialized -fno-math-errno -fno-trapping-math -Werror=format -Wno-stringop-overflow, LAPACK_INFO=mkl, PERF_WITH_AVX=1, PERF_WITH_AVX2=1, PERF_WITH_AVX512=1, TORCH_VERSION=1.8.2, USE_CUDA=ON, USE_CUDNN=ON, USE_EXCEPTION_PTR=1, USE_GFLAGS=OFF, USE_GLOG=OFF, USE_MKL=ON, USE_MKLDNN=ON, USE_MPI=OFF, USE_NCCL=ON, USE_NNPACK=ON, USE_OPENMP=ON, 

TorchVision: 0.9.2+cu111
OpenCV: 4.10.0
MMCV: 1.3.18
MMCV Compiler: GCC 7.3
MMCV CUDA Compiler: 11.1
MMSegmentation: 0.11.0+
------------------------------------------------------------

2026-04-22 14:55:57,216 - mmseg - INFO - Distributed training: True
2026-04-22 14:55:57,216 - mmseg - INFO - Config:
/mnt/data7t/lwj/mmseg_lwj/configs/_base_/models/upernet_beit.py
# --------------------------------------------------------
# BEIT: BERT Pre-Training of Image Transformers (https://arxiv.org/abs/2106.08254)
# Github source: https://github.com/microsoft/unilm/tree/master/beit
# Copyright (c) 2021 Microsoft
# Licensed under The MIT License [see LICENSE for details]
# By Hangbo Bao
# Based on timm, mmseg, setr, xcit and swin code bases
# https://github.com/rwightman/pytorch-image-models/tree/master/timm
# https://github.com/fudan-zvg/SETR
# https://github.com/facebookresearch/xcit/
# https://github.com/microsoft/Swin-Transformer
# --------------------------------------------------------'
norm_cfg = dict(type='SyncBN', requires_grad=True)
model = dict(
    type='EncoderDecoder',
    pretrained=None,
    backbone=dict(
        type='XCiT',
        patch_size=16,
        embed_dim=384,
        depth=12,
        num_heads=8,
        mlp_ratio=4,
        qkv_bias=True,
        use_abs_pos_emb=True,
        use_rel_pos_bias=False,
    ),
    decode_head=dict(
        type='UPerHead',
        in_channels=[384, 384, 384, 384],
        in_index=[0, 1, 2, 3],
        pool_scales=(1, 2, 3, 6),
        channels=512,
        dropout_ratio=0.1,
        num_classes=19,
        norm_cfg=norm_cfg,
        align_corners=False,
        loss_decode=dict(
            type='CrossEntropyLoss', use_sigmoid=False, loss_weight=1.0)),
    auxiliary_head=dict(
        type='FCNHead',
        in_channels=384,
        in_index=2,
        channels=256,
        num_convs=1,
        concat_input=False,
        dropout_ratio=0.1,
        num_classes=19,
        norm_cfg=norm_cfg,
        align_corners=False,
        loss_decode=dict(
            type='CrossEntropyLoss', use_sigmoid=False, loss_weight=0.4)),
    # model training and testing settings
    train_cfg=dict(),
    test_cfg=dict(mode='whole'))

/mnt/data7t/lwj/mmseg_lwj/configs/_base_/default_runtime.py
# yapf:disable
log_config = dict(
    interval=50,
    hooks=[
        dict(type='TextLoggerHook', by_epoch=False),
        # dict(type='TensorboardLoggerHook')
    ])
# yapf:enable
dist_params = dict(backend='nccl')
log_level = 'INFO'
load_from = None
resume_from = None
workflow = [('train', 1)]
cudnn_benchmark = True

/mnt/data7t/lwj/mmseg_lwj/configs/_base_/schedules/schedule_160k.py
# optimizer
optimizer = dict(type='SGD', lr=0.01, momentum=0.9, weight_decay=0.0005)
optimizer_config = dict()
# learning policy
lr_config = dict(policy='poly', power=0.9, min_lr=1e-4, by_epoch=False)
# runtime settings
runner = dict(type='IterBasedRunner', max_iters=160000)
checkpoint_config = dict(by_epoch=False, interval=16000)
evaluation = dict(interval=16000, metric='mIoU')

/mnt/data7t/lwj/mmseg_lwj/configs/itpn/pixel_upernet_itpn_base_12_512_slide_160k_air_polarsar2_amp_linux.py
_base_ = [
    '../_base_/models/upernet_beit.py', '../_base_/default_runtime.py',
    '../_base_/schedules/schedule_160k.py'
]

log_config = dict(
    interval=50, hooks=[dict(type='SafeTextLoggerHook', by_epoch=False)])

crop_size = (512, 512)

model = dict(
    pretrained='/mnt/data7t/lwj/mmseg_lwj/ckpt/base/checkpoint-1200.pth',
    backbone=dict(
        type='iTPN',
        img_size=512,
        patch_size=16,
        embed_dim=512,
        mlp_depth1=3,
        mlp_depth2=3,
        depth=24,
        num_heads=8,
        mlp_ratio=4,
        fpn_dim=256,
        fpn_depth=2,
        qkv_bias=True,
        ape=True,
        rpe=True,
        drop_path_rate=0.1,
        num_outs=4),
    decode_head=dict(
        in_channels=[384, 512, 768, 768],
        num_classes=6,
        channels=768,
        norm_cfg=dict(type='BN', requires_grad=True)),
    auxiliary_head=dict(
        in_channels=768,
        num_classes=6,
        norm_cfg=dict(type='BN', requires_grad=True)),
    test_cfg=dict(mode='slide', crop_size=crop_size, stride=(341, 341)))

img_norm_cfg = dict(
    mean=[53.7795, 53.7795, 53.7795],
    std=[55.539, 55.539, 55.539],
    to_rgb=True)

dataset_type = 'CustomDataset'
data_root = '/mnt/data7t/lwj/mmseg_lwj/data/AIR-PolarSAR-Seg-2.0'
train_root = f'{data_root}/train'
val_root = f'{data_root}/val'

classes = (
    'housing', 'industrial', 'natural', 'land_use', 'water', 'other')
palette = [
    [255, 255, 0],
    [0, 0, 255],
    [0, 255, 0],
    [255, 0, 0],
    [0, 255, 255],
    [255, 255, 255],
]

train_pipeline = [
    dict(type='LoadPolSARAmplitudeRGB'),
    dict(type='LoadAnnotations', reduce_zero_label=False),
    dict(type='Resize', img_scale=(512, 512), ratio_range=(0.5, 2.0)),
    dict(type='RandomCrop', crop_size=crop_size, cat_max_ratio=0.95),
    dict(type='RandomFlip', prob=0.5),
    dict(type='Normalize', **img_norm_cfg),
    dict(type='Pad', size=crop_size, pad_val=0, seg_pad_val=255),
    dict(type='DefaultFormatBundle'),
    dict(type='Collect', keys=['img', 'gt_semantic_seg']),
]

test_pipeline = [
    dict(type='LoadPolSARAmplitudeRGB'),
    dict(
        type='MultiScaleFlipAug',
        img_scale=(512, 512),
        flip=False,
        transforms=[
            dict(type='Resize', keep_ratio=True),
            dict(type='RandomFlip'),
            dict(type='Normalize', **img_norm_cfg),
            dict(type='ImageToTensor', keys=['img']),
            dict(type='Collect', keys=['img']),
        ])
]

data = dict(
    samples_per_gpu=2,
    workers_per_gpu=4,
    train=dict(
        type=dataset_type,
        data_root=train_root,
        img_dir='hh',
        ann_dir='gt',
        img_suffix='_hh_amp.tiff',
        seg_map_suffix='.tiff',
        classes=classes,
        palette=palette,
        pipeline=train_pipeline),
    val=dict(
        type=dataset_type,
        data_root=val_root,
        img_dir='hh',
        ann_dir='gt',
        img_suffix='_hh_amp.tiff',
        seg_map_suffix='.tiff',
        classes=classes,
        palette=palette,
        pipeline=test_pipeline),
    test=dict(
        type=dataset_type,
        data_root=val_root,
        img_dir='hh',
        ann_dir='gt',
        img_suffix='_hh_amp.tiff',
        seg_map_suffix='.tiff',
        classes=classes,
        palette=palette,
        pipeline=test_pipeline))

optimizer = dict(
    _delete_=True,
    type='AdamW',
    lr=3e-5,
    betas=(0.9, 0.999),
    weight_decay=0.05,
    constructor='iTPNLayerDecayOptimizerConstructor',
    paramwise_cfg=dict(num_layers=30, layer_decay_rate=0.90))

lr_config = dict(
    _delete_=True,
    policy='poly',
    warmup='linear',
    warmup_iters=1500,
    warmup_ratio=1e-6,
    power=1.0,
    min_lr=0.0,
    by_epoch=False)

runner = dict(type='IterBasedRunnerAmp')
fp16 = None
optimizer_config = dict(
    type='DistOptimizerHook',
    update_interval=1,
    grad_clip=None,
    coalesce=True,
    bucket_size_mb=-1,
    use_fp16=True)

evaluation = dict(interval=2000, metric='mIoU')

2026-04-22 14:55:59,728 - mmseg - WARNING - The model and loaded state dict do not match exactly

unexpected key in source state_dict: mask_token, decoder_pos_embed, hogs.simple_weights, hogs.SAR_Lay.weight_LBP1, hogs.SAR_Lay.weight_LBP2, hogs.SAR_Layer0.weight_x1, hogs.SAR_Layer0.weight_x2, hogs.SAR_Layer0.weight_y1, hogs.SAR_Layer0.weight_y2, hogs.SAR_Layer1.weight_x1, hogs.SAR_Layer1.weight_x2, hogs.SAR_Layer1.weight_y1, hogs.SAR_Layer1.weight_y2, hogs.SAR_Layer2.weight_x1, hogs.SAR_Layer2.weight_x2, hogs.SAR_Layer2.weight_y1, hogs.SAR_Layer2.weight_y2, hogs.SAR_Layer3.weight_x1, hogs.SAR_Layer3.weight_x2, hogs.SAR_Layer3.weight_y1, hogs.SAR_Layer3.weight_y2, hogs.SAR_Layer4.weight_x1, hogs.SAR_Layer4.weight_x2, hogs.SAR_Layer4.weight_y1, hogs.SAR_Layer4.weight_y2, decoder_embed.0.0.weight, decoder_embed.0.0.bias, decoder_embed.0.1.weight, decoder_embed.0.1.bias, decoder_embed.1.0.weight, decoder_embed.1.0.bias, decoder_embed.1.1.weight, decoder_embed.1.1.bias, decoder_embed.2.0.weight, decoder_embed.2.0.bias, decoder_embed.2.1.weight, decoder_embed.2.1.bias, decoder_blocks.0.norm1.weight, decoder_blocks.0.norm1.bias, decoder_blocks.0.attn.qkv.weight, decoder_blocks.0.attn.qkv.bias, decoder_blocks.0.attn.proj.weight, decoder_blocks.0.attn.proj.bias, decoder_blocks.0.norm2.weight, decoder_blocks.0.norm2.bias, decoder_blocks.0.mlp.fc1.weight, decoder_blocks.0.mlp.fc1.bias, decoder_blocks.0.mlp.fc2.weight, decoder_blocks.0.mlp.fc2.bias, decoder_blocks.1.norm1.weight, decoder_blocks.1.norm1.bias, decoder_blocks.1.attn.qkv.weight, decoder_blocks.1.attn.qkv.bias, decoder_blocks.1.attn.proj.weight, decoder_blocks.1.attn.proj.bias, decoder_blocks.1.norm2.weight, decoder_blocks.1.norm2.bias, decoder_blocks.1.mlp.fc1.weight, decoder_blocks.1.mlp.fc1.bias, decoder_blocks.1.mlp.fc2.weight, decoder_blocks.1.mlp.fc2.bias, decoder_blocks.2.norm1.weight, decoder_blocks.2.norm1.bias, decoder_blocks.2.attn.qkv.weight, decoder_blocks.2.attn.qkv.bias, decoder_blocks.2.attn.proj.weight, decoder_blocks.2.attn.proj.bias, decoder_blocks.2.norm2.weight, decoder_blocks.2.norm2.bias, decoder_blocks.2.mlp.fc1.weight, decoder_blocks.2.mlp.fc1.bias, decoder_blocks.2.mlp.fc2.weight, decoder_blocks.2.mlp.fc2.bias, decoder_blocks.3.norm1.weight, decoder_blocks.3.norm1.bias, decoder_blocks.3.attn.qkv.weight, decoder_blocks.3.attn.qkv.bias, decoder_blocks.3.attn.proj.weight, decoder_blocks.3.attn.proj.bias, decoder_blocks.3.norm2.weight, decoder_blocks.3.norm2.bias, decoder_blocks.3.mlp.fc1.weight, decoder_blocks.3.mlp.fc1.bias, decoder_blocks.3.mlp.fc2.weight, decoder_blocks.3.mlp.fc2.bias, decoder_blocks.4.norm1.weight, decoder_blocks.4.norm1.bias, decoder_blocks.4.attn.qkv.weight, decoder_blocks.4.attn.qkv.bias, decoder_blocks.4.attn.proj.weight, decoder_blocks.4.attn.proj.bias, decoder_blocks.4.norm2.weight, decoder_blocks.4.norm2.bias, decoder_blocks.4.mlp.fc1.weight, decoder_blocks.4.mlp.fc1.bias, decoder_blocks.4.mlp.fc2.weight, decoder_blocks.4.mlp.fc2.bias, decoder_blocks.5.norm1.weight, decoder_blocks.5.norm1.bias, decoder_blocks.5.attn.qkv.weight, decoder_blocks.5.attn.qkv.bias, decoder_blocks.5.attn.proj.weight, decoder_blocks.5.attn.proj.bias, decoder_blocks.5.norm2.weight, decoder_blocks.5.norm2.bias, decoder_blocks.5.mlp.fc1.weight, decoder_blocks.5.mlp.fc1.bias, decoder_blocks.5.mlp.fc2.weight, decoder_blocks.5.mlp.fc2.bias, decoder_blocks.6.norm1.weight, decoder_blocks.6.norm1.bias, decoder_blocks.6.attn.qkv.weight, decoder_blocks.6.attn.qkv.bias, decoder_blocks.6.attn.proj.weight, decoder_blocks.6.attn.proj.bias, decoder_blocks.6.norm2.weight, decoder_blocks.6.norm2.bias, decoder_blocks.6.mlp.fc1.weight, decoder_blocks.6.mlp.fc1.bias, decoder_blocks.6.mlp.fc2.weight, decoder_blocks.6.mlp.fc2.bias, decoder_blocks.7.norm1.weight, decoder_blocks.7.norm1.bias, decoder_blocks.7.attn.qkv.weight, decoder_blocks.7.attn.qkv.bias, decoder_blocks.7.attn.proj.weight, decoder_blocks.7.attn.proj.bias, decoder_blocks.7.norm2.weight, decoder_blocks.7.norm2.bias, decoder_blocks.7.mlp.fc1.weight, decoder_blocks.7.mlp.fc1.bias, decoder_blocks.7.mlp.fc2.weight, decoder_blocks.7.mlp.fc2.bias, decoder_norm.weight, decoder_norm.bias, decoder_pred.weight, decoder_pred.bias

missing keys in source state_dict: relative_position_index, blocks.8.attn.relative_position_bias_table, blocks.9.attn.relative_position_bias_table, blocks.10.attn.relative_position_bias_table, blocks.11.attn.relative_position_bias_table, blocks.12.attn.relative_position_bias_table, blocks.13.attn.relative_position_bias_table, blocks.14.attn.relative_position_bias_table, blocks.15.attn.relative_position_bias_table, blocks.16.attn.relative_position_bias_table, blocks.17.attn.relative_position_bias_table, blocks.18.attn.relative_position_bias_table, blocks.19.attn.relative_position_bias_table, blocks.20.attn.relative_position_bias_table, blocks.21.attn.relative_position_bias_table, blocks.22.attn.relative_position_bias_table, blocks.23.attn.relative_position_bias_table, blocks.24.attn.relative_position_bias_table, blocks.25.attn.relative_position_bias_table, blocks.26.attn.relative_position_bias_table, blocks.27.attn.relative_position_bias_table, blocks.28.attn.relative_position_bias_table, blocks.29.attn.relative_position_bias_table, blocks.30.attn.relative_position_bias_table, blocks.31.attn.relative_position_bias_table

2026-04-22 14:55:59,730 - mmseg - INFO - EncoderDecoder(
  (backbone): iTPN(
    (patch_embed): PatchEmbed(
      (proj): Conv2d(3, 128, kernel_size=[4, 4], stride=[4, 4])
      (norm): LayerNorm((128,), eps=1e-05, elementwise_affine=True)
    )
    (pos_drop): Dropout(p=0.0, inplace=False)
    (blocks): ModuleList(
      (0): BlockWithRPE(
        (drop_path): Identity()
        (norm2): LayerNorm((128,), eps=1e-05, elementwise_affine=True)
        (mlp): Mlp(
          (fc1): Linear(in_features=128, out_features=384, bias=True)
          (act): GELU()
          (fc2): Linear(in_features=384, out_features=128, bias=True)
          (drop): Dropout(p=0.0, inplace=False)
        )
      )
      (1): BlockWithRPE(
        (drop_path): DropPath()
        (norm2): LayerNorm((128,), eps=1e-05, elementwise_affine=True)
        (mlp): Mlp(
          (fc1): Linear(in_features=128, out_features=384, bias=True)
          (act): GELU()
          (fc2): Linear(in_features=384, out_features=128, bias=True)
          (drop): Dropout(p=0.0, inplace=False)
        )
      )
      (2): BlockWithRPE(
        (drop_path): DropPath()
        (norm2): LayerNorm((128,), eps=1e-05, elementwise_affine=True)
        (mlp): Mlp(
          (fc1): Linear(in_features=128, out_features=384, bias=True)
          (act): GELU()
          (fc2): Linear(in_features=384, out_features=128, bias=True)
          (drop): Dropout(p=0.0, inplace=False)
        )
      )
      (3): PatchMerge(
        (norm): LayerNorm((512,), eps=1e-05, elementwise_affine=True)
        (reduction): Linear(in_features=512, out_features=256, bias=False)
      )
      (4): BlockWithRPE(
        (drop_path): DropPath()
        (norm2): LayerNorm((256,), eps=1e-05, elementwise_affine=True)
        (mlp): Mlp(
          (fc1): Linear(in_features=256, out_features=768, bias=True)
          (act): GELU()
          (fc2): Linear(in_features=768, out_features=256, bias=True)
          (drop): Dropout(p=0.0, inplace=False)
        )
      )
      (5): BlockWithRPE(
        (drop_path): DropPath()
        (norm2): LayerNorm((256,), eps=1e-05, elementwise_affine=True)
        (mlp): Mlp(
          (fc1): Linear(in_features=256, out_features=768, bias=True)
          (act): GELU()
          (fc2): Linear(in_features=768, out_features=256, bias=True)
          (drop): Dropout(p=0.0, inplace=False)
        )
      )
      (6): BlockWithRPE(
        (drop_path): DropPath()
        (norm2): LayerNorm((256,), eps=1e-05, elementwise_affine=True)
        (mlp): Mlp(
          (fc1): Linear(in_features=256, out_features=768, bias=True)
          (act): GELU()
          (fc2): Linear(in_features=768, out_features=256, bias=True)
          (drop): Dropout(p=0.0, inplace=False)
        )
      )
      (7): PatchMerge(
        (norm): LayerNorm((1024,), eps=1e-05, elementwise_affine=True)
        (reduction): Linear(in_features=1024, out_features=512, bias=False)
      )
      (8): BlockWithRPE(
        (norm1): LayerNorm((512,), eps=1e-05, elementwise_affine=True)
        (attn): Attention(
          (qkv): Linear(in_features=512, out_features=1536, bias=True)
          (attn_drop): Dropout(p=0.0, inplace=False)
          (proj): Linear(in_features=512, out_features=512, bias=True)
          (proj_drop): Dropout(p=0.0, inplace=False)
          (softmax): Softmax(dim=-1)
        )
        (drop_path): DropPath()
        (norm2): LayerNorm((512,), eps=1e-05, elementwise_affine=True)
        (mlp): Mlp(
          (fc1): Linear(in_features=512, out_features=2048, bias=True)
          (act): GELU()
          (fc2): Linear(in_features=2048, out_features=512, bias=True)
          (drop): Dropout(p=0.0, inplace=False)
        )
      )
      (9): BlockWithRPE(
        (norm1): LayerNorm((512,), eps=1e-05, elementwise_affine=True)
        (attn): Attention(
          (qkv): Linear(in_features=512, out_features=1536, bias=True)
          (attn_drop): Dropout(p=0.0, inplace=False)
          (proj): Linear(in_features=512, out_features=512, bias=True)
          (proj_drop): Dropout(p=0.0, inplace=False)
          (softmax): Softmax(dim=-1)
        )
        (drop_path): DropPath()
        (norm2): LayerNorm((512,), eps=1e-05, elementwise_affine=True)
        (mlp): Mlp(
          (fc1): Linear(in_features=512, out_features=2048, bias=True)
          (act): GELU()
          (fc2): Linear(in_features=2048, out_features=512, bias=True)
          (drop): Dropout(p=0.0, inplace=False)
        )
      )
      (10): BlockWithRPE(
        (norm1): LayerNorm((512,), eps=1e-05, elementwise_affine=True)
        (attn): Attention(
          (qkv): Linear(in_features=512, out_features=1536, bias=True)
          (attn_drop): Dropout(p=0.0, inplace=False)
          (proj): Linear(in_features=512, out_features=512, bias=True)
          (proj_drop): Dropout(p=0.0, inplace=False)
          (softmax): Softmax(dim=-1)
        )
        (drop_path): DropPath()
        (norm2): LayerNorm((512,), eps=1e-05, elementwise_affine=True)
        (mlp): Mlp(
          (fc1): Linear(in_features=512, out_features=2048, bias=True)
          (act): GELU()
          (fc2): Linear(in_features=2048, out_features=512, bias=True)
          (drop): Dropout(p=0.0, inplace=False)
        )
      )
      (11): BlockWithRPE(
        (norm1): LayerNorm((512,), eps=1e-05, elementwise_affine=True)
        (attn): Attention(
          (qkv): Linear(in_features=512, out_features=1536, bias=True)
          (attn_drop): Dropout(p=0.0, inplace=False)
          (proj): Linear(in_features=512, out_features=512, bias=True)
          (proj_drop): Dropout(p=0.0, inplace=False)
          (softmax): Softmax(dim=-1)
        )
        (drop_path): DropPath()
        (norm2): LayerNorm((512,), eps=1e-05, elementwise_affine=True)
        (mlp): Mlp(
          (fc1): Linear(in_features=512, out_features=2048, bias=True)
          (act): GELU()
          (fc2): Linear(in_features=2048, out_features=512, bias=True)
          (drop): Dropout(p=0.0, inplace=False)
        )
      )
      (12): BlockWithRPE(
        (norm1): LayerNorm((512,), eps=1e-05, elementwise_affine=True)
        (attn): Attention(
          (qkv): Linear(in_features=512, out_features=1536, bias=True)
          (attn_drop): Dropout(p=0.0, inplace=False)
          (proj): Linear(in_features=512, out_features=512, bias=True)
          (proj_drop): Dropout(p=0.0, inplace=False)
          (softmax): Softmax(dim=-1)
        )
        (drop_path): DropPath()
        (norm2): LayerNorm((512,), eps=1e-05, elementwise_affine=True)
        (mlp): Mlp(
          (fc1): Linear(in_features=512, out_features=2048, bias=True)
          (act): GELU()
          (fc2): Linear(in_features=2048, out_features=512, bias=True)
          (drop): Dropout(p=0.0, inplace=False)
        )
      )
      (13): BlockWithRPE(
        (norm1): LayerNorm((512,), eps=1e-05, elementwise_affine=True)
        (attn): Attention(
          (qkv): Linear(in_features=512, out_features=1536, bias=True)
          (attn_drop): Dropout(p=0.0, inplace=False)
          (proj): Linear(in_features=512, out_features=512, bias=True)
          (proj_drop): Dropout(p=0.0, inplace=False)
          (softmax): Softmax(dim=-1)
        )
        (drop_path): DropPath()
        (norm2): LayerNorm((512,), eps=1e-05, elementwise_affine=True)
        (mlp): Mlp(
          (fc1): Linear(in_features=512, out_features=2048, bias=True)
          (act): GELU()
          (fc2): Linear(in_features=2048, out_features=512, bias=True)
          (drop): Dropout(p=0.0, inplace=False)
        )
      )
      (14): BlockWithRPE(
        (norm1): LayerNorm((512,), eps=1e-05, elementwise_affine=True)
        (attn): Attention(
          (qkv): Linear(in_features=512, out_features=1536, bias=True)
          (attn_drop): Dropout(p=0.0, inplace=False)
          (proj): Linear(in_features=512, out_features=512, bias=True)
          (proj_drop): Dropout(p=0.0, inplace=False)
          (softmax): Softmax(dim=-1)
        )
        (drop_path): DropPath()
        (norm2): LayerNorm((512,), eps=1e-05, elementwise_affine=True)
        (mlp): Mlp(
          (fc1): Linear(in_features=512, out_features=2048, bias=True)
          (act): GELU()
          (fc2): Linear(in_features=2048, out_features=512, bias=True)
          (drop): Dropout(p=0.0, inplace=False)
        )
      )
      (15): BlockWithRPE(
        (norm1): LayerNorm((512,), eps=1e-05, elementwise_affine=True)
        (attn): Attention(
          (qkv): Linear(in_features=512, out_features=1536, bias=True)
          (attn_drop): Dropout(p=0.0, inplace=False)
          (proj): Linear(in_features=512, out_features=512, bias=True)
          (proj_drop): Dropout(p=0.0, inplace=False)
          (softmax): Softmax(dim=-1)
        )
        (drop_path): DropPath()
        (norm2): LayerNorm((512,), eps=1e-05, elementwise_affine=True)
        (mlp): Mlp(
          (fc1): Linear(in_features=512, out_features=2048, bias=True)
          (act): GELU()
          (fc2): Linear(in_features=2048, out_features=512, bias=True)
          (drop): Dropout(p=0.0, inplace=False)
        )
      )
      (16): BlockWithRPE(
        (norm1): LayerNorm((512,), eps=1e-05, elementwise_affine=True)
        (attn): Attention(
          (qkv): Linear(in_features=512, out_features=1536, bias=True)
          (attn_drop): Dropout(p=0.0, inplace=False)
          (proj): Linear(in_features=512, out_features=512, bias=True)
          (proj_drop): Dropout(p=0.0, inplace=False)
          (softmax): Softmax(dim=-1)
        )
        (drop_path): DropPath()
        (norm2): LayerNorm((512,), eps=1e-05, elementwise_affine=True)
        (mlp): Mlp(
          (fc1): Linear(in_features=512, out_features=2048, bias=True)
          (act): GELU()
          (fc2): Linear(in_features=2048, out_features=512, bias=True)
          (drop): Dropout(p=0.0, inplace=False)
        )
      )
      (17): BlockWithRPE(
        (norm1): LayerNorm((512,), eps=1e-05, elementwise_affine=True)
        (attn): Attention(
          (qkv): Linear(in_features=512, out_features=1536, bias=True)
          (attn_drop): Dropout(p=0.0, inplace=False)
          (proj): Linear(in_features=512, out_features=512, bias=True)
          (proj_drop): Dropout(p=0.0, inplace=False)
          (softmax): Softmax(dim=-1)
        )
        (drop_path): DropPath()
        (norm2): LayerNorm((512,), eps=1e-05, elementwise_affine=True)
        (mlp): Mlp(
          (fc1): Linear(in_features=512, out_features=2048, bias=True)
          (act): GELU()
          (fc2): Linear(in_features=2048, out_features=512, bias=True)
          (drop): Dropout(p=0.0, inplace=False)
        )
      )
      (18): BlockWithRPE(
        (norm1): LayerNorm((512,), eps=1e-05, elementwise_affine=True)
        (attn): Attention(
          (qkv): Linear(in_features=512, out_features=1536, bias=True)
          (attn_drop): Dropout(p=0.0, inplace=False)
          (proj): Linear(in_features=512, out_features=512, bias=True)
          (proj_drop): Dropout(p=0.0, inplace=False)
          (softmax): Softmax(dim=-1)
        )
        (drop_path): DropPath()
        (norm2): LayerNorm((512,), eps=1e-05, elementwise_affine=True)
        (mlp): Mlp(
          (fc1): Linear(in_features=512, out_features=2048, bias=True)
          (act): GELU()
          (fc2): Linear(in_features=2048, out_features=512, bias=True)
          (drop): Dropout(p=0.0, inplace=False)
        )
      )
      (19): BlockWithRPE(
        (norm1): LayerNorm((512,), eps=1e-05, elementwise_affine=True)
        (attn): Attention(
          (qkv): Linear(in_features=512, out_features=1536, bias=True)
          (attn_drop): Dropout(p=0.0, inplace=False)
          (proj): Linear(in_features=512, out_features=512, bias=True)
          (proj_drop): Dropout(p=0.0, inplace=False)
          (softmax): Softmax(dim=-1)
        )
        (drop_path): DropPath()
        (norm2): LayerNorm((512,), eps=1e-05, elementwise_affine=True)
        (mlp): Mlp(
          (fc1): Linear(in_features=512, out_features=2048, bias=True)
          (act): GELU()
          (fc2): Linear(in_features=2048, out_features=512, bias=True)
          (drop): Dropout(p=0.0, inplace=False)
        )
      )
      (20): BlockWithRPE(
        (norm1): LayerNorm((512,), eps=1e-05, elementwise_affine=True)
        (attn): Attention(
          (qkv): Linear(in_features=512, out_features=1536, bias=True)
          (attn_drop): Dropout(p=0.0, inplace=False)
          (proj): Linear(in_features=512, out_features=512, bias=True)
          (proj_drop): Dropout(p=0.0, inplace=False)
          (softmax): Softmax(dim=-1)
        )
        (drop_path): DropPath()
        (norm2): LayerNorm((512,), eps=1e-05, elementwise_affine=True)
        (mlp): Mlp(
          (fc1): Linear(in_features=512, out_features=2048, bias=True)
          (act): GELU()
          (fc2): Linear(in_features=2048, out_features=512, bias=True)
          (drop): Dropout(p=0.0, inplace=False)
        )
      )
      (21): BlockWithRPE(
        (norm1): LayerNorm((512,), eps=1e-05, elementwise_affine=True)
        (attn): Attention(
          (qkv): Linear(in_features=512, out_features=1536, bias=True)
          (attn_drop): Dropout(p=0.0, inplace=False)
          (proj): Linear(in_features=512, out_features=512, bias=True)
          (proj_drop): Dropout(p=0.0, inplace=False)
          (softmax): Softmax(dim=-1)
        )
        (drop_path): DropPath()
        (norm2): LayerNorm((512,), eps=1e-05, elementwise_affine=True)
        (mlp): Mlp(
          (fc1): Linear(in_features=512, out_features=2048, bias=True)
          (act): GELU()
          (fc2): Linear(in_features=2048, out_features=512, bias=True)
          (drop): Dropout(p=0.0, inplace=False)
        )
      )
      (22): BlockWithRPE(
        (norm1): LayerNorm((512,), eps=1e-05, elementwise_affine=True)
        (attn): Attention(
          (qkv): Linear(in_features=512, out_features=1536, bias=True)
          (attn_drop): Dropout(p=0.0, inplace=False)
          (proj): Linear(in_features=512, out_features=512, bias=True)
          (proj_drop): Dropout(p=0.0, inplace=False)
          (softmax): Softmax(dim=-1)
        )
        (drop_path): DropPath()
        (norm2): LayerNorm((512,), eps=1e-05, elementwise_affine=True)
        (mlp): Mlp(
          (fc1): Linear(in_features=512, out_features=2048, bias=True)
          (act): GELU()
          (fc2): Linear(in_features=2048, out_features=512, bias=True)
          (drop): Dropout(p=0.0, inplace=False)
        )
      )
      (23): BlockWithRPE(
        (norm1): LayerNorm((512,), eps=1e-05, elementwise_affine=True)
        (attn): Attention(
          (qkv): Linear(in_features=512, out_features=1536, bias=True)
          (attn_drop): Dropout(p=0.0, inplace=False)
          (proj): Linear(in_features=512, out_features=512, bias=True)
          (proj_drop): Dropout(p=0.0, inplace=False)
          (softmax): Softmax(dim=-1)
        )
        (drop_path): DropPath()
        (norm2): LayerNorm((512,), eps=1e-05, elementwise_affine=True)
        (mlp): Mlp(
          (fc1): Linear(in_features=512, out_features=2048, bias=True)
          (act): GELU()
          (fc2): Linear(in_features=2048, out_features=512, bias=True)
          (drop): Dropout(p=0.0, inplace=False)
        )
      )
      (24): BlockWithRPE(
        (norm1): LayerNorm((512,), eps=1e-05, elementwise_affine=True)
        (attn): Attention(
          (qkv): Linear(in_features=512, out_features=1536, bias=True)
          (attn_drop): Dropout(p=0.0, inplace=False)
          (proj): Linear(in_features=512, out_features=512, bias=True)
          (proj_drop): Dropout(p=0.0, inplace=False)
          (softmax): Softmax(dim=-1)
        )
        (drop_path): DropPath()
        (norm2): LayerNorm((512,), eps=1e-05, elementwise_affine=True)
        (mlp): Mlp(
          (fc1): Linear(in_features=512, out_features=2048, bias=True)
          (act): GELU()
          (fc2): Linear(in_features=2048, out_features=512, bias=True)
          (drop): Dropout(p=0.0, inplace=False)
        )
      )
      (25): BlockWithRPE(
        (norm1): LayerNorm((512,), eps=1e-05, elementwise_affine=True)
        (attn): Attention(
          (qkv): Linear(in_features=512, out_features=1536, bias=True)
          (attn_drop): Dropout(p=0.0, inplace=False)
          (proj): Linear(in_features=512, out_features=512, bias=True)
          (proj_drop): Dropout(p=0.0, inplace=False)
          (softmax): Softmax(dim=-1)
        )
        (drop_path): DropPath()
        (norm2): LayerNorm((512,), eps=1e-05, elementwise_affine=True)
        (mlp): Mlp(
          (fc1): Linear(in_features=512, out_features=2048, bias=True)
          (act): GELU()
          (fc2): Linear(in_features=2048, out_features=512, bias=True)
          (drop): Dropout(p=0.0, inplace=False)
        )
      )
      (26): BlockWithRPE(
        (norm1): LayerNorm((512,), eps=1e-05, elementwise_affine=True)
        (attn): Attention(
          (qkv): Linear(in_features=512, out_features=1536, bias=True)
          (attn_drop): Dropout(p=0.0, inplace=False)
          (proj): Linear(in_features=512, out_features=512, bias=True)
          (proj_drop): Dropout(p=0.0, inplace=False)
          (softmax): Softmax(dim=-1)
        )
        (drop_path): DropPath()
        (norm2): LayerNorm((512,), eps=1e-05, elementwise_affine=True)
        (mlp): Mlp(
          (fc1): Linear(in_features=512, out_features=2048, bias=True)
          (act): GELU()
          (fc2): Linear(in_features=2048, out_features=512, bias=True)
          (drop): Dropout(p=0.0, inplace=False)
        )
      )
      (27): BlockWithRPE(
        (norm1): LayerNorm((512,), eps=1e-05, elementwise_affine=True)
        (attn): Attention(
          (qkv): Linear(in_features=512, out_features=1536, bias=True)
          (attn_drop): Dropout(p=0.0, inplace=False)
          (proj): Linear(in_features=512, out_features=512, bias=True)
          (proj_drop): Dropout(p=0.0, inplace=False)
          (softmax): Softmax(dim=-1)
        )
        (drop_path): DropPath()
        (norm2): LayerNorm((512,), eps=1e-05, elementwise_affine=True)
        (mlp): Mlp(
          (fc1): Linear(in_features=512, out_features=2048, bias=True)
          (act): GELU()
          (fc2): Linear(in_features=2048, out_features=512, bias=True)
          (drop): Dropout(p=0.0, inplace=False)
        )
      )
      (28): BlockWithRPE(
        (norm1): LayerNorm((512,), eps=1e-05, elementwise_affine=True)
        (attn): Attention(
          (qkv): Linear(in_features=512, out_features=1536, bias=True)
          (attn_drop): Dropout(p=0.0, inplace=False)
          (proj): Linear(in_features=512, out_features=512, bias=True)
          (proj_drop): Dropout(p=0.0, inplace=False)
          (softmax): Softmax(dim=-1)
        )
        (drop_path): DropPath()
        (norm2): LayerNorm((512,), eps=1e-05, elementwise_affine=True)
        (mlp): Mlp(
          (fc1): Linear(in_features=512, out_features=2048, bias=True)
          (act): GELU()
          (fc2): Linear(in_features=2048, out_features=512, bias=True)
          (drop): Dropout(p=0.0, inplace=False)
        )
      )
      (29): BlockWithRPE(
        (norm1): LayerNorm((512,), eps=1e-05, elementwise_affine=True)
        (attn): Attention(
          (qkv): Linear(in_features=512, out_features=1536, bias=True)
          (attn_drop): Dropout(p=0.0, inplace=False)
          (proj): Linear(in_features=512, out_features=512, bias=True)
          (proj_drop): Dropout(p=0.0, inplace=False)
          (softmax): Softmax(dim=-1)
        )
        (drop_path): DropPath()
        (norm2): LayerNorm((512,), eps=1e-05, elementwise_affine=True)
        (mlp): Mlp(
          (fc1): Linear(in_features=512, out_features=2048, bias=True)
          (act): GELU()
          (fc2): Linear(in_features=2048, out_features=512, bias=True)
          (drop): Dropout(p=0.0, inplace=False)
        )
      )
      (30): BlockWithRPE(
        (norm1): LayerNorm((512,), eps=1e-05, elementwise_affine=True)
        (attn): Attention(
          (qkv): Linear(in_features=512, out_features=1536, bias=True)
          (attn_drop): Dropout(p=0.0, inplace=False)
          (proj): Linear(in_features=512, out_features=512, bias=True)
          (proj_drop): Dropout(p=0.0, inplace=False)
          (softmax): Softmax(dim=-1)
        )
        (drop_path): DropPath()
        (norm2): LayerNorm((512,), eps=1e-05, elementwise_affine=True)
        (mlp): Mlp(
          (fc1): Linear(in_features=512, out_features=2048, bias=True)
          (act): GELU()
          (fc2): Linear(in_features=2048, out_features=512, bias=True)
          (drop): Dropout(p=0.0, inplace=False)
        )
      )
      (31): BlockWithRPE(
        (norm1): LayerNorm((512,), eps=1e-05, elementwise_affine=True)
        (attn): Attention(
          (qkv): Linear(in_features=512, out_features=1536, bias=True)
          (attn_drop): Dropout(p=0.0, inplace=False)
          (proj): Linear(in_features=512, out_features=512, bias=True)
          (proj_drop): Dropout(p=0.0, inplace=False)
          (softmax): Softmax(dim=-1)
        )
        (drop_path): DropPath()
        (norm2): LayerNorm((512,), eps=1e-05, elementwise_affine=True)
        (mlp): Mlp(
          (fc1): Linear(in_features=512, out_features=2048, bias=True)
          (act): GELU()
          (fc2): Linear(in_features=2048, out_features=512, bias=True)
          (drop): Dropout(p=0.0, inplace=False)
        )
      )
    )
    (align_dim_16tofpn): Linear(in_features=512, out_features=256, bias=True)
    (fpn_modules): ModuleList(
      (0): BlockWithRPE(
        (drop_path): Identity()
        (norm2): LayerNorm((256,), eps=1e-05, elementwise_affine=True)
        (mlp): Mlp(
          (fc1): Linear(in_features=256, out_features=1024, bias=True)
          (act): GELU()
          (fc2): Linear(in_features=1024, out_features=256, bias=True)
          (drop): Dropout(p=0.0, inplace=False)
        )
      )
      (1): BlockWithRPE(
        (drop_path): Identity()
        (norm2): LayerNorm((256,), eps=1e-05, elementwise_affine=True)
        (mlp): Mlp(
          (fc1): Linear(in_features=256, out_features=1024, bias=True)
          (act): GELU()
          (fc2): Linear(in_features=1024, out_features=256, bias=True)
          (drop): Dropout(p=0.0, inplace=False)
        )
      )
      (2): BlockWithRPE(
        (drop_path): Identity()
        (norm2): LayerNorm((256,), eps=1e-05, elementwise_affine=True)
        (mlp): Mlp(
          (fc1): Linear(in_features=256, out_features=1024, bias=True)
          (act): GELU()
          (fc2): Linear(in_features=1024, out_features=256, bias=True)
          (drop): Dropout(p=0.0, inplace=False)
        )
      )
    )
    (align_dim_16to8): Linear(in_features=256, out_features=256, bias=False)
    (split_16to8): PatchSplit(
      (norm): LayerNorm((512,), eps=1e-05, elementwise_affine=True)
      (reduction): Linear(in_features=512, out_features=1024, bias=False)
    )
    (block_16to8): Sequential(
      (0): BlockWithRPE(
        (drop_path): Identity()
        (norm2): LayerNorm((256,), eps=1e-05, elementwise_affine=True)
        (mlp): Mlp(
          (fc1): Linear(in_features=256, out_features=1024, bias=True)
          (act): GELU()
          (fc2): Linear(in_features=1024, out_features=256, bias=True)
          (drop): Dropout(p=0.0, inplace=False)
        )
      )
      (1): BlockWithRPE(
        (drop_path): Identity()
        (norm2): LayerNorm((256,), eps=1e-05, elementwise_affine=True)
        (mlp): Mlp(
          (fc1): Linear(in_features=256, out_features=1024, bias=True)
          (act): GELU()
          (fc2): Linear(in_features=1024, out_features=256, bias=True)
          (drop): Dropout(p=0.0, inplace=False)
        )
      )
    )
    (align_dim_8to4): Linear(in_features=128, out_features=256, bias=False)
    (split_8to4): PatchSplit(
      (norm): LayerNorm((256,), eps=1e-05, elementwise_affine=True)
      (reduction): Linear(in_features=256, out_features=1024, bias=False)
    )
    (block_8to4): Sequential(
      (0): BlockWithRPE(
        (drop_path): Identity()
        (norm2): LayerNorm((256,), eps=1e-05, elementwise_affine=True)
        (mlp): Mlp(
          (fc1): Linear(in_features=256, out_features=1024, bias=True)
          (act): GELU()
          (fc2): Linear(in_features=1024, out_features=256, bias=True)
          (drop): Dropout(p=0.0, inplace=False)
        )
      )
      (1): BlockWithRPE(
        (drop_path): Identity()
        (norm2): LayerNorm((256,), eps=1e-05, elementwise_affine=True)
        (mlp): Mlp(
          (fc1): Linear(in_features=256, out_features=1024, bias=True)
          (act): GELU()
          (fc2): Linear(in_features=1024, out_features=256, bias=True)
          (drop): Dropout(p=0.0, inplace=False)
        )
      )
    )
  )
  (decode_head): UPerHead(
    input_transform=multiple_select, ignore_index=255, align_corners=False
    (loss_decode): CrossEntropyLoss()
    (conv_seg): Conv2d(768, 6, kernel_size=(1, 1), stride=(1, 1))
    (dropout): Dropout2d(p=0.1, inplace=False)
    (psp_modules): PPM(
      (0): Sequential(
        (0): AdaptiveAvgPool2d(output_size=1)
        (1): ConvModule(
          (conv): Conv2d(768, 768, kernel_size=(1, 1), stride=(1, 1), bias=False)
          (bn): BatchNorm2d(768, eps=1e-05, momentum=0.1, affine=True, track_running_stats=True)
          (activate): ReLU(inplace=True)
        )
      )
      (1): Sequential(
        (0): AdaptiveAvgPool2d(output_size=2)
        (1): ConvModule(
          (conv): Conv2d(768, 768, kernel_size=(1, 1), stride=(1, 1), bias=False)
          (bn): BatchNorm2d(768, eps=1e-05, momentum=0.1, affine=True, track_running_stats=True)
          (activate): ReLU(inplace=True)
        )
      )
      (2): Sequential(
        (0): AdaptiveAvgPool2d(output_size=3)
        (1): ConvModule(
          (conv): Conv2d(768, 768, kernel_size=(1, 1), stride=(1, 1), bias=False)
          (bn): BatchNorm2d(768, eps=1e-05, momentum=0.1, affine=True, track_running_stats=True)
          (activate): ReLU(inplace=True)
        )
      )
      (3): Sequential(
        (0): AdaptiveAvgPool2d(output_size=6)
        (1): ConvModule(
          (conv): Conv2d(768, 768, kernel_size=(1, 1), stride=(1, 1), bias=False)
          (bn): BatchNorm2d(768, eps=1e-05, momentum=0.1, affine=True, track_running_stats=True)
          (activate): ReLU(inplace=True)
        )
      )
    )
    (bottleneck): ConvModule(
      (conv): Conv2d(3840, 768, kernel_size=(3, 3), stride=(1, 1), padding=(1, 1), bias=False)
      (bn): BatchNorm2d(768, eps=1e-05, momentum=0.1, affine=True, track_running_stats=True)
      (activate): ReLU(inplace=True)
    )
    (lateral_convs): ModuleList(
      (0): ConvModule(
        (conv): Conv2d(384, 768, kernel_size=(1, 1), stride=(1, 1), bias=False)
        (bn): BatchNorm2d(768, eps=1e-05, momentum=0.1, affine=True, track_running_stats=True)
        (activate): ReLU()
      )
      (1): ConvModule(
        (conv): Conv2d(512, 768, kernel_size=(1, 1), stride=(1, 1), bias=False)
        (bn): BatchNorm2d(768, eps=1e-05, momentum=0.1, affine=True, track_running_stats=True)
        (activate): ReLU()
      )
      (2): ConvModule(
        (conv): Conv2d(768, 768, kernel_size=(1, 1), stride=(1, 1), bias=False)
        (bn): BatchNorm2d(768, eps=1e-05, momentum=0.1, affine=True, track_running_stats=True)
        (activate): ReLU()
      )
    )
    (fpn_convs): ModuleList(
      (0): ConvModule(
        (conv): Conv2d(768, 768, kernel_size=(3, 3), stride=(1, 1), padding=(1, 1), bias=False)
        (bn): BatchNorm2d(768, eps=1e-05, momentum=0.1, affine=True, track_running_stats=True)
        (activate): ReLU()
      )
      (1): ConvModule(
        (conv): Conv2d(768, 768, kernel_size=(3, 3), stride=(1, 1), padding=(1, 1), bias=False)
        (bn): BatchNorm2d(768, eps=1e-05, momentum=0.1, affine=True, track_running_stats=True)
        (activate): ReLU()
      )
      (2): ConvModule(
        (conv): Conv2d(768, 768, kernel_size=(3, 3), stride=(1, 1), padding=(1, 1), bias=False)
        (bn): BatchNorm2d(768, eps=1e-05, momentum=0.1, affine=True, track_running_stats=True)
        (activate): ReLU()
      )
    )
    (fpn_bottleneck): ConvModule(
      (conv): Conv2d(3072, 768, kernel_size=(3, 3), stride=(1, 1), padding=(1, 1), bias=False)
      (bn): BatchNorm2d(768, eps=1e-05, momentum=0.1, affine=True, track_running_stats=True)
      (activate): ReLU(inplace=True)
    )
  )
  (auxiliary_head): FCNHead(
    input_transform=None, ignore_index=255, align_corners=False
    (loss_decode): CrossEntropyLoss()
    (conv_seg): Conv2d(256, 6, kernel_size=(1, 1), stride=(1, 1))
    (dropout): Dropout2d(p=0.1, inplace=False)
    (convs): Sequential(
      (0): ConvModule(
        (conv): Conv2d(768, 256, kernel_size=(3, 3), stride=(1, 1), padding=(1, 1), bias=False)
        (bn): BatchNorm2d(256, eps=1e-05, momentum=0.1, affine=True, track_running_stats=True)
        (activate): ReLU(inplace=True)
      )
    )
  )
)
2026-04-22 14:55:59,766 - mmseg - INFO - Loaded 1233 images
2026-04-22 14:55:59,831 - mmseg - WARNING - apex is not installed, fallback to FP32 training.
2026-04-22 14:56:03,345 - mmseg - INFO - Loaded 309 images
2026-04-22 14:56:03,345 - mmseg - INFO - Start running, host: test@test, work_dir: /mnt/data7t/lwj/mmseg_lwj/work_dirs/itpn_air_polarsar2_amp_linux
2026-04-22 14:56:03,345 - mmseg - INFO - Hooks will be executed in the following order:
before_run:
(VERY_HIGH   ) PolyLrUpdaterHook                  
(ABOVE_NORMAL) DistOptimizerHook                  
(NORMAL      ) CheckpointHook                     
(VERY_LOW    ) SafeTextLoggerHook                 
 -------------------- 
before_train_epoch:
(VERY_HIGH   ) PolyLrUpdaterHook                  
(LOW         ) IterTimerHook                      
(VERY_LOW    ) SafeTextLoggerHook                 
 -------------------- 
before_train_iter:
(VERY_HIGH   ) PolyLrUpdaterHook                  
(LOW         ) IterTimerHook                      
 -------------------- 
after_train_iter:
(ABOVE_NORMAL) DistOptimizerHook                  
(NORMAL      ) CheckpointHook                     
(NORMAL      ) DistEvalHook                       
(LOW         ) IterTimerHook                      
(VERY_LOW    ) SafeTextLoggerHook                 
 -------------------- 
after_train_epoch:
(NORMAL      ) CheckpointHook                     
(NORMAL      ) DistEvalHook                       
(VERY_LOW    ) SafeTextLoggerHook                 
 -------------------- 
before_val_epoch:
(LOW         ) IterTimerHook                      
(VERY_LOW    ) SafeTextLoggerHook                 
 -------------------- 
before_val_iter:
(LOW         ) IterTimerHook                      
 -------------------- 
after_val_iter:
(LOW         ) IterTimerHook                      
 -------------------- 
after_val_epoch:
(VERY_LOW    ) SafeTextLoggerHook                 
 -------------------- 
after_run:
(VERY_LOW    ) SafeTextLoggerHook                 
 -------------------- 
2026-04-22 14:56:03,345 - mmseg - INFO - workflow: [('train', 1)], max: 160000 iters
2026-04-22 14:56:03,346 - mmseg - INFO - Checkpoints will be saved to /mnt/data7t/lwj/mmseg_lwj/work_dirs/itpn_air_polarsar2_amp_linux by HardDiskBackend.
2026-04-22 14:56:30,922 - mmseg - INFO - Iter [50/160000]	lr: 2.599e-07, eta: 15:23:20, time: 0.346, data_time: 0.006, memory: 22330, decode.loss_seg: 1.5415, decode.acc_seg: 16.5298, aux.loss_seg: 0.6213, aux.acc_seg: 17.8962, loss: 2.1628
2026-04-22 14:56:58,364 - mmseg - INFO - Iter [100/160000]	lr: 5.250e-07, eta: 19:52:48, time: 0.549, data_time: 0.254, memory: 22330, decode.loss_seg: 1.4764, decode.acc_seg: 28.2175, aux.loss_seg: 0.6178, aux.acc_seg: 18.7110, loss: 2.0942
2026-04-22 14:57:13,113 - mmseg - INFO - Iter [150/160000]	lr: 7.899e-07, eta: 17:36:55, time: 0.295, data_time: 0.003, memory: 22330, decode.loss_seg: 1.3596, decode.acc_seg: 42.9992, aux.loss_seg: 0.6126, aux.acc_seg: 23.4067, loss: 1.9722
2026-04-22 14:57:40,745 - mmseg - INFO - Iter [200/160000]	lr: 1.055e-06, eta: 19:20:24, time: 0.553, data_time: 0.255, memory: 22330, decode.loss_seg: 1.2443, decode.acc_seg: 47.6562, aux.loss_seg: 0.6049, aux.acc_seg: 29.9345, loss: 1.8492
2026-04-22 14:58:08,354 - mmseg - INFO - Iter [250/160000]	lr: 1.319e-06, eta: 20:22:02, time: 0.552, data_time: 0.257, memory: 22330, decode.loss_seg: 1.0926, decode.acc_seg: 51.2983, aux.loss_seg: 0.5833, aux.acc_seg: 36.9729, loss: 1.6759
2026-04-22 14:58:23,106 - mmseg - INFO - Iter [300/160000]	lr: 1.584e-06, eta: 19:08:55, time: 0.295, data_time: 0.003, memory: 22330, decode.loss_seg: 1.0473, decode.acc_seg: 52.7282, aux.loss_seg: 0.5810, aux.acc_seg: 43.1507, loss: 1.6284
2026-04-22 14:58:50,702 - mmseg - INFO - Iter [350/160000]	lr: 1.848e-06, eta: 19:54:17, time: 0.552, data_time: 0.254, memory: 22330, decode.loss_seg: 0.9654, decode.acc_seg: 54.0497, aux.loss_seg: 0.5579, aux.acc_seg: 46.4089, loss: 1.5233
2026-04-22 14:59:18,257 - mmseg - INFO - Iter [400/160000]	lr: 2.112e-06, eta: 20:27:54, time: 0.551, data_time: 0.255, memory: 22330, decode.loss_seg: 0.9439, decode.acc_seg: 55.4997, aux.loss_seg: 0.5470, aux.acc_seg: 47.3510, loss: 1.4909
2026-04-22 14:59:32,988 - mmseg - INFO - Iter [450/160000]	lr: 2.376e-06, eta: 19:38:11, time: 0.295, data_time: 0.003, memory: 22330, decode.loss_seg: 0.9195, decode.acc_seg: 58.1625, aux.loss_seg: 0.5373, aux.acc_seg: 49.7752, loss: 1.4568
2026-04-22 15:00:00,533 - mmseg - INFO - Iter [500/160000]	lr: 2.639e-06, eta: 20:06:28, time: 0.551, data_time: 0.256, memory: 22330, decode.loss_seg: 0.8791, decode.acc_seg: 58.5793, aux.loss_seg: 0.5132, aux.acc_seg: 51.4781, loss: 1.3923
2026-04-22 15:00:27,991 - mmseg - INFO - Iter [550/160000]	lr: 2.903e-06, eta: 20:29:07, time: 0.549, data_time: 0.254, memory: 22330, decode.loss_seg: 0.8525, decode.acc_seg: 59.6329, aux.loss_seg: 0.4943, aux.acc_seg: 52.5514, loss: 1.3468
2026-04-22 15:00:42,711 - mmseg - INFO - Iter [600/160000]	lr: 3.166e-06, eta: 19:51:30, time: 0.294, data_time: 0.003, memory: 22330, decode.loss_seg: 0.8208, decode.acc_seg: 58.4913, aux.loss_seg: 0.4662, aux.acc_seg: 51.4834, loss: 1.2870
2026-04-22 15:01:10,227 - mmseg - INFO - Iter [650/160000]	lr: 3.430e-06, eta: 20:11:56, time: 0.550, data_time: 0.253, memory: 22330, decode.loss_seg: 0.7952, decode.acc_seg: 59.8916, aux.loss_seg: 0.4489, aux.acc_seg: 53.7628, loss: 1.2441
2026-04-22 15:01:37,788 - mmseg - INFO - Iter [700/160000]	lr: 3.693e-06, eta: 20:29:33, time: 0.551, data_time: 0.257, memory: 22330, decode.loss_seg: 0.7842, decode.acc_seg: 60.2243, aux.loss_seg: 0.4404, aux.acc_seg: 53.9546, loss: 1.2246
2026-04-22 15:01:52,527 - mmseg - INFO - Iter [750/160000]	lr: 3.956e-06, eta: 19:59:23, time: 0.295, data_time: 0.003, memory: 22330, decode.loss_seg: 0.7649, decode.acc_seg: 60.2604, aux.loss_seg: 0.4209, aux.acc_seg: 55.2200, loss: 1.1858
2026-04-22 15:02:20,098 - mmseg - INFO - Iter [800/160000]	lr: 4.218e-06, eta: 20:15:30, time: 0.551, data_time: 0.254, memory: 22330, decode.loss_seg: 0.7481, decode.acc_seg: 60.6927, aux.loss_seg: 0.4104, aux.acc_seg: 55.5010, loss: 1.1585
2026-04-22 15:02:47,643 - mmseg - INFO - Iter [850/160000]	lr: 4.481e-06, eta: 20:29:36, time: 0.551, data_time: 0.257, memory: 22330, decode.loss_seg: 0.7186, decode.acc_seg: 61.0377, aux.loss_seg: 0.3954, aux.acc_seg: 56.0571, loss: 1.1140
2026-04-22 15:03:02,389 - mmseg - INFO - Iter [900/160000]	lr: 4.743e-06, eta: 20:04:22, time: 0.295, data_time: 0.003, memory: 22330, decode.loss_seg: 0.7208, decode.acc_seg: 61.7495, aux.loss_seg: 0.3955, aux.acc_seg: 56.1195, loss: 1.1163
2026-04-22 15:03:30,118 - mmseg - INFO - Iter [950/160000]	lr: 5.006e-06, eta: 20:18:00, time: 0.555, data_time: 0.252, memory: 22330, decode.loss_seg: 0.6736, decode.acc_seg: 62.7800, aux.loss_seg: 0.3736, aux.acc_seg: 57.8976, loss: 1.0472
2026-04-22 15:03:44,854 - mmseg - INFO - Exp name: pixel_upernet_itpn_base_12_512_slide_160k_air_polarsar2_amp_linux.py
2026-04-22 15:03:44,854 - mmseg - INFO - Iter [1000/160000]	lr: 5.268e-06, eta: 19:55:47, time: 0.295, data_time: 0.003, memory: 22330, decode.loss_seg: 0.6984, decode.acc_seg: 62.8526, aux.loss_seg: 0.3752, aux.acc_seg: 58.2283, loss: 1.0735
2026-04-22 15:04:12,398 - mmseg - INFO - Iter [1050/160000]	lr: 5.530e-06, eta: 20:07:58, time: 0.551, data_time: 0.253, memory: 22330, decode.loss_seg: 0.6638, decode.acc_seg: 61.7052, aux.loss_seg: 0.3575, aux.acc_seg: 57.0532, loss: 1.0212
2026-04-22 15:04:39,983 - mmseg - INFO - Iter [1100/160000]	lr: 5.791e-06, eta: 20:19:07, time: 0.552, data_time: 0.258, memory: 22330, decode.loss_seg: 0.6574, decode.acc_seg: 62.5465, aux.loss_seg: 0.3559, aux.acc_seg: 58.0698, loss: 1.0134
2026-04-22 15:04:54,706 - mmseg - INFO - Iter [1150/160000]	lr: 6.053e-06, eta: 19:59:38, time: 0.294, data_time: 0.003, memory: 22330, decode.loss_seg: 0.6493, decode.acc_seg: 63.7892, aux.loss_seg: 0.3530, aux.acc_seg: 59.0982, loss: 1.0023
2026-04-22 15:05:22,266 - mmseg - INFO - Iter [1200/160000]	lr: 6.314e-06, eta: 20:10:05, time: 0.551, data_time: 0.255, memory: 22330, decode.loss_seg: 0.6177, decode.acc_seg: 64.5324, aux.loss_seg: 0.3387, aux.acc_seg: 59.6722, loss: 0.9564
2026-04-22 15:05:49,746 - mmseg - INFO - Iter [1250/160000]	lr: 6.576e-06, eta: 20:19:28, time: 0.550, data_time: 0.254, memory: 22330, decode.loss_seg: 0.6453, decode.acc_seg: 64.1700, aux.loss_seg: 0.3431, aux.acc_seg: 59.7042, loss: 0.9884
2026-04-22 15:06:04,511 - mmseg - INFO - Iter [1300/160000]	lr: 6.837e-06, eta: 20:02:14, time: 0.295, data_time: 0.003, memory: 22330, decode.loss_seg: 0.6428, decode.acc_seg: 64.8586, aux.loss_seg: 0.3431, aux.acc_seg: 59.9627, loss: 0.9859
2026-04-22 15:06:32,154 - mmseg - INFO - Iter [1350/160000]	lr: 7.098e-06, eta: 20:11:29, time: 0.553, data_time: 0.261, memory: 22330, decode.loss_seg: 0.6017, decode.acc_seg: 65.0926, aux.loss_seg: 0.3219, aux.acc_seg: 60.2863, loss: 0.9236
2026-04-22 15:06:59,773 - mmseg - INFO - Iter [1400/160000]	lr: 7.358e-06, eta: 20:20:00, time: 0.552, data_time: 0.256, memory: 22330, decode.loss_seg: 0.6273, decode.acc_seg: 65.3597, aux.loss_seg: 0.3313, aux.acc_seg: 60.4227, loss: 0.9586
2026-04-22 15:07:14,542 - mmseg - INFO - Iter [1450/160000]	lr: 7.619e-06, eta: 20:04:28, time: 0.295, data_time: 0.003, memory: 22330, decode.loss_seg: 0.6232, decode.acc_seg: 65.7222, aux.loss_seg: 0.3282, aux.acc_seg: 61.2646, loss: 0.9515
2026-04-22 15:07:42,040 - mmseg - INFO - Iter [1500/160000]	lr: 7.879e-06, eta: 20:12:23, time: 0.550, data_time: 0.255, memory: 22330, decode.loss_seg: 0.5785, decode.acc_seg: 65.1767, aux.loss_seg: 0.3090, aux.acc_seg: 61.1065, loss: 0.8875
2026-04-22 15:08:09,674 - mmseg - INFO - Iter [1550/160000]	lr: 7.882e-06, eta: 20:19:59, time: 0.553, data_time: 0.257, memory: 22330, decode.loss_seg: 0.5886, decode.acc_seg: 65.9472, aux.loss_seg: 0.3100, aux.acc_seg: 61.9335, loss: 0.8986
2026-04-22 15:08:24,392 - mmseg - INFO - Iter [1600/160000]	lr: 7.880e-06, eta: 20:05:46, time: 0.294, data_time: 0.003, memory: 22330, decode.loss_seg: 0.5930, decode.acc_seg: 65.8562, aux.loss_seg: 0.3082, aux.acc_seg: 61.7844, loss: 0.9013
2026-04-22 15:08:51,974 - mmseg - INFO - Iter [1650/160000]	lr: 7.877e-06, eta: 20:12:59, time: 0.552, data_time: 0.258, memory: 22330, decode.loss_seg: 0.5856, decode.acc_seg: 66.3912, aux.loss_seg: 0.3072, aux.acc_seg: 62.0807, loss: 0.8928
2026-04-22 15:09:19,448 - mmseg - INFO - Iter [1700/160000]	lr: 7.875e-06, eta: 20:19:34, time: 0.549, data_time: 0.256, memory: 22330, decode.loss_seg: 0.5603, decode.acc_seg: 67.3777, aux.loss_seg: 0.2936, aux.acc_seg: 63.8705, loss: 0.8538
2026-04-22 15:09:34,245 - mmseg - INFO - Iter [1750/160000]	lr: 7.872e-06, eta: 20:06:39, time: 0.296, data_time: 0.003, memory: 22330, decode.loss_seg: 0.5516, decode.acc_seg: 67.8921, aux.loss_seg: 0.2899, aux.acc_seg: 64.3333, loss: 0.8415
2026-04-22 15:10:01,744 - mmseg - INFO - Iter [1800/160000]	lr: 7.870e-06, eta: 20:13:03, time: 0.550, data_time: 0.255, memory: 22330, decode.loss_seg: 0.5506, decode.acc_seg: 66.2588, aux.loss_seg: 0.2838, aux.acc_seg: 62.7897, loss: 0.8344
2026-04-22 15:10:29,304 - mmseg - INFO - Iter [1850/160000]	lr: 7.867e-06, eta: 20:19:09, time: 0.551, data_time: 0.255, memory: 22330, decode.loss_seg: 0.5752, decode.acc_seg: 67.0684, aux.loss_seg: 0.2932, aux.acc_seg: 63.0070, loss: 0.8684
2026-04-22 15:10:44,028 - mmseg - INFO - Iter [1900/160000]	lr: 7.865e-06, eta: 20:07:07, time: 0.294, data_time: 0.003, memory: 22330, decode.loss_seg: 0.5403, decode.acc_seg: 68.0091, aux.loss_seg: 0.2821, aux.acc_seg: 64.2097, loss: 0.8223
2026-04-22 15:11:11,576 - mmseg - INFO - Iter [1950/160000]	lr: 7.862e-06, eta: 20:13:00, time: 0.551, data_time: 0.256, memory: 22330, decode.loss_seg: 0.5479, decode.acc_seg: 68.3410, aux.loss_seg: 0.2828, aux.acc_seg: 64.9771, loss: 0.8307
2026-04-22 15:11:34,874 - mmseg - INFO - per class results:
2026-04-22 15:11:34,875 - mmseg - INFO - 
+------------+-------+-------+
| Class      | IoU   | Acc   |
+------------+-------+-------+
| housing    | 80.61 | 87.23 |
| industrial | 69.28 | 82.96 |
| natural    | 35.55 | 46.83 |
| land_use   | 30.25 | 36.52 |
| water      | 71.78 | 87.08 |
| other      | 81.3  | 91.73 |
+------------+-------+-------+
2026-04-22 15:11:34,875 - mmseg - INFO - Summary:
2026-04-22 15:11:34,875 - mmseg - INFO - 
+--------+-------+-------+------+
| Scope  | mIoU  | mAcc  | aAcc |
+--------+-------+-------+------+
| global | 61.46 | 72.06 | 80.8 |
+--------+-------+-------+------+
2026-04-22 15:11:34,901 - mmseg - INFO - Exp name: pixel_upernet_itpn_base_12_512_slide_160k_air_polarsar2_amp_linux.py
2026-04-22 15:11:34,901 - mmseg - INFO - Iter [2000/160000]	lr: 7.860e-06, eta: 1 day, 5:27:19, time: 8.886, data_time: 0.000, memory: 22330, mIoU: 0.6146, mAcc: 0.7206, aAcc: 0.8080
2026-04-22 15:12:02,522 - mmseg - INFO - Iter [2050/160000]	lr: 7.857e-06, eta: 1 day, 5:19:07, time: 0.552, data_time: 0.257, memory: 22330, decode.loss_seg: 0.5235, decode.acc_seg: 67.5444, aux.loss_seg: 0.2693, aux.acc_seg: 64.1765, loss: 0.7929
2026-04-22 15:12:30,281 - mmseg - INFO - Iter [2100/160000]	lr: 7.855e-06, eta: 1 day, 5:11:29, time: 0.555, data_time: 0.257, memory: 22330, decode.loss_seg: 0.5193, decode.acc_seg: 66.9948, aux.loss_seg: 0.2638, aux.acc_seg: 63.6310, loss: 0.7831
2026-04-22 15:12:45,059 - mmseg - INFO - Iter [2150/160000]	lr: 7.852e-06, eta: 1 day, 4:48:17, time: 0.296, data_time: 0.003, memory: 22330, decode.loss_seg: 0.5430, decode.acc_seg: 66.3889, aux.loss_seg: 0.2742, aux.acc_seg: 62.6405, loss: 0.8172
2026-04-22 15:13:12,679 - mmseg - INFO - Iter [2200/160000]	lr: 7.850e-06, eta: 1 day, 4:41:30, time: 0.552, data_time: 0.258, memory: 22330, decode.loss_seg: 0.5340, decode.acc_seg: 66.9891, aux.loss_seg: 0.2688, aux.acc_seg: 63.4853, loss: 0.8028
2026-04-22 15:13:40,304 - mmseg - INFO - Iter [2250/160000]	lr: 7.847e-06, eta: 1 day, 4:34:59, time: 0.552, data_time: 0.256, memory: 22330, decode.loss_seg: 0.5092, decode.acc_seg: 68.3611, aux.loss_seg: 0.2607, aux.acc_seg: 65.0238, loss: 0.7698
2026-04-22 15:13:55,100 - mmseg - INFO - Iter [2300/160000]	lr: 7.845e-06, eta: 1 day, 4:14:05, time: 0.296, data_time: 0.003, memory: 22330, decode.loss_seg: 0.5187, decode.acc_seg: 69.0739, aux.loss_seg: 0.2644, aux.acc_seg: 65.5895, loss: 0.7831
2026-04-22 15:14:22,901 - mmseg - INFO - Iter [2350/160000]	lr: 7.842e-06, eta: 1 day, 4:08:35, time: 0.556, data_time: 0.255, memory: 22330, decode.loss_seg: 0.5080, decode.acc_seg: 68.6634, aux.loss_seg: 0.2572, aux.acc_seg: 65.4965, loss: 0.7652
2026-04-22 15:14:57,209 - mmseg - INFO - Iter [2400/160000]	lr: 7.840e-06, eta: 1 day, 4:10:26, time: 0.686, data_time: 0.367, memory: 22330, decode.loss_seg: 0.4931, decode.acc_seg: 68.1755, aux.loss_seg: 0.2551, aux.acc_seg: 64.3931, loss: 0.7482
2026-04-22 15:15:12,541 - mmseg - INFO - Iter [2450/160000]	lr: 7.837e-06, eta: 1 day, 3:51:51, time: 0.307, data_time: 0.004, memory: 22330, decode.loss_seg: 0.4955, decode.acc_seg: 67.5557, aux.loss_seg: 0.2513, aux.acc_seg: 64.0397, loss: 0.7468
2026-04-22 15:15:46,915 - mmseg - INFO - Iter [2500/160000]	lr: 7.835e-06, eta: 1 day, 3:53:59, time: 0.687, data_time: 0.372, memory: 22330, decode.loss_seg: 0.5149, decode.acc_seg: 67.5350, aux.loss_seg: 0.2612, aux.acc_seg: 64.0057, loss: 0.7761
2026-04-22 15:16:21,880 - mmseg - INFO - Iter [2550/160000]	lr: 7.832e-06, eta: 1 day, 3:56:37, time: 0.699, data_time: 0.379, memory: 22330, decode.loss_seg: 0.5046, decode.acc_seg: 68.7551, aux.loss_seg: 0.2546, aux.acc_seg: 65.3855, loss: 0.7593
2026-04-22 15:16:37,239 - mmseg - INFO - Iter [2600/160000]	lr: 7.830e-06, eta: 1 day, 3:39:21, time: 0.307, data_time: 0.004, memory: 22330, decode.loss_seg: 0.5062, decode.acc_seg: 69.4941, aux.loss_seg: 0.2581, aux.acc_seg: 65.6346, loss: 0.7642
2026-04-22 15:17:13,742 - mmseg - INFO - Iter [2650/160000]	lr: 7.827e-06, eta: 1 day, 3:43:39, time: 0.730, data_time: 0.376, memory: 22330, decode.loss_seg: 0.4827, decode.acc_seg: 69.5146, aux.loss_seg: 0.2451, aux.acc_seg: 66.0456, loss: 0.7279
2026-04-22 15:17:48,854 - mmseg - INFO - Iter [2700/160000]	lr: 7.825e-06, eta: 1 day, 3:46:25, time: 0.702, data_time: 0.331, memory: 22330, decode.loss_seg: 0.4946, decode.acc_seg: 69.5080, aux.loss_seg: 0.2488, aux.acc_seg: 66.2841, loss: 0.7434
2026-04-22 15:18:04,199 - mmseg - INFO - Iter [2750/160000]	lr: 7.822e-06, eta: 1 day, 3:30:13, time: 0.307, data_time: 0.003, memory: 22330, decode.loss_seg: 0.4889, decode.acc_seg: 69.0199, aux.loss_seg: 0.2447, aux.acc_seg: 65.6128, loss: 0.7336
2026-04-22 15:18:39,637 - mmseg - INFO - Iter [2800/160000]	lr: 7.820e-06, eta: 1 day, 3:33:23, time: 0.709, data_time: 0.351, memory: 22330, decode.loss_seg: 0.4724, decode.acc_seg: 69.9394, aux.loss_seg: 0.2432, aux.acc_seg: 66.0169, loss: 0.7156
2026-04-22 15:19:14,574 - mmseg - INFO - Iter [2850/160000]	lr: 7.817e-06, eta: 1 day, 3:35:59, time: 0.699, data_time: 0.376, memory: 22330, decode.loss_seg: 0.4859, decode.acc_seg: 69.2702, aux.loss_seg: 0.2444, aux.acc_seg: 65.6978, loss: 0.7303
2026-04-22 15:19:29,916 - mmseg - INFO - Iter [2900/160000]	lr: 7.815e-06, eta: 1 day, 3:20:45, time: 0.307, data_time: 0.004, memory: 22330, decode.loss_seg: 0.4758, decode.acc_seg: 69.1228, aux.loss_seg: 0.2403, aux.acc_seg: 65.6209, loss: 0.7161
2026-04-22 15:20:05,385 - mmseg - INFO - Iter [2950/160000]	lr: 7.812e-06, eta: 1 day, 3:23:54, time: 0.709, data_time: 0.396, memory: 22330, decode.loss_seg: 0.4674, decode.acc_seg: 69.2053, aux.loss_seg: 0.2355, aux.acc_seg: 65.8624, loss: 0.7029
2026-04-22 15:20:20,736 - mmseg - INFO - Exp name: pixel_upernet_itpn_base_12_512_slide_160k_air_polarsar2_amp_linux.py
2026-04-22 15:20:20,736 - mmseg - INFO - Iter [3000/160000]	lr: 7.810e-06, eta: 1 day, 3:09:23, time: 0.307, data_time: 0.004, memory: 22330, decode.loss_seg: 0.4876, decode.acc_seg: 68.4674, aux.loss_seg: 0.2415, aux.acc_seg: 64.9456, loss: 0.7291
2026-04-22 15:20:55,895 - mmseg - INFO - Iter [3050/160000]	lr: 7.807e-06, eta: 1 day, 3:12:19, time: 0.703, data_time: 0.376, memory: 22330, decode.loss_seg: 0.4812, decode.acc_seg: 69.3971, aux.loss_seg: 0.2412, aux.acc_seg: 65.6735, loss: 0.7224
2026-04-22 15:21:30,546 - mmseg - INFO - Iter [3100/160000]	lr: 7.805e-06, eta: 1 day, 3:14:42, time: 0.693, data_time: 0.362, memory: 22330, decode.loss_seg: 0.4789, decode.acc_seg: 69.0056, aux.loss_seg: 0.2388, aux.acc_seg: 65.3689, loss: 0.7177
2026-04-22 15:21:45,973 - mmseg - INFO - Iter [3150/160000]	lr: 7.802e-06, eta: 1 day, 3:01:02, time: 0.308, data_time: 0.004, memory: 22330, decode.loss_seg: 0.4738, decode.acc_seg: 69.6419, aux.loss_seg: 0.2345, aux.acc_seg: 66.7397, loss: 0.7083
2026-04-22 15:22:20,740 - mmseg - INFO - Iter [3200/160000]	lr: 7.800e-06, eta: 1 day, 3:03:36, time: 0.696, data_time: 0.387, memory: 22330, decode.loss_seg: 0.4592, decode.acc_seg: 69.4029, aux.loss_seg: 0.2290, aux.acc_seg: 66.2514, loss: 0.6882
2026-04-22 15:22:54,977 - mmseg - INFO - Iter [3250/160000]	lr: 7.797e-06, eta: 1 day, 3:05:38, time: 0.685, data_time: 0.346, memory: 22330, decode.loss_seg: 0.4481, decode.acc_seg: 68.6221, aux.loss_seg: 0.2264, aux.acc_seg: 65.0510, loss: 0.6745
2026-04-22 15:23:10,339 - mmseg - INFO - Iter [3300/160000]	lr: 7.795e-06, eta: 1 day, 2:52:39, time: 0.307, data_time: 0.005, memory: 22330, decode.loss_seg: 0.4598, decode.acc_seg: 68.0604, aux.loss_seg: 0.2285, aux.acc_seg: 64.7423, loss: 0.6883
2026-04-22 15:23:45,208 - mmseg - INFO - Iter [3350/160000]	lr: 7.792e-06, eta: 1 day, 2:55:15, time: 0.697, data_time: 0.315, memory: 22330, decode.loss_seg: 0.4701, decode.acc_seg: 69.0674, aux.loss_seg: 0.2379, aux.acc_seg: 65.2324, loss: 0.7080
2026-04-22 15:24:21,219 - mmseg - INFO - Iter [3400/160000]	lr: 7.790e-06, eta: 1 day, 2:58:38, time: 0.720, data_time: 0.371, memory: 22330, decode.loss_seg: 0.4628, decode.acc_seg: 69.3974, aux.loss_seg: 0.2303, aux.acc_seg: 66.0820, loss: 0.6931
2026-04-22 15:24:36,607 - mmseg - INFO - Iter [3450/160000]	lr: 7.788e-06, eta: 1 day, 2:46:18, time: 0.308, data_time: 0.005, memory: 22330, decode.loss_seg: 0.4607, decode.acc_seg: 70.6478, aux.loss_seg: 0.2309, aux.acc_seg: 67.0115, loss: 0.6916
2026-04-22 15:25:10,376 - mmseg - INFO - Iter [3500/160000]	lr: 7.785e-06, eta: 1 day, 2:48:01, time: 0.675, data_time: 0.357, memory: 22330, decode.loss_seg: 0.4584, decode.acc_seg: 71.3333, aux.loss_seg: 0.2332, aux.acc_seg: 67.2815, loss: 0.6916
2026-04-22 15:25:45,948 - mmseg - INFO - Iter [3550/160000]	lr: 7.783e-06, eta: 1 day, 2:50:59, time: 0.711, data_time: 0.324, memory: 22330, decode.loss_seg: 0.4600, decode.acc_seg: 71.4626, aux.loss_seg: 0.2279, aux.acc_seg: 68.3050, loss: 0.6880
2026-04-22 15:26:01,301 - mmseg - INFO - Iter [3600/160000]	lr: 7.780e-06, eta: 1 day, 2:39:13, time: 0.307, data_time: 0.004, memory: 22330, decode.loss_seg: 0.4415, decode.acc_seg: 70.1640, aux.loss_seg: 0.2230, aux.acc_seg: 66.7983, loss: 0.6645
2026-04-22 15:26:35,948 - mmseg - INFO - Iter [3650/160000]	lr: 7.778e-06, eta: 1 day, 2:41:32, time: 0.693, data_time: 0.387, memory: 22330, decode.loss_seg: 0.4271, decode.acc_seg: 70.8480, aux.loss_seg: 0.2143, aux.acc_seg: 67.8620, loss: 0.6414
2026-04-22 15:27:10,631 - mmseg - INFO - Iter [3700/160000]	lr: 7.775e-06, eta: 1 day, 2:43:49, time: 0.694, data_time: 0.382, memory: 22330, decode.loss_seg: 0.4378, decode.acc_seg: 71.1606, aux.loss_seg: 0.2193, aux.acc_seg: 68.2788, loss: 0.6570
2026-04-22 15:27:26,060 - mmseg - INFO - Iter [3750/160000]	lr: 7.773e-06, eta: 1 day, 2:32:38, time: 0.309, data_time: 0.004, memory: 22330, decode.loss_seg: 0.4340, decode.acc_seg: 71.5218, aux.loss_seg: 0.2189, aux.acc_seg: 68.2069, loss: 0.6529
2026-04-22 15:28:01,990 - mmseg - INFO - Iter [3800/160000]	lr: 7.770e-06, eta: 1 day, 2:35:48, time: 0.719, data_time: 0.376, memory: 22330, decode.loss_seg: 0.4408, decode.acc_seg: 69.6321, aux.loss_seg: 0.2188, aux.acc_seg: 66.7084, loss: 0.6596
2026-04-22 15:28:17,427 - mmseg - INFO - Iter [3850/160000]	lr: 7.768e-06, eta: 1 day, 2:25:00, time: 0.309, data_time: 0.004, memory: 22330, decode.loss_seg: 0.4348, decode.acc_seg: 69.5464, aux.loss_seg: 0.2200, aux.acc_seg: 66.2604, loss: 0.6548
2026-04-22 15:28:51,687 - mmseg - INFO - Iter [3900/160000]	lr: 7.765e-06, eta: 1 day, 2:27:02, time: 0.685, data_time: 0.359, memory: 22330, decode.loss_seg: 0.4416, decode.acc_seg: 69.8339, aux.loss_seg: 0.2207, aux.acc_seg: 66.6458, loss: 0.6623
2026-04-22 15:29:25,385 - mmseg - INFO - Iter [3950/160000]	lr: 7.763e-06, eta: 1 day, 2:28:38, time: 0.674, data_time: 0.371, memory: 22330, decode.loss_seg: 0.4144, decode.acc_seg: 70.8562, aux.loss_seg: 0.2097, aux.acc_seg: 67.7020, loss: 0.6241
2026-04-22 15:29:53,152 - mmseg - INFO - per class results:
2026-04-22 15:29:53,153 - mmseg - INFO - 
+------------+-------+-------+
| Class      | IoU   | Acc   |
+------------+-------+-------+
| housing    | 83.3  | 89.66 |
| industrial | 72.42 | 84.16 |
| natural    | 43.29 | 49.12 |
| land_use   | 37.14 | 47.29 |
| water      | 74.49 | 88.77 |
| other      | 85.28 | 91.86 |
+------------+-------+-------+
2026-04-22 15:29:53,153 - mmseg - INFO - Summary:
2026-04-22 15:29:53,153 - mmseg - INFO - 
+--------+-------+-------+-------+
| Scope  | mIoU  | mAcc  | aAcc  |
+--------+-------+-------+-------+
| global | 65.99 | 75.14 | 83.08 |
+--------+-------+-------+-------+
2026-04-22 15:29:53,186 - mmseg - INFO - Exp name: pixel_upernet_itpn_base_12_512_slide_160k_air_polarsar2_amp_linux.py
2026-04-22 15:29:53,186 - mmseg - INFO - Iter [4000/160000]	lr: 7.760e-06, eta: 1 day, 9:02:50, time: 12.756, data_time: 0.000, memory: 22330, mIoU: 0.6599, mAcc: 0.7514, aAcc: 0.8308
2026-04-22 15:30:27,519 - mmseg - INFO - Iter [4050/160000]	lr: 7.758e-06, eta: 1 day, 8:59:46, time: 0.687, data_time: 0.336, memory: 22330, decode.loss_seg: 0.4287, decode.acc_seg: 69.4330, aux.loss_seg: 0.2117, aux.acc_seg: 66.6160, loss: 0.6404
2026-04-22 15:31:02,726 - mmseg - INFO - Iter [4100/160000]	lr: 7.755e-06, eta: 1 day, 8:57:18, time: 0.704, data_time: 0.361, memory: 22330, decode.loss_seg: 0.4172, decode.acc_seg: 71.0884, aux.loss_seg: 0.2124, aux.acc_seg: 67.4515, loss: 0.6297
2026-04-22 15:31:18,086 - mmseg - INFO - Iter [4150/160000]	lr: 7.753e-06, eta: 1 day, 8:42:27, time: 0.307, data_time: 0.003, memory: 22330, decode.loss_seg: 0.4345, decode.acc_seg: 70.6665, aux.loss_seg: 0.2157, aux.acc_seg: 67.4988, loss: 0.6502
2026-04-22 15:31:52,636 - mmseg - INFO - Iter [4200/160000]	lr: 7.750e-06, eta: 1 day, 8:39:50, time: 0.691, data_time: 0.367, memory: 22330, decode.loss_seg: 0.4031, decode.acc_seg: 71.5333, aux.loss_seg: 0.2022, aux.acc_seg: 68.6743, loss: 0.6053
2026-04-22 15:32:27,331 - mmseg - INFO - Iter [4250/160000]	lr: 7.748e-06, eta: 1 day, 8:37:21, time: 0.694, data_time: 0.350, memory: 22330, decode.loss_seg: 0.4254, decode.acc_seg: 71.3938, aux.loss_seg: 0.2167, aux.acc_seg: 67.4928, loss: 0.6421
2026-04-22 15:32:42,694 - mmseg - INFO - Iter [4300/160000]	lr: 7.745e-06, eta: 1 day, 8:23:14, time: 0.307, data_time: 0.003, memory: 22330, decode.loss_seg: 0.4102, decode.acc_seg: 71.1437, aux.loss_seg: 0.2029, aux.acc_seg: 68.3087, loss: 0.6131
2026-04-22 15:33:17,052 - mmseg - INFO - Iter [4350/160000]	lr: 7.743e-06, eta: 1 day, 8:20:46, time: 0.687, data_time: 0.369, memory: 22330, decode.loss_seg: 0.4190, decode.acc_seg: 70.2412, aux.loss_seg: 0.2089, aux.acc_seg: 67.5859, loss: 0.6280
2026-04-22 15:33:51,691 - mmseg - INFO - Iter [4400/160000]	lr: 7.740e-06, eta: 1 day, 8:18:31, time: 0.693, data_time: 0.340, memory: 22330, decode.loss_seg: 0.4118, decode.acc_seg: 69.5569, aux.loss_seg: 0.2059, aux.acc_seg: 66.4452, loss: 0.6177
2026-04-22 15:34:07,016 - mmseg - INFO - Iter [4450/160000]	lr: 7.738e-06, eta: 1 day, 8:05:03, time: 0.306, data_time: 0.003, memory: 22330, decode.loss_seg: 0.4095, decode.acc_seg: 72.6347, aux.loss_seg: 0.2052, aux.acc_seg: 70.0461, loss: 0.6147
2026-04-22 15:34:41,129 - mmseg - INFO - Iter [4500/160000]	lr: 7.735e-06, eta: 1 day, 8:02:42, time: 0.682, data_time: 0.378, memory: 22330, decode.loss_seg: 0.4007, decode.acc_seg: 71.9596, aux.loss_seg: 0.1992, aux.acc_seg: 69.1350, loss: 0.5999
2026-04-22 15:35:15,169 - mmseg - INFO - Iter [4550/160000]	lr: 7.733e-06, eta: 1 day, 8:00:20, time: 0.681, data_time: 0.343, memory: 22330, decode.loss_seg: 0.4078, decode.acc_seg: 72.3657, aux.loss_seg: 0.2060, aux.acc_seg: 68.9396, loss: 0.6138
2026-04-22 15:35:30,491 - mmseg - INFO - Iter [4600/160000]	lr: 7.730e-06, eta: 1 day, 7:47:29, time: 0.307, data_time: 0.003, memory: 22330, decode.loss_seg: 0.4095, decode.acc_seg: 72.2326, aux.loss_seg: 0.2070, aux.acc_seg: 69.0256, loss: 0.6165
2026-04-22 15:36:04,990 - mmseg - INFO - Iter [4650/160000]	lr: 7.728e-06, eta: 1 day, 7:45:34, time: 0.690, data_time: 0.361, memory: 22330, decode.loss_seg: 0.3908, decode.acc_seg: 70.2894, aux.loss_seg: 0.1923, aux.acc_seg: 67.6304, loss: 0.5832
2026-04-22 15:36:39,278 - mmseg - INFO - Iter [4700/160000]	lr: 7.725e-06, eta: 1 day, 7:43:34, time: 0.686, data_time: 0.382, memory: 22330, decode.loss_seg: 0.4042, decode.acc_seg: 72.4802, aux.loss_seg: 0.2044, aux.acc_seg: 68.9465, loss: 0.6086
2026-04-22 15:36:54,591 - mmseg - INFO - Iter [4750/160000]	lr: 7.723e-06, eta: 1 day, 7:31:16, time: 0.306, data_time: 0.003, memory: 22330, decode.loss_seg: 0.3871, decode.acc_seg: 71.2077, aux.loss_seg: 0.1933, aux.acc_seg: 68.3295, loss: 0.5804
2026-04-22 15:37:28,102 - mmseg - INFO - Iter [4800/160000]	lr: 7.720e-06, eta: 1 day, 7:29:01, time: 0.670, data_time: 0.367, memory: 22330, decode.loss_seg: 0.3956, decode.acc_seg: 70.0244, aux.loss_seg: 0.2014, aux.acc_seg: 66.6389, loss: 0.5970
2026-04-22 15:37:43,448 - mmseg - INFO - Iter [4850/160000]	lr: 7.718e-06, eta: 1 day, 7:17:08, time: 0.307, data_time: 0.003, memory: 22330, decode.loss_seg: 0.3897, decode.acc_seg: 71.7664, aux.loss_seg: 0.1953, aux.acc_seg: 69.1075, loss: 0.5850
2026-04-22 15:38:18,199 - mmseg - INFO - Iter [4900/160000]	lr: 7.715e-06, eta: 1 day, 7:15:43, time: 0.695, data_time: 0.350, memory: 22330, decode.loss_seg: 0.4090, decode.acc_seg: 71.7879, aux.loss_seg: 0.2054, aux.acc_seg: 68.7065, loss: 0.6143
2026-04-22 15:38:52,584 - mmseg - INFO - Iter [4950/160000]	lr: 7.713e-06, eta: 1 day, 7:14:07, time: 0.688, data_time: 0.368, memory: 22330, decode.loss_seg: 0.3789, decode.acc_seg: 72.9549, aux.loss_seg: 0.1903, aux.acc_seg: 70.3159, loss: 0.5692
2026-04-22 15:39:07,919 - mmseg - INFO - Exp name: pixel_upernet_itpn_base_12_512_slide_160k_air_polarsar2_amp_linux.py
2026-04-22 15:39:07,919 - mmseg - INFO - Iter [5000/160000]	lr: 7.710e-06, eta: 1 day, 7:02:42, time: 0.307, data_time: 0.004, memory: 22330, decode.loss_seg: 0.3844, decode.acc_seg: 71.9964, aux.loss_seg: 0.1920, aux.acc_seg: 69.2132, loss: 0.5763
2026-04-22 15:39:42,944 - mmseg - INFO - Iter [5050/160000]	lr: 7.708e-06, eta: 1 day, 7:01:35, time: 0.700, data_time: 0.362, memory: 22330, decode.loss_seg: 0.3702, decode.acc_seg: 72.2572, aux.loss_seg: 0.1900, aux.acc_seg: 69.0370, loss: 0.5603
2026-04-22 15:40:17,183 - mmseg - INFO - Iter [5100/160000]	lr: 7.705e-06, eta: 1 day, 7:00:04, time: 0.685, data_time: 0.381, memory: 22330, decode.loss_seg: 0.3744, decode.acc_seg: 72.5763, aux.loss_seg: 0.1912, aux.acc_seg: 69.5603, loss: 0.5656
2026-04-22 15:40:32,601 - mmseg - INFO - Iter [5150/160000]	lr: 7.703e-06, eta: 1 day, 6:49:08, time: 0.308, data_time: 0.004, memory: 22330, decode.loss_seg: 0.3940, decode.acc_seg: 72.3958, aux.loss_seg: 0.1972, aux.acc_seg: 69.6301, loss: 0.5912
2026-04-22 15:41:07,090 - mmseg - INFO - Iter [5200/160000]	lr: 7.700e-06, eta: 1 day, 6:47:52, time: 0.690, data_time: 0.345, memory: 22330, decode.loss_seg: 0.3811, decode.acc_seg: 72.7770, aux.loss_seg: 0.1931, aux.acc_seg: 69.8827, loss: 0.5742
2026-04-22 15:41:42,357 - mmseg - INFO - Iter [5250/160000]	lr: 7.698e-06, eta: 1 day, 6:47:00, time: 0.705, data_time: 0.367, memory: 22330, decode.loss_seg: 0.3830, decode.acc_seg: 71.7584, aux.loss_seg: 0.1932, aux.acc_seg: 68.6964, loss: 0.5762
2026-04-22 15:41:57,764 - mmseg - INFO - Iter [5300/160000]	lr: 7.695e-06, eta: 1 day, 6:36:29, time: 0.308, data_time: 0.003, memory: 22330, decode.loss_seg: 0.3584, decode.acc_seg: 71.3982, aux.loss_seg: 0.1808, aux.acc_seg: 68.7776, loss: 0.5393
2026-04-22 15:42:33,426 - mmseg - INFO - Iter [5350/160000]	lr: 7.693e-06, eta: 1 day, 6:35:55, time: 0.713, data_time: 0.409, memory: 22330, decode.loss_seg: 0.3821, decode.acc_seg: 71.8424, aux.loss_seg: 0.1929, aux.acc_seg: 69.0889, loss: 0.5750
2026-04-22 15:43:08,546 - mmseg - INFO - Iter [5400/160000]	lr: 7.691e-06, eta: 1 day, 6:35:05, time: 0.702, data_time: 0.391, memory: 22330, decode.loss_seg: 0.3911, decode.acc_seg: 72.8984, aux.loss_seg: 0.1943, aux.acc_seg: 70.2265, loss: 0.5854
2026-04-22 15:43:23,920 - mmseg - INFO - Iter [5450/160000]	lr: 7.688e-06, eta: 1 day, 6:24:56, time: 0.307, data_time: 0.003, memory: 22330, decode.loss_seg: 0.3742, decode.acc_seg: 72.2776, aux.loss_seg: 0.1878, aux.acc_seg: 69.5143, loss: 0.5620
2026-04-22 15:43:58,547 - mmseg - INFO - Iter [5500/160000]	lr: 7.686e-06, eta: 1 day, 6:23:58, time: 0.692, data_time: 0.332, memory: 22330, decode.loss_seg: 0.3900, decode.acc_seg: 71.5841, aux.loss_seg: 0.1948, aux.acc_seg: 68.4049, loss: 0.5848
2026-04-22 15:44:32,463 - mmseg - INFO - Iter [5550/160000]	lr: 7.683e-06, eta: 1 day, 6:22:41, time: 0.679, data_time: 0.333, memory: 22330, decode.loss_seg: 0.3722, decode.acc_seg: 73.5238, aux.loss_seg: 0.1928, aux.acc_seg: 70.0345, loss: 0.5650
2026-04-22 15:44:47,800 - mmseg - INFO - Iter [5600/160000]	lr: 7.681e-06, eta: 1 day, 6:12:52, time: 0.307, data_time: 0.003, memory: 22330, decode.loss_seg: 0.3758, decode.acc_seg: 73.7893, aux.loss_seg: 0.1870, aux.acc_seg: 71.1878, loss: 0.5628
2026-04-22 15:45:22,174 - mmseg - INFO - Iter [5650/160000]	lr: 7.678e-06, eta: 1 day, 6:11:53, time: 0.687, data_time: 0.338, memory: 22330, decode.loss_seg: 0.3645, decode.acc_seg: 71.6973, aux.loss_seg: 0.1824, aux.acc_seg: 68.9801, loss: 0.5469
2026-04-22 15:45:55,529 - mmseg - INFO - Iter [5700/160000]	lr: 7.676e-06, eta: 1 day, 6:10:28, time: 0.667, data_time: 0.359, memory: 22330, decode.loss_seg: 0.3786, decode.acc_seg: 73.8312, aux.loss_seg: 0.1906, aux.acc_seg: 70.9527, loss: 0.5692
2026-04-22 15:46:10,838 - mmseg - INFO - Iter [5750/160000]	lr: 7.673e-06, eta: 1 day, 6:00:59, time: 0.306, data_time: 0.003, memory: 22330, decode.loss_seg: 0.3628, decode.acc_seg: 72.8931, aux.loss_seg: 0.1861, aux.acc_seg: 69.7265, loss: 0.5489
2026-04-22 15:46:45,430 - mmseg - INFO - Iter [5800/160000]	lr: 7.671e-06, eta: 1 day, 6:00:13, time: 0.692, data_time: 0.388, memory: 22330, decode.loss_seg: 0.3604, decode.acc_seg: 74.1801, aux.loss_seg: 0.1867, aux.acc_seg: 70.7394, loss: 0.5471
2026-04-22 15:47:00,763 - mmseg - INFO - Iter [5850/160000]	lr: 7.668e-06, eta: 1 day, 5:50:59, time: 0.307, data_time: 0.003, memory: 22330, decode.loss_seg: 0.3843, decode.acc_seg: 71.9008, aux.loss_seg: 0.1930, aux.acc_seg: 69.0127, loss: 0.5773
2026-04-22 15:47:36,014 - mmseg - INFO - Iter [5900/160000]	lr: 7.666e-06, eta: 1 day, 5:50:34, time: 0.705, data_time: 0.348, memory: 22330, decode.loss_seg: 0.3570, decode.acc_seg: 72.9449, aux.loss_seg: 0.1809, aux.acc_seg: 70.2591, loss: 0.5378
2026-04-22 15:48:11,306 - mmseg - INFO - Iter [5950/160000]	lr: 7.663e-06, eta: 1 day, 5:50:10, time: 0.706, data_time: 0.335, memory: 22330, decode.loss_seg: 0.3636, decode.acc_seg: 71.4732, aux.loss_seg: 0.1826, aux.acc_seg: 68.5503, loss: 0.5462
2026-04-22 15:48:38,349 - mmseg - INFO - per class results:
2026-04-22 15:48:38,349 - mmseg - INFO - 
+------------+-------+-------+
| Class      | IoU   | Acc   |
+------------+-------+-------+
| housing    | 82.94 | 93.54 |
| industrial | 74.61 | 84.02 |
| natural    | 48.99 | 55.94 |
| land_use   | 38.2  | 45.46 |
| water      | 76.56 | 90.94 |
| other      | 89.56 | 96.08 |
+------------+-------+-------+
2026-04-22 15:48:38,349 - mmseg - INFO - Summary:
2026-04-22 15:48:38,350 - mmseg - INFO - 
+--------+-------+-------+-------+
| Scope  | mIoU  | mAcc  | aAcc  |
+--------+-------+-------+-------+
| global | 68.48 | 77.66 | 84.52 |
+--------+-------+-------+-------+
2026-04-22 15:48:38,387 - mmseg - INFO - Exp name: pixel_upernet_itpn_base_12_512_slide_160k_air_polarsar2_amp_linux.py
2026-04-22 15:48:38,387 - mmseg - INFO - Iter [6000/160000]	lr: 7.661e-06, eta: 1 day, 9:52:10, time: 12.038, data_time: 0.000, memory: 22330, mIoU: 0.6848, mAcc: 0.7766, aAcc: 0.8452
2026-04-22 15:49:13,580 - mmseg - INFO - Iter [6050/160000]	lr: 7.658e-06, eta: 1 day, 9:49:38, time: 0.704, data_time: 0.368, memory: 22330, decode.loss_seg: 0.3627, decode.acc_seg: 72.5015, aux.loss_seg: 0.1852, aux.acc_seg: 69.7159, loss: 0.5479
2026-04-22 15:49:49,330 - mmseg - INFO - Iter [6100/160000]	lr: 7.656e-06, eta: 1 day, 9:47:23, time: 0.715, data_time: 0.330, memory: 22330, decode.loss_seg: 0.3527, decode.acc_seg: 72.7898, aux.loss_seg: 0.1799, aux.acc_seg: 69.8449, loss: 0.5327
2026-04-22 15:50:04,666 - mmseg - INFO - Iter [6150/160000]	lr: 7.653e-06, eta: 1 day, 9:36:38, time: 0.307, data_time: 0.003, memory: 22330, decode.loss_seg: 0.3423, decode.acc_seg: 73.0602, aux.loss_seg: 0.1724, aux.acc_seg: 70.5206, loss: 0.5147
2026-04-22 15:50:39,925 - mmseg - INFO - Iter [6200/160000]	lr: 7.651e-06, eta: 1 day, 9:34:18, time: 0.705, data_time: 0.368, memory: 22330, decode.loss_seg: 0.3448, decode.acc_seg: 73.0352, aux.loss_seg: 0.1791, aux.acc_seg: 69.8339, loss: 0.5239
2026-04-22 15:51:14,044 - mmseg - INFO - Iter [6250/160000]	lr: 7.648e-06, eta: 1 day, 9:31:32, time: 0.682, data_time: 0.339, memory: 22330, decode.loss_seg: 0.3592, decode.acc_seg: 72.9911, aux.loss_seg: 0.1816, aux.acc_seg: 70.0536, loss: 0.5408
2026-04-22 15:51:29,406 - mmseg - INFO - Iter [6300/160000]	lr: 7.646e-06, eta: 1 day, 9:21:10, time: 0.307, data_time: 0.003, memory: 22330, decode.loss_seg: 0.3503, decode.acc_seg: 72.6464, aux.loss_seg: 0.1791, aux.acc_seg: 69.9604, loss: 0.5294
2026-04-22 15:52:04,928 - mmseg - INFO - Iter [6350/160000]	lr: 7.643e-06, eta: 1 day, 9:19:05, time: 0.711, data_time: 0.407, memory: 22330, decode.loss_seg: 0.3521, decode.acc_seg: 73.3166, aux.loss_seg: 0.1804, aux.acc_seg: 70.1406, loss: 0.5325
2026-04-22 15:52:39,645 - mmseg - INFO - Iter [6400/160000]	lr: 7.641e-06, eta: 1 day, 9:16:42, time: 0.694, data_time: 0.346, memory: 22330, decode.loss_seg: 0.3238, decode.acc_seg: 73.3522, aux.loss_seg: 0.1679, aux.acc_seg: 70.3668, loss: 0.4917
2026-04-22 15:52:54,945 - mmseg - INFO - Iter [6450/160000]	lr: 7.638e-06, eta: 1 day, 9:06:39, time: 0.306, data_time: 0.003, memory: 22330, decode.loss_seg: 0.3578, decode.acc_seg: 73.7432, aux.loss_seg: 0.1823, aux.acc_seg: 70.6899, loss: 0.5402
2026-04-22 15:53:30,341 - mmseg - INFO - Iter [6500/160000]	lr: 7.636e-06, eta: 1 day, 9:04:40, time: 0.708, data_time: 0.403, memory: 22330, decode.loss_seg: 0.3399, decode.acc_seg: 72.1823, aux.loss_seg: 0.1728, aux.acc_seg: 69.4911, loss: 0.5128
2026-04-22 15:54:04,158 - mmseg - INFO - Iter [6550/160000]	lr: 7.633e-06, eta: 1 day, 9:02:04, time: 0.676, data_time: 0.347, memory: 22330, decode.loss_seg: 0.3389, decode.acc_seg: 72.8758, aux.loss_seg: 0.1723, aux.acc_seg: 70.2378, loss: 0.5112
2026-04-22 15:54:19,489 - mmseg - INFO - Iter [6600/160000]	lr: 7.631e-06, eta: 1 day, 8:52:21, time: 0.307, data_time: 0.003, memory: 22330, decode.loss_seg: 0.3644, decode.acc_seg: 72.5803, aux.loss_seg: 0.1846, aux.acc_seg: 69.5077, loss: 0.5490
2026-04-22 15:54:53,489 - mmseg - INFO - Iter [6650/160000]	lr: 7.628e-06, eta: 1 day, 8:49:57, time: 0.680, data_time: 0.378, memory: 22330, decode.loss_seg: 0.3313, decode.acc_seg: 73.2437, aux.loss_seg: 0.1734, aux.acc_seg: 70.0190, loss: 0.5047
2026-04-22 15:55:28,746 - mmseg - INFO - Iter [6700/160000]	lr: 7.626e-06, eta: 1 day, 8:48:03, time: 0.705, data_time: 0.350, memory: 22330, decode.loss_seg: 0.3578, decode.acc_seg: 73.6761, aux.loss_seg: 0.1794, aux.acc_seg: 70.9710, loss: 0.5372
2026-04-22 15:55:44,051 - mmseg - INFO - Iter [6750/160000]	lr: 7.623e-06, eta: 1 day, 8:38:38, time: 0.306, data_time: 0.003, memory: 22330, decode.loss_seg: 0.3224, decode.acc_seg: 72.6995, aux.loss_seg: 0.1635, aux.acc_seg: 70.0732, loss: 0.4860
2026-04-22 15:56:18,434 - mmseg - INFO - Iter [6800/160000]	lr: 7.621e-06, eta: 1 day, 8:36:30, time: 0.688, data_time: 0.381, memory: 22330, decode.loss_seg: 0.3420, decode.acc_seg: 73.6248, aux.loss_seg: 0.1742, aux.acc_seg: 70.8837, loss: 0.5162
2026-04-22 15:56:33,780 - mmseg - INFO - Iter [6850/160000]	lr: 7.618e-06, eta: 1 day, 8:27:19, time: 0.307, data_time: 0.004, memory: 22330, decode.loss_seg: 0.3351, decode.acc_seg: 74.7229, aux.loss_seg: 0.1756, aux.acc_seg: 71.3707, loss: 0.5107
2026-04-22 15:57:09,147 - mmseg - INFO - Iter [6900/160000]	lr: 7.616e-06, eta: 1 day, 8:25:39, time: 0.707, data_time: 0.406, memory: 22330, decode.loss_seg: 0.3379, decode.acc_seg: 73.7988, aux.loss_seg: 0.1770, aux.acc_seg: 70.5150, loss: 0.5149
2026-04-22 15:57:44,421 - mmseg - INFO - Iter [6950/160000]	lr: 7.613e-06, eta: 1 day, 8:23:58, time: 0.705, data_time: 0.382, memory: 22330, decode.loss_seg: 0.3270, decode.acc_seg: 74.1373, aux.loss_seg: 0.1700, aux.acc_seg: 71.2167, loss: 0.4970
2026-04-22 15:57:59,738 - mmseg - INFO - Exp name: pixel_upernet_itpn_base_12_512_slide_160k_air_polarsar2_amp_linux.py
2026-04-22 15:57:59,738 - mmseg - INFO - Iter [7000/160000]	lr: 7.611e-06, eta: 1 day, 8:15:02, time: 0.307, data_time: 0.004, memory: 22330, decode.loss_seg: 0.3380, decode.acc_seg: 73.9273, aux.loss_seg: 0.1724, aux.acc_seg: 71.0127, loss: 0.5104
2026-04-22 15:58:34,109 - mmseg - INFO - Iter [7050/160000]	lr: 7.608e-06, eta: 1 day, 8:13:06, time: 0.687, data_time: 0.350, memory: 22330, decode.loss_seg: 0.3241, decode.acc_seg: 74.2827, aux.loss_seg: 0.1682, aux.acc_seg: 71.4455, loss: 0.4923
2026-04-22 15:59:09,264 - mmseg - INFO - Iter [7100/160000]	lr: 7.606e-06, eta: 1 day, 8:11:29, time: 0.703, data_time: 0.378, memory: 22330, decode.loss_seg: 0.3393, decode.acc_seg: 74.6231, aux.loss_seg: 0.1756, aux.acc_seg: 71.4369, loss: 0.5150
2026-04-22 15:59:24,553 - mmseg - INFO - Iter [7150/160000]	lr: 7.603e-06, eta: 1 day, 8:02:48, time: 0.306, data_time: 0.004, memory: 22330, decode.loss_seg: 0.3364, decode.acc_seg: 74.7525, aux.loss_seg: 0.1732, aux.acc_seg: 71.7439, loss: 0.5095
2026-04-22 16:00:00,382 - mmseg - INFO - Iter [7200/160000]	lr: 7.601e-06, eta: 1 day, 8:01:29, time: 0.717, data_time: 0.382, memory: 22330, decode.loss_seg: 0.3267, decode.acc_seg: 73.2075, aux.loss_seg: 0.1673, aux.acc_seg: 70.4148, loss: 0.4940
2026-04-22 16:00:32,833 - mmseg - INFO - Iter [7250/160000]	lr: 7.598e-06, eta: 1 day, 7:59:01, time: 0.649, data_time: 0.314, memory: 22330, decode.loss_seg: 0.3203, decode.acc_seg: 73.8222, aux.loss_seg: 0.1672, aux.acc_seg: 71.0529, loss: 0.4875
2026-04-22 16:00:48,269 - mmseg - INFO - Iter [7300/160000]	lr: 7.596e-06, eta: 1 day, 7:50:37, time: 0.309, data_time: 0.003, memory: 22330, decode.loss_seg: 0.3321, decode.acc_seg: 74.2652, aux.loss_seg: 0.1727, aux.acc_seg: 71.1702, loss: 0.5048
2026-04-22 16:01:23,198 - mmseg - INFO - Iter [7350/160000]	lr: 7.594e-06, eta: 1 day, 7:49:06, time: 0.699, data_time: 0.394, memory: 22330, decode.loss_seg: 0.3192, decode.acc_seg: 75.4390, aux.loss_seg: 0.1672, aux.acc_seg: 72.5208, loss: 0.4864
2026-04-22 16:01:57,346 - mmseg - INFO - Iter [7400/160000]	lr: 7.591e-06, eta: 1 day, 7:47:19, time: 0.683, data_time: 0.363, memory: 22330, decode.loss_seg: 0.3473, decode.acc_seg: 75.1265, aux.loss_seg: 0.1783, aux.acc_seg: 72.1921, loss: 0.5256
2026-04-22 16:02:12,701 - mmseg - INFO - Iter [7450/160000]	lr: 7.589e-06, eta: 1 day, 7:39:08, time: 0.307, data_time: 0.004, memory: 22330, decode.loss_seg: 0.3271, decode.acc_seg: 73.7559, aux.loss_seg: 0.1683, aux.acc_seg: 70.9887, loss: 0.4953
2026-04-22 16:02:46,445 - mmseg - INFO - Iter [7500/160000]	lr: 7.586e-06, eta: 1 day, 7:37:17, time: 0.675, data_time: 0.329, memory: 22330, decode.loss_seg: 0.3346, decode.acc_seg: 74.0848, aux.loss_seg: 0.1730, aux.acc_seg: 71.2138, loss: 0.5076
2026-04-22 16:03:21,959 - mmseg - INFO - Iter [7550/160000]	lr: 7.584e-06, eta: 1 day, 7:36:03, time: 0.710, data_time: 0.354, memory: 22330, decode.loss_seg: 0.3204, decode.acc_seg: 74.8471, aux.loss_seg: 0.1630, aux.acc_seg: 72.1857, loss: 0.4833
2026-04-22 16:03:37,422 - mmseg - INFO - Iter [7600/160000]	lr: 7.581e-06, eta: 1 day, 7:28:08, time: 0.309, data_time: 0.004, memory: 22330, decode.loss_seg: 0.3267, decode.acc_seg: 74.0582, aux.loss_seg: 0.1687, aux.acc_seg: 71.3166, loss: 0.4954
2026-04-22 16:04:18,017 - mmseg - INFO - Iter [7650/160000]	lr: 7.579e-06, eta: 1 day, 7:28:39, time: 0.812, data_time: 0.387, memory: 22330, decode.loss_seg: 0.3099, decode.acc_seg: 75.0036, aux.loss_seg: 0.1624, aux.acc_seg: 72.2060, loss: 0.4722
2026-04-22 16:04:37,337 - mmseg - INFO - Iter [7700/160000]	lr: 7.576e-06, eta: 1 day, 7:22:08, time: 0.386, data_time: 0.005, memory: 22330, decode.loss_seg: 0.3378, decode.acc_seg: 73.8752, aux.loss_seg: 0.1715, aux.acc_seg: 71.1974, loss: 0.5093
2026-04-22 16:05:18,301 - mmseg - INFO - Iter [7750/160000]	lr: 7.574e-06, eta: 1 day, 7:22:48, time: 0.819, data_time: 0.359, memory: 22330, decode.loss_seg: 0.3191, decode.acc_seg: 73.9727, aux.loss_seg: 0.1651, aux.acc_seg: 71.2298, loss: 0.4842
2026-04-22 16:05:58,440 - mmseg - INFO - Iter [7800/160000]	lr: 7.571e-06, eta: 1 day, 7:23:10, time: 0.803, data_time: 0.342, memory: 22330, decode.loss_seg: 0.3126, decode.acc_seg: 74.6088, aux.loss_seg: 0.1601, aux.acc_seg: 71.9960, loss: 0.4727
2026-04-22 16:06:18,330 - mmseg - INFO - Iter [7850/160000]	lr: 7.569e-06, eta: 1 day, 7:16:59, time: 0.398, data_time: 0.004, memory: 22330, decode.loss_seg: 0.3123, decode.acc_seg: 74.6723, aux.loss_seg: 0.1629, aux.acc_seg: 72.0273, loss: 0.4752
2026-04-22 16:06:57,082 - mmseg - INFO - Iter [7900/160000]	lr: 7.566e-06, eta: 1 day, 7:16:55, time: 0.775, data_time: 0.344, memory: 22330, decode.loss_seg: 0.3258, decode.acc_seg: 74.3688, aux.loss_seg: 0.1688, aux.acc_seg: 71.2407, loss: 0.4946
2026-04-22 16:07:37,810 - mmseg - INFO - Iter [7950/160000]	lr: 7.564e-06, eta: 1 day, 7:17:29, time: 0.814, data_time: 0.337, memory: 22330, decode.loss_seg: 0.3111, decode.acc_seg: 75.1858, aux.loss_seg: 0.1593, aux.acc_seg: 72.8940, loss: 0.4704
2026-04-22 16:08:11,686 - mmseg - INFO - per class results:
2026-04-22 16:08:11,687 - mmseg - INFO - 
+------------+-------+-------+
| Class      | IoU   | Acc   |
+------------+-------+-------+
| housing    | 84.11 | 93.99 |
| industrial | 77.2  | 87.22 |
| natural    | 51.06 | 55.39 |
| land_use   | 44.56 | 55.53 |
| water      | 78.68 | 89.87 |
| other      | 90.15 | 96.79 |
+------------+-------+-------+
2026-04-22 16:08:11,687 - mmseg - INFO - Summary:
2026-04-22 16:08:11,687 - mmseg - INFO - 
+--------+-------+------+-------+
| Scope  | mIoU  | mAcc | aAcc  |
+--------+-------+------+-------+
| global | 70.96 | 79.8 | 86.05 |
+--------+-------+------+-------+
2026-04-22 16:08:11,715 - mmseg - INFO - Exp name: pixel_upernet_itpn_base_12_512_slide_160k_air_polarsar2_amp_linux.py
2026-04-22 16:08:11,715 - mmseg - INFO - Iter [8000/160000]	lr: 7.561e-06, eta: 1 day, 10:21:20, time: 12.391, data_time: 0.000, memory: 22330, mIoU: 0.7096, mAcc: 0.7980, aAcc: 0.8605
2026-04-22 16:08:51,286 - mmseg - INFO - Iter [8050/160000]	lr: 7.559e-06, eta: 1 day, 10:20:18, time: 0.791, data_time: 0.392, memory: 22330, decode.loss_seg: 0.3034, decode.acc_seg: 75.4091, aux.loss_seg: 0.1620, aux.acc_seg: 72.4245, loss: 0.4654
2026-04-22 16:09:30,879 - mmseg - INFO - Iter [8100/160000]	lr: 7.556e-06, eta: 1 day, 10:19:17, time: 0.792, data_time: 0.329, memory: 22330, decode.loss_seg: 0.3232, decode.acc_seg: 74.2559, aux.loss_seg: 0.1665, aux.acc_seg: 71.6176, loss: 0.4897
2026-04-22 16:09:50,128 - mmseg - INFO - Iter [8150/160000]	lr: 7.554e-06, eta: 1 day, 10:11:57, time: 0.385, data_time: 0.004, memory: 22330, decode.loss_seg: 0.3105, decode.acc_seg: 75.6235, aux.loss_seg: 0.1635, aux.acc_seg: 72.5779, loss: 0.4740
2026-04-22 16:10:28,300 - mmseg - INFO - Iter [8200/160000]	lr: 7.551e-06, eta: 1 day, 10:10:33, time: 0.764, data_time: 0.374, memory: 22330, decode.loss_seg: 0.3126, decode.acc_seg: 74.8312, aux.loss_seg: 0.1607, aux.acc_seg: 72.1681, loss: 0.4734
2026-04-22 16:11:05,525 - mmseg - INFO - Iter [8250/160000]	lr: 7.549e-06, eta: 1 day, 10:08:51, time: 0.744, data_time: 0.365, memory: 22330, decode.loss_seg: 0.3101, decode.acc_seg: 74.9031, aux.loss_seg: 0.1578, aux.acc_seg: 72.5591, loss: 0.4678
2026-04-22 16:11:20,856 - mmseg - INFO - Iter [8300/160000]	lr: 7.546e-06, eta: 1 day, 10:00:31, time: 0.307, data_time: 0.003, memory: 22330, decode.loss_seg: 0.3140, decode.acc_seg: 75.7301, aux.loss_seg: 0.1634, aux.acc_seg: 73.1448, loss: 0.4774
2026-04-22 16:11:53,742 - mmseg - INFO - Iter [8350/160000]	lr: 7.544e-06, eta: 1 day, 9:57:35, time: 0.658, data_time: 0.355, memory: 22330, decode.loss_seg: 0.3187, decode.acc_seg: 75.4970, aux.loss_seg: 0.1627, aux.acc_seg: 72.8243, loss: 0.4814
2026-04-22 16:12:26,553 - mmseg - INFO - Iter [8400/160000]	lr: 7.541e-06, eta: 1 day, 9:54:39, time: 0.656, data_time: 0.301, memory: 22330, decode.loss_seg: 0.3243, decode.acc_seg: 74.0040, aux.loss_seg: 0.1679, aux.acc_seg: 70.9252, loss: 0.4923
2026-04-22 16:12:41,897 - mmseg - INFO - Iter [8450/160000]	lr: 7.539e-06, eta: 1 day, 9:46:32, time: 0.307, data_time: 0.003, memory: 22330, decode.loss_seg: 0.3205, decode.acc_seg: 75.7116, aux.loss_seg: 0.1664, aux.acc_seg: 72.9374, loss: 0.4870
2026-04-22 16:13:14,250 - mmseg - INFO - Iter [8500/160000]	lr: 7.536e-06, eta: 1 day, 9:43:34, time: 0.647, data_time: 0.310, memory: 22330, decode.loss_seg: 0.3124, decode.acc_seg: 73.6670, aux.loss_seg: 0.1649, aux.acc_seg: 70.8450, loss: 0.4773
2026-04-22 16:13:48,522 - mmseg - INFO - Iter [8550/160000]	lr: 7.534e-06, eta: 1 day, 9:41:11, time: 0.685, data_time: 0.383, memory: 22330, decode.loss_seg: 0.3086, decode.acc_seg: 73.8156, aux.loss_seg: 0.1600, aux.acc_seg: 71.1118, loss: 0.4685
2026-04-22 16:14:03,869 - mmseg - INFO - Iter [8600/160000]	lr: 7.531e-06, eta: 1 day, 9:33:16, time: 0.307, data_time: 0.003, memory: 22330, decode.loss_seg: 0.2985, decode.acc_seg: 74.9072, aux.loss_seg: 0.1575, aux.acc_seg: 72.1447, loss: 0.4559
2026-04-22 16:14:37,762 - mmseg - INFO - Iter [8650/160000]	lr: 7.529e-06, eta: 1 day, 9:30:51, time: 0.678, data_time: 0.328, memory: 22330, decode.loss_seg: 0.3127, decode.acc_seg: 75.7682, aux.loss_seg: 0.1627, aux.acc_seg: 73.0038, loss: 0.4754
2026-04-22 16:14:53,348 - mmseg - INFO - Iter [8700/160000]	lr: 7.526e-06, eta: 1 day, 9:23:09, time: 0.311, data_time: 0.004, memory: 22330, decode.loss_seg: 0.3044, decode.acc_seg: 76.0280, aux.loss_seg: 0.1572, aux.acc_seg: 73.3407, loss: 0.4616
2026-04-22 16:15:25,460 - mmseg - INFO - Iter [8750/160000]	lr: 7.524e-06, eta: 1 day, 9:20:18, time: 0.642, data_time: 0.306, memory: 22330, decode.loss_seg: 0.3080, decode.acc_seg: 75.4751, aux.loss_seg: 0.1573, aux.acc_seg: 73.0240, loss: 0.4653
2026-04-22 16:15:57,148 - mmseg - INFO - Iter [8800/160000]	lr: 7.521e-06, eta: 1 day, 9:17:21, time: 0.634, data_time: 0.309, memory: 22330, decode.loss_seg: 0.2976, decode.acc_seg: 74.5623, aux.loss_seg: 0.1567, aux.acc_seg: 71.5287, loss: 0.4543
2026-04-22 16:16:12,338 - mmseg - INFO - Iter [8850/160000]	lr: 7.519e-06, eta: 1 day, 9:09:44, time: 0.304, data_time: 0.003, memory: 22330, decode.loss_seg: 0.2985, decode.acc_seg: 74.9320, aux.loss_seg: 0.1569, aux.acc_seg: 71.9799, loss: 0.4554
2026-04-22 16:16:43,244 - mmseg - INFO - Iter [8900/160000]	lr: 7.516e-06, eta: 1 day, 9:06:39, time: 0.618, data_time: 0.290, memory: 22330, decode.loss_seg: 0.3001, decode.acc_seg: 76.4835, aux.loss_seg: 0.1588, aux.acc_seg: 73.4052, loss: 0.4588
2026-04-22 16:17:14,031 - mmseg - INFO - Iter [8950/160000]	lr: 7.514e-06, eta: 1 day, 9:03:33, time: 0.616, data_time: 0.308, memory: 22330, decode.loss_seg: 0.2971, decode.acc_seg: 74.9364, aux.loss_seg: 0.1592, aux.acc_seg: 72.0592, loss: 0.4563
2026-04-22 16:17:29,276 - mmseg - INFO - Exp name: pixel_upernet_itpn_base_12_512_slide_160k_air_polarsar2_amp_linux.py
2026-04-22 16:17:29,277 - mmseg - INFO - Iter [9000/160000]	lr: 7.511e-06, eta: 1 day, 8:56:09, time: 0.305, data_time: 0.003, memory: 22330, decode.loss_seg: 0.3032, decode.acc_seg: 74.9154, aux.loss_seg: 0.1577, aux.acc_seg: 72.1732, loss: 0.4610
2026-04-22 16:18:01,355 - mmseg - INFO - Iter [9050/160000]	lr: 7.509e-06, eta: 1 day, 8:53:29, time: 0.641, data_time: 0.290, memory: 22330, decode.loss_seg: 0.3058, decode.acc_seg: 75.5598, aux.loss_seg: 0.1586, aux.acc_seg: 72.8386, loss: 0.4644
2026-04-22 16:18:32,872 - mmseg - INFO - Iter [9100/160000]	lr: 7.506e-06, eta: 1 day, 8:50:42, time: 0.630, data_time: 0.309, memory: 22330, decode.loss_seg: 0.2921, decode.acc_seg: 74.1089, aux.loss_seg: 0.1513, aux.acc_seg: 71.6870, loss: 0.4434
2026-04-22 16:18:48,174 - mmseg - INFO - Iter [9150/160000]	lr: 7.504e-06, eta: 1 day, 8:43:30, time: 0.306, data_time: 0.003, memory: 22330, decode.loss_seg: 0.2803, decode.acc_seg: 74.8432, aux.loss_seg: 0.1478, aux.acc_seg: 72.0976, loss: 0.4281
2026-04-22 16:19:21,237 - mmseg - INFO - Iter [9200/160000]	lr: 7.501e-06, eta: 1 day, 8:41:13, time: 0.661, data_time: 0.336, memory: 22330, decode.loss_seg: 0.3133, decode.acc_seg: 74.9621, aux.loss_seg: 0.1664, aux.acc_seg: 71.6889, loss: 0.4797
2026-04-22 16:19:51,545 - mmseg - INFO - Iter [9250/160000]	lr: 7.499e-06, eta: 1 day, 8:38:12, time: 0.606, data_time: 0.292, memory: 22330, decode.loss_seg: 0.3035, decode.acc_seg: 75.4251, aux.loss_seg: 0.1536, aux.acc_seg: 73.0077, loss: 0.4572
2026-04-22 16:20:06,837 - mmseg - INFO - Iter [9300/160000]	lr: 7.497e-06, eta: 1 day, 8:31:09, time: 0.306, data_time: 0.003, memory: 22330, decode.loss_seg: 0.2934, decode.acc_seg: 75.5860, aux.loss_seg: 0.1548, aux.acc_seg: 72.8739, loss: 0.4482
2026-04-22 16:20:37,669 - mmseg - INFO - Iter [9350/160000]	lr: 7.494e-06, eta: 1 day, 8:28:21, time: 0.616, data_time: 0.290, memory: 22330, decode.loss_seg: 0.2906, decode.acc_seg: 75.8547, aux.loss_seg: 0.1544, aux.acc_seg: 72.9214, loss: 0.4450
2026-04-22 16:21:10,072 - mmseg - INFO - Iter [9400/160000]	lr: 7.492e-06, eta: 1 day, 8:26:00, time: 0.648, data_time: 0.313, memory: 22330, decode.loss_seg: 0.2965, decode.acc_seg: 74.6190, aux.loss_seg: 0.1556, aux.acc_seg: 71.8116, loss: 0.4521
2026-04-22 16:21:25,310 - mmseg - INFO - Iter [9450/160000]	lr: 7.489e-06, eta: 1 day, 8:19:06, time: 0.305, data_time: 0.004, memory: 22330, decode.loss_seg: 0.2876, decode.acc_seg: 75.3150, aux.loss_seg: 0.1499, aux.acc_seg: 72.7418, loss: 0.4375
2026-04-22 16:21:58,591 - mmseg - INFO - Iter [9500/160000]	lr: 7.487e-06, eta: 1 day, 8:17:03, time: 0.666, data_time: 0.360, memory: 22330, decode.loss_seg: 0.2854, decode.acc_seg: 75.2115, aux.loss_seg: 0.1495, aux.acc_seg: 72.4740, loss: 0.4349
2026-04-22 16:22:33,150 - mmseg - INFO - Iter [9550/160000]	lr: 7.484e-06, eta: 1 day, 8:15:20, time: 0.691, data_time: 0.388, memory: 22330, decode.loss_seg: 0.2909, decode.acc_seg: 76.6368, aux.loss_seg: 0.1560, aux.acc_seg: 73.5922, loss: 0.4469
2026-04-22 16:22:52,454 - mmseg - INFO - Iter [9600/160000]	lr: 7.482e-06, eta: 1 day, 8:09:39, time: 0.386, data_time: 0.004, memory: 22330, decode.loss_seg: 0.2848, decode.acc_seg: 75.8336, aux.loss_seg: 0.1533, aux.acc_seg: 72.9603, loss: 0.4380
2026-04-22 16:23:33,271 - mmseg - INFO - Iter [9650/160000]	lr: 7.479e-06, eta: 1 day, 8:09:37, time: 0.816, data_time: 0.322, memory: 22330, decode.loss_seg: 0.3114, decode.acc_seg: 76.8564, aux.loss_seg: 0.1602, aux.acc_seg: 74.0784, loss: 0.4716
2026-04-22 16:23:52,278 - mmseg - INFO - Iter [9700/160000]	lr: 7.477e-06, eta: 1 day, 8:03:56, time: 0.380, data_time: 0.005, memory: 22330, decode.loss_seg: 0.2857, decode.acc_seg: 76.6671, aux.loss_seg: 0.1507, aux.acc_seg: 74.0296, loss: 0.4365
2026-04-22 16:24:30,030 - mmseg - INFO - Iter [9750/160000]	lr: 7.474e-06, eta: 1 day, 8:03:08, time: 0.755, data_time: 0.346, memory: 22330, decode.loss_seg: 0.2808, decode.acc_seg: 75.7548, aux.loss_seg: 0.1503, aux.acc_seg: 73.0436, loss: 0.4310
2026-04-22 16:25:08,763 - mmseg - INFO - Iter [9800/160000]	lr: 7.472e-06, eta: 1 day, 8:02:35, time: 0.775, data_time: 0.334, memory: 22330, decode.loss_seg: 0.2769, decode.acc_seg: 75.9835, aux.loss_seg: 0.1476, aux.acc_seg: 73.1893, loss: 0.4245
2026-04-22 16:25:27,988 - mmseg - INFO - Iter [9850/160000]	lr: 7.469e-06, eta: 1 day, 7:57:04, time: 0.385, data_time: 0.006, memory: 22330, decode.loss_seg: 0.2876, decode.acc_seg: 77.1204, aux.loss_seg: 0.1501, aux.acc_seg: 74.6031, loss: 0.4378
2026-04-22 16:26:04,435 - mmseg - INFO - Iter [9900/160000]	lr: 7.467e-06, eta: 1 day, 7:55:57, time: 0.729, data_time: 0.315, memory: 22330, decode.loss_seg: 0.2715, decode.acc_seg: 76.0280, aux.loss_seg: 0.1441, aux.acc_seg: 73.3910, loss: 0.4156
2026-04-22 16:26:41,010 - mmseg - INFO - Iter [9950/160000]	lr: 7.464e-06, eta: 1 day, 7:54:53, time: 0.732, data_time: 0.354, memory: 22330, decode.loss_seg: 0.2816, decode.acc_seg: 76.6960, aux.loss_seg: 0.1486, aux.acc_seg: 74.0457, loss: 0.4302
2026-04-22 16:27:13,457 - mmseg - INFO - per class results:
2026-04-22 16:27:13,458 - mmseg - INFO - 
+------------+-------+-------+
| Class      | IoU   | Acc   |
+------------+-------+-------+
| housing    | 85.85 | 93.22 |
| industrial | 79.09 | 88.7  |
| natural    | 57.58 | 63.33 |
| land_use   | 43.19 | 50.13 |
| water      | 80.05 | 92.03 |
| other      | 90.79 | 95.63 |
+------------+-------+-------+
2026-04-22 16:27:13,458 - mmseg - INFO - Summary:
2026-04-22 16:27:13,458 - mmseg - INFO - 
+--------+-------+-------+------+
| Scope  | mIoU  | mAcc  | aAcc |
+--------+-------+-------+------+
| global | 72.76 | 80.51 | 87.1 |
+--------+-------+-------+------+
2026-04-22 16:27:13,491 - mmseg - INFO - Exp name: pixel_upernet_itpn_base_12_512_slide_160k_air_polarsar2_amp_linux.py
2026-04-22 16:27:13,491 - mmseg - INFO - Iter [10000/160000]	lr: 7.462e-06, eta: 1 day, 10:27:31, time: 13.027, data_time: 0.000, memory: 22330, mIoU: 0.7276, mAcc: 0.8051, aAcc: 0.8710
2026-04-22 16:27:51,235 - mmseg - INFO - Iter [10050/160000]	lr: 7.459e-06, eta: 1 day, 10:25:56, time: 0.755, data_time: 0.357, memory: 22330, decode.loss_seg: 0.2907, decode.acc_seg: 75.4219, aux.loss_seg: 0.1529, aux.acc_seg: 72.7650, loss: 0.4436
2026-04-22 16:28:29,238 - mmseg - INFO - Iter [10100/160000]	lr: 7.457e-06, eta: 1 day, 10:24:25, time: 0.760, data_time: 0.364, memory: 22330, decode.loss_seg: 0.2842, decode.acc_seg: 76.0357, aux.loss_seg: 0.1535, aux.acc_seg: 72.8707, loss: 0.4377
2026-04-22 16:28:48,017 - mmseg - INFO - Iter [10150/160000]	lr: 7.454e-06, eta: 1 day, 10:18:11, time: 0.375, data_time: 0.005, memory: 22330, decode.loss_seg: 0.2796, decode.acc_seg: 76.4253, aux.loss_seg: 0.1485, aux.acc_seg: 73.6806, loss: 0.4282
2026-04-22 16:29:23,571 - mmseg - INFO - Iter [10200/160000]	lr: 7.452e-06, eta: 1 day, 10:16:07, time: 0.711, data_time: 0.337, memory: 22330, decode.loss_seg: 0.2872, decode.acc_seg: 75.1132, aux.loss_seg: 0.1524, aux.acc_seg: 72.2910, loss: 0.4396
2026-04-22 16:30:00,546 - mmseg - INFO - Iter [10250/160000]	lr: 7.449e-06, eta: 1 day, 10:14:24, time: 0.739, data_time: 0.318, memory: 22330, decode.loss_seg: 0.2714, decode.acc_seg: 75.0604, aux.loss_seg: 0.1447, aux.acc_seg: 72.4039, loss: 0.4161
2026-04-22 16:30:19,735 - mmseg - INFO - Iter [10300/160000]	lr: 7.447e-06, eta: 1 day, 10:08:24, time: 0.384, data_time: 0.005, memory: 22330, decode.loss_seg: 0.2646, decode.acc_seg: 75.0826, aux.loss_seg: 0.1418, aux.acc_seg: 72.5886, loss: 0.4064
2026-04-22 16:30:57,026 - mmseg - INFO - Iter [10350/160000]	lr: 7.444e-06, eta: 1 day, 10:06:48, time: 0.746, data_time: 0.365, memory: 22330, decode.loss_seg: 0.2866, decode.acc_seg: 77.0284, aux.loss_seg: 0.1526, aux.acc_seg: 74.1137, loss: 0.4392
2026-04-22 16:31:33,854 - mmseg - INFO - Iter [10400/160000]	lr: 7.442e-06, eta: 1 day, 10:05:07, time: 0.737, data_time: 0.304, memory: 22330, decode.loss_seg: 0.2745, decode.acc_seg: 76.1959, aux.loss_seg: 0.1426, aux.acc_seg: 73.7818, loss: 0.4171
2026-04-22 16:31:53,137 - mmseg - INFO - Iter [10450/160000]	lr: 7.439e-06, eta: 1 day, 9:59:15, time: 0.386, data_time: 0.005, memory: 22330, decode.loss_seg: 0.2791, decode.acc_seg: 74.9103, aux.loss_seg: 0.1464, aux.acc_seg: 72.3782, loss: 0.4255
2026-04-22 16:32:31,976 - mmseg - INFO - Iter [10500/160000]	lr: 7.437e-06, eta: 1 day, 9:58:05, time: 0.777, data_time: 0.401, memory: 22330, decode.loss_seg: 0.2798, decode.acc_seg: 74.9238, aux.loss_seg: 0.1484, aux.acc_seg: 72.2219, loss: 0.4282
2026-04-22 16:33:07,491 - mmseg - INFO - Iter [10550/160000]	lr: 7.434e-06, eta: 1 day, 9:56:07, time: 0.710, data_time: 0.333, memory: 22330, decode.loss_seg: 0.2711, decode.acc_seg: 76.2937, aux.loss_seg: 0.1442, aux.acc_seg: 73.7250, loss: 0.4153
2026-04-22 16:33:22,779 - mmseg - INFO - Iter [10600/160000]	lr: 7.432e-06, eta: 1 day, 9:49:26, time: 0.306, data_time: 0.003, memory: 22330, decode.loss_seg: 0.2748, decode.acc_seg: 74.8217, aux.loss_seg: 0.1438, aux.acc_seg: 72.3349, loss: 0.4186
2026-04-22 16:33:55,514 - mmseg - INFO - Iter [10650/160000]	lr: 7.429e-06, eta: 1 day, 9:46:53, time: 0.655, data_time: 0.314, memory: 22330, decode.loss_seg: 0.2772, decode.acc_seg: 76.5754, aux.loss_seg: 0.1506, aux.acc_seg: 73.6619, loss: 0.4278
2026-04-22 16:34:10,721 - mmseg - INFO - Iter [10700/160000]	lr: 7.427e-06, eta: 1 day, 9:40:16, time: 0.304, data_time: 0.003, memory: 22330, decode.loss_seg: 0.2695, decode.acc_seg: 76.2827, aux.loss_seg: 0.1454, aux.acc_seg: 73.4368, loss: 0.4149
2026-04-22 16:34:42,217 - mmseg - INFO - Iter [10750/160000]	lr: 7.424e-06, eta: 1 day, 9:37:29, time: 0.630, data_time: 0.291, memory: 22330, decode.loss_seg: 0.2787, decode.acc_seg: 77.0540, aux.loss_seg: 0.1474, aux.acc_seg: 74.4107, loss: 0.4260
2026-04-22 16:35:13,528 - mmseg - INFO - Iter [10800/160000]	lr: 7.422e-06, eta: 1 day, 9:34:41, time: 0.626, data_time: 0.324, memory: 22330, decode.loss_seg: 0.2471, decode.acc_seg: 76.8021, aux.loss_seg: 0.1369, aux.acc_seg: 74.0192, loss: 0.3840
2026-04-22 16:35:28,817 - mmseg - INFO - Iter [10850/160000]	lr: 7.419e-06, eta: 1 day, 9:28:14, time: 0.306, data_time: 0.003, memory: 22330, decode.loss_seg: 0.2565, decode.acc_seg: 76.5987, aux.loss_seg: 0.1402, aux.acc_seg: 73.8322, loss: 0.3968
2026-04-22 16:35:59,327 - mmseg - INFO - Iter [10900/160000]	lr: 7.417e-06, eta: 1 day, 9:25:18, time: 0.610, data_time: 0.293, memory: 22330, decode.loss_seg: 0.2738, decode.acc_seg: 76.0996, aux.loss_seg: 0.1467, aux.acc_seg: 73.4679, loss: 0.4205
2026-04-22 16:36:30,464 - mmseg - INFO - Iter [10950/160000]	lr: 7.414e-06, eta: 1 day, 9:22:33, time: 0.623, data_time: 0.319, memory: 22330, decode.loss_seg: 0.2783, decode.acc_seg: 76.5650, aux.loss_seg: 0.1486, aux.acc_seg: 73.9948, loss: 0.4268
2026-04-22 16:36:45,662 - mmseg - INFO - Exp name: pixel_upernet_itpn_base_12_512_slide_160k_air_polarsar2_amp_linux.py
2026-04-22 16:36:45,662 - mmseg - INFO - Iter [11000/160000]	lr: 7.412e-06, eta: 1 day, 9:16:12, time: 0.304, data_time: 0.003, memory: 22330, decode.loss_seg: 0.2637, decode.acc_seg: 78.4400, aux.loss_seg: 0.1408, aux.acc_seg: 75.9177, loss: 0.4045
2026-04-22 16:37:17,814 - mmseg - INFO - Iter [11050/160000]	lr: 7.409e-06, eta: 1 day, 9:13:43, time: 0.643, data_time: 0.342, memory: 22330, decode.loss_seg: 0.2811, decode.acc_seg: 76.4103, aux.loss_seg: 0.1497, aux.acc_seg: 73.6222, loss: 0.4309
2026-04-22 16:37:48,750 - mmseg - INFO - Iter [11100/160000]	lr: 7.407e-06, eta: 1 day, 9:11:00, time: 0.619, data_time: 0.286, memory: 22330, decode.loss_seg: 0.2616, decode.acc_seg: 76.8885, aux.loss_seg: 0.1418, aux.acc_seg: 74.1956, loss: 0.4034
2026-04-22 16:38:04,044 - mmseg - INFO - Iter [11150/160000]	lr: 7.404e-06, eta: 1 day, 9:04:48, time: 0.306, data_time: 0.003, memory: 22330, decode.loss_seg: 0.2803, decode.acc_seg: 75.7942, aux.loss_seg: 0.1492, aux.acc_seg: 73.1207, loss: 0.4294
2026-04-22 16:38:35,664 - mmseg - INFO - Iter [11200/160000]	lr: 7.402e-06, eta: 1 day, 9:02:17, time: 0.632, data_time: 0.331, memory: 22330, decode.loss_seg: 0.2829, decode.acc_seg: 76.1385, aux.loss_seg: 0.1459, aux.acc_seg: 73.7172, loss: 0.4287
2026-04-22 16:39:08,450 - mmseg - INFO - Iter [11250/160000]	lr: 7.400e-06, eta: 1 day, 9:00:02, time: 0.656, data_time: 0.350, memory: 22330, decode.loss_seg: 0.2589, decode.acc_seg: 76.9373, aux.loss_seg: 0.1381, aux.acc_seg: 74.4749, loss: 0.3969
2026-04-22 16:39:23,761 - mmseg - INFO - Iter [11300/160000]	lr: 7.397e-06, eta: 1 day, 8:53:58, time: 0.306, data_time: 0.003, memory: 22330, decode.loss_seg: 0.2781, decode.acc_seg: 76.1984, aux.loss_seg: 0.1470, aux.acc_seg: 73.6853, loss: 0.4251
2026-04-22 16:39:55,363 - mmseg - INFO - Iter [11350/160000]	lr: 7.395e-06, eta: 1 day, 8:51:30, time: 0.632, data_time: 0.317, memory: 22330, decode.loss_seg: 0.2430, decode.acc_seg: 76.0915, aux.loss_seg: 0.1340, aux.acc_seg: 73.3676, loss: 0.3770
2026-04-22 16:40:25,607 - mmseg - INFO - Iter [11400/160000]	lr: 7.392e-06, eta: 1 day, 8:48:46, time: 0.605, data_time: 0.302, memory: 22330, decode.loss_seg: 0.2670, decode.acc_seg: 75.9566, aux.loss_seg: 0.1421, aux.acc_seg: 73.3491, loss: 0.4092
2026-04-22 16:40:40,781 - mmseg - INFO - Iter [11450/160000]	lr: 7.390e-06, eta: 1 day, 8:42:48, time: 0.304, data_time: 0.003, memory: 22330, decode.loss_seg: 0.2551, decode.acc_seg: 75.5407, aux.loss_seg: 0.1386, aux.acc_seg: 72.8537, loss: 0.3937
2026-04-22 16:41:11,879 - mmseg - INFO - Iter [11500/160000]	lr: 7.387e-06, eta: 1 day, 8:40:18, time: 0.622, data_time: 0.303, memory: 22330, decode.loss_seg: 0.2733, decode.acc_seg: 76.3003, aux.loss_seg: 0.1444, aux.acc_seg: 73.6877, loss: 0.4178
2026-04-22 16:41:27,101 - mmseg - INFO - Iter [11550/160000]	lr: 7.385e-06, eta: 1 day, 8:34:25, time: 0.305, data_time: 0.004, memory: 22330, decode.loss_seg: 0.2625, decode.acc_seg: 77.6266, aux.loss_seg: 0.1429, aux.acc_seg: 74.8402, loss: 0.4054
2026-04-22 16:42:00,012 - mmseg - INFO - Iter [11600/160000]	lr: 7.382e-06, eta: 1 day, 8:32:21, time: 0.658, data_time: 0.295, memory: 22330, decode.loss_seg: 0.2604, decode.acc_seg: 75.7846, aux.loss_seg: 0.1364, aux.acc_seg: 73.4725, loss: 0.3968
2026-04-22 16:42:32,748 - mmseg - INFO - Iter [11650/160000]	lr: 7.380e-06, eta: 1 day, 8:30:16, time: 0.655, data_time: 0.307, memory: 22330, decode.loss_seg: 0.2567, decode.acc_seg: 75.2256, aux.loss_seg: 0.1355, aux.acc_seg: 72.7616, loss: 0.3922
2026-04-22 16:42:48,006 - mmseg - INFO - Iter [11700/160000]	lr: 7.377e-06, eta: 1 day, 8:24:30, time: 0.305, data_time: 0.003, memory: 22330, decode.loss_seg: 0.2758, decode.acc_seg: 77.1582, aux.loss_seg: 0.1473, aux.acc_seg: 74.3140, loss: 0.4231
2026-04-22 16:43:19,454 - mmseg - INFO - Iter [11750/160000]	lr: 7.375e-06, eta: 1 day, 8:22:11, time: 0.629, data_time: 0.312, memory: 22330, decode.loss_seg: 0.2613, decode.acc_seg: 77.0221, aux.loss_seg: 0.1390, aux.acc_seg: 74.4490, loss: 0.4003
2026-04-22 16:43:51,810 - mmseg - INFO - Iter [11800/160000]	lr: 7.372e-06, eta: 1 day, 8:20:04, time: 0.647, data_time: 0.322, memory: 22330, decode.loss_seg: 0.2700, decode.acc_seg: 75.9132, aux.loss_seg: 0.1467, aux.acc_seg: 73.1300, loss: 0.4167
2026-04-22 16:44:07,141 - mmseg - INFO - Iter [11850/160000]	lr: 7.370e-06, eta: 1 day, 8:14:26, time: 0.307, data_time: 0.004, memory: 22330, decode.loss_seg: 0.2456, decode.acc_seg: 75.8965, aux.loss_seg: 0.1337, aux.acc_seg: 73.2927, loss: 0.3793
2026-04-22 16:44:39,719 - mmseg - INFO - Iter [11900/160000]	lr: 7.367e-06, eta: 1 day, 8:12:25, time: 0.651, data_time: 0.348, memory: 22330, decode.loss_seg: 0.2689, decode.acc_seg: 75.8216, aux.loss_seg: 0.1442, aux.acc_seg: 73.1512, loss: 0.4132
2026-04-22 16:45:13,402 - mmseg - INFO - Iter [11950/160000]	lr: 7.365e-06, eta: 1 day, 8:10:38, time: 0.674, data_time: 0.338, memory: 22330, decode.loss_seg: 0.2661, decode.acc_seg: 77.0676, aux.loss_seg: 0.1399, aux.acc_seg: 74.7796, loss: 0.4059
2026-04-22 16:45:40,120 - mmseg - INFO - per class results:
2026-04-22 16:45:40,121 - mmseg - INFO - 
+------------+-------+-------+
| Class      | IoU   | Acc   |
+------------+-------+-------+
| housing    | 87.0  | 93.12 |
| industrial | 80.0  | 90.15 |
| natural    | 60.58 | 65.77 |
| land_use   | 46.71 | 55.15 |
| water      | 80.91 | 91.37 |
| other      | 90.33 | 95.69 |
+------------+-------+-------+
2026-04-22 16:45:40,121 - mmseg - INFO - Summary:
2026-04-22 16:45:40,121 - mmseg - INFO - 
+--------+-------+-------+-------+
| Scope  | mIoU  | mAcc  | aAcc  |
+--------+-------+-------+-------+
| global | 74.26 | 81.87 | 87.78 |
+--------+-------+-------+-------+
2026-04-22 16:45:40,146 - mmseg - INFO - Exp name: pixel_upernet_itpn_base_12_512_slide_160k_air_polarsar2_amp_linux.py
2026-04-22 16:45:40,146 - mmseg - INFO - Iter [12000/160000]	lr: 7.362e-06, eta: 1 day, 10:02:08, time: 11.695, data_time: 0.000, memory: 22330, mIoU: 0.7426, mAcc: 0.8187, aAcc: 0.8778
2026-04-22 16:46:14,217 - mmseg - INFO - Iter [12050/160000]	lr: 7.360e-06, eta: 1 day, 9:59:57, time: 0.681, data_time: 0.345, memory: 22330, decode.loss_seg: 0.2553, decode.acc_seg: 75.8783, aux.loss_seg: 0.1378, aux.acc_seg: 73.3075, loss: 0.3931
2026-04-22 16:46:45,744 - mmseg - INFO - Iter [12100/160000]	lr: 7.357e-06, eta: 1 day, 9:57:15, time: 0.631, data_time: 0.297, memory: 22330, decode.loss_seg: 0.2533, decode.acc_seg: 75.0236, aux.loss_seg: 0.1368, aux.acc_seg: 72.4121, loss: 0.3901
2026-04-22 16:47:01,001 - mmseg - INFO - Iter [12150/160000]	lr: 7.355e-06, eta: 1 day, 9:51:17, time: 0.305, data_time: 0.003, memory: 22330, decode.loss_seg: 0.2521, decode.acc_seg: 75.5879, aux.loss_seg: 0.1385, aux.acc_seg: 72.6454, loss: 0.3906
2026-04-22 16:47:33,372 - mmseg - INFO - Iter [12200/160000]	lr: 7.352e-06, eta: 1 day, 9:48:48, time: 0.648, data_time: 0.330, memory: 22330, decode.loss_seg: 0.2617, decode.acc_seg: 77.1729, aux.loss_seg: 0.1417, aux.acc_seg: 74.6800, loss: 0.4035
2026-04-22 16:48:06,177 - mmseg - INFO - Iter [12250/160000]	lr: 7.350e-06, eta: 1 day, 9:46:26, time: 0.656, data_time: 0.353, memory: 22330, decode.loss_seg: 0.2480, decode.acc_seg: 77.1981, aux.loss_seg: 0.1343, aux.acc_seg: 74.5971, loss: 0.3823
2026-04-22 16:48:21,559 - mmseg - INFO - Iter [12300/160000]	lr: 7.347e-06, eta: 1 day, 9:40:36, time: 0.308, data_time: 0.003, memory: 22330, decode.loss_seg: 0.2483, decode.acc_seg: 76.6714, aux.loss_seg: 0.1343, aux.acc_seg: 74.1177, loss: 0.3826
2026-04-22 16:48:55,447 - mmseg - INFO - Iter [12350/160000]	lr: 7.345e-06, eta: 1 day, 9:38:29, time: 0.678, data_time: 0.348, memory: 22330, decode.loss_seg: 0.2434, decode.acc_seg: 76.4153, aux.loss_seg: 0.1338, aux.acc_seg: 73.7502, loss: 0.3772
2026-04-22 16:49:28,844 - mmseg - INFO - Iter [12400/160000]	lr: 7.342e-06, eta: 1 day, 9:36:17, time: 0.668, data_time: 0.366, memory: 22330, decode.loss_seg: 0.2425, decode.acc_seg: 76.1654, aux.loss_seg: 0.1328, aux.acc_seg: 73.4330, loss: 0.3753
2026-04-22 16:49:44,157 - mmseg - INFO - Iter [12450/160000]	lr: 7.340e-06, eta: 1 day, 9:30:32, time: 0.306, data_time: 0.003, memory: 22330, decode.loss_seg: 0.2416, decode.acc_seg: 76.9283, aux.loss_seg: 0.1315, aux.acc_seg: 74.4316, loss: 0.3730
2026-04-22 16:50:18,860 - mmseg - INFO - Iter [12500/160000]	lr: 7.337e-06, eta: 1 day, 9:28:38, time: 0.694, data_time: 0.378, memory: 22330, decode.loss_seg: 0.2462, decode.acc_seg: 77.4209, aux.loss_seg: 0.1357, aux.acc_seg: 74.6559, loss: 0.3819
2026-04-22 16:50:34,246 - mmseg - INFO - Iter [12550/160000]	lr: 7.335e-06, eta: 1 day, 9:22:58, time: 0.308, data_time: 0.004, memory: 22330, decode.loss_seg: 0.2580, decode.acc_seg: 75.5664, aux.loss_seg: 0.1388, aux.acc_seg: 72.9080, loss: 0.3968
2026-04-22 16:51:07,092 - mmseg - INFO - Iter [12600/160000]	lr: 7.332e-06, eta: 1 day, 9:20:45, time: 0.657, data_time: 0.315, memory: 22330, decode.loss_seg: 0.2499, decode.acc_seg: 75.6386, aux.loss_seg: 0.1343, aux.acc_seg: 73.1030, loss: 0.3841
2026-04-22 16:51:40,591 - mmseg - INFO - Iter [12650/160000]	lr: 7.330e-06, eta: 1 day, 9:18:40, time: 0.670, data_time: 0.331, memory: 22330, decode.loss_seg: 0.2568, decode.acc_seg: 76.0907, aux.loss_seg: 0.1389, aux.acc_seg: 73.3387, loss: 0.3957
2026-04-22 16:51:55,810 - mmseg - INFO - Iter [12700/160000]	lr: 7.327e-06, eta: 1 day, 9:13:04, time: 0.304, data_time: 0.003, memory: 22330, decode.loss_seg: 0.2488, decode.acc_seg: 77.5161, aux.loss_seg: 0.1363, aux.acc_seg: 74.8049, loss: 0.3852
2026-04-22 16:52:28,840 - mmseg - INFO - Iter [12750/160000]	lr: 7.325e-06, eta: 1 day, 9:10:56, time: 0.660, data_time: 0.337, memory: 22330, decode.loss_seg: 0.2420, decode.acc_seg: 77.4640, aux.loss_seg: 0.1323, aux.acc_seg: 75.0002, loss: 0.3743
2026-04-22 16:53:02,466 - mmseg - INFO - Iter [12800/160000]	lr: 7.322e-06, eta: 1 day, 9:08:56, time: 0.673, data_time: 0.323, memory: 22330, decode.loss_seg: 0.2471, decode.acc_seg: 77.8271, aux.loss_seg: 0.1343, aux.acc_seg: 75.2284, loss: 0.3814
2026-04-22 16:53:17,782 - mmseg - INFO - Iter [12850/160000]	lr: 7.320e-06, eta: 1 day, 9:03:26, time: 0.306, data_time: 0.003, memory: 22330, decode.loss_seg: 0.2466, decode.acc_seg: 77.2509, aux.loss_seg: 0.1331, aux.acc_seg: 74.7703, loss: 0.3797
2026-04-22 16:53:51,737 - mmseg - INFO - Iter [12900/160000]	lr: 7.317e-06, eta: 1 day, 9:01:32, time: 0.679, data_time: 0.347, memory: 22330, decode.loss_seg: 0.2405, decode.acc_seg: 76.6975, aux.loss_seg: 0.1324, aux.acc_seg: 74.0671, loss: 0.3729
2026-04-22 16:54:26,103 - mmseg - INFO - Iter [12950/160000]	lr: 7.315e-06, eta: 1 day, 8:59:43, time: 0.687, data_time: 0.345, memory: 22330, decode.loss_seg: 0.2486, decode.acc_seg: 75.7288, aux.loss_seg: 0.1356, aux.acc_seg: 73.1834, loss: 0.3842
2026-04-22 16:54:41,419 - mmseg - INFO - Exp name: pixel_upernet_itpn_base_12_512_slide_160k_air_polarsar2_amp_linux.py
2026-04-22 16:54:41,420 - mmseg - INFO - Iter [13000/160000]	lr: 7.312e-06, eta: 1 day, 8:54:19, time: 0.306, data_time: 0.004, memory: 22330, decode.loss_seg: 0.2437, decode.acc_seg: 77.0185, aux.loss_seg: 0.1337, aux.acc_seg: 74.3680, loss: 0.3774
2026-04-22 16:55:15,799 - mmseg - INFO - Iter [13050/160000]	lr: 7.310e-06, eta: 1 day, 8:52:32, time: 0.687, data_time: 0.372, memory: 22330, decode.loss_seg: 0.2433, decode.acc_seg: 77.4868, aux.loss_seg: 0.1330, aux.acc_seg: 74.7273, loss: 0.3763
2026-04-22 16:55:50,168 - mmseg - INFO - Iter [13100/160000]	lr: 7.307e-06, eta: 1 day, 8:50:46, time: 0.687, data_time: 0.369, memory: 22330, decode.loss_seg: 0.2448, decode.acc_seg: 78.1339, aux.loss_seg: 0.1320, aux.acc_seg: 75.6526, loss: 0.3768
2026-04-22 16:56:05,544 - mmseg - INFO - Iter [13150/160000]	lr: 7.305e-06, eta: 1 day, 8:45:28, time: 0.308, data_time: 0.004, memory: 22330, decode.loss_seg: 0.2455, decode.acc_seg: 78.4903, aux.loss_seg: 0.1333, aux.acc_seg: 75.8786, loss: 0.3788
2026-04-22 16:56:40,659 - mmseg - INFO - Iter [13200/160000]	lr: 7.303e-06, eta: 1 day, 8:43:52, time: 0.702, data_time: 0.366, memory: 22330, decode.loss_seg: 0.2332, decode.acc_seg: 76.5457, aux.loss_seg: 0.1283, aux.acc_seg: 73.9343, loss: 0.3616
2026-04-22 16:57:13,853 - mmseg - INFO - Iter [13250/160000]	lr: 7.300e-06, eta: 1 day, 8:41:55, time: 0.664, data_time: 0.337, memory: 22330, decode.loss_seg: 0.2356, decode.acc_seg: 76.3890, aux.loss_seg: 0.1285, aux.acc_seg: 73.9054, loss: 0.3642
2026-04-22 16:57:29,194 - mmseg - INFO - Iter [13300/160000]	lr: 7.298e-06, eta: 1 day, 8:36:41, time: 0.307, data_time: 0.003, memory: 22330, decode.loss_seg: 0.2449, decode.acc_seg: 78.4260, aux.loss_seg: 0.1337, aux.acc_seg: 75.7373, loss: 0.3787
2026-04-22 16:58:02,031 - mmseg - INFO - Iter [13350/160000]	lr: 7.295e-06, eta: 1 day, 8:34:42, time: 0.657, data_time: 0.287, memory: 22330, decode.loss_seg: 0.2478, decode.acc_seg: 76.0424, aux.loss_seg: 0.1323, aux.acc_seg: 73.6775, loss: 0.3801
2026-04-22 16:58:32,402 - mmseg - INFO - Iter [13400/160000]	lr: 7.293e-06, eta: 1 day, 8:32:17, time: 0.607, data_time: 0.303, memory: 22330, decode.loss_seg: 0.2490, decode.acc_seg: 76.0179, aux.loss_seg: 0.1348, aux.acc_seg: 73.7039, loss: 0.3838
2026-04-22 16:58:47,690 - mmseg - INFO - Iter [13450/160000]	lr: 7.290e-06, eta: 1 day, 8:27:09, time: 0.306, data_time: 0.003, memory: 22330, decode.loss_seg: 0.2328, decode.acc_seg: 78.0609, aux.loss_seg: 0.1315, aux.acc_seg: 75.2175, loss: 0.3643
2026-04-22 16:59:21,031 - mmseg - INFO - Iter [13500/160000]	lr: 7.288e-06, eta: 1 day, 8:25:18, time: 0.667, data_time: 0.329, memory: 22330, decode.loss_seg: 0.2395, decode.acc_seg: 75.3769, aux.loss_seg: 0.1310, aux.acc_seg: 72.6543, loss: 0.3704
2026-04-22 16:59:36,357 - mmseg - INFO - Iter [13550/160000]	lr: 7.285e-06, eta: 1 day, 8:20:13, time: 0.307, data_time: 0.004, memory: 22330, decode.loss_seg: 0.2319, decode.acc_seg: 77.3360, aux.loss_seg: 0.1260, aux.acc_seg: 74.9023, loss: 0.3580
2026-04-22 17:00:11,194 - mmseg - INFO - Iter [13600/160000]	lr: 7.283e-06, eta: 1 day, 8:18:41, time: 0.697, data_time: 0.385, memory: 22330, decode.loss_seg: 0.2505, decode.acc_seg: 77.9560, aux.loss_seg: 0.1337, aux.acc_seg: 75.5701, loss: 0.3842
2026-04-22 17:00:46,678 - mmseg - INFO - Iter [13650/160000]	lr: 7.280e-06, eta: 1 day, 8:17:15, time: 0.710, data_time: 0.396, memory: 22330, decode.loss_seg: 0.2465, decode.acc_seg: 77.3521, aux.loss_seg: 0.1336, aux.acc_seg: 74.8474, loss: 0.3801
2026-04-22 17:01:02,057 - mmseg - INFO - Iter [13700/160000]	lr: 7.278e-06, eta: 1 day, 8:12:16, time: 0.308, data_time: 0.004, memory: 22330, decode.loss_seg: 0.2384, decode.acc_seg: 78.7444, aux.loss_seg: 0.1319, aux.acc_seg: 76.0554, loss: 0.3703
2026-04-22 17:01:36,811 - mmseg - INFO - Iter [13750/160000]	lr: 7.275e-06, eta: 1 day, 8:10:45, time: 0.695, data_time: 0.348, memory: 22330, decode.loss_seg: 0.2246, decode.acc_seg: 76.9639, aux.loss_seg: 0.1242, aux.acc_seg: 74.2762, loss: 0.3488
2026-04-22 17:02:09,013 - mmseg - INFO - Iter [13800/160000]	lr: 7.273e-06, eta: 1 day, 8:08:47, time: 0.644, data_time: 0.314, memory: 22330, decode.loss_seg: 0.2522, decode.acc_seg: 75.5241, aux.loss_seg: 0.1374, aux.acc_seg: 72.9181, loss: 0.3896
2026-04-22 17:02:24,330 - mmseg - INFO - Iter [13850/160000]	lr: 7.270e-06, eta: 1 day, 8:03:51, time: 0.306, data_time: 0.003, memory: 22330, decode.loss_seg: 0.2280, decode.acc_seg: 77.4380, aux.loss_seg: 0.1283, aux.acc_seg: 74.7201, loss: 0.3563
2026-04-22 17:02:57,397 - mmseg - INFO - Iter [13900/160000]	lr: 7.268e-06, eta: 1 day, 8:02:04, time: 0.661, data_time: 0.347, memory: 22330, decode.loss_seg: 0.2277, decode.acc_seg: 77.2765, aux.loss_seg: 0.1256, aux.acc_seg: 74.7165, loss: 0.3533
2026-04-22 17:03:31,187 - mmseg - INFO - Iter [13950/160000]	lr: 7.265e-06, eta: 1 day, 8:00:25, time: 0.676, data_time: 0.330, memory: 22330, decode.loss_seg: 0.2319, decode.acc_seg: 76.0277, aux.loss_seg: 0.1261, aux.acc_seg: 73.7489, loss: 0.3580
2026-04-22 17:03:57,927 - mmseg - INFO - per class results:
2026-04-22 17:03:57,928 - mmseg - INFO - 
+------------+-------+-------+
| Class      | IoU   | Acc   |
+------------+-------+-------+
| housing    | 87.56 | 93.15 |
| industrial | 81.06 | 90.06 |
| natural    | 63.73 | 69.18 |
| land_use   | 49.23 | 58.3  |
| water      | 81.75 | 92.11 |
| other      | 90.7  | 97.37 |
+------------+-------+-------+
2026-04-22 17:03:57,928 - mmseg - INFO - Summary:
2026-04-22 17:03:57,928 - mmseg - INFO - 
+--------+-------+-------+-------+
| Scope  | mIoU  | mAcc  | aAcc  |
+--------+-------+-------+-------+
| global | 75.67 | 83.36 | 88.44 |
+--------+-------+-------+-------+
2026-04-22 17:03:57,953 - mmseg - INFO - Exp name: pixel_upernet_itpn_base_12_512_slide_160k_air_polarsar2_amp_linux.py
2026-04-22 17:03:57,953 - mmseg - INFO - Iter [14000/160000]	lr: 7.263e-06, eta: 1 day, 9:34:36, time: 11.703, data_time: 0.000, memory: 22330, mIoU: 0.7567, mAcc: 0.8336, aAcc: 0.8844
2026-04-22 17:04:31,883 - mmseg - INFO - Iter [14050/160000]	lr: 7.260e-06, eta: 1 day, 9:32:38, time: 0.679, data_time: 0.377, memory: 22330, decode.loss_seg: 0.2343, decode.acc_seg: 76.3821, aux.loss_seg: 0.1292, aux.acc_seg: 73.7197, loss: 0.3635
2026-04-22 17:05:05,288 - mmseg - INFO - Iter [14100/160000]	lr: 7.258e-06, eta: 1 day, 9:30:34, time: 0.668, data_time: 0.348, memory: 22330, decode.loss_seg: 0.2321, decode.acc_seg: 77.1497, aux.loss_seg: 0.1270, aux.acc_seg: 74.7004, loss: 0.3591
2026-04-22 17:05:20,576 - mmseg - INFO - Iter [14150/160000]	lr: 7.255e-06, eta: 1 day, 9:25:24, time: 0.306, data_time: 0.003, memory: 22330, decode.loss_seg: 0.2349, decode.acc_seg: 76.4709, aux.loss_seg: 0.1300, aux.acc_seg: 73.9338, loss: 0.3649
2026-04-22 17:05:55,227 - mmseg - INFO - Iter [14200/160000]	lr: 7.253e-06, eta: 1 day, 9:23:35, time: 0.693, data_time: 0.315, memory: 22330, decode.loss_seg: 0.2418, decode.acc_seg: 77.2697, aux.loss_seg: 0.1333, aux.acc_seg: 74.5521, loss: 0.3751
2026-04-22 17:06:29,497 - mmseg - INFO - Iter [14250/160000]	lr: 7.250e-06, eta: 1 day, 9:21:42, time: 0.685, data_time: 0.362, memory: 22330, decode.loss_seg: 0.2422, decode.acc_seg: 77.5880, aux.loss_seg: 0.1340, aux.acc_seg: 74.9155, loss: 0.3761
2026-04-22 17:06:44,797 - mmseg - INFO - Iter [14300/160000]	lr: 7.248e-06, eta: 1 day, 9:16:37, time: 0.306, data_time: 0.004, memory: 22330, decode.loss_seg: 0.2337, decode.acc_seg: 77.8381, aux.loss_seg: 0.1296, aux.acc_seg: 75.1048, loss: 0.3633
2026-04-22 17:07:19,113 - mmseg - INFO - Iter [14350/160000]	lr: 7.245e-06, eta: 1 day, 9:14:47, time: 0.686, data_time: 0.323, memory: 22330, decode.loss_seg: 0.2171, decode.acc_seg: 78.2227, aux.loss_seg: 0.1220, aux.acc_seg: 75.6324, loss: 0.3391
2026-04-22 17:07:53,324 - mmseg - INFO - Iter [14400/160000]	lr: 7.243e-06, eta: 1 day, 9:12:57, time: 0.684, data_time: 0.363, memory: 22330, decode.loss_seg: 0.2302, decode.acc_seg: 78.1781, aux.loss_seg: 0.1270, aux.acc_seg: 75.6151, loss: 0.3572
2026-04-22 17:08:08,644 - mmseg - INFO - Iter [14450/160000]	lr: 7.240e-06, eta: 1 day, 9:07:56, time: 0.307, data_time: 0.004, memory: 22330, decode.loss_seg: 0.2420, decode.acc_seg: 77.4740, aux.loss_seg: 0.1344, aux.acc_seg: 74.8046, loss: 0.3765
2026-04-22 17:08:43,287 - mmseg - INFO - Iter [14500/160000]	lr: 7.238e-06, eta: 1 day, 9:06:12, time: 0.693, data_time: 0.359, memory: 22330, decode.loss_seg: 0.2302, decode.acc_seg: 77.2985, aux.loss_seg: 0.1259, aux.acc_seg: 74.6860, loss: 0.3561
2026-04-22 17:08:58,643 - mmseg - INFO - Iter [14550/160000]	lr: 7.235e-06, eta: 1 day, 9:01:15, time: 0.307, data_time: 0.004, memory: 22330, decode.loss_seg: 0.2271, decode.acc_seg: 77.3757, aux.loss_seg: 0.1220, aux.acc_seg: 75.1358, loss: 0.3491
2026-04-22 17:09:33,672 - mmseg - INFO - Iter [14600/160000]	lr: 7.233e-06, eta: 1 day, 8:59:36, time: 0.701, data_time: 0.376, memory: 22330, decode.loss_seg: 0.2326, decode.acc_seg: 78.5990, aux.loss_seg: 0.1307, aux.acc_seg: 75.8123, loss: 0.3634
2026-04-22 17:10:06,522 - mmseg - INFO - Iter [14650/160000]	lr: 7.230e-06, eta: 1 day, 8:57:36, time: 0.657, data_time: 0.330, memory: 22330, decode.loss_seg: 0.2350, decode.acc_seg: 77.7068, aux.loss_seg: 0.1324, aux.acc_seg: 74.7679, loss: 0.3675
2026-04-22 17:10:21,790 - mmseg - INFO - Iter [14700/160000]	lr: 7.228e-06, eta: 1 day, 8:52:42, time: 0.306, data_time: 0.003, memory: 22330, decode.loss_seg: 0.2331, decode.acc_seg: 77.2989, aux.loss_seg: 0.1275, aux.acc_seg: 74.8026, loss: 0.3606
2026-04-22 17:10:55,579 - mmseg - INFO - Iter [14750/160000]	lr: 7.225e-06, eta: 1 day, 8:50:53, time: 0.676, data_time: 0.361, memory: 22330, decode.loss_seg: 0.2352, decode.acc_seg: 77.8850, aux.loss_seg: 0.1286, aux.acc_seg: 75.4277, loss: 0.3638
2026-04-22 17:11:28,673 - mmseg - INFO - Iter [14800/160000]	lr: 7.223e-06, eta: 1 day, 8:48:58, time: 0.662, data_time: 0.327, memory: 22330, decode.loss_seg: 0.2174, decode.acc_seg: 77.2787, aux.loss_seg: 0.1207, aux.acc_seg: 74.7987, loss: 0.3382
2026-04-22 17:11:44,025 - mmseg - INFO - Iter [14850/160000]	lr: 7.220e-06, eta: 1 day, 8:44:10, time: 0.307, data_time: 0.004, memory: 22330, decode.loss_seg: 0.2259, decode.acc_seg: 77.1140, aux.loss_seg: 0.1243, aux.acc_seg: 74.5926, loss: 0.3502
2026-04-22 17:12:16,934 - mmseg - INFO - Iter [14900/160000]	lr: 7.218e-06, eta: 1 day, 8:42:14, time: 0.658, data_time: 0.334, memory: 22330, decode.loss_seg: 0.2132, decode.acc_seg: 76.9768, aux.loss_seg: 0.1176, aux.acc_seg: 74.5437, loss: 0.3308
2026-04-22 17:12:52,789 - mmseg - INFO - Iter [14950/160000]	lr: 7.215e-06, eta: 1 day, 8:40:48, time: 0.717, data_time: 0.354, memory: 22330, decode.loss_seg: 0.2358, decode.acc_seg: 77.8385, aux.loss_seg: 0.1299, aux.acc_seg: 75.2965, loss: 0.3657
2026-04-22 17:13:08,131 - mmseg - INFO - Exp name: pixel_upernet_itpn_base_12_512_slide_160k_air_polarsar2_amp_linux.py
2026-04-22 17:13:08,131 - mmseg - INFO - Iter [15000/160000]	lr: 7.213e-06, eta: 1 day, 8:36:04, time: 0.307, data_time: 0.004, memory: 22330, decode.loss_seg: 0.2236, decode.acc_seg: 77.5381, aux.loss_seg: 0.1252, aux.acc_seg: 74.9778, loss: 0.3488
2026-04-22 17:13:42,450 - mmseg - INFO - Iter [15050/160000]	lr: 7.210e-06, eta: 1 day, 8:34:24, time: 0.686, data_time: 0.374, memory: 22330, decode.loss_seg: 0.2156, decode.acc_seg: 76.6473, aux.loss_seg: 0.1197, aux.acc_seg: 74.1249, loss: 0.3353
2026-04-22 17:14:16,168 - mmseg - INFO - Iter [15100/160000]	lr: 7.208e-06, eta: 1 day, 8:32:39, time: 0.674, data_time: 0.329, memory: 22330, decode.loss_seg: 0.2246, decode.acc_seg: 76.7442, aux.loss_seg: 0.1273, aux.acc_seg: 73.9805, loss: 0.3520
2026-04-22 17:14:31,512 - mmseg - INFO - Iter [15150/160000]	lr: 7.206e-06, eta: 1 day, 8:27:58, time: 0.307, data_time: 0.003, memory: 22330, decode.loss_seg: 0.2304, decode.acc_seg: 77.9183, aux.loss_seg: 0.1285, aux.acc_seg: 75.3174, loss: 0.3590
2026-04-22 17:15:05,597 - mmseg - INFO - Iter [15200/160000]	lr: 7.203e-06, eta: 1 day, 8:26:18, time: 0.682, data_time: 0.379, memory: 22330, decode.loss_seg: 0.2279, decode.acc_seg: 77.1933, aux.loss_seg: 0.1298, aux.acc_seg: 74.3966, loss: 0.3577
2026-04-22 17:15:38,583 - mmseg - INFO - Iter [15250/160000]	lr: 7.201e-06, eta: 1 day, 8:24:28, time: 0.660, data_time: 0.325, memory: 22330, decode.loss_seg: 0.2199, decode.acc_seg: 78.9109, aux.loss_seg: 0.1265, aux.acc_seg: 75.9638, loss: 0.3464
2026-04-22 17:15:53,958 - mmseg - INFO - Iter [15300/160000]	lr: 7.198e-06, eta: 1 day, 8:19:52, time: 0.308, data_time: 0.004, memory: 22330, decode.loss_seg: 0.2203, decode.acc_seg: 77.3768, aux.loss_seg: 0.1229, aux.acc_seg: 74.8762, loss: 0.3432
2026-04-22 17:16:28,618 - mmseg - INFO - Iter [15350/160000]	lr: 7.196e-06, eta: 1 day, 8:18:20, time: 0.693, data_time: 0.318, memory: 22330, decode.loss_seg: 0.2308, decode.acc_seg: 77.0771, aux.loss_seg: 0.1278, aux.acc_seg: 74.3456, loss: 0.3585
2026-04-22 17:16:43,994 - mmseg - INFO - Iter [15400/160000]	lr: 7.193e-06, eta: 1 day, 8:13:46, time: 0.308, data_time: 0.004, memory: 22330, decode.loss_seg: 0.2219, decode.acc_seg: 78.1268, aux.loss_seg: 0.1237, aux.acc_seg: 75.5314, loss: 0.3456
2026-04-22 17:17:16,741 - mmseg - INFO - Iter [15450/160000]	lr: 7.191e-06, eta: 1 day, 8:11:57, time: 0.655, data_time: 0.324, memory: 22330, decode.loss_seg: 0.2142, decode.acc_seg: 77.5399, aux.loss_seg: 0.1197, aux.acc_seg: 75.0926, loss: 0.3339
2026-04-22 17:17:50,272 - mmseg - INFO - Iter [15500/160000]	lr: 7.188e-06, eta: 1 day, 8:10:16, time: 0.671, data_time: 0.354, memory: 22330, decode.loss_seg: 0.2286, decode.acc_seg: 78.1546, aux.loss_seg: 0.1287, aux.acc_seg: 75.3510, loss: 0.3573
2026-04-22 17:18:05,566 - mmseg - INFO - Iter [15550/160000]	lr: 7.186e-06, eta: 1 day, 8:05:46, time: 0.306, data_time: 0.004, memory: 22330, decode.loss_seg: 0.2296, decode.acc_seg: 78.7930, aux.loss_seg: 0.1279, aux.acc_seg: 76.0799, loss: 0.3575
2026-04-22 17:18:38,851 - mmseg - INFO - Iter [15600/160000]	lr: 7.183e-06, eta: 1 day, 8:04:04, time: 0.666, data_time: 0.343, memory: 22330, decode.loss_seg: 0.2308, decode.acc_seg: 78.0828, aux.loss_seg: 0.1303, aux.acc_seg: 75.2210, loss: 0.3611
2026-04-22 17:19:13,270 - mmseg - INFO - Iter [15650/160000]	lr: 7.181e-06, eta: 1 day, 8:02:33, time: 0.688, data_time: 0.328, memory: 22330, decode.loss_seg: 0.2141, decode.acc_seg: 78.0134, aux.loss_seg: 0.1205, aux.acc_seg: 75.4956, loss: 0.3346
2026-04-22 17:19:28,627 - mmseg - INFO - Iter [15700/160000]	lr: 7.178e-06, eta: 1 day, 7:58:07, time: 0.307, data_time: 0.003, memory: 22330, decode.loss_seg: 0.2188, decode.acc_seg: 77.6303, aux.loss_seg: 0.1226, aux.acc_seg: 75.0108, loss: 0.3414
2026-04-22 17:20:01,617 - mmseg - INFO - Iter [15750/160000]	lr: 7.176e-06, eta: 1 day, 7:56:23, time: 0.660, data_time: 0.340, memory: 22330, decode.loss_seg: 0.2134, decode.acc_seg: 77.8713, aux.loss_seg: 0.1185, aux.acc_seg: 75.3938, loss: 0.3319
2026-04-22 17:20:35,073 - mmseg - INFO - Iter [15800/160000]	lr: 7.173e-06, eta: 1 day, 7:54:45, time: 0.669, data_time: 0.329, memory: 22330, decode.loss_seg: 0.2213, decode.acc_seg: 77.3281, aux.loss_seg: 0.1225, aux.acc_seg: 74.9530, loss: 0.3438
2026-04-22 17:20:50,428 - mmseg - INFO - Iter [15850/160000]	lr: 7.171e-06, eta: 1 day, 7:50:23, time: 0.307, data_time: 0.003, memory: 22330, decode.loss_seg: 0.2190, decode.acc_seg: 78.6285, aux.loss_seg: 0.1230, aux.acc_seg: 76.0631, loss: 0.3420
2026-04-22 17:21:23,231 - mmseg - INFO - Iter [15900/160000]	lr: 7.168e-06, eta: 1 day, 7:48:40, time: 0.656, data_time: 0.348, memory: 22330, decode.loss_seg: 0.2211, decode.acc_seg: 78.3350, aux.loss_seg: 0.1235, aux.acc_seg: 75.7140, loss: 0.3446
2026-04-22 17:21:54,063 - mmseg - INFO - Iter [15950/160000]	lr: 7.166e-06, eta: 1 day, 7:46:40, time: 0.617, data_time: 0.305, memory: 22330, decode.loss_seg: 0.2420, decode.acc_seg: 76.6287, aux.loss_seg: 0.1319, aux.acc_seg: 73.9433, loss: 0.3739
2026-04-22 17:22:09,390 - mmseg - INFO - Saving checkpoint at 16000 iterations
2026-04-22 17:22:22,103 - mmseg - INFO - per class results:
2026-04-22 17:22:22,104 - mmseg - INFO - 
+------------+-------+-------+
| Class      | IoU   | Acc   |
+------------+-------+-------+
| housing    | 87.88 | 92.88 |
| industrial | 81.46 | 89.2  |
| natural    | 64.42 | 69.52 |
| land_use   | 49.55 | 57.51 |
| water      | 82.41 | 93.91 |
| other      | 91.61 | 97.85 |
+------------+-------+-------+
2026-04-22 17:22:22,104 - mmseg - INFO - Summary:
2026-04-22 17:22:22,104 - mmseg - INFO - 
+--------+-------+-------+-------+
| Scope  | mIoU  | mAcc  | aAcc  |
+--------+-------+-------+-------+
| global | 76.22 | 83.48 | 88.78 |
+--------+-------+-------+-------+
2026-04-22 17:22:22,127 - mmseg - INFO - Exp name: pixel_upernet_itpn_base_12_512_slide_160k_air_polarsar2_amp_linux.py
2026-04-22 17:22:22,127 - mmseg - INFO - Iter [16000/160000]	lr: 7.163e-06, eta: 1 day, 9:17:51, time: 13.042, data_time: 0.000, memory: 22330, mIoU: 0.7622, mAcc: 0.8348, aAcc: 0.8878
2026-04-22 17:22:56,003 - mmseg - INFO - Iter [16050/160000]	lr: 7.161e-06, eta: 1 day, 9:16:00, time: 0.677, data_time: 0.336, memory: 22330, decode.loss_seg: 0.2164, decode.acc_seg: 77.0734, aux.loss_seg: 0.1214, aux.acc_seg: 74.4148, loss: 0.3377
2026-04-22 17:23:30,483 - mmseg - INFO - Iter [16100/160000]	lr: 7.158e-06, eta: 1 day, 9:14:15, time: 0.690, data_time: 0.361, memory: 22330, decode.loss_seg: 0.2354, decode.acc_seg: 78.0797, aux.loss_seg: 0.1293, aux.acc_seg: 75.4039, loss: 0.3647
2026-04-22 17:23:45,835 - mmseg - INFO - Iter [16150/160000]	lr: 7.156e-06, eta: 1 day, 9:09:40, time: 0.307, data_time: 0.003, memory: 22330, decode.loss_seg: 0.2148, decode.acc_seg: 77.6924, aux.loss_seg: 0.1187, aux.acc_seg: 75.1831, loss: 0.3335
2026-04-22 17:24:19,946 - mmseg - INFO - Iter [16200/160000]	lr: 7.153e-06, eta: 1 day, 9:07:53, time: 0.682, data_time: 0.328, memory: 22330, decode.loss_seg: 0.2281, decode.acc_seg: 78.5764, aux.loss_seg: 0.1299, aux.acc_seg: 75.8045, loss: 0.3580
2026-04-22 17:24:54,219 - mmseg - INFO - Iter [16250/160000]	lr: 7.151e-06, eta: 1 day, 9:06:08, time: 0.685, data_time: 0.375, memory: 22330, decode.loss_seg: 0.2177, decode.acc_seg: 78.3804, aux.loss_seg: 0.1224, aux.acc_seg: 75.8155, loss: 0.3401
2026-04-22 17:25:09,600 - mmseg - INFO - Iter [16300/160000]	lr: 7.148e-06, eta: 1 day, 9:01:36, time: 0.308, data_time: 0.004, memory: 22330, decode.loss_seg: 0.2033, decode.acc_seg: 77.8343, aux.loss_seg: 0.1160, aux.acc_seg: 75.1691, loss: 0.3193
2026-04-22 17:25:43,516 - mmseg - INFO - Iter [16350/160000]	lr: 7.146e-06, eta: 1 day, 8:59:49, time: 0.678, data_time: 0.328, memory: 22330, decode.loss_seg: 0.2216, decode.acc_seg: 78.7385, aux.loss_seg: 0.1238, aux.acc_seg: 76.1146, loss: 0.3454
2026-04-22 17:25:58,862 - mmseg - INFO - Iter [16400/160000]	lr: 7.143e-06, eta: 1 day, 8:55:20, time: 0.307, data_time: 0.003, memory: 22330, decode.loss_seg: 0.2229, decode.acc_seg: 77.8674, aux.loss_seg: 0.1224, aux.acc_seg: 75.4840, loss: 0.3453
2026-04-22 17:26:32,881 - mmseg - INFO - Iter [16450/160000]	lr: 7.141e-06, eta: 1 day, 8:53:36, time: 0.681, data_time: 0.356, memory: 22330, decode.loss_seg: 0.2110, decode.acc_seg: 78.4224, aux.loss_seg: 0.1189, aux.acc_seg: 75.8995, loss: 0.3299
2026-04-22 17:27:07,736 - mmseg - INFO - Iter [16500/160000]	lr: 7.138e-06, eta: 1 day, 8:51:59, time: 0.697, data_time: 0.372, memory: 22330, decode.loss_seg: 0.2179, decode.acc_seg: 77.9892, aux.loss_seg: 0.1200, aux.acc_seg: 75.5438, loss: 0.3378
2026-04-22 17:27:23,117 - mmseg - INFO - Iter [16550/160000]	lr: 7.136e-06, eta: 1 day, 8:47:34, time: 0.308, data_time: 0.004, memory: 22330, decode.loss_seg: 0.2170, decode.acc_seg: 77.4492, aux.loss_seg: 0.1187, aux.acc_seg: 75.0103, loss: 0.3357
2026-04-22 17:27:58,535 - mmseg - INFO - Iter [16600/160000]	lr: 7.133e-06, eta: 1 day, 8:46:03, time: 0.708, data_time: 0.403, memory: 22330, decode.loss_seg: 0.2053, decode.acc_seg: 78.1603, aux.loss_seg: 0.1142, aux.acc_seg: 75.7751, loss: 0.3195
2026-04-22 17:28:33,190 - mmseg - INFO - Iter [16650/160000]	lr: 7.131e-06, eta: 1 day, 8:44:26, time: 0.693, data_time: 0.390, memory: 22330, decode.loss_seg: 0.2083, decode.acc_seg: 77.3691, aux.loss_seg: 0.1179, aux.acc_seg: 74.7653, loss: 0.3262
2026-04-22 17:28:48,452 - mmseg - INFO - Iter [16700/160000]	lr: 7.128e-06, eta: 1 day, 8:40:03, time: 0.305, data_time: 0.004, memory: 22330, decode.loss_seg: 0.2087, decode.acc_seg: 78.4349, aux.loss_seg: 0.1175, aux.acc_seg: 75.9048, loss: 0.3262
2026-04-22 17:29:22,386 - mmseg - INFO - Iter [16750/160000]	lr: 7.126e-06, eta: 1 day, 8:38:22, time: 0.679, data_time: 0.349, memory: 22330, decode.loss_seg: 0.2118, decode.acc_seg: 77.4998, aux.loss_seg: 0.1195, aux.acc_seg: 74.9114, loss: 0.3313
2026-04-22 17:29:57,131 - mmseg - INFO - Iter [16800/160000]	lr: 7.123e-06, eta: 1 day, 8:36:47, time: 0.695, data_time: 0.350, memory: 22330, decode.loss_seg: 0.2087, decode.acc_seg: 78.0722, aux.loss_seg: 0.1214, aux.acc_seg: 75.0977, loss: 0.3301
2026-04-22 17:30:12,477 - mmseg - INFO - Iter [16850/160000]	lr: 7.121e-06, eta: 1 day, 8:32:28, time: 0.307, data_time: 0.004, memory: 22330, decode.loss_seg: 0.2141, decode.acc_seg: 78.5047, aux.loss_seg: 0.1204, aux.acc_seg: 75.8791, loss: 0.3345
2026-04-22 17:30:48,257 - mmseg - INFO - Iter [16900/160000]	lr: 7.118e-06, eta: 1 day, 8:31:04, time: 0.716, data_time: 0.359, memory: 22330, decode.loss_seg: 0.2136, decode.acc_seg: 79.1307, aux.loss_seg: 0.1226, aux.acc_seg: 76.1076, loss: 0.3362
2026-04-22 17:31:23,375 - mmseg - INFO - Iter [16950/160000]	lr: 7.116e-06, eta: 1 day, 8:29:34, time: 0.702, data_time: 0.335, memory: 22330, decode.loss_seg: 0.2154, decode.acc_seg: 78.1312, aux.loss_seg: 0.1196, aux.acc_seg: 75.7071, loss: 0.3350
2026-04-22 17:31:38,722 - mmseg - INFO - Exp name: pixel_upernet_itpn_base_12_512_slide_160k_air_polarsar2_amp_linux.py
2026-04-22 17:31:38,723 - mmseg - INFO - Iter [17000/160000]	lr: 7.113e-06, eta: 1 day, 8:25:18, time: 0.307, data_time: 0.003, memory: 22330, decode.loss_seg: 0.2056, decode.acc_seg: 78.6006, aux.loss_seg: 0.1143, aux.acc_seg: 76.1549, loss: 0.3199
2026-04-22 17:32:14,742 - mmseg - INFO - Iter [17050/160000]	lr: 7.111e-06, eta: 1 day, 8:23:57, time: 0.720, data_time: 0.406, memory: 22330, decode.loss_seg: 0.2142, decode.acc_seg: 79.7386, aux.loss_seg: 0.1197, aux.acc_seg: 77.1201, loss: 0.3338
2026-04-22 17:32:49,978 - mmseg - INFO - Iter [17100/160000]	lr: 7.109e-06, eta: 1 day, 8:22:30, time: 0.705, data_time: 0.340, memory: 22330, decode.loss_seg: 0.2102, decode.acc_seg: 76.3552, aux.loss_seg: 0.1146, aux.acc_seg: 74.1161, loss: 0.3248
2026-04-22 17:33:05,331 - mmseg - INFO - Iter [17150/160000]	lr: 7.106e-06, eta: 1 day, 8:18:18, time: 0.307, data_time: 0.004, memory: 22330, decode.loss_seg: 0.1999, decode.acc_seg: 78.6346, aux.loss_seg: 0.1135, aux.acc_seg: 76.2442, loss: 0.3134
2026-04-22 17:33:39,822 - mmseg - INFO - Iter [17200/160000]	lr: 7.104e-06, eta: 1 day, 8:16:45, time: 0.690, data_time: 0.387, memory: 22330, decode.loss_seg: 0.2159, decode.acc_seg: 77.9077, aux.loss_seg: 0.1206, aux.acc_seg: 75.3291, loss: 0.3365
2026-04-22 17:34:15,018 - mmseg - INFO - Iter [17250/160000]	lr: 7.101e-06, eta: 1 day, 8:15:19, time: 0.704, data_time: 0.400, memory: 22330, decode.loss_seg: 0.2109, decode.acc_seg: 79.0702, aux.loss_seg: 0.1154, aux.acc_seg: 76.8862, loss: 0.3264
2026-04-22 17:34:30,383 - mmseg - INFO - Iter [17300/160000]	lr: 7.099e-06, eta: 1 day, 8:11:10, time: 0.307, data_time: 0.004, memory: 22330, decode.loss_seg: 0.2084, decode.acc_seg: 78.1514, aux.loss_seg: 0.1196, aux.acc_seg: 75.4341, loss: 0.3280
2026-04-22 17:35:06,391 - mmseg - INFO - Iter [17350/160000]	lr: 7.096e-06, eta: 1 day, 8:09:51, time: 0.720, data_time: 0.411, memory: 22330, decode.loss_seg: 0.2202, decode.acc_seg: 77.4363, aux.loss_seg: 0.1227, aux.acc_seg: 74.8479, loss: 0.3430
2026-04-22 17:35:21,747 - mmseg - INFO - Iter [17400/160000]	lr: 7.094e-06, eta: 1 day, 8:05:44, time: 0.307, data_time: 0.005, memory: 22330, decode.loss_seg: 0.2066, decode.acc_seg: 76.3261, aux.loss_seg: 0.1181, aux.acc_seg: 73.7426, loss: 0.3247
2026-04-22 17:35:56,059 - mmseg - INFO - Iter [17450/160000]	lr: 7.091e-06, eta: 1 day, 8:04:13, time: 0.686, data_time: 0.379, memory: 22330, decode.loss_seg: 0.2078, decode.acc_seg: 77.9663, aux.loss_seg: 0.1159, aux.acc_seg: 75.6001, loss: 0.3237
2026-04-22 17:36:29,283 - mmseg - INFO - Iter [17500/160000]	lr: 7.089e-06, eta: 1 day, 8:02:33, time: 0.665, data_time: 0.362, memory: 22330, decode.loss_seg: 0.2263, decode.acc_seg: 78.7633, aux.loss_seg: 0.1283, aux.acc_seg: 76.0187, loss: 0.3546
2026-04-22 17:36:44,668 - mmseg - INFO - Iter [17550/160000]	lr: 7.086e-06, eta: 1 day, 7:58:29, time: 0.307, data_time: 0.004, memory: 22330, decode.loss_seg: 0.2049, decode.acc_seg: 77.9550, aux.loss_seg: 0.1164, aux.acc_seg: 75.4527, loss: 0.3213
2026-04-22 17:37:20,596 - mmseg - INFO - Iter [17600/160000]	lr: 7.084e-06, eta: 1 day, 7:57:12, time: 0.719, data_time: 0.344, memory: 22330, decode.loss_seg: 0.2102, decode.acc_seg: 78.1481, aux.loss_seg: 0.1206, aux.acc_seg: 75.3104, loss: 0.3308
2026-04-22 17:37:56,025 - mmseg - INFO - Iter [17650/160000]	lr: 7.081e-06, eta: 1 day, 7:55:52, time: 0.708, data_time: 0.372, memory: 22330, decode.loss_seg: 0.2064, decode.acc_seg: 77.9234, aux.loss_seg: 0.1156, aux.acc_seg: 75.5131, loss: 0.3219
2026-04-22 17:38:11,428 - mmseg - INFO - Iter [17700/160000]	lr: 7.079e-06, eta: 1 day, 7:51:51, time: 0.308, data_time: 0.004, memory: 22330, decode.loss_seg: 0.2065, decode.acc_seg: 78.6823, aux.loss_seg: 0.1158, aux.acc_seg: 76.3863, loss: 0.3223
2026-04-22 17:38:46,353 - mmseg - INFO - Iter [17750/160000]	lr: 7.076e-06, eta: 1 day, 7:50:27, time: 0.698, data_time: 0.342, memory: 22330, decode.loss_seg: 0.2078, decode.acc_seg: 78.1688, aux.loss_seg: 0.1189, aux.acc_seg: 75.5610, loss: 0.3267
2026-04-22 17:39:20,092 - mmseg - INFO - Iter [17800/160000]	lr: 7.074e-06, eta: 1 day, 7:48:55, time: 0.675, data_time: 0.333, memory: 22330, decode.loss_seg: 0.2039, decode.acc_seg: 78.2008, aux.loss_seg: 0.1144, aux.acc_seg: 75.7450, loss: 0.3182
2026-04-22 17:39:35,514 - mmseg - INFO - Iter [17850/160000]	lr: 7.071e-06, eta: 1 day, 7:44:57, time: 0.309, data_time: 0.003, memory: 22330, decode.loss_seg: 0.2031, decode.acc_seg: 78.0098, aux.loss_seg: 0.1164, aux.acc_seg: 75.4770, loss: 0.3195
2026-04-22 17:40:09,847 - mmseg - INFO - Iter [17900/160000]	lr: 7.069e-06, eta: 1 day, 7:43:30, time: 0.686, data_time: 0.380, memory: 22330, decode.loss_seg: 0.2010, decode.acc_seg: 78.8056, aux.loss_seg: 0.1147, aux.acc_seg: 76.1792, loss: 0.3157
2026-04-22 17:40:45,085 - mmseg - INFO - Iter [17950/160000]	lr: 7.066e-06, eta: 1 day, 7:42:10, time: 0.705, data_time: 0.379, memory: 22330, decode.loss_seg: 0.2092, decode.acc_seg: 78.2475, aux.loss_seg: 0.1149, aux.acc_seg: 75.8566, loss: 0.3241
2026-04-22 17:41:11,903 - mmseg - INFO - per class results:
2026-04-22 17:41:11,903 - mmseg - INFO - 
+------------+-------+-------+
| Class      | IoU   | Acc   |
+------------+-------+-------+
| housing    | 88.2  | 93.84 |
| industrial | 81.94 | 88.63 |
| natural    | 64.82 | 70.04 |
| land_use   | 51.59 | 61.2  |
| water      | 82.82 | 94.08 |
| other      | 91.64 | 98.45 |
+------------+-------+-------+
2026-04-22 17:41:11,903 - mmseg - INFO - Summary:
2026-04-22 17:41:11,903 - mmseg - INFO - 
+--------+-------+-------+-------+
| Scope  | mIoU  | mAcc  | aAcc  |
+--------+-------+-------+-------+
| global | 76.83 | 84.37 | 89.09 |
+--------+-------+-------+-------+
2026-04-22 17:41:11,928 - mmseg - INFO - Exp name: pixel_upernet_itpn_base_12_512_slide_160k_air_polarsar2_amp_linux.py
2026-04-22 17:41:11,928 - mmseg - INFO - Iter [18000/160000]	lr: 7.064e-06, eta: 1 day, 8:53:37, time: 11.772, data_time: 0.000, memory: 22330, mIoU: 0.7683, mAcc: 0.8437, aAcc: 0.8909
2026-04-22 17:41:46,588 - mmseg - INFO - Iter [18050/160000]	lr: 7.061e-06, eta: 1 day, 8:52:00, time: 0.693, data_time: 0.338, memory: 22330, decode.loss_seg: 0.2107, decode.acc_seg: 78.6800, aux.loss_seg: 0.1184, aux.acc_seg: 75.9803, loss: 0.3290
2026-04-22 17:42:20,287 - mmseg - INFO - Iter [18100/160000]	lr: 7.059e-06, eta: 1 day, 8:50:15, time: 0.674, data_time: 0.347, memory: 22330, decode.loss_seg: 0.1909, decode.acc_seg: 77.0275, aux.loss_seg: 0.1076, aux.acc_seg: 74.7995, loss: 0.2986
2026-04-22 17:42:35,709 - mmseg - INFO - Iter [18150/160000]	lr: 7.056e-06, eta: 1 day, 8:46:09, time: 0.308, data_time: 0.003, memory: 22330, decode.loss_seg: 0.2033, decode.acc_seg: 80.0381, aux.loss_seg: 0.1197, aux.acc_seg: 77.2014, loss: 0.3231
2026-04-22 17:43:10,325 - mmseg - INFO - Iter [18200/160000]	lr: 7.054e-06, eta: 1 day, 8:44:33, time: 0.692, data_time: 0.339, memory: 22330, decode.loss_seg: 0.2135, decode.acc_seg: 76.3377, aux.loss_seg: 0.1183, aux.acc_seg: 73.8860, loss: 0.3319
2026-04-22 17:43:43,524 - mmseg - INFO - Iter [18250/160000]	lr: 7.051e-06, eta: 1 day, 8:42:46, time: 0.664, data_time: 0.337, memory: 22330, decode.loss_seg: 0.2113, decode.acc_seg: 78.7402, aux.loss_seg: 0.1180, aux.acc_seg: 76.1849, loss: 0.3293
2026-04-22 17:43:58,938 - mmseg - INFO - Iter [18300/160000]	lr: 7.049e-06, eta: 1 day, 8:38:42, time: 0.308, data_time: 0.004, memory: 22330, decode.loss_seg: 0.2063, decode.acc_seg: 78.2198, aux.loss_seg: 0.1175, aux.acc_seg: 75.5382, loss: 0.3239
2026-04-22 17:44:33,190 - mmseg - INFO - Iter [18350/160000]	lr: 7.046e-06, eta: 1 day, 8:37:05, time: 0.685, data_time: 0.352, memory: 22330, decode.loss_seg: 0.2132, decode.acc_seg: 77.9775, aux.loss_seg: 0.1212, aux.acc_seg: 75.3548, loss: 0.3344
2026-04-22 17:44:48,596 - mmseg - INFO - Iter [18400/160000]	lr: 7.044e-06, eta: 1 day, 8:33:03, time: 0.308, data_time: 0.004, memory: 22330, decode.loss_seg: 0.2051, decode.acc_seg: 78.6061, aux.loss_seg: 0.1165, aux.acc_seg: 76.0180, loss: 0.3216
2026-04-22 17:45:24,128 - mmseg - INFO - Iter [18450/160000]	lr: 7.041e-06, eta: 1 day, 8:31:37, time: 0.711, data_time: 0.407, memory: 22330, decode.loss_seg: 0.2046, decode.acc_seg: 78.4807, aux.loss_seg: 0.1174, aux.acc_seg: 75.9122, loss: 0.3220
2026-04-22 17:45:59,380 - mmseg - INFO - Iter [18500/160000]	lr: 7.039e-06, eta: 1 day, 8:30:09, time: 0.705, data_time: 0.401, memory: 22330, decode.loss_seg: 0.1935, decode.acc_seg: 77.1010, aux.loss_seg: 0.1094, aux.acc_seg: 74.7222, loss: 0.3029
2026-04-22 17:46:14,778 - mmseg - INFO - Iter [18550/160000]	lr: 7.036e-06, eta: 1 day, 8:26:10, time: 0.308, data_time: 0.003, memory: 22330, decode.loss_seg: 0.1899, decode.acc_seg: 76.7616, aux.loss_seg: 0.1081, aux.acc_seg: 74.3055, loss: 0.2979
2026-04-22 17:46:49,381 - mmseg - INFO - Iter [18600/160000]	lr: 7.034e-06, eta: 1 day, 8:24:38, time: 0.692, data_time: 0.355, memory: 22330, decode.loss_seg: 0.2103, decode.acc_seg: 78.0475, aux.loss_seg: 0.1161, aux.acc_seg: 75.5661, loss: 0.3264
2026-04-22 17:47:24,183 - mmseg - INFO - Iter [18650/160000]	lr: 7.031e-06, eta: 1 day, 8:23:08, time: 0.696, data_time: 0.378, memory: 22330, decode.loss_seg: 0.1969, decode.acc_seg: 78.4347, aux.loss_seg: 0.1132, aux.acc_seg: 75.9734, loss: 0.3101
2026-04-22 17:47:39,557 - mmseg - INFO - Iter [18700/160000]	lr: 7.029e-06, eta: 1 day, 8:19:11, time: 0.307, data_time: 0.003, memory: 22330, decode.loss_seg: 0.1973, decode.acc_seg: 78.3948, aux.loss_seg: 0.1115, aux.acc_seg: 76.0274, loss: 0.3088
2026-04-22 17:48:15,265 - mmseg - INFO - Iter [18750/160000]	lr: 7.026e-06, eta: 1 day, 8:17:49, time: 0.714, data_time: 0.353, memory: 22330, decode.loss_seg: 0.1947, decode.acc_seg: 77.7047, aux.loss_seg: 0.1104, aux.acc_seg: 75.2005, loss: 0.3051
2026-04-22 17:48:50,235 - mmseg - INFO - Iter [18800/160000]	lr: 7.024e-06, eta: 1 day, 8:16:21, time: 0.699, data_time: 0.375, memory: 22330, decode.loss_seg: 0.1982, decode.acc_seg: 77.7247, aux.loss_seg: 0.1124, aux.acc_seg: 75.2493, loss: 0.3106
2026-04-22 17:49:05,556 - mmseg - INFO - Iter [18850/160000]	lr: 7.021e-06, eta: 1 day, 8:12:26, time: 0.307, data_time: 0.004, memory: 22330, decode.loss_seg: 0.1917, decode.acc_seg: 78.2376, aux.loss_seg: 0.1087, aux.acc_seg: 75.9630, loss: 0.3004
2026-04-22 17:49:40,315 - mmseg - INFO - Iter [18900/160000]	lr: 7.019e-06, eta: 1 day, 8:10:58, time: 0.695, data_time: 0.391, memory: 22330, decode.loss_seg: 0.1978, decode.acc_seg: 77.8743, aux.loss_seg: 0.1120, aux.acc_seg: 75.3913, loss: 0.3098
2026-04-22 17:50:15,461 - mmseg - INFO - Iter [18950/160000]	lr: 7.016e-06, eta: 1 day, 8:09:33, time: 0.703, data_time: 0.398, memory: 22330, decode.loss_seg: 0.1907, decode.acc_seg: 80.6393, aux.loss_seg: 0.1090, aux.acc_seg: 78.2090, loss: 0.2997
2026-04-22 17:50:30,858 - mmseg - INFO - Exp name: pixel_upernet_itpn_base_12_512_slide_160k_air_polarsar2_amp_linux.py
2026-04-22 17:50:30,858 - mmseg - INFO - Iter [19000/160000]	lr: 7.014e-06, eta: 1 day, 8:05:42, time: 0.308, data_time: 0.004, memory: 22330, decode.loss_seg: 0.1945, decode.acc_seg: 80.1192, aux.loss_seg: 0.1119, aux.acc_seg: 77.5188, loss: 0.3063
2026-04-22 17:51:05,064 - mmseg - INFO - Iter [19050/160000]	lr: 7.012e-06, eta: 1 day, 8:04:11, time: 0.684, data_time: 0.381, memory: 22330, decode.loss_seg: 0.1927, decode.acc_seg: 78.4338, aux.loss_seg: 0.1093, aux.acc_seg: 75.9550, loss: 0.3020
2026-04-22 17:51:40,631 - mmseg - INFO - Iter [19100/160000]	lr: 7.009e-06, eta: 1 day, 8:02:50, time: 0.711, data_time: 0.371, memory: 22330, decode.loss_seg: 0.2037, decode.acc_seg: 77.5981, aux.loss_seg: 0.1202, aux.acc_seg: 74.5779, loss: 0.3240
2026-04-22 17:51:56,018 - mmseg - INFO - Iter [19150/160000]	lr: 7.007e-06, eta: 1 day, 7:59:01, time: 0.308, data_time: 0.004, memory: 22330, decode.loss_seg: 0.1895, decode.acc_seg: 79.1700, aux.loss_seg: 0.1082, aux.acc_seg: 76.7489, loss: 0.2978
2026-04-22 17:52:30,671 - mmseg - INFO - Iter [19200/160000]	lr: 7.004e-06, eta: 1 day, 7:57:35, time: 0.693, data_time: 0.388, memory: 22330, decode.loss_seg: 0.1909, decode.acc_seg: 78.5322, aux.loss_seg: 0.1099, aux.acc_seg: 76.0106, loss: 0.3009
2026-04-22 17:52:46,120 - mmseg - INFO - Iter [19250/160000]	lr: 7.002e-06, eta: 1 day, 7:53:48, time: 0.309, data_time: 0.004, memory: 22330, decode.loss_seg: 0.1930, decode.acc_seg: 77.2821, aux.loss_seg: 0.1123, aux.acc_seg: 74.4837, loss: 0.3053
2026-04-22 17:53:21,179 - mmseg - INFO - Iter [19300/160000]	lr: 6.999e-06, eta: 1 day, 7:52:26, time: 0.701, data_time: 0.361, memory: 22330, decode.loss_seg: 0.1920, decode.acc_seg: 77.6800, aux.loss_seg: 0.1084, aux.acc_seg: 75.1888, loss: 0.3004
2026-04-22 17:53:55,699 - mmseg - INFO - Iter [19350/160000]	lr: 6.997e-06, eta: 1 day, 7:50:59, time: 0.690, data_time: 0.345, memory: 22330, decode.loss_seg: 0.2003, decode.acc_seg: 80.2204, aux.loss_seg: 0.1145, aux.acc_seg: 77.6013, loss: 0.3148
2026-04-22 17:54:11,120 - mmseg - INFO - Iter [19400/160000]	lr: 6.994e-06, eta: 1 day, 7:47:15, time: 0.308, data_time: 0.004, memory: 22330, decode.loss_seg: 0.2026, decode.acc_seg: 78.3649, aux.loss_seg: 0.1169, aux.acc_seg: 75.6645, loss: 0.3194
2026-04-22 17:54:46,477 - mmseg - INFO - Iter [19450/160000]	lr: 6.992e-06, eta: 1 day, 7:45:56, time: 0.707, data_time: 0.375, memory: 22330, decode.loss_seg: 0.1887, decode.acc_seg: 78.6930, aux.loss_seg: 0.1081, aux.acc_seg: 76.2355, loss: 0.2968
2026-04-22 17:55:19,882 - mmseg - INFO - Iter [19500/160000]	lr: 6.989e-06, eta: 1 day, 7:44:22, time: 0.668, data_time: 0.341, memory: 22330, decode.loss_seg: 0.1878, decode.acc_seg: 78.9918, aux.loss_seg: 0.1085, aux.acc_seg: 76.4746, loss: 0.2963
2026-04-22 17:55:35,294 - mmseg - INFO - Iter [19550/160000]	lr: 6.987e-06, eta: 1 day, 7:40:40, time: 0.308, data_time: 0.003, memory: 22330, decode.loss_seg: 0.1923, decode.acc_seg: 77.1213, aux.loss_seg: 0.1104, aux.acc_seg: 74.5989, loss: 0.3027
2026-04-22 17:56:10,230 - mmseg - INFO - Iter [19600/160000]	lr: 6.984e-06, eta: 1 day, 7:39:19, time: 0.699, data_time: 0.340, memory: 22330, decode.loss_seg: 0.2045, decode.acc_seg: 78.1823, aux.loss_seg: 0.1152, aux.acc_seg: 75.6723, loss: 0.3197
2026-04-22 17:56:45,620 - mmseg - INFO - Iter [19650/160000]	lr: 6.982e-06, eta: 1 day, 7:38:02, time: 0.708, data_time: 0.374, memory: 22330, decode.loss_seg: 0.1890, decode.acc_seg: 78.5540, aux.loss_seg: 0.1089, aux.acc_seg: 75.9751, loss: 0.2980
2026-04-22 17:57:01,020 - mmseg - INFO - Iter [19700/160000]	lr: 6.979e-06, eta: 1 day, 7:34:22, time: 0.308, data_time: 0.004, memory: 22330, decode.loss_seg: 0.2011, decode.acc_seg: 78.6250, aux.loss_seg: 0.1126, aux.acc_seg: 76.2358, loss: 0.3138
2026-04-22 17:57:36,593 - mmseg - INFO - Iter [19750/160000]	lr: 6.977e-06, eta: 1 day, 7:33:06, time: 0.712, data_time: 0.342, memory: 22330, decode.loss_seg: 0.1923, decode.acc_seg: 78.4554, aux.loss_seg: 0.1135, aux.acc_seg: 75.6576, loss: 0.3058
2026-04-22 17:58:10,144 - mmseg - INFO - Iter [19800/160000]	lr: 6.974e-06, eta: 1 day, 7:31:36, time: 0.671, data_time: 0.333, memory: 22330, decode.loss_seg: 0.1864, decode.acc_seg: 79.5682, aux.loss_seg: 0.1082, aux.acc_seg: 77.0492, loss: 0.2945
2026-04-22 17:58:25,593 - mmseg - INFO - Iter [19850/160000]	lr: 6.972e-06, eta: 1 day, 7:27:59, time: 0.309, data_time: 0.004, memory: 22330, decode.loss_seg: 0.1924, decode.acc_seg: 80.0906, aux.loss_seg: 0.1085, aux.acc_seg: 77.7425, loss: 0.3009
2026-04-22 17:58:59,145 - mmseg - INFO - Iter [19900/160000]	lr: 6.969e-06, eta: 1 day, 7:26:31, time: 0.671, data_time: 0.319, memory: 22330, decode.loss_seg: 0.1882, decode.acc_seg: 79.1173, aux.loss_seg: 0.1087, aux.acc_seg: 76.6985, loss: 0.2969
2026-04-22 17:59:31,951 - mmseg - INFO - Iter [19950/160000]	lr: 6.967e-06, eta: 1 day, 7:24:57, time: 0.656, data_time: 0.350, memory: 22330, decode.loss_seg: 0.1824, decode.acc_seg: 77.8621, aux.loss_seg: 0.1061, aux.acc_seg: 75.3277, loss: 0.2884
2026-04-22 17:59:58,994 - mmseg - INFO - per class results:
2026-04-22 17:59:58,994 - mmseg - INFO - 
+------------+-------+-------+
| Class      | IoU   | Acc   |
+------------+-------+-------+
| housing    | 88.32 | 94.88 |
| industrial | 82.71 | 89.16 |
| natural    | 66.98 | 71.66 |
| land_use   | 54.56 | 68.51 |
| water      | 83.12 | 92.65 |
| other      | 92.41 | 98.81 |
+------------+-------+-------+
2026-04-22 17:59:58,994 - mmseg - INFO - Summary:
2026-04-22 17:59:58,994 - mmseg - INFO - 
+--------+-------+-------+-------+
| Scope  | mIoU  | mAcc  | aAcc  |
+--------+-------+-------+-------+
| global | 78.01 | 85.95 | 89.44 |
+--------+-------+-------+-------+
2026-04-22 17:59:59,017 - mmseg - INFO - Exp name: pixel_upernet_itpn_base_12_512_slide_160k_air_polarsar2_amp_linux.py
2026-04-22 17:59:59,017 - mmseg - INFO - Iter [20000/160000]	lr: 6.964e-06, eta: 1 day, 8:29:17, time: 11.952, data_time: 0.000, memory: 22330, mIoU: 0.7801, mAcc: 0.8595, aAcc: 0.8944
2026-04-22 18:00:33,843 - mmseg - INFO - Iter [20050/160000]	lr: 6.962e-06, eta: 1 day, 8:27:47, time: 0.696, data_time: 0.344, memory: 22330, decode.loss_seg: 0.2007, decode.acc_seg: 78.9467, aux.loss_seg: 0.1125, aux.acc_seg: 76.5875, loss: 0.3132
2026-04-22 18:01:07,977 - mmseg - INFO - Iter [20100/160000]	lr: 6.959e-06, eta: 1 day, 8:26:12, time: 0.683, data_time: 0.375, memory: 22330, decode.loss_seg: 0.2008, decode.acc_seg: 79.1084, aux.loss_seg: 0.1121, aux.acc_seg: 76.6153, loss: 0.3129
2026-04-22 18:01:23,361 - mmseg - INFO - Iter [20150/160000]	lr: 6.957e-06, eta: 1 day, 8:22:27, time: 0.308, data_time: 0.003, memory: 22330, decode.loss_seg: 0.1893, decode.acc_seg: 79.2840, aux.loss_seg: 0.1090, aux.acc_seg: 76.8513, loss: 0.2983
2026-04-22 18:01:59,185 - mmseg - INFO - Iter [20200/160000]	lr: 6.954e-06, eta: 1 day, 8:21:05, time: 0.716, data_time: 0.340, memory: 22330, decode.loss_seg: 0.1939, decode.acc_seg: 79.3104, aux.loss_seg: 0.1151, aux.acc_seg: 76.3765, loss: 0.3090
2026-04-22 18:02:14,554 - mmseg - INFO - Iter [20250/160000]	lr: 6.952e-06, eta: 1 day, 8:17:22, time: 0.307, data_time: 0.004, memory: 22330, decode.loss_seg: 0.1948, decode.acc_seg: 78.0777, aux.loss_seg: 0.1143, aux.acc_seg: 75.3690, loss: 0.3092
2026-04-22 18:02:50,197 - mmseg - INFO - Iter [20300/160000]	lr: 6.949e-06, eta: 1 day, 8:15:59, time: 0.713, data_time: 0.394, memory: 22330, decode.loss_seg: 0.1905, decode.acc_seg: 77.7558, aux.loss_seg: 0.1120, aux.acc_seg: 74.9001, loss: 0.3025
2026-04-22 18:03:24,432 - mmseg - INFO - Iter [20350/160000]	lr: 6.947e-06, eta: 1 day, 8:14:28, time: 0.685, data_time: 0.314, memory: 22330, decode.loss_seg: 0.1962, decode.acc_seg: 78.5036, aux.loss_seg: 0.1147, aux.acc_seg: 75.8947, loss: 0.3108
2026-04-22 18:03:39,834 - mmseg - INFO - Iter [20400/160000]	lr: 6.944e-06, eta: 1 day, 8:10:47, time: 0.308, data_time: 0.003, memory: 22330, decode.loss_seg: 0.1889, decode.acc_seg: 78.2599, aux.loss_seg: 0.1083, aux.acc_seg: 75.6760, loss: 0.2972
2026-04-22 18:04:15,489 - mmseg - INFO - Iter [20450/160000]	lr: 6.942e-06, eta: 1 day, 8:09:26, time: 0.713, data_time: 0.361, memory: 22330, decode.loss_seg: 0.1989, decode.acc_seg: 78.4016, aux.loss_seg: 0.1127, aux.acc_seg: 75.8687, loss: 0.3116
2026-04-22 18:04:49,184 - mmseg - INFO - Iter [20500/160000]	lr: 6.939e-06, eta: 1 day, 8:07:51, time: 0.674, data_time: 0.336, memory: 22330, decode.loss_seg: 0.1906, decode.acc_seg: 78.5084, aux.loss_seg: 0.1099, aux.acc_seg: 75.9852, loss: 0.3005
2026-04-22 18:05:04,533 - mmseg - INFO - Iter [20550/160000]	lr: 6.937e-06, eta: 1 day, 8:04:12, time: 0.307, data_time: 0.004, memory: 22330, decode.loss_seg: 0.1836, decode.acc_seg: 78.6063, aux.loss_seg: 0.1069, aux.acc_seg: 76.1786, loss: 0.2905
2026-04-22 18:05:38,919 - mmseg - INFO - Iter [20600/160000]	lr: 6.934e-06, eta: 1 day, 8:02:44, time: 0.688, data_time: 0.358, memory: 22330, decode.loss_seg: 0.1924, decode.acc_seg: 78.7997, aux.loss_seg: 0.1121, aux.acc_seg: 76.0515, loss: 0.3045
2026-04-22 18:06:12,073 - mmseg - INFO - Iter [20650/160000]	lr: 6.932e-06, eta: 1 day, 8:01:07, time: 0.663, data_time: 0.316, memory: 22330, decode.loss_seg: 0.1873, decode.acc_seg: 79.2430, aux.loss_seg: 0.1063, aux.acc_seg: 76.8778, loss: 0.2937
2026-04-22 18:06:27,469 - mmseg - INFO - Iter [20700/160000]	lr: 6.929e-06, eta: 1 day, 7:57:31, time: 0.308, data_time: 0.004, memory: 22330, decode.loss_seg: 0.1886, decode.acc_seg: 78.7817, aux.loss_seg: 0.1085, aux.acc_seg: 76.3051, loss: 0.2971
2026-04-22 18:07:02,717 - mmseg - INFO - Iter [20750/160000]	lr: 6.927e-06, eta: 1 day, 7:56:09, time: 0.705, data_time: 0.401, memory: 22330, decode.loss_seg: 0.1896, decode.acc_seg: 78.7242, aux.loss_seg: 0.1091, aux.acc_seg: 76.2067, loss: 0.2987
2026-04-22 18:07:37,764 - mmseg - INFO - Iter [20800/160000]	lr: 6.924e-06, eta: 1 day, 7:54:46, time: 0.701, data_time: 0.338, memory: 22330, decode.loss_seg: 0.1763, decode.acc_seg: 78.0726, aux.loss_seg: 0.1010, aux.acc_seg: 75.8293, loss: 0.2773
2026-04-22 18:07:53,136 - mmseg - INFO - Iter [20850/160000]	lr: 6.922e-06, eta: 1 day, 7:51:12, time: 0.308, data_time: 0.004, memory: 22330, decode.loss_seg: 0.1813, decode.acc_seg: 77.8478, aux.loss_seg: 0.1045, aux.acc_seg: 75.4067, loss: 0.2859
2026-04-22 18:08:28,680 - mmseg - INFO - Iter [20900/160000]	lr: 6.919e-06, eta: 1 day, 7:49:53, time: 0.711, data_time: 0.408, memory: 22330, decode.loss_seg: 0.1815, decode.acc_seg: 79.4517, aux.loss_seg: 0.1039, aux.acc_seg: 77.0281, loss: 0.2853
2026-04-22 18:09:03,511 - mmseg - INFO - Iter [20950/160000]	lr: 6.917e-06, eta: 1 day, 7:48:29, time: 0.697, data_time: 0.356, memory: 22330, decode.loss_seg: 0.1835, decode.acc_seg: 78.8668, aux.loss_seg: 0.1081, aux.acc_seg: 76.1341, loss: 0.2916
2026-04-22 18:09:18,874 - mmseg - INFO - Exp name: pixel_upernet_itpn_base_12_512_slide_160k_air_polarsar2_amp_linux.py
2026-04-22 18:09:18,875 - mmseg - INFO - Iter [21000/160000]	lr: 6.915e-06, eta: 1 day, 7:44:57, time: 0.307, data_time: 0.004, memory: 22330, decode.loss_seg: 0.1903, decode.acc_seg: 78.5242, aux.loss_seg: 0.1100, aux.acc_seg: 75.9309, loss: 0.3002
2026-04-22 18:09:53,283 - mmseg - INFO - Iter [21050/160000]	lr: 6.912e-06, eta: 1 day, 7:43:32, time: 0.688, data_time: 0.373, memory: 22330, decode.loss_seg: 0.1926, decode.acc_seg: 80.6378, aux.loss_seg: 0.1106, aux.acc_seg: 78.0803, loss: 0.3033
2026-04-22 18:10:28,358 - mmseg - INFO - Iter [21100/160000]	lr: 6.910e-06, eta: 1 day, 7:42:11, time: 0.702, data_time: 0.333, memory: 22330, decode.loss_seg: 0.1878, decode.acc_seg: 78.3637, aux.loss_seg: 0.1126, aux.acc_seg: 75.4049, loss: 0.3004
2026-04-22 18:10:43,749 - mmseg - INFO - Iter [21150/160000]	lr: 6.907e-06, eta: 1 day, 7:38:42, time: 0.308, data_time: 0.004, memory: 22330, decode.loss_seg: 0.1752, decode.acc_seg: 78.3791, aux.loss_seg: 0.1036, aux.acc_seg: 75.8441, loss: 0.2789
2026-04-22 18:11:17,617 - mmseg - INFO - Iter [21200/160000]	lr: 6.905e-06, eta: 1 day, 7:37:14, time: 0.677, data_time: 0.350, memory: 22330, decode.loss_seg: 0.1840, decode.acc_seg: 80.2733, aux.loss_seg: 0.1077, aux.acc_seg: 77.8442, loss: 0.2917
2026-04-22 18:11:32,966 - mmseg - INFO - Iter [21250/160000]	lr: 6.902e-06, eta: 1 day, 7:33:45, time: 0.307, data_time: 0.004, memory: 22330, decode.loss_seg: 0.1822, decode.acc_seg: 78.8969, aux.loss_seg: 0.1044, aux.acc_seg: 76.5069, loss: 0.2866
2026-04-22 18:12:07,271 - mmseg - INFO - Iter [21300/160000]	lr: 6.900e-06, eta: 1 day, 7:32:21, time: 0.686, data_time: 0.374, memory: 22330, decode.loss_seg: 0.1755, decode.acc_seg: 78.6346, aux.loss_seg: 0.1020, aux.acc_seg: 76.2289, loss: 0.2775
2026-04-22 18:12:41,519 - mmseg - INFO - Iter [21350/160000]	lr: 6.897e-06, eta: 1 day, 7:30:57, time: 0.685, data_time: 0.309, memory: 22330, decode.loss_seg: 0.1758, decode.acc_seg: 79.5974, aux.loss_seg: 0.1035, aux.acc_seg: 76.9571, loss: 0.2792
2026-04-22 18:12:56,875 - mmseg - INFO - Iter [21400/160000]	lr: 6.895e-06, eta: 1 day, 7:27:30, time: 0.307, data_time: 0.004, memory: 22330, decode.loss_seg: 0.1797, decode.acc_seg: 78.8703, aux.loss_seg: 0.1028, aux.acc_seg: 76.5849, loss: 0.2825
2026-04-22 18:13:31,859 - mmseg - INFO - Iter [21450/160000]	lr: 6.892e-06, eta: 1 day, 7:26:11, time: 0.700, data_time: 0.381, memory: 22330, decode.loss_seg: 0.1925, decode.acc_seg: 80.4862, aux.loss_seg: 0.1106, aux.acc_seg: 77.9072, loss: 0.3031
2026-04-22 18:14:06,045 - mmseg - INFO - Iter [21500/160000]	lr: 6.890e-06, eta: 1 day, 7:24:48, time: 0.684, data_time: 0.362, memory: 22330, decode.loss_seg: 0.1913, decode.acc_seg: 77.6884, aux.loss_seg: 0.1109, aux.acc_seg: 75.1045, loss: 0.3022
2026-04-22 18:14:21,425 - mmseg - INFO - Iter [21550/160000]	lr: 6.887e-06, eta: 1 day, 7:21:23, time: 0.308, data_time: 0.004, memory: 22330, decode.loss_seg: 0.1737, decode.acc_seg: 79.9322, aux.loss_seg: 0.1000, aux.acc_seg: 77.6608, loss: 0.2737
2026-04-22 18:14:56,399 - mmseg - INFO - Iter [21600/160000]	lr: 6.885e-06, eta: 1 day, 7:20:05, time: 0.699, data_time: 0.368, memory: 22330, decode.loss_seg: 0.1749, decode.acc_seg: 80.2112, aux.loss_seg: 0.1028, aux.acc_seg: 77.6907, loss: 0.2777
2026-04-22 18:15:31,020 - mmseg - INFO - Iter [21650/160000]	lr: 6.882e-06, eta: 1 day, 7:18:46, time: 0.692, data_time: 0.298, memory: 22330, decode.loss_seg: 0.1736, decode.acc_seg: 78.9236, aux.loss_seg: 0.1031, aux.acc_seg: 76.2850, loss: 0.2767
2026-04-22 18:15:46,294 - mmseg - INFO - Iter [21700/160000]	lr: 6.880e-06, eta: 1 day, 7:15:22, time: 0.305, data_time: 0.003, memory: 22330, decode.loss_seg: 0.1855, decode.acc_seg: 78.9684, aux.loss_seg: 0.1079, aux.acc_seg: 76.5298, loss: 0.2934
2026-04-22 18:16:18,824 - mmseg - INFO - Iter [21750/160000]	lr: 6.877e-06, eta: 1 day, 7:13:50, time: 0.651, data_time: 0.314, memory: 22330, decode.loss_seg: 0.1718, decode.acc_seg: 78.9819, aux.loss_seg: 0.1010, aux.acc_seg: 76.5382, loss: 0.2728
2026-04-22 18:16:53,399 - mmseg - INFO - Iter [21800/160000]	lr: 6.875e-06, eta: 1 day, 7:12:31, time: 0.691, data_time: 0.351, memory: 22330, decode.loss_seg: 0.1752, decode.acc_seg: 78.7685, aux.loss_seg: 0.1028, aux.acc_seg: 76.2337, loss: 0.2779
2026-04-22 18:17:08,726 - mmseg - INFO - Iter [21850/160000]	lr: 6.872e-06, eta: 1 day, 7:09:10, time: 0.307, data_time: 0.004, memory: 22330, decode.loss_seg: 0.1700, decode.acc_seg: 79.3574, aux.loss_seg: 0.1008, aux.acc_seg: 76.8028, loss: 0.2708
2026-04-22 18:17:43,087 - mmseg - INFO - Iter [21900/160000]	lr: 6.870e-06, eta: 1 day, 7:07:50, time: 0.687, data_time: 0.371, memory: 22330, decode.loss_seg: 0.1746, decode.acc_seg: 78.2462, aux.loss_seg: 0.1011, aux.acc_seg: 75.8623, loss: 0.2757
2026-04-22 18:18:16,274 - mmseg - INFO - Iter [21950/160000]	lr: 6.867e-06, eta: 1 day, 7:06:23, time: 0.664, data_time: 0.315, memory: 22330, decode.loss_seg: 0.1765, decode.acc_seg: 79.0258, aux.loss_seg: 0.1052, aux.acc_seg: 76.3963, loss: 0.2817
2026-04-22 18:18:42,994 - mmseg - INFO - per class results:
2026-04-22 18:18:42,995 - mmseg - INFO - 
+------------+-------+-------+
| Class      | IoU   | Acc   |
+------------+-------+-------+
| housing    | 88.98 | 95.03 |
| industrial | 83.19 | 90.16 |
| natural    | 69.89 | 75.18 |
| land_use   | 54.44 | 64.15 |
| water      | 83.77 | 93.54 |
| other      | 93.2  | 97.72 |
+------------+-------+-------+
2026-04-22 18:18:42,995 - mmseg - INFO - Summary:
2026-04-22 18:18:42,995 - mmseg - INFO - 
+--------+-------+-------+-------+
| Scope  | mIoU  | mAcc  | aAcc  |
+--------+-------+-------+-------+
| global | 78.91 | 85.96 | 89.89 |
+--------+-------+-------+-------+
2026-04-22 18:18:43,020 - mmseg - INFO - Exp name: pixel_upernet_itpn_base_12_512_slide_160k_air_polarsar2_amp_linux.py
2026-04-22 18:18:43,020 - mmseg - INFO - Iter [22000/160000]	lr: 6.865e-06, eta: 1 day, 8:02:45, time: 11.724, data_time: 0.000, memory: 22330, mIoU: 0.7891, mAcc: 0.8596, aAcc: 0.8989
2026-04-22 18:19:17,523 - mmseg - INFO - Iter [22050/160000]	lr: 6.862e-06, eta: 1 day, 8:01:18, time: 0.690, data_time: 0.370, memory: 22330, decode.loss_seg: 0.1832, decode.acc_seg: 78.8533, aux.loss_seg: 0.1064, aux.acc_seg: 76.3958, loss: 0.2895
2026-04-22 18:19:52,849 - mmseg - INFO - Iter [22100/160000]	lr: 6.860e-06, eta: 1 day, 7:59:55, time: 0.707, data_time: 0.404, memory: 22330, decode.loss_seg: 0.1754, decode.acc_seg: 79.8757, aux.loss_seg: 0.1025, aux.acc_seg: 77.3204, loss: 0.2779
2026-04-22 18:20:08,189 - mmseg - INFO - Iter [22150/160000]	lr: 6.857e-06, eta: 1 day, 7:56:29, time: 0.307, data_time: 0.003, memory: 22330, decode.loss_seg: 0.1794, decode.acc_seg: 79.2175, aux.loss_seg: 0.1080, aux.acc_seg: 76.6591, loss: 0.2874
2026-04-22 18:20:43,290 - mmseg - INFO - Iter [22200/160000]	lr: 6.855e-06, eta: 1 day, 7:55:07, time: 0.702, data_time: 0.380, memory: 22330, decode.loss_seg: 0.1741, decode.acc_seg: 78.5284, aux.loss_seg: 0.1012, aux.acc_seg: 76.0253, loss: 0.2753
2026-04-22 18:20:58,652 - mmseg - INFO - Iter [22250/160000]	lr: 6.852e-06, eta: 1 day, 7:51:42, time: 0.307, data_time: 0.004, memory: 22330, decode.loss_seg: 0.1787, decode.acc_seg: 79.7970, aux.loss_seg: 0.1024, aux.acc_seg: 77.3953, loss: 0.2811
2026-04-22 18:21:33,680 - mmseg - INFO - Iter [22300/160000]	lr: 6.850e-06, eta: 1 day, 7:50:19, time: 0.700, data_time: 0.398, memory: 22330, decode.loss_seg: 0.1734, decode.acc_seg: 79.9076, aux.loss_seg: 0.1021, aux.acc_seg: 77.3923, loss: 0.2755
2026-04-22 18:22:07,675 - mmseg - INFO - Iter [22350/160000]	lr: 6.847e-06, eta: 1 day, 7:48:51, time: 0.680, data_time: 0.362, memory: 22330, decode.loss_seg: 0.1702, decode.acc_seg: 78.4456, aux.loss_seg: 0.1004, aux.acc_seg: 75.9981, loss: 0.2706
2026-04-22 18:22:23,064 - mmseg - INFO - Iter [22400/160000]	lr: 6.845e-06, eta: 1 day, 7:45:28, time: 0.308, data_time: 0.004, memory: 22330, decode.loss_seg: 0.1742, decode.acc_seg: 76.9380, aux.loss_seg: 0.1019, aux.acc_seg: 74.4203, loss: 0.2761
2026-04-22 18:22:58,099 - mmseg - INFO - Iter [22450/160000]	lr: 6.842e-06, eta: 1 day, 7:44:07, time: 0.701, data_time: 0.346, memory: 22330, decode.loss_seg: 0.1750, decode.acc_seg: 77.7424, aux.loss_seg: 0.0997, aux.acc_seg: 75.4619, loss: 0.2747
2026-04-22 18:23:32,923 - mmseg - INFO - Iter [22500/160000]	lr: 6.840e-06, eta: 1 day, 7:42:44, time: 0.696, data_time: 0.394, memory: 22330, decode.loss_seg: 0.1784, decode.acc_seg: 78.8209, aux.loss_seg: 0.1070, aux.acc_seg: 76.0141, loss: 0.2854
2026-04-22 18:23:48,217 - mmseg - INFO - Iter [22550/160000]	lr: 6.837e-06, eta: 1 day, 7:39:23, time: 0.306, data_time: 0.003, memory: 22330, decode.loss_seg: 0.1815, decode.acc_seg: 79.3103, aux.loss_seg: 0.1053, aux.acc_seg: 76.7548, loss: 0.2868
2026-04-22 18:24:23,171 - mmseg - INFO - Iter [22600/160000]	lr: 6.835e-06, eta: 1 day, 7:38:02, time: 0.699, data_time: 0.380, memory: 22330, decode.loss_seg: 0.1658, decode.acc_seg: 77.7842, aux.loss_seg: 0.0979, aux.acc_seg: 75.2877, loss: 0.2637
2026-04-22 18:24:58,065 - mmseg - INFO - Iter [22650/160000]	lr: 6.832e-06, eta: 1 day, 7:36:41, time: 0.698, data_time: 0.350, memory: 22330, decode.loss_seg: 0.1829, decode.acc_seg: 78.9004, aux.loss_seg: 0.1110, aux.acc_seg: 75.9522, loss: 0.2939
2026-04-22 18:25:13,435 - mmseg - INFO - Iter [22700/160000]	lr: 6.830e-06, eta: 1 day, 7:33:22, time: 0.307, data_time: 0.004, memory: 22330, decode.loss_seg: 0.1726, decode.acc_seg: 79.5790, aux.loss_seg: 0.1028, aux.acc_seg: 76.9944, loss: 0.2754
2026-04-22 18:25:48,434 - mmseg - INFO - Iter [22750/160000]	lr: 6.827e-06, eta: 1 day, 7:32:02, time: 0.700, data_time: 0.362, memory: 22330, decode.loss_seg: 0.1675, decode.acc_seg: 79.6342, aux.loss_seg: 0.0994, aux.acc_seg: 77.1173, loss: 0.2669
2026-04-22 18:26:22,798 - mmseg - INFO - Iter [22800/160000]	lr: 6.825e-06, eta: 1 day, 7:30:38, time: 0.687, data_time: 0.365, memory: 22330, decode.loss_seg: 0.1687, decode.acc_seg: 79.0289, aux.loss_seg: 0.1001, aux.acc_seg: 76.4271, loss: 0.2688
2026-04-22 18:26:38,142 - mmseg - INFO - Iter [22850/160000]	lr: 6.822e-06, eta: 1 day, 7:27:21, time: 0.307, data_time: 0.004, memory: 22330, decode.loss_seg: 0.1815, decode.acc_seg: 80.3239, aux.loss_seg: 0.1047, aux.acc_seg: 77.8613, loss: 0.2862
2026-04-22 18:27:13,630 - mmseg - INFO - Iter [22900/160000]	lr: 6.820e-06, eta: 1 day, 7:26:05, time: 0.710, data_time: 0.342, memory: 22330, decode.loss_seg: 0.1762, decode.acc_seg: 79.6518, aux.loss_seg: 0.1048, aux.acc_seg: 76.9307, loss: 0.2810
2026-04-22 18:27:48,390 - mmseg - INFO - Iter [22950/160000]	lr: 6.817e-06, eta: 1 day, 7:24:45, time: 0.695, data_time: 0.370, memory: 22330, decode.loss_seg: 0.1739, decode.acc_seg: 80.7927, aux.loss_seg: 0.1022, aux.acc_seg: 78.2727, loss: 0.2761
2026-04-22 18:28:03,764 - mmseg - INFO - Exp name: pixel_upernet_itpn_base_12_512_slide_160k_air_polarsar2_amp_linux.py
2026-04-22 18:28:03,764 - mmseg - INFO - Iter [23000/160000]	lr: 6.815e-06, eta: 1 day, 7:21:29, time: 0.308, data_time: 0.004, memory: 22330, decode.loss_seg: 0.1673, decode.acc_seg: 77.5684, aux.loss_seg: 0.0973, aux.acc_seg: 75.2359, loss: 0.2645
2026-04-22 18:28:36,918 - mmseg - INFO - Iter [23050/160000]	lr: 6.813e-06, eta: 1 day, 7:20:00, time: 0.663, data_time: 0.356, memory: 22330, decode.loss_seg: 0.1846, decode.acc_seg: 79.5385, aux.loss_seg: 0.1066, aux.acc_seg: 77.0908, loss: 0.2912
2026-04-22 18:28:52,271 - mmseg - INFO - Iter [23100/160000]	lr: 6.810e-06, eta: 1 day, 7:16:46, time: 0.307, data_time: 0.004, memory: 22330, decode.loss_seg: 0.1719, decode.acc_seg: 79.6654, aux.loss_seg: 0.1011, aux.acc_seg: 77.1388, loss: 0.2731
2026-04-22 18:29:25,920 - mmseg - INFO - Iter [23150/160000]	lr: 6.808e-06, eta: 1 day, 7:15:21, time: 0.673, data_time: 0.365, memory: 22330, decode.loss_seg: 0.1694, decode.acc_seg: 79.8877, aux.loss_seg: 0.1012, aux.acc_seg: 77.2554, loss: 0.2706
2026-04-22 18:29:59,163 - mmseg - INFO - Iter [23200/160000]	lr: 6.805e-06, eta: 1 day, 7:13:53, time: 0.665, data_time: 0.362, memory: 22330, decode.loss_seg: 0.1825, decode.acc_seg: 80.1337, aux.loss_seg: 0.1106, aux.acc_seg: 77.3425, loss: 0.2931
2026-04-22 18:30:14,495 - mmseg - INFO - Iter [23250/160000]	lr: 6.803e-06, eta: 1 day, 7:10:41, time: 0.307, data_time: 0.004, memory: 22330, decode.loss_seg: 0.1713, decode.acc_seg: 79.6074, aux.loss_seg: 0.1005, aux.acc_seg: 77.1617, loss: 0.2718
2026-04-22 18:30:47,587 - mmseg - INFO - Iter [23300/160000]	lr: 6.800e-06, eta: 1 day, 7:09:13, time: 0.662, data_time: 0.339, memory: 22330, decode.loss_seg: 0.1623, decode.acc_seg: 79.4287, aux.loss_seg: 0.0968, aux.acc_seg: 76.8994, loss: 0.2591
2026-04-22 18:31:20,857 - mmseg - INFO - Iter [23350/160000]	lr: 6.798e-06, eta: 1 day, 7:07:47, time: 0.665, data_time: 0.362, memory: 22330, decode.loss_seg: 0.1747, decode.acc_seg: 80.0055, aux.loss_seg: 0.1045, aux.acc_seg: 77.3215, loss: 0.2792
2026-04-22 18:31:36,167 - mmseg - INFO - Iter [23400/160000]	lr: 6.795e-06, eta: 1 day, 7:04:36, time: 0.306, data_time: 0.004, memory: 22330, decode.loss_seg: 0.1727, decode.acc_seg: 79.8835, aux.loss_seg: 0.1009, aux.acc_seg: 77.5002, loss: 0.2736
2026-04-22 18:32:11,914 - mmseg - INFO - Iter [23450/160000]	lr: 6.793e-06, eta: 1 day, 7:03:24, time: 0.715, data_time: 0.413, memory: 22330, decode.loss_seg: 0.1777, decode.acc_seg: 78.7762, aux.loss_seg: 0.1055, aux.acc_seg: 76.2570, loss: 0.2831
2026-04-22 18:32:46,627 - mmseg - INFO - Iter [23500/160000]	lr: 6.790e-06, eta: 1 day, 7:02:07, time: 0.694, data_time: 0.340, memory: 22330, decode.loss_seg: 0.1626, decode.acc_seg: 80.1170, aux.loss_seg: 0.0982, aux.acc_seg: 77.5747, loss: 0.2608
2026-04-22 18:33:02,036 - mmseg - INFO - Iter [23550/160000]	lr: 6.788e-06, eta: 1 day, 6:58:59, time: 0.308, data_time: 0.004, memory: 22330, decode.loss_seg: 0.1701, decode.acc_seg: 80.7541, aux.loss_seg: 0.1018, aux.acc_seg: 78.0895, loss: 0.2719
2026-04-22 18:33:38,167 - mmseg - INFO - Iter [23600/160000]	lr: 6.785e-06, eta: 1 day, 6:57:50, time: 0.723, data_time: 0.341, memory: 22330, decode.loss_seg: 0.1612, decode.acc_seg: 80.1489, aux.loss_seg: 0.0962, aux.acc_seg: 77.6716, loss: 0.2573
2026-04-22 18:34:13,403 - mmseg - INFO - Iter [23650/160000]	lr: 6.783e-06, eta: 1 day, 6:56:37, time: 0.705, data_time: 0.360, memory: 22330, decode.loss_seg: 0.1691, decode.acc_seg: 79.6787, aux.loss_seg: 0.0992, aux.acc_seg: 77.1971, loss: 0.2683
2026-04-22 18:34:28,843 - mmseg - INFO - Iter [23700/160000]	lr: 6.780e-06, eta: 1 day, 6:53:30, time: 0.309, data_time: 0.004, memory: 22330, decode.loss_seg: 0.1664, decode.acc_seg: 79.6727, aux.loss_seg: 0.0974, aux.acc_seg: 77.2691, loss: 0.2639
2026-04-22 18:35:04,739 - mmseg - INFO - Iter [23750/160000]	lr: 6.778e-06, eta: 1 day, 6:52:21, time: 0.718, data_time: 0.403, memory: 22330, decode.loss_seg: 0.1627, decode.acc_seg: 78.8548, aux.loss_seg: 0.0958, aux.acc_seg: 76.4197, loss: 0.2585
2026-04-22 18:35:39,891 - mmseg - INFO - Iter [23800/160000]	lr: 6.775e-06, eta: 1 day, 6:51:08, time: 0.703, data_time: 0.349, memory: 22330, decode.loss_seg: 0.1671, decode.acc_seg: 78.6130, aux.loss_seg: 0.0982, aux.acc_seg: 76.1716, loss: 0.2653
2026-04-22 18:35:55,242 - mmseg - INFO - Iter [23850/160000]	lr: 6.773e-06, eta: 1 day, 6:48:02, time: 0.307, data_time: 0.004, memory: 22330, decode.loss_seg: 0.1693, decode.acc_seg: 80.0044, aux.loss_seg: 0.1023, aux.acc_seg: 77.3771, loss: 0.2716
2026-04-22 18:36:29,658 - mmseg - INFO - Iter [23900/160000]	lr: 6.770e-06, eta: 1 day, 6:46:45, time: 0.688, data_time: 0.376, memory: 22330, decode.loss_seg: 0.1703, decode.acc_seg: 79.3819, aux.loss_seg: 0.0993, aux.acc_seg: 77.0096, loss: 0.2696
2026-04-22 18:37:03,918 - mmseg - INFO - Iter [23950/160000]	lr: 6.768e-06, eta: 1 day, 6:45:28, time: 0.685, data_time: 0.367, memory: 22330, decode.loss_seg: 0.1681, decode.acc_seg: 79.0946, aux.loss_seg: 0.1007, aux.acc_seg: 76.4546, loss: 0.2688
2026-04-22 18:37:30,625 - mmseg - INFO - per class results:
2026-04-22 18:37:30,625 - mmseg - INFO - 
+------------+-------+-------+
| Class      | IoU   | Acc   |
+------------+-------+-------+
| housing    | 89.21 | 94.1  |
| industrial | 84.67 | 91.09 |
| natural    | 68.75 | 73.32 |
| land_use   | 56.11 | 69.4  |
| water      | 84.93 | 93.55 |
| other      | 93.39 | 98.34 |
+------------+-------+-------+
2026-04-22 18:37:30,625 - mmseg - INFO - Summary:
2026-04-22 18:37:30,625 - mmseg - INFO - 
+--------+-------+-------+-------+
| Scope  | mIoU  | mAcc  | aAcc  |
+--------+-------+-------+-------+
| global | 79.51 | 86.63 | 90.48 |
+--------+-------+-------+-------+
2026-04-22 18:37:30,648 - mmseg - INFO - Exp name: pixel_upernet_itpn_base_12_512_slide_160k_air_polarsar2_amp_linux.py
2026-04-22 18:37:30,648 - mmseg - INFO - Iter [24000/160000]	lr: 6.765e-06, eta: 1 day, 7:36:17, time: 11.719, data_time: 0.000, memory: 22330, mIoU: 0.7951, mAcc: 0.8663, aAcc: 0.9048
2026-04-22 18:38:06,096 - mmseg - INFO - Iter [24050/160000]	lr: 6.763e-06, eta: 1 day, 7:34:59, time: 0.709, data_time: 0.391, memory: 22330, decode.loss_seg: 0.1740, decode.acc_seg: 79.9060, aux.loss_seg: 0.1033, aux.acc_seg: 77.2940, loss: 0.2772
2026-04-22 18:38:21,403 - mmseg - INFO - Iter [24100/160000]	lr: 6.760e-06, eta: 1 day, 7:31:48, time: 0.306, data_time: 0.005, memory: 22330, decode.loss_seg: 0.1589, decode.acc_seg: 79.7770, aux.loss_seg: 0.0934, aux.acc_seg: 77.5019, loss: 0.2522
2026-04-22 18:38:56,009 - mmseg - INFO - Iter [24150/160000]	lr: 6.758e-06, eta: 1 day, 7:30:26, time: 0.692, data_time: 0.359, memory: 22330, decode.loss_seg: 0.1793, decode.acc_seg: 80.1131, aux.loss_seg: 0.1071, aux.acc_seg: 77.3970, loss: 0.2864
2026-04-22 18:39:31,481 - mmseg - INFO - Iter [24200/160000]	lr: 6.755e-06, eta: 1 day, 7:29:09, time: 0.709, data_time: 0.364, memory: 22330, decode.loss_seg: 0.1640, decode.acc_seg: 79.1984, aux.loss_seg: 0.0949, aux.acc_seg: 76.8823, loss: 0.2589
2026-04-22 18:39:46,810 - mmseg - INFO - Iter [24250/160000]	lr: 6.753e-06, eta: 1 day, 7:26:00, time: 0.307, data_time: 0.005, memory: 22330, decode.loss_seg: 0.1847, decode.acc_seg: 78.6533, aux.loss_seg: 0.1056, aux.acc_seg: 76.2437, loss: 0.2903
2026-04-22 18:40:22,132 - mmseg - INFO - Iter [24300/160000]	lr: 6.750e-06, eta: 1 day, 7:24:42, time: 0.706, data_time: 0.378, memory: 22330, decode.loss_seg: 0.1790, decode.acc_seg: 80.3703, aux.loss_seg: 0.1064, aux.acc_seg: 77.6024, loss: 0.2854
2026-04-22 18:40:58,007 - mmseg - INFO - Iter [24350/160000]	lr: 6.748e-06, eta: 1 day, 7:23:28, time: 0.717, data_time: 0.404, memory: 22330, decode.loss_seg: 0.1646, decode.acc_seg: 80.1324, aux.loss_seg: 0.0988, aux.acc_seg: 77.5731, loss: 0.2635
2026-04-22 18:41:13,310 - mmseg - INFO - Iter [24400/160000]	lr: 6.745e-06, eta: 1 day, 7:20:20, time: 0.306, data_time: 0.003, memory: 22330, decode.loss_seg: 0.1684, decode.acc_seg: 78.6518, aux.loss_seg: 0.1007, aux.acc_seg: 76.0403, loss: 0.2690
2026-04-22 18:41:49,372 - mmseg - INFO - Iter [24450/160000]	lr: 6.743e-06, eta: 1 day, 7:19:08, time: 0.721, data_time: 0.371, memory: 22330, decode.loss_seg: 0.1635, decode.acc_seg: 80.6324, aux.loss_seg: 0.0970, aux.acc_seg: 78.1445, loss: 0.2605
2026-04-22 18:42:24,437 - mmseg - INFO - Iter [24500/160000]	lr: 6.740e-06, eta: 1 day, 7:17:50, time: 0.701, data_time: 0.337, memory: 22330, decode.loss_seg: 0.1652, decode.acc_seg: 80.8602, aux.loss_seg: 0.0991, aux.acc_seg: 78.3144, loss: 0.2643
2026-04-22 18:42:39,751 - mmseg - INFO - Iter [24550/160000]	lr: 6.738e-06, eta: 1 day, 7:14:44, time: 0.306, data_time: 0.003, memory: 22330, decode.loss_seg: 0.1681, decode.acc_seg: 80.2585, aux.loss_seg: 0.1013, aux.acc_seg: 77.6290, loss: 0.2694
2026-04-22 18:43:15,414 - mmseg - INFO - Iter [24600/160000]	lr: 6.735e-06, eta: 1 day, 7:13:30, time: 0.713, data_time: 0.409, memory: 22330, decode.loss_seg: 0.1649, decode.acc_seg: 78.7675, aux.loss_seg: 0.0960, aux.acc_seg: 76.3931, loss: 0.2609
2026-04-22 18:43:50,235 - mmseg - INFO - Iter [24650/160000]	lr: 6.733e-06, eta: 1 day, 7:12:12, time: 0.696, data_time: 0.373, memory: 22330, decode.loss_seg: 0.1584, decode.acc_seg: 80.2057, aux.loss_seg: 0.0945, aux.acc_seg: 77.7770, loss: 0.2529
2026-04-22 18:44:05,597 - mmseg - INFO - Iter [24700/160000]	lr: 6.730e-06, eta: 1 day, 7:09:07, time: 0.307, data_time: 0.004, memory: 22330, decode.loss_seg: 0.1650, decode.acc_seg: 80.8137, aux.loss_seg: 0.0995, aux.acc_seg: 78.1993, loss: 0.2645
2026-04-22 18:44:40,463 - mmseg - INFO - Iter [24750/160000]	lr: 6.728e-06, eta: 1 day, 7:07:50, time: 0.697, data_time: 0.368, memory: 22330, decode.loss_seg: 0.1675, decode.acc_seg: 79.7958, aux.loss_seg: 0.0980, aux.acc_seg: 77.3598, loss: 0.2655
2026-04-22 18:45:15,283 - mmseg - INFO - Iter [24800/160000]	lr: 6.725e-06, eta: 1 day, 7:06:32, time: 0.696, data_time: 0.377, memory: 22330, decode.loss_seg: 0.1550, decode.acc_seg: 79.9800, aux.loss_seg: 0.0916, aux.acc_seg: 77.7078, loss: 0.2467
2026-04-22 18:45:30,630 - mmseg - INFO - Iter [24850/160000]	lr: 6.723e-06, eta: 1 day, 7:03:29, time: 0.307, data_time: 0.004, memory: 22330, decode.loss_seg: 0.1743, decode.acc_seg: 79.5861, aux.loss_seg: 0.1059, aux.acc_seg: 76.9236, loss: 0.2802
2026-04-22 18:46:05,189 - mmseg - INFO - Iter [24900/160000]	lr: 6.720e-06, eta: 1 day, 7:02:11, time: 0.691, data_time: 0.361, memory: 22330, decode.loss_seg: 0.1634, decode.acc_seg: 79.3090, aux.loss_seg: 0.0979, aux.acc_seg: 76.6273, loss: 0.2614
2026-04-22 18:46:41,405 - mmseg - INFO - Iter [24950/160000]	lr: 6.718e-06, eta: 1 day, 7:01:02, time: 0.724, data_time: 0.420, memory: 22330, decode.loss_seg: 0.1742, decode.acc_seg: 79.5352, aux.loss_seg: 0.1064, aux.acc_seg: 76.7705, loss: 0.2806
2026-04-22 18:46:56,687 - mmseg - INFO - Exp name: pixel_upernet_itpn_base_12_512_slide_160k_air_polarsar2_amp_linux.py
2026-04-22 18:46:56,687 - mmseg - INFO - Iter [25000/160000]	lr: 6.716e-06, eta: 1 day, 6:58:00, time: 0.306, data_time: 0.003, memory: 22330, decode.loss_seg: 0.1595, decode.acc_seg: 79.3246, aux.loss_seg: 0.0955, aux.acc_seg: 76.7458, loss: 0.2550
2026-04-22 18:47:32,371 - mmseg - INFO - Iter [25050/160000]	lr: 6.713e-06, eta: 1 day, 6:56:48, time: 0.714, data_time: 0.377, memory: 22330, decode.loss_seg: 0.1688, decode.acc_seg: 80.5973, aux.loss_seg: 0.1000, aux.acc_seg: 78.0370, loss: 0.2689
2026-04-22 18:47:47,744 - mmseg - INFO - Iter [25100/160000]	lr: 6.711e-06, eta: 1 day, 6:53:48, time: 0.307, data_time: 0.003, memory: 22330, decode.loss_seg: 0.1684, decode.acc_seg: 80.7897, aux.loss_seg: 0.1020, aux.acc_seg: 78.2808, loss: 0.2704
2026-04-22 18:48:22,438 - mmseg - INFO - Iter [25150/160000]	lr: 6.708e-06, eta: 1 day, 6:52:31, time: 0.694, data_time: 0.339, memory: 22330, decode.loss_seg: 0.1680, decode.acc_seg: 78.4895, aux.loss_seg: 0.0968, aux.acc_seg: 76.1455, loss: 0.2648
2026-04-22 18:48:57,249 - mmseg - INFO - Iter [25200/160000]	lr: 6.706e-06, eta: 1 day, 6:51:16, time: 0.696, data_time: 0.393, memory: 22330, decode.loss_seg: 0.1571, decode.acc_seg: 78.2126, aux.loss_seg: 0.0921, aux.acc_seg: 75.8810, loss: 0.2492
2026-04-22 18:49:12,600 - mmseg - INFO - Iter [25250/160000]	lr: 6.703e-06, eta: 1 day, 6:48:17, time: 0.307, data_time: 0.004, memory: 22330, decode.loss_seg: 0.1623, decode.acc_seg: 80.2241, aux.loss_seg: 0.0953, aux.acc_seg: 77.8927, loss: 0.2576
2026-04-22 18:49:47,623 - mmseg - INFO - Iter [25300/160000]	lr: 6.701e-06, eta: 1 day, 6:47:03, time: 0.701, data_time: 0.393, memory: 22330, decode.loss_seg: 0.1611, decode.acc_seg: 80.8357, aux.loss_seg: 0.0957, aux.acc_seg: 78.3507, loss: 0.2568
2026-04-22 18:50:22,283 - mmseg - INFO - Iter [25350/160000]	lr: 6.698e-06, eta: 1 day, 6:45:47, time: 0.693, data_time: 0.333, memory: 22330, decode.loss_seg: 0.1578, decode.acc_seg: 79.4646, aux.loss_seg: 0.0931, aux.acc_seg: 77.1987, loss: 0.2509
2026-04-22 18:50:37,633 - mmseg - INFO - Iter [25400/160000]	lr: 6.696e-06, eta: 1 day, 6:42:50, time: 0.307, data_time: 0.004, memory: 22330, decode.loss_seg: 0.1690, decode.acc_seg: 80.5484, aux.loss_seg: 0.1009, aux.acc_seg: 78.0032, loss: 0.2700
2026-04-22 18:51:12,478 - mmseg - INFO - Iter [25450/160000]	lr: 6.693e-06, eta: 1 day, 6:41:36, time: 0.697, data_time: 0.394, memory: 22330, decode.loss_seg: 0.1630, decode.acc_seg: 79.0849, aux.loss_seg: 0.0965, aux.acc_seg: 76.5639, loss: 0.2595
2026-04-22 18:51:47,562 - mmseg - INFO - Iter [25500/160000]	lr: 6.691e-06, eta: 1 day, 6:40:23, time: 0.702, data_time: 0.368, memory: 22330, decode.loss_seg: 0.1726, decode.acc_seg: 79.6040, aux.loss_seg: 0.1067, aux.acc_seg: 76.8552, loss: 0.2793
2026-04-22 18:52:02,898 - mmseg - INFO - Iter [25550/160000]	lr: 6.688e-06, eta: 1 day, 6:37:27, time: 0.307, data_time: 0.004, memory: 22330, decode.loss_seg: 0.1633, decode.acc_seg: 79.9985, aux.loss_seg: 0.0955, aux.acc_seg: 77.6771, loss: 0.2588
2026-04-22 18:52:37,763 - mmseg - INFO - Iter [25600/160000]	lr: 6.686e-06, eta: 1 day, 6:36:14, time: 0.697, data_time: 0.352, memory: 22330, decode.loss_seg: 0.1772, decode.acc_seg: 78.4231, aux.loss_seg: 0.0989, aux.acc_seg: 76.1052, loss: 0.2761
2026-04-22 18:53:13,280 - mmseg - INFO - Iter [25650/160000]	lr: 6.683e-06, eta: 1 day, 6:35:04, time: 0.710, data_time: 0.392, memory: 22330, decode.loss_seg: 0.1590, decode.acc_seg: 78.5401, aux.loss_seg: 0.0968, aux.acc_seg: 76.0874, loss: 0.2558
2026-04-22 18:53:28,596 - mmseg - INFO - Iter [25700/160000]	lr: 6.681e-06, eta: 1 day, 6:32:09, time: 0.306, data_time: 0.004, memory: 22330, decode.loss_seg: 0.1609, decode.acc_seg: 79.6015, aux.loss_seg: 0.0952, aux.acc_seg: 77.2050, loss: 0.2561
2026-04-22 18:54:02,549 - mmseg - INFO - Iter [25750/160000]	lr: 6.678e-06, eta: 1 day, 6:30:52, time: 0.679, data_time: 0.348, memory: 22330, decode.loss_seg: 0.1649, decode.acc_seg: 80.4261, aux.loss_seg: 0.0994, aux.acc_seg: 77.7958, loss: 0.2643
2026-04-22 18:54:38,084 - mmseg - INFO - Iter [25800/160000]	lr: 6.676e-06, eta: 1 day, 6:29:43, time: 0.711, data_time: 0.337, memory: 22330, decode.loss_seg: 0.1674, decode.acc_seg: 79.6790, aux.loss_seg: 0.0990, aux.acc_seg: 77.0549, loss: 0.2664
2026-04-22 18:54:53,430 - mmseg - INFO - Iter [25850/160000]	lr: 6.673e-06, eta: 1 day, 6:26:49, time: 0.307, data_time: 0.005, memory: 22330, decode.loss_seg: 0.1604, decode.acc_seg: 79.0401, aux.loss_seg: 0.0944, aux.acc_seg: 76.6591, loss: 0.2549
2026-04-22 18:55:28,070 - mmseg - INFO - Iter [25900/160000]	lr: 6.671e-06, eta: 1 day, 6:25:36, time: 0.693, data_time: 0.355, memory: 22330, decode.loss_seg: 0.1668, decode.acc_seg: 79.9811, aux.loss_seg: 0.0997, aux.acc_seg: 77.5931, loss: 0.2665
2026-04-22 18:56:01,939 - mmseg - INFO - Iter [25950/160000]	lr: 6.668e-06, eta: 1 day, 6:24:19, time: 0.677, data_time: 0.337, memory: 22330, decode.loss_seg: 0.1573, decode.acc_seg: 80.8882, aux.loss_seg: 0.0971, aux.acc_seg: 78.2405, loss: 0.2545
2026-04-22 18:56:28,713 - mmseg - INFO - per class results:
2026-04-22 18:56:28,714 - mmseg - INFO - 
+------------+-------+-------+
| Class      | IoU   | Acc   |
+------------+-------+-------+
| housing    | 88.74 | 95.7  |
| industrial | 84.94 | 91.25 |
| natural    | 71.57 | 78.67 |
| land_use   | 57.31 | 68.79 |
| water      | 85.06 | 93.21 |
| other      | 93.18 | 98.11 |
+------------+-------+-------+
2026-04-22 18:56:28,714 - mmseg - INFO - Summary:
2026-04-22 18:56:28,714 - mmseg - INFO - 
+--------+-------+-------+-------+
| Scope  | mIoU  | mAcc  | aAcc  |
+--------+-------+-------+-------+
| global | 80.13 | 87.62 | 90.68 |
+--------+-------+-------+-------+
2026-04-22 18:56:28,735 - mmseg - INFO - Exp name: pixel_upernet_itpn_base_12_512_slide_160k_air_polarsar2_amp_linux.py
2026-04-22 18:56:28,736 - mmseg - INFO - Iter [26000/160000]	lr: 6.666e-06, eta: 1 day, 7:10:33, time: 11.740, data_time: 0.000, memory: 22330, mIoU: 0.8013, mAcc: 0.8762, aAcc: 0.9068
2026-04-22 18:57:03,095 - mmseg - INFO - Iter [26050/160000]	lr: 6.663e-06, eta: 1 day, 7:09:13, time: 0.687, data_time: 0.358, memory: 22330, decode.loss_seg: 0.1501, decode.acc_seg: 79.1977, aux.loss_seg: 0.0890, aux.acc_seg: 76.8495, loss: 0.2391
2026-04-22 18:57:18,465 - mmseg - INFO - Iter [26100/160000]	lr: 6.661e-06, eta: 1 day, 7:06:15, time: 0.307, data_time: 0.005, memory: 22330, decode.loss_seg: 0.1571, decode.acc_seg: 79.9071, aux.loss_seg: 0.0961, aux.acc_seg: 77.3503, loss: 0.2533
2026-04-22 18:57:52,866 - mmseg - INFO - Iter [26150/160000]	lr: 6.658e-06, eta: 1 day, 7:04:55, time: 0.688, data_time: 0.378, memory: 22330, decode.loss_seg: 0.1567, decode.acc_seg: 79.8369, aux.loss_seg: 0.0942, aux.acc_seg: 77.3379, loss: 0.2509
2026-04-22 18:58:27,175 - mmseg - INFO - Iter [26200/160000]	lr: 6.656e-06, eta: 1 day, 7:03:35, time: 0.686, data_time: 0.327, memory: 22330, decode.loss_seg: 0.1644, decode.acc_seg: 80.8222, aux.loss_seg: 0.0992, aux.acc_seg: 78.1549, loss: 0.2636
2026-04-22 18:58:42,558 - mmseg - INFO - Iter [26250/160000]	lr: 6.653e-06, eta: 1 day, 7:00:39, time: 0.308, data_time: 0.005, memory: 22330, decode.loss_seg: 0.1550, decode.acc_seg: 79.8994, aux.loss_seg: 0.0921, aux.acc_seg: 77.4745, loss: 0.2471
2026-04-22 18:59:16,798 - mmseg - INFO - Iter [26300/160000]	lr: 6.651e-06, eta: 1 day, 6:59:19, time: 0.685, data_time: 0.350, memory: 22330, decode.loss_seg: 0.1512, decode.acc_seg: 81.4265, aux.loss_seg: 0.0912, aux.acc_seg: 78.9912, loss: 0.2424
2026-04-22 18:59:51,277 - mmseg - INFO - Iter [26350/160000]	lr: 6.648e-06, eta: 1 day, 6:58:00, time: 0.689, data_time: 0.369, memory: 22330, decode.loss_seg: 0.1554, decode.acc_seg: 79.6332, aux.loss_seg: 0.0923, aux.acc_seg: 77.3252, loss: 0.2477
2026-04-22 19:00:06,656 - mmseg - INFO - Iter [26400/160000]	lr: 6.646e-06, eta: 1 day, 6:55:05, time: 0.308, data_time: 0.004, memory: 22330, decode.loss_seg: 0.1538, decode.acc_seg: 80.1941, aux.loss_seg: 0.0916, aux.acc_seg: 77.8730, loss: 0.2454
2026-04-22 19:00:41,139 - mmseg - INFO - Iter [26450/160000]	lr: 6.643e-06, eta: 1 day, 6:53:48, time: 0.690, data_time: 0.369, memory: 22330, decode.loss_seg: 0.1578, decode.acc_seg: 79.8233, aux.loss_seg: 0.0930, aux.acc_seg: 77.4398, loss: 0.2508
2026-04-22 19:01:16,503 - mmseg - INFO - Iter [26500/160000]	lr: 6.641e-06, eta: 1 day, 6:52:34, time: 0.707, data_time: 0.389, memory: 22330, decode.loss_seg: 0.1531, decode.acc_seg: 81.0651, aux.loss_seg: 0.0905, aux.acc_seg: 78.7342, loss: 0.2435
2026-04-22 19:01:31,900 - mmseg - INFO - Iter [26550/160000]	lr: 6.638e-06, eta: 1 day, 6:49:41, time: 0.308, data_time: 0.004, memory: 22330, decode.loss_seg: 0.1571, decode.acc_seg: 79.3543, aux.loss_seg: 0.0963, aux.acc_seg: 76.6191, loss: 0.2534
2026-04-22 19:02:07,771 - mmseg - INFO - Iter [26600/160000]	lr: 6.636e-06, eta: 1 day, 6:48:31, time: 0.717, data_time: 0.392, memory: 22330, decode.loss_seg: 0.1514, decode.acc_seg: 80.7176, aux.loss_seg: 0.0930, aux.acc_seg: 78.1304, loss: 0.2444
2026-04-22 19:02:42,779 - mmseg - INFO - Iter [26650/160000]	lr: 6.633e-06, eta: 1 day, 6:47:16, time: 0.700, data_time: 0.354, memory: 22330, decode.loss_seg: 0.1468, decode.acc_seg: 79.0506, aux.loss_seg: 0.0889, aux.acc_seg: 76.5786, loss: 0.2357
2026-04-22 19:02:58,144 - mmseg - INFO - Iter [26700/160000]	lr: 6.631e-06, eta: 1 day, 6:44:24, time: 0.307, data_time: 0.004, memory: 22330, decode.loss_seg: 0.1622, decode.acc_seg: 79.2725, aux.loss_seg: 0.0994, aux.acc_seg: 76.6098, loss: 0.2615
2026-04-22 19:03:32,719 - mmseg - INFO - Iter [26750/160000]	lr: 6.628e-06, eta: 1 day, 6:43:08, time: 0.692, data_time: 0.388, memory: 22330, decode.loss_seg: 0.1487, decode.acc_seg: 79.4983, aux.loss_seg: 0.0906, aux.acc_seg: 77.0873, loss: 0.2393
2026-04-22 19:04:06,650 - mmseg - INFO - Iter [26800/160000]	lr: 6.626e-06, eta: 1 day, 6:41:49, time: 0.679, data_time: 0.362, memory: 22330, decode.loss_seg: 0.1542, decode.acc_seg: 79.6244, aux.loss_seg: 0.0908, aux.acc_seg: 77.3588, loss: 0.2450
2026-04-22 19:04:22,026 - mmseg - INFO - Iter [26850/160000]	lr: 6.623e-06, eta: 1 day, 6:38:58, time: 0.307, data_time: 0.004, memory: 22330, decode.loss_seg: 0.1556, decode.acc_seg: 80.6392, aux.loss_seg: 0.0951, aux.acc_seg: 77.9588, loss: 0.2507
2026-04-22 19:04:57,862 - mmseg - INFO - Iter [26900/160000]	lr: 6.621e-06, eta: 1 day, 6:37:49, time: 0.717, data_time: 0.354, memory: 22330, decode.loss_seg: 0.1630, decode.acc_seg: 80.3603, aux.loss_seg: 0.1006, aux.acc_seg: 77.5049, loss: 0.2635
2026-04-22 19:05:13,237 - mmseg - INFO - Iter [26950/160000]	lr: 6.619e-06, eta: 1 day, 6:34:59, time: 0.307, data_time: 0.005, memory: 22330, decode.loss_seg: 0.1586, decode.acc_seg: 81.5181, aux.loss_seg: 0.0978, aux.acc_seg: 78.8152, loss: 0.2564
2026-04-22 19:05:48,018 - mmseg - INFO - Exp name: pixel_upernet_itpn_base_12_512_slide_160k_air_polarsar2_amp_linux.py
2026-04-22 19:05:48,019 - mmseg - INFO - Iter [27000/160000]	lr: 6.616e-06, eta: 1 day, 6:33:45, time: 0.696, data_time: 0.382, memory: 22330, decode.loss_seg: 0.1698, decode.acc_seg: 78.5379, aux.loss_seg: 0.0984, aux.acc_seg: 75.9412, loss: 0.2682
2026-04-22 19:06:24,190 - mmseg - INFO - Iter [27050/160000]	lr: 6.614e-06, eta: 1 day, 6:32:38, time: 0.723, data_time: 0.420, memory: 22330, decode.loss_seg: 0.1547, decode.acc_seg: 80.8476, aux.loss_seg: 0.0936, aux.acc_seg: 78.3328, loss: 0.2483
2026-04-22 19:06:39,562 - mmseg - INFO - Iter [27100/160000]	lr: 6.611e-06, eta: 1 day, 6:29:49, time: 0.307, data_time: 0.004, memory: 22330, decode.loss_seg: 0.1582, decode.acc_seg: 80.8991, aux.loss_seg: 0.0940, aux.acc_seg: 78.3930, loss: 0.2522
2026-04-22 19:07:13,193 - mmseg - INFO - Iter [27150/160000]	lr: 6.609e-06, eta: 1 day, 6:28:30, time: 0.673, data_time: 0.365, memory: 22330, decode.loss_seg: 0.1555, decode.acc_seg: 79.4533, aux.loss_seg: 0.0949, aux.acc_seg: 76.9160, loss: 0.2505
2026-04-22 19:07:47,871 - mmseg - INFO - Iter [27200/160000]	lr: 6.606e-06, eta: 1 day, 6:27:17, time: 0.694, data_time: 0.348, memory: 22330, decode.loss_seg: 0.1576, decode.acc_seg: 80.6711, aux.loss_seg: 0.0937, aux.acc_seg: 78.2278, loss: 0.2513
2026-04-22 19:08:03,226 - mmseg - INFO - Iter [27250/160000]	lr: 6.604e-06, eta: 1 day, 6:24:29, time: 0.307, data_time: 0.004, memory: 22330, decode.loss_seg: 0.1518, decode.acc_seg: 79.8012, aux.loss_seg: 0.0911, aux.acc_seg: 77.3806, loss: 0.2429
2026-04-22 19:08:38,559 - mmseg - INFO - Iter [27300/160000]	lr: 6.601e-06, eta: 1 day, 6:23:19, time: 0.707, data_time: 0.373, memory: 22330, decode.loss_seg: 0.1519, decode.acc_seg: 79.1757, aux.loss_seg: 0.0934, aux.acc_seg: 76.5530, loss: 0.2453
2026-04-22 19:09:14,618 - mmseg - INFO - Iter [27350/160000]	lr: 6.599e-06, eta: 1 day, 6:22:13, time: 0.721, data_time: 0.342, memory: 22330, decode.loss_seg: 0.1490, decode.acc_seg: 81.2181, aux.loss_seg: 0.0920, aux.acc_seg: 78.6124, loss: 0.2410
2026-04-22 19:09:29,990 - mmseg - INFO - Iter [27400/160000]	lr: 6.596e-06, eta: 1 day, 6:19:27, time: 0.307, data_time: 0.005, memory: 22330, decode.loss_seg: 0.1641, decode.acc_seg: 80.8449, aux.loss_seg: 0.0977, aux.acc_seg: 78.2475, loss: 0.2618
2026-04-22 19:10:05,136 - mmseg - INFO - Iter [27450/160000]	lr: 6.594e-06, eta: 1 day, 6:18:16, time: 0.703, data_time: 0.374, memory: 22330, decode.loss_seg: 0.1580, decode.acc_seg: 79.8378, aux.loss_seg: 0.0976, aux.acc_seg: 77.0677, loss: 0.2556
2026-04-22 19:10:40,377 - mmseg - INFO - Iter [27500/160000]	lr: 6.591e-06, eta: 1 day, 6:17:07, time: 0.705, data_time: 0.401, memory: 22330, decode.loss_seg: 0.1496, decode.acc_seg: 79.7600, aux.loss_seg: 0.0899, aux.acc_seg: 77.4111, loss: 0.2395
2026-04-22 19:10:55,832 - mmseg - INFO - Iter [27550/160000]	lr: 6.589e-06, eta: 1 day, 6:14:22, time: 0.309, data_time: 0.004, memory: 22330, decode.loss_seg: 0.1587, decode.acc_seg: 79.8580, aux.loss_seg: 0.0952, aux.acc_seg: 77.2484, loss: 0.2539
2026-04-22 19:11:31,592 - mmseg - INFO - Iter [27600/160000]	lr: 6.586e-06, eta: 1 day, 6:13:15, time: 0.715, data_time: 0.410, memory: 22330, decode.loss_seg: 0.1511, decode.acc_seg: 79.9039, aux.loss_seg: 0.0919, aux.acc_seg: 77.4134, loss: 0.2431
2026-04-22 19:12:07,208 - mmseg - INFO - Iter [27650/160000]	lr: 6.584e-06, eta: 1 day, 6:12:08, time: 0.712, data_time: 0.348, memory: 22330, decode.loss_seg: 0.1593, decode.acc_seg: 80.6907, aux.loss_seg: 0.0946, aux.acc_seg: 78.2847, loss: 0.2539
2026-04-22 19:12:22,583 - mmseg - INFO - Iter [27700/160000]	lr: 6.581e-06, eta: 1 day, 6:09:24, time: 0.307, data_time: 0.004, memory: 22330, decode.loss_seg: 0.1534, decode.acc_seg: 80.7086, aux.loss_seg: 0.0953, aux.acc_seg: 77.9440, loss: 0.2487
2026-04-22 19:12:57,950 - mmseg - INFO - Iter [27750/160000]	lr: 6.579e-06, eta: 1 day, 6:08:16, time: 0.707, data_time: 0.400, memory: 22330, decode.loss_seg: 0.1543, decode.acc_seg: 80.5550, aux.loss_seg: 0.0947, aux.acc_seg: 77.9597, loss: 0.2490
2026-04-22 19:13:32,760 - mmseg - INFO - Iter [27800/160000]	lr: 6.576e-06, eta: 1 day, 6:07:06, time: 0.696, data_time: 0.379, memory: 22330, decode.loss_seg: 0.1490, decode.acc_seg: 82.0914, aux.loss_seg: 0.0898, aux.acc_seg: 79.6657, loss: 0.2388
2026-04-22 19:13:48,163 - mmseg - INFO - Iter [27850/160000]	lr: 6.574e-06, eta: 1 day, 6:04:23, time: 0.308, data_time: 0.004, memory: 22330, decode.loss_seg: 0.1542, decode.acc_seg: 80.7094, aux.loss_seg: 0.0918, aux.acc_seg: 78.2939, loss: 0.2460
2026-04-22 19:14:22,607 - mmseg - INFO - Iter [27900/160000]	lr: 6.571e-06, eta: 1 day, 6:03:11, time: 0.689, data_time: 0.367, memory: 22330, decode.loss_seg: 0.1470, decode.acc_seg: 81.1811, aux.loss_seg: 0.0894, aux.acc_seg: 78.7313, loss: 0.2363
2026-04-22 19:14:38,025 - mmseg - INFO - Iter [27950/160000]	lr: 6.569e-06, eta: 1 day, 6:00:30, time: 0.308, data_time: 0.003, memory: 22330, decode.loss_seg: 0.1571, decode.acc_seg: 80.7234, aux.loss_seg: 0.0989, aux.acc_seg: 78.0203, loss: 0.2561
2026-04-22 19:15:22,827 - mmseg - INFO - per class results:
2026-04-22 19:15:22,827 - mmseg - INFO - 
+------------+-------+-------+
| Class      | IoU   | Acc   |
+------------+-------+-------+
| housing    | 90.1  | 94.3  |
| industrial | 85.38 | 93.23 |
| natural    | 72.21 | 76.9  |
| land_use   | 58.14 | 70.59 |
| water      | 85.37 | 92.28 |
| other      | 91.8  | 98.83 |
+------------+-------+-------+
2026-04-22 19:15:22,827 - mmseg - INFO - Summary:
2026-04-22 19:15:22,827 - mmseg - INFO - 
+--------+------+-------+-------+
| Scope  | mIoU | mAcc  | aAcc  |
+--------+------+-------+-------+
| global | 80.5 | 87.69 | 90.95 |
+--------+------+-------+-------+
2026-04-22 19:15:22,852 - mmseg - INFO - Exp name: pixel_upernet_itpn_base_12_512_slide_160k_air_polarsar2_amp_linux.py
2026-04-22 19:15:22,852 - mmseg - INFO - Iter [28000/160000]	lr: 6.566e-06, eta: 1 day, 6:41:14, time: 11.360, data_time: 0.000, memory: 22330, mIoU: 0.8050, mAcc: 0.8769, aAcc: 0.9095
2026-04-22 19:15:58,079 - mmseg - INFO - Iter [28050/160000]	lr: 6.564e-06, eta: 1 day, 6:40:01, time: 0.704, data_time: 0.350, memory: 22330, decode.loss_seg: 0.1475, decode.acc_seg: 81.6669, aux.loss_seg: 0.0906, aux.acc_seg: 79.0519, loss: 0.2381
2026-04-22 19:16:13,450 - mmseg - INFO - Iter [28100/160000]	lr: 6.561e-06, eta: 1 day, 6:37:15, time: 0.307, data_time: 0.004, memory: 22330, decode.loss_seg: 0.1455, decode.acc_seg: 79.5941, aux.loss_seg: 0.0880, aux.acc_seg: 77.2573, loss: 0.2335
2026-04-22 19:16:48,839 - mmseg - INFO - Iter [28150/160000]	lr: 6.559e-06, eta: 1 day, 6:36:03, time: 0.708, data_time: 0.319, memory: 22330, decode.loss_seg: 0.1443, decode.acc_seg: 80.5904, aux.loss_seg: 0.0875, aux.acc_seg: 78.2355, loss: 0.2317
2026-04-22 19:17:23,901 - mmseg - INFO - Iter [28200/160000]	lr: 6.556e-06, eta: 1 day, 6:34:50, time: 0.701, data_time: 0.365, memory: 22330, decode.loss_seg: 0.1530, decode.acc_seg: 80.3528, aux.loss_seg: 0.0930, aux.acc_seg: 77.7822, loss: 0.2460
2026-04-22 19:17:39,320 - mmseg - INFO - Iter [28250/160000]	lr: 6.554e-06, eta: 1 day, 6:32:05, time: 0.308, data_time: 0.004, memory: 22330, decode.loss_seg: 0.1483, decode.acc_seg: 79.9106, aux.loss_seg: 0.0893, aux.acc_seg: 77.5176, loss: 0.2375
2026-04-22 19:18:13,048 - mmseg - INFO - Iter [28300/160000]	lr: 6.551e-06, eta: 1 day, 6:30:46, time: 0.675, data_time: 0.350, memory: 22330, decode.loss_seg: 0.1505, decode.acc_seg: 79.8721, aux.loss_seg: 0.0923, aux.acc_seg: 77.2701, loss: 0.2427
2026-04-22 19:18:48,538 - mmseg - INFO - Iter [28350/160000]	lr: 6.549e-06, eta: 1 day, 6:29:36, time: 0.710, data_time: 0.380, memory: 22330, decode.loss_seg: 0.1534, decode.acc_seg: 81.0877, aux.loss_seg: 0.0944, aux.acc_seg: 78.5283, loss: 0.2478
2026-04-22 19:19:03,870 - mmseg - INFO - Iter [28400/160000]	lr: 6.546e-06, eta: 1 day, 6:26:52, time: 0.307, data_time: 0.005, memory: 22330, decode.loss_seg: 0.1500, decode.acc_seg: 80.3535, aux.loss_seg: 0.0892, aux.acc_seg: 78.0738, loss: 0.2392
2026-04-22 19:19:38,457 - mmseg - INFO - Iter [28450/160000]	lr: 6.544e-06, eta: 1 day, 6:25:38, time: 0.692, data_time: 0.382, memory: 22330, decode.loss_seg: 0.1443, decode.acc_seg: 79.1791, aux.loss_seg: 0.0870, aux.acc_seg: 76.8218, loss: 0.2312
2026-04-22 19:20:13,606 - mmseg - INFO - Iter [28500/160000]	lr: 6.541e-06, eta: 1 day, 6:24:26, time: 0.703, data_time: 0.372, memory: 22330, decode.loss_seg: 0.1411, decode.acc_seg: 79.7421, aux.loss_seg: 0.0861, aux.acc_seg: 77.4048, loss: 0.2272
2026-04-22 19:20:28,945 - mmseg - INFO - Iter [28550/160000]	lr: 6.539e-06, eta: 1 day, 6:21:43, time: 0.307, data_time: 0.005, memory: 22330, decode.loss_seg: 0.1514, decode.acc_seg: 79.7434, aux.loss_seg: 0.0916, aux.acc_seg: 77.2642, loss: 0.2430
2026-04-22 19:21:04,032 - mmseg - INFO - Iter [28600/160000]	lr: 6.536e-06, eta: 1 day, 6:20:32, time: 0.702, data_time: 0.399, memory: 22330, decode.loss_seg: 0.1565, decode.acc_seg: 80.5665, aux.loss_seg: 0.0989, aux.acc_seg: 77.7284, loss: 0.2554
2026-04-22 19:21:37,752 - mmseg - INFO - Iter [28650/160000]	lr: 6.534e-06, eta: 1 day, 6:19:14, time: 0.674, data_time: 0.346, memory: 22330, decode.loss_seg: 0.1413, decode.acc_seg: 80.4358, aux.loss_seg: 0.0885, aux.acc_seg: 77.8414, loss: 0.2298
2026-04-22 19:21:53,086 - mmseg - INFO - Iter [28700/160000]	lr: 6.531e-06, eta: 1 day, 6:16:33, time: 0.307, data_time: 0.003, memory: 22330, decode.loss_seg: 0.1536, decode.acc_seg: 79.6713, aux.loss_seg: 0.0944, aux.acc_seg: 76.9882, loss: 0.2480
2026-04-22 19:22:27,320 - mmseg - INFO - Iter [28750/160000]	lr: 6.529e-06, eta: 1 day, 6:15:18, time: 0.685, data_time: 0.328, memory: 22330, decode.loss_seg: 0.1524, decode.acc_seg: 80.4158, aux.loss_seg: 0.0900, aux.acc_seg: 78.1204, loss: 0.2424
2026-04-22 19:23:02,000 - mmseg - INFO - Iter [28800/160000]	lr: 6.526e-06, eta: 1 day, 6:14:06, time: 0.693, data_time: 0.390, memory: 22330, decode.loss_seg: 0.1450, decode.acc_seg: 80.4633, aux.loss_seg: 0.0883, aux.acc_seg: 78.0496, loss: 0.2334
2026-04-22 19:23:17,345 - mmseg - INFO - Iter [28850/160000]	lr: 6.524e-06, eta: 1 day, 6:11:25, time: 0.307, data_time: 0.005, memory: 22330, decode.loss_seg: 0.1528, decode.acc_seg: 79.8293, aux.loss_seg: 0.0926, aux.acc_seg: 77.2730, loss: 0.2454
2026-04-22 19:23:52,672 - mmseg - INFO - Iter [28900/160000]	lr: 6.522e-06, eta: 1 day, 6:10:16, time: 0.706, data_time: 0.374, memory: 22330, decode.loss_seg: 0.1512, decode.acc_seg: 79.6973, aux.loss_seg: 0.0932, aux.acc_seg: 77.0155, loss: 0.2444
2026-04-22 19:24:08,055 - mmseg - INFO - Iter [28950/160000]	lr: 6.519e-06, eta: 1 day, 6:07:37, time: 0.307, data_time: 0.005, memory: 22330, decode.loss_seg: 0.1502, decode.acc_seg: 80.4779, aux.loss_seg: 0.0902, aux.acc_seg: 78.0954, loss: 0.2404
2026-04-22 19:24:43,456 - mmseg - INFO - Exp name: pixel_upernet_itpn_base_12_512_slide_160k_air_polarsar2_amp_linux.py
2026-04-22 19:24:43,456 - mmseg - INFO - Iter [29000/160000]	lr: 6.517e-06, eta: 1 day, 6:06:29, time: 0.708, data_time: 0.371, memory: 22330, decode.loss_seg: 0.1559, decode.acc_seg: 79.0668, aux.loss_seg: 0.0911, aux.acc_seg: 76.7778, loss: 0.2471
2026-04-22 19:25:17,652 - mmseg - INFO - Iter [29050/160000]	lr: 6.514e-06, eta: 1 day, 6:05:15, time: 0.684, data_time: 0.371, memory: 22330, decode.loss_seg: 0.1464, decode.acc_seg: 80.9187, aux.loss_seg: 0.0892, aux.acc_seg: 78.4290, loss: 0.2356
2026-04-22 19:25:33,077 - mmseg - INFO - Iter [29100/160000]	lr: 6.512e-06, eta: 1 day, 6:02:37, time: 0.309, data_time: 0.005, memory: 22330, decode.loss_seg: 0.1433, decode.acc_seg: 79.8932, aux.loss_seg: 0.0875, aux.acc_seg: 77.5154, loss: 0.2308
2026-04-22 19:26:09,067 - mmseg - INFO - Iter [29150/160000]	lr: 6.509e-06, eta: 1 day, 6:01:32, time: 0.720, data_time: 0.415, memory: 22330, decode.loss_seg: 0.1439, decode.acc_seg: 80.1752, aux.loss_seg: 0.0883, aux.acc_seg: 77.6456, loss: 0.2322
2026-04-22 19:26:44,574 - mmseg - INFO - Iter [29200/160000]	lr: 6.507e-06, eta: 1 day, 6:00:24, time: 0.710, data_time: 0.367, memory: 22330, decode.loss_seg: 0.1443, decode.acc_seg: 81.5749, aux.loss_seg: 0.0917, aux.acc_seg: 78.8791, loss: 0.2360
2026-04-22 19:26:59,924 - mmseg - INFO - Iter [29250/160000]	lr: 6.504e-06, eta: 1 day, 5:57:47, time: 0.307, data_time: 0.004, memory: 22330, decode.loss_seg: 0.1472, decode.acc_seg: 79.9787, aux.loss_seg: 0.0898, aux.acc_seg: 77.4820, loss: 0.2370
2026-04-22 19:27:34,868 - mmseg - INFO - Iter [29300/160000]	lr: 6.502e-06, eta: 1 day, 5:56:38, time: 0.699, data_time: 0.395, memory: 22330, decode.loss_seg: 0.1502, decode.acc_seg: 80.5253, aux.loss_seg: 0.0914, aux.acc_seg: 77.8984, loss: 0.2416
2026-04-22 19:28:10,797 - mmseg - INFO - Iter [29350/160000]	lr: 6.499e-06, eta: 1 day, 5:55:33, time: 0.719, data_time: 0.404, memory: 22330, decode.loss_seg: 0.1394, decode.acc_seg: 77.9528, aux.loss_seg: 0.0853, aux.acc_seg: 75.5079, loss: 0.2246
2026-04-22 19:28:26,194 - mmseg - INFO - Iter [29400/160000]	lr: 6.497e-06, eta: 1 day, 5:52:57, time: 0.308, data_time: 0.003, memory: 22330, decode.loss_seg: 0.1445, decode.acc_seg: 80.4629, aux.loss_seg: 0.0886, aux.acc_seg: 77.9952, loss: 0.2332
2026-04-22 19:29:01,825 - mmseg - INFO - Iter [29450/160000]	lr: 6.494e-06, eta: 1 day, 5:51:51, time: 0.712, data_time: 0.335, memory: 22330, decode.loss_seg: 0.1484, decode.acc_seg: 80.6430, aux.loss_seg: 0.0896, aux.acc_seg: 78.1869, loss: 0.2381
2026-04-22 19:29:36,522 - mmseg - INFO - Iter [29500/160000]	lr: 6.492e-06, eta: 1 day, 5:50:41, time: 0.694, data_time: 0.346, memory: 22330, decode.loss_seg: 0.1451, decode.acc_seg: 80.8779, aux.loss_seg: 0.0880, aux.acc_seg: 78.4833, loss: 0.2331
2026-04-22 19:29:51,833 - mmseg - INFO - Iter [29550/160000]	lr: 6.489e-06, eta: 1 day, 5:48:06, time: 0.306, data_time: 0.004, memory: 22330, decode.loss_seg: 0.1465, decode.acc_seg: 80.2691, aux.loss_seg: 0.0904, aux.acc_seg: 77.6382, loss: 0.2368
2026-04-22 19:30:26,452 - mmseg - INFO - Iter [29600/160000]	lr: 6.487e-06, eta: 1 day, 5:46:56, time: 0.693, data_time: 0.370, memory: 22330, decode.loss_seg: 0.1423, decode.acc_seg: 79.9213, aux.loss_seg: 0.0877, aux.acc_seg: 77.4180, loss: 0.2301
2026-04-22 19:31:00,845 - mmseg - INFO - Iter [29650/160000]	lr: 6.484e-06, eta: 1 day, 5:45:45, time: 0.688, data_time: 0.373, memory: 22330, decode.loss_seg: 0.1430, decode.acc_seg: 80.0936, aux.loss_seg: 0.0871, aux.acc_seg: 77.6308, loss: 0.2301
2026-04-22 19:31:16,251 - mmseg - INFO - Iter [29700/160000]	lr: 6.482e-06, eta: 1 day, 5:43:12, time: 0.308, data_time: 0.004, memory: 22330, decode.loss_seg: 0.1399, decode.acc_seg: 79.7877, aux.loss_seg: 0.0860, aux.acc_seg: 77.3316, loss: 0.2259
2026-04-22 19:31:50,199 - mmseg - INFO - Iter [29750/160000]	lr: 6.479e-06, eta: 1 day, 5:41:59, time: 0.679, data_time: 0.375, memory: 22330, decode.loss_seg: 0.1498, decode.acc_seg: 80.4616, aux.loss_seg: 0.0898, aux.acc_seg: 78.0824, loss: 0.2396
2026-04-22 19:32:25,030 - mmseg - INFO - Iter [29800/160000]	lr: 6.477e-06, eta: 1 day, 5:40:51, time: 0.697, data_time: 0.379, memory: 22330, decode.loss_seg: 0.1473, decode.acc_seg: 80.7883, aux.loss_seg: 0.0893, aux.acc_seg: 78.2921, loss: 0.2366
2026-04-22 19:32:40,408 - mmseg - INFO - Iter [29850/160000]	lr: 6.474e-06, eta: 1 day, 5:38:18, time: 0.307, data_time: 0.004, memory: 22330, decode.loss_seg: 0.1431, decode.acc_seg: 79.9399, aux.loss_seg: 0.0872, aux.acc_seg: 77.5013, loss: 0.2302
2026-04-22 19:33:15,269 - mmseg - INFO - Iter [29900/160000]	lr: 6.472e-06, eta: 1 day, 5:37:11, time: 0.697, data_time: 0.319, memory: 22330, decode.loss_seg: 0.1399, decode.acc_seg: 79.2923, aux.loss_seg: 0.0842, aux.acc_seg: 77.0530, loss: 0.2241
2026-04-22 19:33:30,651 - mmseg - INFO - Iter [29950/160000]	lr: 6.469e-06, eta: 1 day, 5:34:39, time: 0.308, data_time: 0.003, memory: 22330, decode.loss_seg: 0.1454, decode.acc_seg: 78.9412, aux.loss_seg: 0.0876, aux.acc_seg: 76.5783, loss: 0.2330
2026-04-22 19:34:16,565 - mmseg - INFO - per class results:
2026-04-22 19:34:16,565 - mmseg - INFO - 
+------------+-------+-------+
| Class      | IoU   | Acc   |
+------------+-------+-------+
| housing    | 90.42 | 94.71 |
| industrial | 86.07 | 93.64 |
| natural    | 73.65 | 78.79 |
| land_use   | 58.1  | 67.04 |
| water      | 86.02 | 93.55 |
| other      | 94.62 | 97.92 |
+------------+-------+-------+
2026-04-22 19:34:16,565 - mmseg - INFO - Summary:
2026-04-22 19:34:16,565 - mmseg - INFO - 
+--------+-------+-------+-------+
| Scope  | mIoU  | mAcc  | aAcc  |
+--------+-------+-------+-------+
| global | 81.48 | 87.61 | 91.39 |
+--------+-------+-------+-------+
2026-04-22 19:34:16,589 - mmseg - INFO - Exp name: pixel_upernet_itpn_base_12_512_slide_160k_air_polarsar2_amp_linux.py
2026-04-22 19:34:16,589 - mmseg - INFO - Iter [30000/160000]	lr: 6.467e-06, eta: 1 day, 6:12:46, time: 11.567, data_time: 0.000, memory: 22330, mIoU: 0.8148, mAcc: 0.8761, aAcc: 0.9139
2026-04-22 19:34:51,046 - mmseg - INFO - Iter [30050/160000]	lr: 6.464e-06, eta: 1 day, 6:11:33, time: 0.689, data_time: 0.345, memory: 22330, decode.loss_seg: 0.1426, decode.acc_seg: 80.4464, aux.loss_seg: 0.0865, aux.acc_seg: 77.9541, loss: 0.2291
2026-04-22 19:35:06,445 - mmseg - INFO - Iter [30100/160000]	lr: 6.462e-06, eta: 1 day, 6:08:57, time: 0.308, data_time: 0.003, memory: 22330, decode.loss_seg: 0.1392, decode.acc_seg: 81.1211, aux.loss_seg: 0.0841, aux.acc_seg: 78.7858, loss: 0.2233
2026-04-22 19:35:41,014 - mmseg - INFO - Iter [30150/160000]	lr: 6.459e-06, eta: 1 day, 6:07:44, time: 0.691, data_time: 0.373, memory: 22330, decode.loss_seg: 0.1402, decode.acc_seg: 79.9332, aux.loss_seg: 0.0877, aux.acc_seg: 77.4147, loss: 0.2279
2026-04-22 19:36:15,885 - mmseg - INFO - Iter [30200/160000]	lr: 6.457e-06, eta: 1 day, 6:06:33, time: 0.698, data_time: 0.392, memory: 22330, decode.loss_seg: 0.1438, decode.acc_seg: 79.9667, aux.loss_seg: 0.0878, aux.acc_seg: 77.5865, loss: 0.2316
2026-04-22 19:36:31,268 - mmseg - INFO - Iter [30250/160000]	lr: 6.454e-06, eta: 1 day, 6:03:58, time: 0.308, data_time: 0.004, memory: 22330, decode.loss_seg: 0.1421, decode.acc_seg: 80.3711, aux.loss_seg: 0.0910, aux.acc_seg: 77.4784, loss: 0.2331
2026-04-22 19:37:06,275 - mmseg - INFO - Iter [30300/160000]	lr: 6.452e-06, eta: 1 day, 6:02:47, time: 0.700, data_time: 0.357, memory: 22330, decode.loss_seg: 0.1392, decode.acc_seg: 79.2398, aux.loss_seg: 0.0846, aux.acc_seg: 76.8996, loss: 0.2238
2026-04-22 19:37:39,789 - mmseg - INFO - Iter [30350/160000]	lr: 6.449e-06, eta: 1 day, 6:01:31, time: 0.670, data_time: 0.366, memory: 22330, decode.loss_seg: 0.1461, decode.acc_seg: 79.0802, aux.loss_seg: 0.0881, aux.acc_seg: 76.5945, loss: 0.2342
2026-04-22 19:37:55,160 - mmseg - INFO - Iter [30400/160000]	lr: 6.447e-06, eta: 1 day, 5:58:57, time: 0.307, data_time: 0.004, memory: 22330, decode.loss_seg: 0.1528, decode.acc_seg: 79.0056, aux.loss_seg: 0.0924, aux.acc_seg: 76.2305, loss: 0.2453
2026-04-22 19:38:29,945 - mmseg - INFO - Iter [30450/160000]	lr: 6.444e-06, eta: 1 day, 5:57:46, time: 0.696, data_time: 0.379, memory: 22330, decode.loss_seg: 0.1372, decode.acc_seg: 80.5383, aux.loss_seg: 0.0837, aux.acc_seg: 78.1757, loss: 0.2209
2026-04-22 19:39:04,342 - mmseg - INFO - Iter [30500/160000]	lr: 6.442e-06, eta: 1 day, 5:56:34, time: 0.688, data_time: 0.331, memory: 22330, decode.loss_seg: 0.1396, decode.acc_seg: 81.7014, aux.loss_seg: 0.0877, aux.acc_seg: 79.1137, loss: 0.2273
2026-04-22 19:39:19,696 - mmseg - INFO - Iter [30550/160000]	lr: 6.439e-06, eta: 1 day, 5:54:01, time: 0.307, data_time: 0.004, memory: 22330, decode.loss_seg: 0.1370, decode.acc_seg: 79.7956, aux.loss_seg: 0.0857, aux.acc_seg: 77.2494, loss: 0.2227
2026-04-22 19:39:54,287 - mmseg - INFO - Iter [30600/160000]	lr: 6.437e-06, eta: 1 day, 5:52:50, time: 0.692, data_time: 0.388, memory: 22330, decode.loss_seg: 0.1460, decode.acc_seg: 82.1158, aux.loss_seg: 0.0890, aux.acc_seg: 79.7003, loss: 0.2350
2026-04-22 19:40:28,214 - mmseg - INFO - Iter [30650/160000]	lr: 6.434e-06, eta: 1 day, 5:51:36, time: 0.679, data_time: 0.379, memory: 22330, decode.loss_seg: 0.1429, decode.acc_seg: 80.4295, aux.loss_seg: 0.0874, aux.acc_seg: 77.9445, loss: 0.2303
2026-04-22 19:40:43,575 - mmseg - INFO - Iter [30700/160000]	lr: 6.432e-06, eta: 1 day, 5:49:04, time: 0.307, data_time: 0.003, memory: 22330, decode.loss_seg: 0.1447, decode.acc_seg: 80.4773, aux.loss_seg: 0.0875, aux.acc_seg: 78.0482, loss: 0.2322
2026-04-22 19:41:18,847 - mmseg - INFO - Iter [30750/160000]	lr: 6.429e-06, eta: 1 day, 5:47:56, time: 0.706, data_time: 0.354, memory: 22330, decode.loss_seg: 0.1411, decode.acc_seg: 79.2992, aux.loss_seg: 0.0869, aux.acc_seg: 76.8202, loss: 0.2280
2026-04-22 19:41:34,186 - mmseg - INFO - Iter [30800/160000]	lr: 6.427e-06, eta: 1 day, 5:45:25, time: 0.307, data_time: 0.003, memory: 22330, decode.loss_seg: 0.1458, decode.acc_seg: 81.1191, aux.loss_seg: 0.0924, aux.acc_seg: 78.2781, loss: 0.2382
2026-04-22 19:42:09,291 - mmseg - INFO - Iter [30850/160000]	lr: 6.425e-06, eta: 1 day, 5:44:17, time: 0.702, data_time: 0.343, memory: 22330, decode.loss_seg: 0.1443, decode.acc_seg: 80.3196, aux.loss_seg: 0.0867, aux.acc_seg: 77.9540, loss: 0.2311
2026-04-22 19:42:43,296 - mmseg - INFO - Iter [30900/160000]	lr: 6.422e-06, eta: 1 day, 5:43:04, time: 0.680, data_time: 0.342, memory: 22330, decode.loss_seg: 0.1375, decode.acc_seg: 81.2055, aux.loss_seg: 0.0869, aux.acc_seg: 78.5563, loss: 0.2244
2026-04-22 19:42:58,678 - mmseg - INFO - Iter [30950/160000]	lr: 6.420e-06, eta: 1 day, 5:40:34, time: 0.308, data_time: 0.004, memory: 22330, decode.loss_seg: 0.1357, decode.acc_seg: 80.9244, aux.loss_seg: 0.0853, aux.acc_seg: 78.3044, loss: 0.2210
2026-04-22 19:43:33,487 - mmseg - INFO - Exp name: pixel_upernet_itpn_base_12_512_slide_160k_air_polarsar2_amp_linux.py
2026-04-22 19:43:33,487 - mmseg - INFO - Iter [31000/160000]	lr: 6.417e-06, eta: 1 day, 5:39:25, time: 0.696, data_time: 0.393, memory: 22330, decode.loss_seg: 0.1405, decode.acc_seg: 80.0247, aux.loss_seg: 0.0875, aux.acc_seg: 77.6477, loss: 0.2281
2026-04-22 19:44:08,346 - mmseg - INFO - Iter [31050/160000]	lr: 6.415e-06, eta: 1 day, 5:38:17, time: 0.697, data_time: 0.350, memory: 22330, decode.loss_seg: 0.1388, decode.acc_seg: 80.9967, aux.loss_seg: 0.0848, aux.acc_seg: 78.5615, loss: 0.2236
2026-04-22 19:44:23,723 - mmseg - INFO - Iter [31100/160000]	lr: 6.412e-06, eta: 1 day, 5:35:48, time: 0.307, data_time: 0.003, memory: 22330, decode.loss_seg: 0.1393, decode.acc_seg: 81.2192, aux.loss_seg: 0.0869, aux.acc_seg: 78.6299, loss: 0.2262
2026-04-22 19:44:59,304 - mmseg - INFO - Iter [31150/160000]	lr: 6.410e-06, eta: 1 day, 5:34:43, time: 0.712, data_time: 0.387, memory: 22330, decode.loss_seg: 0.1354, decode.acc_seg: 79.6274, aux.loss_seg: 0.0840, aux.acc_seg: 77.1171, loss: 0.2194
2026-04-22 19:45:34,451 - mmseg - INFO - Iter [31200/160000]	lr: 6.407e-06, eta: 1 day, 5:33:36, time: 0.703, data_time: 0.354, memory: 22330, decode.loss_seg: 0.1378, decode.acc_seg: 80.0893, aux.loss_seg: 0.0838, aux.acc_seg: 77.8351, loss: 0.2216
2026-04-22 19:45:49,790 - mmseg - INFO - Iter [31250/160000]	lr: 6.405e-06, eta: 1 day, 5:31:08, time: 0.307, data_time: 0.004, memory: 22330, decode.loss_seg: 0.1405, decode.acc_seg: 81.9369, aux.loss_seg: 0.0885, aux.acc_seg: 79.3306, loss: 0.2290
2026-04-22 19:46:25,671 - mmseg - INFO - Iter [31300/160000]	lr: 6.402e-06, eta: 1 day, 5:30:04, time: 0.718, data_time: 0.404, memory: 22330, decode.loss_seg: 0.1393, decode.acc_seg: 81.4383, aux.loss_seg: 0.0882, aux.acc_seg: 78.8215, loss: 0.2275
2026-04-22 19:47:00,834 - mmseg - INFO - Iter [31350/160000]	lr: 6.400e-06, eta: 1 day, 5:28:58, time: 0.703, data_time: 0.375, memory: 22330, decode.loss_seg: 0.1300, decode.acc_seg: 79.6079, aux.loss_seg: 0.0803, aux.acc_seg: 77.2566, loss: 0.2103
2026-04-22 19:47:16,201 - mmseg - INFO - Iter [31400/160000]	lr: 6.397e-06, eta: 1 day, 5:26:31, time: 0.307, data_time: 0.004, memory: 22330, decode.loss_seg: 0.1568, decode.acc_seg: 79.1403, aux.loss_seg: 0.0924, aux.acc_seg: 76.7473, loss: 0.2491
2026-04-22 19:47:50,180 - mmseg - INFO - Iter [31450/160000]	lr: 6.395e-06, eta: 1 day, 5:25:20, time: 0.680, data_time: 0.339, memory: 22330, decode.loss_seg: 0.1442, decode.acc_seg: 80.9779, aux.loss_seg: 0.0840, aux.acc_seg: 78.8138, loss: 0.2281
2026-04-22 19:48:24,145 - mmseg - INFO - Iter [31500/160000]	lr: 6.392e-06, eta: 1 day, 5:24:09, time: 0.679, data_time: 0.348, memory: 22330, decode.loss_seg: 0.1427, decode.acc_seg: 79.5267, aux.loss_seg: 0.0878, aux.acc_seg: 76.9253, loss: 0.2304
2026-04-22 19:48:39,505 - mmseg - INFO - Iter [31550/160000]	lr: 6.390e-06, eta: 1 day, 5:21:43, time: 0.307, data_time: 0.004, memory: 22330, decode.loss_seg: 0.1513, decode.acc_seg: 80.7620, aux.loss_seg: 0.0925, aux.acc_seg: 77.9641, loss: 0.2438
2026-04-22 19:49:14,678 - mmseg - INFO - Iter [31600/160000]	lr: 6.387e-06, eta: 1 day, 5:20:37, time: 0.704, data_time: 0.346, memory: 22330, decode.loss_seg: 0.1408, decode.acc_seg: 80.1336, aux.loss_seg: 0.0882, aux.acc_seg: 77.6680, loss: 0.2290
2026-04-22 19:49:49,304 - mmseg - INFO - Iter [31650/160000]	lr: 6.385e-06, eta: 1 day, 5:19:30, time: 0.692, data_time: 0.336, memory: 22330, decode.loss_seg: 0.1375, decode.acc_seg: 80.6331, aux.loss_seg: 0.0847, aux.acc_seg: 78.1548, loss: 0.2222
2026-04-22 19:50:04,643 - mmseg - INFO - Iter [31700/160000]	lr: 6.382e-06, eta: 1 day, 5:17:04, time: 0.307, data_time: 0.004, memory: 22330, decode.loss_seg: 0.1430, decode.acc_seg: 80.5695, aux.loss_seg: 0.0858, aux.acc_seg: 78.2327, loss: 0.2289
2026-04-22 19:50:40,220 - mmseg - INFO - Iter [31750/160000]	lr: 6.380e-06, eta: 1 day, 5:16:01, time: 0.711, data_time: 0.380, memory: 22330, decode.loss_seg: 0.1361, decode.acc_seg: 79.9582, aux.loss_seg: 0.0837, aux.acc_seg: 77.4543, loss: 0.2198
2026-04-22 19:50:55,552 - mmseg - INFO - Iter [31800/160000]	lr: 6.377e-06, eta: 1 day, 5:13:36, time: 0.307, data_time: 0.004, memory: 22330, decode.loss_seg: 0.1383, decode.acc_seg: 79.6592, aux.loss_seg: 0.0833, aux.acc_seg: 77.3474, loss: 0.2216
2026-04-22 19:51:29,961 - mmseg - INFO - Iter [31850/160000]	lr: 6.375e-06, eta: 1 day, 5:12:29, time: 0.688, data_time: 0.369, memory: 22330, decode.loss_seg: 0.1388, decode.acc_seg: 79.2948, aux.loss_seg: 0.0852, aux.acc_seg: 76.8109, loss: 0.2240
2026-04-22 19:52:04,319 - mmseg - INFO - Iter [31900/160000]	lr: 6.372e-06, eta: 1 day, 5:11:21, time: 0.687, data_time: 0.344, memory: 22330, decode.loss_seg: 0.1421, decode.acc_seg: 81.2673, aux.loss_seg: 0.0868, aux.acc_seg: 78.8279, loss: 0.2288
2026-04-22 19:52:19,649 - mmseg - INFO - Iter [31950/160000]	lr: 6.370e-06, eta: 1 day, 5:08:57, time: 0.307, data_time: 0.004, memory: 22330, decode.loss_seg: 0.1387, decode.acc_seg: 80.5715, aux.loss_seg: 0.0855, aux.acc_seg: 78.0696, loss: 0.2241
2026-04-22 19:52:54,673 - mmseg - INFO - Saving checkpoint at 32000 iterations
2026-04-22 19:53:09,181 - mmseg - INFO - per class results:
2026-04-22 19:53:09,182 - mmseg - INFO - 
+------------+-------+-------+
| Class      | IoU   | Acc   |
+------------+-------+-------+
| housing    | 90.62 | 94.68 |
| industrial | 86.55 | 92.72 |
| natural    | 73.92 | 79.48 |
| land_use   | 60.51 | 74.31 |
| water      | 86.42 | 93.5  |
| other      | 95.28 | 98.46 |
+------------+-------+-------+
2026-04-22 19:53:09,182 - mmseg - INFO - Summary:
2026-04-22 19:53:09,182 - mmseg - INFO - 
+--------+-------+-------+-------+
| Scope  | mIoU  | mAcc  | aAcc  |
+--------+-------+-------+-------+
| global | 82.22 | 88.86 | 91.65 |
+--------+-------+-------+-------+
2026-04-22 19:53:09,223 - mmseg - INFO - Exp name: pixel_upernet_itpn_base_12_512_slide_160k_air_polarsar2_amp_linux.py
2026-04-22 19:53:09,223 - mmseg - INFO - Iter [32000/160000]	lr: 6.367e-06, eta: 1 day, 5:55:03, time: 14.854, data_time: 0.000, memory: 22330, mIoU: 0.8222, mAcc: 0.8886, aAcc: 0.9165
2026-04-22 19:53:43,010 - mmseg - INFO - Iter [32050/160000]	lr: 6.365e-06, eta: 1 day, 5:53:48, time: 0.676, data_time: 0.367, memory: 22330, decode.loss_seg: 0.1331, decode.acc_seg: 79.5039, aux.loss_seg: 0.0811, aux.acc_seg: 77.1436, loss: 0.2142
2026-04-22 19:53:58,351 - mmseg - INFO - Iter [32100/160000]	lr: 6.362e-06, eta: 1 day, 5:51:19, time: 0.307, data_time: 0.004, memory: 22330, decode.loss_seg: 0.1292, decode.acc_seg: 80.8365, aux.loss_seg: 0.0800, aux.acc_seg: 78.5347, loss: 0.2093
2026-04-22 19:54:33,619 - mmseg - INFO - Iter [32150/160000]	lr: 6.360e-06, eta: 1 day, 5:50:10, time: 0.705, data_time: 0.345, memory: 22330, decode.loss_seg: 0.1367, decode.acc_seg: 80.8396, aux.loss_seg: 0.0853, aux.acc_seg: 78.2931, loss: 0.2220
2026-04-22 19:55:07,818 - mmseg - INFO - Iter [32200/160000]	lr: 6.357e-06, eta: 1 day, 5:48:57, time: 0.684, data_time: 0.357, memory: 22330, decode.loss_seg: 0.1387, decode.acc_seg: 80.1424, aux.loss_seg: 0.0850, aux.acc_seg: 77.7571, loss: 0.2237
2026-04-22 19:55:23,160 - mmseg - INFO - Iter [32250/160000]	lr: 6.355e-06, eta: 1 day, 5:46:30, time: 0.307, data_time: 0.003, memory: 22330, decode.loss_seg: 0.1339, decode.acc_seg: 81.2853, aux.loss_seg: 0.0823, aux.acc_seg: 78.8599, loss: 0.2162
2026-04-22 19:55:58,585 - mmseg - INFO - Iter [32300/160000]	lr: 6.352e-06, eta: 1 day, 5:45:22, time: 0.708, data_time: 0.406, memory: 22330, decode.loss_seg: 0.1378, decode.acc_seg: 80.4650, aux.loss_seg: 0.0861, aux.acc_seg: 77.9043, loss: 0.2239
2026-04-22 19:56:33,076 - mmseg - INFO - Iter [32350/160000]	lr: 6.350e-06, eta: 1 day, 5:44:11, time: 0.690, data_time: 0.377, memory: 22330, decode.loss_seg: 0.1393, decode.acc_seg: 80.8417, aux.loss_seg: 0.0854, aux.acc_seg: 78.3669, loss: 0.2247
2026-04-22 19:56:48,378 - mmseg - INFO - Iter [32400/160000]	lr: 6.347e-06, eta: 1 day, 5:41:44, time: 0.306, data_time: 0.003, memory: 22330, decode.loss_seg: 0.1332, decode.acc_seg: 79.7483, aux.loss_seg: 0.0822, aux.acc_seg: 77.3933, loss: 0.2154
2026-04-22 19:57:23,780 - mmseg - INFO - Iter [32450/160000]	lr: 6.345e-06, eta: 1 day, 5:40:36, time: 0.708, data_time: 0.385, memory: 22330, decode.loss_seg: 0.1448, decode.acc_seg: 81.1087, aux.loss_seg: 0.0884, aux.acc_seg: 78.5508, loss: 0.2331
2026-04-22 19:57:59,411 - mmseg - INFO - Iter [32500/160000]	lr: 6.342e-06, eta: 1 day, 5:39:30, time: 0.712, data_time: 0.348, memory: 22330, decode.loss_seg: 0.1336, decode.acc_seg: 80.2800, aux.loss_seg: 0.0834, aux.acc_seg: 77.8589, loss: 0.2170
2026-04-22 19:58:14,841 - mmseg - INFO - Iter [32550/160000]	lr: 6.340e-06, eta: 1 day, 5:37:04, time: 0.309, data_time: 0.004, memory: 22330, decode.loss_seg: 0.1375, decode.acc_seg: 81.4740, aux.loss_seg: 0.0870, aux.acc_seg: 79.0991, loss: 0.2244
2026-04-22 19:58:49,728 - mmseg - INFO - Iter [32600/160000]	lr: 6.337e-06, eta: 1 day, 5:35:56, time: 0.698, data_time: 0.394, memory: 22330, decode.loss_seg: 0.1353, decode.acc_seg: 80.7780, aux.loss_seg: 0.0850, aux.acc_seg: 78.2540, loss: 0.2203
2026-04-22 19:59:23,965 - mmseg - INFO - Iter [32650/160000]	lr: 6.335e-06, eta: 1 day, 5:34:44, time: 0.685, data_time: 0.374, memory: 22330, decode.loss_seg: 0.1391, decode.acc_seg: 82.5962, aux.loss_seg: 0.0854, aux.acc_seg: 80.1751, loss: 0.2245
2026-04-22 19:59:39,431 - mmseg - INFO - Iter [32700/160000]	lr: 6.332e-06, eta: 1 day, 5:32:20, time: 0.309, data_time: 0.003, memory: 22330, decode.loss_seg: 0.1357, decode.acc_seg: 81.3433, aux.loss_seg: 0.0868, aux.acc_seg: 78.6746, loss: 0.2225
2026-04-22 20:00:14,847 - mmseg - INFO - Iter [32750/160000]	lr: 6.330e-06, eta: 1 day, 5:31:13, time: 0.708, data_time: 0.351, memory: 22330, decode.loss_seg: 0.1377, decode.acc_seg: 80.9378, aux.loss_seg: 0.0847, aux.acc_seg: 78.4551, loss: 0.2224
2026-04-22 20:00:30,280 - mmseg - INFO - Iter [32800/160000]	lr: 6.328e-06, eta: 1 day, 5:28:49, time: 0.309, data_time: 0.003, memory: 22330, decode.loss_seg: 0.1330, decode.acc_seg: 81.0775, aux.loss_seg: 0.0857, aux.acc_seg: 78.4893, loss: 0.2186
2026-04-22 20:01:04,851 - mmseg - INFO - Iter [32850/160000]	lr: 6.325e-06, eta: 1 day, 5:27:40, time: 0.692, data_time: 0.376, memory: 22330, decode.loss_seg: 0.1295, decode.acc_seg: 81.6396, aux.loss_seg: 0.0803, aux.acc_seg: 79.2963, loss: 0.2098
2026-04-22 20:01:39,132 - mmseg - INFO - Iter [32900/160000]	lr: 6.323e-06, eta: 1 day, 5:26:30, time: 0.686, data_time: 0.381, memory: 22330, decode.loss_seg: 0.1323, decode.acc_seg: 81.0225, aux.loss_seg: 0.0816, aux.acc_seg: 78.5959, loss: 0.2139
2026-04-22 20:01:54,562 - mmseg - INFO - Iter [32950/160000]	lr: 6.320e-06, eta: 1 day, 5:24:07, time: 0.308, data_time: 0.003, memory: 22330, decode.loss_seg: 0.1357, decode.acc_seg: 81.7059, aux.loss_seg: 0.0858, aux.acc_seg: 79.1097, loss: 0.2214
2026-04-22 20:02:29,042 - mmseg - INFO - Exp name: pixel_upernet_itpn_base_12_512_slide_160k_air_polarsar2_amp_linux.py
2026-04-22 20:02:29,043 - mmseg - INFO - Iter [33000/160000]	lr: 6.318e-06, eta: 1 day, 5:22:57, time: 0.690, data_time: 0.366, memory: 22330, decode.loss_seg: 0.1367, decode.acc_seg: 80.8810, aux.loss_seg: 0.0868, aux.acc_seg: 78.3961, loss: 0.2235
2026-04-22 20:03:04,275 - mmseg - INFO - Iter [33050/160000]	lr: 6.315e-06, eta: 1 day, 5:21:51, time: 0.705, data_time: 0.355, memory: 22330, decode.loss_seg: 0.1380, decode.acc_seg: 80.7145, aux.loss_seg: 0.0837, aux.acc_seg: 78.3759, loss: 0.2217
2026-04-22 20:03:19,724 - mmseg - INFO - Iter [33100/160000]	lr: 6.313e-06, eta: 1 day, 5:19:29, time: 0.309, data_time: 0.004, memory: 22330, decode.loss_seg: 0.1369, decode.acc_seg: 82.3128, aux.loss_seg: 0.0852, aux.acc_seg: 79.7357, loss: 0.2222
2026-04-22 20:03:55,436 - mmseg - INFO - Iter [33150/160000]	lr: 6.310e-06, eta: 1 day, 5:18:25, time: 0.714, data_time: 0.398, memory: 22330, decode.loss_seg: 0.1334, decode.acc_seg: 79.9001, aux.loss_seg: 0.0822, aux.acc_seg: 77.4070, loss: 0.2155
2026-04-22 20:04:30,995 - mmseg - INFO - Iter [33200/160000]	lr: 6.308e-06, eta: 1 day, 5:17:20, time: 0.711, data_time: 0.367, memory: 22330, decode.loss_seg: 0.1349, decode.acc_seg: 81.8615, aux.loss_seg: 0.0815, aux.acc_seg: 79.5576, loss: 0.2164
2026-04-22 20:04:46,340 - mmseg - INFO - Iter [33250/160000]	lr: 6.305e-06, eta: 1 day, 5:14:59, time: 0.307, data_time: 0.003, memory: 22330, decode.loss_seg: 0.1236, decode.acc_seg: 80.3081, aux.loss_seg: 0.0781, aux.acc_seg: 77.8783, loss: 0.2016
2026-04-22 20:05:21,931 - mmseg - INFO - Iter [33300/160000]	lr: 6.303e-06, eta: 1 day, 5:13:55, time: 0.712, data_time: 0.353, memory: 22330, decode.loss_seg: 0.1415, decode.acc_seg: 80.4092, aux.loss_seg: 0.0857, aux.acc_seg: 77.9275, loss: 0.2272
2026-04-22 20:05:56,191 - mmseg - INFO - Iter [33350/160000]	lr: 6.300e-06, eta: 1 day, 5:12:46, time: 0.685, data_time: 0.337, memory: 22330, decode.loss_seg: 0.1356, decode.acc_seg: 81.0239, aux.loss_seg: 0.0845, aux.acc_seg: 78.5020, loss: 0.2201
2026-04-22 20:06:11,528 - mmseg - INFO - Iter [33400/160000]	lr: 6.298e-06, eta: 1 day, 5:10:25, time: 0.307, data_time: 0.004, memory: 22330, decode.loss_seg: 0.1250, decode.acc_seg: 79.2094, aux.loss_seg: 0.0780, aux.acc_seg: 76.8582, loss: 0.2030
2026-04-22 20:06:47,130 - mmseg - INFO - Iter [33450/160000]	lr: 6.295e-06, eta: 1 day, 5:09:21, time: 0.712, data_time: 0.364, memory: 22330, decode.loss_seg: 0.1319, decode.acc_seg: 80.9932, aux.loss_seg: 0.0837, aux.acc_seg: 78.4569, loss: 0.2156
2026-04-22 20:07:21,997 - mmseg - INFO - Iter [33500/160000]	lr: 6.293e-06, eta: 1 day, 5:08:15, time: 0.697, data_time: 0.342, memory: 22330, decode.loss_seg: 0.1372, decode.acc_seg: 81.2612, aux.loss_seg: 0.0864, aux.acc_seg: 78.6272, loss: 0.2236
2026-04-22 20:07:37,343 - mmseg - INFO - Iter [33550/160000]	lr: 6.290e-06, eta: 1 day, 5:05:55, time: 0.307, data_time: 0.004, memory: 22330, decode.loss_seg: 0.1313, decode.acc_seg: 79.7264, aux.loss_seg: 0.0827, aux.acc_seg: 77.1871, loss: 0.2140
2026-04-22 20:08:12,426 - mmseg - INFO - Iter [33600/160000]	lr: 6.288e-06, eta: 1 day, 5:04:50, time: 0.702, data_time: 0.348, memory: 22330, decode.loss_seg: 0.1317, decode.acc_seg: 79.6327, aux.loss_seg: 0.0839, aux.acc_seg: 77.0477, loss: 0.2156
2026-04-22 20:08:47,625 - mmseg - INFO - Iter [33650/160000]	lr: 6.285e-06, eta: 1 day, 5:03:45, time: 0.704, data_time: 0.400, memory: 22330, decode.loss_seg: 0.1316, decode.acc_seg: 80.6926, aux.loss_seg: 0.0804, aux.acc_seg: 78.4702, loss: 0.2120
2026-04-22 20:09:02,989 - mmseg - INFO - Iter [33700/160000]	lr: 6.283e-06, eta: 1 day, 5:01:26, time: 0.307, data_time: 0.003, memory: 22330, decode.loss_seg: 0.1300, decode.acc_seg: 80.4204, aux.loss_seg: 0.0812, aux.acc_seg: 77.9868, loss: 0.2112
2026-04-22 20:09:38,787 - mmseg - INFO - Iter [33750/160000]	lr: 6.280e-06, eta: 1 day, 5:00:24, time: 0.716, data_time: 0.397, memory: 22330, decode.loss_seg: 0.1311, decode.acc_seg: 81.0861, aux.loss_seg: 0.0839, aux.acc_seg: 78.4595, loss: 0.2150
2026-04-22 20:09:54,105 - mmseg - INFO - Iter [33800/160000]	lr: 6.278e-06, eta: 1 day, 4:58:05, time: 0.306, data_time: 0.005, memory: 22330, decode.loss_seg: 0.1349, decode.acc_seg: 80.8675, aux.loss_seg: 0.0844, aux.acc_seg: 78.3593, loss: 0.2193
2026-04-22 20:10:28,048 - mmseg - INFO - Iter [33850/160000]	lr: 6.275e-06, eta: 1 day, 4:56:56, time: 0.679, data_time: 0.360, memory: 22330, decode.loss_seg: 0.1288, decode.acc_seg: 81.2162, aux.loss_seg: 0.0810, aux.acc_seg: 78.8176, loss: 0.2098
2026-04-22 20:11:01,973 - mmseg - INFO - Iter [33900/160000]	lr: 6.273e-06, eta: 1 day, 4:55:47, time: 0.678, data_time: 0.341, memory: 22330, decode.loss_seg: 0.1331, decode.acc_seg: 81.6405, aux.loss_seg: 0.0826, aux.acc_seg: 79.2178, loss: 0.2157
2026-04-22 20:11:17,359 - mmseg - INFO - Iter [33950/160000]	lr: 6.270e-06, eta: 1 day, 4:53:30, time: 0.308, data_time: 0.004, memory: 22330, decode.loss_seg: 0.1295, decode.acc_seg: 81.7597, aux.loss_seg: 0.0816, aux.acc_seg: 79.3014, loss: 0.2111
2026-04-22 20:12:02,020 - mmseg - INFO - per class results:
2026-04-22 20:12:02,020 - mmseg - INFO - 
+------------+-------+-------+
| Class      | IoU   | Acc   |
+------------+-------+-------+
| housing    | 89.98 | 96.27 |
| industrial | 86.53 | 93.0  |
| natural    | 73.16 | 77.24 |
| land_use   | 61.4  | 74.34 |
| water      | 86.51 | 93.05 |
| other      | 95.42 | 97.93 |
+------------+-------+-------+
2026-04-22 20:12:02,020 - mmseg - INFO - Summary:
2026-04-22 20:12:02,020 - mmseg - INFO - 
+--------+-------+-------+-------+
| Scope  | mIoU  | mAcc  | aAcc  |
+--------+-------+-------+-------+
| global | 82.17 | 88.64 | 91.68 |
+--------+-------+-------+-------+
2026-04-22 20:12:02,045 - mmseg - INFO - Exp name: pixel_upernet_itpn_base_12_512_slide_160k_air_polarsar2_amp_linux.py
2026-04-22 20:12:02,045 - mmseg - INFO - Iter [34000/160000]	lr: 6.268e-06, eta: 1 day, 5:25:37, time: 11.446, data_time: 0.000, memory: 22330, mIoU: 0.8217, mAcc: 0.8864, aAcc: 0.9168
2026-04-22 20:12:35,689 - mmseg - INFO - Iter [34050/160000]	lr: 6.265e-06, eta: 1 day, 5:24:24, time: 0.673, data_time: 0.331, memory: 22330, decode.loss_seg: 0.1356, decode.acc_seg: 80.4914, aux.loss_seg: 0.0856, aux.acc_seg: 77.8334, loss: 0.2212
2026-04-22 20:12:51,096 - mmseg - INFO - Iter [34100/160000]	lr: 6.263e-06, eta: 1 day, 5:22:03, time: 0.308, data_time: 0.003, memory: 22330, decode.loss_seg: 0.1268, decode.acc_seg: 79.4725, aux.loss_seg: 0.0801, aux.acc_seg: 77.0396, loss: 0.2069
2026-04-22 20:13:24,427 - mmseg - INFO - Iter [34150/160000]	lr: 6.260e-06, eta: 1 day, 5:20:49, time: 0.666, data_time: 0.357, memory: 22330, decode.loss_seg: 0.1324, decode.acc_seg: 81.1591, aux.loss_seg: 0.0862, aux.acc_seg: 78.5769, loss: 0.2186
2026-04-22 20:13:58,371 - mmseg - INFO - Iter [34200/160000]	lr: 6.258e-06, eta: 1 day, 5:19:38, time: 0.679, data_time: 0.363, memory: 22330, decode.loss_seg: 0.1325, decode.acc_seg: 81.7206, aux.loss_seg: 0.0817, aux.acc_seg: 79.3136, loss: 0.2142
2026-04-22 20:14:13,716 - mmseg - INFO - Iter [34250/160000]	lr: 6.255e-06, eta: 1 day, 5:17:18, time: 0.307, data_time: 0.003, memory: 22330, decode.loss_seg: 0.1267, decode.acc_seg: 81.2179, aux.loss_seg: 0.0787, aux.acc_seg: 78.8486, loss: 0.2054
2026-04-22 20:14:47,981 - mmseg - INFO - Iter [34300/160000]	lr: 6.253e-06, eta: 1 day, 5:16:08, time: 0.685, data_time: 0.367, memory: 22330, decode.loss_seg: 0.1280, decode.acc_seg: 81.1770, aux.loss_seg: 0.0804, aux.acc_seg: 78.7781, loss: 0.2084
2026-04-22 20:15:21,866 - mmseg - INFO - Iter [34350/160000]	lr: 6.250e-06, eta: 1 day, 5:14:57, time: 0.678, data_time: 0.373, memory: 22330, decode.loss_seg: 0.1325, decode.acc_seg: 82.1088, aux.loss_seg: 0.0817, aux.acc_seg: 79.7463, loss: 0.2142
2026-04-22 20:15:37,294 - mmseg - INFO - Iter [34400/160000]	lr: 6.248e-06, eta: 1 day, 5:12:38, time: 0.309, data_time: 0.004, memory: 22330, decode.loss_seg: 0.1289, decode.acc_seg: 81.8168, aux.loss_seg: 0.0810, aux.acc_seg: 79.3779, loss: 0.2099
2026-04-22 20:16:11,616 - mmseg - INFO - Iter [34450/160000]	lr: 6.245e-06, eta: 1 day, 5:11:29, time: 0.686, data_time: 0.337, memory: 22330, decode.loss_seg: 0.1250, decode.acc_seg: 79.5524, aux.loss_seg: 0.0776, aux.acc_seg: 77.2873, loss: 0.2027
2026-04-22 20:16:45,468 - mmseg - INFO - Iter [34500/160000]	lr: 6.243e-06, eta: 1 day, 5:10:18, time: 0.677, data_time: 0.335, memory: 22330, decode.loss_seg: 0.1228, decode.acc_seg: 81.3426, aux.loss_seg: 0.0793, aux.acc_seg: 78.7590, loss: 0.2021
2026-04-22 20:17:00,837 - mmseg - INFO - Iter [34550/160000]	lr: 6.240e-06, eta: 1 day, 5:08:00, time: 0.307, data_time: 0.003, memory: 22330, decode.loss_seg: 0.1258, decode.acc_seg: 81.7908, aux.loss_seg: 0.0795, aux.acc_seg: 79.3876, loss: 0.2054
2026-04-22 20:17:35,366 - mmseg - INFO - Iter [34600/160000]	lr: 6.238e-06, eta: 1 day, 5:06:52, time: 0.691, data_time: 0.356, memory: 22330, decode.loss_seg: 0.1295, decode.acc_seg: 80.3154, aux.loss_seg: 0.0835, aux.acc_seg: 77.7091, loss: 0.2131
2026-04-22 20:17:50,671 - mmseg - INFO - Iter [34650/160000]	lr: 6.235e-06, eta: 1 day, 5:04:34, time: 0.306, data_time: 0.004, memory: 22330, decode.loss_seg: 0.1291, decode.acc_seg: 80.1149, aux.loss_seg: 0.0802, aux.acc_seg: 77.6995, loss: 0.2094
2026-04-22 20:18:25,069 - mmseg - INFO - Iter [34700/160000]	lr: 6.233e-06, eta: 1 day, 5:03:26, time: 0.688, data_time: 0.333, memory: 22330, decode.loss_seg: 0.1250, decode.acc_seg: 82.0616, aux.loss_seg: 0.0811, aux.acc_seg: 79.5150, loss: 0.2060
2026-04-22 20:19:00,608 - mmseg - INFO - Iter [34750/160000]	lr: 6.231e-06, eta: 1 day, 5:02:22, time: 0.711, data_time: 0.337, memory: 22330, decode.loss_seg: 0.1362, decode.acc_seg: 81.7513, aux.loss_seg: 0.0854, aux.acc_seg: 79.2372, loss: 0.2215
2026-04-22 20:19:15,880 - mmseg - INFO - Iter [34800/160000]	lr: 6.228e-06, eta: 1 day, 5:00:05, time: 0.305, data_time: 0.004, memory: 22330, decode.loss_seg: 0.1275, decode.acc_seg: 80.8627, aux.loss_seg: 0.0811, aux.acc_seg: 78.3632, loss: 0.2086
2026-04-22 20:19:51,546 - mmseg - INFO - Iter [34850/160000]	lr: 6.226e-06, eta: 1 day, 4:59:02, time: 0.713, data_time: 0.375, memory: 22330, decode.loss_seg: 0.1305, decode.acc_seg: 80.6764, aux.loss_seg: 0.0822, aux.acc_seg: 78.2404, loss: 0.2127
2026-04-22 20:20:26,311 - mmseg - INFO - Iter [34900/160000]	lr: 6.223e-06, eta: 1 day, 4:57:55, time: 0.695, data_time: 0.363, memory: 22330, decode.loss_seg: 0.1306, decode.acc_seg: 81.2968, aux.loss_seg: 0.0818, aux.acc_seg: 78.7401, loss: 0.2124
2026-04-22 20:20:41,719 - mmseg - INFO - Iter [34950/160000]	lr: 6.221e-06, eta: 1 day, 4:55:39, time: 0.308, data_time: 0.003, memory: 22330, decode.loss_seg: 0.1367, decode.acc_seg: 80.1997, aux.loss_seg: 0.0856, aux.acc_seg: 77.5113, loss: 0.2223
2026-04-22 20:21:16,105 - mmseg - INFO - Exp name: pixel_upernet_itpn_base_12_512_slide_160k_air_polarsar2_amp_linux.py
2026-04-22 20:21:16,105 - mmseg - INFO - Iter [35000/160000]	lr: 6.218e-06, eta: 1 day, 4:54:32, time: 0.688, data_time: 0.385, memory: 22330, decode.loss_seg: 0.1339, decode.acc_seg: 81.8299, aux.loss_seg: 0.0839, aux.acc_seg: 79.2945, loss: 0.2178
2026-04-22 20:21:50,769 - mmseg - INFO - Iter [35050/160000]	lr: 6.216e-06, eta: 1 day, 4:53:25, time: 0.693, data_time: 0.347, memory: 22330, decode.loss_seg: 0.1251, decode.acc_seg: 81.2585, aux.loss_seg: 0.0776, aux.acc_seg: 78.9627, loss: 0.2027
2026-04-22 20:22:06,083 - mmseg - INFO - Iter [35100/160000]	lr: 6.213e-06, eta: 1 day, 4:51:10, time: 0.306, data_time: 0.003, memory: 22330, decode.loss_seg: 0.1252, decode.acc_seg: 81.0103, aux.loss_seg: 0.0807, aux.acc_seg: 78.5601, loss: 0.2059
2026-04-22 20:22:41,895 - mmseg - INFO - Iter [35150/160000]	lr: 6.211e-06, eta: 1 day, 4:50:08, time: 0.716, data_time: 0.302, memory: 22330, decode.loss_seg: 0.1236, decode.acc_seg: 81.7150, aux.loss_seg: 0.0790, aux.acc_seg: 79.3271, loss: 0.2026
2026-04-22 20:23:16,249 - mmseg - INFO - Iter [35200/160000]	lr: 6.208e-06, eta: 1 day, 4:49:01, time: 0.687, data_time: 0.345, memory: 22330, decode.loss_seg: 0.1283, decode.acc_seg: 80.8539, aux.loss_seg: 0.0839, aux.acc_seg: 78.1468, loss: 0.2122
2026-04-22 20:23:31,619 - mmseg - INFO - Iter [35250/160000]	lr: 6.206e-06, eta: 1 day, 4:46:47, time: 0.307, data_time: 0.004, memory: 22330, decode.loss_seg: 0.1213, decode.acc_seg: 81.3017, aux.loss_seg: 0.0768, aux.acc_seg: 79.0149, loss: 0.1981
2026-04-22 20:24:06,189 - mmseg - INFO - Iter [35300/160000]	lr: 6.203e-06, eta: 1 day, 4:45:41, time: 0.691, data_time: 0.374, memory: 22330, decode.loss_seg: 0.1301, decode.acc_seg: 82.3359, aux.loss_seg: 0.0803, aux.acc_seg: 80.0161, loss: 0.2104
2026-04-22 20:24:40,602 - mmseg - INFO - Iter [35350/160000]	lr: 6.201e-06, eta: 1 day, 4:44:34, time: 0.688, data_time: 0.378, memory: 22330, decode.loss_seg: 0.1326, decode.acc_seg: 82.9773, aux.loss_seg: 0.0833, aux.acc_seg: 80.4956, loss: 0.2159
2026-04-22 20:24:55,906 - mmseg - INFO - Iter [35400/160000]	lr: 6.198e-06, eta: 1 day, 4:42:20, time: 0.306, data_time: 0.004, memory: 22330, decode.loss_seg: 0.1300, decode.acc_seg: 81.0596, aux.loss_seg: 0.0793, aux.acc_seg: 78.7653, loss: 0.2093
2026-04-22 20:25:30,522 - mmseg - INFO - Iter [35450/160000]	lr: 6.196e-06, eta: 1 day, 4:41:15, time: 0.692, data_time: 0.352, memory: 22330, decode.loss_seg: 0.1251, decode.acc_seg: 81.6796, aux.loss_seg: 0.0801, aux.acc_seg: 79.1200, loss: 0.2052
2026-04-22 20:26:06,181 - mmseg - INFO - Iter [35500/160000]	lr: 6.193e-06, eta: 1 day, 4:40:13, time: 0.713, data_time: 0.362, memory: 22330, decode.loss_seg: 0.1268, decode.acc_seg: 82.1967, aux.loss_seg: 0.0797, aux.acc_seg: 79.7929, loss: 0.2065
2026-04-22 20:26:21,493 - mmseg - INFO - Iter [35550/160000]	lr: 6.191e-06, eta: 1 day, 4:38:00, time: 0.306, data_time: 0.004, memory: 22330, decode.loss_seg: 0.1258, decode.acc_seg: 81.1273, aux.loss_seg: 0.0783, aux.acc_seg: 78.7898, loss: 0.2041
2026-04-22 20:26:56,435 - mmseg - INFO - Iter [35600/160000]	lr: 6.188e-06, eta: 1 day, 4:36:56, time: 0.699, data_time: 0.388, memory: 22330, decode.loss_seg: 0.1210, decode.acc_seg: 80.5262, aux.loss_seg: 0.0773, aux.acc_seg: 78.0719, loss: 0.1983
2026-04-22 20:27:11,743 - mmseg - INFO - Iter [35650/160000]	lr: 6.186e-06, eta: 1 day, 4:34:44, time: 0.306, data_time: 0.003, memory: 22330, decode.loss_seg: 0.1276, decode.acc_seg: 81.1828, aux.loss_seg: 0.0823, aux.acc_seg: 78.4194, loss: 0.2099
2026-04-22 20:27:47,416 - mmseg - INFO - Iter [35700/160000]	lr: 6.183e-06, eta: 1 day, 4:33:42, time: 0.713, data_time: 0.369, memory: 22330, decode.loss_seg: 0.1238, decode.acc_seg: 80.7890, aux.loss_seg: 0.0789, aux.acc_seg: 78.4080, loss: 0.2027
2026-04-22 20:28:22,838 - mmseg - INFO - Iter [35750/160000]	lr: 6.181e-06, eta: 1 day, 4:32:40, time: 0.708, data_time: 0.380, memory: 22330, decode.loss_seg: 0.1312, decode.acc_seg: 81.8055, aux.loss_seg: 0.0837, aux.acc_seg: 79.2092, loss: 0.2149
2026-04-22 20:28:38,171 - mmseg - INFO - Iter [35800/160000]	lr: 6.178e-06, eta: 1 day, 4:30:29, time: 0.307, data_time: 0.004, memory: 22330, decode.loss_seg: 0.1273, decode.acc_seg: 80.9789, aux.loss_seg: 0.0826, aux.acc_seg: 78.5675, loss: 0.2099
2026-04-22 20:29:12,365 - mmseg - INFO - Iter [35850/160000]	lr: 6.176e-06, eta: 1 day, 4:29:23, time: 0.684, data_time: 0.369, memory: 22330, decode.loss_seg: 0.1310, decode.acc_seg: 81.4049, aux.loss_seg: 0.0853, aux.acc_seg: 78.4869, loss: 0.2163
2026-04-22 20:29:48,165 - mmseg - INFO - Iter [35900/160000]	lr: 6.173e-06, eta: 1 day, 4:28:22, time: 0.716, data_time: 0.388, memory: 22330, decode.loss_seg: 0.1213, decode.acc_seg: 81.1292, aux.loss_seg: 0.0765, aux.acc_seg: 78.7228, loss: 0.1979
2026-04-22 20:30:03,485 - mmseg - INFO - Iter [35950/160000]	lr: 6.171e-06, eta: 1 day, 4:26:11, time: 0.306, data_time: 0.004, memory: 22330, decode.loss_seg: 0.1234, decode.acc_seg: 80.3845, aux.loss_seg: 0.0780, aux.acc_seg: 78.0227, loss: 0.2014
2026-04-22 20:30:50,380 - mmseg - INFO - per class results:
2026-04-22 20:30:50,380 - mmseg - INFO - 
+------------+-------+-------+
| Class      | IoU   | Acc   |
+------------+-------+-------+
| housing    | 86.79 | 98.03 |
| industrial | 86.45 | 91.94 |
| natural    | 74.21 | 79.17 |
| land_use   | 61.37 | 71.35 |
| water      | 86.74 | 93.57 |
| other      | 95.47 | 98.65 |
+------------+-------+-------+
2026-04-22 20:30:50,380 - mmseg - INFO - Summary:
2026-04-22 20:30:50,380 - mmseg - INFO - 
+--------+-------+-------+-------+
| Scope  | mIoU  | mAcc  | aAcc  |
+--------+-------+-------+-------+
| global | 81.84 | 88.78 | 91.57 |
+--------+-------+-------+-------+
2026-04-22 20:30:50,422 - mmseg - INFO - Exp name: pixel_upernet_itpn_base_12_512_slide_160k_air_polarsar2_amp_linux.py
2026-04-22 20:30:50,422 - mmseg - INFO - Iter [36000/160000]	lr: 6.168e-06, eta: 1 day, 5:00:07, time: 12.883, data_time: 0.000, memory: 22330, mIoU: 0.8184, mAcc: 0.8878, aAcc: 0.9157
2026-04-22 20:31:25,492 - mmseg - INFO - Iter [36050/160000]	lr: 6.166e-06, eta: 1 day, 4:59:01, time: 0.701, data_time: 0.372, memory: 22330, decode.loss_seg: 0.1194, decode.acc_seg: 81.0228, aux.loss_seg: 0.0749, aux.acc_seg: 78.7561, loss: 0.1943
2026-04-22 20:31:40,823 - mmseg - INFO - Iter [36100/160000]	lr: 6.163e-06, eta: 1 day, 4:56:47, time: 0.307, data_time: 0.004, memory: 22330, decode.loss_seg: 0.1253, decode.acc_seg: 81.0507, aux.loss_seg: 0.0792, aux.acc_seg: 78.6423, loss: 0.2045
2026-04-22 20:32:15,040 - mmseg - INFO - Iter [36150/160000]	lr: 6.161e-06, eta: 1 day, 4:55:38, time: 0.684, data_time: 0.370, memory: 22330, decode.loss_seg: 0.1269, decode.acc_seg: 79.8702, aux.loss_seg: 0.0802, aux.acc_seg: 77.3680, loss: 0.2071
2026-04-22 20:32:49,981 - mmseg - INFO - Iter [36200/160000]	lr: 6.158e-06, eta: 1 day, 4:54:31, time: 0.699, data_time: 0.344, memory: 22330, decode.loss_seg: 0.1194, decode.acc_seg: 80.0457, aux.loss_seg: 0.0777, aux.acc_seg: 77.4705, loss: 0.1971
2026-04-22 20:33:05,340 - mmseg - INFO - Iter [36250/160000]	lr: 6.156e-06, eta: 1 day, 4:52:18, time: 0.307, data_time: 0.003, memory: 22330, decode.loss_seg: 0.1249, decode.acc_seg: 82.6818, aux.loss_seg: 0.0804, aux.acc_seg: 80.1830, loss: 0.2052
2026-04-22 20:33:39,338 - mmseg - INFO - Iter [36300/160000]	lr: 6.153e-06, eta: 1 day, 4:51:09, time: 0.680, data_time: 0.342, memory: 22330, decode.loss_seg: 0.1300, decode.acc_seg: 80.2532, aux.loss_seg: 0.0805, aux.acc_seg: 77.8104, loss: 0.2105
2026-04-22 20:34:12,491 - mmseg - INFO - Iter [36350/160000]	lr: 6.151e-06, eta: 1 day, 4:49:57, time: 0.663, data_time: 0.335, memory: 22330, decode.loss_seg: 0.1257, decode.acc_seg: 81.5036, aux.loss_seg: 0.0788, aux.acc_seg: 79.1833, loss: 0.2045
2026-04-22 20:34:27,894 - mmseg - INFO - Iter [36400/160000]	lr: 6.148e-06, eta: 1 day, 4:47:45, time: 0.308, data_time: 0.003, memory: 22330, decode.loss_seg: 0.1202, decode.acc_seg: 78.2419, aux.loss_seg: 0.0757, aux.acc_seg: 75.8219, loss: 0.1959
2026-04-22 20:35:02,028 - mmseg - INFO - Iter [36450/160000]	lr: 6.146e-06, eta: 1 day, 4:46:36, time: 0.683, data_time: 0.334, memory: 22330, decode.loss_seg: 0.1231, decode.acc_seg: 81.1988, aux.loss_seg: 0.0765, aux.acc_seg: 78.8667, loss: 0.1996
2026-04-22 20:35:37,190 - mmseg - INFO - Iter [36500/160000]	lr: 6.143e-06, eta: 1 day, 4:45:32, time: 0.703, data_time: 0.399, memory: 22330, decode.loss_seg: 0.1212, decode.acc_seg: 80.7872, aux.loss_seg: 0.0760, aux.acc_seg: 78.4816, loss: 0.1972
2026-04-22 20:35:52,537 - mmseg - INFO - Iter [36550/160000]	lr: 6.141e-06, eta: 1 day, 4:43:20, time: 0.307, data_time: 0.004, memory: 22330, decode.loss_seg: 0.1301, decode.acc_seg: 80.2070, aux.loss_seg: 0.0795, aux.acc_seg: 77.9594, loss: 0.2096
2026-04-22 20:36:26,589 - mmseg - INFO - Iter [36600/160000]	lr: 6.138e-06, eta: 1 day, 4:42:12, time: 0.681, data_time: 0.369, memory: 22330, decode.loss_seg: 0.1216, decode.acc_seg: 80.3747, aux.loss_seg: 0.0764, aux.acc_seg: 78.0009, loss: 0.1980
2026-04-22 20:36:41,957 - mmseg - INFO - Iter [36650/160000]	lr: 6.136e-06, eta: 1 day, 4:40:01, time: 0.307, data_time: 0.004, memory: 22330, decode.loss_seg: 0.1220, decode.acc_seg: 79.4372, aux.loss_seg: 0.0768, aux.acc_seg: 77.0705, loss: 0.1989
2026-04-22 20:37:16,184 - mmseg - INFO - Iter [36700/160000]	lr: 6.134e-06, eta: 1 day, 4:38:53, time: 0.685, data_time: 0.383, memory: 22330, decode.loss_seg: 0.1218, decode.acc_seg: 80.5356, aux.loss_seg: 0.0768, aux.acc_seg: 78.1557, loss: 0.1985
2026-04-22 20:37:51,151 - mmseg - INFO - Iter [36750/160000]	lr: 6.131e-06, eta: 1 day, 4:37:48, time: 0.699, data_time: 0.349, memory: 22330, decode.loss_seg: 0.1218, decode.acc_seg: 81.1122, aux.loss_seg: 0.0811, aux.acc_seg: 78.5226, loss: 0.2029
2026-04-22 20:38:06,556 - mmseg - INFO - Iter [36800/160000]	lr: 6.129e-06, eta: 1 day, 4:35:38, time: 0.308, data_time: 0.003, memory: 22330, decode.loss_seg: 0.1219, decode.acc_seg: 82.1341, aux.loss_seg: 0.0791, aux.acc_seg: 79.4958, loss: 0.2010
2026-04-22 20:38:40,931 - mmseg - INFO - Iter [36850/160000]	lr: 6.126e-06, eta: 1 day, 4:34:32, time: 0.688, data_time: 0.351, memory: 22330, decode.loss_seg: 0.1288, decode.acc_seg: 82.5211, aux.loss_seg: 0.0821, aux.acc_seg: 79.9353, loss: 0.2109
2026-04-22 20:39:15,624 - mmseg - INFO - Iter [36900/160000]	lr: 6.124e-06, eta: 1 day, 4:33:26, time: 0.694, data_time: 0.346, memory: 22330, decode.loss_seg: 0.1244, decode.acc_seg: 81.2894, aux.loss_seg: 0.0783, aux.acc_seg: 78.8685, loss: 0.2027
2026-04-22 20:39:30,929 - mmseg - INFO - Iter [36950/160000]	lr: 6.121e-06, eta: 1 day, 4:31:16, time: 0.306, data_time: 0.004, memory: 22330, decode.loss_seg: 0.1187, decode.acc_seg: 80.4367, aux.loss_seg: 0.0756, aux.acc_seg: 78.0217, loss: 0.1943
2026-04-22 20:40:04,808 - mmseg - INFO - Exp name: pixel_upernet_itpn_base_12_512_slide_160k_air_polarsar2_amp_linux.py
2026-04-22 20:40:04,809 - mmseg - INFO - Iter [37000/160000]	lr: 6.119e-06, eta: 1 day, 4:30:09, time: 0.677, data_time: 0.326, memory: 22330, decode.loss_seg: 0.1218, decode.acc_seg: 81.6915, aux.loss_seg: 0.0779, aux.acc_seg: 79.2953, loss: 0.1997
2026-04-22 20:40:38,356 - mmseg - INFO - Iter [37050/160000]	lr: 6.116e-06, eta: 1 day, 4:29:00, time: 0.671, data_time: 0.337, memory: 22330, decode.loss_seg: 0.1261, decode.acc_seg: 81.5062, aux.loss_seg: 0.0822, aux.acc_seg: 79.0718, loss: 0.2084
2026-04-22 20:40:53,671 - mmseg - INFO - Iter [37100/160000]	lr: 6.114e-06, eta: 1 day, 4:26:51, time: 0.306, data_time: 0.004, memory: 22330, decode.loss_seg: 0.1242, decode.acc_seg: 80.4599, aux.loss_seg: 0.0797, aux.acc_seg: 77.7927, loss: 0.2039
2026-04-22 20:41:28,059 - mmseg - INFO - Iter [37150/160000]	lr: 6.111e-06, eta: 1 day, 4:25:45, time: 0.688, data_time: 0.357, memory: 22330, decode.loss_seg: 0.1227, decode.acc_seg: 81.7762, aux.loss_seg: 0.0779, aux.acc_seg: 79.3626, loss: 0.2006
2026-04-22 20:42:02,944 - mmseg - INFO - Iter [37200/160000]	lr: 6.109e-06, eta: 1 day, 4:24:41, time: 0.698, data_time: 0.395, memory: 22330, decode.loss_seg: 0.1244, decode.acc_seg: 80.8635, aux.loss_seg: 0.0786, aux.acc_seg: 78.5005, loss: 0.2031
2026-04-22 20:42:18,332 - mmseg - INFO - Iter [37250/160000]	lr: 6.106e-06, eta: 1 day, 4:22:33, time: 0.308, data_time: 0.004, memory: 22330, decode.loss_seg: 0.1236, decode.acc_seg: 81.7486, aux.loss_seg: 0.0780, aux.acc_seg: 79.3467, loss: 0.2016
2026-04-22 20:42:52,992 - mmseg - INFO - Iter [37300/160000]	lr: 6.104e-06, eta: 1 day, 4:21:28, time: 0.693, data_time: 0.357, memory: 22330, decode.loss_seg: 0.1236, decode.acc_seg: 81.7689, aux.loss_seg: 0.0805, aux.acc_seg: 79.0857, loss: 0.2041
2026-04-22 20:43:27,319 - mmseg - INFO - Iter [37350/160000]	lr: 6.101e-06, eta: 1 day, 4:20:23, time: 0.686, data_time: 0.374, memory: 22330, decode.loss_seg: 0.1213, decode.acc_seg: 81.5404, aux.loss_seg: 0.0766, aux.acc_seg: 79.2194, loss: 0.1979
2026-04-22 20:43:42,763 - mmseg - INFO - Iter [37400/160000]	lr: 6.099e-06, eta: 1 day, 4:18:16, time: 0.309, data_time: 0.004, memory: 22330, decode.loss_seg: 0.1255, decode.acc_seg: 80.7669, aux.loss_seg: 0.0780, aux.acc_seg: 78.4328, loss: 0.2035
2026-04-22 20:44:17,426 - mmseg - INFO - Iter [37450/160000]	lr: 6.096e-06, eta: 1 day, 4:17:11, time: 0.693, data_time: 0.316, memory: 22330, decode.loss_seg: 0.1137, decode.acc_seg: 81.4355, aux.loss_seg: 0.0724, aux.acc_seg: 79.1582, loss: 0.1862
2026-04-22 20:44:52,590 - mmseg - INFO - Iter [37500/160000]	lr: 6.094e-06, eta: 1 day, 4:16:09, time: 0.703, data_time: 0.348, memory: 22330, decode.loss_seg: 0.1215, decode.acc_seg: 80.8042, aux.loss_seg: 0.0756, aux.acc_seg: 78.4602, loss: 0.1971
2026-04-22 20:45:07,970 - mmseg - INFO - Iter [37550/160000]	lr: 6.091e-06, eta: 1 day, 4:14:02, time: 0.307, data_time: 0.004, memory: 22330, decode.loss_seg: 0.1222, decode.acc_seg: 82.0291, aux.loss_seg: 0.0769, aux.acc_seg: 79.6611, loss: 0.1991
2026-04-22 20:45:42,265 - mmseg - INFO - Iter [37600/160000]	lr: 6.089e-06, eta: 1 day, 4:12:57, time: 0.686, data_time: 0.382, memory: 22330, decode.loss_seg: 0.1232, decode.acc_seg: 82.0984, aux.loss_seg: 0.0794, aux.acc_seg: 79.5405, loss: 0.2025
2026-04-22 20:45:57,655 - mmseg - INFO - Iter [37650/160000]	lr: 6.086e-06, eta: 1 day, 4:10:51, time: 0.308, data_time: 0.004, memory: 22330, decode.loss_seg: 0.1179, decode.acc_seg: 81.9168, aux.loss_seg: 0.0752, aux.acc_seg: 79.4952, loss: 0.1931
2026-04-22 20:46:32,880 - mmseg - INFO - Iter [37700/160000]	lr: 6.084e-06, eta: 1 day, 4:09:49, time: 0.705, data_time: 0.392, memory: 22330, decode.loss_seg: 0.1232, decode.acc_seg: 81.7988, aux.loss_seg: 0.0795, aux.acc_seg: 79.3048, loss: 0.2027
2026-04-22 20:47:08,174 - mmseg - INFO - Iter [37750/160000]	lr: 6.081e-06, eta: 1 day, 4:08:48, time: 0.706, data_time: 0.367, memory: 22330, decode.loss_seg: 0.1228, decode.acc_seg: 81.5147, aux.loss_seg: 0.0772, aux.acc_seg: 79.0820, loss: 0.2001
2026-04-22 20:47:23,545 - mmseg - INFO - Iter [37800/160000]	lr: 6.079e-06, eta: 1 day, 4:06:42, time: 0.307, data_time: 0.004, memory: 22330, decode.loss_seg: 0.1156, decode.acc_seg: 81.2036, aux.loss_seg: 0.0757, aux.acc_seg: 78.7891, loss: 0.1913
2026-04-22 20:47:59,109 - mmseg - INFO - Iter [37850/160000]	lr: 6.076e-06, eta: 1 day, 4:05:42, time: 0.711, data_time: 0.378, memory: 22330, decode.loss_seg: 0.1191, decode.acc_seg: 82.0882, aux.loss_seg: 0.0761, aux.acc_seg: 79.6776, loss: 0.1952
2026-04-22 20:48:35,063 - mmseg - INFO - Iter [37900/160000]	lr: 6.074e-06, eta: 1 day, 4:04:43, time: 0.719, data_time: 0.356, memory: 22330, decode.loss_seg: 0.1183, decode.acc_seg: 80.6834, aux.loss_seg: 0.0764, aux.acc_seg: 78.1909, loss: 0.1947
2026-04-22 20:48:50,440 - mmseg - INFO - Iter [37950/160000]	lr: 6.071e-06, eta: 1 day, 4:02:38, time: 0.308, data_time: 0.003, memory: 22330, decode.loss_seg: 0.1190, decode.acc_seg: 81.7146, aux.loss_seg: 0.0742, aux.acc_seg: 79.4465, loss: 0.1932
2026-04-22 20:49:37,778 - mmseg - INFO - per class results:
2026-04-22 20:49:37,779 - mmseg - INFO - 
+------------+-------+-------+
| Class      | IoU   | Acc   |
+------------+-------+-------+
| housing    | 91.04 | 95.43 |
| industrial | 87.47 | 93.04 |
| natural    | 77.0  | 84.86 |
| land_use   | 58.92 | 64.26 |
| water      | 87.38 | 95.99 |
| other      | 95.13 | 98.32 |
+------------+-------+-------+
2026-04-22 20:49:37,779 - mmseg - INFO - Summary:
2026-04-22 20:49:37,779 - mmseg - INFO - 
+--------+-------+-------+------+
| Scope  | mIoU  | mAcc  | aAcc |
+--------+-------+-------+------+
| global | 82.82 | 88.65 | 92.2 |
+--------+-------+-------+------+
2026-04-22 20:49:37,803 - mmseg - INFO - Exp name: pixel_upernet_itpn_base_12_512_slide_160k_air_polarsar2_amp_linux.py
2026-04-22 20:49:37,803 - mmseg - INFO - Iter [38000/160000]	lr: 6.069e-06, eta: 1 day, 4:30:34, time: 11.528, data_time: 0.000, memory: 22330, mIoU: 0.8282, mAcc: 0.8865, aAcc: 0.9220
2026-04-22 20:50:12,835 - mmseg - INFO - Iter [38050/160000]	lr: 6.066e-06, eta: 1 day, 4:29:30, time: 0.700, data_time: 0.327, memory: 22330, decode.loss_seg: 0.1210, decode.acc_seg: 82.2742, aux.loss_seg: 0.0766, aux.acc_seg: 79.8983, loss: 0.1976
2026-04-22 20:50:28,166 - mmseg - INFO - Iter [38100/160000]	lr: 6.064e-06, eta: 1 day, 4:27:22, time: 0.307, data_time: 0.004, memory: 22330, decode.loss_seg: 0.1166, decode.acc_seg: 81.5660, aux.loss_seg: 0.0746, aux.acc_seg: 79.2087, loss: 0.1912
2026-04-22 20:51:03,797 - mmseg - INFO - Iter [38150/160000]	lr: 6.061e-06, eta: 1 day, 4:26:20, time: 0.713, data_time: 0.410, memory: 22330, decode.loss_seg: 0.1174, decode.acc_seg: 80.8115, aux.loss_seg: 0.0744, aux.acc_seg: 78.4636, loss: 0.1918
2026-04-22 20:51:39,796 - mmseg - INFO - Iter [38200/160000]	lr: 6.059e-06, eta: 1 day, 4:25:19, time: 0.720, data_time: 0.398, memory: 22330, decode.loss_seg: 0.1213, decode.acc_seg: 81.8698, aux.loss_seg: 0.0782, aux.acc_seg: 79.2760, loss: 0.1995
2026-04-22 20:51:55,146 - mmseg - INFO - Iter [38250/160000]	lr: 6.056e-06, eta: 1 day, 4:23:12, time: 0.307, data_time: 0.004, memory: 22330, decode.loss_seg: 0.1179, decode.acc_seg: 80.8034, aux.loss_seg: 0.0745, aux.acc_seg: 78.4242, loss: 0.1924
2026-04-22 20:52:30,430 - mmseg - INFO - Iter [38300/160000]	lr: 6.054e-06, eta: 1 day, 4:22:08, time: 0.706, data_time: 0.350, memory: 22330, decode.loss_seg: 0.1232, decode.acc_seg: 81.1803, aux.loss_seg: 0.0766, aux.acc_seg: 78.8700, loss: 0.1998
2026-04-22 20:53:05,324 - mmseg - INFO - Iter [38350/160000]	lr: 6.051e-06, eta: 1 day, 4:21:04, time: 0.698, data_time: 0.396, memory: 22330, decode.loss_seg: 0.1179, decode.acc_seg: 79.5308, aux.loss_seg: 0.0736, aux.acc_seg: 77.2581, loss: 0.1915
2026-04-22 20:53:20,653 - mmseg - INFO - Iter [38400/160000]	lr: 6.049e-06, eta: 1 day, 4:18:58, time: 0.307, data_time: 0.004, memory: 22330, decode.loss_seg: 0.1260, decode.acc_seg: 81.5376, aux.loss_seg: 0.0766, aux.acc_seg: 79.3179, loss: 0.2027
2026-04-22 20:53:55,259 - mmseg - INFO - Iter [38450/160000]	lr: 6.046e-06, eta: 1 day, 4:17:53, time: 0.692, data_time: 0.381, memory: 22330, decode.loss_seg: 0.1249, decode.acc_seg: 81.8419, aux.loss_seg: 0.0780, aux.acc_seg: 79.3663, loss: 0.2029
2026-04-22 20:54:10,625 - mmseg - INFO - Iter [38500/160000]	lr: 6.044e-06, eta: 1 day, 4:15:47, time: 0.307, data_time: 0.004, memory: 22330, decode.loss_seg: 0.1271, decode.acc_seg: 81.3595, aux.loss_seg: 0.0803, aux.acc_seg: 78.8512, loss: 0.2074
2026-04-22 20:54:46,241 - mmseg - INFO - Iter [38550/160000]	lr: 6.041e-06, eta: 1 day, 4:14:46, time: 0.712, data_time: 0.388, memory: 22330, decode.loss_seg: 0.1175, decode.acc_seg: 80.8916, aux.loss_seg: 0.0739, aux.acc_seg: 78.5498, loss: 0.1915
2026-04-22 20:55:20,604 - mmseg - INFO - Iter [38600/160000]	lr: 6.039e-06, eta: 1 day, 4:13:40, time: 0.687, data_time: 0.383, memory: 22330, decode.loss_seg: 0.1151, decode.acc_seg: 80.5522, aux.loss_seg: 0.0732, aux.acc_seg: 78.1716, loss: 0.1883
2026-04-22 20:55:35,954 - mmseg - INFO - Iter [38650/160000]	lr: 6.037e-06, eta: 1 day, 4:11:35, time: 0.307, data_time: 0.004, memory: 22330, decode.loss_seg: 0.1205, decode.acc_seg: 81.3553, aux.loss_seg: 0.0766, aux.acc_seg: 78.8442, loss: 0.1971
2026-04-22 20:56:10,853 - mmseg - INFO - Iter [38700/160000]	lr: 6.034e-06, eta: 1 day, 4:10:32, time: 0.698, data_time: 0.341, memory: 22330, decode.loss_seg: 0.1149, decode.acc_seg: 79.6615, aux.loss_seg: 0.0749, aux.acc_seg: 76.9944, loss: 0.1898
2026-04-22 20:56:46,763 - mmseg - INFO - Iter [38750/160000]	lr: 6.032e-06, eta: 1 day, 4:09:31, time: 0.718, data_time: 0.346, memory: 22330, decode.loss_seg: 0.1232, decode.acc_seg: 81.6098, aux.loss_seg: 0.0800, aux.acc_seg: 79.1744, loss: 0.2032
2026-04-22 20:57:02,066 - mmseg - INFO - Iter [38800/160000]	lr: 6.029e-06, eta: 1 day, 4:07:27, time: 0.306, data_time: 0.003, memory: 22330, decode.loss_seg: 0.1203, decode.acc_seg: 81.6355, aux.loss_seg: 0.0750, aux.acc_seg: 79.3456, loss: 0.1954
2026-04-22 20:57:37,966 - mmseg - INFO - Iter [38850/160000]	lr: 6.027e-06, eta: 1 day, 4:06:27, time: 0.718, data_time: 0.343, memory: 22330, decode.loss_seg: 0.1157, decode.acc_seg: 81.1103, aux.loss_seg: 0.0738, aux.acc_seg: 78.7686, loss: 0.1894
2026-04-22 20:58:13,129 - mmseg - INFO - Iter [38900/160000]	lr: 6.024e-06, eta: 1 day, 4:05:24, time: 0.703, data_time: 0.357, memory: 22330, decode.loss_seg: 0.1217, decode.acc_seg: 80.8336, aux.loss_seg: 0.0788, aux.acc_seg: 78.4479, loss: 0.2005
2026-04-22 20:58:28,474 - mmseg - INFO - Iter [38950/160000]	lr: 6.022e-06, eta: 1 day, 4:03:20, time: 0.307, data_time: 0.004, memory: 22330, decode.loss_seg: 0.1198, decode.acc_seg: 81.4308, aux.loss_seg: 0.0767, aux.acc_seg: 78.9798, loss: 0.1965
2026-04-22 20:59:02,610 - mmseg - INFO - Exp name: pixel_upernet_itpn_base_12_512_slide_160k_air_polarsar2_amp_linux.py
2026-04-22 20:59:02,610 - mmseg - INFO - Iter [39000/160000]	lr: 6.019e-06, eta: 1 day, 4:02:15, time: 0.683, data_time: 0.340, memory: 22330, decode.loss_seg: 0.1145, decode.acc_seg: 81.6554, aux.loss_seg: 0.0766, aux.acc_seg: 79.1327, loss: 0.1911
2026-04-22 20:59:37,500 - mmseg - INFO - Iter [39050/160000]	lr: 6.017e-06, eta: 1 day, 4:01:12, time: 0.698, data_time: 0.331, memory: 22330, decode.loss_seg: 0.1180, decode.acc_seg: 80.9657, aux.loss_seg: 0.0736, aux.acc_seg: 78.7433, loss: 0.1916
2026-04-22 20:59:52,869 - mmseg - INFO - Iter [39100/160000]	lr: 6.014e-06, eta: 1 day, 3:59:09, time: 0.308, data_time: 0.003, memory: 22330, decode.loss_seg: 0.1277, decode.acc_seg: 81.1154, aux.loss_seg: 0.0800, aux.acc_seg: 78.6134, loss: 0.2077
2026-04-22 21:00:27,320 - mmseg - INFO - Iter [39150/160000]	lr: 6.012e-06, eta: 1 day, 3:58:05, time: 0.689, data_time: 0.356, memory: 22330, decode.loss_seg: 0.1149, decode.acc_seg: 81.7990, aux.loss_seg: 0.0730, aux.acc_seg: 79.4761, loss: 0.1879
2026-04-22 21:01:02,842 - mmseg - INFO - Iter [39200/160000]	lr: 6.009e-06, eta: 1 day, 3:57:05, time: 0.710, data_time: 0.394, memory: 22330, decode.loss_seg: 0.1164, decode.acc_seg: 80.1804, aux.loss_seg: 0.0734, aux.acc_seg: 77.8169, loss: 0.1898
2026-04-22 21:01:18,278 - mmseg - INFO - Iter [39250/160000]	lr: 6.007e-06, eta: 1 day, 3:55:02, time: 0.309, data_time: 0.003, memory: 22330, decode.loss_seg: 0.1177, decode.acc_seg: 82.2617, aux.loss_seg: 0.0760, aux.acc_seg: 79.7362, loss: 0.1938
2026-04-22 21:01:52,415 - mmseg - INFO - Iter [39300/160000]	lr: 6.004e-06, eta: 1 day, 3:53:58, time: 0.683, data_time: 0.341, memory: 22330, decode.loss_seg: 0.1227, decode.acc_seg: 82.1190, aux.loss_seg: 0.0772, aux.acc_seg: 79.7107, loss: 0.1998
2026-04-22 21:02:28,675 - mmseg - INFO - Iter [39350/160000]	lr: 6.002e-06, eta: 1 day, 3:53:00, time: 0.725, data_time: 0.346, memory: 22330, decode.loss_seg: 0.1199, decode.acc_seg: 80.8553, aux.loss_seg: 0.0751, aux.acc_seg: 78.5849, loss: 0.1950
2026-04-22 21:02:44,097 - mmseg - INFO - Iter [39400/160000]	lr: 5.999e-06, eta: 1 day, 3:50:58, time: 0.308, data_time: 0.005, memory: 22330, decode.loss_seg: 0.1141, decode.acc_seg: 81.1151, aux.loss_seg: 0.0741, aux.acc_seg: 78.7033, loss: 0.1882
2026-04-22 21:03:18,082 - mmseg - INFO - Iter [39450/160000]	lr: 5.997e-06, eta: 1 day, 3:49:53, time: 0.680, data_time: 0.357, memory: 22330, decode.loss_seg: 0.1181, decode.acc_seg: 80.8196, aux.loss_seg: 0.0767, aux.acc_seg: 78.2476, loss: 0.1948
2026-04-22 21:03:33,542 - mmseg - INFO - Iter [39500/160000]	lr: 5.994e-06, eta: 1 day, 3:47:52, time: 0.309, data_time: 0.003, memory: 22330, decode.loss_seg: 0.1160, decode.acc_seg: 81.7864, aux.loss_seg: 0.0742, aux.acc_seg: 79.4228, loss: 0.1902
2026-04-22 21:04:08,526 - mmseg - INFO - Iter [39550/160000]	lr: 5.992e-06, eta: 1 day, 3:46:51, time: 0.700, data_time: 0.311, memory: 22330, decode.loss_seg: 0.1144, decode.acc_seg: 80.8347, aux.loss_seg: 0.0730, aux.acc_seg: 78.5239, loss: 0.1874
2026-04-22 21:04:44,503 - mmseg - INFO - Iter [39600/160000]	lr: 5.989e-06, eta: 1 day, 3:45:52, time: 0.719, data_time: 0.385, memory: 22330, decode.loss_seg: 0.1191, decode.acc_seg: 81.0998, aux.loss_seg: 0.0747, aux.acc_seg: 78.7780, loss: 0.1938
2026-04-22 21:04:59,978 - mmseg - INFO - Iter [39650/160000]	lr: 5.987e-06, eta: 1 day, 3:43:52, time: 0.310, data_time: 0.004, memory: 22330, decode.loss_seg: 0.1156, decode.acc_seg: 79.2363, aux.loss_seg: 0.0735, aux.acc_seg: 76.9132, loss: 0.1891
2026-04-22 21:05:35,042 - mmseg - INFO - Iter [39700/160000]	lr: 5.984e-06, eta: 1 day, 3:42:51, time: 0.701, data_time: 0.356, memory: 22330, decode.loss_seg: 0.1188, decode.acc_seg: 82.1169, aux.loss_seg: 0.0758, aux.acc_seg: 79.7691, loss: 0.1945
2026-04-22 21:06:10,187 - mmseg - INFO - Iter [39750/160000]	lr: 5.982e-06, eta: 1 day, 3:41:50, time: 0.703, data_time: 0.347, memory: 22330, decode.loss_seg: 0.1177, decode.acc_seg: 82.7069, aux.loss_seg: 0.0763, aux.acc_seg: 80.2624, loss: 0.1940
2026-04-22 21:06:25,487 - mmseg - INFO - Iter [39800/160000]	lr: 5.979e-06, eta: 1 day, 3:39:50, time: 0.306, data_time: 0.003, memory: 22330, decode.loss_seg: 0.1133, decode.acc_seg: 81.4598, aux.loss_seg: 0.0715, aux.acc_seg: 79.2110, loss: 0.1849
2026-04-22 21:07:00,645 - mmseg - INFO - Iter [39850/160000]	lr: 5.977e-06, eta: 1 day, 3:38:50, time: 0.703, data_time: 0.352, memory: 22330, decode.loss_seg: 0.1158, decode.acc_seg: 81.9694, aux.loss_seg: 0.0781, aux.acc_seg: 79.2543, loss: 0.1939
2026-04-22 21:07:36,593 - mmseg - INFO - Iter [39900/160000]	lr: 5.974e-06, eta: 1 day, 3:37:52, time: 0.719, data_time: 0.387, memory: 22330, decode.loss_seg: 0.1165, decode.acc_seg: 80.8233, aux.loss_seg: 0.0748, aux.acc_seg: 78.3440, loss: 0.1913
2026-04-22 21:07:51,898 - mmseg - INFO - Iter [39950/160000]	lr: 5.972e-06, eta: 1 day, 3:35:52, time: 0.306, data_time: 0.004, memory: 22330, decode.loss_seg: 0.1086, decode.acc_seg: 81.0013, aux.loss_seg: 0.0697, aux.acc_seg: 78.7376, loss: 0.1783
2026-04-22 21:08:36,783 - mmseg - INFO - per class results:
2026-04-22 21:08:36,783 - mmseg - INFO - 
+------------+-------+-------+
| Class      | IoU   | Acc   |
+------------+-------+-------+
| housing    | 91.11 | 96.48 |
| industrial | 87.56 | 92.6  |
| natural    | 76.99 | 80.91 |
| land_use   | 62.72 | 71.9  |
| water      | 87.81 | 95.43 |
| other      | 94.38 | 98.28 |
+------------+-------+-------+
2026-04-22 21:08:36,783 - mmseg - INFO - Summary:
2026-04-22 21:08:36,783 - mmseg - INFO - 
+--------+-------+-------+-------+
| Scope  | mIoU  | mAcc  | aAcc  |
+--------+-------+-------+-------+
| global | 83.43 | 89.27 | 92.43 |
+--------+-------+-------+-------+
2026-04-22 21:08:36,808 - mmseg - INFO - Exp name: pixel_upernet_itpn_base_12_512_slide_160k_air_polarsar2_amp_linux.py
2026-04-22 21:08:36,808 - mmseg - INFO - Iter [40000/160000]	lr: 5.969e-06, eta: 1 day, 4:01:28, time: 11.347, data_time: 0.000, memory: 22330, mIoU: 0.8343, mAcc: 0.8927, aAcc: 0.9243
2026-04-22 21:09:11,162 - mmseg - INFO - Iter [40050/160000]	lr: 5.967e-06, eta: 1 day, 4:00:23, time: 0.687, data_time: 0.349, memory: 22330, decode.loss_seg: 0.1175, decode.acc_seg: 81.2542, aux.loss_seg: 0.0764, aux.acc_seg: 78.7724, loss: 0.1939
2026-04-22 21:09:26,476 - mmseg - INFO - Iter [40100/160000]	lr: 5.964e-06, eta: 1 day, 3:58:21, time: 0.306, data_time: 0.005, memory: 22330, decode.loss_seg: 0.1189, decode.acc_seg: 80.1331, aux.loss_seg: 0.0768, aux.acc_seg: 77.7931, loss: 0.1958
2026-04-22 21:10:01,713 - mmseg - INFO - Iter [40150/160000]	lr: 5.962e-06, eta: 1 day, 3:57:19, time: 0.705, data_time: 0.375, memory: 22330, decode.loss_seg: 0.1075, decode.acc_seg: 79.1363, aux.loss_seg: 0.0700, aux.acc_seg: 76.7800, loss: 0.1775
2026-04-22 21:10:37,070 - mmseg - INFO - Iter [40200/160000]	lr: 5.959e-06, eta: 1 day, 3:56:18, time: 0.707, data_time: 0.313, memory: 22330, decode.loss_seg: 0.1133, decode.acc_seg: 81.9106, aux.loss_seg: 0.0719, aux.acc_seg: 79.6274, loss: 0.1853
2026-04-22 21:10:52,401 - mmseg - INFO - Iter [40250/160000]	lr: 5.957e-06, eta: 1 day, 3:54:16, time: 0.307, data_time: 0.005, memory: 22330, decode.loss_seg: 0.1115, decode.acc_seg: 80.6157, aux.loss_seg: 0.0719, aux.acc_seg: 78.2002, loss: 0.1834
2026-04-22 21:11:27,266 - mmseg - INFO - Iter [40300/160000]	lr: 5.954e-06, eta: 1 day, 3:53:13, time: 0.697, data_time: 0.372, memory: 22330, decode.loss_seg: 0.1155, decode.acc_seg: 81.7940, aux.loss_seg: 0.0741, aux.acc_seg: 79.4095, loss: 0.1896
2026-04-22 21:12:02,232 - mmseg - INFO - Iter [40350/160000]	lr: 5.952e-06, eta: 1 day, 3:52:11, time: 0.699, data_time: 0.324, memory: 22330, decode.loss_seg: 0.1147, decode.acc_seg: 81.7003, aux.loss_seg: 0.0729, aux.acc_seg: 79.3513, loss: 0.1876
2026-04-22 21:12:17,550 - mmseg - INFO - Iter [40400/160000]	lr: 5.949e-06, eta: 1 day, 3:50:10, time: 0.306, data_time: 0.004, memory: 22330, decode.loss_seg: 0.1126, decode.acc_seg: 80.3839, aux.loss_seg: 0.0732, aux.acc_seg: 77.9630, loss: 0.1858
2026-04-22 21:12:52,413 - mmseg - INFO - Iter [40450/160000]	lr: 5.947e-06, eta: 1 day, 3:49:07, time: 0.697, data_time: 0.357, memory: 22330, decode.loss_seg: 0.1214, decode.acc_seg: 80.9227, aux.loss_seg: 0.0820, aux.acc_seg: 78.0532, loss: 0.2034
2026-04-22 21:13:07,748 - mmseg - INFO - Iter [40500/160000]	lr: 5.944e-06, eta: 1 day, 3:47:07, time: 0.307, data_time: 0.004, memory: 22330, decode.loss_seg: 0.1277, decode.acc_seg: 82.4209, aux.loss_seg: 0.0793, aux.acc_seg: 80.1205, loss: 0.2070
2026-04-22 21:13:42,417 - mmseg - INFO - Iter [40550/160000]	lr: 5.942e-06, eta: 1 day, 3:46:04, time: 0.693, data_time: 0.370, memory: 22330, decode.loss_seg: 0.1153, decode.acc_seg: 80.7020, aux.loss_seg: 0.0731, aux.acc_seg: 78.3727, loss: 0.1884
2026-04-22 21:14:17,642 - mmseg - INFO - Iter [40600/160000]	lr: 5.940e-06, eta: 1 day, 3:45:03, time: 0.704, data_time: 0.330, memory: 22330, decode.loss_seg: 0.1193, decode.acc_seg: 81.2746, aux.loss_seg: 0.0817, aux.acc_seg: 78.3072, loss: 0.2010
2026-04-22 21:14:33,043 - mmseg - INFO - Iter [40650/160000]	lr: 5.937e-06, eta: 1 day, 3:43:03, time: 0.308, data_time: 0.004, memory: 22330, decode.loss_seg: 0.1195, decode.acc_seg: 79.7773, aux.loss_seg: 0.0756, aux.acc_seg: 77.3823, loss: 0.1951
2026-04-22 21:15:07,418 - mmseg - INFO - Iter [40700/160000]	lr: 5.935e-06, eta: 1 day, 3:42:00, time: 0.688, data_time: 0.380, memory: 22330, decode.loss_seg: 0.1161, decode.acc_seg: 81.6798, aux.loss_seg: 0.0767, aux.acc_seg: 79.0254, loss: 0.1928
2026-04-22 21:15:42,106 - mmseg - INFO - Iter [40750/160000]	lr: 5.932e-06, eta: 1 day, 3:40:57, time: 0.694, data_time: 0.341, memory: 22330, decode.loss_seg: 0.1133, decode.acc_seg: 82.5421, aux.loss_seg: 0.0728, aux.acc_seg: 80.1758, loss: 0.1861
2026-04-22 21:15:57,557 - mmseg - INFO - Iter [40800/160000]	lr: 5.930e-06, eta: 1 day, 3:38:58, time: 0.309, data_time: 0.003, memory: 22330, decode.loss_seg: 0.1190, decode.acc_seg: 81.9621, aux.loss_seg: 0.0759, aux.acc_seg: 79.5706, loss: 0.1949
2026-04-22 21:16:32,722 - mmseg - INFO - Iter [40850/160000]	lr: 5.927e-06, eta: 1 day, 3:37:57, time: 0.703, data_time: 0.398, memory: 22330, decode.loss_seg: 0.1155, decode.acc_seg: 81.6875, aux.loss_seg: 0.0739, aux.acc_seg: 79.2471, loss: 0.1895
2026-04-22 21:17:06,910 - mmseg - INFO - Iter [40900/160000]	lr: 5.925e-06, eta: 1 day, 3:36:54, time: 0.684, data_time: 0.348, memory: 22330, decode.loss_seg: 0.1084, decode.acc_seg: 80.6170, aux.loss_seg: 0.0699, aux.acc_seg: 78.2860, loss: 0.1783
2026-04-22 21:17:22,298 - mmseg - INFO - Iter [40950/160000]	lr: 5.922e-06, eta: 1 day, 3:34:55, time: 0.308, data_time: 0.004, memory: 22330, decode.loss_seg: 0.1142, decode.acc_seg: 81.6438, aux.loss_seg: 0.0721, aux.acc_seg: 79.3433, loss: 0.1863
2026-04-22 21:17:57,829 - mmseg - INFO - Exp name: pixel_upernet_itpn_base_12_512_slide_160k_air_polarsar2_amp_linux.py
2026-04-22 21:17:57,829 - mmseg - INFO - Iter [41000/160000]	lr: 5.920e-06, eta: 1 day, 3:33:56, time: 0.711, data_time: 0.361, memory: 22330, decode.loss_seg: 0.1150, decode.acc_seg: 81.8467, aux.loss_seg: 0.0738, aux.acc_seg: 79.4602, loss: 0.1888
2026-04-22 21:18:31,506 - mmseg - INFO - Iter [41050/160000]	lr: 5.917e-06, eta: 1 day, 3:32:51, time: 0.673, data_time: 0.339, memory: 22330, decode.loss_seg: 0.1184, decode.acc_seg: 83.0472, aux.loss_seg: 0.0765, aux.acc_seg: 80.5756, loss: 0.1949
2026-04-22 21:18:46,914 - mmseg - INFO - Iter [41100/160000]	lr: 5.915e-06, eta: 1 day, 3:30:53, time: 0.308, data_time: 0.003, memory: 22330, decode.loss_seg: 0.1142, decode.acc_seg: 82.7776, aux.loss_seg: 0.0775, aux.acc_seg: 80.1267, loss: 0.1917
2026-04-22 21:19:21,813 - mmseg - INFO - Iter [41150/160000]	lr: 5.912e-06, eta: 1 day, 3:29:52, time: 0.698, data_time: 0.389, memory: 22330, decode.loss_seg: 0.1132, decode.acc_seg: 81.1649, aux.loss_seg: 0.0732, aux.acc_seg: 78.6929, loss: 0.1864
2026-04-22 21:19:56,514 - mmseg - INFO - Iter [41200/160000]	lr: 5.910e-06, eta: 1 day, 3:28:50, time: 0.694, data_time: 0.353, memory: 22330, decode.loss_seg: 0.1105, decode.acc_seg: 81.3051, aux.loss_seg: 0.0710, aux.acc_seg: 78.9690, loss: 0.1815
2026-04-22 21:20:11,880 - mmseg - INFO - Iter [41250/160000]	lr: 5.907e-06, eta: 1 day, 3:26:53, time: 0.307, data_time: 0.004, memory: 22330, decode.loss_seg: 0.1109, decode.acc_seg: 81.8623, aux.loss_seg: 0.0728, aux.acc_seg: 79.4167, loss: 0.1837
2026-04-22 21:20:45,756 - mmseg - INFO - Iter [41300/160000]	lr: 5.905e-06, eta: 1 day, 3:25:49, time: 0.678, data_time: 0.375, memory: 22330, decode.loss_seg: 0.1150, decode.acc_seg: 81.3435, aux.loss_seg: 0.0743, aux.acc_seg: 78.9593, loss: 0.1892
2026-04-22 21:21:20,724 - mmseg - INFO - Iter [41350/160000]	lr: 5.902e-06, eta: 1 day, 3:24:49, time: 0.699, data_time: 0.367, memory: 22330, decode.loss_seg: 0.1210, decode.acc_seg: 81.2594, aux.loss_seg: 0.0780, aux.acc_seg: 78.7637, loss: 0.1990
2026-04-22 21:21:36,076 - mmseg - INFO - Iter [41400/160000]	lr: 5.900e-06, eta: 1 day, 3:22:52, time: 0.307, data_time: 0.004, memory: 22330, decode.loss_seg: 0.1140, decode.acc_seg: 80.4187, aux.loss_seg: 0.0748, aux.acc_seg: 77.9089, loss: 0.1888
2026-04-22 21:22:11,192 - mmseg - INFO - Iter [41450/160000]	lr: 5.897e-06, eta: 1 day, 3:21:52, time: 0.702, data_time: 0.351, memory: 22330, decode.loss_seg: 0.1131, decode.acc_seg: 81.1823, aux.loss_seg: 0.0726, aux.acc_seg: 78.8088, loss: 0.1857
2026-04-22 21:22:26,560 - mmseg - INFO - Iter [41500/160000]	lr: 5.895e-06, eta: 1 day, 3:19:56, time: 0.307, data_time: 0.004, memory: 22330, decode.loss_seg: 0.1146, decode.acc_seg: 81.9505, aux.loss_seg: 0.0755, aux.acc_seg: 79.4471, loss: 0.1901
2026-04-22 21:23:01,735 - mmseg - INFO - Iter [41550/160000]	lr: 5.892e-06, eta: 1 day, 3:18:56, time: 0.704, data_time: 0.400, memory: 22330, decode.loss_seg: 0.1198, decode.acc_seg: 80.5329, aux.loss_seg: 0.0752, aux.acc_seg: 78.2026, loss: 0.1950
2026-04-22 21:23:36,765 - mmseg - INFO - Iter [41600/160000]	lr: 5.890e-06, eta: 1 day, 3:17:56, time: 0.700, data_time: 0.364, memory: 22330, decode.loss_seg: 0.1091, decode.acc_seg: 80.2524, aux.loss_seg: 0.0706, aux.acc_seg: 77.9158, loss: 0.1797
2026-04-22 21:23:52,140 - mmseg - INFO - Iter [41650/160000]	lr: 5.887e-06, eta: 1 day, 3:16:00, time: 0.308, data_time: 0.004, memory: 22330, decode.loss_seg: 0.1116, decode.acc_seg: 80.7955, aux.loss_seg: 0.0730, aux.acc_seg: 78.3263, loss: 0.1846
2026-04-22 21:24:25,129 - mmseg - INFO - Iter [41700/160000]	lr: 5.885e-06, eta: 1 day, 3:14:55, time: 0.660, data_time: 0.312, memory: 22330, decode.loss_seg: 0.1166, decode.acc_seg: 80.6017, aux.loss_seg: 0.0729, aux.acc_seg: 78.3512, loss: 0.1895
2026-04-22 21:25:00,132 - mmseg - INFO - Iter [41750/160000]	lr: 5.882e-06, eta: 1 day, 3:13:55, time: 0.700, data_time: 0.371, memory: 22330, decode.loss_seg: 0.1125, decode.acc_seg: 82.3587, aux.loss_seg: 0.0732, aux.acc_seg: 79.9370, loss: 0.1858
2026-04-22 21:25:15,481 - mmseg - INFO - Iter [41800/160000]	lr: 5.880e-06, eta: 1 day, 3:12:00, time: 0.307, data_time: 0.004, memory: 22330, decode.loss_seg: 0.1164, decode.acc_seg: 81.7063, aux.loss_seg: 0.0738, aux.acc_seg: 79.3902, loss: 0.1902
2026-04-22 21:25:51,173 - mmseg - INFO - Iter [41850/160000]	lr: 5.877e-06, eta: 1 day, 3:11:02, time: 0.714, data_time: 0.350, memory: 22330, decode.loss_seg: 0.1102, decode.acc_seg: 81.1402, aux.loss_seg: 0.0708, aux.acc_seg: 78.8161, loss: 0.1810
2026-04-22 21:26:24,906 - mmseg - INFO - Iter [41900/160000]	lr: 5.875e-06, eta: 1 day, 3:09:59, time: 0.675, data_time: 0.362, memory: 22330, decode.loss_seg: 0.1114, decode.acc_seg: 81.8862, aux.loss_seg: 0.0723, aux.acc_seg: 79.5132, loss: 0.1837
2026-04-22 21:26:40,274 - mmseg - INFO - Iter [41950/160000]	lr: 5.872e-06, eta: 1 day, 3:08:04, time: 0.307, data_time: 0.003, memory: 22330, decode.loss_seg: 0.1126, decode.acc_seg: 82.4940, aux.loss_seg: 0.0764, aux.acc_seg: 79.6423, loss: 0.1891
2026-04-22 21:27:27,329 - mmseg - INFO - per class results:
2026-04-22 21:27:27,330 - mmseg - INFO - 
+------------+-------+-------+
| Class      | IoU   | Acc   |
+------------+-------+-------+
| housing    | 90.09 | 97.09 |
| industrial | 87.88 | 93.61 |
| natural    | 74.36 | 78.02 |
| land_use   | 63.91 | 74.16 |
| water      | 88.11 | 94.35 |
| other      | 95.57 | 97.95 |
+------------+-------+-------+
2026-04-22 21:27:27,330 - mmseg - INFO - Summary:
2026-04-22 21:27:27,330 - mmseg - INFO - 
+--------+-------+------+-------+
| Scope  | mIoU  | mAcc | aAcc  |
+--------+-------+------+-------+
| global | 83.32 | 89.2 | 92.52 |
+--------+-------+------+-------+
2026-04-22 21:27:27,372 - mmseg - INFO - Exp name: pixel_upernet_itpn_base_12_512_slide_160k_air_polarsar2_amp_linux.py
2026-04-22 21:27:27,372 - mmseg - INFO - Iter [42000/160000]	lr: 5.870e-06, eta: 1 day, 3:35:33, time: 12.855, data_time: 0.000, memory: 22330, mIoU: 0.8332, mAcc: 0.8920, aAcc: 0.9252
2026-04-22 21:28:01,467 - mmseg - INFO - Iter [42050/160000]	lr: 5.867e-06, eta: 1 day, 3:34:28, time: 0.682, data_time: 0.337, memory: 22330, decode.loss_seg: 0.1066, decode.acc_seg: 80.2238, aux.loss_seg: 0.0724, aux.acc_seg: 77.6713, loss: 0.1790
2026-04-22 21:28:16,795 - mmseg - INFO - Iter [42100/160000]	lr: 5.865e-06, eta: 1 day, 3:32:31, time: 0.307, data_time: 0.004, memory: 22330, decode.loss_seg: 0.1140, decode.acc_seg: 82.0609, aux.loss_seg: 0.0734, aux.acc_seg: 79.6452, loss: 0.1874
2026-04-22 21:28:50,523 - mmseg - INFO - Iter [42150/160000]	lr: 5.862e-06, eta: 1 day, 3:31:26, time: 0.675, data_time: 0.347, memory: 22330, decode.loss_seg: 0.1105, decode.acc_seg: 80.8617, aux.loss_seg: 0.0717, aux.acc_seg: 78.5027, loss: 0.1821
2026-04-22 21:29:26,284 - mmseg - INFO - Iter [42200/160000]	lr: 5.860e-06, eta: 1 day, 3:30:26, time: 0.715, data_time: 0.401, memory: 22330, decode.loss_seg: 0.1131, decode.acc_seg: 81.0453, aux.loss_seg: 0.0725, aux.acc_seg: 78.7642, loss: 0.1855
2026-04-22 21:29:41,659 - mmseg - INFO - Iter [42250/160000]	lr: 5.857e-06, eta: 1 day, 3:28:30, time: 0.308, data_time: 0.004, memory: 22330, decode.loss_seg: 0.1141, decode.acc_seg: 81.7653, aux.loss_seg: 0.0731, aux.acc_seg: 79.3374, loss: 0.1871
2026-04-22 21:30:16,442 - mmseg - INFO - Iter [42300/160000]	lr: 5.855e-06, eta: 1 day, 3:27:28, time: 0.696, data_time: 0.368, memory: 22330, decode.loss_seg: 0.1070, decode.acc_seg: 80.4595, aux.loss_seg: 0.0697, aux.acc_seg: 78.1775, loss: 0.1767
2026-04-22 21:30:31,799 - mmseg - INFO - Iter [42350/160000]	lr: 5.852e-06, eta: 1 day, 3:25:32, time: 0.307, data_time: 0.003, memory: 22330, decode.loss_seg: 0.1070, decode.acc_seg: 80.6286, aux.loss_seg: 0.0716, aux.acc_seg: 78.0620, loss: 0.1786
2026-04-22 21:31:06,939 - mmseg - INFO - Iter [42400/160000]	lr: 5.850e-06, eta: 1 day, 3:24:31, time: 0.703, data_time: 0.372, memory: 22330, decode.loss_seg: 0.1093, decode.acc_seg: 81.3870, aux.loss_seg: 0.0718, aux.acc_seg: 78.9658, loss: 0.1811
2026-04-22 21:31:42,052 - mmseg - INFO - Iter [42450/160000]	lr: 5.847e-06, eta: 1 day, 3:23:30, time: 0.702, data_time: 0.356, memory: 22330, decode.loss_seg: 0.1069, decode.acc_seg: 80.5776, aux.loss_seg: 0.0692, aux.acc_seg: 78.2328, loss: 0.1761
2026-04-22 21:31:57,388 - mmseg - INFO - Iter [42500/160000]	lr: 5.845e-06, eta: 1 day, 3:21:34, time: 0.307, data_time: 0.004, memory: 22330, decode.loss_seg: 0.1093, decode.acc_seg: 81.4689, aux.loss_seg: 0.0710, aux.acc_seg: 79.0206, loss: 0.1803
2026-04-22 21:32:33,405 - mmseg - INFO - Iter [42550/160000]	lr: 5.843e-06, eta: 1 day, 3:20:36, time: 0.720, data_time: 0.317, memory: 22330, decode.loss_seg: 0.1088, decode.acc_seg: 82.1451, aux.loss_seg: 0.0710, aux.acc_seg: 79.7726, loss: 0.1798
2026-04-22 21:33:08,421 - mmseg - INFO - Iter [42600/160000]	lr: 5.840e-06, eta: 1 day, 3:19:35, time: 0.700, data_time: 0.338, memory: 22330, decode.loss_seg: 0.1090, decode.acc_seg: 81.7865, aux.loss_seg: 0.0721, aux.acc_seg: 79.3176, loss: 0.1811
2026-04-22 21:33:23,785 - mmseg - INFO - Iter [42650/160000]	lr: 5.838e-06, eta: 1 day, 3:17:40, time: 0.307, data_time: 0.005, memory: 22330, decode.loss_seg: 0.1100, decode.acc_seg: 81.6137, aux.loss_seg: 0.0737, aux.acc_seg: 79.0410, loss: 0.1837
2026-04-22 21:33:58,908 - mmseg - INFO - Iter [42700/160000]	lr: 5.835e-06, eta: 1 day, 3:16:40, time: 0.702, data_time: 0.382, memory: 22330, decode.loss_seg: 0.1099, decode.acc_seg: 81.8121, aux.loss_seg: 0.0714, aux.acc_seg: 79.4394, loss: 0.1813
2026-04-22 21:34:33,775 - mmseg - INFO - Iter [42750/160000]	lr: 5.833e-06, eta: 1 day, 3:15:39, time: 0.697, data_time: 0.362, memory: 22330, decode.loss_seg: 0.1136, decode.acc_seg: 82.8257, aux.loss_seg: 0.0736, aux.acc_seg: 80.3600, loss: 0.1871
2026-04-22 21:34:49,166 - mmseg - INFO - Iter [42800/160000]	lr: 5.830e-06, eta: 1 day, 3:13:45, time: 0.308, data_time: 0.003, memory: 22330, decode.loss_seg: 0.1060, decode.acc_seg: 81.4324, aux.loss_seg: 0.0685, aux.acc_seg: 79.1405, loss: 0.1745
2026-04-22 21:35:23,771 - mmseg - INFO - Iter [42850/160000]	lr: 5.828e-06, eta: 1 day, 3:12:43, time: 0.692, data_time: 0.385, memory: 22330, decode.loss_seg: 0.1105, decode.acc_seg: 81.5658, aux.loss_seg: 0.0700, aux.acc_seg: 79.3132, loss: 0.1805
2026-04-22 21:35:59,665 - mmseg - INFO - Iter [42900/160000]	lr: 5.825e-06, eta: 1 day, 3:11:45, time: 0.718, data_time: 0.398, memory: 22330, decode.loss_seg: 0.1225, decode.acc_seg: 82.1506, aux.loss_seg: 0.0745, aux.acc_seg: 79.8890, loss: 0.1969
2026-04-22 21:36:15,008 - mmseg - INFO - Iter [42950/160000]	lr: 5.823e-06, eta: 1 day, 3:09:51, time: 0.307, data_time: 0.004, memory: 22330, decode.loss_seg: 0.1134, decode.acc_seg: 82.2605, aux.loss_seg: 0.0744, aux.acc_seg: 79.7302, loss: 0.1878
2026-04-22 21:36:49,661 - mmseg - INFO - Exp name: pixel_upernet_itpn_base_12_512_slide_160k_air_polarsar2_amp_linux.py
2026-04-22 21:36:49,661 - mmseg - INFO - Iter [43000/160000]	lr: 5.820e-06, eta: 1 day, 3:08:50, time: 0.693, data_time: 0.375, memory: 22330, decode.loss_seg: 0.1029, decode.acc_seg: 80.7970, aux.loss_seg: 0.0674, aux.acc_seg: 78.5061, loss: 0.1703
2026-04-22 21:37:24,973 - mmseg - INFO - Iter [43050/160000]	lr: 5.818e-06, eta: 1 day, 3:07:51, time: 0.706, data_time: 0.402, memory: 22330, decode.loss_seg: 0.1103, decode.acc_seg: 82.1413, aux.loss_seg: 0.0724, aux.acc_seg: 79.6647, loss: 0.1826
2026-04-22 21:37:40,362 - mmseg - INFO - Iter [43100/160000]	lr: 5.815e-06, eta: 1 day, 3:05:58, time: 0.308, data_time: 0.003, memory: 22330, decode.loss_seg: 0.1096, decode.acc_seg: 81.6011, aux.loss_seg: 0.0717, aux.acc_seg: 79.1595, loss: 0.1813
2026-04-22 21:38:16,079 - mmseg - INFO - Iter [43150/160000]	lr: 5.813e-06, eta: 1 day, 3:05:00, time: 0.714, data_time: 0.376, memory: 22330, decode.loss_seg: 0.1090, decode.acc_seg: 81.1747, aux.loss_seg: 0.0717, aux.acc_seg: 78.6860, loss: 0.1807
2026-04-22 21:38:50,156 - mmseg - INFO - Iter [43200/160000]	lr: 5.810e-06, eta: 1 day, 3:03:57, time: 0.682, data_time: 0.351, memory: 22330, decode.loss_seg: 0.1105, decode.acc_seg: 82.9408, aux.loss_seg: 0.0729, aux.acc_seg: 80.4233, loss: 0.1834
2026-04-22 21:39:05,509 - mmseg - INFO - Iter [43250/160000]	lr: 5.808e-06, eta: 1 day, 3:02:04, time: 0.307, data_time: 0.004, memory: 22330, decode.loss_seg: 0.1136, decode.acc_seg: 81.4431, aux.loss_seg: 0.0737, aux.acc_seg: 78.9749, loss: 0.1873
2026-04-22 21:39:39,704 - mmseg - INFO - Iter [43300/160000]	lr: 5.805e-06, eta: 1 day, 3:01:02, time: 0.684, data_time: 0.334, memory: 22330, decode.loss_seg: 0.1062, decode.acc_seg: 82.1833, aux.loss_seg: 0.0693, aux.acc_seg: 79.8721, loss: 0.1755
2026-04-22 21:39:55,102 - mmseg - INFO - Iter [43350/160000]	lr: 5.803e-06, eta: 1 day, 2:59:10, time: 0.308, data_time: 0.003, memory: 22330, decode.loss_seg: 0.1088, decode.acc_seg: 81.3390, aux.loss_seg: 0.0708, aux.acc_seg: 78.9879, loss: 0.1796
2026-04-22 21:40:30,121 - mmseg - INFO - Iter [43400/160000]	lr: 5.800e-06, eta: 1 day, 2:58:11, time: 0.701, data_time: 0.375, memory: 22330, decode.loss_seg: 0.1078, decode.acc_seg: 81.2299, aux.loss_seg: 0.0714, aux.acc_seg: 78.6849, loss: 0.1792
2026-04-22 21:41:05,419 - mmseg - INFO - Iter [43450/160000]	lr: 5.798e-06, eta: 1 day, 2:57:12, time: 0.706, data_time: 0.380, memory: 22330, decode.loss_seg: 0.1102, decode.acc_seg: 82.5286, aux.loss_seg: 0.0739, aux.acc_seg: 79.8803, loss: 0.1841
2026-04-22 21:41:20,799 - mmseg - INFO - Iter [43500/160000]	lr: 5.795e-06, eta: 1 day, 2:55:20, time: 0.308, data_time: 0.003, memory: 22330, decode.loss_seg: 0.1061, decode.acc_seg: 81.3407, aux.loss_seg: 0.0705, aux.acc_seg: 78.8710, loss: 0.1766
2026-04-22 21:41:56,474 - mmseg - INFO - Iter [43550/160000]	lr: 5.793e-06, eta: 1 day, 2:54:23, time: 0.714, data_time: 0.410, memory: 22330, decode.loss_seg: 0.1062, decode.acc_seg: 82.3363, aux.loss_seg: 0.0700, aux.acc_seg: 79.9494, loss: 0.1762
2026-04-22 21:42:31,598 - mmseg - INFO - Iter [43600/160000]	lr: 5.790e-06, eta: 1 day, 2:53:24, time: 0.702, data_time: 0.399, memory: 22330, decode.loss_seg: 0.1091, decode.acc_seg: 83.3799, aux.loss_seg: 0.0732, aux.acc_seg: 80.8531, loss: 0.1823
2026-04-22 21:42:46,977 - mmseg - INFO - Iter [43650/160000]	lr: 5.788e-06, eta: 1 day, 2:51:32, time: 0.308, data_time: 0.004, memory: 22330, decode.loss_seg: 0.1100, decode.acc_seg: 81.5721, aux.loss_seg: 0.0716, aux.acc_seg: 79.1186, loss: 0.1816
2026-04-22 21:43:22,154 - mmseg - INFO - Iter [43700/160000]	lr: 5.785e-06, eta: 1 day, 2:50:34, time: 0.704, data_time: 0.371, memory: 22330, decode.loss_seg: 0.1080, decode.acc_seg: 81.8845, aux.loss_seg: 0.0711, aux.acc_seg: 79.4334, loss: 0.1790
2026-04-22 21:43:57,261 - mmseg - INFO - Iter [43750/160000]	lr: 5.783e-06, eta: 1 day, 2:49:35, time: 0.702, data_time: 0.365, memory: 22330, decode.loss_seg: 0.1125, decode.acc_seg: 79.2193, aux.loss_seg: 0.0768, aux.acc_seg: 76.6108, loss: 0.1892
2026-04-22 21:44:12,595 - mmseg - INFO - Iter [43800/160000]	lr: 5.780e-06, eta: 1 day, 2:47:44, time: 0.307, data_time: 0.004, memory: 22330, decode.loss_seg: 0.1087, decode.acc_seg: 81.5922, aux.loss_seg: 0.0710, aux.acc_seg: 79.1319, loss: 0.1797
2026-04-22 21:44:48,099 - mmseg - INFO - Iter [43850/160000]	lr: 5.778e-06, eta: 1 day, 2:46:47, time: 0.710, data_time: 0.357, memory: 22330, decode.loss_seg: 0.1044, decode.acc_seg: 81.4750, aux.loss_seg: 0.0714, aux.acc_seg: 78.8640, loss: 0.1758
2026-04-22 21:45:22,564 - mmseg - INFO - Iter [43900/160000]	lr: 5.775e-06, eta: 1 day, 2:45:47, time: 0.689, data_time: 0.366, memory: 22330, decode.loss_seg: 0.1070, decode.acc_seg: 81.1065, aux.loss_seg: 0.0697, aux.acc_seg: 78.8445, loss: 0.1767
2026-04-22 21:45:37,967 - mmseg - INFO - Iter [43950/160000]	lr: 5.773e-06, eta: 1 day, 2:43:56, time: 0.308, data_time: 0.004, memory: 22330, decode.loss_seg: 0.1091, decode.acc_seg: 81.9162, aux.loss_seg: 0.0704, aux.acc_seg: 79.4902, loss: 0.1795
2026-04-22 21:46:23,461 - mmseg - INFO - per class results:
2026-04-22 21:46:23,461 - mmseg - INFO - 
+------------+-------+-------+
| Class      | IoU   | Acc   |
+------------+-------+-------+
| housing    | 91.64 | 95.72 |
| industrial | 88.45 | 94.28 |
| natural    | 75.81 | 78.88 |
| land_use   | 65.07 | 74.26 |
| water      | 88.57 | 95.17 |
| other      | 95.81 | 97.64 |
+------------+-------+-------+
2026-04-22 21:46:23,461 - mmseg - INFO - Summary:
2026-04-22 21:46:23,461 - mmseg - INFO - 
+--------+-------+-------+-------+
| Scope  | mIoU  | mAcc  | aAcc  |
+--------+-------+-------+-------+
| global | 84.22 | 89.32 | 92.94 |
+--------+-------+-------+-------+
2026-04-22 21:46:23,485 - mmseg - INFO - Exp name: pixel_upernet_itpn_base_12_512_slide_160k_air_polarsar2_amp_linux.py
2026-04-22 21:46:23,485 - mmseg - INFO - Iter [44000/160000]	lr: 5.770e-06, eta: 1 day, 3:06:20, time: 11.340, data_time: 0.000, memory: 22330, mIoU: 0.8422, mAcc: 0.8932, aAcc: 0.9294
2026-04-22 21:46:57,526 - mmseg - INFO - Iter [44050/160000]	lr: 5.768e-06, eta: 1 day, 3:05:17, time: 0.681, data_time: 0.316, memory: 22330, decode.loss_seg: 0.1037, decode.acc_seg: 81.0979, aux.loss_seg: 0.0684, aux.acc_seg: 78.7085, loss: 0.1721
2026-04-22 21:47:12,757 - mmseg - INFO - Iter [44100/160000]	lr: 5.765e-06, eta: 1 day, 3:03:25, time: 0.305, data_time: 0.003, memory: 22330, decode.loss_seg: 0.1119, decode.acc_seg: 82.3730, aux.loss_seg: 0.0730, aux.acc_seg: 79.9518, loss: 0.1849
2026-04-22 21:47:46,094 - mmseg - INFO - Iter [44150/160000]	lr: 5.763e-06, eta: 1 day, 3:02:20, time: 0.667, data_time: 0.314, memory: 22330, decode.loss_seg: 0.1111, decode.acc_seg: 82.7995, aux.loss_seg: 0.0716, aux.acc_seg: 80.4538, loss: 0.1827
2026-04-22 21:48:18,971 - mmseg - INFO - Iter [44200/160000]	lr: 5.760e-06, eta: 1 day, 3:01:14, time: 0.658, data_time: 0.339, memory: 22330, decode.loss_seg: 0.1051, decode.acc_seg: 81.8447, aux.loss_seg: 0.0707, aux.acc_seg: 79.3174, loss: 0.1758
2026-04-22 21:48:34,288 - mmseg - INFO - Iter [44250/160000]	lr: 5.758e-06, eta: 1 day, 2:59:22, time: 0.306, data_time: 0.004, memory: 22330, decode.loss_seg: 0.1090, decode.acc_seg: 79.8031, aux.loss_seg: 0.0707, aux.acc_seg: 77.3560, loss: 0.1797
2026-04-22 21:49:08,687 - mmseg - INFO - Iter [44300/160000]	lr: 5.755e-06, eta: 1 day, 2:58:20, time: 0.688, data_time: 0.357, memory: 22330, decode.loss_seg: 0.1081, decode.acc_seg: 80.1740, aux.loss_seg: 0.0724, aux.acc_seg: 77.5550, loss: 0.1805
2026-04-22 21:49:24,053 - mmseg - INFO - Iter [44350/160000]	lr: 5.753e-06, eta: 1 day, 2:56:29, time: 0.307, data_time: 0.004, memory: 22330, decode.loss_seg: 0.1068, decode.acc_seg: 81.2420, aux.loss_seg: 0.0686, aux.acc_seg: 78.9127, loss: 0.1755
2026-04-22 21:49:57,573 - mmseg - INFO - Iter [44400/160000]	lr: 5.750e-06, eta: 1 day, 2:55:25, time: 0.670, data_time: 0.305, memory: 22330, decode.loss_seg: 0.1081, decode.acc_seg: 82.5722, aux.loss_seg: 0.0703, aux.acc_seg: 80.1933, loss: 0.1784
2026-04-22 21:50:31,710 - mmseg - INFO - Iter [44450/160000]	lr: 5.748e-06, eta: 1 day, 2:54:23, time: 0.683, data_time: 0.372, memory: 22330, decode.loss_seg: 0.1025, decode.acc_seg: 80.5623, aux.loss_seg: 0.0669, aux.acc_seg: 78.2594, loss: 0.1695
2026-04-22 21:50:47,000 - mmseg - INFO - Iter [44500/160000]	lr: 5.746e-06, eta: 1 day, 2:52:32, time: 0.306, data_time: 0.004, memory: 22330, decode.loss_seg: 0.1066, decode.acc_seg: 83.1364, aux.loss_seg: 0.0703, aux.acc_seg: 80.7241, loss: 0.1769
2026-04-22 21:51:21,973 - mmseg - INFO - Iter [44550/160000]	lr: 5.743e-06, eta: 1 day, 2:51:32, time: 0.699, data_time: 0.396, memory: 22330, decode.loss_seg: 0.1181, decode.acc_seg: 81.8448, aux.loss_seg: 0.0809, aux.acc_seg: 79.0995, loss: 0.1990
2026-04-22 21:51:56,470 - mmseg - INFO - Iter [44600/160000]	lr: 5.741e-06, eta: 1 day, 2:50:31, time: 0.690, data_time: 0.374, memory: 22330, decode.loss_seg: 0.1079, decode.acc_seg: 81.8893, aux.loss_seg: 0.0700, aux.acc_seg: 79.5148, loss: 0.1779
2026-04-22 21:52:11,907 - mmseg - INFO - Iter [44650/160000]	lr: 5.738e-06, eta: 1 day, 2:48:41, time: 0.309, data_time: 0.004, memory: 22330, decode.loss_seg: 0.1049, decode.acc_seg: 81.2595, aux.loss_seg: 0.0687, aux.acc_seg: 78.8540, loss: 0.1736
2026-04-22 21:52:46,614 - mmseg - INFO - Iter [44700/160000]	lr: 5.736e-06, eta: 1 day, 2:47:41, time: 0.694, data_time: 0.353, memory: 22330, decode.loss_seg: 0.1069, decode.acc_seg: 82.9888, aux.loss_seg: 0.0693, aux.acc_seg: 80.6773, loss: 0.1762
2026-04-22 21:53:20,387 - mmseg - INFO - Iter [44750/160000]	lr: 5.733e-06, eta: 1 day, 2:46:38, time: 0.675, data_time: 0.363, memory: 22330, decode.loss_seg: 0.1058, decode.acc_seg: 81.8258, aux.loss_seg: 0.0702, aux.acc_seg: 79.4712, loss: 0.1760
2026-04-22 21:53:35,668 - mmseg - INFO - Iter [44800/160000]	lr: 5.731e-06, eta: 1 day, 2:44:48, time: 0.306, data_time: 0.003, memory: 22330, decode.loss_seg: 0.1052, decode.acc_seg: 81.3463, aux.loss_seg: 0.0689, aux.acc_seg: 79.0030, loss: 0.1741
2026-04-22 21:54:09,053 - mmseg - INFO - Iter [44850/160000]	lr: 5.728e-06, eta: 1 day, 2:43:45, time: 0.668, data_time: 0.342, memory: 22330, decode.loss_seg: 0.1045, decode.acc_seg: 81.4995, aux.loss_seg: 0.0689, aux.acc_seg: 79.1147, loss: 0.1733
2026-04-22 21:54:42,329 - mmseg - INFO - Iter [44900/160000]	lr: 5.726e-06, eta: 1 day, 2:42:41, time: 0.666, data_time: 0.344, memory: 22330, decode.loss_seg: 0.1089, decode.acc_seg: 82.3900, aux.loss_seg: 0.0733, aux.acc_seg: 79.7868, loss: 0.1823
2026-04-22 21:54:57,692 - mmseg - INFO - Iter [44950/160000]	lr: 5.723e-06, eta: 1 day, 2:40:52, time: 0.307, data_time: 0.004, memory: 22330, decode.loss_seg: 0.1036, decode.acc_seg: 83.1818, aux.loss_seg: 0.0710, aux.acc_seg: 80.6425, loss: 0.1745
2026-04-22 21:55:32,283 - mmseg - INFO - Exp name: pixel_upernet_itpn_base_12_512_slide_160k_air_polarsar2_amp_linux.py
2026-04-22 21:55:32,283 - mmseg - INFO - Iter [45000/160000]	lr: 5.721e-06, eta: 1 day, 2:39:52, time: 0.692, data_time: 0.368, memory: 22330, decode.loss_seg: 0.1090, decode.acc_seg: 81.2881, aux.loss_seg: 0.0736, aux.acc_seg: 78.7926, loss: 0.1826
2026-04-22 21:56:07,017 - mmseg - INFO - Iter [45050/160000]	lr: 5.718e-06, eta: 1 day, 2:38:52, time: 0.695, data_time: 0.328, memory: 22330, decode.loss_seg: 0.1035, decode.acc_seg: 81.1684, aux.loss_seg: 0.0677, aux.acc_seg: 78.8412, loss: 0.1712
2026-04-22 21:56:22,365 - mmseg - INFO - Iter [45100/160000]	lr: 5.716e-06, eta: 1 day, 2:37:03, time: 0.307, data_time: 0.004, memory: 22330, decode.loss_seg: 0.1048, decode.acc_seg: 81.8661, aux.loss_seg: 0.0710, aux.acc_seg: 79.3650, loss: 0.1758
2026-04-22 21:56:57,556 - mmseg - INFO - Iter [45150/160000]	lr: 5.713e-06, eta: 1 day, 2:36:05, time: 0.704, data_time: 0.370, memory: 22330, decode.loss_seg: 0.1045, decode.acc_seg: 82.6965, aux.loss_seg: 0.0697, aux.acc_seg: 80.2589, loss: 0.1742
2026-04-22 21:57:32,651 - mmseg - INFO - Iter [45200/160000]	lr: 5.711e-06, eta: 1 day, 2:35:07, time: 0.702, data_time: 0.396, memory: 22330, decode.loss_seg: 0.1053, decode.acc_seg: 82.2503, aux.loss_seg: 0.0720, aux.acc_seg: 79.4890, loss: 0.1773
2026-04-22 21:57:48,008 - mmseg - INFO - Iter [45250/160000]	lr: 5.708e-06, eta: 1 day, 2:33:18, time: 0.307, data_time: 0.004, memory: 22330, decode.loss_seg: 0.1040, decode.acc_seg: 82.8391, aux.loss_seg: 0.0684, aux.acc_seg: 80.4682, loss: 0.1724
2026-04-22 21:58:22,940 - mmseg - INFO - Iter [45300/160000]	lr: 5.706e-06, eta: 1 day, 2:32:19, time: 0.699, data_time: 0.371, memory: 22330, decode.loss_seg: 0.1062, decode.acc_seg: 81.4302, aux.loss_seg: 0.0708, aux.acc_seg: 78.9550, loss: 0.1770
2026-04-22 21:58:38,262 - mmseg - INFO - Iter [45350/160000]	lr: 5.703e-06, eta: 1 day, 2:30:31, time: 0.307, data_time: 0.004, memory: 22330, decode.loss_seg: 0.1040, decode.acc_seg: 81.3529, aux.loss_seg: 0.0676, aux.acc_seg: 79.0007, loss: 0.1716
2026-04-22 21:59:13,031 - mmseg - INFO - Iter [45400/160000]	lr: 5.701e-06, eta: 1 day, 2:29:32, time: 0.695, data_time: 0.384, memory: 22330, decode.loss_seg: 0.1024, decode.acc_seg: 82.8553, aux.loss_seg: 0.0675, aux.acc_seg: 80.4899, loss: 0.1699
2026-04-22 21:59:48,197 - mmseg - INFO - Iter [45450/160000]	lr: 5.698e-06, eta: 1 day, 2:28:34, time: 0.703, data_time: 0.359, memory: 22330, decode.loss_seg: 0.1050, decode.acc_seg: 80.4096, aux.loss_seg: 0.0687, aux.acc_seg: 78.1032, loss: 0.1737
2026-04-22 22:00:03,509 - mmseg - INFO - Iter [45500/160000]	lr: 5.696e-06, eta: 1 day, 2:26:47, time: 0.306, data_time: 0.004, memory: 22330, decode.loss_seg: 0.1082, decode.acc_seg: 80.5939, aux.loss_seg: 0.0732, aux.acc_seg: 78.1169, loss: 0.1814
2026-04-22 22:00:39,359 - mmseg - INFO - Iter [45550/160000]	lr: 5.693e-06, eta: 1 day, 2:25:51, time: 0.717, data_time: 0.396, memory: 22330, decode.loss_seg: 0.1071, decode.acc_seg: 81.2060, aux.loss_seg: 0.0751, aux.acc_seg: 78.5657, loss: 0.1822
2026-04-22 22:01:13,270 - mmseg - INFO - Iter [45600/160000]	lr: 5.691e-06, eta: 1 day, 2:24:50, time: 0.678, data_time: 0.351, memory: 22330, decode.loss_seg: 0.1040, decode.acc_seg: 81.0501, aux.loss_seg: 0.0677, aux.acc_seg: 78.7476, loss: 0.1717
2026-04-22 22:01:28,552 - mmseg - INFO - Iter [45650/160000]	lr: 5.688e-06, eta: 1 day, 2:23:03, time: 0.306, data_time: 0.004, memory: 22330, decode.loss_seg: 0.1043, decode.acc_seg: 82.6553, aux.loss_seg: 0.0720, aux.acc_seg: 80.0391, loss: 0.1763
2026-04-22 22:02:04,198 - mmseg - INFO - Iter [45700/160000]	lr: 5.686e-06, eta: 1 day, 2:22:06, time: 0.713, data_time: 0.372, memory: 22330, decode.loss_seg: 0.0995, decode.acc_seg: 81.6969, aux.loss_seg: 0.0668, aux.acc_seg: 79.2295, loss: 0.1663
2026-04-22 22:02:38,514 - mmseg - INFO - Iter [45750/160000]	lr: 5.683e-06, eta: 1 day, 2:21:07, time: 0.687, data_time: 0.380, memory: 22330, decode.loss_seg: 0.1054, decode.acc_seg: 82.9611, aux.loss_seg: 0.0697, aux.acc_seg: 80.5426, loss: 0.1751
2026-04-22 22:02:53,871 - mmseg - INFO - Iter [45800/160000]	lr: 5.681e-06, eta: 1 day, 2:19:20, time: 0.307, data_time: 0.004, memory: 22330, decode.loss_seg: 0.1048, decode.acc_seg: 81.1680, aux.loss_seg: 0.0690, aux.acc_seg: 78.7823, loss: 0.1738
2026-04-22 22:03:28,376 - mmseg - INFO - Iter [45850/160000]	lr: 5.678e-06, eta: 1 day, 2:18:21, time: 0.690, data_time: 0.351, memory: 22330, decode.loss_seg: 0.1031, decode.acc_seg: 82.0231, aux.loss_seg: 0.0690, aux.acc_seg: 79.4995, loss: 0.1722
2026-04-22 22:04:04,177 - mmseg - INFO - Iter [45900/160000]	lr: 5.676e-06, eta: 1 day, 2:17:26, time: 0.716, data_time: 0.413, memory: 22330, decode.loss_seg: 0.1023, decode.acc_seg: 82.6961, aux.loss_seg: 0.0682, aux.acc_seg: 80.2824, loss: 0.1706
2026-04-22 22:04:19,499 - mmseg - INFO - Iter [45950/160000]	lr: 5.673e-06, eta: 1 day, 2:15:39, time: 0.307, data_time: 0.004, memory: 22330, decode.loss_seg: 0.1022, decode.acc_seg: 81.3769, aux.loss_seg: 0.0695, aux.acc_seg: 78.7935, loss: 0.1718
2026-04-22 22:05:06,023 - mmseg - INFO - per class results:
2026-04-22 22:05:06,023 - mmseg - INFO - 
+------------+-------+-------+
| Class      | IoU   | Acc   |
+------------+-------+-------+
| housing    | 91.4  | 96.78 |
| industrial | 88.26 | 92.72 |
| natural    | 77.43 | 81.66 |
| land_use   | 65.77 | 76.6  |
| water      | 88.65 | 95.55 |
| other      | 95.23 | 97.74 |
+------------+-------+-------+
2026-04-22 22:05:06,024 - mmseg - INFO - Summary:
2026-04-22 22:05:06,024 - mmseg - INFO - 
+--------+-------+-------+-------+
| Scope  | mIoU  | mAcc  | aAcc  |
+--------+-------+-------+-------+
| global | 84.46 | 90.17 | 92.93 |
+--------+-------+-------+-------+
2026-04-22 22:05:06,047 - mmseg - INFO - Exp name: pixel_upernet_itpn_base_12_512_slide_160k_air_polarsar2_amp_linux.py
2026-04-22 22:05:06,047 - mmseg - INFO - Iter [46000/160000]	lr: 5.671e-06, eta: 1 day, 2:37:09, time: 11.570, data_time: 0.000, memory: 22330, mIoU: 0.8446, mAcc: 0.9017, aAcc: 0.9293
2026-04-22 22:05:41,222 - mmseg - INFO - Iter [46050/160000]	lr: 5.668e-06, eta: 1 day, 2:36:10, time: 0.703, data_time: 0.361, memory: 22330, decode.loss_seg: 0.1008, decode.acc_seg: 81.3169, aux.loss_seg: 0.0668, aux.acc_seg: 78.9875, loss: 0.1675
2026-04-22 22:05:56,515 - mmseg - INFO - Iter [46100/160000]	lr: 5.666e-06, eta: 1 day, 2:34:22, time: 0.306, data_time: 0.004, memory: 22330, decode.loss_seg: 0.1006, decode.acc_seg: 82.1353, aux.loss_seg: 0.0661, aux.acc_seg: 79.9018, loss: 0.1667
2026-04-22 22:06:31,698 - mmseg - INFO - Iter [46150/160000]	lr: 5.663e-06, eta: 1 day, 2:33:23, time: 0.704, data_time: 0.339, memory: 22330, decode.loss_seg: 0.1043, decode.acc_seg: 83.2878, aux.loss_seg: 0.0691, aux.acc_seg: 80.9473, loss: 0.1735
2026-04-22 22:06:47,042 - mmseg - INFO - Iter [46200/160000]	lr: 5.661e-06, eta: 1 day, 2:31:35, time: 0.307, data_time: 0.004, memory: 22330, decode.loss_seg: 0.1016, decode.acc_seg: 82.4893, aux.loss_seg: 0.0677, aux.acc_seg: 80.0999, loss: 0.1693
2026-04-22 22:07:21,614 - mmseg - INFO - Iter [46250/160000]	lr: 5.658e-06, eta: 1 day, 2:30:35, time: 0.692, data_time: 0.338, memory: 22330, decode.loss_seg: 0.1066, decode.acc_seg: 82.4812, aux.loss_seg: 0.0694, aux.acc_seg: 80.0721, loss: 0.1760
2026-04-22 22:07:55,291 - mmseg - INFO - Iter [46300/160000]	lr: 5.656e-06, eta: 1 day, 2:29:33, time: 0.673, data_time: 0.371, memory: 22330, decode.loss_seg: 0.1009, decode.acc_seg: 82.1895, aux.loss_seg: 0.0666, aux.acc_seg: 79.8415, loss: 0.1675
2026-04-22 22:08:10,619 - mmseg - INFO - Iter [46350/160000]	lr: 5.653e-06, eta: 1 day, 2:27:46, time: 0.307, data_time: 0.003, memory: 22330, decode.loss_seg: 0.1002, decode.acc_seg: 81.3855, aux.loss_seg: 0.0670, aux.acc_seg: 78.9835, loss: 0.1672
2026-04-22 22:08:45,332 - mmseg - INFO - Iter [46400/160000]	lr: 5.651e-06, eta: 1 day, 2:26:46, time: 0.694, data_time: 0.385, memory: 22330, decode.loss_seg: 0.0990, decode.acc_seg: 80.5847, aux.loss_seg: 0.0652, aux.acc_seg: 78.2224, loss: 0.1643
2026-04-22 22:09:20,592 - mmseg - INFO - Iter [46450/160000]	lr: 5.649e-06, eta: 1 day, 2:25:48, time: 0.705, data_time: 0.339, memory: 22330, decode.loss_seg: 0.1015, decode.acc_seg: 81.1864, aux.loss_seg: 0.0668, aux.acc_seg: 78.8606, loss: 0.1683
2026-04-22 22:09:35,967 - mmseg - INFO - Iter [46500/160000]	lr: 5.646e-06, eta: 1 day, 2:24:01, time: 0.307, data_time: 0.003, memory: 22330, decode.loss_seg: 0.1037, decode.acc_seg: 82.2821, aux.loss_seg: 0.0709, aux.acc_seg: 79.7241, loss: 0.1746
2026-04-22 22:10:10,490 - mmseg - INFO - Iter [46550/160000]	lr: 5.644e-06, eta: 1 day, 2:23:01, time: 0.691, data_time: 0.376, memory: 22330, decode.loss_seg: 0.1019, decode.acc_seg: 80.8655, aux.loss_seg: 0.0673, aux.acc_seg: 78.4702, loss: 0.1693
2026-04-22 22:10:46,077 - mmseg - INFO - Iter [46600/160000]	lr: 5.641e-06, eta: 1 day, 2:22:04, time: 0.712, data_time: 0.349, memory: 22330, decode.loss_seg: 0.1040, decode.acc_seg: 82.3869, aux.loss_seg: 0.0686, aux.acc_seg: 80.0558, loss: 0.1726
2026-04-22 22:11:01,413 - mmseg - INFO - Iter [46650/160000]	lr: 5.639e-06, eta: 1 day, 2:20:18, time: 0.307, data_time: 0.004, memory: 22330, decode.loss_seg: 0.1021, decode.acc_seg: 81.1956, aux.loss_seg: 0.0660, aux.acc_seg: 78.9546, loss: 0.1681
2026-04-22 22:11:36,600 - mmseg - INFO - Iter [46700/160000]	lr: 5.636e-06, eta: 1 day, 2:19:20, time: 0.704, data_time: 0.366, memory: 22330, decode.loss_seg: 0.1014, decode.acc_seg: 79.9363, aux.loss_seg: 0.0678, aux.acc_seg: 77.5182, loss: 0.1692
2026-04-22 22:12:11,778 - mmseg - INFO - Iter [46750/160000]	lr: 5.634e-06, eta: 1 day, 2:18:22, time: 0.704, data_time: 0.379, memory: 22330, decode.loss_seg: 0.1021, decode.acc_seg: 82.6524, aux.loss_seg: 0.0684, aux.acc_seg: 80.2524, loss: 0.1706
2026-04-22 22:12:27,120 - mmseg - INFO - Iter [46800/160000]	lr: 5.631e-06, eta: 1 day, 2:16:36, time: 0.307, data_time: 0.003, memory: 22330, decode.loss_seg: 0.1031, decode.acc_seg: 83.0545, aux.loss_seg: 0.0673, aux.acc_seg: 80.6912, loss: 0.1705
2026-04-22 22:13:02,451 - mmseg - INFO - Iter [46850/160000]	lr: 5.629e-06, eta: 1 day, 2:15:39, time: 0.707, data_time: 0.379, memory: 22330, decode.loss_seg: 0.0983, decode.acc_seg: 81.7007, aux.loss_seg: 0.0642, aux.acc_seg: 79.4668, loss: 0.1625
2026-04-22 22:13:37,453 - mmseg - INFO - Iter [46900/160000]	lr: 5.626e-06, eta: 1 day, 2:14:41, time: 0.700, data_time: 0.387, memory: 22330, decode.loss_seg: 0.0984, decode.acc_seg: 80.5233, aux.loss_seg: 0.0641, aux.acc_seg: 78.3075, loss: 0.1625
2026-04-22 22:13:52,790 - mmseg - INFO - Iter [46950/160000]	lr: 5.624e-06, eta: 1 day, 2:12:55, time: 0.307, data_time: 0.003, memory: 22330, decode.loss_seg: 0.0996, decode.acc_seg: 82.2080, aux.loss_seg: 0.0663, aux.acc_seg: 79.8716, loss: 0.1658
2026-04-22 22:14:27,426 - mmseg - INFO - Exp name: pixel_upernet_itpn_base_12_512_slide_160k_air_polarsar2_amp_linux.py
2026-04-22 22:14:27,426 - mmseg - INFO - Iter [47000/160000]	lr: 5.621e-06, eta: 1 day, 2:11:57, time: 0.693, data_time: 0.352, memory: 22330, decode.loss_seg: 0.1080, decode.acc_seg: 80.7956, aux.loss_seg: 0.0671, aux.acc_seg: 78.5480, loss: 0.1751
2026-04-22 22:15:02,800 - mmseg - INFO - Iter [47050/160000]	lr: 5.619e-06, eta: 1 day, 2:11:00, time: 0.708, data_time: 0.369, memory: 22330, decode.loss_seg: 0.1036, decode.acc_seg: 81.8408, aux.loss_seg: 0.0679, aux.acc_seg: 79.4889, loss: 0.1715
2026-04-22 22:15:18,117 - mmseg - INFO - Iter [47100/160000]	lr: 5.616e-06, eta: 1 day, 2:09:15, time: 0.306, data_time: 0.004, memory: 22330, decode.loss_seg: 0.0980, decode.acc_seg: 81.5183, aux.loss_seg: 0.0667, aux.acc_seg: 79.0663, loss: 0.1646
2026-04-22 22:15:53,705 - mmseg - INFO - Iter [47150/160000]	lr: 5.614e-06, eta: 1 day, 2:08:18, time: 0.712, data_time: 0.394, memory: 22330, decode.loss_seg: 0.1021, decode.acc_seg: 81.7156, aux.loss_seg: 0.0667, aux.acc_seg: 79.3777, loss: 0.1689
2026-04-22 22:16:09,051 - mmseg - INFO - Iter [47200/160000]	lr: 5.611e-06, eta: 1 day, 2:06:34, time: 0.307, data_time: 0.003, memory: 22330, decode.loss_seg: 0.0943, decode.acc_seg: 81.5268, aux.loss_seg: 0.0629, aux.acc_seg: 79.3210, loss: 0.1571
2026-04-22 22:16:42,927 - mmseg - INFO - Iter [47250/160000]	lr: 5.609e-06, eta: 1 day, 2:05:33, time: 0.678, data_time: 0.363, memory: 22330, decode.loss_seg: 0.1027, decode.acc_seg: 80.8685, aux.loss_seg: 0.0710, aux.acc_seg: 78.1976, loss: 0.1737
2026-04-22 22:17:17,221 - mmseg - INFO - Iter [47300/160000]	lr: 5.606e-06, eta: 1 day, 2:04:34, time: 0.686, data_time: 0.382, memory: 22330, decode.loss_seg: 0.0999, decode.acc_seg: 81.8077, aux.loss_seg: 0.0667, aux.acc_seg: 79.4895, loss: 0.1666
2026-04-22 22:17:32,581 - mmseg - INFO - Iter [47350/160000]	lr: 5.604e-06, eta: 1 day, 2:02:50, time: 0.307, data_time: 0.004, memory: 22330, decode.loss_seg: 0.1061, decode.acc_seg: 81.5713, aux.loss_seg: 0.0752, aux.acc_seg: 78.7343, loss: 0.1813
2026-04-22 22:18:07,243 - mmseg - INFO - Iter [47400/160000]	lr: 5.601e-06, eta: 1 day, 2:01:52, time: 0.693, data_time: 0.361, memory: 22330, decode.loss_seg: 0.0988, decode.acc_seg: 81.0695, aux.loss_seg: 0.0667, aux.acc_seg: 78.6803, loss: 0.1655
2026-04-22 22:18:42,038 - mmseg - INFO - Iter [47450/160000]	lr: 5.599e-06, eta: 1 day, 2:00:54, time: 0.696, data_time: 0.387, memory: 22330, decode.loss_seg: 0.1037, decode.acc_seg: 81.0150, aux.loss_seg: 0.0701, aux.acc_seg: 78.4786, loss: 0.1738
2026-04-22 22:18:57,439 - mmseg - INFO - Iter [47500/160000]	lr: 5.596e-06, eta: 1 day, 1:59:10, time: 0.308, data_time: 0.004, memory: 22330, decode.loss_seg: 0.1073, decode.acc_seg: 83.3460, aux.loss_seg: 0.0710, aux.acc_seg: 80.8673, loss: 0.1782
2026-04-22 22:19:32,669 - mmseg - INFO - Iter [47550/160000]	lr: 5.594e-06, eta: 1 day, 1:58:14, time: 0.705, data_time: 0.402, memory: 22330, decode.loss_seg: 0.1007, decode.acc_seg: 81.5019, aux.loss_seg: 0.0661, aux.acc_seg: 79.2707, loss: 0.1668
2026-04-22 22:20:06,969 - mmseg - INFO - Iter [47600/160000]	lr: 5.591e-06, eta: 1 day, 1:57:15, time: 0.686, data_time: 0.361, memory: 22330, decode.loss_seg: 0.1031, decode.acc_seg: 82.7990, aux.loss_seg: 0.0699, aux.acc_seg: 80.2353, loss: 0.1729
2026-04-22 22:20:22,364 - mmseg - INFO - Iter [47650/160000]	lr: 5.589e-06, eta: 1 day, 1:55:32, time: 0.308, data_time: 0.003, memory: 22330, decode.loss_seg: 0.1018, decode.acc_seg: 82.2253, aux.loss_seg: 0.0678, aux.acc_seg: 79.8540, loss: 0.1695
2026-04-22 22:20:57,010 - mmseg - INFO - Iter [47700/160000]	lr: 5.586e-06, eta: 1 day, 1:54:34, time: 0.693, data_time: 0.357, memory: 22330, decode.loss_seg: 0.1027, decode.acc_seg: 83.4195, aux.loss_seg: 0.0675, aux.acc_seg: 81.0831, loss: 0.1703
2026-04-22 22:21:32,001 - mmseg - INFO - Iter [47750/160000]	lr: 5.584e-06, eta: 1 day, 1:53:37, time: 0.700, data_time: 0.389, memory: 22330, decode.loss_seg: 0.1020, decode.acc_seg: 83.4842, aux.loss_seg: 0.0668, aux.acc_seg: 81.1988, loss: 0.1688
2026-04-22 22:21:47,374 - mmseg - INFO - Iter [47800/160000]	lr: 5.581e-06, eta: 1 day, 1:51:54, time: 0.307, data_time: 0.004, memory: 22330, decode.loss_seg: 0.1067, decode.acc_seg: 81.6261, aux.loss_seg: 0.0690, aux.acc_seg: 79.2835, loss: 0.1757
2026-04-22 22:22:21,831 - mmseg - INFO - Iter [47850/160000]	lr: 5.579e-06, eta: 1 day, 1:50:56, time: 0.689, data_time: 0.346, memory: 22330, decode.loss_seg: 0.1012, decode.acc_seg: 82.6506, aux.loss_seg: 0.0676, aux.acc_seg: 80.2004, loss: 0.1687
2026-04-22 22:22:56,937 - mmseg - INFO - Iter [47900/160000]	lr: 5.576e-06, eta: 1 day, 1:50:00, time: 0.702, data_time: 0.396, memory: 22330, decode.loss_seg: 0.0965, decode.acc_seg: 81.9432, aux.loss_seg: 0.0647, aux.acc_seg: 79.6235, loss: 0.1612
2026-04-22 22:23:12,270 - mmseg - INFO - Iter [47950/160000]	lr: 5.574e-06, eta: 1 day, 1:48:17, time: 0.307, data_time: 0.003, memory: 22330, decode.loss_seg: 0.1052, decode.acc_seg: 83.4322, aux.loss_seg: 0.0702, aux.acc_seg: 80.9852, loss: 0.1754
2026-04-22 22:23:46,188 - mmseg - INFO - Saving checkpoint at 48000 iterations
2026-04-22 22:24:00,313 - mmseg - INFO - per class results:
2026-04-22 22:24:00,313 - mmseg - INFO - 
+------------+-------+-------+
| Class      | IoU   | Acc   |
+------------+-------+-------+
| housing    | 91.81 | 95.98 |
| industrial | 88.44 | 94.84 |
| natural    | 78.08 | 82.69 |
| land_use   | 64.01 | 70.24 |
| water      | 88.64 | 95.13 |
| other      | 94.41 | 98.55 |
+------------+-------+-------+
2026-04-22 22:24:00,313 - mmseg - INFO - Summary:
2026-04-22 22:24:00,313 - mmseg - INFO - 
+--------+-------+-------+-------+
| Scope  | mIoU  | mAcc  | aAcc  |
+--------+-------+-------+-------+
| global | 84.23 | 89.57 | 92.97 |
+--------+-------+-------+-------+
2026-04-22 22:24:00,353 - mmseg - INFO - Exp name: pixel_upernet_itpn_base_12_512_slide_160k_air_polarsar2_amp_linux.py
2026-04-22 22:24:00,353 - mmseg - INFO - Iter [48000/160000]	lr: 5.571e-06, eta: 1 day, 2:14:08, time: 14.477, data_time: 0.000, memory: 22330, mIoU: 0.8423, mAcc: 0.8957, aAcc: 0.9297
2026-04-22 22:24:34,990 - mmseg - INFO - Iter [48050/160000]	lr: 5.569e-06, eta: 1 day, 2:13:08, time: 0.693, data_time: 0.389, memory: 22330, decode.loss_seg: 0.1073, decode.acc_seg: 82.4589, aux.loss_seg: 0.0690, aux.acc_seg: 80.2198, loss: 0.1764
2026-04-22 22:24:50,348 - mmseg - INFO - Iter [48100/160000]	lr: 5.566e-06, eta: 1 day, 2:11:24, time: 0.307, data_time: 0.004, memory: 22330, decode.loss_seg: 0.1045, decode.acc_seg: 82.0912, aux.loss_seg: 0.0685, aux.acc_seg: 79.7046, loss: 0.1730
2026-04-22 22:25:25,102 - mmseg - INFO - Iter [48150/160000]	lr: 5.564e-06, eta: 1 day, 2:10:25, time: 0.695, data_time: 0.355, memory: 22330, decode.loss_seg: 0.1037, decode.acc_seg: 82.7305, aux.loss_seg: 0.0694, aux.acc_seg: 80.2625, loss: 0.1731
2026-04-22 22:25:40,473 - mmseg - INFO - Iter [48200/160000]	lr: 5.561e-06, eta: 1 day, 2:08:40, time: 0.307, data_time: 0.004, memory: 22330, decode.loss_seg: 0.1000, decode.acc_seg: 82.7839, aux.loss_seg: 0.0652, aux.acc_seg: 80.5801, loss: 0.1652
2026-04-22 22:26:14,620 - mmseg - INFO - Iter [48250/160000]	lr: 5.559e-06, eta: 1 day, 2:07:40, time: 0.683, data_time: 0.327, memory: 22330, decode.loss_seg: 0.1065, decode.acc_seg: 81.9119, aux.loss_seg: 0.0714, aux.acc_seg: 79.5288, loss: 0.1779
2026-04-22 22:26:50,095 - mmseg - INFO - Iter [48300/160000]	lr: 5.556e-06, eta: 1 day, 2:06:42, time: 0.709, data_time: 0.384, memory: 22330, decode.loss_seg: 0.1016, decode.acc_seg: 81.9040, aux.loss_seg: 0.0689, aux.acc_seg: 79.5330, loss: 0.1705
2026-04-22 22:27:05,526 - mmseg - INFO - Iter [48350/160000]	lr: 5.554e-06, eta: 1 day, 2:04:59, time: 0.309, data_time: 0.003, memory: 22330, decode.loss_seg: 0.0951, decode.acc_seg: 80.9489, aux.loss_seg: 0.0631, aux.acc_seg: 78.6714, loss: 0.1582
2026-04-22 22:27:40,820 - mmseg - INFO - Iter [48400/160000]	lr: 5.552e-06, eta: 1 day, 2:04:01, time: 0.706, data_time: 0.376, memory: 22330, decode.loss_seg: 0.0992, decode.acc_seg: 82.4450, aux.loss_seg: 0.0656, aux.acc_seg: 80.1537, loss: 0.1648
2026-04-22 22:28:15,324 - mmseg - INFO - Iter [48450/160000]	lr: 5.549e-06, eta: 1 day, 2:03:02, time: 0.690, data_time: 0.326, memory: 22330, decode.loss_seg: 0.0990, decode.acc_seg: 80.1485, aux.loss_seg: 0.0648, aux.acc_seg: 77.8988, loss: 0.1638
2026-04-22 22:28:30,740 - mmseg - INFO - Iter [48500/160000]	lr: 5.547e-06, eta: 1 day, 2:01:19, time: 0.308, data_time: 0.004, memory: 22330, decode.loss_seg: 0.0984, decode.acc_seg: 81.9505, aux.loss_seg: 0.0657, aux.acc_seg: 79.5878, loss: 0.1642
2026-04-22 22:29:05,362 - mmseg - INFO - Iter [48550/160000]	lr: 5.544e-06, eta: 1 day, 2:00:20, time: 0.693, data_time: 0.360, memory: 22330, decode.loss_seg: 0.0987, decode.acc_seg: 83.5152, aux.loss_seg: 0.0644, aux.acc_seg: 81.3080, loss: 0.1631
2026-04-22 22:29:40,875 - mmseg - INFO - Iter [48600/160000]	lr: 5.542e-06, eta: 1 day, 1:59:23, time: 0.710, data_time: 0.394, memory: 22330, decode.loss_seg: 0.0980, decode.acc_seg: 82.1501, aux.loss_seg: 0.0658, aux.acc_seg: 79.7286, loss: 0.1638
2026-04-22 22:29:56,266 - mmseg - INFO - Iter [48650/160000]	lr: 5.539e-06, eta: 1 day, 1:57:40, time: 0.308, data_time: 0.004, memory: 22330, decode.loss_seg: 0.0973, decode.acc_seg: 81.5916, aux.loss_seg: 0.0641, aux.acc_seg: 79.3678, loss: 0.1614
2026-04-22 22:30:31,350 - mmseg - INFO - Iter [48700/160000]	lr: 5.537e-06, eta: 1 day, 1:56:42, time: 0.702, data_time: 0.390, memory: 22330, decode.loss_seg: 0.1037, decode.acc_seg: 83.7300, aux.loss_seg: 0.0690, aux.acc_seg: 81.2255, loss: 0.1726
2026-04-22 22:31:06,374 - mmseg - INFO - Iter [48750/160000]	lr: 5.534e-06, eta: 1 day, 1:55:44, time: 0.700, data_time: 0.364, memory: 22330, decode.loss_seg: 0.0960, decode.acc_seg: 83.2765, aux.loss_seg: 0.0641, aux.acc_seg: 81.0418, loss: 0.1601
2026-04-22 22:31:21,778 - mmseg - INFO - Iter [48800/160000]	lr: 5.532e-06, eta: 1 day, 1:54:02, time: 0.308, data_time: 0.004, memory: 22330, decode.loss_seg: 0.1011, decode.acc_seg: 82.3628, aux.loss_seg: 0.0668, aux.acc_seg: 80.0111, loss: 0.1679
2026-04-22 22:31:56,589 - mmseg - INFO - Iter [48850/160000]	lr: 5.529e-06, eta: 1 day, 1:53:04, time: 0.696, data_time: 0.355, memory: 22330, decode.loss_seg: 0.1049, decode.acc_seg: 84.1108, aux.loss_seg: 0.0695, aux.acc_seg: 81.6828, loss: 0.1745
2026-04-22 22:32:31,418 - mmseg - INFO - Iter [48900/160000]	lr: 5.527e-06, eta: 1 day, 1:52:06, time: 0.697, data_time: 0.389, memory: 22330, decode.loss_seg: 0.0991, decode.acc_seg: 81.8381, aux.loss_seg: 0.0652, aux.acc_seg: 79.5392, loss: 0.1643
2026-04-22 22:32:46,785 - mmseg - INFO - Iter [48950/160000]	lr: 5.524e-06, eta: 1 day, 1:50:24, time: 0.307, data_time: 0.003, memory: 22330, decode.loss_seg: 0.1022, decode.acc_seg: 83.0912, aux.loss_seg: 0.0689, aux.acc_seg: 80.5649, loss: 0.1710
2026-04-22 22:33:21,100 - mmseg - INFO - Exp name: pixel_upernet_itpn_base_12_512_slide_160k_air_polarsar2_amp_linux.py
2026-04-22 22:33:21,100 - mmseg - INFO - Iter [49000/160000]	lr: 5.522e-06, eta: 1 day, 1:49:25, time: 0.686, data_time: 0.360, memory: 22330, decode.loss_seg: 0.0995, decode.acc_seg: 81.3294, aux.loss_seg: 0.0669, aux.acc_seg: 78.9495, loss: 0.1664
2026-04-22 22:33:55,708 - mmseg - INFO - Iter [49050/160000]	lr: 5.519e-06, eta: 1 day, 1:48:26, time: 0.692, data_time: 0.354, memory: 22330, decode.loss_seg: 0.1007, decode.acc_seg: 82.2223, aux.loss_seg: 0.0689, aux.acc_seg: 79.6761, loss: 0.1696
2026-04-22 22:34:11,051 - mmseg - INFO - Iter [49100/160000]	lr: 5.517e-06, eta: 1 day, 1:46:45, time: 0.307, data_time: 0.004, memory: 22330, decode.loss_seg: 0.0983, decode.acc_seg: 82.0209, aux.loss_seg: 0.0658, aux.acc_seg: 79.6523, loss: 0.1641
2026-04-22 22:34:46,440 - mmseg - INFO - Iter [49150/160000]	lr: 5.514e-06, eta: 1 day, 1:45:48, time: 0.708, data_time: 0.374, memory: 22330, decode.loss_seg: 0.1034, decode.acc_seg: 81.1716, aux.loss_seg: 0.0662, aux.acc_seg: 78.8998, loss: 0.1696
2026-04-22 22:35:01,828 - mmseg - INFO - Iter [49200/160000]	lr: 5.512e-06, eta: 1 day, 1:44:07, time: 0.308, data_time: 0.004, memory: 22330, decode.loss_seg: 0.0993, decode.acc_seg: 82.9723, aux.loss_seg: 0.0670, aux.acc_seg: 80.5776, loss: 0.1663
2026-04-22 22:35:37,295 - mmseg - INFO - Iter [49250/160000]	lr: 5.509e-06, eta: 1 day, 1:43:11, time: 0.709, data_time: 0.352, memory: 22330, decode.loss_seg: 0.0942, decode.acc_seg: 80.8005, aux.loss_seg: 0.0629, aux.acc_seg: 78.5462, loss: 0.1571
2026-04-22 22:36:12,072 - mmseg - INFO - Iter [49300/160000]	lr: 5.507e-06, eta: 1 day, 1:42:13, time: 0.696, data_time: 0.367, memory: 22330, decode.loss_seg: 0.1040, decode.acc_seg: 81.6852, aux.loss_seg: 0.0673, aux.acc_seg: 79.3900, loss: 0.1713
2026-04-22 22:36:27,456 - mmseg - INFO - Iter [49350/160000]	lr: 5.504e-06, eta: 1 day, 1:40:32, time: 0.308, data_time: 0.004, memory: 22330, decode.loss_seg: 0.0955, decode.acc_seg: 81.9871, aux.loss_seg: 0.0637, aux.acc_seg: 79.6747, loss: 0.1592
2026-04-22 22:37:02,349 - mmseg - INFO - Iter [49400/160000]	lr: 5.502e-06, eta: 1 day, 1:39:35, time: 0.698, data_time: 0.337, memory: 22330, decode.loss_seg: 0.0968, decode.acc_seg: 81.9355, aux.loss_seg: 0.0662, aux.acc_seg: 79.4296, loss: 0.1629
2026-04-22 22:37:36,901 - mmseg - INFO - Iter [49450/160000]	lr: 5.499e-06, eta: 1 day, 1:38:37, time: 0.691, data_time: 0.341, memory: 22330, decode.loss_seg: 0.0954, decode.acc_seg: 83.1401, aux.loss_seg: 0.0637, aux.acc_seg: 80.8833, loss: 0.1591
2026-04-22 22:37:52,176 - mmseg - INFO - Iter [49500/160000]	lr: 5.497e-06, eta: 1 day, 1:36:56, time: 0.306, data_time: 0.003, memory: 22330, decode.loss_seg: 0.0985, decode.acc_seg: 82.4235, aux.loss_seg: 0.0650, aux.acc_seg: 80.1397, loss: 0.1635
2026-04-22 22:38:26,259 - mmseg - INFO - Iter [49550/160000]	lr: 5.494e-06, eta: 1 day, 1:35:57, time: 0.682, data_time: 0.303, memory: 22330, decode.loss_seg: 0.0991, decode.acc_seg: 83.5740, aux.loss_seg: 0.0657, aux.acc_seg: 81.2332, loss: 0.1648
2026-04-22 22:39:00,566 - mmseg - INFO - Iter [49600/160000]	lr: 5.492e-06, eta: 1 day, 1:34:59, time: 0.686, data_time: 0.381, memory: 22330, decode.loss_seg: 0.0959, decode.acc_seg: 81.2786, aux.loss_seg: 0.0644, aux.acc_seg: 78.9450, loss: 0.1603
2026-04-22 22:39:15,898 - mmseg - INFO - Iter [49650/160000]	lr: 5.489e-06, eta: 1 day, 1:33:19, time: 0.307, data_time: 0.004, memory: 22330, decode.loss_seg: 0.0978, decode.acc_seg: 82.7952, aux.loss_seg: 0.0656, aux.acc_seg: 80.4135, loss: 0.1634
2026-04-22 22:39:51,146 - mmseg - INFO - Iter [49700/160000]	lr: 5.487e-06, eta: 1 day, 1:32:23, time: 0.705, data_time: 0.387, memory: 22330, decode.loss_seg: 0.0997, decode.acc_seg: 82.9411, aux.loss_seg: 0.0675, aux.acc_seg: 80.4876, loss: 0.1672
2026-04-22 22:40:26,375 - mmseg - INFO - Iter [49750/160000]	lr: 5.484e-06, eta: 1 day, 1:31:27, time: 0.705, data_time: 0.332, memory: 22330, decode.loss_seg: 0.1017, decode.acc_seg: 83.1425, aux.loss_seg: 0.0699, aux.acc_seg: 80.5790, loss: 0.1716
2026-04-22 22:40:41,727 - mmseg - INFO - Iter [49800/160000]	lr: 5.482e-06, eta: 1 day, 1:29:47, time: 0.307, data_time: 0.003, memory: 22330, decode.loss_seg: 0.0972, decode.acc_seg: 81.5362, aux.loss_seg: 0.0637, aux.acc_seg: 79.2927, loss: 0.1608
2026-04-22 22:41:15,888 - mmseg - INFO - Iter [49850/160000]	lr: 5.479e-06, eta: 1 day, 1:28:49, time: 0.683, data_time: 0.336, memory: 22330, decode.loss_seg: 0.0988, decode.acc_seg: 83.1644, aux.loss_seg: 0.0653, aux.acc_seg: 80.8262, loss: 0.1641
2026-04-22 22:41:51,304 - mmseg - INFO - Iter [49900/160000]	lr: 5.477e-06, eta: 1 day, 1:27:53, time: 0.708, data_time: 0.405, memory: 22330, decode.loss_seg: 0.0945, decode.acc_seg: 82.1795, aux.loss_seg: 0.0641, aux.acc_seg: 79.8615, loss: 0.1587
2026-04-22 22:42:06,667 - mmseg - INFO - Iter [49950/160000]	lr: 5.474e-06, eta: 1 day, 1:26:14, time: 0.307, data_time: 0.003, memory: 22330, decode.loss_seg: 0.0970, decode.acc_seg: 82.3842, aux.loss_seg: 0.0667, aux.acc_seg: 79.8962, loss: 0.1637
2026-04-22 22:42:52,774 - mmseg - INFO - per class results:
2026-04-22 22:42:52,775 - mmseg - INFO - 
+------------+-------+-------+
| Class      | IoU   | Acc   |
+------------+-------+-------+
| housing    | 91.7  | 96.81 |
| industrial | 89.08 | 93.78 |
| natural    | 78.45 | 83.53 |
| land_use   | 65.75 | 73.16 |
| water      | 89.24 | 96.12 |
| other      | 96.12 | 98.05 |
+------------+-------+-------+
2026-04-22 22:42:52,775 - mmseg - INFO - Summary:
2026-04-22 22:42:52,775 - mmseg - INFO - 
+--------+-------+-------+-------+
| Scope  | mIoU  | mAcc  | aAcc  |
+--------+-------+-------+-------+
| global | 85.06 | 90.24 | 93.32 |
+--------+-------+-------+-------+
2026-04-22 22:42:52,797 - mmseg - INFO - Exp name: pixel_upernet_itpn_base_12_512_slide_160k_air_polarsar2_amp_linux.py
2026-04-22 22:42:52,797 - mmseg - INFO - Iter [50000/160000]	lr: 5.472e-06, eta: 1 day, 1:44:51, time: 11.368, data_time: 0.000, memory: 22330, mIoU: 0.8506, mAcc: 0.9024, aAcc: 0.9332
2026-04-22 22:43:08,176 - mmseg - INFO - Iter [50050/160000]	lr: 5.469e-06, eta: 1 day, 1:43:10, time: 0.307, data_time: 0.004, memory: 22330, decode.loss_seg: 0.0964, decode.acc_seg: 81.3083, aux.loss_seg: 0.0647, aux.acc_seg: 78.9739, loss: 0.1611
2026-04-22 22:43:43,505 - mmseg - INFO - Iter [50100/160000]	lr: 5.467e-06, eta: 1 day, 1:42:13, time: 0.707, data_time: 0.360, memory: 22330, decode.loss_seg: 0.0900, decode.acc_seg: 80.6167, aux.loss_seg: 0.0615, aux.acc_seg: 78.2806, loss: 0.1514
2026-04-22 22:44:18,771 - mmseg - INFO - Iter [50150/160000]	lr: 5.464e-06, eta: 1 day, 1:41:16, time: 0.705, data_time: 0.393, memory: 22330, decode.loss_seg: 0.0997, decode.acc_seg: 82.2131, aux.loss_seg: 0.0657, aux.acc_seg: 79.8066, loss: 0.1653
2026-04-22 22:44:34,086 - mmseg - INFO - Iter [50200/160000]	lr: 5.462e-06, eta: 1 day, 1:39:36, time: 0.306, data_time: 0.004, memory: 22330, decode.loss_seg: 0.0997, decode.acc_seg: 82.7594, aux.loss_seg: 0.0656, aux.acc_seg: 80.4928, loss: 0.1653
2026-04-22 22:45:09,655 - mmseg - INFO - Iter [50250/160000]	lr: 5.459e-06, eta: 1 day, 1:38:39, time: 0.711, data_time: 0.339, memory: 22330, decode.loss_seg: 0.0956, decode.acc_seg: 82.7945, aux.loss_seg: 0.0642, aux.acc_seg: 80.4267, loss: 0.1598
2026-04-22 22:45:44,478 - mmseg - INFO - Iter [50300/160000]	lr: 5.457e-06, eta: 1 day, 1:37:42, time: 0.697, data_time: 0.380, memory: 22330, decode.loss_seg: 0.1002, decode.acc_seg: 83.2378, aux.loss_seg: 0.0669, aux.acc_seg: 80.8365, loss: 0.1671
2026-04-22 22:45:59,795 - mmseg - INFO - Iter [50350/160000]	lr: 5.455e-06, eta: 1 day, 1:36:01, time: 0.306, data_time: 0.004, memory: 22330, decode.loss_seg: 0.1025, decode.acc_seg: 83.3650, aux.loss_seg: 0.0695, aux.acc_seg: 80.9319, loss: 0.1720
2026-04-22 22:46:35,289 - mmseg - INFO - Iter [50400/160000]	lr: 5.452e-06, eta: 1 day, 1:35:05, time: 0.710, data_time: 0.379, memory: 22330, decode.loss_seg: 0.0948, decode.acc_seg: 82.5710, aux.loss_seg: 0.0634, aux.acc_seg: 80.2398, loss: 0.1582
2026-04-22 22:47:10,445 - mmseg - INFO - Iter [50450/160000]	lr: 5.450e-06, eta: 1 day, 1:34:08, time: 0.703, data_time: 0.334, memory: 22330, decode.loss_seg: 0.0999, decode.acc_seg: 81.6400, aux.loss_seg: 0.0654, aux.acc_seg: 79.3652, loss: 0.1653
2026-04-22 22:47:25,818 - mmseg - INFO - Iter [50500/160000]	lr: 5.447e-06, eta: 1 day, 1:32:28, time: 0.307, data_time: 0.003, memory: 22330, decode.loss_seg: 0.1001, decode.acc_seg: 81.4077, aux.loss_seg: 0.0659, aux.acc_seg: 79.0126, loss: 0.1660
2026-04-22 22:48:00,527 - mmseg - INFO - Iter [50550/160000]	lr: 5.445e-06, eta: 1 day, 1:31:31, time: 0.694, data_time: 0.391, memory: 22330, decode.loss_seg: 0.0968, decode.acc_seg: 82.4620, aux.loss_seg: 0.0660, aux.acc_seg: 79.9426, loss: 0.1627
2026-04-22 22:48:35,818 - mmseg - INFO - Iter [50600/160000]	lr: 5.442e-06, eta: 1 day, 1:30:34, time: 0.706, data_time: 0.402, memory: 22330, decode.loss_seg: 0.0991, decode.acc_seg: 81.5203, aux.loss_seg: 0.0665, aux.acc_seg: 79.0697, loss: 0.1656
2026-04-22 22:48:51,192 - mmseg - INFO - Iter [50650/160000]	lr: 5.440e-06, eta: 1 day, 1:28:55, time: 0.307, data_time: 0.004, memory: 22330, decode.loss_seg: 0.1027, decode.acc_seg: 82.1104, aux.loss_seg: 0.0692, aux.acc_seg: 79.6015, loss: 0.1719
2026-04-22 22:49:25,991 - mmseg - INFO - Iter [50700/160000]	lr: 5.437e-06, eta: 1 day, 1:27:57, time: 0.696, data_time: 0.361, memory: 22330, decode.loss_seg: 0.0919, decode.acc_seg: 82.8261, aux.loss_seg: 0.0629, aux.acc_seg: 80.4327, loss: 0.1548
2026-04-22 22:50:00,962 - mmseg - INFO - Iter [50750/160000]	lr: 5.435e-06, eta: 1 day, 1:27:00, time: 0.700, data_time: 0.372, memory: 22330, decode.loss_seg: 0.0954, decode.acc_seg: 80.9764, aux.loss_seg: 0.0670, aux.acc_seg: 78.4191, loss: 0.1624
2026-04-22 22:50:16,280 - mmseg - INFO - Iter [50800/160000]	lr: 5.432e-06, eta: 1 day, 1:25:21, time: 0.306, data_time: 0.004, memory: 22330, decode.loss_seg: 0.0994, decode.acc_seg: 81.9066, aux.loss_seg: 0.0676, aux.acc_seg: 79.3738, loss: 0.1669
2026-04-22 22:50:50,978 - mmseg - INFO - Iter [50850/160000]	lr: 5.430e-06, eta: 1 day, 1:24:24, time: 0.694, data_time: 0.345, memory: 22330, decode.loss_seg: 0.0941, decode.acc_seg: 83.2252, aux.loss_seg: 0.0625, aux.acc_seg: 81.0142, loss: 0.1566
2026-04-22 22:51:26,694 - mmseg - INFO - Iter [50900/160000]	lr: 5.427e-06, eta: 1 day, 1:23:29, time: 0.714, data_time: 0.396, memory: 22330, decode.loss_seg: 0.0948, decode.acc_seg: 83.1672, aux.loss_seg: 0.0631, aux.acc_seg: 80.9172, loss: 0.1579
2026-04-22 22:51:42,083 - mmseg - INFO - Iter [50950/160000]	lr: 5.425e-06, eta: 1 day, 1:21:50, time: 0.308, data_time: 0.004, memory: 22330, decode.loss_seg: 0.0993, decode.acc_seg: 81.3308, aux.loss_seg: 0.0675, aux.acc_seg: 78.7498, loss: 0.1667
2026-04-22 22:52:16,643 - mmseg - INFO - Exp name: pixel_upernet_itpn_base_12_512_slide_160k_air_polarsar2_amp_linux.py
2026-04-22 22:52:16,643 - mmseg - INFO - Iter [51000/160000]	lr: 5.422e-06, eta: 1 day, 1:20:53, time: 0.691, data_time: 0.381, memory: 22330, decode.loss_seg: 0.0969, decode.acc_seg: 83.7774, aux.loss_seg: 0.0646, aux.acc_seg: 81.4015, loss: 0.1615
2026-04-22 22:52:31,932 - mmseg - INFO - Iter [51050/160000]	lr: 5.420e-06, eta: 1 day, 1:19:14, time: 0.306, data_time: 0.004, memory: 22330, decode.loss_seg: 0.0972, decode.acc_seg: 82.2104, aux.loss_seg: 0.0645, aux.acc_seg: 79.8511, loss: 0.1618
2026-04-22 22:53:05,845 - mmseg - INFO - Iter [51100/160000]	lr: 5.417e-06, eta: 1 day, 1:18:15, time: 0.678, data_time: 0.360, memory: 22330, decode.loss_seg: 0.0977, decode.acc_seg: 83.3273, aux.loss_seg: 0.0652, aux.acc_seg: 80.9724, loss: 0.1629
2026-04-22 22:53:40,212 - mmseg - INFO - Iter [51150/160000]	lr: 5.415e-06, eta: 1 day, 1:17:18, time: 0.687, data_time: 0.342, memory: 22330, decode.loss_seg: 0.0942, decode.acc_seg: 82.7148, aux.loss_seg: 0.0647, aux.acc_seg: 80.2953, loss: 0.1589
2026-04-22 22:53:55,548 - mmseg - INFO - Iter [51200/160000]	lr: 5.412e-06, eta: 1 day, 1:15:40, time: 0.307, data_time: 0.004, memory: 22330, decode.loss_seg: 0.1009, decode.acc_seg: 80.7339, aux.loss_seg: 0.0695, aux.acc_seg: 78.2451, loss: 0.1704
2026-04-22 22:54:31,109 - mmseg - INFO - Iter [51250/160000]	lr: 5.410e-06, eta: 1 day, 1:14:45, time: 0.711, data_time: 0.377, memory: 22330, decode.loss_seg: 0.0924, decode.acc_seg: 82.3892, aux.loss_seg: 0.0621, aux.acc_seg: 80.0924, loss: 0.1545
2026-04-22 22:55:05,827 - mmseg - INFO - Iter [51300/160000]	lr: 5.407e-06, eta: 1 day, 1:13:48, time: 0.694, data_time: 0.351, memory: 22330, decode.loss_seg: 0.0906, decode.acc_seg: 81.3676, aux.loss_seg: 0.0613, aux.acc_seg: 79.0750, loss: 0.1519
2026-04-22 22:55:21,236 - mmseg - INFO - Iter [51350/160000]	lr: 5.405e-06, eta: 1 day, 1:12:10, time: 0.308, data_time: 0.004, memory: 22330, decode.loss_seg: 0.0906, decode.acc_seg: 82.5892, aux.loss_seg: 0.0617, aux.acc_seg: 80.3122, loss: 0.1523
2026-04-22 22:55:56,902 - mmseg - INFO - Iter [51400/160000]	lr: 5.402e-06, eta: 1 day, 1:11:16, time: 0.714, data_time: 0.360, memory: 22330, decode.loss_seg: 0.0983, decode.acc_seg: 82.0017, aux.loss_seg: 0.0658, aux.acc_seg: 79.5386, loss: 0.1641
2026-04-22 22:56:31,979 - mmseg - INFO - Iter [51450/160000]	lr: 5.400e-06, eta: 1 day, 1:10:20, time: 0.701, data_time: 0.366, memory: 22330, decode.loss_seg: 0.0937, decode.acc_seg: 81.5534, aux.loss_seg: 0.0632, aux.acc_seg: 79.2103, loss: 0.1569
2026-04-22 22:56:47,396 - mmseg - INFO - Iter [51500/160000]	lr: 5.397e-06, eta: 1 day, 1:08:43, time: 0.308, data_time: 0.004, memory: 22330, decode.loss_seg: 0.0988, decode.acc_seg: 83.0754, aux.loss_seg: 0.0641, aux.acc_seg: 80.8701, loss: 0.1629
2026-04-22 22:57:22,103 - mmseg - INFO - Iter [51550/160000]	lr: 5.395e-06, eta: 1 day, 1:07:46, time: 0.694, data_time: 0.364, memory: 22330, decode.loss_seg: 0.0942, decode.acc_seg: 81.0570, aux.loss_seg: 0.0621, aux.acc_seg: 78.8644, loss: 0.1564
2026-04-22 22:57:57,088 - mmseg - INFO - Iter [51600/160000]	lr: 5.392e-06, eta: 1 day, 1:06:50, time: 0.700, data_time: 0.335, memory: 22330, decode.loss_seg: 0.0963, decode.acc_seg: 81.6219, aux.loss_seg: 0.0655, aux.acc_seg: 79.2044, loss: 0.1618
2026-04-22 22:58:12,461 - mmseg - INFO - Iter [51650/160000]	lr: 5.390e-06, eta: 1 day, 1:05:13, time: 0.308, data_time: 0.004, memory: 22330, decode.loss_seg: 0.0956, decode.acc_seg: 83.7270, aux.loss_seg: 0.0640, aux.acc_seg: 81.3577, loss: 0.1596
2026-04-22 22:58:47,792 - mmseg - INFO - Iter [51700/160000]	lr: 5.387e-06, eta: 1 day, 1:04:18, time: 0.706, data_time: 0.402, memory: 22330, decode.loss_seg: 0.0940, decode.acc_seg: 83.0311, aux.loss_seg: 0.0639, aux.acc_seg: 80.7378, loss: 0.1578
2026-04-22 22:59:22,625 - mmseg - INFO - Iter [51750/160000]	lr: 5.385e-06, eta: 1 day, 1:03:22, time: 0.697, data_time: 0.394, memory: 22330, decode.loss_seg: 0.0934, decode.acc_seg: 82.5724, aux.loss_seg: 0.0636, aux.acc_seg: 80.1669, loss: 0.1570
2026-04-22 22:59:38,018 - mmseg - INFO - Iter [51800/160000]	lr: 5.382e-06, eta: 1 day, 1:01:46, time: 0.308, data_time: 0.004, memory: 22330, decode.loss_seg: 0.1009, decode.acc_seg: 82.8697, aux.loss_seg: 0.0701, aux.acc_seg: 80.1366, loss: 0.1709
2026-04-22 23:00:12,526 - mmseg - INFO - Iter [51850/160000]	lr: 5.380e-06, eta: 1 day, 1:00:49, time: 0.690, data_time: 0.339, memory: 22330, decode.loss_seg: 0.0981, decode.acc_seg: 81.1072, aux.loss_seg: 0.0644, aux.acc_seg: 78.8426, loss: 0.1624
2026-04-22 23:00:47,303 - mmseg - INFO - Iter [51900/160000]	lr: 5.377e-06, eta: 1 day, 0:59:54, time: 0.696, data_time: 0.334, memory: 22330, decode.loss_seg: 0.0975, decode.acc_seg: 82.0084, aux.loss_seg: 0.0655, aux.acc_seg: 79.5879, loss: 0.1631
2026-04-22 23:01:02,657 - mmseg - INFO - Iter [51950/160000]	lr: 5.375e-06, eta: 1 day, 0:58:17, time: 0.307, data_time: 0.003, memory: 22330, decode.loss_seg: 0.1004, decode.acc_seg: 82.8407, aux.loss_seg: 0.0678, aux.acc_seg: 80.3429, loss: 0.1682
2026-04-22 23:01:49,944 - mmseg - INFO - per class results:
2026-04-22 23:01:49,944 - mmseg - INFO - 
+------------+-------+-------+
| Class      | IoU   | Acc   |
+------------+-------+-------+
| housing    | 92.27 | 96.18 |
| industrial | 89.11 | 95.44 |
| natural    | 78.94 | 82.45 |
| land_use   | 67.53 | 79.17 |
| water      | 89.04 | 93.83 |
| other      | 96.46 | 98.25 |
+------------+-------+-------+
2026-04-22 23:01:49,944 - mmseg - INFO - Summary:
2026-04-22 23:01:49,945 - mmseg - INFO - 
+--------+-------+-------+-------+
| Scope  | mIoU  | mAcc  | aAcc  |
+--------+-------+-------+-------+
| global | 85.56 | 90.89 | 93.36 |
+--------+-------+-------+-------+
2026-04-22 23:01:49,971 - mmseg - INFO - Exp name: pixel_upernet_itpn_base_12_512_slide_160k_air_polarsar2_amp_linux.py
2026-04-22 23:01:49,971 - mmseg - INFO - Iter [52000/160000]	lr: 5.372e-06, eta: 1 day, 1:16:12, time: 11.579, data_time: 0.000, memory: 22330, mIoU: 0.8556, mAcc: 0.9089, aAcc: 0.9336
2026-04-22 23:02:05,343 - mmseg - INFO - Iter [52050/160000]	lr: 5.370e-06, eta: 1 day, 1:14:34, time: 0.307, data_time: 0.004, memory: 22330, decode.loss_seg: 0.0969, decode.acc_seg: 81.6453, aux.loss_seg: 0.0657, aux.acc_seg: 79.1956, loss: 0.1626
2026-04-22 23:02:39,508 - mmseg - INFO - Iter [52100/160000]	lr: 5.367e-06, eta: 1 day, 1:13:36, time: 0.683, data_time: 0.366, memory: 22330, decode.loss_seg: 0.0960, decode.acc_seg: 81.1473, aux.loss_seg: 0.0669, aux.acc_seg: 78.7817, loss: 0.1629
2026-04-22 23:03:15,244 - mmseg - INFO - Iter [52150/160000]	lr: 5.365e-06, eta: 1 day, 1:12:40, time: 0.715, data_time: 0.360, memory: 22330, decode.loss_seg: 0.0916, decode.acc_seg: 81.4557, aux.loss_seg: 0.0611, aux.acc_seg: 79.2105, loss: 0.1528
2026-04-22 23:03:30,669 - mmseg - INFO - Iter [52200/160000]	lr: 5.362e-06, eta: 1 day, 1:11:03, time: 0.309, data_time: 0.003, memory: 22330, decode.loss_seg: 0.0958, decode.acc_seg: 81.8232, aux.loss_seg: 0.0642, aux.acc_seg: 79.4996, loss: 0.1599
2026-04-22 23:04:06,374 - mmseg - INFO - Iter [52250/160000]	lr: 5.360e-06, eta: 1 day, 1:10:08, time: 0.714, data_time: 0.376, memory: 22330, decode.loss_seg: 0.0922, decode.acc_seg: 81.9346, aux.loss_seg: 0.0616, aux.acc_seg: 79.6876, loss: 0.1538
2026-04-22 23:04:41,552 - mmseg - INFO - Iter [52300/160000]	lr: 5.358e-06, eta: 1 day, 1:09:12, time: 0.704, data_time: 0.360, memory: 22330, decode.loss_seg: 0.0951, decode.acc_seg: 83.9029, aux.loss_seg: 0.0665, aux.acc_seg: 81.5428, loss: 0.1616
2026-04-22 23:04:56,901 - mmseg - INFO - Iter [52350/160000]	lr: 5.355e-06, eta: 1 day, 1:07:35, time: 0.307, data_time: 0.004, memory: 22330, decode.loss_seg: 0.0986, decode.acc_seg: 81.3625, aux.loss_seg: 0.0669, aux.acc_seg: 78.8568, loss: 0.1655
2026-04-22 23:05:32,340 - mmseg - INFO - Iter [52400/160000]	lr: 5.353e-06, eta: 1 day, 1:06:39, time: 0.709, data_time: 0.379, memory: 22330, decode.loss_seg: 0.0976, decode.acc_seg: 82.5242, aux.loss_seg: 0.0653, aux.acc_seg: 80.1923, loss: 0.1630
2026-04-22 23:06:07,440 - mmseg - INFO - Iter [52450/160000]	lr: 5.350e-06, eta: 1 day, 1:05:43, time: 0.702, data_time: 0.334, memory: 22330, decode.loss_seg: 0.0924, decode.acc_seg: 82.1770, aux.loss_seg: 0.0614, aux.acc_seg: 79.9571, loss: 0.1538
2026-04-22 23:06:22,809 - mmseg - INFO - Iter [52500/160000]	lr: 5.348e-06, eta: 1 day, 1:04:07, time: 0.307, data_time: 0.004, memory: 22330, decode.loss_seg: 0.0880, decode.acc_seg: 81.6914, aux.loss_seg: 0.0605, aux.acc_seg: 79.3719, loss: 0.1485
2026-04-22 23:06:57,986 - mmseg - INFO - Iter [52550/160000]	lr: 5.345e-06, eta: 1 day, 1:03:11, time: 0.704, data_time: 0.389, memory: 22330, decode.loss_seg: 0.0954, decode.acc_seg: 82.7394, aux.loss_seg: 0.0646, aux.acc_seg: 80.3678, loss: 0.1600
2026-04-22 23:07:33,396 - mmseg - INFO - Iter [52600/160000]	lr: 5.343e-06, eta: 1 day, 1:02:16, time: 0.708, data_time: 0.366, memory: 22330, decode.loss_seg: 0.0909, decode.acc_seg: 80.7665, aux.loss_seg: 0.0612, aux.acc_seg: 78.4606, loss: 0.1522
2026-04-22 23:07:48,747 - mmseg - INFO - Iter [52650/160000]	lr: 5.340e-06, eta: 1 day, 1:00:39, time: 0.307, data_time: 0.005, memory: 22330, decode.loss_seg: 0.0903, decode.acc_seg: 81.9348, aux.loss_seg: 0.0614, aux.acc_seg: 79.6671, loss: 0.1517
2026-04-22 23:08:23,522 - mmseg - INFO - Iter [52700/160000]	lr: 5.338e-06, eta: 1 day, 0:59:43, time: 0.695, data_time: 0.384, memory: 22330, decode.loss_seg: 0.0904, decode.acc_seg: 81.2724, aux.loss_seg: 0.0633, aux.acc_seg: 78.8808, loss: 0.1537
2026-04-22 23:08:57,321 - mmseg - INFO - Iter [52750/160000]	lr: 5.335e-06, eta: 1 day, 0:58:44, time: 0.676, data_time: 0.337, memory: 22330, decode.loss_seg: 0.0902, decode.acc_seg: 80.3665, aux.loss_seg: 0.0592, aux.acc_seg: 78.1982, loss: 0.1495
2026-04-22 23:09:12,671 - mmseg - INFO - Iter [52800/160000]	lr: 5.333e-06, eta: 1 day, 0:57:08, time: 0.307, data_time: 0.003, memory: 22330, decode.loss_seg: 0.1121, decode.acc_seg: 82.1054, aux.loss_seg: 0.0671, aux.acc_seg: 80.0015, loss: 0.1792
2026-04-22 23:09:47,979 - mmseg - INFO - Iter [52850/160000]	lr: 5.330e-06, eta: 1 day, 0:56:13, time: 0.706, data_time: 0.374, memory: 22330, decode.loss_seg: 0.0958, decode.acc_seg: 82.2856, aux.loss_seg: 0.0633, aux.acc_seg: 80.0269, loss: 0.1590
2026-04-22 23:10:21,938 - mmseg - INFO - Iter [52900/160000]	lr: 5.328e-06, eta: 1 day, 0:55:15, time: 0.679, data_time: 0.320, memory: 22330, decode.loss_seg: 0.0936, decode.acc_seg: 82.3409, aux.loss_seg: 0.0626, aux.acc_seg: 80.0774, loss: 0.1562
2026-04-22 23:10:37,317 - mmseg - INFO - Iter [52950/160000]	lr: 5.325e-06, eta: 1 day, 0:53:40, time: 0.308, data_time: 0.004, memory: 22330, decode.loss_seg: 0.0935, decode.acc_seg: 82.4843, aux.loss_seg: 0.0635, aux.acc_seg: 80.1363, loss: 0.1570
2026-04-22 23:11:11,852 - mmseg - INFO - Exp name: pixel_upernet_itpn_base_12_512_slide_160k_air_polarsar2_amp_linux.py
2026-04-22 23:11:11,852 - mmseg - INFO - Iter [53000/160000]	lr: 5.323e-06, eta: 1 day, 0:52:43, time: 0.691, data_time: 0.376, memory: 22330, decode.loss_seg: 0.0915, decode.acc_seg: 82.5136, aux.loss_seg: 0.0612, aux.acc_seg: 80.2603, loss: 0.1527
2026-04-22 23:11:27,210 - mmseg - INFO - Iter [53050/160000]	lr: 5.320e-06, eta: 1 day, 0:51:08, time: 0.307, data_time: 0.004, memory: 22330, decode.loss_seg: 0.0912, decode.acc_seg: 81.6247, aux.loss_seg: 0.0613, aux.acc_seg: 79.3785, loss: 0.1526
2026-04-22 23:12:01,662 - mmseg - INFO - Iter [53100/160000]	lr: 5.318e-06, eta: 1 day, 0:50:11, time: 0.689, data_time: 0.357, memory: 22330, decode.loss_seg: 0.0964, decode.acc_seg: 83.2662, aux.loss_seg: 0.0657, aux.acc_seg: 80.7864, loss: 0.1621
2026-04-22 23:12:35,601 - mmseg - INFO - Iter [53150/160000]	lr: 5.315e-06, eta: 1 day, 0:49:14, time: 0.679, data_time: 0.338, memory: 22330, decode.loss_seg: 0.0930, decode.acc_seg: 82.2965, aux.loss_seg: 0.0621, aux.acc_seg: 80.0008, loss: 0.1551
2026-04-22 23:12:50,997 - mmseg - INFO - Iter [53200/160000]	lr: 5.313e-06, eta: 1 day, 0:47:39, time: 0.308, data_time: 0.004, memory: 22330, decode.loss_seg: 0.0934, decode.acc_seg: 82.3654, aux.loss_seg: 0.0620, aux.acc_seg: 80.1107, loss: 0.1554
2026-04-22 23:13:25,006 - mmseg - INFO - Iter [53250/160000]	lr: 5.310e-06, eta: 1 day, 0:46:41, time: 0.680, data_time: 0.340, memory: 22330, decode.loss_seg: 0.0918, decode.acc_seg: 82.3515, aux.loss_seg: 0.0624, aux.acc_seg: 80.1083, loss: 0.1542
2026-04-22 23:14:00,422 - mmseg - INFO - Iter [53300/160000]	lr: 5.308e-06, eta: 1 day, 0:45:47, time: 0.708, data_time: 0.365, memory: 22330, decode.loss_seg: 0.0943, decode.acc_seg: 83.0062, aux.loss_seg: 0.0673, aux.acc_seg: 80.5255, loss: 0.1616
2026-04-22 23:14:15,811 - mmseg - INFO - Iter [53350/160000]	lr: 5.305e-06, eta: 1 day, 0:44:12, time: 0.308, data_time: 0.004, memory: 22330, decode.loss_seg: 0.0941, decode.acc_seg: 83.3097, aux.loss_seg: 0.0636, aux.acc_seg: 80.9523, loss: 0.1578
2026-04-22 23:14:51,746 - mmseg - INFO - Iter [53400/160000]	lr: 5.303e-06, eta: 1 day, 0:43:19, time: 0.719, data_time: 0.336, memory: 22330, decode.loss_seg: 0.0936, decode.acc_seg: 83.1101, aux.loss_seg: 0.0644, aux.acc_seg: 80.7114, loss: 0.1580
2026-04-22 23:15:27,734 - mmseg - INFO - Iter [53450/160000]	lr: 5.300e-06, eta: 1 day, 0:42:26, time: 0.720, data_time: 0.371, memory: 22330, decode.loss_seg: 0.0923, decode.acc_seg: 80.8866, aux.loss_seg: 0.0627, aux.acc_seg: 78.5631, loss: 0.1550
2026-04-22 23:15:43,108 - mmseg - INFO - Iter [53500/160000]	lr: 5.298e-06, eta: 1 day, 0:40:51, time: 0.307, data_time: 0.003, memory: 22330, decode.loss_seg: 0.0901, decode.acc_seg: 83.2294, aux.loss_seg: 0.0616, aux.acc_seg: 80.8945, loss: 0.1516
2026-04-22 23:16:18,771 - mmseg - INFO - Iter [53550/160000]	lr: 5.295e-06, eta: 1 day, 0:39:58, time: 0.713, data_time: 0.388, memory: 22330, decode.loss_seg: 0.0888, decode.acc_seg: 81.9248, aux.loss_seg: 0.0602, aux.acc_seg: 79.6827, loss: 0.1490
2026-04-22 23:16:53,974 - mmseg - INFO - Iter [53600/160000]	lr: 5.293e-06, eta: 1 day, 0:39:03, time: 0.704, data_time: 0.374, memory: 22330, decode.loss_seg: 0.0926, decode.acc_seg: 81.1354, aux.loss_seg: 0.0624, aux.acc_seg: 78.8334, loss: 0.1550
2026-04-22 23:17:09,350 - mmseg - INFO - Iter [53650/160000]	lr: 5.290e-06, eta: 1 day, 0:37:29, time: 0.307, data_time: 0.004, memory: 22330, decode.loss_seg: 0.0904, decode.acc_seg: 83.4434, aux.loss_seg: 0.0603, aux.acc_seg: 81.2214, loss: 0.1507
2026-04-22 23:17:44,065 - mmseg - INFO - Iter [53700/160000]	lr: 5.288e-06, eta: 1 day, 0:36:34, time: 0.694, data_time: 0.362, memory: 22330, decode.loss_seg: 0.0963, decode.acc_seg: 83.5319, aux.loss_seg: 0.0645, aux.acc_seg: 81.2001, loss: 0.1608
2026-04-22 23:18:18,888 - mmseg - INFO - Iter [53750/160000]	lr: 5.285e-06, eta: 1 day, 0:35:39, time: 0.697, data_time: 0.334, memory: 22330, decode.loss_seg: 0.0898, decode.acc_seg: 82.5355, aux.loss_seg: 0.0619, aux.acc_seg: 80.1529, loss: 0.1517
2026-04-22 23:18:34,223 - mmseg - INFO - Iter [53800/160000]	lr: 5.283e-06, eta: 1 day, 0:34:05, time: 0.307, data_time: 0.004, memory: 22330, decode.loss_seg: 0.0889, decode.acc_seg: 82.7629, aux.loss_seg: 0.0609, aux.acc_seg: 80.4676, loss: 0.1498
2026-04-22 23:19:09,887 - mmseg - INFO - Iter [53850/160000]	lr: 5.280e-06, eta: 1 day, 0:33:11, time: 0.713, data_time: 0.382, memory: 22330, decode.loss_seg: 0.0900, decode.acc_seg: 83.4469, aux.loss_seg: 0.0609, aux.acc_seg: 81.1747, loss: 0.1509
2026-04-22 23:19:25,269 - mmseg - INFO - Iter [53900/160000]	lr: 5.278e-06, eta: 1 day, 0:31:38, time: 0.308, data_time: 0.004, memory: 22330, decode.loss_seg: 0.0938, decode.acc_seg: 82.7292, aux.loss_seg: 0.0635, aux.acc_seg: 80.3925, loss: 0.1574
2026-04-22 23:20:00,071 - mmseg - INFO - Iter [53950/160000]	lr: 5.275e-06, eta: 1 day, 0:30:43, time: 0.696, data_time: 0.348, memory: 22330, decode.loss_seg: 0.0935, decode.acc_seg: 83.5555, aux.loss_seg: 0.0659, aux.acc_seg: 80.9626, loss: 0.1595
2026-04-22 23:20:46,591 - mmseg - INFO - per class results:
2026-04-22 23:20:46,591 - mmseg - INFO - 
+------------+-------+-------+
| Class      | IoU   | Acc   |
+------------+-------+-------+
| housing    | 92.25 | 96.17 |
| industrial | 89.52 | 94.79 |
| natural    | 80.09 | 84.86 |
| land_use   | 67.39 | 76.98 |
| water      | 89.54 | 95.2  |
| other      | 95.84 | 98.42 |
+------------+-------+-------+
2026-04-22 23:20:46,591 - mmseg - INFO - Summary:
2026-04-22 23:20:46,592 - mmseg - INFO - 
+--------+-------+-------+-------+
| Scope  | mIoU  | mAcc  | aAcc  |
+--------+-------+-------+-------+
| global | 85.77 | 91.07 | 93.58 |
+--------+-------+-------+-------+
2026-04-22 23:20:46,617 - mmseg - INFO - Exp name: pixel_upernet_itpn_base_12_512_slide_160k_air_polarsar2_amp_linux.py
2026-04-22 23:20:46,617 - mmseg - INFO - Iter [54000/160000]	lr: 5.273e-06, eta: 1 day, 0:47:52, time: 11.740, data_time: 0.000, memory: 22330, mIoU: 0.8577, mAcc: 0.9107, aAcc: 0.9358
2026-04-22 23:21:02,030 - mmseg - INFO - Iter [54050/160000]	lr: 5.270e-06, eta: 1 day, 0:46:18, time: 0.308, data_time: 0.004, memory: 22330, decode.loss_seg: 0.0984, decode.acc_seg: 81.5810, aux.loss_seg: 0.0662, aux.acc_seg: 79.0040, loss: 0.1646
2026-04-22 23:21:37,039 - mmseg - INFO - Iter [54100/160000]	lr: 5.268e-06, eta: 1 day, 0:45:22, time: 0.700, data_time: 0.384, memory: 22330, decode.loss_seg: 0.0919, decode.acc_seg: 81.4032, aux.loss_seg: 0.0620, aux.acc_seg: 79.0175, loss: 0.1540
2026-04-22 23:22:11,560 - mmseg - INFO - Iter [54150/160000]	lr: 5.265e-06, eta: 1 day, 0:44:25, time: 0.691, data_time: 0.387, memory: 22330, decode.loss_seg: 0.0974, decode.acc_seg: 81.1792, aux.loss_seg: 0.0669, aux.acc_seg: 78.7148, loss: 0.1644
2026-04-22 23:22:26,987 - mmseg - INFO - Iter [54200/160000]	lr: 5.263e-06, eta: 1 day, 0:42:51, time: 0.308, data_time: 0.004, memory: 22330, decode.loss_seg: 0.0918, decode.acc_seg: 82.0676, aux.loss_seg: 0.0625, aux.acc_seg: 79.7396, loss: 0.1543
2026-04-22 23:23:02,406 - mmseg - INFO - Iter [54250/160000]	lr: 5.261e-06, eta: 1 day, 0:41:56, time: 0.708, data_time: 0.405, memory: 22330, decode.loss_seg: 0.0911, decode.acc_seg: 83.0844, aux.loss_seg: 0.0616, aux.acc_seg: 80.7650, loss: 0.1526
2026-04-22 23:23:37,123 - mmseg - INFO - Iter [54300/160000]	lr: 5.258e-06, eta: 1 day, 0:41:00, time: 0.695, data_time: 0.381, memory: 22330, decode.loss_seg: 0.0940, decode.acc_seg: 83.1646, aux.loss_seg: 0.0669, aux.acc_seg: 80.5554, loss: 0.1609
2026-04-22 23:23:52,510 - mmseg - INFO - Iter [54350/160000]	lr: 5.256e-06, eta: 1 day, 0:39:26, time: 0.308, data_time: 0.005, memory: 22330, decode.loss_seg: 0.0906, decode.acc_seg: 82.0120, aux.loss_seg: 0.0649, aux.acc_seg: 79.4472, loss: 0.1555
2026-04-22 23:24:28,517 - mmseg - INFO - Iter [54400/160000]	lr: 5.253e-06, eta: 1 day, 0:38:32, time: 0.720, data_time: 0.379, memory: 22330, decode.loss_seg: 0.0891, decode.acc_seg: 82.5449, aux.loss_seg: 0.0640, aux.acc_seg: 80.0564, loss: 0.1531
2026-04-22 23:25:03,339 - mmseg - INFO - Iter [54450/160000]	lr: 5.251e-06, eta: 1 day, 0:37:36, time: 0.696, data_time: 0.323, memory: 22330, decode.loss_seg: 0.0919, decode.acc_seg: 83.2484, aux.loss_seg: 0.0633, aux.acc_seg: 80.8870, loss: 0.1552
2026-04-22 23:25:18,716 - mmseg - INFO - Iter [54500/160000]	lr: 5.248e-06, eta: 1 day, 0:36:03, time: 0.308, data_time: 0.004, memory: 22330, decode.loss_seg: 0.0895, decode.acc_seg: 81.4393, aux.loss_seg: 0.0616, aux.acc_seg: 79.0253, loss: 0.1511
2026-04-22 23:25:53,922 - mmseg - INFO - Iter [54550/160000]	lr: 5.246e-06, eta: 1 day, 0:35:07, time: 0.704, data_time: 0.363, memory: 22330, decode.loss_seg: 0.0943, decode.acc_seg: 82.5997, aux.loss_seg: 0.0668, aux.acc_seg: 79.9735, loss: 0.1611
2026-04-22 23:26:28,360 - mmseg - INFO - Iter [54600/160000]	lr: 5.243e-06, eta: 1 day, 0:34:11, time: 0.689, data_time: 0.357, memory: 22330, decode.loss_seg: 0.0902, decode.acc_seg: 83.4981, aux.loss_seg: 0.0609, aux.acc_seg: 81.2626, loss: 0.1511
2026-04-22 23:26:43,731 - mmseg - INFO - Iter [54650/160000]	lr: 5.241e-06, eta: 1 day, 0:32:38, time: 0.308, data_time: 0.004, memory: 22330, decode.loss_seg: 0.0893, decode.acc_seg: 81.0309, aux.loss_seg: 0.0615, aux.acc_seg: 78.6710, loss: 0.1508
2026-04-22 23:27:19,175 - mmseg - INFO - Iter [54700/160000]	lr: 5.238e-06, eta: 1 day, 0:31:43, time: 0.709, data_time: 0.391, memory: 22330, decode.loss_seg: 0.0899, decode.acc_seg: 81.4920, aux.loss_seg: 0.0615, aux.acc_seg: 79.2029, loss: 0.1514
2026-04-22 23:27:54,717 - mmseg - INFO - Iter [54750/160000]	lr: 5.236e-06, eta: 1 day, 0:30:49, time: 0.711, data_time: 0.354, memory: 22330, decode.loss_seg: 0.0896, decode.acc_seg: 81.7581, aux.loss_seg: 0.0643, aux.acc_seg: 79.2200, loss: 0.1539
2026-04-22 23:28:10,049 - mmseg - INFO - Iter [54800/160000]	lr: 5.233e-06, eta: 1 day, 0:29:16, time: 0.307, data_time: 0.004, memory: 22330, decode.loss_seg: 0.0912, decode.acc_seg: 82.6375, aux.loss_seg: 0.0623, aux.acc_seg: 80.1386, loss: 0.1536
2026-04-22 23:28:45,397 - mmseg - INFO - Iter [54850/160000]	lr: 5.231e-06, eta: 1 day, 0:28:22, time: 0.707, data_time: 0.395, memory: 22330, decode.loss_seg: 0.0953, decode.acc_seg: 82.6062, aux.loss_seg: 0.0663, aux.acc_seg: 80.0659, loss: 0.1616
2026-04-22 23:29:00,756 - mmseg - INFO - Iter [54900/160000]	lr: 5.228e-06, eta: 1 day, 0:26:49, time: 0.307, data_time: 0.004, memory: 22330, decode.loss_seg: 0.0950, decode.acc_seg: 81.9980, aux.loss_seg: 0.0658, aux.acc_seg: 79.5003, loss: 0.1608
2026-04-22 23:29:36,064 - mmseg - INFO - Iter [54950/160000]	lr: 5.226e-06, eta: 1 day, 0:25:55, time: 0.706, data_time: 0.355, memory: 22330, decode.loss_seg: 0.0896, decode.acc_seg: 82.4429, aux.loss_seg: 0.0607, aux.acc_seg: 80.1660, loss: 0.1503
2026-04-22 23:30:10,958 - mmseg - INFO - Exp name: pixel_upernet_itpn_base_12_512_slide_160k_air_polarsar2_amp_linux.py
2026-04-22 23:30:10,958 - mmseg - INFO - Iter [55000/160000]	lr: 5.223e-06, eta: 1 day, 0:24:59, time: 0.698, data_time: 0.336, memory: 22330, decode.loss_seg: 0.0876, decode.acc_seg: 81.2816, aux.loss_seg: 0.0608, aux.acc_seg: 78.9406, loss: 0.1485
2026-04-22 23:30:26,321 - mmseg - INFO - Iter [55050/160000]	lr: 5.221e-06, eta: 1 day, 0:23:27, time: 0.307, data_time: 0.004, memory: 22330, decode.loss_seg: 0.0905, decode.acc_seg: 83.2154, aux.loss_seg: 0.0612, aux.acc_seg: 80.9494, loss: 0.1517
2026-04-22 23:31:01,665 - mmseg - INFO - Iter [55100/160000]	lr: 5.218e-06, eta: 1 day, 0:22:33, time: 0.707, data_time: 0.373, memory: 22330, decode.loss_seg: 0.0897, decode.acc_seg: 82.3677, aux.loss_seg: 0.0606, aux.acc_seg: 80.1270, loss: 0.1503
2026-04-22 23:31:36,672 - mmseg - INFO - Iter [55150/160000]	lr: 5.216e-06, eta: 1 day, 0:21:38, time: 0.700, data_time: 0.396, memory: 22330, decode.loss_seg: 0.0888, decode.acc_seg: 80.3436, aux.loss_seg: 0.0597, aux.acc_seg: 78.1370, loss: 0.1485
2026-04-22 23:31:52,007 - mmseg - INFO - Iter [55200/160000]	lr: 5.213e-06, eta: 1 day, 0:20:06, time: 0.307, data_time: 0.003, memory: 22330, decode.loss_seg: 0.0933, decode.acc_seg: 82.2532, aux.loss_seg: 0.0679, aux.acc_seg: 79.5387, loss: 0.1612
2026-04-22 23:32:27,159 - mmseg - INFO - Iter [55250/160000]	lr: 5.211e-06, eta: 1 day, 0:19:12, time: 0.703, data_time: 0.370, memory: 22330, decode.loss_seg: 0.0924, decode.acc_seg: 83.3705, aux.loss_seg: 0.0624, aux.acc_seg: 81.0130, loss: 0.1548
2026-04-22 23:33:02,519 - mmseg - INFO - Iter [55300/160000]	lr: 5.208e-06, eta: 1 day, 0:18:18, time: 0.707, data_time: 0.404, memory: 22330, decode.loss_seg: 0.0914, decode.acc_seg: 84.0809, aux.loss_seg: 0.0625, aux.acc_seg: 81.7487, loss: 0.1539
2026-04-22 23:33:17,883 - mmseg - INFO - Iter [55350/160000]	lr: 5.206e-06, eta: 1 day, 0:16:46, time: 0.307, data_time: 0.004, memory: 22330, decode.loss_seg: 0.0906, decode.acc_seg: 82.4557, aux.loss_seg: 0.0625, aux.acc_seg: 80.0718, loss: 0.1531
2026-04-22 23:33:52,551 - mmseg - INFO - Iter [55400/160000]	lr: 5.203e-06, eta: 1 day, 0:15:51, time: 0.693, data_time: 0.345, memory: 22330, decode.loss_seg: 0.0922, decode.acc_seg: 82.3309, aux.loss_seg: 0.0624, aux.acc_seg: 79.9838, loss: 0.1547
2026-04-22 23:34:27,146 - mmseg - INFO - Iter [55450/160000]	lr: 5.201e-06, eta: 1 day, 0:14:55, time: 0.692, data_time: 0.350, memory: 22330, decode.loss_seg: 0.0896, decode.acc_seg: 81.8638, aux.loss_seg: 0.0599, aux.acc_seg: 79.6551, loss: 0.1494
2026-04-22 23:34:42,473 - mmseg - INFO - Iter [55500/160000]	lr: 5.198e-06, eta: 1 day, 0:13:24, time: 0.307, data_time: 0.004, memory: 22330, decode.loss_seg: 0.0952, decode.acc_seg: 82.8228, aux.loss_seg: 0.0623, aux.acc_seg: 80.6108, loss: 0.1575
2026-04-22 23:35:16,543 - mmseg - INFO - Iter [55550/160000]	lr: 5.196e-06, eta: 1 day, 0:12:28, time: 0.681, data_time: 0.358, memory: 22330, decode.loss_seg: 0.0892, decode.acc_seg: 82.1472, aux.loss_seg: 0.0598, aux.acc_seg: 79.9116, loss: 0.1490
2026-04-22 23:35:51,734 - mmseg - INFO - Iter [55600/160000]	lr: 5.193e-06, eta: 1 day, 0:11:34, time: 0.704, data_time: 0.380, memory: 22330, decode.loss_seg: 0.0859, decode.acc_seg: 81.6779, aux.loss_seg: 0.0585, aux.acc_seg: 79.4665, loss: 0.1444
2026-04-22 23:36:07,080 - mmseg - INFO - Iter [55650/160000]	lr: 5.191e-06, eta: 1 day, 0:10:03, time: 0.307, data_time: 0.004, memory: 22330, decode.loss_seg: 0.0892, decode.acc_seg: 83.0732, aux.loss_seg: 0.0614, aux.acc_seg: 80.7432, loss: 0.1506
2026-04-22 23:36:42,014 - mmseg - INFO - Iter [55700/160000]	lr: 5.188e-06, eta: 1 day, 0:09:08, time: 0.698, data_time: 0.382, memory: 22330, decode.loss_seg: 0.0961, decode.acc_seg: 82.6928, aux.loss_seg: 0.0671, aux.acc_seg: 80.2174, loss: 0.1632
2026-04-22 23:37:16,410 - mmseg - INFO - Iter [55750/160000]	lr: 5.186e-06, eta: 1 day, 0:08:13, time: 0.688, data_time: 0.384, memory: 22330, decode.loss_seg: 0.0943, decode.acc_seg: 83.7087, aux.loss_seg: 0.0667, aux.acc_seg: 81.1519, loss: 0.1609
2026-04-22 23:37:31,743 - mmseg - INFO - Iter [55800/160000]	lr: 5.183e-06, eta: 1 day, 0:06:42, time: 0.306, data_time: 0.004, memory: 22330, decode.loss_seg: 0.0860, decode.acc_seg: 81.1697, aux.loss_seg: 0.0583, aux.acc_seg: 78.9553, loss: 0.1443
2026-04-22 23:38:07,319 - mmseg - INFO - Iter [55850/160000]	lr: 5.181e-06, eta: 1 day, 0:05:49, time: 0.711, data_time: 0.358, memory: 22330, decode.loss_seg: 0.0980, decode.acc_seg: 82.2627, aux.loss_seg: 0.0669, aux.acc_seg: 79.7790, loss: 0.1649
2026-04-22 23:38:22,693 - mmseg - INFO - Iter [55900/160000]	lr: 5.178e-06, eta: 1 day, 0:04:19, time: 0.308, data_time: 0.004, memory: 22330, decode.loss_seg: 0.0875, decode.acc_seg: 82.7255, aux.loss_seg: 0.0607, aux.acc_seg: 80.4578, loss: 0.1481
2026-04-22 23:38:57,176 - mmseg - INFO - Iter [55950/160000]	lr: 5.176e-06, eta: 1 day, 0:03:24, time: 0.690, data_time: 0.382, memory: 22330, decode.loss_seg: 0.0910, decode.acc_seg: 82.5949, aux.loss_seg: 0.0621, aux.acc_seg: 80.2341, loss: 0.1531
2026-04-22 23:39:43,961 - mmseg - INFO - per class results:
2026-04-22 23:39:43,962 - mmseg - INFO - 
+------------+-------+-------+
| Class      | IoU   | Acc   |
+------------+-------+-------+
| housing    | 92.36 | 96.65 |
| industrial | 89.45 | 94.28 |
| natural    | 79.0  | 83.1  |
| land_use   | 68.31 | 77.57 |
| water      | 89.68 | 95.71 |
| other      | 96.18 | 97.71 |
+------------+-------+-------+
2026-04-22 23:39:43,962 - mmseg - INFO - Summary:
2026-04-22 23:39:43,962 - mmseg - INFO - 
+--------+-------+-------+-------+
| Scope  | mIoU  | mAcc  | aAcc  |
+--------+-------+-------+-------+
| global | 85.83 | 90.84 | 93.64 |
+--------+-------+-------+-------+
2026-04-22 23:39:43,987 - mmseg - INFO - Exp name: pixel_upernet_itpn_base_12_512_slide_160k_air_polarsar2_amp_linux.py
2026-04-22 23:39:43,987 - mmseg - INFO - Iter [56000/160000]	lr: 5.173e-06, eta: 1 day, 0:19:13, time: 11.503, data_time: 0.000, memory: 22330, mIoU: 0.8583, mAcc: 0.9084, aAcc: 0.9364
2026-04-22 23:39:59,315 - mmseg - INFO - Iter [56050/160000]	lr: 5.171e-06, eta: 1 day, 0:17:41, time: 0.306, data_time: 0.004, memory: 22330, decode.loss_seg: 0.0864, decode.acc_seg: 81.5516, aux.loss_seg: 0.0584, aux.acc_seg: 79.3698, loss: 0.1448
2026-04-22 23:40:34,843 - mmseg - INFO - Iter [56100/160000]	lr: 5.168e-06, eta: 1 day, 0:16:47, time: 0.711, data_time: 0.355, memory: 22330, decode.loss_seg: 0.0868, decode.acc_seg: 81.0864, aux.loss_seg: 0.0621, aux.acc_seg: 78.4952, loss: 0.1490
2026-04-22 23:41:09,438 - mmseg - INFO - Iter [56150/160000]	lr: 5.166e-06, eta: 1 day, 0:15:51, time: 0.692, data_time: 0.342, memory: 22330, decode.loss_seg: 0.0902, decode.acc_seg: 82.5912, aux.loss_seg: 0.0618, aux.acc_seg: 80.3034, loss: 0.1520
2026-04-22 23:41:24,819 - mmseg - INFO - Iter [56200/160000]	lr: 5.164e-06, eta: 1 day, 0:14:20, time: 0.307, data_time: 0.004, memory: 22330, decode.loss_seg: 0.0881, decode.acc_seg: 83.0963, aux.loss_seg: 0.0633, aux.acc_seg: 80.4612, loss: 0.1514
2026-04-22 23:41:59,669 - mmseg - INFO - Iter [56250/160000]	lr: 5.161e-06, eta: 1 day, 0:13:25, time: 0.697, data_time: 0.380, memory: 22330, decode.loss_seg: 0.0883, decode.acc_seg: 83.0892, aux.loss_seg: 0.0631, aux.acc_seg: 80.6066, loss: 0.1515
2026-04-22 23:42:34,535 - mmseg - INFO - Iter [56300/160000]	lr: 5.159e-06, eta: 1 day, 0:12:29, time: 0.697, data_time: 0.392, memory: 22330, decode.loss_seg: 0.0867, decode.acc_seg: 82.7427, aux.loss_seg: 0.0608, aux.acc_seg: 80.3597, loss: 0.1474
2026-04-22 23:42:49,865 - mmseg - INFO - Iter [56350/160000]	lr: 5.156e-06, eta: 1 day, 0:10:58, time: 0.307, data_time: 0.003, memory: 22330, decode.loss_seg: 0.0864, decode.acc_seg: 80.6127, aux.loss_seg: 0.0619, aux.acc_seg: 78.1464, loss: 0.1484
2026-04-22 23:43:25,094 - mmseg - INFO - Iter [56400/160000]	lr: 5.154e-06, eta: 1 day, 0:10:04, time: 0.705, data_time: 0.331, memory: 22330, decode.loss_seg: 0.0868, decode.acc_seg: 82.5240, aux.loss_seg: 0.0609, aux.acc_seg: 80.1918, loss: 0.1477
2026-04-22 23:43:59,463 - mmseg - INFO - Iter [56450/160000]	lr: 5.151e-06, eta: 1 day, 0:09:08, time: 0.687, data_time: 0.384, memory: 22330, decode.loss_seg: 0.0954, decode.acc_seg: 82.6271, aux.loss_seg: 0.0637, aux.acc_seg: 80.2369, loss: 0.1591
2026-04-22 23:44:14,803 - mmseg - INFO - Iter [56500/160000]	lr: 5.149e-06, eta: 1 day, 0:07:37, time: 0.307, data_time: 0.004, memory: 22330, decode.loss_seg: 0.0900, decode.acc_seg: 82.0988, aux.loss_seg: 0.0615, aux.acc_seg: 79.7802, loss: 0.1515
2026-04-22 23:44:49,828 - mmseg - INFO - Iter [56550/160000]	lr: 5.146e-06, eta: 1 day, 0:06:42, time: 0.701, data_time: 0.378, memory: 22330, decode.loss_seg: 0.0901, decode.acc_seg: 82.4767, aux.loss_seg: 0.0617, aux.acc_seg: 80.1674, loss: 0.1517
2026-04-22 23:45:24,538 - mmseg - INFO - Iter [56600/160000]	lr: 5.144e-06, eta: 1 day, 0:05:47, time: 0.694, data_time: 0.351, memory: 22330, decode.loss_seg: 0.0898, decode.acc_seg: 83.5153, aux.loss_seg: 0.0617, aux.acc_seg: 81.2197, loss: 0.1515
2026-04-22 23:45:39,858 - mmseg - INFO - Iter [56650/160000]	lr: 5.141e-06, eta: 1 day, 0:04:17, time: 0.306, data_time: 0.004, memory: 22330, decode.loss_seg: 0.0891, decode.acc_seg: 82.3445, aux.loss_seg: 0.0627, aux.acc_seg: 79.8148, loss: 0.1518
2026-04-22 23:46:14,369 - mmseg - INFO - Iter [56700/160000]	lr: 5.139e-06, eta: 1 day, 0:03:21, time: 0.690, data_time: 0.346, memory: 22330, decode.loss_seg: 0.0928, decode.acc_seg: 81.4317, aux.loss_seg: 0.0623, aux.acc_seg: 79.0955, loss: 0.1551
2026-04-22 23:46:49,119 - mmseg - INFO - Iter [56750/160000]	lr: 5.136e-06, eta: 1 day, 0:02:26, time: 0.695, data_time: 0.318, memory: 22330, decode.loss_seg: 0.0887, decode.acc_seg: 81.3357, aux.loss_seg: 0.0602, aux.acc_seg: 79.0377, loss: 0.1489
2026-04-22 23:47:04,417 - mmseg - INFO - Iter [56800/160000]	lr: 5.134e-06, eta: 1 day, 0:00:56, time: 0.306, data_time: 0.003, memory: 22330, decode.loss_seg: 0.0888, decode.acc_seg: 83.0347, aux.loss_seg: 0.0603, aux.acc_seg: 80.7736, loss: 0.1491
2026-04-22 23:47:38,397 - mmseg - INFO - Iter [56850/160000]	lr: 5.131e-06, eta: 1 day, 0:00:00, time: 0.680, data_time: 0.337, memory: 22330, decode.loss_seg: 0.0875, decode.acc_seg: 82.0315, aux.loss_seg: 0.0592, aux.acc_seg: 79.7610, loss: 0.1467
2026-04-22 23:47:53,690 - mmseg - INFO - Iter [56900/160000]	lr: 5.129e-06, eta: 23:58:30, time: 0.306, data_time: 0.004, memory: 22330, decode.loss_seg: 0.0857, decode.acc_seg: 82.2271, aux.loss_seg: 0.0596, aux.acc_seg: 79.9491, loss: 0.1453
2026-04-22 23:48:28,444 - mmseg - INFO - Iter [56950/160000]	lr: 5.126e-06, eta: 23:57:35, time: 0.695, data_time: 0.389, memory: 22330, decode.loss_seg: 0.0848, decode.acc_seg: 81.5261, aux.loss_seg: 0.0592, aux.acc_seg: 79.2225, loss: 0.1439
2026-04-22 23:49:03,430 - mmseg - INFO - Exp name: pixel_upernet_itpn_base_12_512_slide_160k_air_polarsar2_amp_linux.py
2026-04-22 23:49:03,430 - mmseg - INFO - Iter [57000/160000]	lr: 5.124e-06, eta: 23:56:41, time: 0.700, data_time: 0.378, memory: 22330, decode.loss_seg: 0.0873, decode.acc_seg: 82.2702, aux.loss_seg: 0.0603, aux.acc_seg: 79.9394, loss: 0.1476
2026-04-22 23:49:18,754 - mmseg - INFO - Iter [57050/160000]	lr: 5.121e-06, eta: 23:55:11, time: 0.306, data_time: 0.004, memory: 22330, decode.loss_seg: 0.0896, decode.acc_seg: 82.0010, aux.loss_seg: 0.0607, aux.acc_seg: 79.6993, loss: 0.1504
2026-04-22 23:49:54,017 - mmseg - INFO - Iter [57100/160000]	lr: 5.119e-06, eta: 23:54:17, time: 0.705, data_time: 0.379, memory: 22330, decode.loss_seg: 0.0852, decode.acc_seg: 82.8692, aux.loss_seg: 0.0594, aux.acc_seg: 80.5594, loss: 0.1446
2026-04-22 23:50:29,002 - mmseg - INFO - Iter [57150/160000]	lr: 5.116e-06, eta: 23:53:23, time: 0.700, data_time: 0.389, memory: 22330, decode.loss_seg: 0.0871, decode.acc_seg: 83.0701, aux.loss_seg: 0.0632, aux.acc_seg: 80.5200, loss: 0.1502
2026-04-22 23:50:44,306 - mmseg - INFO - Iter [57200/160000]	lr: 5.114e-06, eta: 23:51:54, time: 0.306, data_time: 0.004, memory: 22330, decode.loss_seg: 0.0868, decode.acc_seg: 82.9432, aux.loss_seg: 0.0601, aux.acc_seg: 80.6394, loss: 0.1469
2026-04-22 23:51:19,594 - mmseg - INFO - Iter [57250/160000]	lr: 5.111e-06, eta: 23:51:00, time: 0.706, data_time: 0.354, memory: 22330, decode.loss_seg: 0.0910, decode.acc_seg: 82.4936, aux.loss_seg: 0.0646, aux.acc_seg: 80.0253, loss: 0.1557
2026-04-22 23:51:54,074 - mmseg - INFO - Iter [57300/160000]	lr: 5.109e-06, eta: 23:50:06, time: 0.689, data_time: 0.370, memory: 22330, decode.loss_seg: 0.0848, decode.acc_seg: 81.9994, aux.loss_seg: 0.0591, aux.acc_seg: 79.7247, loss: 0.1439
2026-04-22 23:52:09,423 - mmseg - INFO - Iter [57350/160000]	lr: 5.106e-06, eta: 23:48:36, time: 0.307, data_time: 0.004, memory: 22330, decode.loss_seg: 0.0900, decode.acc_seg: 81.7935, aux.loss_seg: 0.0624, aux.acc_seg: 79.3626, loss: 0.1524
2026-04-22 23:52:44,071 - mmseg - INFO - Iter [57400/160000]	lr: 5.104e-06, eta: 23:47:42, time: 0.693, data_time: 0.337, memory: 22330, decode.loss_seg: 0.0889, decode.acc_seg: 81.2039, aux.loss_seg: 0.0645, aux.acc_seg: 78.6462, loss: 0.1534
2026-04-22 23:53:18,509 - mmseg - INFO - Iter [57450/160000]	lr: 5.101e-06, eta: 23:46:47, time: 0.689, data_time: 0.314, memory: 22330, decode.loss_seg: 0.0893, decode.acc_seg: 82.2347, aux.loss_seg: 0.0608, aux.acc_seg: 79.9248, loss: 0.1501
2026-04-22 23:53:33,835 - mmseg - INFO - Iter [57500/160000]	lr: 5.099e-06, eta: 23:45:18, time: 0.307, data_time: 0.004, memory: 22330, decode.loss_seg: 0.0859, decode.acc_seg: 82.2495, aux.loss_seg: 0.0587, aux.acc_seg: 80.0161, loss: 0.1446
2026-04-22 23:54:08,785 - mmseg - INFO - Iter [57550/160000]	lr: 5.096e-06, eta: 23:44:25, time: 0.699, data_time: 0.356, memory: 22330, decode.loss_seg: 0.0845, decode.acc_seg: 82.6357, aux.loss_seg: 0.0581, aux.acc_seg: 80.4031, loss: 0.1426
2026-04-22 23:54:43,822 - mmseg - INFO - Iter [57600/160000]	lr: 5.094e-06, eta: 23:43:31, time: 0.701, data_time: 0.370, memory: 22330, decode.loss_seg: 0.0898, decode.acc_seg: 82.4336, aux.loss_seg: 0.0618, aux.acc_seg: 80.0436, loss: 0.1516
2026-04-22 23:54:59,140 - mmseg - INFO - Iter [57650/160000]	lr: 5.091e-06, eta: 23:42:03, time: 0.307, data_time: 0.004, memory: 22330, decode.loss_seg: 0.0845, decode.acc_seg: 82.5743, aux.loss_seg: 0.0584, aux.acc_seg: 80.3159, loss: 0.1430
2026-04-22 23:55:33,786 - mmseg - INFO - Iter [57700/160000]	lr: 5.089e-06, eta: 23:41:08, time: 0.693, data_time: 0.379, memory: 22330, decode.loss_seg: 0.0850, decode.acc_seg: 81.5186, aux.loss_seg: 0.0587, aux.acc_seg: 79.2562, loss: 0.1437
2026-04-22 23:55:49,067 - mmseg - INFO - Iter [57750/160000]	lr: 5.086e-06, eta: 23:39:40, time: 0.306, data_time: 0.004, memory: 22330, decode.loss_seg: 0.0867, decode.acc_seg: 81.7616, aux.loss_seg: 0.0609, aux.acc_seg: 79.3930, loss: 0.1476
2026-04-22 23:56:25,191 - mmseg - INFO - Iter [57800/160000]	lr: 5.084e-06, eta: 23:38:49, time: 0.722, data_time: 0.365, memory: 22330, decode.loss_seg: 0.0827, decode.acc_seg: 82.1914, aux.loss_seg: 0.0573, aux.acc_seg: 80.0024, loss: 0.1400
2026-04-22 23:57:00,720 - mmseg - INFO - Iter [57850/160000]	lr: 5.081e-06, eta: 23:37:56, time: 0.710, data_time: 0.354, memory: 22330, decode.loss_seg: 0.0926, decode.acc_seg: 81.4417, aux.loss_seg: 0.0627, aux.acc_seg: 79.0775, loss: 0.1553
2026-04-22 23:57:16,042 - mmseg - INFO - Iter [57900/160000]	lr: 5.079e-06, eta: 23:36:28, time: 0.307, data_time: 0.004, memory: 22330, decode.loss_seg: 0.0893, decode.acc_seg: 82.4007, aux.loss_seg: 0.0611, aux.acc_seg: 80.1111, loss: 0.1504
2026-04-22 23:57:49,975 - mmseg - INFO - Iter [57950/160000]	lr: 5.076e-06, eta: 23:35:33, time: 0.679, data_time: 0.364, memory: 22330, decode.loss_seg: 0.0892, decode.acc_seg: 83.4098, aux.loss_seg: 0.0617, aux.acc_seg: 81.0069, loss: 0.1509
2026-04-22 23:58:37,169 - mmseg - INFO - per class results:
2026-04-22 23:58:37,170 - mmseg - INFO - 
+------------+-------+-------+
| Class      | IoU   | Acc   |
+------------+-------+-------+
| housing    | 92.06 | 96.83 |
| industrial | 89.48 | 94.11 |
| natural    | 79.63 | 82.9  |
| land_use   | 68.22 | 76.22 |
| water      | 89.8  | 96.06 |
| other      | 95.1  | 98.91 |
+------------+-------+-------+
2026-04-22 23:58:37,170 - mmseg - INFO - Summary:
2026-04-22 23:58:37,170 - mmseg - INFO - 
+--------+-------+-------+-------+
| Scope  | mIoU  | mAcc  | aAcc  |
+--------+-------+-------+-------+
| global | 85.72 | 90.84 | 93.66 |
+--------+-------+-------+-------+
2026-04-22 23:58:37,203 - mmseg - INFO - Exp name: pixel_upernet_itpn_base_12_512_slide_160k_air_polarsar2_amp_linux.py
2026-04-22 23:58:37,203 - mmseg - INFO - Iter [58000/160000]	lr: 5.074e-06, eta: 23:52:21, time: 12.775, data_time: 0.000, memory: 22330, mIoU: 0.8572, mAcc: 0.9084, aAcc: 0.9366
2026-04-22 23:58:52,579 - mmseg - INFO - Iter [58050/160000]	lr: 5.071e-06, eta: 23:50:52, time: 0.307, data_time: 0.004, memory: 22330, decode.loss_seg: 0.0844, decode.acc_seg: 81.6741, aux.loss_seg: 0.0592, aux.acc_seg: 79.3280, loss: 0.1436
2026-04-22 23:59:25,755 - mmseg - INFO - Iter [58100/160000]	lr: 5.069e-06, eta: 23:49:54, time: 0.664, data_time: 0.354, memory: 22330, decode.loss_seg: 0.0885, decode.acc_seg: 82.8531, aux.loss_seg: 0.0606, aux.acc_seg: 80.5585, loss: 0.1492
2026-04-23 00:00:01,028 - mmseg - INFO - Iter [58150/160000]	lr: 5.067e-06, eta: 23:49:00, time: 0.705, data_time: 0.350, memory: 22330, decode.loss_seg: 0.0886, decode.acc_seg: 83.3208, aux.loss_seg: 0.0602, aux.acc_seg: 81.0341, loss: 0.1487
2026-04-23 00:00:16,414 - mmseg - INFO - Iter [58200/160000]	lr: 5.064e-06, eta: 23:47:32, time: 0.308, data_time: 0.003, memory: 22330, decode.loss_seg: 0.0878, decode.acc_seg: 82.0814, aux.loss_seg: 0.0609, aux.acc_seg: 79.7064, loss: 0.1487
2026-04-23 00:00:52,043 - mmseg - INFO - Iter [58250/160000]	lr: 5.062e-06, eta: 23:46:38, time: 0.713, data_time: 0.367, memory: 22330, decode.loss_seg: 0.0859, decode.acc_seg: 82.9929, aux.loss_seg: 0.0591, aux.acc_seg: 80.7232, loss: 0.1450
2026-04-23 00:01:27,241 - mmseg - INFO - Iter [58300/160000]	lr: 5.059e-06, eta: 23:45:44, time: 0.704, data_time: 0.377, memory: 22330, decode.loss_seg: 0.0905, decode.acc_seg: 82.2010, aux.loss_seg: 0.0606, aux.acc_seg: 79.9963, loss: 0.1511
2026-04-23 00:01:42,535 - mmseg - INFO - Iter [58350/160000]	lr: 5.057e-06, eta: 23:44:16, time: 0.306, data_time: 0.005, memory: 22330, decode.loss_seg: 0.0883, decode.acc_seg: 82.9284, aux.loss_seg: 0.0614, aux.acc_seg: 80.5469, loss: 0.1498
2026-04-23 00:02:17,990 - mmseg - INFO - Iter [58400/160000]	lr: 5.054e-06, eta: 23:43:22, time: 0.709, data_time: 0.405, memory: 22330, decode.loss_seg: 0.0903, decode.acc_seg: 83.2031, aux.loss_seg: 0.0654, aux.acc_seg: 80.6934, loss: 0.1557
2026-04-23 00:02:53,861 - mmseg - INFO - Iter [58450/160000]	lr: 5.052e-06, eta: 23:42:29, time: 0.717, data_time: 0.366, memory: 22330, decode.loss_seg: 0.0902, decode.acc_seg: 83.7300, aux.loss_seg: 0.0615, aux.acc_seg: 81.3732, loss: 0.1517
2026-04-23 00:03:09,237 - mmseg - INFO - Iter [58500/160000]	lr: 5.049e-06, eta: 23:41:01, time: 0.308, data_time: 0.004, memory: 22330, decode.loss_seg: 0.0852, decode.acc_seg: 82.2629, aux.loss_seg: 0.0593, aux.acc_seg: 79.8969, loss: 0.1445
2026-04-23 00:03:43,760 - mmseg - INFO - Iter [58550/160000]	lr: 5.047e-06, eta: 23:40:06, time: 0.690, data_time: 0.348, memory: 22330, decode.loss_seg: 0.0900, decode.acc_seg: 81.6961, aux.loss_seg: 0.0652, aux.acc_seg: 79.0963, loss: 0.1552
2026-04-23 00:04:18,097 - mmseg - INFO - Iter [58600/160000]	lr: 5.044e-06, eta: 23:39:11, time: 0.687, data_time: 0.383, memory: 22330, decode.loss_seg: 0.0867, decode.acc_seg: 82.6650, aux.loss_seg: 0.0593, aux.acc_seg: 80.3834, loss: 0.1461
2026-04-23 00:04:33,436 - mmseg - INFO - Iter [58650/160000]	lr: 5.042e-06, eta: 23:37:43, time: 0.307, data_time: 0.004, memory: 22330, decode.loss_seg: 0.0877, decode.acc_seg: 83.1685, aux.loss_seg: 0.0597, aux.acc_seg: 80.8396, loss: 0.1474
2026-04-23 00:05:08,578 - mmseg - INFO - Iter [58700/160000]	lr: 5.039e-06, eta: 23:36:49, time: 0.703, data_time: 0.329, memory: 22330, decode.loss_seg: 0.0940, decode.acc_seg: 82.1523, aux.loss_seg: 0.0621, aux.acc_seg: 79.9684, loss: 0.1561
2026-04-23 00:05:23,927 - mmseg - INFO - Iter [58750/160000]	lr: 5.037e-06, eta: 23:35:21, time: 0.307, data_time: 0.004, memory: 22330, decode.loss_seg: 0.0882, decode.acc_seg: 81.9247, aux.loss_seg: 0.0606, aux.acc_seg: 79.5722, loss: 0.1488
2026-04-23 00:05:58,977 - mmseg - INFO - Iter [58800/160000]	lr: 5.034e-06, eta: 23:34:28, time: 0.701, data_time: 0.378, memory: 22330, decode.loss_seg: 0.0865, decode.acc_seg: 82.6700, aux.loss_seg: 0.0594, aux.acc_seg: 80.4357, loss: 0.1459
2026-04-23 00:06:34,587 - mmseg - INFO - Iter [58850/160000]	lr: 5.032e-06, eta: 23:33:35, time: 0.712, data_time: 0.368, memory: 22330, decode.loss_seg: 0.0931, decode.acc_seg: 81.6608, aux.loss_seg: 0.0602, aux.acc_seg: 79.4775, loss: 0.1533
2026-04-23 00:06:49,965 - mmseg - INFO - Iter [58900/160000]	lr: 5.029e-06, eta: 23:32:07, time: 0.308, data_time: 0.004, memory: 22330, decode.loss_seg: 0.0836, decode.acc_seg: 81.8463, aux.loss_seg: 0.0587, aux.acc_seg: 79.4550, loss: 0.1423
2026-04-23 00:07:25,402 - mmseg - INFO - Iter [58950/160000]	lr: 5.027e-06, eta: 23:31:14, time: 0.709, data_time: 0.371, memory: 22330, decode.loss_seg: 0.0850, decode.acc_seg: 82.4082, aux.loss_seg: 0.0590, aux.acc_seg: 80.1254, loss: 0.1441
2026-04-23 00:07:59,638 - mmseg - INFO - Exp name: pixel_upernet_itpn_base_12_512_slide_160k_air_polarsar2_amp_linux.py
2026-04-23 00:07:59,639 - mmseg - INFO - Iter [59000/160000]	lr: 5.024e-06, eta: 23:30:19, time: 0.685, data_time: 0.369, memory: 22330, decode.loss_seg: 0.0864, decode.acc_seg: 82.9496, aux.loss_seg: 0.0598, aux.acc_seg: 80.6058, loss: 0.1463
2026-04-23 00:08:14,947 - mmseg - INFO - Iter [59050/160000]	lr: 5.022e-06, eta: 23:28:52, time: 0.306, data_time: 0.004, memory: 22330, decode.loss_seg: 0.0833, decode.acc_seg: 80.9156, aux.loss_seg: 0.0595, aux.acc_seg: 78.4910, loss: 0.1428
2026-04-23 00:08:49,889 - mmseg - INFO - Iter [59100/160000]	lr: 5.019e-06, eta: 23:27:58, time: 0.699, data_time: 0.387, memory: 22330, decode.loss_seg: 0.0831, decode.acc_seg: 82.4341, aux.loss_seg: 0.0574, aux.acc_seg: 80.1525, loss: 0.1405
2026-04-23 00:09:24,044 - mmseg - INFO - Iter [59150/160000]	lr: 5.017e-06, eta: 23:27:03, time: 0.683, data_time: 0.363, memory: 22330, decode.loss_seg: 0.0886, decode.acc_seg: 81.7656, aux.loss_seg: 0.0607, aux.acc_seg: 79.4331, loss: 0.1494
2026-04-23 00:09:39,393 - mmseg - INFO - Iter [59200/160000]	lr: 5.014e-06, eta: 23:25:36, time: 0.307, data_time: 0.004, memory: 22330, decode.loss_seg: 0.0848, decode.acc_seg: 83.0272, aux.loss_seg: 0.0591, aux.acc_seg: 80.6922, loss: 0.1439
2026-04-23 00:10:14,303 - mmseg - INFO - Iter [59250/160000]	lr: 5.012e-06, eta: 23:24:43, time: 0.698, data_time: 0.388, memory: 22330, decode.loss_seg: 0.0794, decode.acc_seg: 81.7582, aux.loss_seg: 0.0563, aux.acc_seg: 79.5066, loss: 0.1356
2026-04-23 00:10:49,315 - mmseg - INFO - Iter [59300/160000]	lr: 5.009e-06, eta: 23:23:49, time: 0.700, data_time: 0.364, memory: 22330, decode.loss_seg: 0.0826, decode.acc_seg: 81.7073, aux.loss_seg: 0.0571, aux.acc_seg: 79.4463, loss: 0.1397
2026-04-23 00:11:04,668 - mmseg - INFO - Iter [59350/160000]	lr: 5.007e-06, eta: 23:22:22, time: 0.307, data_time: 0.004, memory: 22330, decode.loss_seg: 0.0938, decode.acc_seg: 82.2427, aux.loss_seg: 0.0632, aux.acc_seg: 79.8641, loss: 0.1570
2026-04-23 00:11:38,198 - mmseg - INFO - Iter [59400/160000]	lr: 5.004e-06, eta: 23:21:27, time: 0.670, data_time: 0.329, memory: 22330, decode.loss_seg: 0.0896, decode.acc_seg: 84.1741, aux.loss_seg: 0.0626, aux.acc_seg: 81.8480, loss: 0.1521
2026-04-23 00:12:14,213 - mmseg - INFO - Iter [59450/160000]	lr: 5.002e-06, eta: 23:20:35, time: 0.720, data_time: 0.368, memory: 22330, decode.loss_seg: 0.0857, decode.acc_seg: 82.8554, aux.loss_seg: 0.0598, aux.acc_seg: 80.4778, loss: 0.1455
2026-04-23 00:12:29,569 - mmseg - INFO - Iter [59500/160000]	lr: 4.999e-06, eta: 23:19:09, time: 0.307, data_time: 0.003, memory: 22330, decode.loss_seg: 0.0830, decode.acc_seg: 82.1312, aux.loss_seg: 0.0576, aux.acc_seg: 79.8905, loss: 0.1406
2026-04-23 00:13:03,894 - mmseg - INFO - Iter [59550/160000]	lr: 4.997e-06, eta: 23:18:14, time: 0.686, data_time: 0.363, memory: 22330, decode.loss_seg: 0.0860, decode.acc_seg: 83.5565, aux.loss_seg: 0.0590, aux.acc_seg: 81.3370, loss: 0.1450
2026-04-23 00:13:38,730 - mmseg - INFO - Iter [59600/160000]	lr: 4.994e-06, eta: 23:17:21, time: 0.697, data_time: 0.373, memory: 22330, decode.loss_seg: 0.0843, decode.acc_seg: 82.8695, aux.loss_seg: 0.0593, aux.acc_seg: 80.4017, loss: 0.1437
2026-04-23 00:13:54,037 - mmseg - INFO - Iter [59650/160000]	lr: 4.992e-06, eta: 23:15:55, time: 0.306, data_time: 0.005, memory: 22330, decode.loss_seg: 0.0843, decode.acc_seg: 84.1476, aux.loss_seg: 0.0576, aux.acc_seg: 81.9055, loss: 0.1419
2026-04-23 00:14:29,016 - mmseg - INFO - Iter [59700/160000]	lr: 4.989e-06, eta: 23:15:02, time: 0.699, data_time: 0.388, memory: 22330, decode.loss_seg: 0.0821, decode.acc_seg: 81.5521, aux.loss_seg: 0.0561, aux.acc_seg: 79.3890, loss: 0.1382
2026-04-23 00:14:44,302 - mmseg - INFO - Iter [59750/160000]	lr: 4.987e-06, eta: 23:13:36, time: 0.306, data_time: 0.005, memory: 22330, decode.loss_seg: 0.0826, decode.acc_seg: 82.1630, aux.loss_seg: 0.0573, aux.acc_seg: 79.9173, loss: 0.1398
2026-04-23 00:15:19,130 - mmseg - INFO - Iter [59800/160000]	lr: 4.984e-06, eta: 23:12:42, time: 0.696, data_time: 0.381, memory: 22330, decode.loss_seg: 0.0829, decode.acc_seg: 82.0680, aux.loss_seg: 0.0580, aux.acc_seg: 79.7611, loss: 0.1409
2026-04-23 00:15:54,072 - mmseg - INFO - Iter [59850/160000]	lr: 4.982e-06, eta: 23:11:49, time: 0.699, data_time: 0.373, memory: 22330, decode.loss_seg: 0.0830, decode.acc_seg: 82.5071, aux.loss_seg: 0.0599, aux.acc_seg: 80.0565, loss: 0.1429
2026-04-23 00:16:09,428 - mmseg - INFO - Iter [59900/160000]	lr: 4.979e-06, eta: 23:10:24, time: 0.307, data_time: 0.003, memory: 22330, decode.loss_seg: 0.0846, decode.acc_seg: 82.4952, aux.loss_seg: 0.0609, aux.acc_seg: 80.1295, loss: 0.1455
2026-04-23 00:16:44,616 - mmseg - INFO - Iter [59950/160000]	lr: 4.977e-06, eta: 23:09:31, time: 0.704, data_time: 0.364, memory: 22330, decode.loss_seg: 0.0873, decode.acc_seg: 81.9243, aux.loss_seg: 0.0639, aux.acc_seg: 79.4298, loss: 0.1513
2026-04-23 00:17:30,118 - mmseg - INFO - per class results:
2026-04-23 00:17:30,118 - mmseg - INFO - 
+------------+-------+-------+
| Class      | IoU   | Acc   |
+------------+-------+-------+
| housing    | 92.77 | 95.71 |
| industrial | 90.13 | 94.98 |
| natural    | 80.82 | 84.44 |
| land_use   | 68.65 | 76.17 |
| water      | 90.09 | 96.29 |
| other      | 96.5  | 98.82 |
+------------+-------+-------+
2026-04-23 00:17:30,118 - mmseg - INFO - Summary:
2026-04-23 00:17:30,118 - mmseg - INFO - 
+--------+-------+-------+-------+
| Scope  | mIoU  | mAcc  | aAcc  |
+--------+-------+-------+-------+
| global | 86.49 | 91.07 | 93.96 |
+--------+-------+-------+-------+
2026-04-23 00:17:30,143 - mmseg - INFO - Exp name: pixel_upernet_itpn_base_12_512_slide_160k_air_polarsar2_amp_linux.py
2026-04-23 00:17:30,144 - mmseg - INFO - Iter [60000/160000]	lr: 4.974e-06, eta: 23:23:48, time: 11.619, data_time: 0.000, memory: 22330, mIoU: 0.8649, mAcc: 0.9107, aAcc: 0.9396
2026-04-23 00:17:45,485 - mmseg - INFO - Iter [60050/160000]	lr: 4.972e-06, eta: 23:22:22, time: 0.307, data_time: 0.004, memory: 22330, decode.loss_seg: 0.0925, decode.acc_seg: 83.3551, aux.loss_seg: 0.0613, aux.acc_seg: 81.0518, loss: 0.1538
2026-04-23 00:18:20,273 - mmseg - INFO - Iter [60100/160000]	lr: 4.970e-06, eta: 23:21:27, time: 0.696, data_time: 0.370, memory: 22330, decode.loss_seg: 0.0888, decode.acc_seg: 84.0549, aux.loss_seg: 0.0593, aux.acc_seg: 81.8300, loss: 0.1481
2026-04-23 00:18:54,866 - mmseg - INFO - Iter [60150/160000]	lr: 4.967e-06, eta: 23:20:33, time: 0.692, data_time: 0.359, memory: 22330, decode.loss_seg: 0.0857, decode.acc_seg: 82.3764, aux.loss_seg: 0.0589, aux.acc_seg: 80.0735, loss: 0.1446
2026-04-23 00:19:10,295 - mmseg - INFO - Iter [60200/160000]	lr: 4.965e-06, eta: 23:19:07, time: 0.308, data_time: 0.004, memory: 22330, decode.loss_seg: 0.0821, decode.acc_seg: 83.5280, aux.loss_seg: 0.0576, aux.acc_seg: 81.2280, loss: 0.1398
2026-04-23 00:19:45,184 - mmseg - INFO - Iter [60250/160000]	lr: 4.962e-06, eta: 23:18:13, time: 0.698, data_time: 0.377, memory: 22330, decode.loss_seg: 0.0838, decode.acc_seg: 82.4953, aux.loss_seg: 0.0587, aux.acc_seg: 80.1098, loss: 0.1425
2026-04-23 00:20:19,643 - mmseg - INFO - Iter [60300/160000]	lr: 4.960e-06, eta: 23:17:18, time: 0.689, data_time: 0.372, memory: 22330, decode.loss_seg: 0.0917, decode.acc_seg: 83.5031, aux.loss_seg: 0.0616, aux.acc_seg: 81.2480, loss: 0.1533
2026-04-23 00:20:35,020 - mmseg - INFO - Iter [60350/160000]	lr: 4.957e-06, eta: 23:15:52, time: 0.307, data_time: 0.004, memory: 22330, decode.loss_seg: 0.0832, decode.acc_seg: 82.9106, aux.loss_seg: 0.0570, aux.acc_seg: 80.7037, loss: 0.1402
2026-04-23 00:21:09,178 - mmseg - INFO - Iter [60400/160000]	lr: 4.955e-06, eta: 23:14:57, time: 0.683, data_time: 0.343, memory: 22330, decode.loss_seg: 0.0818, decode.acc_seg: 82.8042, aux.loss_seg: 0.0576, aux.acc_seg: 80.4940, loss: 0.1394
2026-04-23 00:21:45,000 - mmseg - INFO - Iter [60450/160000]	lr: 4.952e-06, eta: 23:14:05, time: 0.716, data_time: 0.375, memory: 22330, decode.loss_seg: 0.0842, decode.acc_seg: 81.9540, aux.loss_seg: 0.0585, aux.acc_seg: 79.6371, loss: 0.1427
2026-04-23 00:22:00,377 - mmseg - INFO - Iter [60500/160000]	lr: 4.950e-06, eta: 23:12:39, time: 0.307, data_time: 0.003, memory: 22330, decode.loss_seg: 0.0842, decode.acc_seg: 80.9908, aux.loss_seg: 0.0577, aux.acc_seg: 78.7605, loss: 0.1419
2026-04-23 00:22:35,755 - mmseg - INFO - Iter [60550/160000]	lr: 4.947e-06, eta: 23:11:46, time: 0.707, data_time: 0.361, memory: 22330, decode.loss_seg: 0.0796, decode.acc_seg: 82.9769, aux.loss_seg: 0.0578, aux.acc_seg: 80.5848, loss: 0.1375
2026-04-23 00:23:09,972 - mmseg - INFO - Iter [60600/160000]	lr: 4.945e-06, eta: 23:10:51, time: 0.684, data_time: 0.324, memory: 22330, decode.loss_seg: 0.0875, decode.acc_seg: 82.9286, aux.loss_seg: 0.0600, aux.acc_seg: 80.6038, loss: 0.1474
2026-04-23 00:23:25,399 - mmseg - INFO - Iter [60650/160000]	lr: 4.942e-06, eta: 23:09:26, time: 0.309, data_time: 0.004, memory: 22330, decode.loss_seg: 0.0810, decode.acc_seg: 83.3966, aux.loss_seg: 0.0565, aux.acc_seg: 81.1756, loss: 0.1375
2026-04-23 00:24:00,309 - mmseg - INFO - Iter [60700/160000]	lr: 4.940e-06, eta: 23:08:32, time: 0.698, data_time: 0.375, memory: 22330, decode.loss_seg: 0.0852, decode.acc_seg: 82.5796, aux.loss_seg: 0.0584, aux.acc_seg: 80.2840, loss: 0.1436
2026-04-23 00:24:15,741 - mmseg - INFO - Iter [60750/160000]	lr: 4.937e-06, eta: 23:07:07, time: 0.308, data_time: 0.003, memory: 22330, decode.loss_seg: 0.0833, decode.acc_seg: 82.2796, aux.loss_seg: 0.0596, aux.acc_seg: 79.9616, loss: 0.1429
2026-04-23 00:24:49,808 - mmseg - INFO - Iter [60800/160000]	lr: 4.935e-06, eta: 23:06:12, time: 0.681, data_time: 0.330, memory: 22330, decode.loss_seg: 0.0835, decode.acc_seg: 83.4759, aux.loss_seg: 0.0586, aux.acc_seg: 81.1620, loss: 0.1421
2026-04-23 00:25:24,539 - mmseg - INFO - Iter [60850/160000]	lr: 4.932e-06, eta: 23:05:19, time: 0.695, data_time: 0.387, memory: 22330, decode.loss_seg: 0.0873, decode.acc_seg: 81.4767, aux.loss_seg: 0.0594, aux.acc_seg: 79.1722, loss: 0.1467
2026-04-23 00:25:39,890 - mmseg - INFO - Iter [60900/160000]	lr: 4.930e-06, eta: 23:03:54, time: 0.307, data_time: 0.004, memory: 22330, decode.loss_seg: 0.0836, decode.acc_seg: 81.5769, aux.loss_seg: 0.0611, aux.acc_seg: 79.0104, loss: 0.1447
2026-04-23 00:26:15,010 - mmseg - INFO - Iter [60950/160000]	lr: 4.927e-06, eta: 23:03:01, time: 0.703, data_time: 0.379, memory: 22330, decode.loss_seg: 0.0821, decode.acc_seg: 82.5782, aux.loss_seg: 0.0580, aux.acc_seg: 80.2858, loss: 0.1401
2026-04-23 00:26:48,805 - mmseg - INFO - Exp name: pixel_upernet_itpn_base_12_512_slide_160k_air_polarsar2_amp_linux.py
2026-04-23 00:26:48,805 - mmseg - INFO - Iter [61000/160000]	lr: 4.925e-06, eta: 23:02:06, time: 0.676, data_time: 0.334, memory: 22330, decode.loss_seg: 0.0857, decode.acc_seg: 83.9528, aux.loss_seg: 0.0588, aux.acc_seg: 81.6653, loss: 0.1445
2026-04-23 00:27:04,117 - mmseg - INFO - Iter [61050/160000]	lr: 4.922e-06, eta: 23:00:41, time: 0.306, data_time: 0.004, memory: 22330, decode.loss_seg: 0.0850, decode.acc_seg: 83.7703, aux.loss_seg: 0.0583, aux.acc_seg: 81.5007, loss: 0.1433
2026-04-23 00:27:38,673 - mmseg - INFO - Iter [61100/160000]	lr: 4.920e-06, eta: 22:59:47, time: 0.691, data_time: 0.388, memory: 22330, decode.loss_seg: 0.0821, decode.acc_seg: 82.6696, aux.loss_seg: 0.0563, aux.acc_seg: 80.4717, loss: 0.1384
2026-04-23 00:28:13,540 - mmseg - INFO - Iter [61150/160000]	lr: 4.917e-06, eta: 22:58:54, time: 0.697, data_time: 0.356, memory: 22330, decode.loss_seg: 0.0856, decode.acc_seg: 82.3083, aux.loss_seg: 0.0583, aux.acc_seg: 80.0306, loss: 0.1440
2026-04-23 00:28:28,809 - mmseg - INFO - Iter [61200/160000]	lr: 4.915e-06, eta: 22:57:29, time: 0.305, data_time: 0.003, memory: 22330, decode.loss_seg: 0.0828, decode.acc_seg: 80.7526, aux.loss_seg: 0.0571, aux.acc_seg: 78.4992, loss: 0.1398
2026-04-23 00:29:04,237 - mmseg - INFO - Iter [61250/160000]	lr: 4.912e-06, eta: 22:56:37, time: 0.709, data_time: 0.406, memory: 22330, decode.loss_seg: 0.0807, decode.acc_seg: 83.6522, aux.loss_seg: 0.0565, aux.acc_seg: 81.3842, loss: 0.1373
2026-04-23 00:29:38,610 - mmseg - INFO - Iter [61300/160000]	lr: 4.910e-06, eta: 22:55:43, time: 0.687, data_time: 0.351, memory: 22330, decode.loss_seg: 0.0831, decode.acc_seg: 82.0237, aux.loss_seg: 0.0577, aux.acc_seg: 79.7683, loss: 0.1407
2026-04-23 00:29:53,896 - mmseg - INFO - Iter [61350/160000]	lr: 4.907e-06, eta: 22:54:19, time: 0.306, data_time: 0.004, memory: 22330, decode.loss_seg: 0.0851, decode.acc_seg: 82.8801, aux.loss_seg: 0.0591, aux.acc_seg: 80.5419, loss: 0.1442
2026-04-23 00:30:27,857 - mmseg - INFO - Iter [61400/160000]	lr: 4.905e-06, eta: 22:53:24, time: 0.679, data_time: 0.371, memory: 22330, decode.loss_seg: 0.0820, decode.acc_seg: 82.3938, aux.loss_seg: 0.0580, aux.acc_seg: 80.0726, loss: 0.1401
2026-04-23 00:31:02,731 - mmseg - INFO - Iter [61450/160000]	lr: 4.902e-06, eta: 22:52:31, time: 0.697, data_time: 0.364, memory: 22330, decode.loss_seg: 0.0868, decode.acc_seg: 82.2988, aux.loss_seg: 0.0602, aux.acc_seg: 79.9830, loss: 0.1470
2026-04-23 00:31:18,043 - mmseg - INFO - Iter [61500/160000]	lr: 4.900e-06, eta: 22:51:07, time: 0.306, data_time: 0.005, memory: 22330, decode.loss_seg: 0.0857, decode.acc_seg: 83.2736, aux.loss_seg: 0.0592, aux.acc_seg: 80.9896, loss: 0.1448
2026-04-23 00:31:51,606 - mmseg - INFO - Iter [61550/160000]	lr: 4.897e-06, eta: 22:50:12, time: 0.671, data_time: 0.358, memory: 22330, decode.loss_seg: 0.0840, decode.acc_seg: 82.8974, aux.loss_seg: 0.0605, aux.acc_seg: 80.4230, loss: 0.1445
2026-04-23 00:32:06,965 - mmseg - INFO - Iter [61600/160000]	lr: 4.895e-06, eta: 22:48:48, time: 0.307, data_time: 0.004, memory: 22330, decode.loss_seg: 0.0838, decode.acc_seg: 82.4346, aux.loss_seg: 0.0569, aux.acc_seg: 80.2211, loss: 0.1407
2026-04-23 00:32:41,544 - mmseg - INFO - Iter [61650/160000]	lr: 4.892e-06, eta: 22:47:55, time: 0.692, data_time: 0.381, memory: 22330, decode.loss_seg: 0.0847, decode.acc_seg: 83.9469, aux.loss_seg: 0.0619, aux.acc_seg: 81.4859, loss: 0.1466
2026-04-23 00:33:16,418 - mmseg - INFO - Iter [61700/160000]	lr: 4.890e-06, eta: 22:47:03, time: 0.698, data_time: 0.391, memory: 22330, decode.loss_seg: 0.0820, decode.acc_seg: 84.7256, aux.loss_seg: 0.0584, aux.acc_seg: 82.2695, loss: 0.1403
2026-04-23 00:33:31,748 - mmseg - INFO - Iter [61750/160000]	lr: 4.887e-06, eta: 22:45:39, time: 0.306, data_time: 0.004, memory: 22330, decode.loss_seg: 0.0850, decode.acc_seg: 81.0971, aux.loss_seg: 0.0592, aux.acc_seg: 78.7693, loss: 0.1442
2026-04-23 00:34:05,976 - mmseg - INFO - Iter [61800/160000]	lr: 4.885e-06, eta: 22:44:45, time: 0.685, data_time: 0.381, memory: 22330, decode.loss_seg: 0.0890, decode.acc_seg: 82.6095, aux.loss_seg: 0.0602, aux.acc_seg: 80.2712, loss: 0.1492
2026-04-23 00:34:40,892 - mmseg - INFO - Iter [61850/160000]	lr: 4.882e-06, eta: 22:43:53, time: 0.698, data_time: 0.338, memory: 22330, decode.loss_seg: 0.0813, decode.acc_seg: 82.2841, aux.loss_seg: 0.0576, aux.acc_seg: 79.9540, loss: 0.1390
2026-04-23 00:34:56,220 - mmseg - INFO - Iter [61900/160000]	lr: 4.880e-06, eta: 22:42:29, time: 0.307, data_time: 0.003, memory: 22330, decode.loss_seg: 0.0881, decode.acc_seg: 83.0450, aux.loss_seg: 0.0625, aux.acc_seg: 80.6582, loss: 0.1506
2026-04-23 00:35:30,182 - mmseg - INFO - Iter [61950/160000]	lr: 4.877e-06, eta: 22:41:36, time: 0.679, data_time: 0.331, memory: 22330, decode.loss_seg: 0.0929, decode.acc_seg: 81.8585, aux.loss_seg: 0.0623, aux.acc_seg: 79.5430, loss: 0.1552
2026-04-23 00:36:17,161 - mmseg - INFO - per class results:
2026-04-23 00:36:17,161 - mmseg - INFO - 
+------------+-------+-------+
| Class      | IoU   | Acc   |
+------------+-------+-------+
| housing    | 92.59 | 95.01 |
| industrial | 89.63 | 93.64 |
| natural    | 81.19 | 85.58 |
| land_use   | 68.02 | 74.99 |
| water      | 89.64 | 97.14 |
| other      | 94.52 | 99.28 |
+------------+-------+-------+
2026-04-23 00:36:17,162 - mmseg - INFO - Summary:
2026-04-23 00:36:17,162 - mmseg - INFO - 
+--------+-------+-------+------+
| Scope  | mIoU  | mAcc  | aAcc |
+--------+-------+-------+------+
| global | 85.93 | 90.94 | 93.7 |
+--------+-------+-------+------+
2026-04-23 00:36:17,189 - mmseg - INFO - Exp name: pixel_upernet_itpn_base_12_512_slide_160k_air_polarsar2_amp_linux.py
2026-04-23 00:36:17,189 - mmseg - INFO - Iter [62000/160000]	lr: 4.875e-06, eta: 22:55:23, time: 11.834, data_time: 0.000, memory: 22330, mIoU: 0.8593, mAcc: 0.9094, aAcc: 0.9370
2026-04-23 00:36:32,550 - mmseg - INFO - Iter [62050/160000]	lr: 4.872e-06, eta: 22:53:59, time: 0.307, data_time: 0.004, memory: 22330, decode.loss_seg: 0.0870, decode.acc_seg: 82.5406, aux.loss_seg: 0.0607, aux.acc_seg: 80.1781, loss: 0.1477
2026-04-23 00:37:07,678 - mmseg - INFO - Iter [62100/160000]	lr: 4.870e-06, eta: 22:53:06, time: 0.703, data_time: 0.387, memory: 22330, decode.loss_seg: 0.0847, decode.acc_seg: 83.6260, aux.loss_seg: 0.0596, aux.acc_seg: 81.2054, loss: 0.1443
2026-04-23 00:37:42,503 - mmseg - INFO - Iter [62150/160000]	lr: 4.868e-06, eta: 22:52:12, time: 0.696, data_time: 0.392, memory: 22330, decode.loss_seg: 0.0840, decode.acc_seg: 82.4544, aux.loss_seg: 0.0583, aux.acc_seg: 80.1248, loss: 0.1424
2026-04-23 00:37:57,862 - mmseg - INFO - Iter [62200/160000]	lr: 4.865e-06, eta: 22:50:48, time: 0.307, data_time: 0.004, memory: 22330, decode.loss_seg: 0.0802, decode.acc_seg: 82.3586, aux.loss_seg: 0.0569, aux.acc_seg: 80.0718, loss: 0.1371
2026-04-23 00:38:32,953 - mmseg - INFO - Iter [62250/160000]	lr: 4.863e-06, eta: 22:49:55, time: 0.702, data_time: 0.399, memory: 22330, decode.loss_seg: 0.0835, decode.acc_seg: 83.3934, aux.loss_seg: 0.0578, aux.acc_seg: 81.1391, loss: 0.1412
2026-04-23 00:39:08,618 - mmseg - INFO - Iter [62300/160000]	lr: 4.860e-06, eta: 22:49:03, time: 0.713, data_time: 0.373, memory: 22330, decode.loss_seg: 0.0817, decode.acc_seg: 81.7505, aux.loss_seg: 0.0571, aux.acc_seg: 79.4980, loss: 0.1388
2026-04-23 00:39:24,022 - mmseg - INFO - Iter [62350/160000]	lr: 4.858e-06, eta: 22:47:40, time: 0.308, data_time: 0.004, memory: 22330, decode.loss_seg: 0.0843, decode.acc_seg: 82.9388, aux.loss_seg: 0.0587, aux.acc_seg: 80.6287, loss: 0.1430
2026-04-23 00:39:59,806 - mmseg - INFO - Iter [62400/160000]	lr: 4.855e-06, eta: 22:46:48, time: 0.716, data_time: 0.390, memory: 22330, decode.loss_seg: 0.0797, decode.acc_seg: 83.2464, aux.loss_seg: 0.0555, aux.acc_seg: 81.0454, loss: 0.1352
2026-04-23 00:40:34,968 - mmseg - INFO - Iter [62450/160000]	lr: 4.853e-06, eta: 22:45:55, time: 0.703, data_time: 0.341, memory: 22330, decode.loss_seg: 0.0796, decode.acc_seg: 82.5094, aux.loss_seg: 0.0559, aux.acc_seg: 80.2434, loss: 0.1354
2026-04-23 00:40:50,326 - mmseg - INFO - Iter [62500/160000]	lr: 4.850e-06, eta: 22:44:32, time: 0.307, data_time: 0.004, memory: 22330, decode.loss_seg: 0.0817, decode.acc_seg: 83.4370, aux.loss_seg: 0.0575, aux.acc_seg: 81.1479, loss: 0.1392
2026-04-23 00:41:25,892 - mmseg - INFO - Iter [62550/160000]	lr: 4.848e-06, eta: 22:43:40, time: 0.711, data_time: 0.352, memory: 22330, decode.loss_seg: 0.0802, decode.acc_seg: 82.5011, aux.loss_seg: 0.0573, aux.acc_seg: 80.1147, loss: 0.1375
2026-04-23 00:41:41,259 - mmseg - INFO - Iter [62600/160000]	lr: 4.845e-06, eta: 22:42:16, time: 0.308, data_time: 0.004, memory: 22330, decode.loss_seg: 0.0845, decode.acc_seg: 83.0397, aux.loss_seg: 0.0577, aux.acc_seg: 80.8524, loss: 0.1422
2026-04-23 00:42:17,131 - mmseg - INFO - Iter [62650/160000]	lr: 4.843e-06, eta: 22:41:25, time: 0.717, data_time: 0.414, memory: 22330, decode.loss_seg: 0.0809, decode.acc_seg: 82.6544, aux.loss_seg: 0.0574, aux.acc_seg: 80.2985, loss: 0.1383
2026-04-23 00:42:51,839 - mmseg - INFO - Iter [62700/160000]	lr: 4.840e-06, eta: 22:40:32, time: 0.694, data_time: 0.384, memory: 22330, decode.loss_seg: 0.0809, decode.acc_seg: 84.5866, aux.loss_seg: 0.0563, aux.acc_seg: 82.3873, loss: 0.1371
2026-04-23 00:43:07,224 - mmseg - INFO - Iter [62750/160000]	lr: 4.838e-06, eta: 22:39:08, time: 0.308, data_time: 0.004, memory: 22330, decode.loss_seg: 0.0850, decode.acc_seg: 84.6296, aux.loss_seg: 0.0609, aux.acc_seg: 82.1735, loss: 0.1458
2026-04-23 00:43:41,512 - mmseg - INFO - Iter [62800/160000]	lr: 4.835e-06, eta: 22:38:15, time: 0.686, data_time: 0.341, memory: 22330, decode.loss_seg: 0.0783, decode.acc_seg: 81.0784, aux.loss_seg: 0.0547, aux.acc_seg: 78.8526, loss: 0.1330
2026-04-23 00:44:17,471 - mmseg - INFO - Iter [62850/160000]	lr: 4.833e-06, eta: 22:37:24, time: 0.719, data_time: 0.416, memory: 22330, decode.loss_seg: 0.0807, decode.acc_seg: 83.6125, aux.loss_seg: 0.0561, aux.acc_seg: 81.4211, loss: 0.1367
2026-04-23 00:44:32,905 - mmseg - INFO - Iter [62900/160000]	lr: 4.830e-06, eta: 22:36:01, time: 0.309, data_time: 0.004, memory: 22330, decode.loss_seg: 0.0815, decode.acc_seg: 84.0335, aux.loss_seg: 0.0572, aux.acc_seg: 81.7027, loss: 0.1387
2026-04-23 00:45:07,329 - mmseg - INFO - Iter [62950/160000]	lr: 4.828e-06, eta: 22:35:07, time: 0.688, data_time: 0.349, memory: 22330, decode.loss_seg: 0.0817, decode.acc_seg: 83.7170, aux.loss_seg: 0.0596, aux.acc_seg: 81.2532, loss: 0.1413
2026-04-23 00:45:42,549 - mmseg - INFO - Exp name: pixel_upernet_itpn_base_12_512_slide_160k_air_polarsar2_amp_linux.py
2026-04-23 00:45:42,549 - mmseg - INFO - Iter [63000/160000]	lr: 4.825e-06, eta: 22:34:15, time: 0.705, data_time: 0.397, memory: 22330, decode.loss_seg: 0.0797, decode.acc_seg: 83.4086, aux.loss_seg: 0.0551, aux.acc_seg: 81.2319, loss: 0.1348
2026-04-23 00:45:57,899 - mmseg - INFO - Iter [63050/160000]	lr: 4.823e-06, eta: 22:32:52, time: 0.307, data_time: 0.004, memory: 22330, decode.loss_seg: 0.0983, decode.acc_seg: 81.2157, aux.loss_seg: 0.0640, aux.acc_seg: 78.7922, loss: 0.1623
2026-04-23 00:46:32,921 - mmseg - INFO - Iter [63100/160000]	lr: 4.820e-06, eta: 22:32:00, time: 0.700, data_time: 0.399, memory: 22330, decode.loss_seg: 0.0877, decode.acc_seg: 82.1044, aux.loss_seg: 0.0600, aux.acc_seg: 79.8419, loss: 0.1476
2026-04-23 00:47:07,215 - mmseg - INFO - Iter [63150/160000]	lr: 4.818e-06, eta: 22:31:07, time: 0.686, data_time: 0.342, memory: 22330, decode.loss_seg: 0.0847, decode.acc_seg: 82.1965, aux.loss_seg: 0.0586, aux.acc_seg: 79.9318, loss: 0.1433
2026-04-23 00:47:22,478 - mmseg - INFO - Iter [63200/160000]	lr: 4.815e-06, eta: 22:29:44, time: 0.305, data_time: 0.003, memory: 22330, decode.loss_seg: 0.0812, decode.acc_seg: 82.9894, aux.loss_seg: 0.0573, aux.acc_seg: 80.6917, loss: 0.1384
2026-04-23 00:47:57,401 - mmseg - INFO - Iter [63250/160000]	lr: 4.813e-06, eta: 22:28:52, time: 0.699, data_time: 0.394, memory: 22330, decode.loss_seg: 0.0799, decode.acc_seg: 80.5414, aux.loss_seg: 0.0552, aux.acc_seg: 78.3369, loss: 0.1351
2026-04-23 00:48:31,932 - mmseg - INFO - Iter [63300/160000]	lr: 4.810e-06, eta: 22:27:59, time: 0.691, data_time: 0.378, memory: 22330, decode.loss_seg: 0.0843, decode.acc_seg: 83.9291, aux.loss_seg: 0.0581, aux.acc_seg: 81.6604, loss: 0.1424
2026-04-23 00:48:47,200 - mmseg - INFO - Iter [63350/160000]	lr: 4.808e-06, eta: 22:26:36, time: 0.305, data_time: 0.003, memory: 22330, decode.loss_seg: 0.0826, decode.acc_seg: 81.6907, aux.loss_seg: 0.0588, aux.acc_seg: 79.2388, loss: 0.1414
2026-04-23 00:49:21,853 - mmseg - INFO - Iter [63400/160000]	lr: 4.805e-06, eta: 22:25:44, time: 0.693, data_time: 0.390, memory: 22330, decode.loss_seg: 0.0774, decode.acc_seg: 83.1629, aux.loss_seg: 0.0564, aux.acc_seg: 80.7353, loss: 0.1338
2026-04-23 00:49:56,955 - mmseg - INFO - Iter [63450/160000]	lr: 4.803e-06, eta: 22:24:52, time: 0.702, data_time: 0.355, memory: 22330, decode.loss_seg: 0.0795, decode.acc_seg: 82.9833, aux.loss_seg: 0.0557, aux.acc_seg: 80.7827, loss: 0.1352
2026-04-23 00:50:12,241 - mmseg - INFO - Iter [63500/160000]	lr: 4.800e-06, eta: 22:23:30, time: 0.306, data_time: 0.004, memory: 22330, decode.loss_seg: 0.0773, decode.acc_seg: 82.1872, aux.loss_seg: 0.0552, aux.acc_seg: 79.9629, loss: 0.1324
2026-04-23 00:50:47,174 - mmseg - INFO - Iter [63550/160000]	lr: 4.798e-06, eta: 22:22:37, time: 0.699, data_time: 0.396, memory: 22330, decode.loss_seg: 0.0810, decode.acc_seg: 82.7550, aux.loss_seg: 0.0591, aux.acc_seg: 80.2569, loss: 0.1401
2026-04-23 00:51:02,497 - mmseg - INFO - Iter [63600/160000]	lr: 4.795e-06, eta: 22:21:16, time: 0.306, data_time: 0.004, memory: 22330, decode.loss_seg: 0.0841, decode.acc_seg: 83.6894, aux.loss_seg: 0.0596, aux.acc_seg: 81.2660, loss: 0.1437
2026-04-23 00:51:37,450 - mmseg - INFO - Iter [63650/160000]	lr: 4.793e-06, eta: 22:20:24, time: 0.699, data_time: 0.373, memory: 22330, decode.loss_seg: 0.0815, decode.acc_seg: 83.7824, aux.loss_seg: 0.0574, aux.acc_seg: 81.4329, loss: 0.1390
2026-04-23 00:52:12,836 - mmseg - INFO - Iter [63700/160000]	lr: 4.790e-06, eta: 22:19:32, time: 0.708, data_time: 0.382, memory: 22330, decode.loss_seg: 0.0792, decode.acc_seg: 83.0777, aux.loss_seg: 0.0558, aux.acc_seg: 80.8216, loss: 0.1350
2026-04-23 00:52:28,207 - mmseg - INFO - Iter [63750/160000]	lr: 4.788e-06, eta: 22:18:11, time: 0.307, data_time: 0.005, memory: 22330, decode.loss_seg: 0.0792, decode.acc_seg: 83.9260, aux.loss_seg: 0.0559, aux.acc_seg: 81.6751, loss: 0.1351
2026-04-23 00:53:02,225 - mmseg - INFO - Iter [63800/160000]	lr: 4.785e-06, eta: 22:17:17, time: 0.680, data_time: 0.320, memory: 22330, decode.loss_seg: 0.0775, decode.acc_seg: 82.3883, aux.loss_seg: 0.0550, aux.acc_seg: 80.1400, loss: 0.1325
2026-04-23 00:53:37,025 - mmseg - INFO - Iter [63850/160000]	lr: 4.783e-06, eta: 22:16:25, time: 0.696, data_time: 0.387, memory: 22330, decode.loss_seg: 0.0836, decode.acc_seg: 83.2047, aux.loss_seg: 0.0611, aux.acc_seg: 80.7112, loss: 0.1448
2026-04-23 00:53:52,361 - mmseg - INFO - Iter [63900/160000]	lr: 4.780e-06, eta: 22:15:04, time: 0.307, data_time: 0.003, memory: 22330, decode.loss_seg: 0.0801, decode.acc_seg: 84.6077, aux.loss_seg: 0.0559, aux.acc_seg: 82.3995, loss: 0.1360
2026-04-23 00:54:27,939 - mmseg - INFO - Iter [63950/160000]	lr: 4.778e-06, eta: 22:14:13, time: 0.712, data_time: 0.356, memory: 22330, decode.loss_seg: 0.0817, decode.acc_seg: 83.8620, aux.loss_seg: 0.0568, aux.acc_seg: 81.6222, loss: 0.1385
2026-04-23 00:55:02,654 - mmseg - INFO - Saving checkpoint at 64000 iterations
2026-04-23 00:55:16,852 - mmseg - INFO - per class results:
2026-04-23 00:55:16,852 - mmseg - INFO - 
+------------+-------+-------+
| Class      | IoU   | Acc   |
+------------+-------+-------+
| housing    | 92.76 | 95.98 |
| industrial | 90.45 | 95.52 |
| natural    | 81.18 | 85.84 |
| land_use   | 67.26 | 72.58 |
| water      | 90.37 | 96.62 |
| other      | 96.69 | 98.24 |
+------------+-------+-------+
2026-04-23 00:55:16,852 - mmseg - INFO - Summary:
2026-04-23 00:55:16,852 - mmseg - INFO - 
+--------+-------+------+-------+
| Scope  | mIoU  | mAcc | aAcc  |
+--------+-------+------+-------+
| global | 86.45 | 90.8 | 94.05 |
+--------+-------+------+-------+
2026-04-23 00:55:16,893 - mmseg - INFO - Exp name: pixel_upernet_itpn_base_12_512_slide_160k_air_polarsar2_amp_linux.py
2026-04-23 00:55:16,893 - mmseg - INFO - Iter [64000/160000]	lr: 4.775e-06, eta: 22:30:40, time: 14.542, data_time: 0.000, memory: 22330, mIoU: 0.8645, mAcc: 0.9080, aAcc: 0.9405
2026-04-23 00:55:32,236 - mmseg - INFO - Iter [64050/160000]	lr: 4.773e-06, eta: 22:29:17, time: 0.307, data_time: 0.003, memory: 22330, decode.loss_seg: 0.0797, decode.acc_seg: 82.2250, aux.loss_seg: 0.0559, aux.acc_seg: 79.9698, loss: 0.1356
2026-04-23 00:56:07,383 - mmseg - INFO - Iter [64100/160000]	lr: 4.771e-06, eta: 22:28:24, time: 0.703, data_time: 0.346, memory: 22330, decode.loss_seg: 0.0822, decode.acc_seg: 82.1586, aux.loss_seg: 0.0571, aux.acc_seg: 79.8605, loss: 0.1393
2026-04-23 00:56:42,504 - mmseg - INFO - Iter [64150/160000]	lr: 4.768e-06, eta: 22:27:32, time: 0.702, data_time: 0.378, memory: 22330, decode.loss_seg: 0.0811, decode.acc_seg: 83.7719, aux.loss_seg: 0.0556, aux.acc_seg: 81.6314, loss: 0.1367
2026-04-23 00:56:57,874 - mmseg - INFO - Iter [64200/160000]	lr: 4.766e-06, eta: 22:26:10, time: 0.307, data_time: 0.003, memory: 22330, decode.loss_seg: 0.0770, decode.acc_seg: 81.2011, aux.loss_seg: 0.0546, aux.acc_seg: 78.9758, loss: 0.1317
2026-04-23 00:57:32,302 - mmseg - INFO - Iter [64250/160000]	lr: 4.763e-06, eta: 22:25:16, time: 0.689, data_time: 0.377, memory: 22330, decode.loss_seg: 0.0786, decode.acc_seg: 82.9879, aux.loss_seg: 0.0564, aux.acc_seg: 80.6290, loss: 0.1350
2026-04-23 00:58:07,749 - mmseg - INFO - Iter [64300/160000]	lr: 4.761e-06, eta: 22:24:24, time: 0.709, data_time: 0.377, memory: 22330, decode.loss_seg: 0.0822, decode.acc_seg: 82.5510, aux.loss_seg: 0.0602, aux.acc_seg: 79.9209, loss: 0.1425
2026-04-23 00:58:23,168 - mmseg - INFO - Iter [64350/160000]	lr: 4.758e-06, eta: 22:23:02, time: 0.309, data_time: 0.004, memory: 22330, decode.loss_seg: 0.0787, decode.acc_seg: 82.6473, aux.loss_seg: 0.0564, aux.acc_seg: 80.3625, loss: 0.1351
2026-04-23 00:58:57,465 - mmseg - INFO - Iter [64400/160000]	lr: 4.756e-06, eta: 22:22:08, time: 0.686, data_time: 0.382, memory: 22330, decode.loss_seg: 0.0763, decode.acc_seg: 82.6332, aux.loss_seg: 0.0538, aux.acc_seg: 80.4694, loss: 0.1301
2026-04-23 00:59:32,540 - mmseg - INFO - Iter [64450/160000]	lr: 4.753e-06, eta: 22:21:16, time: 0.701, data_time: 0.380, memory: 22330, decode.loss_seg: 0.0796, decode.acc_seg: 82.1137, aux.loss_seg: 0.0569, aux.acc_seg: 79.7220, loss: 0.1366
2026-04-23 00:59:47,932 - mmseg - INFO - Iter [64500/160000]	lr: 4.751e-06, eta: 22:19:54, time: 0.308, data_time: 0.004, memory: 22330, decode.loss_seg: 0.0779, decode.acc_seg: 83.8523, aux.loss_seg: 0.0547, aux.acc_seg: 81.6301, loss: 0.1326
2026-04-23 01:00:23,038 - mmseg - INFO - Iter [64550/160000]	lr: 4.748e-06, eta: 22:19:02, time: 0.702, data_time: 0.377, memory: 22330, decode.loss_seg: 0.0786, decode.acc_seg: 82.3644, aux.loss_seg: 0.0549, aux.acc_seg: 80.1435, loss: 0.1336
2026-04-23 01:00:38,353 - mmseg - INFO - Iter [64600/160000]	lr: 4.746e-06, eta: 22:17:40, time: 0.306, data_time: 0.003, memory: 22330, decode.loss_seg: 0.0794, decode.acc_seg: 82.8639, aux.loss_seg: 0.0557, aux.acc_seg: 80.6677, loss: 0.1351
2026-04-23 01:01:12,741 - mmseg - INFO - Iter [64650/160000]	lr: 4.743e-06, eta: 22:16:46, time: 0.688, data_time: 0.362, memory: 22330, decode.loss_seg: 0.0804, decode.acc_seg: 83.3283, aux.loss_seg: 0.0569, aux.acc_seg: 81.0182, loss: 0.1373
2026-04-23 01:01:48,114 - mmseg - INFO - Iter [64700/160000]	lr: 4.741e-06, eta: 22:15:55, time: 0.708, data_time: 0.328, memory: 22330, decode.loss_seg: 0.0824, decode.acc_seg: 81.7390, aux.loss_seg: 0.0566, aux.acc_seg: 79.4976, loss: 0.1390
2026-04-23 01:02:03,487 - mmseg - INFO - Iter [64750/160000]	lr: 4.738e-06, eta: 22:14:33, time: 0.307, data_time: 0.003, memory: 22330, decode.loss_seg: 0.0855, decode.acc_seg: 82.6832, aux.loss_seg: 0.0576, aux.acc_seg: 80.4845, loss: 0.1430
2026-04-23 01:02:38,964 - mmseg - INFO - Iter [64800/160000]	lr: 4.736e-06, eta: 22:13:42, time: 0.709, data_time: 0.373, memory: 22330, decode.loss_seg: 0.0821, decode.acc_seg: 82.0503, aux.loss_seg: 0.0568, aux.acc_seg: 79.8123, loss: 0.1389
2026-04-23 01:03:13,213 - mmseg - INFO - Iter [64850/160000]	lr: 4.733e-06, eta: 22:12:48, time: 0.685, data_time: 0.381, memory: 22330, decode.loss_seg: 0.0800, decode.acc_seg: 82.7782, aux.loss_seg: 0.0551, aux.acc_seg: 80.5927, loss: 0.1352
2026-04-23 01:03:28,572 - mmseg - INFO - Iter [64900/160000]	lr: 4.731e-06, eta: 22:11:27, time: 0.307, data_time: 0.004, memory: 22330, decode.loss_seg: 0.0784, decode.acc_seg: 83.0710, aux.loss_seg: 0.0557, aux.acc_seg: 80.7844, loss: 0.1341
2026-04-23 01:04:04,280 - mmseg - INFO - Iter [64950/160000]	lr: 4.728e-06, eta: 22:10:36, time: 0.714, data_time: 0.322, memory: 22330, decode.loss_seg: 0.0805, decode.acc_seg: 82.1379, aux.loss_seg: 0.0563, aux.acc_seg: 79.8567, loss: 0.1368
2026-04-23 01:04:38,374 - mmseg - INFO - Exp name: pixel_upernet_itpn_base_12_512_slide_160k_air_polarsar2_amp_linux.py
2026-04-23 01:04:38,374 - mmseg - INFO - Iter [65000/160000]	lr: 4.726e-06, eta: 22:09:42, time: 0.682, data_time: 0.324, memory: 22330, decode.loss_seg: 0.0797, decode.acc_seg: 82.5806, aux.loss_seg: 0.0556, aux.acc_seg: 80.3590, loss: 0.1353
2026-04-23 01:04:53,703 - mmseg - INFO - Iter [65050/160000]	lr: 4.723e-06, eta: 22:08:21, time: 0.306, data_time: 0.003, memory: 22330, decode.loss_seg: 0.0870, decode.acc_seg: 83.5478, aux.loss_seg: 0.0595, aux.acc_seg: 81.2154, loss: 0.1466
2026-04-23 01:05:28,259 - mmseg - INFO - Iter [65100/160000]	lr: 4.721e-06, eta: 22:07:29, time: 0.691, data_time: 0.347, memory: 22330, decode.loss_seg: 0.0774, decode.acc_seg: 84.3438, aux.loss_seg: 0.0543, aux.acc_seg: 82.1779, loss: 0.1317
2026-04-23 01:06:03,639 - mmseg - INFO - Iter [65150/160000]	lr: 4.718e-06, eta: 22:06:37, time: 0.708, data_time: 0.363, memory: 22330, decode.loss_seg: 0.0869, decode.acc_seg: 83.4423, aux.loss_seg: 0.0639, aux.acc_seg: 81.0138, loss: 0.1508
2026-04-23 01:06:18,973 - mmseg - INFO - Iter [65200/160000]	lr: 4.716e-06, eta: 22:05:16, time: 0.307, data_time: 0.004, memory: 22330, decode.loss_seg: 0.0782, decode.acc_seg: 82.9117, aux.loss_seg: 0.0563, aux.acc_seg: 80.5641, loss: 0.1346
2026-04-23 01:06:53,740 - mmseg - INFO - Iter [65250/160000]	lr: 4.713e-06, eta: 22:04:24, time: 0.695, data_time: 0.392, memory: 22330, decode.loss_seg: 0.0765, decode.acc_seg: 82.5561, aux.loss_seg: 0.0538, aux.acc_seg: 80.3516, loss: 0.1303
2026-04-23 01:07:29,297 - mmseg - INFO - Iter [65300/160000]	lr: 4.711e-06, eta: 22:03:33, time: 0.711, data_time: 0.351, memory: 22330, decode.loss_seg: 0.0811, decode.acc_seg: 82.5097, aux.loss_seg: 0.0569, aux.acc_seg: 80.1943, loss: 0.1380
2026-04-23 01:07:44,648 - mmseg - INFO - Iter [65350/160000]	lr: 4.708e-06, eta: 22:02:12, time: 0.307, data_time: 0.004, memory: 22330, decode.loss_seg: 0.0799, decode.acc_seg: 82.1058, aux.loss_seg: 0.0580, aux.acc_seg: 79.6711, loss: 0.1378
2026-04-23 01:08:19,604 - mmseg - INFO - Iter [65400/160000]	lr: 4.706e-06, eta: 22:01:20, time: 0.699, data_time: 0.368, memory: 22330, decode.loss_seg: 0.0819, decode.acc_seg: 83.0405, aux.loss_seg: 0.0570, aux.acc_seg: 80.7351, loss: 0.1388
2026-04-23 01:08:34,970 - mmseg - INFO - Iter [65450/160000]	lr: 4.703e-06, eta: 22:00:00, time: 0.307, data_time: 0.004, memory: 22330, decode.loss_seg: 0.0765, decode.acc_seg: 81.9548, aux.loss_seg: 0.0538, aux.acc_seg: 79.7279, loss: 0.1303
2026-04-23 01:09:09,702 - mmseg - INFO - Iter [65500/160000]	lr: 4.701e-06, eta: 21:59:08, time: 0.694, data_time: 0.372, memory: 22330, decode.loss_seg: 0.0789, decode.acc_seg: 84.4068, aux.loss_seg: 0.0554, aux.acc_seg: 82.1702, loss: 0.1343
2026-04-23 01:09:44,845 - mmseg - INFO - Iter [65550/160000]	lr: 4.698e-06, eta: 21:58:16, time: 0.703, data_time: 0.361, memory: 22330, decode.loss_seg: 0.0785, decode.acc_seg: 82.6090, aux.loss_seg: 0.0569, aux.acc_seg: 80.2670, loss: 0.1354
2026-04-23 01:10:00,181 - mmseg - INFO - Iter [65600/160000]	lr: 4.696e-06, eta: 21:56:56, time: 0.307, data_time: 0.004, memory: 22330, decode.loss_seg: 0.0823, decode.acc_seg: 82.7223, aux.loss_seg: 0.0613, aux.acc_seg: 80.2459, loss: 0.1436
2026-04-23 01:10:35,669 - mmseg - INFO - Iter [65650/160000]	lr: 4.693e-06, eta: 21:56:05, time: 0.710, data_time: 0.361, memory: 22330, decode.loss_seg: 0.0796, decode.acc_seg: 82.9061, aux.loss_seg: 0.0560, aux.acc_seg: 80.5682, loss: 0.1356
2026-04-23 01:11:11,463 - mmseg - INFO - Iter [65700/160000]	lr: 4.691e-06, eta: 21:55:15, time: 0.716, data_time: 0.341, memory: 22330, decode.loss_seg: 0.0758, decode.acc_seg: 82.6908, aux.loss_seg: 0.0546, aux.acc_seg: 80.4024, loss: 0.1304
2026-04-23 01:11:26,826 - mmseg - INFO - Iter [65750/160000]	lr: 4.688e-06, eta: 21:53:55, time: 0.307, data_time: 0.003, memory: 22330, decode.loss_seg: 0.0803, decode.acc_seg: 81.5606, aux.loss_seg: 0.0561, aux.acc_seg: 79.3207, loss: 0.1365
2026-04-23 01:12:02,015 - mmseg - INFO - Iter [65800/160000]	lr: 4.686e-06, eta: 21:53:04, time: 0.704, data_time: 0.361, memory: 22330, decode.loss_seg: 0.0791, decode.acc_seg: 82.7592, aux.loss_seg: 0.0565, aux.acc_seg: 80.4369, loss: 0.1356
2026-04-23 01:12:37,835 - mmseg - INFO - Iter [65850/160000]	lr: 4.683e-06, eta: 21:52:13, time: 0.716, data_time: 0.399, memory: 22330, decode.loss_seg: 0.0749, decode.acc_seg: 81.4774, aux.loss_seg: 0.0531, aux.acc_seg: 79.3089, loss: 0.1280
2026-04-23 01:12:53,163 - mmseg - INFO - Iter [65900/160000]	lr: 4.681e-06, eta: 21:50:54, time: 0.307, data_time: 0.004, memory: 22330, decode.loss_seg: 0.0786, decode.acc_seg: 83.4119, aux.loss_seg: 0.0553, aux.acc_seg: 81.1633, loss: 0.1340
2026-04-23 01:13:27,634 - mmseg - INFO - Iter [65950/160000]	lr: 4.678e-06, eta: 21:50:01, time: 0.690, data_time: 0.371, memory: 22330, decode.loss_seg: 0.0776, decode.acc_seg: 83.9827, aux.loss_seg: 0.0550, aux.acc_seg: 81.7272, loss: 0.1326
2026-04-23 01:14:15,886 - mmseg - INFO - per class results:
2026-04-23 01:14:15,887 - mmseg - INFO - 
+------------+-------+-------+
| Class      | IoU   | Acc   |
+------------+-------+-------+
| housing    | 92.74 | 97.14 |
| industrial | 90.69 | 95.21 |
| natural    | 81.68 | 85.45 |
| land_use   | 68.81 | 74.72 |
| water      | 90.59 | 96.54 |
| other      | 96.54 | 98.65 |
+------------+-------+-------+
2026-04-23 01:14:15,887 - mmseg - INFO - Summary:
2026-04-23 01:14:15,887 - mmseg - INFO - 
+--------+-------+-------+-------+
| Scope  | mIoU  | mAcc  | aAcc  |
+--------+-------+-------+-------+
| global | 86.84 | 91.29 | 94.22 |
+--------+-------+-------+-------+
2026-04-23 01:14:15,928 - mmseg - INFO - Exp name: pixel_upernet_itpn_base_12_512_slide_160k_air_polarsar2_amp_linux.py
2026-04-23 01:14:15,928 - mmseg - INFO - Iter [66000/160000]	lr: 4.676e-06, eta: 22:03:35, time: 12.852, data_time: 0.000, memory: 22330, mIoU: 0.8684, mAcc: 0.9129, aAcc: 0.9422
2026-04-23 01:14:31,288 - mmseg - INFO - Iter [66050/160000]	lr: 4.674e-06, eta: 22:02:15, time: 0.307, data_time: 0.003, memory: 22330, decode.loss_seg: 0.0762, decode.acc_seg: 82.9707, aux.loss_seg: 0.0541, aux.acc_seg: 80.7593, loss: 0.1303
2026-04-23 01:15:05,452 - mmseg - INFO - Iter [66100/160000]	lr: 4.671e-06, eta: 22:01:21, time: 0.683, data_time: 0.368, memory: 22330, decode.loss_seg: 0.0784, decode.acc_seg: 82.1803, aux.loss_seg: 0.0562, aux.acc_seg: 79.8177, loss: 0.1346
2026-04-23 01:15:40,714 - mmseg - INFO - Iter [66150/160000]	lr: 4.669e-06, eta: 22:00:29, time: 0.705, data_time: 0.373, memory: 22330, decode.loss_seg: 0.0809, decode.acc_seg: 82.5861, aux.loss_seg: 0.0571, aux.acc_seg: 80.2414, loss: 0.1380
2026-04-23 01:15:56,023 - mmseg - INFO - Iter [66200/160000]	lr: 4.666e-06, eta: 21:59:09, time: 0.306, data_time: 0.004, memory: 22330, decode.loss_seg: 0.0803, decode.acc_seg: 83.6376, aux.loss_seg: 0.0566, aux.acc_seg: 81.3630, loss: 0.1369
2026-04-23 01:16:31,120 - mmseg - INFO - Iter [66250/160000]	lr: 4.664e-06, eta: 21:58:17, time: 0.702, data_time: 0.378, memory: 22330, decode.loss_seg: 0.0782, decode.acc_seg: 83.4546, aux.loss_seg: 0.0543, aux.acc_seg: 81.2728, loss: 0.1325
2026-04-23 01:17:05,566 - mmseg - INFO - Iter [66300/160000]	lr: 4.661e-06, eta: 21:57:23, time: 0.689, data_time: 0.386, memory: 22330, decode.loss_seg: 0.0824, decode.acc_seg: 84.9146, aux.loss_seg: 0.0579, aux.acc_seg: 82.6379, loss: 0.1403
2026-04-23 01:17:20,832 - mmseg - INFO - Iter [66350/160000]	lr: 4.659e-06, eta: 21:56:03, time: 0.305, data_time: 0.004, memory: 22330, decode.loss_seg: 0.0767, decode.acc_seg: 82.1579, aux.loss_seg: 0.0542, aux.acc_seg: 79.9090, loss: 0.1309
2026-04-23 01:17:55,796 - mmseg - INFO - Iter [66400/160000]	lr: 4.656e-06, eta: 21:55:11, time: 0.699, data_time: 0.354, memory: 22330, decode.loss_seg: 0.0802, decode.acc_seg: 82.0553, aux.loss_seg: 0.0568, aux.acc_seg: 79.7033, loss: 0.1370
2026-04-23 01:18:11,086 - mmseg - INFO - Iter [66450/160000]	lr: 4.654e-06, eta: 21:53:51, time: 0.306, data_time: 0.004, memory: 22330, decode.loss_seg: 0.0777, decode.acc_seg: 81.9828, aux.loss_seg: 0.0545, aux.acc_seg: 79.7287, loss: 0.1322
2026-04-23 01:18:45,364 - mmseg - INFO - Iter [66500/160000]	lr: 4.651e-06, eta: 21:52:58, time: 0.686, data_time: 0.372, memory: 22330, decode.loss_seg: 0.0754, decode.acc_seg: 83.2420, aux.loss_seg: 0.0531, aux.acc_seg: 81.0529, loss: 0.1285
2026-04-23 01:19:20,602 - mmseg - INFO - Iter [66550/160000]	lr: 4.649e-06, eta: 21:52:06, time: 0.705, data_time: 0.381, memory: 22330, decode.loss_seg: 0.0791, decode.acc_seg: 82.9821, aux.loss_seg: 0.0563, aux.acc_seg: 80.6508, loss: 0.1354
2026-04-23 01:19:35,938 - mmseg - INFO - Iter [66600/160000]	lr: 4.646e-06, eta: 21:50:46, time: 0.307, data_time: 0.004, memory: 22330, decode.loss_seg: 0.0785, decode.acc_seg: 82.7159, aux.loss_seg: 0.0559, aux.acc_seg: 80.3504, loss: 0.1344
2026-04-23 01:20:10,960 - mmseg - INFO - Iter [66650/160000]	lr: 4.644e-06, eta: 21:49:54, time: 0.700, data_time: 0.395, memory: 22330, decode.loss_seg: 0.0780, decode.acc_seg: 83.5545, aux.loss_seg: 0.0548, aux.acc_seg: 81.3794, loss: 0.1328
2026-04-23 01:20:45,569 - mmseg - INFO - Iter [66700/160000]	lr: 4.641e-06, eta: 21:49:02, time: 0.692, data_time: 0.345, memory: 22330, decode.loss_seg: 0.0802, decode.acc_seg: 83.1921, aux.loss_seg: 0.0555, aux.acc_seg: 80.9486, loss: 0.1357
2026-04-23 01:21:00,913 - mmseg - INFO - Iter [66750/160000]	lr: 4.639e-06, eta: 21:47:42, time: 0.307, data_time: 0.003, memory: 22330, decode.loss_seg: 0.0795, decode.acc_seg: 84.3312, aux.loss_seg: 0.0560, aux.acc_seg: 82.0185, loss: 0.1355
2026-04-23 01:21:35,532 - mmseg - INFO - Iter [66800/160000]	lr: 4.636e-06, eta: 21:46:50, time: 0.692, data_time: 0.379, memory: 22330, decode.loss_seg: 0.0774, decode.acc_seg: 82.3234, aux.loss_seg: 0.0548, aux.acc_seg: 80.0432, loss: 0.1322
2026-04-23 01:22:10,605 - mmseg - INFO - Iter [66850/160000]	lr: 4.634e-06, eta: 21:45:58, time: 0.701, data_time: 0.359, memory: 22330, decode.loss_seg: 0.0749, decode.acc_seg: 82.9070, aux.loss_seg: 0.0533, aux.acc_seg: 80.7018, loss: 0.1282
2026-04-23 01:22:25,935 - mmseg - INFO - Iter [66900/160000]	lr: 4.631e-06, eta: 21:44:39, time: 0.307, data_time: 0.004, memory: 22330, decode.loss_seg: 0.0791, decode.acc_seg: 81.0382, aux.loss_seg: 0.0571, aux.acc_seg: 78.7005, loss: 0.1362
2026-04-23 01:23:01,721 - mmseg - INFO - Iter [66950/160000]	lr: 4.629e-06, eta: 21:43:48, time: 0.716, data_time: 0.373, memory: 22330, decode.loss_seg: 0.0804, decode.acc_seg: 83.1404, aux.loss_seg: 0.0577, aux.acc_seg: 80.7050, loss: 0.1381
2026-04-23 01:23:37,043 - mmseg - INFO - Exp name: pixel_upernet_itpn_base_12_512_slide_160k_air_polarsar2_amp_linux.py
2026-04-23 01:23:37,043 - mmseg - INFO - Iter [67000/160000]	lr: 4.626e-06, eta: 21:42:57, time: 0.707, data_time: 0.332, memory: 22330, decode.loss_seg: 0.0774, decode.acc_seg: 81.2658, aux.loss_seg: 0.0540, aux.acc_seg: 79.0658, loss: 0.1314
2026-04-23 01:23:52,356 - mmseg - INFO - Iter [67050/160000]	lr: 4.624e-06, eta: 21:41:38, time: 0.306, data_time: 0.004, memory: 22330, decode.loss_seg: 0.0770, decode.acc_seg: 81.6588, aux.loss_seg: 0.0566, aux.acc_seg: 79.3833, loss: 0.1336
2026-04-23 01:24:26,850 - mmseg - INFO - Iter [67100/160000]	lr: 4.621e-06, eta: 21:40:45, time: 0.690, data_time: 0.357, memory: 22330, decode.loss_seg: 0.0760, decode.acc_seg: 83.3868, aux.loss_seg: 0.0539, aux.acc_seg: 81.1402, loss: 0.1299
2026-04-23 01:25:01,714 - mmseg - INFO - Iter [67150/160000]	lr: 4.619e-06, eta: 21:39:53, time: 0.697, data_time: 0.344, memory: 22330, decode.loss_seg: 0.0772, decode.acc_seg: 82.4579, aux.loss_seg: 0.0555, aux.acc_seg: 80.1346, loss: 0.1327
2026-04-23 01:25:17,044 - mmseg - INFO - Iter [67200/160000]	lr: 4.616e-06, eta: 21:38:34, time: 0.306, data_time: 0.004, memory: 22330, decode.loss_seg: 0.0781, decode.acc_seg: 83.5090, aux.loss_seg: 0.0560, aux.acc_seg: 81.1954, loss: 0.1341
2026-04-23 01:25:51,537 - mmseg - INFO - Iter [67250/160000]	lr: 4.614e-06, eta: 21:37:42, time: 0.690, data_time: 0.386, memory: 22330, decode.loss_seg: 0.0762, decode.acc_seg: 82.0310, aux.loss_seg: 0.0536, aux.acc_seg: 79.8137, loss: 0.1298
2026-04-23 01:26:26,618 - mmseg - INFO - Iter [67300/160000]	lr: 4.611e-06, eta: 21:36:51, time: 0.702, data_time: 0.398, memory: 22330, decode.loss_seg: 0.0790, decode.acc_seg: 83.5694, aux.loss_seg: 0.0551, aux.acc_seg: 81.3457, loss: 0.1341
2026-04-23 01:26:41,975 - mmseg - INFO - Iter [67350/160000]	lr: 4.609e-06, eta: 21:35:32, time: 0.307, data_time: 0.004, memory: 22330, decode.loss_seg: 0.0768, decode.acc_seg: 83.6518, aux.loss_seg: 0.0536, aux.acc_seg: 81.4847, loss: 0.1304
2026-04-23 01:27:17,795 - mmseg - INFO - Iter [67400/160000]	lr: 4.606e-06, eta: 21:34:42, time: 0.716, data_time: 0.385, memory: 22330, decode.loss_seg: 0.0774, decode.acc_seg: 83.8984, aux.loss_seg: 0.0549, aux.acc_seg: 81.6345, loss: 0.1324
2026-04-23 01:27:33,182 - mmseg - INFO - Iter [67450/160000]	lr: 4.604e-06, eta: 21:33:23, time: 0.308, data_time: 0.003, memory: 22330, decode.loss_seg: 0.0758, decode.acc_seg: 83.3655, aux.loss_seg: 0.0546, aux.acc_seg: 81.1050, loss: 0.1305
2026-04-23 01:28:07,902 - mmseg - INFO - Iter [67500/160000]	lr: 4.601e-06, eta: 21:32:32, time: 0.695, data_time: 0.363, memory: 22330, decode.loss_seg: 0.0752, decode.acc_seg: 82.8082, aux.loss_seg: 0.0541, aux.acc_seg: 80.5418, loss: 0.1293
2026-04-23 01:28:42,226 - mmseg - INFO - Iter [67550/160000]	lr: 4.599e-06, eta: 21:31:39, time: 0.686, data_time: 0.331, memory: 22330, decode.loss_seg: 0.0787, decode.acc_seg: 83.5764, aux.loss_seg: 0.0553, aux.acc_seg: 81.3647, loss: 0.1340
2026-04-23 01:28:57,577 - mmseg - INFO - Iter [67600/160000]	lr: 4.596e-06, eta: 21:30:21, time: 0.307, data_time: 0.004, memory: 22330, decode.loss_seg: 0.0773, decode.acc_seg: 83.1908, aux.loss_seg: 0.0543, aux.acc_seg: 80.9723, loss: 0.1315
2026-04-23 01:29:32,635 - mmseg - INFO - Iter [67650/160000]	lr: 4.594e-06, eta: 21:29:30, time: 0.701, data_time: 0.378, memory: 22330, decode.loss_seg: 0.0758, decode.acc_seg: 83.7708, aux.loss_seg: 0.0540, aux.acc_seg: 81.4819, loss: 0.1298
2026-04-23 01:30:07,276 - mmseg - INFO - Iter [67700/160000]	lr: 4.591e-06, eta: 21:28:38, time: 0.693, data_time: 0.361, memory: 22330, decode.loss_seg: 0.0730, decode.acc_seg: 82.2302, aux.loss_seg: 0.0524, aux.acc_seg: 80.0163, loss: 0.1254
2026-04-23 01:30:22,592 - mmseg - INFO - Iter [67750/160000]	lr: 4.589e-06, eta: 21:27:20, time: 0.306, data_time: 0.004, memory: 22330, decode.loss_seg: 0.0762, decode.acc_seg: 82.4723, aux.loss_seg: 0.0548, aux.acc_seg: 80.1650, loss: 0.1309
2026-04-23 01:30:56,742 - mmseg - INFO - Iter [67800/160000]	lr: 4.586e-06, eta: 21:26:28, time: 0.683, data_time: 0.341, memory: 22330, decode.loss_seg: 0.0794, decode.acc_seg: 83.2153, aux.loss_seg: 0.0555, aux.acc_seg: 80.9795, loss: 0.1349
2026-04-23 01:31:32,490 - mmseg - INFO - Iter [67850/160000]	lr: 4.584e-06, eta: 21:25:37, time: 0.715, data_time: 0.348, memory: 22330, decode.loss_seg: 0.0815, decode.acc_seg: 83.7072, aux.loss_seg: 0.0554, aux.acc_seg: 81.5126, loss: 0.1370
2026-04-23 01:31:47,808 - mmseg - INFO - Iter [67900/160000]	lr: 4.581e-06, eta: 21:24:20, time: 0.306, data_time: 0.004, memory: 22330, decode.loss_seg: 0.0821, decode.acc_seg: 84.2658, aux.loss_seg: 0.0574, aux.acc_seg: 81.9623, loss: 0.1395
2026-04-23 01:32:22,606 - mmseg - INFO - Iter [67950/160000]	lr: 4.579e-06, eta: 21:23:28, time: 0.696, data_time: 0.365, memory: 22330, decode.loss_seg: 0.0773, decode.acc_seg: 83.3697, aux.loss_seg: 0.0557, aux.acc_seg: 81.0276, loss: 0.1330
2026-04-23 01:33:09,282 - mmseg - INFO - per class results:
2026-04-23 01:33:09,282 - mmseg - INFO - 
+------------+-------+-------+
| Class      | IoU   | Acc   |
+------------+-------+-------+
| housing    | 93.09 | 96.78 |
| industrial | 90.41 | 94.73 |
| natural    | 80.55 | 83.94 |
| land_use   | 71.39 | 81.94 |
| water      | 90.68 | 95.79 |
| other      | 94.45 | 98.59 |
+------------+-------+-------+
2026-04-23 01:33:09,282 - mmseg - INFO - Summary:
2026-04-23 01:33:09,282 - mmseg - INFO - 
+--------+-------+-------+-------+
| Scope  | mIoU  | mAcc  | aAcc  |
+--------+-------+-------+-------+
| global | 86.76 | 91.96 | 94.23 |
+--------+-------+-------+-------+
2026-04-23 01:33:09,311 - mmseg - INFO - Exp name: pixel_upernet_itpn_base_12_512_slide_160k_air_polarsar2_amp_linux.py
2026-04-23 01:33:09,311 - mmseg - INFO - Iter [68000/160000]	lr: 4.577e-06, eta: 21:35:08, time: 11.799, data_time: 0.000, memory: 22330, mIoU: 0.8676, mAcc: 0.9196, aAcc: 0.9423
2026-04-23 01:33:24,666 - mmseg - INFO - Iter [68050/160000]	lr: 4.574e-06, eta: 21:33:49, time: 0.307, data_time: 0.004, memory: 22330, decode.loss_seg: 0.0734, decode.acc_seg: 83.0038, aux.loss_seg: 0.0527, aux.acc_seg: 80.8218, loss: 0.1261
2026-04-23 01:33:58,884 - mmseg - INFO - Iter [68100/160000]	lr: 4.572e-06, eta: 21:32:56, time: 0.685, data_time: 0.332, memory: 22330, decode.loss_seg: 0.0728, decode.acc_seg: 82.4113, aux.loss_seg: 0.0515, aux.acc_seg: 80.2682, loss: 0.1243
2026-04-23 01:34:32,688 - mmseg - INFO - Iter [68150/160000]	lr: 4.569e-06, eta: 21:32:03, time: 0.676, data_time: 0.342, memory: 22330, decode.loss_seg: 0.0762, decode.acc_seg: 82.1029, aux.loss_seg: 0.0544, aux.acc_seg: 79.7980, loss: 0.1306
2026-04-23 01:34:47,991 - mmseg - INFO - Iter [68200/160000]	lr: 4.567e-06, eta: 21:30:44, time: 0.306, data_time: 0.004, memory: 22330, decode.loss_seg: 0.0761, decode.acc_seg: 81.8598, aux.loss_seg: 0.0554, aux.acc_seg: 79.4106, loss: 0.1315
2026-04-23 01:35:23,827 - mmseg - INFO - Iter [68250/160000]	lr: 4.564e-06, eta: 21:29:54, time: 0.717, data_time: 0.359, memory: 22330, decode.loss_seg: 0.0723, decode.acc_seg: 82.9697, aux.loss_seg: 0.0521, aux.acc_seg: 80.8337, loss: 0.1243
2026-04-23 01:35:59,629 - mmseg - INFO - Iter [68300/160000]	lr: 4.562e-06, eta: 21:29:03, time: 0.716, data_time: 0.400, memory: 22330, decode.loss_seg: 0.0750, decode.acc_seg: 81.6451, aux.loss_seg: 0.0531, aux.acc_seg: 79.4345, loss: 0.1281
2026-04-23 01:36:14,945 - mmseg - INFO - Iter [68350/160000]	lr: 4.559e-06, eta: 21:27:45, time: 0.306, data_time: 0.004, memory: 22330, decode.loss_seg: 0.0773, decode.acc_seg: 82.4826, aux.loss_seg: 0.0542, aux.acc_seg: 80.2876, loss: 0.1316
2026-04-23 01:36:50,962 - mmseg - INFO - Iter [68400/160000]	lr: 4.557e-06, eta: 21:26:54, time: 0.720, data_time: 0.354, memory: 22330, decode.loss_seg: 0.0771, decode.acc_seg: 81.6902, aux.loss_seg: 0.0551, aux.acc_seg: 79.4075, loss: 0.1322
2026-04-23 01:37:06,244 - mmseg - INFO - Iter [68450/160000]	lr: 4.554e-06, eta: 21:25:36, time: 0.306, data_time: 0.005, memory: 22330, decode.loss_seg: 0.0736, decode.acc_seg: 83.1457, aux.loss_seg: 0.0530, aux.acc_seg: 80.8966, loss: 0.1266
2026-04-23 01:37:41,312 - mmseg - INFO - Iter [68500/160000]	lr: 4.552e-06, eta: 21:24:45, time: 0.701, data_time: 0.375, memory: 22330, decode.loss_seg: 0.0775, decode.acc_seg: 83.5397, aux.loss_seg: 0.0554, aux.acc_seg: 81.1812, loss: 0.1330
2026-04-23 01:38:17,077 - mmseg - INFO - Iter [68550/160000]	lr: 4.549e-06, eta: 21:23:54, time: 0.715, data_time: 0.407, memory: 22330, decode.loss_seg: 0.0753, decode.acc_seg: 83.0623, aux.loss_seg: 0.0537, aux.acc_seg: 80.8458, loss: 0.1290
2026-04-23 01:38:32,468 - mmseg - INFO - Iter [68600/160000]	lr: 4.547e-06, eta: 21:22:36, time: 0.308, data_time: 0.004, memory: 22330, decode.loss_seg: 0.0782, decode.acc_seg: 81.6359, aux.loss_seg: 0.0550, aux.acc_seg: 79.3477, loss: 0.1333
2026-04-23 01:39:08,117 - mmseg - INFO - Iter [68650/160000]	lr: 4.544e-06, eta: 21:21:46, time: 0.713, data_time: 0.366, memory: 22330, decode.loss_seg: 0.0763, decode.acc_seg: 82.3932, aux.loss_seg: 0.0531, aux.acc_seg: 80.2689, loss: 0.1294
2026-04-23 01:39:41,950 - mmseg - INFO - Iter [68700/160000]	lr: 4.542e-06, eta: 21:20:53, time: 0.677, data_time: 0.373, memory: 22330, decode.loss_seg: 0.0750, decode.acc_seg: 82.8533, aux.loss_seg: 0.0533, aux.acc_seg: 80.6391, loss: 0.1283
2026-04-23 01:39:57,259 - mmseg - INFO - Iter [68750/160000]	lr: 4.539e-06, eta: 21:19:35, time: 0.306, data_time: 0.003, memory: 22330, decode.loss_seg: 0.0772, decode.acc_seg: 83.2110, aux.loss_seg: 0.0541, aux.acc_seg: 81.0412, loss: 0.1313
2026-04-23 01:40:31,262 - mmseg - INFO - Iter [68800/160000]	lr: 4.537e-06, eta: 21:18:42, time: 0.680, data_time: 0.348, memory: 22330, decode.loss_seg: 0.0773, decode.acc_seg: 82.5853, aux.loss_seg: 0.0561, aux.acc_seg: 80.1926, loss: 0.1334
2026-04-23 01:41:05,691 - mmseg - INFO - Iter [68850/160000]	lr: 4.534e-06, eta: 21:17:50, time: 0.689, data_time: 0.351, memory: 22330, decode.loss_seg: 0.0750, decode.acc_seg: 82.0389, aux.loss_seg: 0.0536, aux.acc_seg: 79.7997, loss: 0.1286
2026-04-23 01:41:21,057 - mmseg - INFO - Iter [68900/160000]	lr: 4.532e-06, eta: 21:16:33, time: 0.307, data_time: 0.004, memory: 22330, decode.loss_seg: 0.0833, decode.acc_seg: 81.7966, aux.loss_seg: 0.0589, aux.acc_seg: 79.4288, loss: 0.1422
2026-04-23 01:41:55,355 - mmseg - INFO - Iter [68950/160000]	lr: 4.529e-06, eta: 21:15:41, time: 0.686, data_time: 0.335, memory: 22330, decode.loss_seg: 0.0798, decode.acc_seg: 83.9178, aux.loss_seg: 0.0602, aux.acc_seg: 81.3646, loss: 0.1401
2026-04-23 01:42:30,785 - mmseg - INFO - Exp name: pixel_upernet_itpn_base_12_512_slide_160k_air_polarsar2_amp_linux.py
2026-04-23 01:42:30,785 - mmseg - INFO - Iter [69000/160000]	lr: 4.527e-06, eta: 21:14:50, time: 0.709, data_time: 0.385, memory: 22330, decode.loss_seg: 0.0771, decode.acc_seg: 83.7725, aux.loss_seg: 0.0550, aux.acc_seg: 81.5069, loss: 0.1321
2026-04-23 01:42:46,113 - mmseg - INFO - Iter [69050/160000]	lr: 4.524e-06, eta: 21:13:33, time: 0.307, data_time: 0.004, memory: 22330, decode.loss_seg: 0.0743, decode.acc_seg: 83.4328, aux.loss_seg: 0.0534, aux.acc_seg: 81.1464, loss: 0.1278
2026-04-23 01:43:20,372 - mmseg - INFO - Iter [69100/160000]	lr: 4.522e-06, eta: 21:12:40, time: 0.685, data_time: 0.330, memory: 22330, decode.loss_seg: 0.0734, decode.acc_seg: 81.8659, aux.loss_seg: 0.0525, aux.acc_seg: 79.6855, loss: 0.1259
2026-04-23 01:43:56,482 - mmseg - INFO - Iter [69150/160000]	lr: 4.519e-06, eta: 21:11:51, time: 0.722, data_time: 0.369, memory: 22330, decode.loss_seg: 0.0740, decode.acc_seg: 82.2950, aux.loss_seg: 0.0524, aux.acc_seg: 80.1555, loss: 0.1263
2026-04-23 01:44:11,798 - mmseg - INFO - Iter [69200/160000]	lr: 4.517e-06, eta: 21:10:34, time: 0.306, data_time: 0.004, memory: 22330, decode.loss_seg: 0.0748, decode.acc_seg: 84.0096, aux.loss_seg: 0.0536, aux.acc_seg: 81.7496, loss: 0.1285
2026-04-23 01:44:46,692 - mmseg - INFO - Iter [69250/160000]	lr: 4.514e-06, eta: 21:09:42, time: 0.698, data_time: 0.357, memory: 22330, decode.loss_seg: 0.0850, decode.acc_seg: 83.9422, aux.loss_seg: 0.0611, aux.acc_seg: 81.6382, loss: 0.1461
2026-04-23 01:45:02,025 - mmseg - INFO - Iter [69300/160000]	lr: 4.512e-06, eta: 21:08:26, time: 0.307, data_time: 0.004, memory: 22330, decode.loss_seg: 0.0786, decode.acc_seg: 83.0645, aux.loss_seg: 0.0559, aux.acc_seg: 80.8281, loss: 0.1345
2026-04-23 01:45:37,016 - mmseg - INFO - Iter [69350/160000]	lr: 4.509e-06, eta: 21:07:34, time: 0.700, data_time: 0.348, memory: 22330, decode.loss_seg: 0.0756, decode.acc_seg: 83.5832, aux.loss_seg: 0.0544, aux.acc_seg: 81.2787, loss: 0.1301
2026-04-23 01:46:11,645 - mmseg - INFO - Iter [69400/160000]	lr: 4.507e-06, eta: 21:06:43, time: 0.693, data_time: 0.339, memory: 22330, decode.loss_seg: 0.0759, decode.acc_seg: 82.9254, aux.loss_seg: 0.0547, aux.acc_seg: 80.6059, loss: 0.1306
2026-04-23 01:46:26,975 - mmseg - INFO - Iter [69450/160000]	lr: 4.504e-06, eta: 21:05:26, time: 0.306, data_time: 0.003, memory: 22330, decode.loss_seg: 0.0766, decode.acc_seg: 82.4003, aux.loss_seg: 0.0542, aux.acc_seg: 80.1460, loss: 0.1309
2026-04-23 01:47:00,922 - mmseg - INFO - Iter [69500/160000]	lr: 4.502e-06, eta: 21:04:34, time: 0.679, data_time: 0.351, memory: 22330, decode.loss_seg: 0.0734, decode.acc_seg: 83.0136, aux.loss_seg: 0.0522, aux.acc_seg: 80.8410, loss: 0.1256
2026-04-23 01:47:34,753 - mmseg - INFO - Iter [69550/160000]	lr: 4.499e-06, eta: 21:03:42, time: 0.677, data_time: 0.353, memory: 22330, decode.loss_seg: 0.0761, decode.acc_seg: 82.7498, aux.loss_seg: 0.0544, aux.acc_seg: 80.4985, loss: 0.1306
2026-04-23 01:47:50,152 - mmseg - INFO - Iter [69600/160000]	lr: 4.497e-06, eta: 21:02:25, time: 0.308, data_time: 0.003, memory: 22330, decode.loss_seg: 0.0739, decode.acc_seg: 82.9855, aux.loss_seg: 0.0543, aux.acc_seg: 80.6780, loss: 0.1282
2026-04-23 01:48:25,490 - mmseg - INFO - Iter [69650/160000]	lr: 4.494e-06, eta: 21:01:35, time: 0.707, data_time: 0.382, memory: 22330, decode.loss_seg: 0.0719, decode.acc_seg: 81.6507, aux.loss_seg: 0.0519, aux.acc_seg: 79.4550, loss: 0.1238
2026-04-23 01:49:00,612 - mmseg - INFO - Iter [69700/160000]	lr: 4.492e-06, eta: 21:00:44, time: 0.702, data_time: 0.346, memory: 22330, decode.loss_seg: 0.0770, decode.acc_seg: 83.4530, aux.loss_seg: 0.0532, aux.acc_seg: 81.3435, loss: 0.1302
2026-04-23 01:49:16,054 - mmseg - INFO - Iter [69750/160000]	lr: 4.489e-06, eta: 20:59:28, time: 0.309, data_time: 0.004, memory: 22330, decode.loss_seg: 0.0760, decode.acc_seg: 82.3806, aux.loss_seg: 0.0538, aux.acc_seg: 80.1573, loss: 0.1298
2026-04-23 01:49:50,817 - mmseg - INFO - Iter [69800/160000]	lr: 4.487e-06, eta: 20:58:37, time: 0.695, data_time: 0.330, memory: 22330, decode.loss_seg: 0.0763, decode.acc_seg: 83.7555, aux.loss_seg: 0.0541, aux.acc_seg: 81.5492, loss: 0.1304
2026-04-23 01:50:26,011 - mmseg - INFO - Iter [69850/160000]	lr: 4.484e-06, eta: 20:57:47, time: 0.704, data_time: 0.386, memory: 22330, decode.loss_seg: 0.0718, decode.acc_seg: 82.1905, aux.loss_seg: 0.0525, aux.acc_seg: 79.9348, loss: 0.1244
2026-04-23 01:50:41,414 - mmseg - INFO - Iter [69900/160000]	lr: 4.482e-06, eta: 20:56:31, time: 0.308, data_time: 0.004, memory: 22330, decode.loss_seg: 0.0763, decode.acc_seg: 82.5857, aux.loss_seg: 0.0545, aux.acc_seg: 80.3428, loss: 0.1308
2026-04-23 01:51:16,123 - mmseg - INFO - Iter [69950/160000]	lr: 4.480e-06, eta: 20:55:40, time: 0.694, data_time: 0.390, memory: 22330, decode.loss_seg: 0.0741, decode.acc_seg: 82.5415, aux.loss_seg: 0.0539, aux.acc_seg: 80.2632, loss: 0.1279
2026-04-23 01:52:01,785 - mmseg - INFO - per class results:
2026-04-23 01:52:01,786 - mmseg - INFO - 
+------------+-------+-------+
| Class      | IoU   | Acc   |
+------------+-------+-------+
| housing    | 93.22 | 96.21 |
| industrial | 90.65 | 95.09 |
| natural    | 82.23 | 86.05 |
| land_use   | 70.2  | 76.45 |
| water      | 90.75 | 96.87 |
| other      | 96.35 | 98.36 |
+------------+-------+-------+
2026-04-23 01:52:01,786 - mmseg - INFO - Summary:
2026-04-23 01:52:01,786 - mmseg - INFO - 
+--------+-------+-------+-------+
| Scope  | mIoU  | mAcc  | aAcc  |
+--------+-------+-------+-------+
| global | 87.23 | 91.51 | 94.34 |
+--------+-------+-------+-------+
2026-04-23 01:52:01,827 - mmseg - INFO - Exp name: pixel_upernet_itpn_base_12_512_slide_160k_air_polarsar2_amp_linux.py
2026-04-23 01:52:01,828 - mmseg - INFO - Iter [70000/160000]	lr: 4.477e-06, eta: 21:07:51, time: 12.861, data_time: 0.000, memory: 22330, mIoU: 0.8723, mAcc: 0.9151, aAcc: 0.9434
2026-04-23 01:52:17,147 - mmseg - INFO - Iter [70050/160000]	lr: 4.475e-06, eta: 21:06:34, time: 0.306, data_time: 0.003, memory: 22330, decode.loss_seg: 0.0733, decode.acc_seg: 83.6432, aux.loss_seg: 0.0529, aux.acc_seg: 81.4413, loss: 0.1262
2026-04-23 01:52:52,308 - mmseg - INFO - Iter [70100/160000]	lr: 4.472e-06, eta: 21:05:43, time: 0.703, data_time: 0.350, memory: 22330, decode.loss_seg: 0.0747, decode.acc_seg: 83.2974, aux.loss_seg: 0.0533, aux.acc_seg: 81.0634, loss: 0.1280
2026-04-23 01:53:26,671 - mmseg - INFO - Iter [70150/160000]	lr: 4.470e-06, eta: 21:04:50, time: 0.687, data_time: 0.360, memory: 22330, decode.loss_seg: 0.0739, decode.acc_seg: 83.4205, aux.loss_seg: 0.0527, aux.acc_seg: 81.2094, loss: 0.1266
2026-04-23 01:53:42,014 - mmseg - INFO - Iter [70200/160000]	lr: 4.467e-06, eta: 21:03:34, time: 0.307, data_time: 0.004, memory: 22330, decode.loss_seg: 0.0733, decode.acc_seg: 82.1427, aux.loss_seg: 0.0527, aux.acc_seg: 79.9134, loss: 0.1260
2026-04-23 01:54:16,291 - mmseg - INFO - Iter [70250/160000]	lr: 4.465e-06, eta: 21:02:41, time: 0.686, data_time: 0.382, memory: 22330, decode.loss_seg: 0.0753, decode.acc_seg: 84.3740, aux.loss_seg: 0.0537, aux.acc_seg: 82.1577, loss: 0.1290
2026-04-23 01:54:31,689 - mmseg - INFO - Iter [70300/160000]	lr: 4.462e-06, eta: 21:01:25, time: 0.308, data_time: 0.004, memory: 22330, decode.loss_seg: 0.0728, decode.acc_seg: 82.7209, aux.loss_seg: 0.0532, aux.acc_seg: 80.4084, loss: 0.1260
2026-04-23 01:55:05,816 - mmseg - INFO - Iter [70350/160000]	lr: 4.460e-06, eta: 21:00:32, time: 0.683, data_time: 0.380, memory: 22330, decode.loss_seg: 0.0734, decode.acc_seg: 83.1796, aux.loss_seg: 0.0527, aux.acc_seg: 80.9763, loss: 0.1261
2026-04-23 01:55:41,001 - mmseg - INFO - Iter [70400/160000]	lr: 4.457e-06, eta: 20:59:41, time: 0.704, data_time: 0.380, memory: 22330, decode.loss_seg: 0.0776, decode.acc_seg: 83.7887, aux.loss_seg: 0.0547, aux.acc_seg: 81.5657, loss: 0.1323
2026-04-23 01:55:56,323 - mmseg - INFO - Iter [70450/160000]	lr: 4.455e-06, eta: 20:58:25, time: 0.306, data_time: 0.003, memory: 22330, decode.loss_seg: 0.0727, decode.acc_seg: 81.0927, aux.loss_seg: 0.0530, aux.acc_seg: 78.8131, loss: 0.1257
2026-04-23 01:56:31,421 - mmseg - INFO - Iter [70500/160000]	lr: 4.452e-06, eta: 20:57:34, time: 0.702, data_time: 0.399, memory: 22330, decode.loss_seg: 0.0764, decode.acc_seg: 82.3454, aux.loss_seg: 0.0546, aux.acc_seg: 80.0655, loss: 0.1311
2026-04-23 01:57:06,277 - mmseg - INFO - Iter [70550/160000]	lr: 4.450e-06, eta: 20:56:42, time: 0.697, data_time: 0.379, memory: 22330, decode.loss_seg: 0.0740, decode.acc_seg: 84.2114, aux.loss_seg: 0.0527, aux.acc_seg: 82.0153, loss: 0.1267
2026-04-23 01:57:21,661 - mmseg - INFO - Iter [70600/160000]	lr: 4.447e-06, eta: 20:55:26, time: 0.307, data_time: 0.004, memory: 22330, decode.loss_seg: 0.0738, decode.acc_seg: 82.7217, aux.loss_seg: 0.0535, aux.acc_seg: 80.4432, loss: 0.1273
2026-04-23 01:57:56,887 - mmseg - INFO - Iter [70650/160000]	lr: 4.445e-06, eta: 20:54:36, time: 0.705, data_time: 0.373, memory: 22330, decode.loss_seg: 0.0731, decode.acc_seg: 82.0243, aux.loss_seg: 0.0520, aux.acc_seg: 79.8445, loss: 0.1251
2026-04-23 01:58:31,258 - mmseg - INFO - Iter [70700/160000]	lr: 4.442e-06, eta: 20:53:44, time: 0.687, data_time: 0.367, memory: 22330, decode.loss_seg: 0.0727, decode.acc_seg: 81.2436, aux.loss_seg: 0.0542, aux.acc_seg: 78.8692, loss: 0.1269
2026-04-23 01:58:46,594 - mmseg - INFO - Iter [70750/160000]	lr: 4.440e-06, eta: 20:52:28, time: 0.307, data_time: 0.004, memory: 22330, decode.loss_seg: 0.0762, decode.acc_seg: 82.2579, aux.loss_seg: 0.0553, aux.acc_seg: 79.8869, loss: 0.1316
2026-04-23 01:59:22,181 - mmseg - INFO - Iter [70800/160000]	lr: 4.437e-06, eta: 20:51:37, time: 0.712, data_time: 0.337, memory: 22330, decode.loss_seg: 0.0751, decode.acc_seg: 82.9474, aux.loss_seg: 0.0546, aux.acc_seg: 80.6021, loss: 0.1296
2026-04-23 01:59:57,349 - mmseg - INFO - Iter [70850/160000]	lr: 4.435e-06, eta: 20:50:47, time: 0.703, data_time: 0.372, memory: 22330, decode.loss_seg: 0.0735, decode.acc_seg: 84.3403, aux.loss_seg: 0.0529, aux.acc_seg: 82.1463, loss: 0.1264
2026-04-23 02:00:12,700 - mmseg - INFO - Iter [70900/160000]	lr: 4.432e-06, eta: 20:49:31, time: 0.307, data_time: 0.004, memory: 22330, decode.loss_seg: 0.0769, decode.acc_seg: 83.0623, aux.loss_seg: 0.0540, aux.acc_seg: 80.8457, loss: 0.1309
2026-04-23 02:00:48,339 - mmseg - INFO - Iter [70950/160000]	lr: 4.430e-06, eta: 20:48:41, time: 0.713, data_time: 0.375, memory: 22330, decode.loss_seg: 0.0750, decode.acc_seg: 84.7550, aux.loss_seg: 0.0544, aux.acc_seg: 82.4772, loss: 0.1293
2026-04-23 02:01:22,429 - mmseg - INFO - Exp name: pixel_upernet_itpn_base_12_512_slide_160k_air_polarsar2_amp_linux.py
2026-04-23 02:01:22,429 - mmseg - INFO - Iter [71000/160000]	lr: 4.427e-06, eta: 20:47:49, time: 0.682, data_time: 0.358, memory: 22330, decode.loss_seg: 0.0747, decode.acc_seg: 81.1414, aux.loss_seg: 0.0530, aux.acc_seg: 78.9576, loss: 0.1277
2026-04-23 02:01:37,792 - mmseg - INFO - Iter [71050/160000]	lr: 4.425e-06, eta: 20:46:33, time: 0.307, data_time: 0.004, memory: 22330, decode.loss_seg: 0.0742, decode.acc_seg: 83.7245, aux.loss_seg: 0.0528, aux.acc_seg: 81.5627, loss: 0.1270
2026-04-23 02:02:13,024 - mmseg - INFO - Iter [71100/160000]	lr: 4.422e-06, eta: 20:45:43, time: 0.705, data_time: 0.401, memory: 22330, decode.loss_seg: 0.0758, decode.acc_seg: 82.8045, aux.loss_seg: 0.0538, aux.acc_seg: 80.5772, loss: 0.1296
2026-04-23 02:02:48,601 - mmseg - INFO - Iter [71150/160000]	lr: 4.420e-06, eta: 20:44:53, time: 0.712, data_time: 0.342, memory: 22330, decode.loss_seg: 0.0701, decode.acc_seg: 82.2618, aux.loss_seg: 0.0536, aux.acc_seg: 79.7902, loss: 0.1237
2026-04-23 02:03:03,948 - mmseg - INFO - Iter [71200/160000]	lr: 4.417e-06, eta: 20:43:37, time: 0.307, data_time: 0.003, memory: 22330, decode.loss_seg: 0.0755, decode.acc_seg: 84.0466, aux.loss_seg: 0.0544, aux.acc_seg: 81.6894, loss: 0.1298
2026-04-23 02:03:39,186 - mmseg - INFO - Iter [71250/160000]	lr: 4.415e-06, eta: 20:42:47, time: 0.705, data_time: 0.400, memory: 22330, decode.loss_seg: 0.0694, decode.acc_seg: 81.2666, aux.loss_seg: 0.0498, aux.acc_seg: 79.2042, loss: 0.1192
2026-04-23 02:03:54,530 - mmseg - INFO - Iter [71300/160000]	lr: 4.412e-06, eta: 20:41:32, time: 0.307, data_time: 0.004, memory: 22330, decode.loss_seg: 0.0755, decode.acc_seg: 84.1621, aux.loss_seg: 0.0556, aux.acc_seg: 81.7400, loss: 0.1311
2026-04-23 02:04:30,184 - mmseg - INFO - Iter [71350/160000]	lr: 4.410e-06, eta: 20:40:42, time: 0.713, data_time: 0.356, memory: 22330, decode.loss_seg: 0.0729, decode.acc_seg: 84.8056, aux.loss_seg: 0.0535, aux.acc_seg: 82.4408, loss: 0.1263
2026-04-23 02:05:04,687 - mmseg - INFO - Iter [71400/160000]	lr: 4.407e-06, eta: 20:39:50, time: 0.690, data_time: 0.358, memory: 22330, decode.loss_seg: 0.0705, decode.acc_seg: 81.3503, aux.loss_seg: 0.0513, aux.acc_seg: 79.1706, loss: 0.1218
2026-04-23 02:05:20,050 - mmseg - INFO - Iter [71450/160000]	lr: 4.405e-06, eta: 20:38:35, time: 0.307, data_time: 0.003, memory: 22330, decode.loss_seg: 0.0728, decode.acc_seg: 83.5052, aux.loss_seg: 0.0533, aux.acc_seg: 81.2088, loss: 0.1261
2026-04-23 02:05:54,741 - mmseg - INFO - Iter [71500/160000]	lr: 4.402e-06, eta: 20:37:44, time: 0.694, data_time: 0.382, memory: 22330, decode.loss_seg: 0.0741, decode.acc_seg: 83.0593, aux.loss_seg: 0.0562, aux.acc_seg: 80.7046, loss: 0.1303
2026-04-23 02:06:30,117 - mmseg - INFO - Iter [71550/160000]	lr: 4.400e-06, eta: 20:36:54, time: 0.708, data_time: 0.355, memory: 22330, decode.loss_seg: 0.0717, decode.acc_seg: 84.3219, aux.loss_seg: 0.0518, aux.acc_seg: 82.0503, loss: 0.1235
2026-04-23 02:06:45,455 - mmseg - INFO - Iter [71600/160000]	lr: 4.397e-06, eta: 20:35:40, time: 0.307, data_time: 0.004, memory: 22330, decode.loss_seg: 0.0752, decode.acc_seg: 84.3681, aux.loss_seg: 0.0544, aux.acc_seg: 82.0666, loss: 0.1295
2026-04-23 02:07:21,249 - mmseg - INFO - Iter [71650/160000]	lr: 4.395e-06, eta: 20:34:50, time: 0.716, data_time: 0.375, memory: 22330, decode.loss_seg: 0.0773, decode.acc_seg: 85.3678, aux.loss_seg: 0.0574, aux.acc_seg: 82.9561, loss: 0.1347
2026-04-23 02:07:57,377 - mmseg - INFO - Iter [71700/160000]	lr: 4.392e-06, eta: 20:34:01, time: 0.723, data_time: 0.394, memory: 22330, decode.loss_seg: 0.0717, decode.acc_seg: 82.2247, aux.loss_seg: 0.0518, aux.acc_seg: 79.9850, loss: 0.1235
2026-04-23 02:08:12,819 - mmseg - INFO - Iter [71750/160000]	lr: 4.390e-06, eta: 20:32:47, time: 0.309, data_time: 0.003, memory: 22330, decode.loss_seg: 0.0709, decode.acc_seg: 83.2925, aux.loss_seg: 0.0519, aux.acc_seg: 81.0309, loss: 0.1228
2026-04-23 02:08:46,702 - mmseg - INFO - Iter [71800/160000]	lr: 4.387e-06, eta: 20:31:55, time: 0.678, data_time: 0.344, memory: 22330, decode.loss_seg: 0.0730, decode.acc_seg: 84.0510, aux.loss_seg: 0.0531, aux.acc_seg: 81.7468, loss: 0.1260
2026-04-23 02:09:22,185 - mmseg - INFO - Iter [71850/160000]	lr: 4.385e-06, eta: 20:31:05, time: 0.710, data_time: 0.405, memory: 22330, decode.loss_seg: 0.0710, decode.acc_seg: 83.2225, aux.loss_seg: 0.0513, aux.acc_seg: 81.0359, loss: 0.1223
2026-04-23 02:09:37,589 - mmseg - INFO - Iter [71900/160000]	lr: 4.383e-06, eta: 20:29:51, time: 0.308, data_time: 0.004, memory: 22330, decode.loss_seg: 0.0759, decode.acc_seg: 83.6596, aux.loss_seg: 0.0540, aux.acc_seg: 81.3730, loss: 0.1299
2026-04-23 02:10:12,954 - mmseg - INFO - Iter [71950/160000]	lr: 4.380e-06, eta: 20:29:01, time: 0.707, data_time: 0.336, memory: 22330, decode.loss_seg: 0.0761, decode.acc_seg: 83.1262, aux.loss_seg: 0.0544, aux.acc_seg: 80.8584, loss: 0.1305
2026-04-23 02:10:58,976 - mmseg - INFO - per class results:
2026-04-23 02:10:58,976 - mmseg - INFO - 
+------------+-------+-------+
| Class      | IoU   | Acc   |
+------------+-------+-------+
| housing    | 93.16 | 96.44 |
| industrial | 90.77 | 94.85 |
| natural    | 81.28 | 85.2  |
| land_use   | 71.43 | 79.19 |
| water      | 90.93 | 96.69 |
| other      | 95.74 | 98.89 |
+------------+-------+-------+
2026-04-23 02:10:58,976 - mmseg - INFO - Summary:
2026-04-23 02:10:58,976 - mmseg - INFO - 
+--------+-------+-------+-------+
| Scope  | mIoU  | mAcc  | aAcc  |
+--------+-------+-------+-------+
| global | 87.22 | 91.88 | 94.42 |
+--------+-------+-------+-------+
2026-04-23 02:10:59,003 - mmseg - INFO - Exp name: pixel_upernet_itpn_base_12_512_slide_160k_air_polarsar2_amp_linux.py
2026-04-23 02:10:59,003 - mmseg - INFO - Iter [72000/160000]	lr: 4.378e-06, eta: 20:39:27, time: 11.772, data_time: 0.000, memory: 22330, mIoU: 0.8722, mAcc: 0.9188, aAcc: 0.9442
2026-04-23 02:11:14,396 - mmseg - INFO - Iter [72050/160000]	lr: 4.375e-06, eta: 20:38:12, time: 0.308, data_time: 0.003, memory: 22330, decode.loss_seg: 0.0736, decode.acc_seg: 82.9117, aux.loss_seg: 0.0535, aux.acc_seg: 80.6293, loss: 0.1271
2026-04-23 02:11:49,507 - mmseg - INFO - Iter [72100/160000]	lr: 4.373e-06, eta: 20:37:21, time: 0.702, data_time: 0.345, memory: 22330, decode.loss_seg: 0.0746, decode.acc_seg: 81.6321, aux.loss_seg: 0.0546, aux.acc_seg: 79.2883, loss: 0.1292
2026-04-23 02:12:24,254 - mmseg - INFO - Iter [72150/160000]	lr: 4.370e-06, eta: 20:36:30, time: 0.695, data_time: 0.389, memory: 22330, decode.loss_seg: 0.0772, decode.acc_seg: 83.1425, aux.loss_seg: 0.0549, aux.acc_seg: 80.8741, loss: 0.1320
2026-04-23 02:12:39,619 - mmseg - INFO - Iter [72200/160000]	lr: 4.368e-06, eta: 20:35:15, time: 0.307, data_time: 0.003, memory: 22330, decode.loss_seg: 0.0709, decode.acc_seg: 82.1096, aux.loss_seg: 0.0518, aux.acc_seg: 79.8125, loss: 0.1227
2026-04-23 02:13:14,099 - mmseg - INFO - Iter [72250/160000]	lr: 4.365e-06, eta: 20:34:23, time: 0.690, data_time: 0.378, memory: 22330, decode.loss_seg: 0.0705, decode.acc_seg: 81.9852, aux.loss_seg: 0.0510, aux.acc_seg: 79.8073, loss: 0.1215
2026-04-23 02:13:29,500 - mmseg - INFO - Iter [72300/160000]	lr: 4.363e-06, eta: 20:33:09, time: 0.308, data_time: 0.004, memory: 22330, decode.loss_seg: 0.0745, decode.acc_seg: 83.2095, aux.loss_seg: 0.0536, aux.acc_seg: 80.9391, loss: 0.1281
2026-04-23 02:14:04,109 - mmseg - INFO - Iter [72350/160000]	lr: 4.360e-06, eta: 20:32:17, time: 0.692, data_time: 0.352, memory: 22330, decode.loss_seg: 0.0760, decode.acc_seg: 82.8013, aux.loss_seg: 0.0580, aux.acc_seg: 80.3140, loss: 0.1339
2026-04-23 02:14:39,831 - mmseg - INFO - Iter [72400/160000]	lr: 4.358e-06, eta: 20:31:27, time: 0.715, data_time: 0.400, memory: 22330, decode.loss_seg: 0.0734, decode.acc_seg: 83.4367, aux.loss_seg: 0.0536, aux.acc_seg: 81.1082, loss: 0.1270
2026-04-23 02:14:55,245 - mmseg - INFO - Iter [72450/160000]	lr: 4.355e-06, eta: 20:30:13, time: 0.308, data_time: 0.004, memory: 22330, decode.loss_seg: 0.0699, decode.acc_seg: 83.6221, aux.loss_seg: 0.0527, aux.acc_seg: 81.2624, loss: 0.1226
2026-04-23 02:15:30,501 - mmseg - INFO - Iter [72500/160000]	lr: 4.353e-06, eta: 20:29:22, time: 0.705, data_time: 0.396, memory: 22330, decode.loss_seg: 0.0735, decode.acc_seg: 83.5014, aux.loss_seg: 0.0527, aux.acc_seg: 81.3463, loss: 0.1263
2026-04-23 02:16:05,702 - mmseg - INFO - Iter [72550/160000]	lr: 4.350e-06, eta: 20:28:32, time: 0.704, data_time: 0.318, memory: 22330, decode.loss_seg: 0.0781, decode.acc_seg: 82.7418, aux.loss_seg: 0.0583, aux.acc_seg: 80.3219, loss: 0.1363
2026-04-23 02:16:21,042 - mmseg - INFO - Iter [72600/160000]	lr: 4.348e-06, eta: 20:27:17, time: 0.307, data_time: 0.004, memory: 22330, decode.loss_seg: 0.0708, decode.acc_seg: 83.9710, aux.loss_seg: 0.0512, aux.acc_seg: 81.7701, loss: 0.1219
2026-04-23 02:16:56,175 - mmseg - INFO - Iter [72650/160000]	lr: 4.345e-06, eta: 20:26:27, time: 0.703, data_time: 0.400, memory: 22330, decode.loss_seg: 0.0717, decode.acc_seg: 82.1875, aux.loss_seg: 0.0521, aux.acc_seg: 79.9837, loss: 0.1238
2026-04-23 02:17:30,841 - mmseg - INFO - Iter [72700/160000]	lr: 4.343e-06, eta: 20:25:36, time: 0.694, data_time: 0.341, memory: 22330, decode.loss_seg: 0.0727, decode.acc_seg: 84.2338, aux.loss_seg: 0.0524, aux.acc_seg: 82.0081, loss: 0.1251
2026-04-23 02:17:46,183 - mmseg - INFO - Iter [72750/160000]	lr: 4.340e-06, eta: 20:24:21, time: 0.307, data_time: 0.004, memory: 22330, decode.loss_seg: 0.0760, decode.acc_seg: 83.5379, aux.loss_seg: 0.0547, aux.acc_seg: 81.2209, loss: 0.1307
2026-04-23 02:18:20,447 - mmseg - INFO - Iter [72800/160000]	lr: 4.338e-06, eta: 20:23:30, time: 0.685, data_time: 0.369, memory: 22330, decode.loss_seg: 0.0761, decode.acc_seg: 82.6665, aux.loss_seg: 0.0559, aux.acc_seg: 80.3525, loss: 0.1320
2026-04-23 02:18:55,209 - mmseg - INFO - Iter [72850/160000]	lr: 4.335e-06, eta: 20:22:39, time: 0.695, data_time: 0.387, memory: 22330, decode.loss_seg: 0.0778, decode.acc_seg: 83.0611, aux.loss_seg: 0.0550, aux.acc_seg: 80.8400, loss: 0.1328
2026-04-23 02:19:10,520 - mmseg - INFO - Iter [72900/160000]	lr: 4.333e-06, eta: 20:21:25, time: 0.306, data_time: 0.005, memory: 22330, decode.loss_seg: 0.0712, decode.acc_seg: 82.1132, aux.loss_seg: 0.0512, aux.acc_seg: 79.9491, loss: 0.1224
2026-04-23 02:19:45,419 - mmseg - INFO - Iter [72950/160000]	lr: 4.330e-06, eta: 20:20:34, time: 0.698, data_time: 0.394, memory: 22330, decode.loss_seg: 0.0753, decode.acc_seg: 83.2844, aux.loss_seg: 0.0562, aux.acc_seg: 80.9419, loss: 0.1316
2026-04-23 02:20:19,702 - mmseg - INFO - Exp name: pixel_upernet_itpn_base_12_512_slide_160k_air_polarsar2_amp_linux.py
2026-04-23 02:20:19,703 - mmseg - INFO - Iter [73000/160000]	lr: 4.328e-06, eta: 20:19:43, time: 0.686, data_time: 0.358, memory: 22330, decode.loss_seg: 0.0720, decode.acc_seg: 82.2895, aux.loss_seg: 0.0523, aux.acc_seg: 80.0436, loss: 0.1243
2026-04-23 02:20:35,040 - mmseg - INFO - Iter [73050/160000]	lr: 4.325e-06, eta: 20:18:29, time: 0.307, data_time: 0.004, memory: 22330, decode.loss_seg: 0.0750, decode.acc_seg: 83.5917, aux.loss_seg: 0.0543, aux.acc_seg: 81.2794, loss: 0.1293
2026-04-23 02:21:08,965 - mmseg - INFO - Iter [73100/160000]	lr: 4.323e-06, eta: 20:17:38, time: 0.679, data_time: 0.375, memory: 22330, decode.loss_seg: 0.0726, decode.acc_seg: 82.0135, aux.loss_seg: 0.0518, aux.acc_seg: 79.8116, loss: 0.1244
2026-04-23 02:21:24,328 - mmseg - INFO - Iter [73150/160000]	lr: 4.320e-06, eta: 20:16:24, time: 0.307, data_time: 0.004, memory: 22330, decode.loss_seg: 0.0692, decode.acc_seg: 83.7361, aux.loss_seg: 0.0507, aux.acc_seg: 81.5442, loss: 0.1199
2026-04-23 02:21:58,860 - mmseg - INFO - Iter [73200/160000]	lr: 4.318e-06, eta: 20:15:33, time: 0.691, data_time: 0.376, memory: 22330, decode.loss_seg: 0.0731, decode.acc_seg: 84.3349, aux.loss_seg: 0.0525, aux.acc_seg: 82.1505, loss: 0.1257
2026-04-23 02:22:34,061 - mmseg - INFO - Iter [73250/160000]	lr: 4.315e-06, eta: 20:14:43, time: 0.704, data_time: 0.335, memory: 22330, decode.loss_seg: 0.0697, decode.acc_seg: 83.7471, aux.loss_seg: 0.0514, aux.acc_seg: 81.4911, loss: 0.1211
2026-04-23 02:22:49,406 - mmseg - INFO - Iter [73300/160000]	lr: 4.313e-06, eta: 20:13:29, time: 0.307, data_time: 0.003, memory: 22330, decode.loss_seg: 0.0711, decode.acc_seg: 82.8844, aux.loss_seg: 0.0516, aux.acc_seg: 80.6994, loss: 0.1227
2026-04-23 02:23:24,322 - mmseg - INFO - Iter [73350/160000]	lr: 4.310e-06, eta: 20:12:39, time: 0.698, data_time: 0.381, memory: 22330, decode.loss_seg: 0.0710, decode.acc_seg: 81.8591, aux.loss_seg: 0.0539, aux.acc_seg: 79.5212, loss: 0.1248
2026-04-23 02:23:59,415 - mmseg - INFO - Iter [73400/160000]	lr: 4.308e-06, eta: 20:11:49, time: 0.702, data_time: 0.341, memory: 22330, decode.loss_seg: 0.0738, decode.acc_seg: 84.1751, aux.loss_seg: 0.0520, aux.acc_seg: 82.0132, loss: 0.1259
2026-04-23 02:24:14,777 - mmseg - INFO - Iter [73450/160000]	lr: 4.305e-06, eta: 20:10:35, time: 0.307, data_time: 0.003, memory: 22330, decode.loss_seg: 0.0702, decode.acc_seg: 84.4161, aux.loss_seg: 0.0509, aux.acc_seg: 82.2311, loss: 0.1211
2026-04-23 02:24:49,338 - mmseg - INFO - Iter [73500/160000]	lr: 4.303e-06, eta: 20:09:45, time: 0.691, data_time: 0.330, memory: 22330, decode.loss_seg: 0.0692, decode.acc_seg: 82.1433, aux.loss_seg: 0.0499, aux.acc_seg: 80.0092, loss: 0.1191
2026-04-23 02:25:24,299 - mmseg - INFO - Iter [73550/160000]	lr: 4.300e-06, eta: 20:08:55, time: 0.699, data_time: 0.354, memory: 22330, decode.loss_seg: 0.0723, decode.acc_seg: 83.8535, aux.loss_seg: 0.0525, aux.acc_seg: 81.5790, loss: 0.1249
2026-04-23 02:25:39,693 - mmseg - INFO - Iter [73600/160000]	lr: 4.298e-06, eta: 20:07:41, time: 0.308, data_time: 0.004, memory: 22330, decode.loss_seg: 0.0733, decode.acc_seg: 83.5764, aux.loss_seg: 0.0534, aux.acc_seg: 81.2662, loss: 0.1267
2026-04-23 02:26:14,833 - mmseg - INFO - Iter [73650/160000]	lr: 4.295e-06, eta: 20:06:52, time: 0.703, data_time: 0.349, memory: 22330, decode.loss_seg: 0.0749, decode.acc_seg: 81.6244, aux.loss_seg: 0.0537, aux.acc_seg: 79.4212, loss: 0.1286
2026-04-23 02:26:50,290 - mmseg - INFO - Iter [73700/160000]	lr: 4.293e-06, eta: 20:06:02, time: 0.709, data_time: 0.386, memory: 22330, decode.loss_seg: 0.0705, decode.acc_seg: 83.5660, aux.loss_seg: 0.0513, aux.acc_seg: 81.3478, loss: 0.1218
2026-04-23 02:27:05,626 - mmseg - INFO - Iter [73750/160000]	lr: 4.290e-06, eta: 20:04:49, time: 0.307, data_time: 0.004, memory: 22330, decode.loss_seg: 0.0717, decode.acc_seg: 82.8076, aux.loss_seg: 0.0532, aux.acc_seg: 80.4241, loss: 0.1249
2026-04-23 02:27:41,210 - mmseg - INFO - Iter [73800/160000]	lr: 4.288e-06, eta: 20:04:00, time: 0.712, data_time: 0.373, memory: 22330, decode.loss_seg: 0.0700, decode.acc_seg: 83.3539, aux.loss_seg: 0.0513, aux.acc_seg: 81.1511, loss: 0.1213
2026-04-23 02:28:15,920 - mmseg - INFO - Iter [73850/160000]	lr: 4.286e-06, eta: 20:03:09, time: 0.694, data_time: 0.376, memory: 22330, decode.loss_seg: 0.0722, decode.acc_seg: 83.8547, aux.loss_seg: 0.0532, aux.acc_seg: 81.5755, loss: 0.1254
2026-04-23 02:28:31,265 - mmseg - INFO - Iter [73900/160000]	lr: 4.283e-06, eta: 20:01:57, time: 0.307, data_time: 0.003, memory: 22330, decode.loss_seg: 0.0719, decode.acc_seg: 83.6280, aux.loss_seg: 0.0519, aux.acc_seg: 81.4032, loss: 0.1239
2026-04-23 02:29:06,337 - mmseg - INFO - Iter [73950/160000]	lr: 4.281e-06, eta: 20:01:07, time: 0.701, data_time: 0.398, memory: 22330, decode.loss_seg: 0.0791, decode.acc_seg: 83.8158, aux.loss_seg: 0.0541, aux.acc_seg: 81.6981, loss: 0.1332
2026-04-23 02:29:53,294 - mmseg - INFO - per class results:
2026-04-23 02:29:53,295 - mmseg - INFO - 
+------------+-------+-------+
| Class      | IoU   | Acc   |
+------------+-------+-------+
| housing    | 92.94 | 97.47 |
| industrial | 90.76 | 94.45 |
| natural    | 82.44 | 90.26 |
| land_use   | 72.94 | 82.79 |
| water      | 91.03 | 95.82 |
| other      | 95.21 | 99.16 |
+------------+-------+-------+
2026-04-23 02:29:53,295 - mmseg - INFO - Summary:
2026-04-23 02:29:53,295 - mmseg - INFO - 
+--------+-------+-------+-------+
| Scope  | mIoU  | mAcc  | aAcc  |
+--------+-------+-------+-------+
| global | 87.55 | 93.33 | 94.48 |
+--------+-------+-------+-------+
2026-04-23 02:29:53,335 - mmseg - INFO - Exp name: pixel_upernet_itpn_base_12_512_slide_160k_air_polarsar2_amp_linux.py
2026-04-23 02:29:53,335 - mmseg - INFO - Iter [74000/160000]	lr: 4.278e-06, eta: 20:12:04, time: 12.860, data_time: 0.000, memory: 22330, mIoU: 0.8755, mAcc: 0.9333, aAcc: 0.9448
2026-04-23 02:30:08,655 - mmseg - INFO - Iter [74050/160000]	lr: 4.276e-06, eta: 20:10:50, time: 0.306, data_time: 0.004, memory: 22330, decode.loss_seg: 0.0713, decode.acc_seg: 84.1246, aux.loss_seg: 0.0513, aux.acc_seg: 81.9618, loss: 0.1226
2026-04-23 02:30:43,210 - mmseg - INFO - Iter [74100/160000]	lr: 4.273e-06, eta: 20:09:59, time: 0.691, data_time: 0.369, memory: 22330, decode.loss_seg: 0.0714, decode.acc_seg: 82.1879, aux.loss_seg: 0.0513, aux.acc_seg: 79.9600, loss: 0.1227
2026-04-23 02:30:58,592 - mmseg - INFO - Iter [74150/160000]	lr: 4.271e-06, eta: 20:08:45, time: 0.308, data_time: 0.004, memory: 22330, decode.loss_seg: 0.0734, decode.acc_seg: 82.5933, aux.loss_seg: 0.0521, aux.acc_seg: 80.4145, loss: 0.1255
2026-04-23 02:31:34,316 - mmseg - INFO - Iter [74200/160000]	lr: 4.268e-06, eta: 20:07:56, time: 0.715, data_time: 0.387, memory: 22330, decode.loss_seg: 0.0704, decode.acc_seg: 82.4777, aux.loss_seg: 0.0515, aux.acc_seg: 80.2236, loss: 0.1219
2026-04-23 02:32:09,889 - mmseg - INFO - Iter [74250/160000]	lr: 4.266e-06, eta: 20:07:06, time: 0.711, data_time: 0.376, memory: 22330, decode.loss_seg: 0.0719, decode.acc_seg: 82.2013, aux.loss_seg: 0.0557, aux.acc_seg: 79.5976, loss: 0.1276
2026-04-23 02:32:25,359 - mmseg - INFO - Iter [74300/160000]	lr: 4.263e-06, eta: 20:05:53, time: 0.309, data_time: 0.004, memory: 22330, decode.loss_seg: 0.0690, decode.acc_seg: 82.7591, aux.loss_seg: 0.0509, aux.acc_seg: 80.4947, loss: 0.1198
2026-04-23 02:33:00,994 - mmseg - INFO - Iter [74350/160000]	lr: 4.261e-06, eta: 20:05:03, time: 0.713, data_time: 0.390, memory: 22330, decode.loss_seg: 0.0712, decode.acc_seg: 82.5934, aux.loss_seg: 0.0519, aux.acc_seg: 80.3294, loss: 0.1231
2026-04-23 02:33:36,343 - mmseg - INFO - Iter [74400/160000]	lr: 4.258e-06, eta: 20:04:13, time: 0.707, data_time: 0.357, memory: 22330, decode.loss_seg: 0.0696, decode.acc_seg: 82.6931, aux.loss_seg: 0.0509, aux.acc_seg: 80.4654, loss: 0.1204
2026-04-23 02:33:51,763 - mmseg - INFO - Iter [74450/160000]	lr: 4.256e-06, eta: 20:03:00, time: 0.309, data_time: 0.004, memory: 22330, decode.loss_seg: 0.0727, decode.acc_seg: 83.2471, aux.loss_seg: 0.0532, aux.acc_seg: 80.9155, loss: 0.1259
2026-04-23 02:34:26,318 - mmseg - INFO - Iter [74500/160000]	lr: 4.253e-06, eta: 20:02:09, time: 0.691, data_time: 0.387, memory: 22330, decode.loss_seg: 0.0704, decode.acc_seg: 83.7532, aux.loss_seg: 0.0514, aux.acc_seg: 81.5348, loss: 0.1217
2026-04-23 02:35:00,644 - mmseg - INFO - Iter [74550/160000]	lr: 4.251e-06, eta: 20:01:18, time: 0.687, data_time: 0.306, memory: 22330, decode.loss_seg: 0.0694, decode.acc_seg: 82.2122, aux.loss_seg: 0.0526, aux.acc_seg: 79.9137, loss: 0.1220
2026-04-23 02:35:15,937 - mmseg - INFO - Iter [74600/160000]	lr: 4.248e-06, eta: 20:00:05, time: 0.306, data_time: 0.004, memory: 22330, decode.loss_seg: 0.0729, decode.acc_seg: 82.2680, aux.loss_seg: 0.0536, aux.acc_seg: 79.9308, loss: 0.1265
2026-04-23 02:35:50,939 - mmseg - INFO - Iter [74650/160000]	lr: 4.246e-06, eta: 19:59:14, time: 0.700, data_time: 0.378, memory: 22330, decode.loss_seg: 0.0696, decode.acc_seg: 82.7910, aux.loss_seg: 0.0505, aux.acc_seg: 80.5947, loss: 0.1201
2026-04-23 02:36:26,263 - mmseg - INFO - Iter [74700/160000]	lr: 4.243e-06, eta: 19:58:24, time: 0.707, data_time: 0.370, memory: 22330, decode.loss_seg: 0.0680, decode.acc_seg: 82.6256, aux.loss_seg: 0.0488, aux.acc_seg: 80.5512, loss: 0.1168
2026-04-23 02:36:41,607 - mmseg - INFO - Iter [74750/160000]	lr: 4.241e-06, eta: 19:57:12, time: 0.307, data_time: 0.004, memory: 22330, decode.loss_seg: 0.0706, decode.acc_seg: 82.7288, aux.loss_seg: 0.0525, aux.acc_seg: 80.3860, loss: 0.1231
2026-04-23 02:37:17,043 - mmseg - INFO - Iter [74800/160000]	lr: 4.238e-06, eta: 19:56:22, time: 0.709, data_time: 0.362, memory: 22330, decode.loss_seg: 0.0693, decode.acc_seg: 82.0831, aux.loss_seg: 0.0495, aux.acc_seg: 79.9774, loss: 0.1187
2026-04-23 02:37:51,298 - mmseg - INFO - Iter [74850/160000]	lr: 4.236e-06, eta: 19:55:31, time: 0.685, data_time: 0.336, memory: 22330, decode.loss_seg: 0.0720, decode.acc_seg: 83.9643, aux.loss_seg: 0.0523, aux.acc_seg: 81.6765, loss: 0.1243
2026-04-23 02:38:06,683 - mmseg - INFO - Iter [74900/160000]	lr: 4.233e-06, eta: 19:54:18, time: 0.308, data_time: 0.004, memory: 22330, decode.loss_seg: 0.0681, decode.acc_seg: 82.2987, aux.loss_seg: 0.0513, aux.acc_seg: 79.9400, loss: 0.1194
2026-04-23 02:38:41,389 - mmseg - INFO - Iter [74950/160000]	lr: 4.231e-06, eta: 19:53:28, time: 0.694, data_time: 0.353, memory: 22330, decode.loss_seg: 0.0707, decode.acc_seg: 83.0909, aux.loss_seg: 0.0514, aux.acc_seg: 80.8910, loss: 0.1221
2026-04-23 02:39:16,506 - mmseg - INFO - Exp name: pixel_upernet_itpn_base_12_512_slide_160k_air_polarsar2_amp_linux.py
2026-04-23 02:39:16,506 - mmseg - INFO - Iter [75000/160000]	lr: 4.228e-06, eta: 19:52:38, time: 0.702, data_time: 0.383, memory: 22330, decode.loss_seg: 0.0689, decode.acc_seg: 83.3165, aux.loss_seg: 0.0501, aux.acc_seg: 81.1523, loss: 0.1190
2026-04-23 02:39:31,915 - mmseg - INFO - Iter [75050/160000]	lr: 4.226e-06, eta: 19:51:25, time: 0.308, data_time: 0.004, memory: 22330, decode.loss_seg: 0.0683, decode.acc_seg: 82.0851, aux.loss_seg: 0.0509, aux.acc_seg: 79.7958, loss: 0.1192
2026-04-23 02:40:06,620 - mmseg - INFO - Iter [75100/160000]	lr: 4.223e-06, eta: 19:50:35, time: 0.694, data_time: 0.361, memory: 22330, decode.loss_seg: 0.0687, decode.acc_seg: 83.8154, aux.loss_seg: 0.0502, aux.acc_seg: 81.6574, loss: 0.1189
2026-04-23 02:40:22,036 - mmseg - INFO - Iter [75150/160000]	lr: 4.221e-06, eta: 19:49:23, time: 0.308, data_time: 0.004, memory: 22330, decode.loss_seg: 0.0714, decode.acc_seg: 82.7587, aux.loss_seg: 0.0520, aux.acc_seg: 80.5616, loss: 0.1234
2026-04-23 02:40:57,865 - mmseg - INFO - Iter [75200/160000]	lr: 4.218e-06, eta: 19:48:34, time: 0.716, data_time: 0.412, memory: 22330, decode.loss_seg: 0.0747, decode.acc_seg: 82.9433, aux.loss_seg: 0.0528, aux.acc_seg: 80.7310, loss: 0.1275
2026-04-23 02:41:33,296 - mmseg - INFO - Iter [75250/160000]	lr: 4.216e-06, eta: 19:47:44, time: 0.709, data_time: 0.404, memory: 22330, decode.loss_seg: 0.0726, decode.acc_seg: 83.4833, aux.loss_seg: 0.0522, aux.acc_seg: 81.2401, loss: 0.1248
2026-04-23 02:41:48,706 - mmseg - INFO - Iter [75300/160000]	lr: 4.213e-06, eta: 19:46:32, time: 0.308, data_time: 0.003, memory: 22330, decode.loss_seg: 0.0671, decode.acc_seg: 82.9721, aux.loss_seg: 0.0503, aux.acc_seg: 80.7318, loss: 0.1174
2026-04-23 02:42:23,759 - mmseg - INFO - Iter [75350/160000]	lr: 4.211e-06, eta: 19:45:42, time: 0.701, data_time: 0.395, memory: 22330, decode.loss_seg: 0.0718, decode.acc_seg: 83.2558, aux.loss_seg: 0.0520, aux.acc_seg: 81.0093, loss: 0.1238
2026-04-23 02:42:59,004 - mmseg - INFO - Iter [75400/160000]	lr: 4.208e-06, eta: 19:44:53, time: 0.705, data_time: 0.374, memory: 22330, decode.loss_seg: 0.0700, decode.acc_seg: 83.1425, aux.loss_seg: 0.0506, aux.acc_seg: 80.9560, loss: 0.1206
2026-04-23 02:43:14,435 - mmseg - INFO - Iter [75450/160000]	lr: 4.206e-06, eta: 19:43:41, time: 0.309, data_time: 0.004, memory: 22330, decode.loss_seg: 0.0680, decode.acc_seg: 82.1484, aux.loss_seg: 0.0499, aux.acc_seg: 79.9348, loss: 0.1179
2026-04-23 02:43:48,673 - mmseg - INFO - Iter [75500/160000]	lr: 4.203e-06, eta: 19:42:50, time: 0.685, data_time: 0.330, memory: 22330, decode.loss_seg: 0.0684, decode.acc_seg: 82.6215, aux.loss_seg: 0.0496, aux.acc_seg: 80.5029, loss: 0.1180
2026-04-23 02:44:23,306 - mmseg - INFO - Iter [75550/160000]	lr: 4.201e-06, eta: 19:42:00, time: 0.693, data_time: 0.388, memory: 22330, decode.loss_seg: 0.0729, decode.acc_seg: 84.1688, aux.loss_seg: 0.0528, aux.acc_seg: 81.9423, loss: 0.1256
2026-04-23 02:44:38,755 - mmseg - INFO - Iter [75600/160000]	lr: 4.198e-06, eta: 19:40:48, time: 0.309, data_time: 0.004, memory: 22330, decode.loss_seg: 0.0710, decode.acc_seg: 84.1157, aux.loss_seg: 0.0515, aux.acc_seg: 81.9192, loss: 0.1225
2026-04-23 02:45:13,649 - mmseg - INFO - Iter [75650/160000]	lr: 4.196e-06, eta: 19:39:59, time: 0.698, data_time: 0.368, memory: 22330, decode.loss_seg: 0.0726, decode.acc_seg: 82.3629, aux.loss_seg: 0.0533, aux.acc_seg: 80.0249, loss: 0.1259
2026-04-23 02:45:49,413 - mmseg - INFO - Iter [75700/160000]	lr: 4.193e-06, eta: 19:39:10, time: 0.715, data_time: 0.351, memory: 22330, decode.loss_seg: 0.0704, decode.acc_seg: 83.2889, aux.loss_seg: 0.0528, aux.acc_seg: 80.9060, loss: 0.1233
2026-04-23 02:46:04,842 - mmseg - INFO - Iter [75750/160000]	lr: 4.191e-06, eta: 19:37:58, time: 0.309, data_time: 0.003, memory: 22330, decode.loss_seg: 0.0697, decode.acc_seg: 83.6311, aux.loss_seg: 0.0531, aux.acc_seg: 81.3638, loss: 0.1228
2026-04-23 02:46:39,686 - mmseg - INFO - Iter [75800/160000]	lr: 4.189e-06, eta: 19:37:08, time: 0.697, data_time: 0.368, memory: 22330, decode.loss_seg: 0.0716, decode.acc_seg: 82.7703, aux.loss_seg: 0.0525, aux.acc_seg: 80.4654, loss: 0.1241
2026-04-23 02:47:15,360 - mmseg - INFO - Iter [75850/160000]	lr: 4.186e-06, eta: 19:36:20, time: 0.713, data_time: 0.388, memory: 22330, decode.loss_seg: 0.0694, decode.acc_seg: 82.7200, aux.loss_seg: 0.0531, aux.acc_seg: 80.2792, loss: 0.1225
2026-04-23 02:47:30,784 - mmseg - INFO - Iter [75900/160000]	lr: 4.184e-06, eta: 19:35:08, time: 0.308, data_time: 0.004, memory: 22330, decode.loss_seg: 0.0726, decode.acc_seg: 82.4324, aux.loss_seg: 0.0522, aux.acc_seg: 80.2331, loss: 0.1248
2026-04-23 02:48:05,583 - mmseg - INFO - Iter [75950/160000]	lr: 4.181e-06, eta: 19:34:18, time: 0.696, data_time: 0.363, memory: 22330, decode.loss_seg: 0.0704, decode.acc_seg: 82.8299, aux.loss_seg: 0.0530, aux.acc_seg: 80.4429, loss: 0.1234
2026-04-23 02:48:51,893 - mmseg - INFO - per class results:
2026-04-23 02:48:51,893 - mmseg - INFO - 
+------------+-------+-------+
| Class      | IoU   | Acc   |
+------------+-------+-------+
| housing    | 93.26 | 96.23 |
| industrial | 91.09 | 95.84 |
| natural    | 80.98 | 83.81 |
| land_use   | 71.94 | 80.15 |
| water      | 91.18 | 96.16 |
| other      | 96.31 | 98.95 |
+------------+-------+-------+
2026-04-23 02:48:51,893 - mmseg - INFO - Summary:
2026-04-23 02:48:51,893 - mmseg - INFO - 
+--------+-------+-------+-------+
| Scope  | mIoU  | mAcc  | aAcc  |
+--------+-------+-------+-------+
| global | 87.46 | 91.86 | 94.56 |
+--------+-------+-------+-------+
2026-04-23 02:48:51,919 - mmseg - INFO - Exp name: pixel_upernet_itpn_base_12_512_slide_160k_air_polarsar2_amp_linux.py
2026-04-23 02:48:51,919 - mmseg - INFO - Iter [76000/160000]	lr: 4.179e-06, eta: 20:01:35, time: 31.209, data_time: 0.000, memory: 22330, mIoU: 0.8746, mAcc: 0.9186, aAcc: 0.9456
2026-04-23 02:49:07,362 - mmseg - INFO - Iter [76050/160000]	lr: 4.176e-06, eta: 20:00:22, time: 0.309, data_time: 0.004, memory: 22330, decode.loss_seg: 0.0703, decode.acc_seg: 83.2518, aux.loss_seg: 0.0510, aux.acc_seg: 81.0591, loss: 0.1214
2026-04-23 02:49:43,161 - mmseg - INFO - Iter [76100/160000]	lr: 4.174e-06, eta: 19:59:31, time: 0.716, data_time: 0.403, memory: 22330, decode.loss_seg: 0.0687, decode.acc_seg: 84.6287, aux.loss_seg: 0.0504, aux.acc_seg: 82.4448, loss: 0.1191
2026-04-23 02:49:58,573 - mmseg - INFO - Iter [76150/160000]	lr: 4.171e-06, eta: 19:58:18, time: 0.308, data_time: 0.004, memory: 22330, decode.loss_seg: 0.0702, decode.acc_seg: 82.3077, aux.loss_seg: 0.0509, aux.acc_seg: 80.0274, loss: 0.1211
2026-04-23 02:50:34,669 - mmseg - INFO - Iter [76200/160000]	lr: 4.169e-06, eta: 19:57:27, time: 0.722, data_time: 0.343, memory: 22330, decode.loss_seg: 0.0693, decode.acc_seg: 82.5561, aux.loss_seg: 0.0505, aux.acc_seg: 80.3730, loss: 0.1198
2026-04-23 02:51:09,653 - mmseg - INFO - Iter [76250/160000]	lr: 4.166e-06, eta: 19:56:36, time: 0.700, data_time: 0.353, memory: 22330, decode.loss_seg: 0.0703, decode.acc_seg: 83.5036, aux.loss_seg: 0.0509, aux.acc_seg: 81.2992, loss: 0.1211
2026-04-23 02:51:25,118 - mmseg - INFO - Iter [76300/160000]	lr: 4.164e-06, eta: 19:55:23, time: 0.309, data_time: 0.004, memory: 22330, decode.loss_seg: 0.0690, decode.acc_seg: 81.3434, aux.loss_seg: 0.0499, aux.acc_seg: 79.2245, loss: 0.1189
2026-04-23 02:52:00,774 - mmseg - INFO - Iter [76350/160000]	lr: 4.161e-06, eta: 19:54:32, time: 0.713, data_time: 0.387, memory: 22330, decode.loss_seg: 0.0703, decode.acc_seg: 83.4455, aux.loss_seg: 0.0517, aux.acc_seg: 81.1812, loss: 0.1220
2026-04-23 02:52:36,542 - mmseg - INFO - Iter [76400/160000]	lr: 4.159e-06, eta: 19:53:42, time: 0.715, data_time: 0.387, memory: 22330, decode.loss_seg: 0.0674, decode.acc_seg: 84.2249, aux.loss_seg: 0.0494, aux.acc_seg: 82.0678, loss: 0.1168
2026-04-23 02:52:51,990 - mmseg - INFO - Iter [76450/160000]	lr: 4.156e-06, eta: 19:52:29, time: 0.309, data_time: 0.004, memory: 22330, decode.loss_seg: 0.0701, decode.acc_seg: 83.2588, aux.loss_seg: 0.0527, aux.acc_seg: 80.8886, loss: 0.1228
2026-04-23 02:53:26,082 - mmseg - INFO - Iter [76500/160000]	lr: 4.154e-06, eta: 19:51:37, time: 0.682, data_time: 0.371, memory: 22330, decode.loss_seg: 0.0695, decode.acc_seg: 83.5076, aux.loss_seg: 0.0501, aux.acc_seg: 81.3670, loss: 0.1197
2026-04-23 02:54:01,246 - mmseg - INFO - Iter [76550/160000]	lr: 4.151e-06, eta: 19:50:45, time: 0.703, data_time: 0.344, memory: 22330, decode.loss_seg: 0.0704, decode.acc_seg: 83.7885, aux.loss_seg: 0.0512, aux.acc_seg: 81.5910, loss: 0.1216
2026-04-23 02:54:16,589 - mmseg - INFO - Iter [76600/160000]	lr: 4.149e-06, eta: 19:49:33, time: 0.307, data_time: 0.003, memory: 22330, decode.loss_seg: 0.0718, decode.acc_seg: 83.3084, aux.loss_seg: 0.0514, aux.acc_seg: 81.1465, loss: 0.1232
2026-04-23 02:54:50,771 - mmseg - INFO - Iter [76650/160000]	lr: 4.146e-06, eta: 19:48:41, time: 0.684, data_time: 0.367, memory: 22330, decode.loss_seg: 0.0696, decode.acc_seg: 83.1408, aux.loss_seg: 0.0504, aux.acc_seg: 80.9544, loss: 0.1199
2026-04-23 02:55:25,786 - mmseg - INFO - Iter [76700/160000]	lr: 4.144e-06, eta: 19:47:49, time: 0.700, data_time: 0.327, memory: 22330, decode.loss_seg: 0.0701, decode.acc_seg: 82.9324, aux.loss_seg: 0.0507, aux.acc_seg: 80.7220, loss: 0.1207
2026-04-23 02:55:41,119 - mmseg - INFO - Iter [76750/160000]	lr: 4.141e-06, eta: 19:46:37, time: 0.307, data_time: 0.003, memory: 22330, decode.loss_seg: 0.0707, decode.acc_seg: 82.4199, aux.loss_seg: 0.0511, aux.acc_seg: 80.2181, loss: 0.1218
2026-04-23 02:56:16,398 - mmseg - INFO - Iter [76800/160000]	lr: 4.139e-06, eta: 19:45:46, time: 0.706, data_time: 0.346, memory: 22330, decode.loss_seg: 0.0699, decode.acc_seg: 82.0993, aux.loss_seg: 0.0501, aux.acc_seg: 79.9845, loss: 0.1200
2026-04-23 02:56:51,881 - mmseg - INFO - Iter [76850/160000]	lr: 4.136e-06, eta: 19:44:55, time: 0.709, data_time: 0.408, memory: 22330, decode.loss_seg: 0.0717, decode.acc_seg: 85.7238, aux.loss_seg: 0.0528, aux.acc_seg: 83.4520, loss: 0.1245
2026-04-23 02:57:07,201 - mmseg - INFO - Iter [76900/160000]	lr: 4.134e-06, eta: 19:43:43, time: 0.306, data_time: 0.004, memory: 22330, decode.loss_seg: 0.0667, decode.acc_seg: 82.5805, aux.loss_seg: 0.0491, aux.acc_seg: 80.3856, loss: 0.1158
2026-04-23 02:57:43,125 - mmseg - INFO - Iter [76950/160000]	lr: 4.131e-06, eta: 19:42:53, time: 0.719, data_time: 0.371, memory: 22330, decode.loss_seg: 0.0703, decode.acc_seg: 83.8219, aux.loss_seg: 0.0511, aux.acc_seg: 81.5726, loss: 0.1213
2026-04-23 02:57:58,445 - mmseg - INFO - Exp name: pixel_upernet_itpn_base_12_512_slide_160k_air_polarsar2_amp_linux.py
2026-04-23 02:57:58,445 - mmseg - INFO - Iter [77000/160000]	lr: 4.129e-06, eta: 19:41:41, time: 0.306, data_time: 0.004, memory: 22330, decode.loss_seg: 0.0683, decode.acc_seg: 83.2978, aux.loss_seg: 0.0511, aux.acc_seg: 81.0362, loss: 0.1193
2026-04-23 02:58:33,682 - mmseg - INFO - Iter [77050/160000]	lr: 4.126e-06, eta: 19:40:50, time: 0.705, data_time: 0.364, memory: 22330, decode.loss_seg: 0.0690, decode.acc_seg: 83.1115, aux.loss_seg: 0.0501, aux.acc_seg: 80.9360, loss: 0.1191
2026-04-23 02:59:07,875 - mmseg - INFO - Iter [77100/160000]	lr: 4.124e-06, eta: 19:39:58, time: 0.684, data_time: 0.380, memory: 22330, decode.loss_seg: 0.0695, decode.acc_seg: 81.6956, aux.loss_seg: 0.0503, aux.acc_seg: 79.5309, loss: 0.1198
2026-04-23 02:59:23,225 - mmseg - INFO - Iter [77150/160000]	lr: 4.121e-06, eta: 19:38:46, time: 0.307, data_time: 0.004, memory: 22330, decode.loss_seg: 0.0716, decode.acc_seg: 82.8930, aux.loss_seg: 0.0514, aux.acc_seg: 80.7458, loss: 0.1230
2026-04-23 02:59:58,160 - mmseg - INFO - Iter [77200/160000]	lr: 4.119e-06, eta: 19:37:55, time: 0.699, data_time: 0.336, memory: 22330, decode.loss_seg: 0.0691, decode.acc_seg: 83.6437, aux.loss_seg: 0.0501, aux.acc_seg: 81.4579, loss: 0.1193
2026-04-23 03:00:32,723 - mmseg - INFO - Iter [77250/160000]	lr: 4.116e-06, eta: 19:37:04, time: 0.691, data_time: 0.388, memory: 22330, decode.loss_seg: 0.0712, decode.acc_seg: 84.7020, aux.loss_seg: 0.0515, aux.acc_seg: 82.5009, loss: 0.1227
2026-04-23 03:00:48,107 - mmseg - INFO - Iter [77300/160000]	lr: 4.114e-06, eta: 19:35:52, time: 0.308, data_time: 0.004, memory: 22330, decode.loss_seg: 0.0664, decode.acc_seg: 83.7745, aux.loss_seg: 0.0492, aux.acc_seg: 81.6173, loss: 0.1156
2026-04-23 03:01:22,964 - mmseg - INFO - Iter [77350/160000]	lr: 4.111e-06, eta: 19:35:01, time: 0.697, data_time: 0.305, memory: 22330, decode.loss_seg: 0.0682, decode.acc_seg: 82.3436, aux.loss_seg: 0.0512, aux.acc_seg: 80.0380, loss: 0.1194
2026-04-23 03:01:57,775 - mmseg - INFO - Iter [77400/160000]	lr: 4.109e-06, eta: 19:34:10, time: 0.696, data_time: 0.385, memory: 22330, decode.loss_seg: 0.0695, decode.acc_seg: 84.1278, aux.loss_seg: 0.0507, aux.acc_seg: 81.9419, loss: 0.1202
2026-04-23 03:02:13,104 - mmseg - INFO - Iter [77450/160000]	lr: 4.106e-06, eta: 19:32:58, time: 0.306, data_time: 0.003, memory: 22330, decode.loss_seg: 0.0699, decode.acc_seg: 82.8361, aux.loss_seg: 0.0502, aux.acc_seg: 80.6773, loss: 0.1201
2026-04-23 03:02:47,695 - mmseg - INFO - Iter [77500/160000]	lr: 4.104e-06, eta: 19:32:07, time: 0.692, data_time: 0.364, memory: 22330, decode.loss_seg: 0.0676, decode.acc_seg: 83.0091, aux.loss_seg: 0.0500, aux.acc_seg: 80.8222, loss: 0.1176
2026-04-23 03:03:21,811 - mmseg - INFO - Iter [77550/160000]	lr: 4.101e-06, eta: 19:31:15, time: 0.682, data_time: 0.359, memory: 22330, decode.loss_seg: 0.0685, decode.acc_seg: 83.1557, aux.loss_seg: 0.0514, aux.acc_seg: 80.9003, loss: 0.1198
2026-04-23 03:03:37,188 - mmseg - INFO - Iter [77600/160000]	lr: 4.099e-06, eta: 19:30:03, time: 0.308, data_time: 0.004, memory: 22330, decode.loss_seg: 0.0688, decode.acc_seg: 84.0619, aux.loss_seg: 0.0498, aux.acc_seg: 81.9161, loss: 0.1185
2026-04-23 03:04:12,560 - mmseg - INFO - Iter [77650/160000]	lr: 4.096e-06, eta: 19:29:13, time: 0.708, data_time: 0.373, memory: 22330, decode.loss_seg: 0.0652, decode.acc_seg: 82.8283, aux.loss_seg: 0.0475, aux.acc_seg: 80.7526, loss: 0.1127
2026-04-23 03:04:47,714 - mmseg - INFO - Iter [77700/160000]	lr: 4.094e-06, eta: 19:28:23, time: 0.703, data_time: 0.387, memory: 22330, decode.loss_seg: 0.0666, decode.acc_seg: 84.1298, aux.loss_seg: 0.0488, aux.acc_seg: 82.0010, loss: 0.1154
2026-04-23 03:05:03,032 - mmseg - INFO - Iter [77750/160000]	lr: 4.092e-06, eta: 19:27:11, time: 0.306, data_time: 0.004, memory: 22330, decode.loss_seg: 0.0700, decode.acc_seg: 83.7289, aux.loss_seg: 0.0512, aux.acc_seg: 81.4882, loss: 0.1213
2026-04-23 03:05:38,434 - mmseg - INFO - Iter [77800/160000]	lr: 4.089e-06, eta: 19:26:21, time: 0.708, data_time: 0.385, memory: 22330, decode.loss_seg: 0.0657, decode.acc_seg: 82.2135, aux.loss_seg: 0.0494, aux.acc_seg: 79.9514, loss: 0.1151
2026-04-23 03:06:13,632 - mmseg - INFO - Iter [77850/160000]	lr: 4.087e-06, eta: 19:25:31, time: 0.704, data_time: 0.401, memory: 22330, decode.loss_seg: 0.0662, decode.acc_seg: 83.4071, aux.loss_seg: 0.0490, aux.acc_seg: 81.2442, loss: 0.1152
2026-04-23 03:06:29,016 - mmseg - INFO - Iter [77900/160000]	lr: 4.084e-06, eta: 19:24:20, time: 0.308, data_time: 0.005, memory: 22330, decode.loss_seg: 0.0695, decode.acc_seg: 83.4193, aux.loss_seg: 0.0528, aux.acc_seg: 81.0577, loss: 0.1224
2026-04-23 03:07:03,939 - mmseg - INFO - Iter [77950/160000]	lr: 4.082e-06, eta: 19:23:29, time: 0.698, data_time: 0.395, memory: 22330, decode.loss_seg: 0.0670, decode.acc_seg: 82.4740, aux.loss_seg: 0.0503, aux.acc_seg: 80.1412, loss: 0.1174
2026-04-23 03:07:30,600 - mmseg - INFO - per class results:
2026-04-23 03:07:30,600 - mmseg - INFO - 
+------------+-------+-------+
| Class      | IoU   | Acc   |
+------------+-------+-------+
| housing    | 93.16 | 97.56 |
| industrial | 90.32 | 93.96 |
| natural    | 82.68 | 87.04 |
| land_use   | 69.41 | 85.56 |
| water      | 90.45 | 94.85 |
| other      | 95.42 | 98.69 |
+------------+-------+-------+
2026-04-23 03:07:30,601 - mmseg - INFO - Summary:
2026-04-23 03:07:30,601 - mmseg - INFO - 
+--------+-------+-------+-------+
| Scope  | mIoU  | mAcc  | aAcc  |
+--------+-------+-------+-------+
| global | 86.91 | 92.94 | 94.04 |
+--------+-------+-------+-------+
2026-04-23 03:07:30,627 - mmseg - INFO - Exp name: pixel_upernet_itpn_base_12_512_slide_160k_air_polarsar2_amp_linux.py
2026-04-23 03:07:30,627 - mmseg - INFO - Iter [78000/160000]	lr: 4.079e-06, eta: 19:32:15, time: 11.663, data_time: 0.000, memory: 22330, mIoU: 0.8691, mAcc: 0.9294, aAcc: 0.9404
2026-04-23 03:08:06,744 - mmseg - INFO - Iter [78050/160000]	lr: 4.077e-06, eta: 19:31:25, time: 0.722, data_time: 0.402, memory: 22330, decode.loss_seg: 0.0733, decode.acc_seg: 84.2706, aux.loss_seg: 0.0528, aux.acc_seg: 82.0350, loss: 0.1260
2026-04-23 03:08:41,501 - mmseg - INFO - Iter [78100/160000]	lr: 4.074e-06, eta: 19:30:33, time: 0.695, data_time: 0.375, memory: 22330, decode.loss_seg: 0.0694, decode.acc_seg: 83.6111, aux.loss_seg: 0.0499, aux.acc_seg: 81.5279, loss: 0.1193
2026-04-23 03:08:56,769 - mmseg - INFO - Iter [78150/160000]	lr: 4.072e-06, eta: 19:29:22, time: 0.305, data_time: 0.004, memory: 22330, decode.loss_seg: 0.0707, decode.acc_seg: 83.6652, aux.loss_seg: 0.0516, aux.acc_seg: 81.4162, loss: 0.1223
2026-04-23 03:09:31,934 - mmseg - INFO - Iter [78200/160000]	lr: 4.069e-06, eta: 19:28:31, time: 0.703, data_time: 0.334, memory: 22330, decode.loss_seg: 0.0678, decode.acc_seg: 83.0837, aux.loss_seg: 0.0500, aux.acc_seg: 80.8898, loss: 0.1178
2026-04-23 03:10:06,767 - mmseg - INFO - Iter [78250/160000]	lr: 4.067e-06, eta: 19:27:39, time: 0.696, data_time: 0.333, memory: 22330, decode.loss_seg: 0.0683, decode.acc_seg: 84.4726, aux.loss_seg: 0.0497, aux.acc_seg: 82.3556, loss: 0.1180
2026-04-23 03:10:22,130 - mmseg - INFO - Iter [78300/160000]	lr: 4.064e-06, eta: 19:26:28, time: 0.307, data_time: 0.003, memory: 22330, decode.loss_seg: 0.0758, decode.acc_seg: 82.1174, aux.loss_seg: 0.0520, aux.acc_seg: 79.9465, loss: 0.1277
2026-04-23 03:10:57,740 - mmseg - INFO - Iter [78350/160000]	lr: 4.062e-06, eta: 19:25:38, time: 0.712, data_time: 0.377, memory: 22330, decode.loss_seg: 0.0699, decode.acc_seg: 84.9754, aux.loss_seg: 0.0509, aux.acc_seg: 82.7725, loss: 0.1208
2026-04-23 03:11:32,748 - mmseg - INFO - Iter [78400/160000]	lr: 4.059e-06, eta: 19:24:47, time: 0.700, data_time: 0.324, memory: 22330, decode.loss_seg: 0.0708, decode.acc_seg: 84.1494, aux.loss_seg: 0.0514, aux.acc_seg: 81.9538, loss: 0.1222
2026-04-23 03:11:48,136 - mmseg - INFO - Iter [78450/160000]	lr: 4.057e-06, eta: 19:23:35, time: 0.308, data_time: 0.004, memory: 22330, decode.loss_seg: 0.0661, decode.acc_seg: 82.1736, aux.loss_seg: 0.0486, aux.acc_seg: 80.0288, loss: 0.1147
2026-04-23 03:12:22,240 - mmseg - INFO - Iter [78500/160000]	lr: 4.054e-06, eta: 19:22:43, time: 0.682, data_time: 0.351, memory: 22330, decode.loss_seg: 0.0693, decode.acc_seg: 84.2570, aux.loss_seg: 0.0515, aux.acc_seg: 81.9824, loss: 0.1208
2026-04-23 03:12:56,597 - mmseg - INFO - Iter [78550/160000]	lr: 4.052e-06, eta: 19:21:52, time: 0.687, data_time: 0.350, memory: 22330, decode.loss_seg: 0.0667, decode.acc_seg: 83.5098, aux.loss_seg: 0.0486, aux.acc_seg: 81.4112, loss: 0.1153
2026-04-23 03:13:11,947 - mmseg - INFO - Iter [78600/160000]	lr: 4.049e-06, eta: 19:20:41, time: 0.307, data_time: 0.004, memory: 22330, decode.loss_seg: 0.0678, decode.acc_seg: 83.4849, aux.loss_seg: 0.0493, aux.acc_seg: 81.3631, loss: 0.1171
2026-04-23 03:13:45,651 - mmseg - INFO - Iter [78650/160000]	lr: 4.047e-06, eta: 19:19:48, time: 0.674, data_time: 0.364, memory: 22330, decode.loss_seg: 0.0729, decode.acc_seg: 83.0449, aux.loss_seg: 0.0516, aux.acc_seg: 80.8441, loss: 0.1245
2026-04-23 03:14:20,066 - mmseg - INFO - Iter [78700/160000]	lr: 4.044e-06, eta: 19:18:57, time: 0.688, data_time: 0.384, memory: 22330, decode.loss_seg: 0.0657, decode.acc_seg: 82.9564, aux.loss_seg: 0.0481, aux.acc_seg: 80.8410, loss: 0.1138
2026-04-23 03:14:35,373 - mmseg - INFO - Iter [78750/160000]	lr: 4.042e-06, eta: 19:17:46, time: 0.306, data_time: 0.003, memory: 22330, decode.loss_seg: 0.0654, decode.acc_seg: 84.7588, aux.loss_seg: 0.0484, aux.acc_seg: 82.5983, loss: 0.1138
2026-04-23 03:15:10,416 - mmseg - INFO - Iter [78800/160000]	lr: 4.039e-06, eta: 19:16:55, time: 0.701, data_time: 0.399, memory: 22330, decode.loss_seg: 0.0664, decode.acc_seg: 84.4760, aux.loss_seg: 0.0487, aux.acc_seg: 82.3467, loss: 0.1152
2026-04-23 03:15:45,751 - mmseg - INFO - Iter [78850/160000]	lr: 4.037e-06, eta: 19:16:05, time: 0.707, data_time: 0.372, memory: 22330, decode.loss_seg: 0.0720, decode.acc_seg: 83.2962, aux.loss_seg: 0.0526, aux.acc_seg: 80.9756, loss: 0.1245
2026-04-23 03:16:01,085 - mmseg - INFO - Iter [78900/160000]	lr: 4.034e-06, eta: 19:14:54, time: 0.307, data_time: 0.004, memory: 22330, decode.loss_seg: 0.0691, decode.acc_seg: 83.6393, aux.loss_seg: 0.0508, aux.acc_seg: 81.4074, loss: 0.1199
2026-04-23 03:16:35,270 - mmseg - INFO - Iter [78950/160000]	lr: 4.032e-06, eta: 19:14:03, time: 0.684, data_time: 0.381, memory: 22330, decode.loss_seg: 0.0673, decode.acc_seg: 82.5299, aux.loss_seg: 0.0501, aux.acc_seg: 80.2898, loss: 0.1175
2026-04-23 03:16:50,613 - mmseg - INFO - Exp name: pixel_upernet_itpn_base_12_512_slide_160k_air_polarsar2_amp_linux.py
2026-04-23 03:16:50,613 - mmseg - INFO - Iter [79000/160000]	lr: 4.029e-06, eta: 19:12:52, time: 0.307, data_time: 0.004, memory: 22330, decode.loss_seg: 0.0679, decode.acc_seg: 81.7878, aux.loss_seg: 0.0494, aux.acc_seg: 79.5814, loss: 0.1172
2026-04-23 03:17:25,434 - mmseg - INFO - Iter [79050/160000]	lr: 4.027e-06, eta: 19:12:01, time: 0.696, data_time: 0.393, memory: 22330, decode.loss_seg: 0.0714, decode.acc_seg: 82.6554, aux.loss_seg: 0.0504, aux.acc_seg: 80.4959, loss: 0.1218
2026-04-23 03:17:59,378 - mmseg - INFO - Iter [79100/160000]	lr: 4.024e-06, eta: 19:11:09, time: 0.679, data_time: 0.351, memory: 22330, decode.loss_seg: 0.0676, decode.acc_seg: 82.9774, aux.loss_seg: 0.0495, aux.acc_seg: 80.8059, loss: 0.1171
2026-04-23 03:18:14,715 - mmseg - INFO - Iter [79150/160000]	lr: 4.022e-06, eta: 19:09:59, time: 0.307, data_time: 0.003, memory: 22330, decode.loss_seg: 0.0698, decode.acc_seg: 83.8986, aux.loss_seg: 0.0506, aux.acc_seg: 81.7156, loss: 0.1204
2026-04-23 03:18:50,027 - mmseg - INFO - Iter [79200/160000]	lr: 4.019e-06, eta: 19:09:09, time: 0.706, data_time: 0.365, memory: 22330, decode.loss_seg: 0.0687, decode.acc_seg: 83.6007, aux.loss_seg: 0.0503, aux.acc_seg: 81.3892, loss: 0.1190
2026-04-23 03:19:24,520 - mmseg - INFO - Iter [79250/160000]	lr: 4.017e-06, eta: 19:08:18, time: 0.690, data_time: 0.345, memory: 22330, decode.loss_seg: 0.0665, decode.acc_seg: 82.5608, aux.loss_seg: 0.0490, aux.acc_seg: 80.4676, loss: 0.1155
2026-04-23 03:19:39,911 - mmseg - INFO - Iter [79300/160000]	lr: 4.014e-06, eta: 19:07:07, time: 0.308, data_time: 0.004, memory: 22330, decode.loss_seg: 0.0699, decode.acc_seg: 82.5234, aux.loss_seg: 0.0510, aux.acc_seg: 80.3326, loss: 0.1208
2026-04-23 03:20:14,562 - mmseg - INFO - Iter [79350/160000]	lr: 4.012e-06, eta: 19:06:16, time: 0.693, data_time: 0.389, memory: 22330, decode.loss_seg: 0.0660, decode.acc_seg: 83.9817, aux.loss_seg: 0.0484, aux.acc_seg: 81.8504, loss: 0.1144
2026-04-23 03:20:50,229 - mmseg - INFO - Iter [79400/160000]	lr: 4.009e-06, eta: 19:05:27, time: 0.713, data_time: 0.361, memory: 22330, decode.loss_seg: 0.0691, decode.acc_seg: 84.2533, aux.loss_seg: 0.0521, aux.acc_seg: 81.9131, loss: 0.1212
2026-04-23 03:21:05,599 - mmseg - INFO - Iter [79450/160000]	lr: 4.007e-06, eta: 19:04:16, time: 0.307, data_time: 0.004, memory: 22330, decode.loss_seg: 0.0670, decode.acc_seg: 82.7809, aux.loss_seg: 0.0500, aux.acc_seg: 80.5345, loss: 0.1170
2026-04-23 03:21:40,966 - mmseg - INFO - Iter [79500/160000]	lr: 4.004e-06, eta: 19:03:26, time: 0.707, data_time: 0.404, memory: 22330, decode.loss_seg: 0.0669, decode.acc_seg: 84.3503, aux.loss_seg: 0.0514, aux.acc_seg: 82.1057, loss: 0.1183
2026-04-23 03:22:16,162 - mmseg - INFO - Iter [79550/160000]	lr: 4.002e-06, eta: 19:02:36, time: 0.704, data_time: 0.365, memory: 22330, decode.loss_seg: 0.0688, decode.acc_seg: 83.4494, aux.loss_seg: 0.0537, aux.acc_seg: 80.9809, loss: 0.1225
2026-04-23 03:22:31,590 - mmseg - INFO - Iter [79600/160000]	lr: 3.999e-06, eta: 19:01:26, time: 0.308, data_time: 0.004, memory: 22330, decode.loss_seg: 0.0688, decode.acc_seg: 83.8980, aux.loss_seg: 0.0502, aux.acc_seg: 81.7174, loss: 0.1190
2026-04-23 03:23:05,961 - mmseg - INFO - Iter [79650/160000]	lr: 3.997e-06, eta: 19:00:35, time: 0.687, data_time: 0.330, memory: 22330, decode.loss_seg: 0.0677, decode.acc_seg: 83.3288, aux.loss_seg: 0.0500, aux.acc_seg: 81.1511, loss: 0.1176
2026-04-23 03:23:40,553 - mmseg - INFO - Iter [79700/160000]	lr: 3.995e-06, eta: 18:59:45, time: 0.692, data_time: 0.362, memory: 22330, decode.loss_seg: 0.0668, decode.acc_seg: 83.1413, aux.loss_seg: 0.0510, aux.acc_seg: 80.8041, loss: 0.1178
2026-04-23 03:23:55,986 - mmseg - INFO - Iter [79750/160000]	lr: 3.992e-06, eta: 18:58:35, time: 0.309, data_time: 0.004, memory: 22330, decode.loss_seg: 0.0692, decode.acc_seg: 84.2088, aux.loss_seg: 0.0516, aux.acc_seg: 81.8638, loss: 0.1207
2026-04-23 03:24:30,840 - mmseg - INFO - Iter [79800/160000]	lr: 3.990e-06, eta: 18:57:44, time: 0.697, data_time: 0.380, memory: 22330, decode.loss_seg: 0.0645, decode.acc_seg: 83.8874, aux.loss_seg: 0.0487, aux.acc_seg: 81.7325, loss: 0.1132
2026-04-23 03:25:05,299 - mmseg - INFO - Iter [79850/160000]	lr: 3.987e-06, eta: 18:56:54, time: 0.689, data_time: 0.357, memory: 22330, decode.loss_seg: 0.0680, decode.acc_seg: 83.5639, aux.loss_seg: 0.0499, aux.acc_seg: 81.3973, loss: 0.1179
2026-04-23 03:25:20,696 - mmseg - INFO - Iter [79900/160000]	lr: 3.985e-06, eta: 18:55:44, time: 0.308, data_time: 0.003, memory: 22330, decode.loss_seg: 0.0683, decode.acc_seg: 83.9140, aux.loss_seg: 0.0520, aux.acc_seg: 81.5082, loss: 0.1203
2026-04-23 03:25:56,688 - mmseg - INFO - Iter [79950/160000]	lr: 3.982e-06, eta: 18:54:55, time: 0.720, data_time: 0.379, memory: 22330, decode.loss_seg: 0.0675, decode.acc_seg: 83.1064, aux.loss_seg: 0.0502, aux.acc_seg: 80.8858, loss: 0.1177
2026-04-23 03:26:12,033 - mmseg - INFO - Saving checkpoint at 80000 iterations
2026-04-23 03:26:25,810 - mmseg - INFO - per class results:
2026-04-23 03:26:25,811 - mmseg - INFO - 
+------------+-------+-------+
| Class      | IoU   | Acc   |
+------------+-------+-------+
| housing    | 93.56 | 96.93 |
| industrial | 91.38 | 95.53 |
| natural    | 84.05 | 87.12 |
| land_use   | 73.13 | 80.3  |
| water      | 91.52 | 96.64 |
| other      | 96.3  | 98.74 |
+------------+-------+-------+
2026-04-23 03:26:25,811 - mmseg - INFO - Summary:
2026-04-23 03:26:25,811 - mmseg - INFO - 
+--------+-------+-------+-------+
| Scope  | mIoU  | mAcc  | aAcc  |
+--------+-------+-------+-------+
| global | 88.32 | 92.54 | 94.82 |
+--------+-------+-------+-------+
2026-04-23 03:26:25,854 - mmseg - INFO - Exp name: pixel_upernet_itpn_base_12_512_slide_160k_air_polarsar2_amp_linux.py
2026-04-23 03:26:25,854 - mmseg - INFO - Iter [80000/160000]	lr: 3.980e-06, eta: 19:05:16, time: 14.127, data_time: 0.000, memory: 22330, mIoU: 0.8832, mAcc: 0.9254, aAcc: 0.9482
2026-04-23 03:27:00,776 - mmseg - INFO - Iter [80050/160000]	lr: 3.977e-06, eta: 19:04:25, time: 0.698, data_time: 0.360, memory: 22330, decode.loss_seg: 0.0657, decode.acc_seg: 83.5156, aux.loss_seg: 0.0488, aux.acc_seg: 81.3675, loss: 0.1144
2026-04-23 03:27:35,748 - mmseg - INFO - Iter [80100/160000]	lr: 3.975e-06, eta: 19:03:34, time: 0.699, data_time: 0.360, memory: 22330, decode.loss_seg: 0.0647, decode.acc_seg: 82.1277, aux.loss_seg: 0.0477, aux.acc_seg: 79.9899, loss: 0.1125
2026-04-23 03:27:51,153 - mmseg - INFO - Iter [80150/160000]	lr: 3.972e-06, eta: 19:02:24, time: 0.308, data_time: 0.004, memory: 22330, decode.loss_seg: 0.0658, decode.acc_seg: 82.9104, aux.loss_seg: 0.0490, aux.acc_seg: 80.6773, loss: 0.1148
2026-04-23 03:28:26,243 - mmseg - INFO - Iter [80200/160000]	lr: 3.970e-06, eta: 19:01:33, time: 0.702, data_time: 0.338, memory: 22330, decode.loss_seg: 0.0674, decode.acc_seg: 83.1931, aux.loss_seg: 0.0496, aux.acc_seg: 80.9930, loss: 0.1170
2026-04-23 03:29:01,613 - mmseg - INFO - Iter [80250/160000]	lr: 3.967e-06, eta: 19:00:43, time: 0.707, data_time: 0.403, memory: 22330, decode.loss_seg: 0.0636, decode.acc_seg: 83.1834, aux.loss_seg: 0.0480, aux.acc_seg: 80.9958, loss: 0.1116
2026-04-23 03:29:17,006 - mmseg - INFO - Iter [80300/160000]	lr: 3.965e-06, eta: 18:59:33, time: 0.308, data_time: 0.004, memory: 22330, decode.loss_seg: 0.0700, decode.acc_seg: 83.2654, aux.loss_seg: 0.0535, aux.acc_seg: 81.0157, loss: 0.1234
2026-04-23 03:29:52,511 - mmseg - INFO - Iter [80350/160000]	lr: 3.962e-06, eta: 18:58:42, time: 0.710, data_time: 0.361, memory: 22330, decode.loss_seg: 0.0634, decode.acc_seg: 82.9946, aux.loss_seg: 0.0476, aux.acc_seg: 80.8384, loss: 0.1110
2026-04-23 03:30:28,344 - mmseg - INFO - Iter [80400/160000]	lr: 3.960e-06, eta: 18:57:52, time: 0.717, data_time: 0.413, memory: 22330, decode.loss_seg: 0.0675, decode.acc_seg: 81.7169, aux.loss_seg: 0.0499, aux.acc_seg: 79.5057, loss: 0.1173
2026-04-23 03:30:43,776 - mmseg - INFO - Iter [80450/160000]	lr: 3.957e-06, eta: 18:56:42, time: 0.309, data_time: 0.003, memory: 22330, decode.loss_seg: 0.0675, decode.acc_seg: 83.7132, aux.loss_seg: 0.0515, aux.acc_seg: 81.3412, loss: 0.1190
2026-04-23 03:31:18,865 - mmseg - INFO - Iter [80500/160000]	lr: 3.955e-06, eta: 18:55:52, time: 0.702, data_time: 0.362, memory: 22330, decode.loss_seg: 0.0649, decode.acc_seg: 83.2113, aux.loss_seg: 0.0485, aux.acc_seg: 81.0206, loss: 0.1135
2026-04-23 03:31:54,250 - mmseg - INFO - Iter [80550/160000]	lr: 3.952e-06, eta: 18:55:02, time: 0.708, data_time: 0.383, memory: 22330, decode.loss_seg: 0.0655, decode.acc_seg: 82.7498, aux.loss_seg: 0.0482, aux.acc_seg: 80.5986, loss: 0.1137
2026-04-23 03:32:09,668 - mmseg - INFO - Iter [80600/160000]	lr: 3.950e-06, eta: 18:53:52, time: 0.308, data_time: 0.004, memory: 22330, decode.loss_seg: 0.0654, decode.acc_seg: 84.0045, aux.loss_seg: 0.0487, aux.acc_seg: 81.8476, loss: 0.1141
2026-04-23 03:32:44,435 - mmseg - INFO - Iter [80650/160000]	lr: 3.947e-06, eta: 18:53:01, time: 0.695, data_time: 0.369, memory: 22330, decode.loss_seg: 0.0663, decode.acc_seg: 82.9368, aux.loss_seg: 0.0492, aux.acc_seg: 80.7195, loss: 0.1156
2026-04-23 03:33:18,975 - mmseg - INFO - Iter [80700/160000]	lr: 3.945e-06, eta: 18:52:10, time: 0.691, data_time: 0.372, memory: 22330, decode.loss_seg: 0.0664, decode.acc_seg: 82.5576, aux.loss_seg: 0.0497, aux.acc_seg: 80.3252, loss: 0.1161
2026-04-23 03:33:34,368 - mmseg - INFO - Iter [80750/160000]	lr: 3.942e-06, eta: 18:51:00, time: 0.308, data_time: 0.004, memory: 22330, decode.loss_seg: 0.0679, decode.acc_seg: 84.8106, aux.loss_seg: 0.0494, aux.acc_seg: 82.6795, loss: 0.1173
2026-04-23 03:34:09,498 - mmseg - INFO - Iter [80800/160000]	lr: 3.940e-06, eta: 18:50:10, time: 0.703, data_time: 0.398, memory: 22330, decode.loss_seg: 0.0652, decode.acc_seg: 84.8947, aux.loss_seg: 0.0494, aux.acc_seg: 82.6467, loss: 0.1146
2026-04-23 03:34:24,869 - mmseg - INFO - Iter [80850/160000]	lr: 3.937e-06, eta: 18:49:00, time: 0.307, data_time: 0.003, memory: 22330, decode.loss_seg: 0.0655, decode.acc_seg: 83.3194, aux.loss_seg: 0.0488, aux.acc_seg: 81.1540, loss: 0.1143
2026-04-23 03:34:59,560 - mmseg - INFO - Iter [80900/160000]	lr: 3.935e-06, eta: 18:48:10, time: 0.694, data_time: 0.375, memory: 22330, decode.loss_seg: 0.0660, decode.acc_seg: 82.9024, aux.loss_seg: 0.0512, aux.acc_seg: 80.6496, loss: 0.1172
2026-04-23 03:35:33,878 - mmseg - INFO - Iter [80950/160000]	lr: 3.932e-06, eta: 18:47:18, time: 0.687, data_time: 0.382, memory: 22330, decode.loss_seg: 0.0691, decode.acc_seg: 84.4779, aux.loss_seg: 0.0511, aux.acc_seg: 82.2129, loss: 0.1202
2026-04-23 03:35:49,288 - mmseg - INFO - Exp name: pixel_upernet_itpn_base_12_512_slide_160k_air_polarsar2_amp_linux.py
2026-04-23 03:35:49,288 - mmseg - INFO - Iter [81000/160000]	lr: 3.930e-06, eta: 18:46:09, time: 0.308, data_time: 0.004, memory: 22330, decode.loss_seg: 0.0680, decode.acc_seg: 84.1842, aux.loss_seg: 0.0503, aux.acc_seg: 81.8819, loss: 0.1183
2026-04-23 03:36:24,210 - mmseg - INFO - Iter [81050/160000]	lr: 3.927e-06, eta: 18:45:19, time: 0.698, data_time: 0.387, memory: 22330, decode.loss_seg: 0.0673, decode.acc_seg: 83.5090, aux.loss_seg: 0.0498, aux.acc_seg: 81.3248, loss: 0.1171
2026-04-23 03:36:58,976 - mmseg - INFO - Iter [81100/160000]	lr: 3.925e-06, eta: 18:44:28, time: 0.695, data_time: 0.381, memory: 22330, decode.loss_seg: 0.0691, decode.acc_seg: 83.2590, aux.loss_seg: 0.0501, aux.acc_seg: 81.0769, loss: 0.1192
2026-04-23 03:37:14,352 - mmseg - INFO - Iter [81150/160000]	lr: 3.922e-06, eta: 18:43:19, time: 0.308, data_time: 0.003, memory: 22330, decode.loss_seg: 0.0654, decode.acc_seg: 83.7186, aux.loss_seg: 0.0486, aux.acc_seg: 81.5509, loss: 0.1141
2026-04-23 03:37:49,683 - mmseg - INFO - Iter [81200/160000]	lr: 3.920e-06, eta: 18:42:29, time: 0.706, data_time: 0.390, memory: 22330, decode.loss_seg: 0.0661, decode.acc_seg: 84.7101, aux.loss_seg: 0.0483, aux.acc_seg: 82.5943, loss: 0.1145
2026-04-23 03:38:25,066 - mmseg - INFO - Iter [81250/160000]	lr: 3.917e-06, eta: 18:41:39, time: 0.708, data_time: 0.388, memory: 22330, decode.loss_seg: 0.0683, decode.acc_seg: 82.2363, aux.loss_seg: 0.0524, aux.acc_seg: 79.9463, loss: 0.1207
2026-04-23 03:38:40,447 - mmseg - INFO - Iter [81300/160000]	lr: 3.915e-06, eta: 18:40:30, time: 0.308, data_time: 0.003, memory: 22330, decode.loss_seg: 0.0684, decode.acc_seg: 84.6348, aux.loss_seg: 0.0504, aux.acc_seg: 82.4813, loss: 0.1188
2026-04-23 03:39:15,208 - mmseg - INFO - Iter [81350/160000]	lr: 3.912e-06, eta: 18:39:39, time: 0.695, data_time: 0.363, memory: 22330, decode.loss_seg: 0.0739, decode.acc_seg: 84.0113, aux.loss_seg: 0.0540, aux.acc_seg: 81.6903, loss: 0.1279
2026-04-23 03:39:49,958 - mmseg - INFO - Iter [81400/160000]	lr: 3.910e-06, eta: 18:38:49, time: 0.695, data_time: 0.374, memory: 22330, decode.loss_seg: 0.0632, decode.acc_seg: 83.5692, aux.loss_seg: 0.0476, aux.acc_seg: 81.4091, loss: 0.1109
2026-04-23 03:40:05,345 - mmseg - INFO - Iter [81450/160000]	lr: 3.907e-06, eta: 18:37:40, time: 0.308, data_time: 0.004, memory: 22330, decode.loss_seg: 0.0672, decode.acc_seg: 84.7052, aux.loss_seg: 0.0499, aux.acc_seg: 82.4883, loss: 0.1172
2026-04-23 03:40:39,357 - mmseg - INFO - Iter [81500/160000]	lr: 3.905e-06, eta: 18:36:49, time: 0.680, data_time: 0.353, memory: 22330, decode.loss_seg: 0.0638, decode.acc_seg: 82.3658, aux.loss_seg: 0.0486, aux.acc_seg: 80.1837, loss: 0.1124
2026-04-23 03:41:14,620 - mmseg - INFO - Iter [81550/160000]	lr: 3.902e-06, eta: 18:35:59, time: 0.705, data_time: 0.401, memory: 22330, decode.loss_seg: 0.0679, decode.acc_seg: 83.7924, aux.loss_seg: 0.0495, aux.acc_seg: 81.6060, loss: 0.1174
2026-04-23 03:41:29,985 - mmseg - INFO - Iter [81600/160000]	lr: 3.900e-06, eta: 18:34:50, time: 0.307, data_time: 0.004, memory: 22330, decode.loss_seg: 0.0649, decode.acc_seg: 84.2077, aux.loss_seg: 0.0484, aux.acc_seg: 82.0439, loss: 0.1133
2026-04-23 03:42:04,862 - mmseg - INFO - Iter [81650/160000]	lr: 3.898e-06, eta: 18:34:00, time: 0.698, data_time: 0.383, memory: 22330, decode.loss_seg: 0.0665, decode.acc_seg: 81.9466, aux.loss_seg: 0.0499, aux.acc_seg: 79.6886, loss: 0.1164
2026-04-23 03:42:39,418 - mmseg - INFO - Iter [81700/160000]	lr: 3.895e-06, eta: 18:33:10, time: 0.691, data_time: 0.361, memory: 22330, decode.loss_seg: 0.0665, decode.acc_seg: 82.8178, aux.loss_seg: 0.0490, aux.acc_seg: 80.6580, loss: 0.1156
2026-04-23 03:42:54,715 - mmseg - INFO - Iter [81750/160000]	lr: 3.893e-06, eta: 18:32:01, time: 0.306, data_time: 0.004, memory: 22330, decode.loss_seg: 0.0667, decode.acc_seg: 84.8563, aux.loss_seg: 0.0489, aux.acc_seg: 82.7015, loss: 0.1157
2026-04-23 03:43:29,788 - mmseg - INFO - Iter [81800/160000]	lr: 3.890e-06, eta: 18:31:11, time: 0.701, data_time: 0.357, memory: 22330, decode.loss_seg: 0.0665, decode.acc_seg: 84.0376, aux.loss_seg: 0.0502, aux.acc_seg: 81.6840, loss: 0.1167
2026-04-23 03:43:45,140 - mmseg - INFO - Iter [81850/160000]	lr: 3.888e-06, eta: 18:30:02, time: 0.307, data_time: 0.004, memory: 22330, decode.loss_seg: 0.0656, decode.acc_seg: 83.2403, aux.loss_seg: 0.0489, aux.acc_seg: 81.0470, loss: 0.1145
2026-04-23 03:44:20,198 - mmseg - INFO - Iter [81900/160000]	lr: 3.885e-06, eta: 18:29:12, time: 0.701, data_time: 0.389, memory: 22330, decode.loss_seg: 0.0636, decode.acc_seg: 83.5604, aux.loss_seg: 0.0473, aux.acc_seg: 81.4139, loss: 0.1109
2026-04-23 03:44:54,294 - mmseg - INFO - Iter [81950/160000]	lr: 3.883e-06, eta: 18:28:22, time: 0.682, data_time: 0.365, memory: 22330, decode.loss_seg: 0.0640, decode.acc_seg: 83.1353, aux.loss_seg: 0.0475, aux.acc_seg: 80.9851, loss: 0.1115
2026-04-23 03:45:20,813 - mmseg - INFO - per class results:
2026-04-23 03:45:20,814 - mmseg - INFO - 
+------------+-------+-------+
| Class      | IoU   | Acc   |
+------------+-------+-------+
| housing    | 93.64 | 97.24 |
| industrial | 91.53 | 95.46 |
| natural    | 84.29 | 87.71 |
| land_use   | 73.51 | 81.06 |
| water      | 91.73 | 96.56 |
| other      | 94.81 | 99.33 |
+------------+-------+-------+
2026-04-23 03:45:20,814 - mmseg - INFO - Summary:
2026-04-23 03:45:20,814 - mmseg - INFO - 
+--------+-------+-------+------+
| Scope  | mIoU  | mAcc  | aAcc |
+--------+-------+-------+------+
| global | 88.25 | 92.89 | 94.9 |
+--------+-------+-------+------+
2026-04-23 03:45:20,839 - mmseg - INFO - Exp name: pixel_upernet_itpn_base_12_512_slide_160k_air_polarsar2_amp_linux.py
2026-04-23 03:45:20,839 - mmseg - INFO - Iter [82000/160000]	lr: 3.880e-06, eta: 18:36:03, time: 11.451, data_time: 0.000, memory: 22330, mIoU: 0.8825, mAcc: 0.9289, aAcc: 0.9490
2026-04-23 03:45:56,705 - mmseg - INFO - Iter [82050/160000]	lr: 3.878e-06, eta: 18:35:13, time: 0.717, data_time: 0.414, memory: 22330, decode.loss_seg: 0.0656, decode.acc_seg: 82.2283, aux.loss_seg: 0.0483, aux.acc_seg: 80.0750, loss: 0.1139
2026-04-23 03:46:31,593 - mmseg - INFO - Iter [82100/160000]	lr: 3.875e-06, eta: 18:34:23, time: 0.698, data_time: 0.355, memory: 22330, decode.loss_seg: 0.0668, decode.acc_seg: 83.3060, aux.loss_seg: 0.0489, aux.acc_seg: 81.1768, loss: 0.1158
2026-04-23 03:46:47,001 - mmseg - INFO - Iter [82150/160000]	lr: 3.873e-06, eta: 18:33:14, time: 0.308, data_time: 0.004, memory: 22330, decode.loss_seg: 0.0645, decode.acc_seg: 83.5477, aux.loss_seg: 0.0480, aux.acc_seg: 81.4165, loss: 0.1126
2026-04-23 03:47:22,352 - mmseg - INFO - Iter [82200/160000]	lr: 3.870e-06, eta: 18:32:24, time: 0.707, data_time: 0.346, memory: 22330, decode.loss_seg: 0.0659, decode.acc_seg: 83.1698, aux.loss_seg: 0.0490, aux.acc_seg: 80.9495, loss: 0.1149
2026-04-23 03:47:57,896 - mmseg - INFO - Iter [82250/160000]	lr: 3.868e-06, eta: 18:31:34, time: 0.711, data_time: 0.378, memory: 22330, decode.loss_seg: 0.0635, decode.acc_seg: 84.4269, aux.loss_seg: 0.0470, aux.acc_seg: 82.3254, loss: 0.1104
2026-04-23 03:48:13,260 - mmseg - INFO - Iter [82300/160000]	lr: 3.865e-06, eta: 18:30:25, time: 0.307, data_time: 0.003, memory: 22330, decode.loss_seg: 0.0650, decode.acc_seg: 84.3904, aux.loss_seg: 0.0486, aux.acc_seg: 82.1609, loss: 0.1136
2026-04-23 03:48:48,568 - mmseg - INFO - Iter [82350/160000]	lr: 3.863e-06, eta: 18:29:35, time: 0.706, data_time: 0.399, memory: 22330, decode.loss_seg: 0.0650, decode.acc_seg: 83.7755, aux.loss_seg: 0.0480, aux.acc_seg: 81.6358, loss: 0.1130
2026-04-23 03:49:23,818 - mmseg - INFO - Iter [82400/160000]	lr: 3.860e-06, eta: 18:28:45, time: 0.705, data_time: 0.401, memory: 22330, decode.loss_seg: 0.0654, decode.acc_seg: 82.0717, aux.loss_seg: 0.0489, aux.acc_seg: 79.8636, loss: 0.1143
2026-04-23 03:49:39,197 - mmseg - INFO - Iter [82450/160000]	lr: 3.858e-06, eta: 18:27:36, time: 0.308, data_time: 0.004, memory: 22330, decode.loss_seg: 0.0639, decode.acc_seg: 84.3137, aux.loss_seg: 0.0480, aux.acc_seg: 82.1626, loss: 0.1119
2026-04-23 03:50:13,566 - mmseg - INFO - Iter [82500/160000]	lr: 3.855e-06, eta: 18:26:46, time: 0.687, data_time: 0.329, memory: 22330, decode.loss_seg: 0.0665, decode.acc_seg: 82.8638, aux.loss_seg: 0.0494, aux.acc_seg: 80.5947, loss: 0.1160
2026-04-23 03:50:48,791 - mmseg - INFO - Iter [82550/160000]	lr: 3.853e-06, eta: 18:25:56, time: 0.704, data_time: 0.400, memory: 22330, decode.loss_seg: 0.0626, decode.acc_seg: 83.6358, aux.loss_seg: 0.0466, aux.acc_seg: 81.5609, loss: 0.1092
2026-04-23 03:51:04,177 - mmseg - INFO - Iter [82600/160000]	lr: 3.850e-06, eta: 18:24:47, time: 0.308, data_time: 0.004, memory: 22330, decode.loss_seg: 0.0638, decode.acc_seg: 84.7945, aux.loss_seg: 0.0492, aux.acc_seg: 82.5079, loss: 0.1130
2026-04-23 03:51:39,086 - mmseg - INFO - Iter [82650/160000]	lr: 3.848e-06, eta: 18:23:57, time: 0.698, data_time: 0.386, memory: 22330, decode.loss_seg: 0.0674, decode.acc_seg: 83.1565, aux.loss_seg: 0.0494, aux.acc_seg: 80.9886, loss: 0.1168
2026-04-23 03:52:14,427 - mmseg - INFO - Iter [82700/160000]	lr: 3.845e-06, eta: 18:23:07, time: 0.707, data_time: 0.347, memory: 22330, decode.loss_seg: 0.0667, decode.acc_seg: 83.4899, aux.loss_seg: 0.0488, aux.acc_seg: 81.3321, loss: 0.1155
2026-04-23 03:52:29,762 - mmseg - INFO - Iter [82750/160000]	lr: 3.843e-06, eta: 18:21:59, time: 0.307, data_time: 0.003, memory: 22330, decode.loss_seg: 0.0689, decode.acc_seg: 84.1411, aux.loss_seg: 0.0504, aux.acc_seg: 81.9360, loss: 0.1193
2026-04-23 03:53:05,020 - mmseg - INFO - Iter [82800/160000]	lr: 3.840e-06, eta: 18:21:09, time: 0.705, data_time: 0.362, memory: 22330, decode.loss_seg: 0.0625, decode.acc_seg: 83.3693, aux.loss_seg: 0.0463, aux.acc_seg: 81.2566, loss: 0.1088
2026-04-23 03:53:20,409 - mmseg - INFO - Iter [82850/160000]	lr: 3.838e-06, eta: 18:20:00, time: 0.308, data_time: 0.003, memory: 22330, decode.loss_seg: 0.0630, decode.acc_seg: 81.7134, aux.loss_seg: 0.0471, aux.acc_seg: 79.5854, loss: 0.1101
2026-04-23 03:53:55,690 - mmseg - INFO - Iter [82900/160000]	lr: 3.835e-06, eta: 18:19:11, time: 0.706, data_time: 0.357, memory: 22330, decode.loss_seg: 0.0686, decode.acc_seg: 83.3308, aux.loss_seg: 0.0503, aux.acc_seg: 81.1131, loss: 0.1189
2026-04-23 03:54:30,760 - mmseg - INFO - Iter [82950/160000]	lr: 3.833e-06, eta: 18:18:21, time: 0.701, data_time: 0.365, memory: 22330, decode.loss_seg: 0.0633, decode.acc_seg: 83.8482, aux.loss_seg: 0.0471, aux.acc_seg: 81.7147, loss: 0.1103
2026-04-23 03:54:46,147 - mmseg - INFO - Exp name: pixel_upernet_itpn_base_12_512_slide_160k_air_polarsar2_amp_linux.py
2026-04-23 03:54:46,147 - mmseg - INFO - Iter [83000/160000]	lr: 3.830e-06, eta: 18:17:13, time: 0.308, data_time: 0.003, memory: 22330, decode.loss_seg: 0.0660, decode.acc_seg: 84.5351, aux.loss_seg: 0.0485, aux.acc_seg: 82.3830, loss: 0.1145
2026-04-23 03:55:21,155 - mmseg - INFO - Iter [83050/160000]	lr: 3.828e-06, eta: 18:16:23, time: 0.700, data_time: 0.368, memory: 22330, decode.loss_seg: 0.0684, decode.acc_seg: 83.8677, aux.loss_seg: 0.0499, aux.acc_seg: 81.6306, loss: 0.1183
2026-04-23 03:55:55,348 - mmseg - INFO - Iter [83100/160000]	lr: 3.825e-06, eta: 18:15:32, time: 0.684, data_time: 0.375, memory: 22330, decode.loss_seg: 0.0675, decode.acc_seg: 83.9734, aux.loss_seg: 0.0520, aux.acc_seg: 81.6506, loss: 0.1195
2026-04-23 03:56:10,750 - mmseg - INFO - Iter [83150/160000]	lr: 3.823e-06, eta: 18:14:24, time: 0.308, data_time: 0.005, memory: 22330, decode.loss_seg: 0.0651, decode.acc_seg: 82.5020, aux.loss_seg: 0.0481, aux.acc_seg: 80.3771, loss: 0.1132
2026-04-23 03:56:45,342 - mmseg - INFO - Iter [83200/160000]	lr: 3.820e-06, eta: 18:13:34, time: 0.692, data_time: 0.388, memory: 22330, decode.loss_seg: 0.0642, decode.acc_seg: 83.3474, aux.loss_seg: 0.0479, aux.acc_seg: 81.2250, loss: 0.1120
2026-04-23 03:57:21,195 - mmseg - INFO - Iter [83250/160000]	lr: 3.818e-06, eta: 18:12:45, time: 0.717, data_time: 0.382, memory: 22330, decode.loss_seg: 0.0627, decode.acc_seg: 83.4207, aux.loss_seg: 0.0470, aux.acc_seg: 81.2900, loss: 0.1097
2026-04-23 03:57:36,556 - mmseg - INFO - Iter [83300/160000]	lr: 3.815e-06, eta: 18:11:37, time: 0.307, data_time: 0.003, memory: 22330, decode.loss_seg: 0.0653, decode.acc_seg: 84.6201, aux.loss_seg: 0.0486, aux.acc_seg: 82.4381, loss: 0.1139
2026-04-23 03:58:12,559 - mmseg - INFO - Iter [83350/160000]	lr: 3.813e-06, eta: 18:10:48, time: 0.720, data_time: 0.410, memory: 22330, decode.loss_seg: 0.0643, decode.acc_seg: 83.8046, aux.loss_seg: 0.0476, aux.acc_seg: 81.6704, loss: 0.1119
2026-04-23 03:58:48,151 - mmseg - INFO - Iter [83400/160000]	lr: 3.810e-06, eta: 18:09:59, time: 0.712, data_time: 0.361, memory: 22330, decode.loss_seg: 0.0652, decode.acc_seg: 82.4673, aux.loss_seg: 0.0479, aux.acc_seg: 80.2984, loss: 0.1132
2026-04-23 03:59:03,488 - mmseg - INFO - Iter [83450/160000]	lr: 3.808e-06, eta: 18:08:51, time: 0.307, data_time: 0.003, memory: 22330, decode.loss_seg: 0.0645, decode.acc_seg: 84.2507, aux.loss_seg: 0.0479, aux.acc_seg: 82.0901, loss: 0.1124
2026-04-23 03:59:38,525 - mmseg - INFO - Iter [83500/160000]	lr: 3.805e-06, eta: 18:08:01, time: 0.701, data_time: 0.357, memory: 22330, decode.loss_seg: 0.0641, decode.acc_seg: 82.9077, aux.loss_seg: 0.0478, aux.acc_seg: 80.7321, loss: 0.1120
2026-04-23 04:00:13,953 - mmseg - INFO - Iter [83550/160000]	lr: 3.803e-06, eta: 18:07:12, time: 0.708, data_time: 0.379, memory: 22330, decode.loss_seg: 0.0643, decode.acc_seg: 83.0575, aux.loss_seg: 0.0473, aux.acc_seg: 80.9689, loss: 0.1116
2026-04-23 04:00:29,315 - mmseg - INFO - Iter [83600/160000]	lr: 3.801e-06, eta: 18:06:04, time: 0.307, data_time: 0.004, memory: 22330, decode.loss_seg: 0.0634, decode.acc_seg: 83.4000, aux.loss_seg: 0.0492, aux.acc_seg: 81.1396, loss: 0.1126
2026-04-23 04:01:04,494 - mmseg - INFO - Iter [83650/160000]	lr: 3.798e-06, eta: 18:05:15, time: 0.703, data_time: 0.353, memory: 22330, decode.loss_seg: 0.0659, decode.acc_seg: 83.6093, aux.loss_seg: 0.0486, aux.acc_seg: 81.4300, loss: 0.1145
2026-04-23 04:01:39,726 - mmseg - INFO - Iter [83700/160000]	lr: 3.796e-06, eta: 18:04:26, time: 0.705, data_time: 0.346, memory: 22330, decode.loss_seg: 0.0629, decode.acc_seg: 82.3392, aux.loss_seg: 0.0469, aux.acc_seg: 80.2383, loss: 0.1098
2026-04-23 04:01:55,080 - mmseg - INFO - Iter [83750/160000]	lr: 3.793e-06, eta: 18:03:18, time: 0.307, data_time: 0.004, memory: 22330, decode.loss_seg: 0.0648, decode.acc_seg: 83.6952, aux.loss_seg: 0.0483, aux.acc_seg: 81.5665, loss: 0.1131
2026-04-23 04:02:29,994 - mmseg - INFO - Iter [83800/160000]	lr: 3.791e-06, eta: 18:02:28, time: 0.698, data_time: 0.376, memory: 22330, decode.loss_seg: 0.0651, decode.acc_seg: 82.5010, aux.loss_seg: 0.0478, aux.acc_seg: 80.3573, loss: 0.1129
2026-04-23 04:02:45,339 - mmseg - INFO - Iter [83850/160000]	lr: 3.788e-06, eta: 18:01:21, time: 0.307, data_time: 0.004, memory: 22330, decode.loss_seg: 0.0642, decode.acc_seg: 82.7554, aux.loss_seg: 0.0482, aux.acc_seg: 80.5363, loss: 0.1124
2026-04-23 04:03:21,183 - mmseg - INFO - Iter [83900/160000]	lr: 3.786e-06, eta: 18:00:32, time: 0.717, data_time: 0.398, memory: 22330, decode.loss_seg: 0.0647, decode.acc_seg: 84.0273, aux.loss_seg: 0.0477, aux.acc_seg: 81.8844, loss: 0.1124
2026-04-23 04:03:55,393 - mmseg - INFO - Iter [83950/160000]	lr: 3.783e-06, eta: 17:59:42, time: 0.684, data_time: 0.379, memory: 22330, decode.loss_seg: 0.0648, decode.acc_seg: 82.2587, aux.loss_seg: 0.0496, aux.acc_seg: 79.9800, loss: 0.1144
2026-04-23 04:04:23,295 - mmseg - INFO - per class results:
2026-04-23 04:04:23,296 - mmseg - INFO - 
+------------+-------+-------+
| Class      | IoU   | Acc   |
+------------+-------+-------+
| housing    | 93.73 | 96.69 |
| industrial | 91.58 | 95.54 |
| natural    | 83.71 | 86.85 |
| land_use   | 72.31 | 78.04 |
| water      | 91.55 | 97.2  |
| other      | 96.31 | 99.05 |
+------------+-------+-------+
2026-04-23 04:04:23,296 - mmseg - INFO - Summary:
2026-04-23 04:04:23,296 - mmseg - INFO - 
+--------+------+-------+-------+
| Scope  | mIoU | mAcc  | aAcc  |
+--------+------+-------+-------+
| global | 88.2 | 92.23 | 94.85 |
+--------+------+-------+-------+
2026-04-23 04:04:23,331 - mmseg - INFO - Exp name: pixel_upernet_itpn_base_12_512_slide_160k_air_polarsar2_amp_linux.py
2026-04-23 04:04:23,331 - mmseg - INFO - Iter [84000/160000]	lr: 3.781e-06, eta: 18:08:03, time: 12.875, data_time: 0.000, memory: 22330, mIoU: 0.8820, mAcc: 0.9223, aAcc: 0.9485
2026-04-23 04:04:57,654 - mmseg - INFO - Iter [84050/160000]	lr: 3.778e-06, eta: 18:07:13, time: 0.686, data_time: 0.378, memory: 22330, decode.loss_seg: 0.0640, decode.acc_seg: 82.7498, aux.loss_seg: 0.0474, aux.acc_seg: 80.6354, loss: 0.1114
2026-04-23 04:05:32,994 - mmseg - INFO - Iter [84100/160000]	lr: 3.776e-06, eta: 18:06:23, time: 0.707, data_time: 0.403, memory: 22330, decode.loss_seg: 0.0621, decode.acc_seg: 82.4595, aux.loss_seg: 0.0476, aux.acc_seg: 80.2575, loss: 0.1097
2026-04-23 04:05:48,386 - mmseg - INFO - Iter [84150/160000]	lr: 3.773e-06, eta: 18:05:15, time: 0.308, data_time: 0.004, memory: 22330, decode.loss_seg: 0.0647, decode.acc_seg: 83.2870, aux.loss_seg: 0.0486, aux.acc_seg: 81.1065, loss: 0.1133
2026-04-23 04:06:22,398 - mmseg - INFO - Iter [84200/160000]	lr: 3.771e-06, eta: 18:04:24, time: 0.680, data_time: 0.377, memory: 22330, decode.loss_seg: 0.0638, decode.acc_seg: 82.8801, aux.loss_seg: 0.0476, aux.acc_seg: 80.7554, loss: 0.1114
2026-04-23 04:06:57,655 - mmseg - INFO - Iter [84250/160000]	lr: 3.768e-06, eta: 18:03:34, time: 0.705, data_time: 0.396, memory: 22330, decode.loss_seg: 0.0661, decode.acc_seg: 83.5537, aux.loss_seg: 0.0486, aux.acc_seg: 81.4423, loss: 0.1147
2026-04-23 04:07:12,990 - mmseg - INFO - Iter [84300/160000]	lr: 3.766e-06, eta: 18:02:27, time: 0.307, data_time: 0.005, memory: 22330, decode.loss_seg: 0.0642, decode.acc_seg: 84.9389, aux.loss_seg: 0.0497, aux.acc_seg: 82.7106, loss: 0.1139
2026-04-23 04:07:47,658 - mmseg - INFO - Iter [84350/160000]	lr: 3.763e-06, eta: 18:01:36, time: 0.693, data_time: 0.358, memory: 22330, decode.loss_seg: 0.0626, decode.acc_seg: 82.7968, aux.loss_seg: 0.0476, aux.acc_seg: 80.5940, loss: 0.1102
2026-04-23 04:08:22,968 - mmseg - INFO - Iter [84400/160000]	lr: 3.761e-06, eta: 18:00:47, time: 0.706, data_time: 0.377, memory: 22330, decode.loss_seg: 0.0660, decode.acc_seg: 83.0730, aux.loss_seg: 0.0513, aux.acc_seg: 80.7474, loss: 0.1173
2026-04-23 04:08:38,337 - mmseg - INFO - Iter [84450/160000]	lr: 3.758e-06, eta: 17:59:39, time: 0.307, data_time: 0.004, memory: 22330, decode.loss_seg: 0.0620, decode.acc_seg: 83.0058, aux.loss_seg: 0.0474, aux.acc_seg: 80.8500, loss: 0.1094
2026-04-23 04:09:12,771 - mmseg - INFO - Iter [84500/160000]	lr: 3.756e-06, eta: 17:58:49, time: 0.689, data_time: 0.361, memory: 22330, decode.loss_seg: 0.0611, decode.acc_seg: 81.2565, aux.loss_seg: 0.0463, aux.acc_seg: 79.1196, loss: 0.1074
2026-04-23 04:09:46,853 - mmseg - INFO - Iter [84550/160000]	lr: 3.753e-06, eta: 17:57:58, time: 0.682, data_time: 0.349, memory: 22330, decode.loss_seg: 0.0684, decode.acc_seg: 83.8967, aux.loss_seg: 0.0519, aux.acc_seg: 81.5691, loss: 0.1203
2026-04-23 04:10:02,192 - mmseg - INFO - Iter [84600/160000]	lr: 3.751e-06, eta: 17:56:51, time: 0.307, data_time: 0.004, memory: 22330, decode.loss_seg: 0.0778, decode.acc_seg: 82.3308, aux.loss_seg: 0.0519, aux.acc_seg: 80.2200, loss: 0.1298
2026-04-23 04:10:37,199 - mmseg - INFO - Iter [84650/160000]	lr: 3.748e-06, eta: 17:56:01, time: 0.700, data_time: 0.393, memory: 22330, decode.loss_seg: 0.0672, decode.acc_seg: 83.1598, aux.loss_seg: 0.0478, aux.acc_seg: 81.1292, loss: 0.1150
2026-04-23 04:10:52,533 - mmseg - INFO - Iter [84700/160000]	lr: 3.746e-06, eta: 17:54:54, time: 0.307, data_time: 0.004, memory: 22330, decode.loss_seg: 0.0663, decode.acc_seg: 83.5966, aux.loss_seg: 0.0485, aux.acc_seg: 81.4436, loss: 0.1148
2026-04-23 04:11:28,234 - mmseg - INFO - Iter [84750/160000]	lr: 3.743e-06, eta: 17:54:04, time: 0.714, data_time: 0.411, memory: 22330, decode.loss_seg: 0.0672, decode.acc_seg: 83.5231, aux.loss_seg: 0.0511, aux.acc_seg: 81.2003, loss: 0.1183
2026-04-23 04:12:03,000 - mmseg - INFO - Iter [84800/160000]	lr: 3.741e-06, eta: 17:53:14, time: 0.695, data_time: 0.377, memory: 22330, decode.loss_seg: 0.0672, decode.acc_seg: 82.4892, aux.loss_seg: 0.0489, aux.acc_seg: 80.3518, loss: 0.1161
2026-04-23 04:12:18,388 - mmseg - INFO - Iter [84850/160000]	lr: 3.738e-06, eta: 17:52:07, time: 0.308, data_time: 0.004, memory: 22330, decode.loss_seg: 0.0650, decode.acc_seg: 84.0482, aux.loss_seg: 0.0479, aux.acc_seg: 81.9138, loss: 0.1129
2026-04-23 04:12:53,465 - mmseg - INFO - Iter [84900/160000]	lr: 3.736e-06, eta: 17:51:18, time: 0.702, data_time: 0.353, memory: 22330, decode.loss_seg: 0.0628, decode.acc_seg: 83.1350, aux.loss_seg: 0.0487, aux.acc_seg: 80.8412, loss: 0.1115
2026-04-23 04:13:28,711 - mmseg - INFO - Iter [84950/160000]	lr: 3.733e-06, eta: 17:50:28, time: 0.705, data_time: 0.403, memory: 22330, decode.loss_seg: 0.0626, decode.acc_seg: 80.7890, aux.loss_seg: 0.0485, aux.acc_seg: 78.5047, loss: 0.1111
2026-04-23 04:13:44,095 - mmseg - INFO - Exp name: pixel_upernet_itpn_base_12_512_slide_160k_air_polarsar2_amp_linux.py
2026-04-23 04:13:44,096 - mmseg - INFO - Iter [85000/160000]	lr: 3.731e-06, eta: 17:49:21, time: 0.308, data_time: 0.004, memory: 22330, decode.loss_seg: 0.0628, decode.acc_seg: 83.7718, aux.loss_seg: 0.0466, aux.acc_seg: 81.6564, loss: 0.1094
2026-04-23 04:14:19,607 - mmseg - INFO - Iter [85050/160000]	lr: 3.728e-06, eta: 17:48:32, time: 0.710, data_time: 0.357, memory: 22330, decode.loss_seg: 0.0670, decode.acc_seg: 84.4865, aux.loss_seg: 0.0490, aux.acc_seg: 82.3213, loss: 0.1160
2026-04-23 04:14:55,353 - mmseg - INFO - Iter [85100/160000]	lr: 3.726e-06, eta: 17:47:43, time: 0.715, data_time: 0.368, memory: 22330, decode.loss_seg: 0.0643, decode.acc_seg: 83.2724, aux.loss_seg: 0.0472, aux.acc_seg: 81.1685, loss: 0.1115
2026-04-23 04:15:10,718 - mmseg - INFO - Iter [85150/160000]	lr: 3.723e-06, eta: 17:46:36, time: 0.307, data_time: 0.003, memory: 22330, decode.loss_seg: 0.0663, decode.acc_seg: 82.3067, aux.loss_seg: 0.0481, aux.acc_seg: 80.2253, loss: 0.1144
2026-04-23 04:15:46,187 - mmseg - INFO - Iter [85200/160000]	lr: 3.721e-06, eta: 17:45:47, time: 0.710, data_time: 0.406, memory: 22330, decode.loss_seg: 0.0648, decode.acc_seg: 83.7585, aux.loss_seg: 0.0482, aux.acc_seg: 81.6027, loss: 0.1130
2026-04-23 04:16:22,283 - mmseg - INFO - Iter [85250/160000]	lr: 3.718e-06, eta: 17:44:59, time: 0.722, data_time: 0.363, memory: 22330, decode.loss_seg: 0.0645, decode.acc_seg: 82.7317, aux.loss_seg: 0.0481, aux.acc_seg: 80.6005, loss: 0.1126
2026-04-23 04:16:37,587 - mmseg - INFO - Iter [85300/160000]	lr: 3.716e-06, eta: 17:43:52, time: 0.306, data_time: 0.004, memory: 22330, decode.loss_seg: 0.0625, decode.acc_seg: 83.0352, aux.loss_seg: 0.0479, aux.acc_seg: 80.7497, loss: 0.1105
2026-04-23 04:17:12,359 - mmseg - INFO - Iter [85350/160000]	lr: 3.713e-06, eta: 17:43:02, time: 0.696, data_time: 0.392, memory: 22330, decode.loss_seg: 0.0628, decode.acc_seg: 84.8450, aux.loss_seg: 0.0469, aux.acc_seg: 82.7215, loss: 0.1097
2026-04-23 04:17:47,782 - mmseg - INFO - Iter [85400/160000]	lr: 3.711e-06, eta: 17:42:13, time: 0.709, data_time: 0.366, memory: 22330, decode.loss_seg: 0.0641, decode.acc_seg: 83.4343, aux.loss_seg: 0.0478, aux.acc_seg: 81.2652, loss: 0.1119
2026-04-23 04:18:03,183 - mmseg - INFO - Iter [85450/160000]	lr: 3.708e-06, eta: 17:41:06, time: 0.308, data_time: 0.004, memory: 22330, decode.loss_seg: 0.0614, decode.acc_seg: 82.7850, aux.loss_seg: 0.0467, aux.acc_seg: 80.6245, loss: 0.1081
2026-04-23 04:18:37,617 - mmseg - INFO - Iter [85500/160000]	lr: 3.706e-06, eta: 17:40:17, time: 0.689, data_time: 0.375, memory: 22330, decode.loss_seg: 0.0653, decode.acc_seg: 84.0918, aux.loss_seg: 0.0483, aux.acc_seg: 81.9279, loss: 0.1136
2026-04-23 04:19:13,500 - mmseg - INFO - Iter [85550/160000]	lr: 3.704e-06, eta: 17:39:28, time: 0.718, data_time: 0.403, memory: 22330, decode.loss_seg: 0.0634, decode.acc_seg: 82.8733, aux.loss_seg: 0.0467, aux.acc_seg: 80.7885, loss: 0.1100
2026-04-23 04:19:28,917 - mmseg - INFO - Iter [85600/160000]	lr: 3.701e-06, eta: 17:38:22, time: 0.308, data_time: 0.003, memory: 22330, decode.loss_seg: 0.0637, decode.acc_seg: 84.3237, aux.loss_seg: 0.0477, aux.acc_seg: 82.1770, loss: 0.1113
2026-04-23 04:20:03,938 - mmseg - INFO - Iter [85650/160000]	lr: 3.699e-06, eta: 17:37:32, time: 0.701, data_time: 0.355, memory: 22330, decode.loss_seg: 0.0673, decode.acc_seg: 83.8857, aux.loss_seg: 0.0519, aux.acc_seg: 81.5298, loss: 0.1192
2026-04-23 04:20:19,322 - mmseg - INFO - Iter [85700/160000]	lr: 3.696e-06, eta: 17:36:26, time: 0.308, data_time: 0.004, memory: 22330, decode.loss_seg: 0.0628, decode.acc_seg: 82.4449, aux.loss_seg: 0.0475, aux.acc_seg: 80.2166, loss: 0.1104
2026-04-23 04:20:54,515 - mmseg - INFO - Iter [85750/160000]	lr: 3.694e-06, eta: 17:35:37, time: 0.704, data_time: 0.380, memory: 22330, decode.loss_seg: 0.0639, decode.acc_seg: 85.4001, aux.loss_seg: 0.0475, aux.acc_seg: 83.2616, loss: 0.1114
2026-04-23 04:21:28,718 - mmseg - INFO - Iter [85800/160000]	lr: 3.691e-06, eta: 17:34:47, time: 0.684, data_time: 0.359, memory: 22330, decode.loss_seg: 0.0637, decode.acc_seg: 82.9580, aux.loss_seg: 0.0479, aux.acc_seg: 80.7389, loss: 0.1115
2026-04-23 04:21:44,079 - mmseg - INFO - Iter [85850/160000]	lr: 3.689e-06, eta: 17:33:41, time: 0.307, data_time: 0.004, memory: 22330, decode.loss_seg: 0.0640, decode.acc_seg: 82.9966, aux.loss_seg: 0.0476, aux.acc_seg: 80.8878, loss: 0.1116
2026-04-23 04:22:18,509 - mmseg - INFO - Iter [85900/160000]	lr: 3.686e-06, eta: 17:32:51, time: 0.688, data_time: 0.366, memory: 22330, decode.loss_seg: 0.0611, decode.acc_seg: 83.8326, aux.loss_seg: 0.0455, aux.acc_seg: 81.7781, loss: 0.1066
2026-04-23 04:22:53,828 - mmseg - INFO - Iter [85950/160000]	lr: 3.684e-06, eta: 17:32:02, time: 0.707, data_time: 0.376, memory: 22330, decode.loss_seg: 0.0602, decode.acc_seg: 82.2770, aux.loss_seg: 0.0459, aux.acc_seg: 80.1622, loss: 0.1060
2026-04-23 04:23:21,769 - mmseg - INFO - per class results:
2026-04-23 04:23:21,770 - mmseg - INFO - 
+------------+-------+-------+
| Class      | IoU   | Acc   |
+------------+-------+-------+
| housing    | 93.89 | 96.3  |
| industrial | 91.73 | 95.72 |
| natural    | 84.31 | 87.69 |
| land_use   | 73.68 | 80.76 |
| water      | 91.77 | 96.96 |
| other      | 97.09 | 99.07 |
+------------+-------+-------+
2026-04-23 04:23:21,770 - mmseg - INFO - Summary:
2026-04-23 04:23:21,770 - mmseg - INFO - 
+--------+-------+-------+-------+
| Scope  | mIoU  | mAcc  | aAcc  |
+--------+-------+-------+-------+
| global | 88.74 | 92.75 | 95.01 |
+--------+-------+-------+-------+
2026-04-23 04:23:21,810 - mmseg - INFO - Exp name: pixel_upernet_itpn_base_12_512_slide_160k_air_polarsar2_amp_linux.py
2026-04-23 04:23:21,810 - mmseg - INFO - Iter [86000/160000]	lr: 3.681e-06, eta: 17:39:57, time: 12.881, data_time: 0.000, memory: 22330, mIoU: 0.8874, mAcc: 0.9275, aAcc: 0.9501
2026-04-23 04:23:57,723 - mmseg - INFO - Iter [86050/160000]	lr: 3.679e-06, eta: 17:39:08, time: 0.718, data_time: 0.395, memory: 22330, decode.loss_seg: 0.0646, decode.acc_seg: 82.0781, aux.loss_seg: 0.0480, aux.acc_seg: 79.9060, loss: 0.1126
2026-04-23 04:24:32,766 - mmseg - INFO - Iter [86100/160000]	lr: 3.676e-06, eta: 17:38:18, time: 0.701, data_time: 0.396, memory: 22330, decode.loss_seg: 0.0600, decode.acc_seg: 82.7214, aux.loss_seg: 0.0454, aux.acc_seg: 80.6415, loss: 0.1054
2026-04-23 04:24:48,196 - mmseg - INFO - Iter [86150/160000]	lr: 3.674e-06, eta: 17:37:11, time: 0.309, data_time: 0.004, memory: 22330, decode.loss_seg: 0.0627, decode.acc_seg: 83.8383, aux.loss_seg: 0.0506, aux.acc_seg: 81.3538, loss: 0.1133
2026-04-23 04:25:23,970 - mmseg - INFO - Iter [86200/160000]	lr: 3.671e-06, eta: 17:36:22, time: 0.715, data_time: 0.388, memory: 22330, decode.loss_seg: 0.0647, decode.acc_seg: 84.5709, aux.loss_seg: 0.0485, aux.acc_seg: 82.3373, loss: 0.1132
2026-04-23 04:25:58,950 - mmseg - INFO - Iter [86250/160000]	lr: 3.669e-06, eta: 17:35:33, time: 0.699, data_time: 0.347, memory: 22330, decode.loss_seg: 0.0610, decode.acc_seg: 83.3958, aux.loss_seg: 0.0456, aux.acc_seg: 81.3494, loss: 0.1066
2026-04-23 04:26:14,321 - mmseg - INFO - Iter [86300/160000]	lr: 3.666e-06, eta: 17:34:26, time: 0.307, data_time: 0.004, memory: 22330, decode.loss_seg: 0.0631, decode.acc_seg: 83.4357, aux.loss_seg: 0.0476, aux.acc_seg: 81.2746, loss: 0.1107
2026-04-23 04:26:49,591 - mmseg - INFO - Iter [86350/160000]	lr: 3.664e-06, eta: 17:33:37, time: 0.706, data_time: 0.352, memory: 22330, decode.loss_seg: 0.0627, decode.acc_seg: 83.7824, aux.loss_seg: 0.0483, aux.acc_seg: 81.5351, loss: 0.1110
2026-04-23 04:27:24,000 - mmseg - INFO - Iter [86400/160000]	lr: 3.661e-06, eta: 17:32:47, time: 0.688, data_time: 0.338, memory: 22330, decode.loss_seg: 0.0629, decode.acc_seg: 82.8414, aux.loss_seg: 0.0477, aux.acc_seg: 80.6527, loss: 0.1106
2026-04-23 04:27:39,446 - mmseg - INFO - Iter [86450/160000]	lr: 3.659e-06, eta: 17:31:40, time: 0.309, data_time: 0.004, memory: 22330, decode.loss_seg: 0.0602, decode.acc_seg: 82.9382, aux.loss_seg: 0.0452, aux.acc_seg: 80.8776, loss: 0.1054
2026-04-23 04:28:14,907 - mmseg - INFO - Iter [86500/160000]	lr: 3.656e-06, eta: 17:30:51, time: 0.709, data_time: 0.405, memory: 22330, decode.loss_seg: 0.0627, decode.acc_seg: 83.6486, aux.loss_seg: 0.0468, aux.acc_seg: 81.5047, loss: 0.1095
2026-04-23 04:28:50,354 - mmseg - INFO - Iter [86550/160000]	lr: 3.654e-06, eta: 17:30:02, time: 0.709, data_time: 0.340, memory: 22330, decode.loss_seg: 0.0631, decode.acc_seg: 84.2577, aux.loss_seg: 0.0487, aux.acc_seg: 82.0012, loss: 0.1118
2026-04-23 04:29:05,781 - mmseg - INFO - Iter [86600/160000]	lr: 3.651e-06, eta: 17:28:56, time: 0.309, data_time: 0.004, memory: 22330, decode.loss_seg: 0.0603, decode.acc_seg: 82.6486, aux.loss_seg: 0.0476, aux.acc_seg: 80.3664, loss: 0.1079
2026-04-23 04:29:41,319 - mmseg - INFO - Iter [86650/160000]	lr: 3.649e-06, eta: 17:28:07, time: 0.711, data_time: 0.384, memory: 22330, decode.loss_seg: 0.0614, decode.acc_seg: 83.4993, aux.loss_seg: 0.0468, aux.acc_seg: 81.2928, loss: 0.1082
2026-04-23 04:29:56,724 - mmseg - INFO - Iter [86700/160000]	lr: 3.646e-06, eta: 17:27:00, time: 0.308, data_time: 0.004, memory: 22330, decode.loss_seg: 0.0635, decode.acc_seg: 83.4144, aux.loss_seg: 0.0481, aux.acc_seg: 81.2077, loss: 0.1116
2026-04-23 04:30:31,605 - mmseg - INFO - Iter [86750/160000]	lr: 3.644e-06, eta: 17:26:11, time: 0.698, data_time: 0.362, memory: 22330, decode.loss_seg: 0.0633, decode.acc_seg: 84.3140, aux.loss_seg: 0.0480, aux.acc_seg: 82.0801, loss: 0.1113
2026-04-23 04:31:07,214 - mmseg - INFO - Iter [86800/160000]	lr: 3.641e-06, eta: 17:25:22, time: 0.712, data_time: 0.339, memory: 22330, decode.loss_seg: 0.0611, decode.acc_seg: 83.2574, aux.loss_seg: 0.0460, aux.acc_seg: 81.1464, loss: 0.1071
2026-04-23 04:31:22,595 - mmseg - INFO - Iter [86850/160000]	lr: 3.639e-06, eta: 17:24:16, time: 0.308, data_time: 0.003, memory: 22330, decode.loss_seg: 0.0599, decode.acc_seg: 83.1454, aux.loss_seg: 0.0453, aux.acc_seg: 81.0591, loss: 0.1052
2026-04-23 04:31:56,572 - mmseg - INFO - Iter [86900/160000]	lr: 3.636e-06, eta: 17:23:26, time: 0.680, data_time: 0.376, memory: 22330, decode.loss_seg: 0.0612, decode.acc_seg: 83.3836, aux.loss_seg: 0.0460, aux.acc_seg: 81.2672, loss: 0.1072
2026-04-23 04:32:31,178 - mmseg - INFO - Iter [86950/160000]	lr: 3.634e-06, eta: 17:22:36, time: 0.692, data_time: 0.385, memory: 22330, decode.loss_seg: 0.0629, decode.acc_seg: 83.2245, aux.loss_seg: 0.0472, aux.acc_seg: 81.0536, loss: 0.1101
2026-04-23 04:32:46,575 - mmseg - INFO - Exp name: pixel_upernet_itpn_base_12_512_slide_160k_air_polarsar2_amp_linux.py
2026-04-23 04:32:46,575 - mmseg - INFO - Iter [87000/160000]	lr: 3.631e-06, eta: 17:21:30, time: 0.308, data_time: 0.005, memory: 22330, decode.loss_seg: 0.0606, decode.acc_seg: 83.5515, aux.loss_seg: 0.0459, aux.acc_seg: 81.4214, loss: 0.1065
2026-04-23 04:33:21,678 - mmseg - INFO - Iter [87050/160000]	lr: 3.629e-06, eta: 17:20:41, time: 0.702, data_time: 0.388, memory: 22330, decode.loss_seg: 0.0627, decode.acc_seg: 83.2155, aux.loss_seg: 0.0471, aux.acc_seg: 81.0646, loss: 0.1098
2026-04-23 04:33:54,333 - mmseg - INFO - Iter [87100/160000]	lr: 3.626e-06, eta: 17:19:50, time: 0.653, data_time: 0.345, memory: 22330, decode.loss_seg: 0.0623, decode.acc_seg: 82.6788, aux.loss_seg: 0.0462, aux.acc_seg: 80.6140, loss: 0.1085
2026-04-23 04:34:09,751 - mmseg - INFO - Iter [87150/160000]	lr: 3.624e-06, eta: 17:18:44, time: 0.308, data_time: 0.003, memory: 22330, decode.loss_seg: 0.0641, decode.acc_seg: 84.4404, aux.loss_seg: 0.0483, aux.acc_seg: 82.1632, loss: 0.1124
2026-04-23 04:34:42,298 - mmseg - INFO - Iter [87200/160000]	lr: 3.621e-06, eta: 17:17:53, time: 0.651, data_time: 0.324, memory: 22330, decode.loss_seg: 0.0629, decode.acc_seg: 83.0031, aux.loss_seg: 0.0470, aux.acc_seg: 80.8779, loss: 0.1099
2026-04-23 04:35:15,682 - mmseg - INFO - Iter [87250/160000]	lr: 3.619e-06, eta: 17:17:02, time: 0.668, data_time: 0.304, memory: 22330, decode.loss_seg: 0.0650, decode.acc_seg: 83.7314, aux.loss_seg: 0.0484, aux.acc_seg: 81.5579, loss: 0.1134
2026-04-23 04:35:31,070 - mmseg - INFO - Iter [87300/160000]	lr: 3.616e-06, eta: 17:15:56, time: 0.308, data_time: 0.004, memory: 22330, decode.loss_seg: 0.0605, decode.acc_seg: 82.1143, aux.loss_seg: 0.0459, aux.acc_seg: 79.9815, loss: 0.1064
2026-04-23 04:36:06,007 - mmseg - INFO - Iter [87350/160000]	lr: 3.614e-06, eta: 17:15:07, time: 0.699, data_time: 0.395, memory: 22330, decode.loss_seg: 0.0620, decode.acc_seg: 82.2934, aux.loss_seg: 0.0466, aux.acc_seg: 80.1897, loss: 0.1086
2026-04-23 04:36:40,424 - mmseg - INFO - Iter [87400/160000]	lr: 3.611e-06, eta: 17:14:18, time: 0.688, data_time: 0.364, memory: 22330, decode.loss_seg: 0.0645, decode.acc_seg: 83.3670, aux.loss_seg: 0.0502, aux.acc_seg: 81.0050, loss: 0.1147
2026-04-23 04:36:55,805 - mmseg - INFO - Iter [87450/160000]	lr: 3.609e-06, eta: 17:13:12, time: 0.308, data_time: 0.005, memory: 22330, decode.loss_seg: 0.0639, decode.acc_seg: 83.5773, aux.loss_seg: 0.0497, aux.acc_seg: 81.2781, loss: 0.1136
2026-04-23 04:37:30,339 - mmseg - INFO - Iter [87500/160000]	lr: 3.607e-06, eta: 17:12:23, time: 0.691, data_time: 0.380, memory: 22330, decode.loss_seg: 0.0691, decode.acc_seg: 84.5567, aux.loss_seg: 0.0508, aux.acc_seg: 82.3852, loss: 0.1199
2026-04-23 04:38:04,402 - mmseg - INFO - Iter [87550/160000]	lr: 3.604e-06, eta: 17:11:33, time: 0.681, data_time: 0.373, memory: 22330, decode.loss_seg: 0.0674, decode.acc_seg: 83.4996, aux.loss_seg: 0.0509, aux.acc_seg: 81.2220, loss: 0.1184
2026-04-23 04:38:19,792 - mmseg - INFO - Iter [87600/160000]	lr: 3.602e-06, eta: 17:10:27, time: 0.308, data_time: 0.004, memory: 22330, decode.loss_seg: 0.0625, decode.acc_seg: 83.0527, aux.loss_seg: 0.0469, aux.acc_seg: 80.9112, loss: 0.1094
2026-04-23 04:38:55,484 - mmseg - INFO - Iter [87650/160000]	lr: 3.599e-06, eta: 17:09:39, time: 0.714, data_time: 0.355, memory: 22330, decode.loss_seg: 0.0633, decode.acc_seg: 83.1546, aux.loss_seg: 0.0494, aux.acc_seg: 80.8415, loss: 0.1128
2026-04-23 04:39:10,868 - mmseg - INFO - Iter [87700/160000]	lr: 3.597e-06, eta: 17:08:34, time: 0.308, data_time: 0.004, memory: 22330, decode.loss_seg: 0.0634, decode.acc_seg: 83.0894, aux.loss_seg: 0.0473, aux.acc_seg: 80.9470, loss: 0.1107
2026-04-23 04:39:45,077 - mmseg - INFO - Iter [87750/160000]	lr: 3.594e-06, eta: 17:07:44, time: 0.684, data_time: 0.329, memory: 22330, decode.loss_seg: 0.0607, decode.acc_seg: 82.7788, aux.loss_seg: 0.0461, aux.acc_seg: 80.6382, loss: 0.1068
2026-04-23 04:40:16,511 - mmseg - INFO - Iter [87800/160000]	lr: 3.592e-06, eta: 17:06:52, time: 0.629, data_time: 0.308, memory: 22330, decode.loss_seg: 0.0619, decode.acc_seg: 83.3854, aux.loss_seg: 0.0466, aux.acc_seg: 81.2665, loss: 0.1085
2026-04-23 04:40:31,896 - mmseg - INFO - Iter [87850/160000]	lr: 3.589e-06, eta: 17:05:47, time: 0.308, data_time: 0.004, memory: 22330, decode.loss_seg: 0.0619, decode.acc_seg: 83.1812, aux.loss_seg: 0.0475, aux.acc_seg: 80.9721, loss: 0.1094
2026-04-23 04:41:07,065 - mmseg - INFO - Iter [87900/160000]	lr: 3.587e-06, eta: 17:04:58, time: 0.704, data_time: 0.339, memory: 22330, decode.loss_seg: 0.0628, decode.acc_seg: 84.5691, aux.loss_seg: 0.0498, aux.acc_seg: 82.2341, loss: 0.1126
2026-04-23 04:41:41,990 - mmseg - INFO - Iter [87950/160000]	lr: 3.584e-06, eta: 17:04:09, time: 0.698, data_time: 0.395, memory: 22330, decode.loss_seg: 0.0625, decode.acc_seg: 82.4256, aux.loss_seg: 0.0480, aux.acc_seg: 80.1813, loss: 0.1105
2026-04-23 04:42:09,858 - mmseg - INFO - per class results:
2026-04-23 04:42:09,859 - mmseg - INFO - 
+------------+-------+-------+
| Class      | IoU   | Acc   |
+------------+-------+-------+
| housing    | 93.64 | 97.42 |
| industrial | 91.78 | 96.21 |
| natural    | 83.25 | 85.76 |
| land_use   | 73.0  | 79.02 |
| water      | 91.85 | 96.62 |
| other      | 96.84 | 98.8  |
+------------+-------+-------+
2026-04-23 04:42:09,859 - mmseg - INFO - Summary:
2026-04-23 04:42:09,859 - mmseg - INFO - 
+--------+-------+-------+-------+
| Scope  | mIoU  | mAcc  | aAcc  |
+--------+-------+-------+-------+
| global | 88.39 | 92.31 | 94.98 |
+--------+-------+-------+-------+
2026-04-23 04:42:09,894 - mmseg - INFO - Exp name: pixel_upernet_itpn_base_12_512_slide_160k_air_polarsar2_amp_linux.py
2026-04-23 04:42:09,895 - mmseg - INFO - Iter [88000/160000]	lr: 3.582e-06, eta: 17:11:38, time: 12.859, data_time: 0.000, memory: 22330, mIoU: 0.8839, mAcc: 0.9231, aAcc: 0.9498
2026-04-23 04:42:45,363 - mmseg - INFO - Iter [88050/160000]	lr: 3.579e-06, eta: 17:10:49, time: 0.709, data_time: 0.371, memory: 22330, decode.loss_seg: 0.0627, decode.acc_seg: 84.3110, aux.loss_seg: 0.0467, aux.acc_seg: 82.1870, loss: 0.1094
2026-04-23 04:43:19,836 - mmseg - INFO - Iter [88100/160000]	lr: 3.577e-06, eta: 17:09:59, time: 0.689, data_time: 0.387, memory: 22330, decode.loss_seg: 0.0622, decode.acc_seg: 83.1604, aux.loss_seg: 0.0461, aux.acc_seg: 81.0579, loss: 0.1083
2026-04-23 04:43:35,188 - mmseg - INFO - Iter [88150/160000]	lr: 3.574e-06, eta: 17:08:53, time: 0.307, data_time: 0.004, memory: 22330, decode.loss_seg: 0.0633, decode.acc_seg: 84.3529, aux.loss_seg: 0.0475, aux.acc_seg: 82.1713, loss: 0.1108
2026-04-23 04:44:10,157 - mmseg - INFO - Iter [88200/160000]	lr: 3.572e-06, eta: 17:08:04, time: 0.700, data_time: 0.397, memory: 22330, decode.loss_seg: 0.0606, decode.acc_seg: 84.3322, aux.loss_seg: 0.0465, aux.acc_seg: 82.1610, loss: 0.1070
2026-04-23 04:44:45,815 - mmseg - INFO - Iter [88250/160000]	lr: 3.569e-06, eta: 17:07:15, time: 0.713, data_time: 0.408, memory: 22330, decode.loss_seg: 0.0611, decode.acc_seg: 82.9080, aux.loss_seg: 0.0452, aux.acc_seg: 80.8442, loss: 0.1063
2026-04-23 04:45:01,148 - mmseg - INFO - Iter [88300/160000]	lr: 3.567e-06, eta: 17:06:10, time: 0.307, data_time: 0.004, memory: 22330, decode.loss_seg: 0.0616, decode.acc_seg: 84.3228, aux.loss_seg: 0.0462, aux.acc_seg: 82.2122, loss: 0.1078
2026-04-23 04:45:36,306 - mmseg - INFO - Iter [88350/160000]	lr: 3.564e-06, eta: 17:05:20, time: 0.703, data_time: 0.400, memory: 22330, decode.loss_seg: 0.0649, decode.acc_seg: 83.8779, aux.loss_seg: 0.0494, aux.acc_seg: 81.6134, loss: 0.1143
2026-04-23 04:46:12,107 - mmseg - INFO - Iter [88400/160000]	lr: 3.562e-06, eta: 17:04:32, time: 0.716, data_time: 0.413, memory: 22330, decode.loss_seg: 0.0629, decode.acc_seg: 83.3074, aux.loss_seg: 0.0470, aux.acc_seg: 81.1973, loss: 0.1099
2026-04-23 04:46:27,434 - mmseg - INFO - Iter [88450/160000]	lr: 3.559e-06, eta: 17:03:26, time: 0.306, data_time: 0.004, memory: 22330, decode.loss_seg: 0.0599, decode.acc_seg: 82.8383, aux.loss_seg: 0.0452, aux.acc_seg: 80.7177, loss: 0.1051
2026-04-23 04:47:02,721 - mmseg - INFO - Iter [88500/160000]	lr: 3.557e-06, eta: 17:02:37, time: 0.706, data_time: 0.380, memory: 22330, decode.loss_seg: 0.0630, decode.acc_seg: 83.5237, aux.loss_seg: 0.0489, aux.acc_seg: 81.2183, loss: 0.1119
2026-04-23 04:47:18,065 - mmseg - INFO - Iter [88550/160000]	lr: 3.554e-06, eta: 17:01:32, time: 0.307, data_time: 0.005, memory: 22330, decode.loss_seg: 0.0623, decode.acc_seg: 82.4608, aux.loss_seg: 0.0484, aux.acc_seg: 80.1901, loss: 0.1107
2026-04-23 04:47:53,835 - mmseg - INFO - Iter [88600/160000]	lr: 3.552e-06, eta: 17:00:44, time: 0.715, data_time: 0.356, memory: 22330, decode.loss_seg: 0.0601, decode.acc_seg: 82.8999, aux.loss_seg: 0.0469, aux.acc_seg: 80.6205, loss: 0.1070
2026-04-23 04:48:29,628 - mmseg - INFO - Iter [88650/160000]	lr: 3.549e-06, eta: 16:59:55, time: 0.716, data_time: 0.349, memory: 22330, decode.loss_seg: 0.0598, decode.acc_seg: 82.9564, aux.loss_seg: 0.0456, aux.acc_seg: 80.8351, loss: 0.1055
2026-04-23 04:48:44,914 - mmseg - INFO - Iter [88700/160000]	lr: 3.547e-06, eta: 16:58:50, time: 0.306, data_time: 0.004, memory: 22330, decode.loss_seg: 0.0631, decode.acc_seg: 84.9296, aux.loss_seg: 0.0473, aux.acc_seg: 82.7839, loss: 0.1104
2026-04-23 04:49:19,534 - mmseg - INFO - Iter [88750/160000]	lr: 3.544e-06, eta: 16:58:00, time: 0.692, data_time: 0.345, memory: 22330, decode.loss_seg: 0.0604, decode.acc_seg: 83.4326, aux.loss_seg: 0.0461, aux.acc_seg: 81.3131, loss: 0.1065
2026-04-23 04:49:55,122 - mmseg - INFO - Iter [88800/160000]	lr: 3.542e-06, eta: 16:57:12, time: 0.712, data_time: 0.382, memory: 22330, decode.loss_seg: 0.0618, decode.acc_seg: 82.9439, aux.loss_seg: 0.0464, aux.acc_seg: 80.7884, loss: 0.1081
2026-04-23 04:50:10,477 - mmseg - INFO - Iter [88850/160000]	lr: 3.539e-06, eta: 16:56:07, time: 0.307, data_time: 0.003, memory: 22330, decode.loss_seg: 0.0606, decode.acc_seg: 84.4829, aux.loss_seg: 0.0460, aux.acc_seg: 82.3277, loss: 0.1066
2026-04-23 04:50:45,479 - mmseg - INFO - Iter [88900/160000]	lr: 3.537e-06, eta: 16:55:18, time: 0.700, data_time: 0.378, memory: 22330, decode.loss_seg: 0.0608, decode.acc_seg: 83.2546, aux.loss_seg: 0.0458, aux.acc_seg: 81.1665, loss: 0.1066
2026-04-23 04:51:20,021 - mmseg - INFO - Iter [88950/160000]	lr: 3.534e-06, eta: 16:54:28, time: 0.691, data_time: 0.376, memory: 22330, decode.loss_seg: 0.0620, decode.acc_seg: 84.9420, aux.loss_seg: 0.0472, aux.acc_seg: 82.7867, loss: 0.1092
2026-04-23 04:51:35,355 - mmseg - INFO - Exp name: pixel_upernet_itpn_base_12_512_slide_160k_air_polarsar2_amp_linux.py
2026-04-23 04:51:35,355 - mmseg - INFO - Iter [89000/160000]	lr: 3.532e-06, eta: 16:53:23, time: 0.307, data_time: 0.004, memory: 22330, decode.loss_seg: 0.0631, decode.acc_seg: 83.9922, aux.loss_seg: 0.0475, aux.acc_seg: 81.7895, loss: 0.1107
2026-04-23 04:52:08,945 - mmseg - INFO - Iter [89050/160000]	lr: 3.529e-06, eta: 16:52:33, time: 0.672, data_time: 0.351, memory: 22330, decode.loss_seg: 0.0604, decode.acc_seg: 83.2055, aux.loss_seg: 0.0447, aux.acc_seg: 81.1600, loss: 0.1051
2026-04-23 04:52:43,215 - mmseg - INFO - Iter [89100/160000]	lr: 3.527e-06, eta: 16:51:44, time: 0.686, data_time: 0.354, memory: 22330, decode.loss_seg: 0.0629, decode.acc_seg: 83.1324, aux.loss_seg: 0.0477, aux.acc_seg: 80.9333, loss: 0.1106
2026-04-23 04:52:58,569 - mmseg - INFO - Iter [89150/160000]	lr: 3.524e-06, eta: 16:50:39, time: 0.307, data_time: 0.003, memory: 22330, decode.loss_seg: 0.0623, decode.acc_seg: 85.2707, aux.loss_seg: 0.0468, aux.acc_seg: 83.1243, loss: 0.1091
2026-04-23 04:53:33,884 - mmseg - INFO - Iter [89200/160000]	lr: 3.522e-06, eta: 16:49:50, time: 0.706, data_time: 0.402, memory: 22330, decode.loss_seg: 0.0624, decode.acc_seg: 83.8084, aux.loss_seg: 0.0488, aux.acc_seg: 81.4757, loss: 0.1112
2026-04-23 04:54:07,446 - mmseg - INFO - Iter [89250/160000]	lr: 3.519e-06, eta: 16:49:00, time: 0.671, data_time: 0.347, memory: 22330, decode.loss_seg: 0.0615, decode.acc_seg: 83.1675, aux.loss_seg: 0.0479, aux.acc_seg: 80.9277, loss: 0.1094
2026-04-23 04:54:22,832 - mmseg - INFO - Iter [89300/160000]	lr: 3.517e-06, eta: 16:47:56, time: 0.308, data_time: 0.003, memory: 22330, decode.loss_seg: 0.0610, decode.acc_seg: 83.3860, aux.loss_seg: 0.0484, aux.acc_seg: 81.1064, loss: 0.1094
2026-04-23 04:54:57,920 - mmseg - INFO - Iter [89350/160000]	lr: 3.514e-06, eta: 16:47:07, time: 0.702, data_time: 0.360, memory: 22330, decode.loss_seg: 0.0611, decode.acc_seg: 82.8322, aux.loss_seg: 0.0475, aux.acc_seg: 80.5639, loss: 0.1086
2026-04-23 04:55:33,559 - mmseg - INFO - Iter [89400/160000]	lr: 3.512e-06, eta: 16:46:18, time: 0.713, data_time: 0.410, memory: 22330, decode.loss_seg: 0.0614, decode.acc_seg: 85.7098, aux.loss_seg: 0.0467, aux.acc_seg: 83.5476, loss: 0.1081
2026-04-23 04:55:48,999 - mmseg - INFO - Iter [89450/160000]	lr: 3.510e-06, eta: 16:45:14, time: 0.309, data_time: 0.005, memory: 22330, decode.loss_seg: 0.0614, decode.acc_seg: 84.5368, aux.loss_seg: 0.0456, aux.acc_seg: 82.4791, loss: 0.1070
2026-04-23 04:56:23,631 - mmseg - INFO - Iter [89500/160000]	lr: 3.507e-06, eta: 16:44:25, time: 0.693, data_time: 0.359, memory: 22330, decode.loss_seg: 0.0626, decode.acc_seg: 83.6496, aux.loss_seg: 0.0480, aux.acc_seg: 81.4355, loss: 0.1107
2026-04-23 04:56:39,090 - mmseg - INFO - Iter [89550/160000]	lr: 3.505e-06, eta: 16:43:21, time: 0.309, data_time: 0.004, memory: 22330, decode.loss_seg: 0.0597, decode.acc_seg: 82.9687, aux.loss_seg: 0.0448, aux.acc_seg: 80.9196, loss: 0.1045
2026-04-23 04:57:13,359 - mmseg - INFO - Iter [89600/160000]	lr: 3.502e-06, eta: 16:42:31, time: 0.685, data_time: 0.380, memory: 22330, decode.loss_seg: 0.0601, decode.acc_seg: 83.6213, aux.loss_seg: 0.0461, aux.acc_seg: 81.4742, loss: 0.1063
2026-04-23 04:57:47,792 - mmseg - INFO - Iter [89650/160000]	lr: 3.500e-06, eta: 16:41:42, time: 0.689, data_time: 0.352, memory: 22330, decode.loss_seg: 0.0603, decode.acc_seg: 82.4992, aux.loss_seg: 0.0458, aux.acc_seg: 80.3651, loss: 0.1061
2026-04-23 04:58:03,044 - mmseg - INFO - Iter [89700/160000]	lr: 3.497e-06, eta: 16:40:38, time: 0.305, data_time: 0.003, memory: 22330, decode.loss_seg: 0.0607, decode.acc_seg: 83.7185, aux.loss_seg: 0.0461, aux.acc_seg: 81.5976, loss: 0.1068
2026-04-23 04:58:36,541 - mmseg - INFO - Iter [89750/160000]	lr: 3.495e-06, eta: 16:39:48, time: 0.670, data_time: 0.355, memory: 22330, decode.loss_seg: 0.0622, decode.acc_seg: 84.4836, aux.loss_seg: 0.0465, aux.acc_seg: 82.3420, loss: 0.1087
2026-04-23 04:59:10,277 - mmseg - INFO - Iter [89800/160000]	lr: 3.492e-06, eta: 16:38:58, time: 0.675, data_time: 0.326, memory: 22330, decode.loss_seg: 0.0583, decode.acc_seg: 84.8468, aux.loss_seg: 0.0440, aux.acc_seg: 82.8047, loss: 0.1022
2026-04-23 04:59:25,568 - mmseg - INFO - Iter [89850/160000]	lr: 3.490e-06, eta: 16:37:54, time: 0.306, data_time: 0.003, memory: 22330, decode.loss_seg: 0.0631, decode.acc_seg: 84.0184, aux.loss_seg: 0.0491, aux.acc_seg: 81.6993, loss: 0.1122
2026-04-23 04:59:57,848 - mmseg - INFO - Iter [89900/160000]	lr: 3.487e-06, eta: 16:37:03, time: 0.646, data_time: 0.317, memory: 22330, decode.loss_seg: 0.0595, decode.acc_seg: 82.7779, aux.loss_seg: 0.0468, aux.acc_seg: 80.5849, loss: 0.1062
2026-04-23 05:00:32,137 - mmseg - INFO - Iter [89950/160000]	lr: 3.485e-06, eta: 16:36:14, time: 0.686, data_time: 0.356, memory: 22330, decode.loss_seg: 0.0613, decode.acc_seg: 84.3144, aux.loss_seg: 0.0460, aux.acc_seg: 82.2126, loss: 0.1073
2026-04-23 05:00:59,989 - mmseg - INFO - per class results:
2026-04-23 05:00:59,990 - mmseg - INFO - 
+------------+-------+-------+
| Class      | IoU   | Acc   |
+------------+-------+-------+
| housing    | 93.6  | 97.76 |
| industrial | 91.69 | 95.61 |
| natural    | 82.73 | 85.55 |
| land_use   | 74.65 | 82.32 |
| water      | 91.92 | 96.5  |
| other      | 96.6  | 99.1  |
+------------+-------+-------+
2026-04-23 05:00:59,990 - mmseg - INFO - Summary:
2026-04-23 05:00:59,990 - mmseg - INFO - 
+--------+-------+-------+-------+
| Scope  | mIoU  | mAcc  | aAcc  |
+--------+-------+-------+-------+
| global | 88.53 | 92.81 | 95.02 |
+--------+-------+-------+-------+
2026-04-23 05:01:00,030 - mmseg - INFO - Exp name: pixel_upernet_itpn_base_12_512_slide_160k_air_polarsar2_amp_linux.py
2026-04-23 05:01:00,030 - mmseg - INFO - Iter [90000/160000]	lr: 3.482e-06, eta: 16:43:21, time: 12.934, data_time: 0.000, memory: 22330, mIoU: 0.8853, mAcc: 0.9281, aAcc: 0.9502
2026-04-23 05:01:33,968 - mmseg - INFO - Iter [90050/160000]	lr: 3.480e-06, eta: 16:42:31, time: 0.679, data_time: 0.323, memory: 22330, decode.loss_seg: 0.0624, decode.acc_seg: 82.5443, aux.loss_seg: 0.0487, aux.acc_seg: 80.2419, loss: 0.1111
2026-04-23 05:02:08,267 - mmseg - INFO - Iter [90100/160000]	lr: 3.477e-06, eta: 16:41:42, time: 0.686, data_time: 0.360, memory: 22330, decode.loss_seg: 0.0605, decode.acc_seg: 82.7785, aux.loss_seg: 0.0451, aux.acc_seg: 80.7390, loss: 0.1056
2026-04-23 05:02:23,573 - mmseg - INFO - Iter [90150/160000]	lr: 3.475e-06, eta: 16:40:37, time: 0.306, data_time: 0.003, memory: 22330, decode.loss_seg: 0.0630, decode.acc_seg: 83.2158, aux.loss_seg: 0.0474, aux.acc_seg: 81.0256, loss: 0.1104
2026-04-23 05:02:59,085 - mmseg - INFO - Iter [90200/160000]	lr: 3.472e-06, eta: 16:39:48, time: 0.710, data_time: 0.408, memory: 22330, decode.loss_seg: 0.0616, decode.acc_seg: 83.5651, aux.loss_seg: 0.0468, aux.acc_seg: 81.3688, loss: 0.1084
2026-04-23 05:03:33,781 - mmseg - INFO - Iter [90250/160000]	lr: 3.470e-06, eta: 16:38:59, time: 0.694, data_time: 0.392, memory: 22330, decode.loss_seg: 0.0626, decode.acc_seg: 84.9779, aux.loss_seg: 0.0461, aux.acc_seg: 82.9302, loss: 0.1087
2026-04-23 05:03:49,093 - mmseg - INFO - Iter [90300/160000]	lr: 3.467e-06, eta: 16:37:55, time: 0.306, data_time: 0.004, memory: 22330, decode.loss_seg: 0.0596, decode.acc_seg: 82.7939, aux.loss_seg: 0.0458, aux.acc_seg: 80.6607, loss: 0.1053
2026-04-23 05:04:23,001 - mmseg - INFO - Iter [90350/160000]	lr: 3.465e-06, eta: 16:37:05, time: 0.678, data_time: 0.360, memory: 22330, decode.loss_seg: 0.0626, decode.acc_seg: 84.8657, aux.loss_seg: 0.0469, aux.acc_seg: 82.7134, loss: 0.1095
2026-04-23 05:04:57,686 - mmseg - INFO - Iter [90400/160000]	lr: 3.462e-06, eta: 16:36:16, time: 0.694, data_time: 0.381, memory: 22330, decode.loss_seg: 0.0587, decode.acc_seg: 81.9261, aux.loss_seg: 0.0447, aux.acc_seg: 79.8212, loss: 0.1034
2026-04-23 05:05:13,106 - mmseg - INFO - Iter [90450/160000]	lr: 3.460e-06, eta: 16:35:11, time: 0.308, data_time: 0.003, memory: 22330, decode.loss_seg: 0.0606, decode.acc_seg: 84.5896, aux.loss_seg: 0.0461, aux.acc_seg: 82.4246, loss: 0.1068
2026-04-23 05:05:48,210 - mmseg - INFO - Iter [90500/160000]	lr: 3.457e-06, eta: 16:34:22, time: 0.702, data_time: 0.398, memory: 22330, decode.loss_seg: 0.0609, decode.acc_seg: 82.9579, aux.loss_seg: 0.0463, aux.acc_seg: 80.7881, loss: 0.1072
2026-04-23 05:06:03,496 - mmseg - INFO - Iter [90550/160000]	lr: 3.455e-06, eta: 16:33:18, time: 0.306, data_time: 0.004, memory: 22330, decode.loss_seg: 0.0604, decode.acc_seg: 83.9176, aux.loss_seg: 0.0454, aux.acc_seg: 81.8184, loss: 0.1058
2026-04-23 05:06:37,851 - mmseg - INFO - Iter [90600/160000]	lr: 3.452e-06, eta: 16:32:29, time: 0.687, data_time: 0.311, memory: 22330, decode.loss_seg: 0.0605, decode.acc_seg: 84.0293, aux.loss_seg: 0.0453, aux.acc_seg: 81.9654, loss: 0.1058
2026-04-23 05:07:13,465 - mmseg - INFO - Iter [90650/160000]	lr: 3.450e-06, eta: 16:31:40, time: 0.712, data_time: 0.340, memory: 22330, decode.loss_seg: 0.0614, decode.acc_seg: 83.4389, aux.loss_seg: 0.0468, aux.acc_seg: 81.2772, loss: 0.1082
2026-04-23 05:07:28,793 - mmseg - INFO - Iter [90700/160000]	lr: 3.447e-06, eta: 16:30:36, time: 0.306, data_time: 0.004, memory: 22330, decode.loss_seg: 0.0602, decode.acc_seg: 84.5572, aux.loss_seg: 0.0470, aux.acc_seg: 82.2998, loss: 0.1072
2026-04-23 05:08:02,905 - mmseg - INFO - Iter [90750/160000]	lr: 3.445e-06, eta: 16:29:47, time: 0.682, data_time: 0.345, memory: 22330, decode.loss_seg: 0.0622, decode.acc_seg: 84.0472, aux.loss_seg: 0.0470, aux.acc_seg: 81.8916, loss: 0.1093
2026-04-23 05:08:37,652 - mmseg - INFO - Iter [90800/160000]	lr: 3.442e-06, eta: 16:28:58, time: 0.695, data_time: 0.383, memory: 22330, decode.loss_seg: 0.0613, decode.acc_seg: 85.3566, aux.loss_seg: 0.0463, aux.acc_seg: 83.2808, loss: 0.1076
2026-04-23 05:08:52,996 - mmseg - INFO - Iter [90850/160000]	lr: 3.440e-06, eta: 16:27:54, time: 0.307, data_time: 0.004, memory: 22330, decode.loss_seg: 0.0634, decode.acc_seg: 84.8273, aux.loss_seg: 0.0503, aux.acc_seg: 82.4632, loss: 0.1137
2026-04-23 05:09:27,004 - mmseg - INFO - Iter [90900/160000]	lr: 3.437e-06, eta: 16:27:04, time: 0.680, data_time: 0.361, memory: 22330, decode.loss_seg: 0.0610, decode.acc_seg: 84.1091, aux.loss_seg: 0.0459, aux.acc_seg: 82.0061, loss: 0.1069
2026-04-23 05:10:02,442 - mmseg - INFO - Iter [90950/160000]	lr: 3.435e-06, eta: 16:26:16, time: 0.709, data_time: 0.375, memory: 22330, decode.loss_seg: 0.0598, decode.acc_seg: 84.3321, aux.loss_seg: 0.0452, aux.acc_seg: 82.2496, loss: 0.1050
2026-04-23 05:10:17,755 - mmseg - INFO - Exp name: pixel_upernet_itpn_base_12_512_slide_160k_air_polarsar2_amp_linux.py
2026-04-23 05:10:17,755 - mmseg - INFO - Iter [91000/160000]	lr: 3.432e-06, eta: 16:25:12, time: 0.306, data_time: 0.004, memory: 22330, decode.loss_seg: 0.0615, decode.acc_seg: 84.4164, aux.loss_seg: 0.0481, aux.acc_seg: 82.1515, loss: 0.1097
2026-04-23 05:10:52,847 - mmseg - INFO - Iter [91050/160000]	lr: 3.430e-06, eta: 16:24:23, time: 0.702, data_time: 0.397, memory: 22330, decode.loss_seg: 0.0599, decode.acc_seg: 83.0027, aux.loss_seg: 0.0468, aux.acc_seg: 80.7736, loss: 0.1067
2026-04-23 05:11:28,909 - mmseg - INFO - Iter [91100/160000]	lr: 3.427e-06, eta: 16:23:36, time: 0.721, data_time: 0.369, memory: 22330, decode.loss_seg: 0.0613, decode.acc_seg: 83.2789, aux.loss_seg: 0.0466, aux.acc_seg: 81.1446, loss: 0.1080
2026-04-23 05:11:44,194 - mmseg - INFO - Iter [91150/160000]	lr: 3.425e-06, eta: 16:22:32, time: 0.306, data_time: 0.003, memory: 22330, decode.loss_seg: 0.0609, decode.acc_seg: 83.2307, aux.loss_seg: 0.0462, aux.acc_seg: 81.1148, loss: 0.1071
2026-04-23 05:12:18,460 - mmseg - INFO - Iter [91200/160000]	lr: 3.422e-06, eta: 16:21:43, time: 0.685, data_time: 0.345, memory: 22330, decode.loss_seg: 0.0604, decode.acc_seg: 85.1600, aux.loss_seg: 0.0462, aux.acc_seg: 83.0046, loss: 0.1066
2026-04-23 05:12:53,625 - mmseg - INFO - Iter [91250/160000]	lr: 3.420e-06, eta: 16:20:54, time: 0.704, data_time: 0.366, memory: 22330, decode.loss_seg: 0.0603, decode.acc_seg: 83.9644, aux.loss_seg: 0.0451, aux.acc_seg: 81.8915, loss: 0.1054
2026-04-23 05:13:08,979 - mmseg - INFO - Iter [91300/160000]	lr: 3.417e-06, eta: 16:19:51, time: 0.307, data_time: 0.003, memory: 22330, decode.loss_seg: 0.0659, decode.acc_seg: 83.6762, aux.loss_seg: 0.0522, aux.acc_seg: 81.4554, loss: 0.1180
2026-04-23 05:13:43,614 - mmseg - INFO - Iter [91350/160000]	lr: 3.415e-06, eta: 16:19:02, time: 0.693, data_time: 0.370, memory: 22330, decode.loss_seg: 0.0623, decode.acc_seg: 84.3212, aux.loss_seg: 0.0457, aux.acc_seg: 82.2586, loss: 0.1080
2026-04-23 05:14:18,468 - mmseg - INFO - Iter [91400/160000]	lr: 3.413e-06, eta: 16:18:13, time: 0.697, data_time: 0.334, memory: 22330, decode.loss_seg: 0.0586, decode.acc_seg: 83.1077, aux.loss_seg: 0.0452, aux.acc_seg: 80.9960, loss: 0.1038
2026-04-23 05:14:33,777 - mmseg - INFO - Iter [91450/160000]	lr: 3.410e-06, eta: 16:17:10, time: 0.306, data_time: 0.004, memory: 22330, decode.loss_seg: 0.0600, decode.acc_seg: 82.7205, aux.loss_seg: 0.0467, aux.acc_seg: 80.4930, loss: 0.1067
2026-04-23 05:15:07,891 - mmseg - INFO - Iter [91500/160000]	lr: 3.408e-06, eta: 16:16:20, time: 0.682, data_time: 0.378, memory: 22330, decode.loss_seg: 0.0589, decode.acc_seg: 83.3773, aux.loss_seg: 0.0442, aux.acc_seg: 81.3369, loss: 0.1031
2026-04-23 05:15:23,214 - mmseg - INFO - Iter [91550/160000]	lr: 3.405e-06, eta: 16:15:17, time: 0.307, data_time: 0.004, memory: 22330, decode.loss_seg: 0.0601, decode.acc_seg: 82.3448, aux.loss_seg: 0.0455, aux.acc_seg: 80.2152, loss: 0.1057
2026-04-23 05:15:58,096 - mmseg - INFO - Iter [91600/160000]	lr: 3.403e-06, eta: 16:14:28, time: 0.698, data_time: 0.385, memory: 22330, decode.loss_seg: 0.0599, decode.acc_seg: 83.8059, aux.loss_seg: 0.0448, aux.acc_seg: 81.7357, loss: 0.1047
2026-04-23 05:16:31,833 - mmseg - INFO - Iter [91650/160000]	lr: 3.400e-06, eta: 16:13:39, time: 0.675, data_time: 0.365, memory: 22330, decode.loss_seg: 0.0609, decode.acc_seg: 84.0935, aux.loss_seg: 0.0465, aux.acc_seg: 81.8877, loss: 0.1074
2026-04-23 05:16:47,161 - mmseg - INFO - Iter [91700/160000]	lr: 3.398e-06, eta: 16:12:36, time: 0.306, data_time: 0.004, memory: 22330, decode.loss_seg: 0.0617, decode.acc_seg: 84.7436, aux.loss_seg: 0.0464, aux.acc_seg: 82.5946, loss: 0.1082
2026-04-23 05:17:23,014 - mmseg - INFO - Iter [91750/160000]	lr: 3.395e-06, eta: 16:11:48, time: 0.717, data_time: 0.358, memory: 22330, decode.loss_seg: 0.0625, decode.acc_seg: 84.3479, aux.loss_seg: 0.0481, aux.acc_seg: 82.1768, loss: 0.1106
2026-04-23 05:17:58,390 - mmseg - INFO - Iter [91800/160000]	lr: 3.393e-06, eta: 16:11:00, time: 0.708, data_time: 0.384, memory: 22330, decode.loss_seg: 0.0626, decode.acc_seg: 82.9827, aux.loss_seg: 0.0467, aux.acc_seg: 80.8630, loss: 0.1093
2026-04-23 05:18:13,742 - mmseg - INFO - Iter [91850/160000]	lr: 3.390e-06, eta: 16:09:57, time: 0.307, data_time: 0.005, memory: 22330, decode.loss_seg: 0.0601, decode.acc_seg: 83.4500, aux.loss_seg: 0.0448, aux.acc_seg: 81.3989, loss: 0.1049
2026-04-23 05:18:48,651 - mmseg - INFO - Iter [91900/160000]	lr: 3.388e-06, eta: 16:09:08, time: 0.698, data_time: 0.345, memory: 22330, decode.loss_seg: 0.0596, decode.acc_seg: 84.1913, aux.loss_seg: 0.0451, aux.acc_seg: 82.1098, loss: 0.1047
2026-04-23 05:19:23,840 - mmseg - INFO - Iter [91950/160000]	lr: 3.385e-06, eta: 16:08:20, time: 0.704, data_time: 0.348, memory: 22330, decode.loss_seg: 0.0597, decode.acc_seg: 85.2669, aux.loss_seg: 0.0446, aux.acc_seg: 83.2370, loss: 0.1043
2026-04-23 05:19:50,669 - mmseg - INFO - per class results:
2026-04-23 05:19:50,669 - mmseg - INFO - 
+------------+-------+-------+
| Class      | IoU   | Acc   |
+------------+-------+-------+
| housing    | 93.91 | 96.28 |
| industrial | 91.99 | 96.11 |
| natural    | 84.48 | 88.04 |
| land_use   | 73.12 | 78.17 |
| water      | 91.93 | 97.33 |
| other      | 97.07 | 98.93 |
+------------+-------+-------+
2026-04-23 05:19:50,670 - mmseg - INFO - Summary:
2026-04-23 05:19:50,670 - mmseg - INFO - 
+--------+-------+-------+-------+
| Scope  | mIoU  | mAcc  | aAcc  |
+--------+-------+-------+-------+
| global | 88.75 | 92.47 | 95.09 |
+--------+-------+-------+-------+
2026-04-23 05:19:50,694 - mmseg - INFO - Exp name: pixel_upernet_itpn_base_12_512_slide_160k_air_polarsar2_amp_linux.py
2026-04-23 05:19:50,695 - mmseg - INFO - Iter [92000/160000]	lr: 3.383e-06, eta: 16:14:21, time: 11.775, data_time: 0.000, memory: 22330, mIoU: 0.8875, mAcc: 0.9247, aAcc: 0.9509
2026-04-23 05:20:26,812 - mmseg - INFO - Iter [92050/160000]	lr: 3.380e-06, eta: 16:13:33, time: 0.722, data_time: 0.389, memory: 22330, decode.loss_seg: 0.0611, decode.acc_seg: 84.0831, aux.loss_seg: 0.0471, aux.acc_seg: 81.8724, loss: 0.1082
2026-04-23 05:21:02,284 - mmseg - INFO - Iter [92100/160000]	lr: 3.378e-06, eta: 16:12:44, time: 0.709, data_time: 0.346, memory: 22330, decode.loss_seg: 0.0591, decode.acc_seg: 83.8167, aux.loss_seg: 0.0447, aux.acc_seg: 81.7412, loss: 0.1038
2026-04-23 05:21:17,660 - mmseg - INFO - Iter [92150/160000]	lr: 3.375e-06, eta: 16:11:41, time: 0.307, data_time: 0.003, memory: 22330, decode.loss_seg: 0.0597, decode.acc_seg: 83.1458, aux.loss_seg: 0.0455, aux.acc_seg: 81.0257, loss: 0.1051
2026-04-23 05:21:52,080 - mmseg - INFO - Iter [92200/160000]	lr: 3.373e-06, eta: 16:10:52, time: 0.688, data_time: 0.371, memory: 22330, decode.loss_seg: 0.0600, decode.acc_seg: 83.6874, aux.loss_seg: 0.0453, aux.acc_seg: 81.5770, loss: 0.1053
2026-04-23 05:22:26,595 - mmseg - INFO - Iter [92250/160000]	lr: 3.370e-06, eta: 16:10:03, time: 0.690, data_time: 0.354, memory: 22330, decode.loss_seg: 0.0585, decode.acc_seg: 83.7704, aux.loss_seg: 0.0461, aux.acc_seg: 81.5157, loss: 0.1046
2026-04-23 05:22:41,898 - mmseg - INFO - Iter [92300/160000]	lr: 3.368e-06, eta: 16:09:00, time: 0.306, data_time: 0.004, memory: 22330, decode.loss_seg: 0.0587, decode.acc_seg: 83.5446, aux.loss_seg: 0.0457, aux.acc_seg: 81.3913, loss: 0.1044
2026-04-23 05:23:16,920 - mmseg - INFO - Iter [92350/160000]	lr: 3.365e-06, eta: 16:08:11, time: 0.701, data_time: 0.365, memory: 22330, decode.loss_seg: 0.0596, decode.acc_seg: 82.9149, aux.loss_seg: 0.0457, aux.acc_seg: 80.7511, loss: 0.1053
2026-04-23 05:23:32,274 - mmseg - INFO - Iter [92400/160000]	lr: 3.363e-06, eta: 16:07:08, time: 0.307, data_time: 0.004, memory: 22330, decode.loss_seg: 0.0587, decode.acc_seg: 83.5829, aux.loss_seg: 0.0449, aux.acc_seg: 81.4858, loss: 0.1036
2026-04-23 05:24:06,775 - mmseg - INFO - Iter [92450/160000]	lr: 3.360e-06, eta: 16:06:19, time: 0.690, data_time: 0.375, memory: 22330, decode.loss_seg: 0.0595, decode.acc_seg: 84.5887, aux.loss_seg: 0.0472, aux.acc_seg: 82.3791, loss: 0.1067
2026-04-23 05:24:41,288 - mmseg - INFO - Iter [92500/160000]	lr: 3.358e-06, eta: 16:05:30, time: 0.690, data_time: 0.340, memory: 22330, decode.loss_seg: 0.0628, decode.acc_seg: 84.6570, aux.loss_seg: 0.0479, aux.acc_seg: 82.4252, loss: 0.1107
2026-04-23 05:24:56,620 - mmseg - INFO - Iter [92550/160000]	lr: 3.355e-06, eta: 16:04:27, time: 0.307, data_time: 0.003, memory: 22330, decode.loss_seg: 0.0602, decode.acc_seg: 84.4707, aux.loss_seg: 0.0456, aux.acc_seg: 82.3927, loss: 0.1058
2026-04-23 05:25:32,010 - mmseg - INFO - Iter [92600/160000]	lr: 3.353e-06, eta: 16:03:38, time: 0.708, data_time: 0.324, memory: 22330, decode.loss_seg: 0.0609, decode.acc_seg: 83.9842, aux.loss_seg: 0.0470, aux.acc_seg: 81.7583, loss: 0.1079
2026-04-23 05:26:07,755 - mmseg - INFO - Iter [92650/160000]	lr: 3.350e-06, eta: 16:02:50, time: 0.715, data_time: 0.411, memory: 22330, decode.loss_seg: 0.0581, decode.acc_seg: 81.8307, aux.loss_seg: 0.0441, aux.acc_seg: 79.7558, loss: 0.1022
2026-04-23 05:26:23,041 - mmseg - INFO - Iter [92700/160000]	lr: 3.348e-06, eta: 16:01:47, time: 0.306, data_time: 0.004, memory: 22330, decode.loss_seg: 0.0595, decode.acc_seg: 82.9996, aux.loss_seg: 0.0450, aux.acc_seg: 80.9312, loss: 0.1046
2026-04-23 05:26:58,387 - mmseg - INFO - Iter [92750/160000]	lr: 3.345e-06, eta: 16:00:59, time: 0.707, data_time: 0.347, memory: 22330, decode.loss_seg: 0.0615, decode.acc_seg: 84.4241, aux.loss_seg: 0.0463, aux.acc_seg: 82.2464, loss: 0.1078
2026-04-23 05:27:33,451 - mmseg - INFO - Iter [92800/160000]	lr: 3.343e-06, eta: 16:00:10, time: 0.701, data_time: 0.369, memory: 22330, decode.loss_seg: 0.0619, decode.acc_seg: 83.0483, aux.loss_seg: 0.0461, aux.acc_seg: 80.9420, loss: 0.1080
2026-04-23 05:27:48,787 - mmseg - INFO - Iter [92850/160000]	lr: 3.340e-06, eta: 15:59:08, time: 0.307, data_time: 0.005, memory: 22330, decode.loss_seg: 0.0606, decode.acc_seg: 83.9832, aux.loss_seg: 0.0467, aux.acc_seg: 81.8052, loss: 0.1074
2026-04-23 05:28:23,806 - mmseg - INFO - Iter [92900/160000]	lr: 3.338e-06, eta: 15:58:19, time: 0.700, data_time: 0.335, memory: 22330, decode.loss_seg: 0.0593, decode.acc_seg: 83.3034, aux.loss_seg: 0.0466, aux.acc_seg: 81.0659, loss: 0.1059
2026-04-23 05:28:59,646 - mmseg - INFO - Iter [92950/160000]	lr: 3.335e-06, eta: 15:57:31, time: 0.717, data_time: 0.333, memory: 22330, decode.loss_seg: 0.0564, decode.acc_seg: 83.7066, aux.loss_seg: 0.0433, aux.acc_seg: 81.6419, loss: 0.0996
2026-04-23 05:29:14,977 - mmseg - INFO - Exp name: pixel_upernet_itpn_base_12_512_slide_160k_air_polarsar2_amp_linux.py
2026-04-23 05:29:14,977 - mmseg - INFO - Iter [93000/160000]	lr: 3.333e-06, eta: 15:56:28, time: 0.307, data_time: 0.004, memory: 22330, decode.loss_seg: 0.0607, decode.acc_seg: 84.5390, aux.loss_seg: 0.0462, aux.acc_seg: 82.4064, loss: 0.1069
2026-04-23 05:29:50,532 - mmseg - INFO - Iter [93050/160000]	lr: 3.330e-06, eta: 15:55:40, time: 0.711, data_time: 0.361, memory: 22330, decode.loss_seg: 0.0603, decode.acc_seg: 85.5428, aux.loss_seg: 0.0467, aux.acc_seg: 83.2960, loss: 0.1070
2026-04-23 05:30:25,157 - mmseg - INFO - Iter [93100/160000]	lr: 3.328e-06, eta: 15:54:52, time: 0.693, data_time: 0.376, memory: 22330, decode.loss_seg: 0.0588, decode.acc_seg: 84.1416, aux.loss_seg: 0.0449, aux.acc_seg: 82.0286, loss: 0.1037
2026-04-23 05:30:40,510 - mmseg - INFO - Iter [93150/160000]	lr: 3.325e-06, eta: 15:53:49, time: 0.307, data_time: 0.004, memory: 22330, decode.loss_seg: 0.0596, decode.acc_seg: 83.7429, aux.loss_seg: 0.0457, aux.acc_seg: 81.6360, loss: 0.1052
2026-04-23 05:31:15,910 - mmseg - INFO - Iter [93200/160000]	lr: 3.323e-06, eta: 15:53:01, time: 0.708, data_time: 0.377, memory: 22330, decode.loss_seg: 0.0627, decode.acc_seg: 84.8094, aux.loss_seg: 0.0467, aux.acc_seg: 82.7013, loss: 0.1094
2026-04-23 05:31:51,504 - mmseg - INFO - Iter [93250/160000]	lr: 3.320e-06, eta: 15:52:13, time: 0.712, data_time: 0.365, memory: 22330, decode.loss_seg: 0.0582, decode.acc_seg: 84.1611, aux.loss_seg: 0.0444, aux.acc_seg: 82.1181, loss: 0.1025
2026-04-23 05:32:06,874 - mmseg - INFO - Iter [93300/160000]	lr: 3.318e-06, eta: 15:51:11, time: 0.308, data_time: 0.004, memory: 22330, decode.loss_seg: 0.0591, decode.acc_seg: 83.5649, aux.loss_seg: 0.0449, aux.acc_seg: 81.4826, loss: 0.1040
2026-04-23 05:32:41,895 - mmseg - INFO - Iter [93350/160000]	lr: 3.316e-06, eta: 15:50:22, time: 0.700, data_time: 0.382, memory: 22330, decode.loss_seg: 0.0587, decode.acc_seg: 83.7818, aux.loss_seg: 0.0446, aux.acc_seg: 81.6907, loss: 0.1033
2026-04-23 05:32:57,297 - mmseg - INFO - Iter [93400/160000]	lr: 3.313e-06, eta: 15:49:20, time: 0.308, data_time: 0.003, memory: 22330, decode.loss_seg: 0.0580, decode.acc_seg: 83.1118, aux.loss_seg: 0.0440, aux.acc_seg: 81.0654, loss: 0.1020
2026-04-23 05:33:31,635 - mmseg - INFO - Iter [93450/160000]	lr: 3.311e-06, eta: 15:48:31, time: 0.687, data_time: 0.384, memory: 22330, decode.loss_seg: 0.0583, decode.acc_seg: 82.4842, aux.loss_seg: 0.0443, aux.acc_seg: 80.3932, loss: 0.1026
2026-04-23 05:34:06,020 - mmseg - INFO - Iter [93500/160000]	lr: 3.308e-06, eta: 15:47:43, time: 0.688, data_time: 0.337, memory: 22330, decode.loss_seg: 0.0594, decode.acc_seg: 83.0878, aux.loss_seg: 0.0455, aux.acc_seg: 80.9373, loss: 0.1049
2026-04-23 05:34:21,404 - mmseg - INFO - Iter [93550/160000]	lr: 3.306e-06, eta: 15:46:40, time: 0.308, data_time: 0.004, memory: 22330, decode.loss_seg: 0.0594, decode.acc_seg: 83.9051, aux.loss_seg: 0.0453, aux.acc_seg: 81.7595, loss: 0.1046
2026-04-23 05:34:56,093 - mmseg - INFO - Iter [93600/160000]	lr: 3.303e-06, eta: 15:45:52, time: 0.694, data_time: 0.332, memory: 22330, decode.loss_seg: 0.0581, decode.acc_seg: 81.8704, aux.loss_seg: 0.0442, aux.acc_seg: 79.8235, loss: 0.1023
2026-04-23 05:35:30,237 - mmseg - INFO - Iter [93650/160000]	lr: 3.301e-06, eta: 15:45:03, time: 0.683, data_time: 0.373, memory: 22330, decode.loss_seg: 0.0621, decode.acc_seg: 84.2851, aux.loss_seg: 0.0483, aux.acc_seg: 82.0535, loss: 0.1104
2026-04-23 05:35:45,577 - mmseg - INFO - Iter [93700/160000]	lr: 3.298e-06, eta: 15:44:01, time: 0.307, data_time: 0.004, memory: 22330, decode.loss_seg: 0.0590, decode.acc_seg: 82.3073, aux.loss_seg: 0.0469, aux.acc_seg: 80.0221, loss: 0.1059
2026-04-23 05:36:20,880 - mmseg - INFO - Iter [93750/160000]	lr: 3.296e-06, eta: 15:43:13, time: 0.706, data_time: 0.403, memory: 22330, decode.loss_seg: 0.0588, decode.acc_seg: 83.6132, aux.loss_seg: 0.0448, aux.acc_seg: 81.5188, loss: 0.1035
2026-04-23 05:36:55,191 - mmseg - INFO - Iter [93800/160000]	lr: 3.293e-06, eta: 15:42:24, time: 0.686, data_time: 0.352, memory: 22330, decode.loss_seg: 0.0576, decode.acc_seg: 84.9274, aux.loss_seg: 0.0442, aux.acc_seg: 82.8296, loss: 0.1018
2026-04-23 05:37:10,580 - mmseg - INFO - Iter [93850/160000]	lr: 3.291e-06, eta: 15:41:22, time: 0.308, data_time: 0.003, memory: 22330, decode.loss_seg: 0.0593, decode.acc_seg: 82.9983, aux.loss_seg: 0.0453, aux.acc_seg: 80.8722, loss: 0.1046
2026-04-23 05:37:45,313 - mmseg - INFO - Iter [93900/160000]	lr: 3.288e-06, eta: 15:40:34, time: 0.695, data_time: 0.371, memory: 22330, decode.loss_seg: 0.0585, decode.acc_seg: 83.5520, aux.loss_seg: 0.0450, aux.acc_seg: 81.4666, loss: 0.1034
2026-04-23 05:38:20,213 - mmseg - INFO - Iter [93950/160000]	lr: 3.286e-06, eta: 15:39:46, time: 0.698, data_time: 0.388, memory: 22330, decode.loss_seg: 0.0598, decode.acc_seg: 82.6823, aux.loss_seg: 0.0449, aux.acc_seg: 80.5904, loss: 0.1047
2026-04-23 05:38:47,856 - mmseg - INFO - per class results:
2026-04-23 05:38:47,857 - mmseg - INFO - 
+------------+-------+-------+
| Class      | IoU   | Acc   |
+------------+-------+-------+
| housing    | 93.79 | 97.38 |
| industrial | 92.01 | 95.64 |
| natural    | 84.05 | 87.07 |
| land_use   | 73.97 | 79.91 |
| water      | 92.08 | 97.3  |
| other      | 97.21 | 98.51 |
+------------+-------+-------+
2026-04-23 05:38:47,857 - mmseg - INFO - Summary:
2026-04-23 05:38:47,857 - mmseg - INFO - 
+--------+-------+-------+-------+
| Scope  | mIoU  | mAcc  | aAcc  |
+--------+-------+-------+-------+
| global | 88.85 | 92.64 | 95.14 |
+--------+-------+-------+-------+
2026-04-23 05:38:47,899 - mmseg - INFO - Exp name: pixel_upernet_itpn_base_12_512_slide_160k_air_polarsar2_amp_linux.py
2026-04-23 05:38:47,899 - mmseg - INFO - Iter [94000/160000]	lr: 3.283e-06, eta: 15:45:58, time: 12.676, data_time: 0.000, memory: 22330, mIoU: 0.8885, mAcc: 0.9264, aAcc: 0.9514
2026-04-23 05:39:22,480 - mmseg - INFO - Iter [94050/160000]	lr: 3.281e-06, eta: 15:45:09, time: 0.691, data_time: 0.366, memory: 22330, decode.loss_seg: 0.0586, decode.acc_seg: 83.2073, aux.loss_seg: 0.0450, aux.acc_seg: 81.1390, loss: 0.1036
2026-04-23 05:39:56,717 - mmseg - INFO - Iter [94100/160000]	lr: 3.278e-06, eta: 15:44:20, time: 0.685, data_time: 0.341, memory: 22330, decode.loss_seg: 0.0601, decode.acc_seg: 83.6758, aux.loss_seg: 0.0459, aux.acc_seg: 81.5379, loss: 0.1059
2026-04-23 05:40:12,062 - mmseg - INFO - Iter [94150/160000]	lr: 3.276e-06, eta: 15:43:18, time: 0.307, data_time: 0.005, memory: 22330, decode.loss_seg: 0.0595, decode.acc_seg: 84.6566, aux.loss_seg: 0.0451, aux.acc_seg: 82.6183, loss: 0.1046
2026-04-23 05:40:46,485 - mmseg - INFO - Iter [94200/160000]	lr: 3.273e-06, eta: 15:42:29, time: 0.688, data_time: 0.356, memory: 22330, decode.loss_seg: 0.0599, decode.acc_seg: 83.4998, aux.loss_seg: 0.0451, aux.acc_seg: 81.3954, loss: 0.1049
2026-04-23 05:41:21,964 - mmseg - INFO - Iter [94250/160000]	lr: 3.271e-06, eta: 15:41:41, time: 0.710, data_time: 0.366, memory: 22330, decode.loss_seg: 0.0580, decode.acc_seg: 83.1348, aux.loss_seg: 0.0434, aux.acc_seg: 81.1067, loss: 0.1014
2026-04-23 05:41:37,406 - mmseg - INFO - Iter [94300/160000]	lr: 3.268e-06, eta: 15:40:39, time: 0.309, data_time: 0.004, memory: 22330, decode.loss_seg: 0.0594, decode.acc_seg: 84.9740, aux.loss_seg: 0.0457, aux.acc_seg: 82.8470, loss: 0.1051
2026-04-23 05:42:13,579 - mmseg - INFO - Iter [94350/160000]	lr: 3.266e-06, eta: 15:39:51, time: 0.723, data_time: 0.391, memory: 22330, decode.loss_seg: 0.0582, decode.acc_seg: 83.5958, aux.loss_seg: 0.0456, aux.acc_seg: 81.3881, loss: 0.1038
2026-04-23 05:42:28,985 - mmseg - INFO - Iter [94400/160000]	lr: 3.263e-06, eta: 15:38:49, time: 0.308, data_time: 0.004, memory: 22330, decode.loss_seg: 0.0593, decode.acc_seg: 82.3731, aux.loss_seg: 0.0460, aux.acc_seg: 80.1732, loss: 0.1054
2026-04-23 05:43:04,465 - mmseg - INFO - Iter [94450/160000]	lr: 3.261e-06, eta: 15:38:01, time: 0.710, data_time: 0.384, memory: 22330, decode.loss_seg: 0.0591, decode.acc_seg: 82.7288, aux.loss_seg: 0.0450, aux.acc_seg: 80.6066, loss: 0.1041
2026-04-23 05:43:39,739 - mmseg - INFO - Iter [94500/160000]	lr: 3.258e-06, eta: 15:37:13, time: 0.706, data_time: 0.401, memory: 22330, decode.loss_seg: 0.0564, decode.acc_seg: 82.1117, aux.loss_seg: 0.0440, aux.acc_seg: 79.9304, loss: 0.1005
2026-04-23 05:43:55,178 - mmseg - INFO - Iter [94550/160000]	lr: 3.256e-06, eta: 15:36:11, time: 0.309, data_time: 0.004, memory: 22330, decode.loss_seg: 0.0586, decode.acc_seg: 83.5085, aux.loss_seg: 0.0463, aux.acc_seg: 81.2179, loss: 0.1049
2026-04-23 05:44:30,812 - mmseg - INFO - Iter [94600/160000]	lr: 3.253e-06, eta: 15:35:23, time: 0.713, data_time: 0.378, memory: 22330, decode.loss_seg: 0.0565, decode.acc_seg: 83.3047, aux.loss_seg: 0.0442, aux.acc_seg: 81.1601, loss: 0.1007
2026-04-23 05:45:05,608 - mmseg - INFO - Iter [94650/160000]	lr: 3.251e-06, eta: 15:34:34, time: 0.696, data_time: 0.352, memory: 22330, decode.loss_seg: 0.0583, decode.acc_seg: 82.7305, aux.loss_seg: 0.0468, aux.acc_seg: 80.3768, loss: 0.1051
2026-04-23 05:45:21,009 - mmseg - INFO - Iter [94700/160000]	lr: 3.248e-06, eta: 15:33:32, time: 0.308, data_time: 0.004, memory: 22330, decode.loss_seg: 0.0603, decode.acc_seg: 83.9384, aux.loss_seg: 0.0458, aux.acc_seg: 81.8199, loss: 0.1061
2026-04-23 05:45:55,840 - mmseg - INFO - Iter [94750/160000]	lr: 3.246e-06, eta: 15:32:44, time: 0.697, data_time: 0.344, memory: 22330, decode.loss_seg: 0.0575, decode.acc_seg: 83.7010, aux.loss_seg: 0.0435, aux.acc_seg: 81.6818, loss: 0.1010
2026-04-23 05:46:30,713 - mmseg - INFO - Iter [94800/160000]	lr: 3.243e-06, eta: 15:31:55, time: 0.697, data_time: 0.393, memory: 22330, decode.loss_seg: 0.0588, decode.acc_seg: 83.3715, aux.loss_seg: 0.0442, aux.acc_seg: 81.3128, loss: 0.1029
2026-04-23 05:46:46,122 - mmseg - INFO - Iter [94850/160000]	lr: 3.241e-06, eta: 15:30:54, time: 0.308, data_time: 0.004, memory: 22330, decode.loss_seg: 0.0593, decode.acc_seg: 84.6864, aux.loss_seg: 0.0446, aux.acc_seg: 82.6291, loss: 0.1039
2026-04-23 05:47:21,770 - mmseg - INFO - Iter [94900/160000]	lr: 3.238e-06, eta: 15:30:06, time: 0.713, data_time: 0.386, memory: 22330, decode.loss_seg: 0.0602, decode.acc_seg: 84.3444, aux.loss_seg: 0.0453, aux.acc_seg: 82.2462, loss: 0.1055
2026-04-23 05:47:57,385 - mmseg - INFO - Iter [94950/160000]	lr: 3.236e-06, eta: 15:29:18, time: 0.712, data_time: 0.371, memory: 22330, decode.loss_seg: 0.0572, decode.acc_seg: 82.5485, aux.loss_seg: 0.0437, aux.acc_seg: 80.4793, loss: 0.1009
2026-04-23 05:48:12,795 - mmseg - INFO - Exp name: pixel_upernet_itpn_base_12_512_slide_160k_air_polarsar2_amp_linux.py
2026-04-23 05:48:12,796 - mmseg - INFO - Iter [95000/160000]	lr: 3.233e-06, eta: 15:28:16, time: 0.308, data_time: 0.003, memory: 22330, decode.loss_seg: 0.0580, decode.acc_seg: 83.7623, aux.loss_seg: 0.0443, aux.acc_seg: 81.6706, loss: 0.1023
2026-04-23 05:48:48,871 - mmseg - INFO - Iter [95050/160000]	lr: 3.231e-06, eta: 15:27:29, time: 0.722, data_time: 0.360, memory: 22330, decode.loss_seg: 0.0569, decode.acc_seg: 82.8146, aux.loss_seg: 0.0448, aux.acc_seg: 80.6416, loss: 0.1017
2026-04-23 05:49:24,179 - mmseg - INFO - Iter [95100/160000]	lr: 3.228e-06, eta: 15:26:41, time: 0.706, data_time: 0.356, memory: 22330, decode.loss_seg: 0.0605, decode.acc_seg: 84.1675, aux.loss_seg: 0.0470, aux.acc_seg: 81.9664, loss: 0.1075
2026-04-23 05:49:39,566 - mmseg - INFO - Iter [95150/160000]	lr: 3.226e-06, eta: 15:25:39, time: 0.308, data_time: 0.004, memory: 22330, decode.loss_seg: 0.0583, decode.acc_seg: 82.7350, aux.loss_seg: 0.0442, aux.acc_seg: 80.7074, loss: 0.1025
2026-04-23 05:50:13,717 - mmseg - INFO - Iter [95200/160000]	lr: 3.223e-06, eta: 15:24:51, time: 0.683, data_time: 0.379, memory: 22330, decode.loss_seg: 0.0572, decode.acc_seg: 84.0316, aux.loss_seg: 0.0443, aux.acc_seg: 81.9041, loss: 0.1015
2026-04-23 05:50:48,513 - mmseg - INFO - Iter [95250/160000]	lr: 3.221e-06, eta: 15:24:02, time: 0.696, data_time: 0.342, memory: 22330, decode.loss_seg: 0.0579, decode.acc_seg: 83.2725, aux.loss_seg: 0.0443, aux.acc_seg: 81.2008, loss: 0.1023
2026-04-23 05:51:03,931 - mmseg - INFO - Iter [95300/160000]	lr: 3.219e-06, eta: 15:23:01, time: 0.308, data_time: 0.004, memory: 22330, decode.loss_seg: 0.0576, decode.acc_seg: 83.3845, aux.loss_seg: 0.0445, aux.acc_seg: 81.2923, loss: 0.1021
2026-04-23 05:51:39,279 - mmseg - INFO - Iter [95350/160000]	lr: 3.216e-06, eta: 15:22:13, time: 0.707, data_time: 0.379, memory: 22330, decode.loss_seg: 0.0560, decode.acc_seg: 82.5975, aux.loss_seg: 0.0444, aux.acc_seg: 80.5147, loss: 0.1004
2026-04-23 05:51:54,702 - mmseg - INFO - Iter [95400/160000]	lr: 3.214e-06, eta: 15:21:12, time: 0.308, data_time: 0.004, memory: 22330, decode.loss_seg: 0.0605, decode.acc_seg: 85.1556, aux.loss_seg: 0.0487, aux.acc_seg: 82.8257, loss: 0.1092
2026-04-23 05:52:30,596 - mmseg - INFO - Iter [95450/160000]	lr: 3.211e-06, eta: 15:20:24, time: 0.718, data_time: 0.373, memory: 22330, decode.loss_seg: 0.0557, decode.acc_seg: 83.1322, aux.loss_seg: 0.0433, aux.acc_seg: 81.0770, loss: 0.0990
2026-04-23 05:53:05,785 - mmseg - INFO - Iter [95500/160000]	lr: 3.209e-06, eta: 15:19:36, time: 0.704, data_time: 0.363, memory: 22330, decode.loss_seg: 0.0603, decode.acc_seg: 83.3352, aux.loss_seg: 0.0464, aux.acc_seg: 81.1154, loss: 0.1067
2026-04-23 05:53:21,168 - mmseg - INFO - Iter [95550/160000]	lr: 3.206e-06, eta: 15:18:35, time: 0.308, data_time: 0.005, memory: 22330, decode.loss_seg: 0.0619, decode.acc_seg: 84.0503, aux.loss_seg: 0.0455, aux.acc_seg: 82.0362, loss: 0.1074
2026-04-23 05:53:55,352 - mmseg - INFO - Iter [95600/160000]	lr: 3.204e-06, eta: 15:17:47, time: 0.684, data_time: 0.352, memory: 22330, decode.loss_seg: 0.0593, decode.acc_seg: 82.7045, aux.loss_seg: 0.0456, aux.acc_seg: 80.5507, loss: 0.1049
2026-04-23 05:54:30,221 - mmseg - INFO - Iter [95650/160000]	lr: 3.201e-06, eta: 15:16:59, time: 0.698, data_time: 0.374, memory: 22330, decode.loss_seg: 0.0579, decode.acc_seg: 83.0808, aux.loss_seg: 0.0443, aux.acc_seg: 80.9807, loss: 0.1022
2026-04-23 05:54:45,697 - mmseg - INFO - Iter [95700/160000]	lr: 3.199e-06, eta: 15:15:58, time: 0.309, data_time: 0.004, memory: 22330, decode.loss_seg: 0.0593, decode.acc_seg: 84.1925, aux.loss_seg: 0.0447, aux.acc_seg: 82.1364, loss: 0.1039
2026-04-23 05:55:21,321 - mmseg - INFO - Iter [95750/160000]	lr: 3.196e-06, eta: 15:15:10, time: 0.713, data_time: 0.348, memory: 22330, decode.loss_seg: 0.0582, decode.acc_seg: 84.5927, aux.loss_seg: 0.0445, aux.acc_seg: 82.5047, loss: 0.1027
2026-04-23 05:55:55,683 - mmseg - INFO - Iter [95800/160000]	lr: 3.194e-06, eta: 15:14:22, time: 0.687, data_time: 0.383, memory: 22330, decode.loss_seg: 0.0588, decode.acc_seg: 84.4863, aux.loss_seg: 0.0457, aux.acc_seg: 82.2751, loss: 0.1045
2026-04-23 05:56:11,054 - mmseg - INFO - Iter [95850/160000]	lr: 3.191e-06, eta: 15:13:21, time: 0.307, data_time: 0.004, memory: 22330, decode.loss_seg: 0.0566, decode.acc_seg: 84.6310, aux.loss_seg: 0.0441, aux.acc_seg: 82.5357, loss: 0.1008
2026-04-23 05:56:46,116 - mmseg - INFO - Iter [95900/160000]	lr: 3.189e-06, eta: 15:12:33, time: 0.701, data_time: 0.398, memory: 22330, decode.loss_seg: 0.0592, decode.acc_seg: 82.7544, aux.loss_seg: 0.0449, aux.acc_seg: 80.6565, loss: 0.1041
2026-04-23 05:57:20,849 - mmseg - INFO - Iter [95950/160000]	lr: 3.186e-06, eta: 15:11:45, time: 0.695, data_time: 0.359, memory: 22330, decode.loss_seg: 0.0579, decode.acc_seg: 83.4675, aux.loss_seg: 0.0447, aux.acc_seg: 81.3372, loss: 0.1026
2026-04-23 05:57:36,294 - mmseg - INFO - Saving checkpoint at 96000 iterations
2026-04-23 05:57:49,598 - mmseg - INFO - per class results:
2026-04-23 05:57:49,598 - mmseg - INFO - 
+------------+-------+-------+
| Class      | IoU   | Acc   |
+------------+-------+-------+
| housing    | 94.02 | 97.41 |
| industrial | 92.14 | 96.1  |
| natural    | 85.08 | 88.76 |
| land_use   | 75.64 | 83.07 |
| water      | 92.35 | 96.51 |
| other      | 95.95 | 99.16 |
+------------+-------+-------+
2026-04-23 05:57:49,598 - mmseg - INFO - Summary:
2026-04-23 05:57:49,598 - mmseg - INFO - 
+--------+------+------+------+
| Scope  | mIoU | mAcc | aAcc |
+--------+------+------+------+
| global | 89.2 | 93.5 | 95.3 |
+--------+------+------+------+
2026-04-23 05:57:49,624 - mmseg - INFO - Exp name: pixel_upernet_itpn_base_12_512_slide_160k_air_polarsar2_amp_linux.py
2026-04-23 05:57:49,624 - mmseg - INFO - Iter [96000/160000]	lr: 3.184e-06, eta: 15:18:08, time: 13.638, data_time: 0.000, memory: 22330, mIoU: 0.8920, mAcc: 0.9350, aAcc: 0.9530
2026-04-23 05:58:24,770 - mmseg - INFO - Iter [96050/160000]	lr: 3.181e-06, eta: 15:17:20, time: 0.703, data_time: 0.369, memory: 22330, decode.loss_seg: 0.0594, decode.acc_seg: 83.5647, aux.loss_seg: 0.0474, aux.acc_seg: 81.2674, loss: 0.1068
2026-04-23 05:58:59,437 - mmseg - INFO - Iter [96100/160000]	lr: 3.179e-06, eta: 15:16:31, time: 0.694, data_time: 0.371, memory: 22330, decode.loss_seg: 0.0601, decode.acc_seg: 83.7839, aux.loss_seg: 0.0471, aux.acc_seg: 81.4943, loss: 0.1072
2026-04-23 05:59:14,858 - mmseg - INFO - Iter [96150/160000]	lr: 3.176e-06, eta: 15:15:30, time: 0.308, data_time: 0.004, memory: 22330, decode.loss_seg: 0.0590, decode.acc_seg: 84.5965, aux.loss_seg: 0.0446, aux.acc_seg: 82.5414, loss: 0.1037
2026-04-23 05:59:50,743 - mmseg - INFO - Iter [96200/160000]	lr: 3.174e-06, eta: 15:14:42, time: 0.718, data_time: 0.367, memory: 22330, decode.loss_seg: 0.0589, decode.acc_seg: 85.0679, aux.loss_seg: 0.0443, aux.acc_seg: 82.9892, loss: 0.1032
2026-04-23 06:00:06,150 - mmseg - INFO - Iter [96250/160000]	lr: 3.171e-06, eta: 15:13:41, time: 0.308, data_time: 0.003, memory: 22330, decode.loss_seg: 0.0573, decode.acc_seg: 84.1095, aux.loss_seg: 0.0445, aux.acc_seg: 81.9857, loss: 0.1018
2026-04-23 06:00:40,801 - mmseg - INFO - Iter [96300/160000]	lr: 3.169e-06, eta: 15:12:52, time: 0.693, data_time: 0.376, memory: 22330, decode.loss_seg: 0.0578, decode.acc_seg: 83.0040, aux.loss_seg: 0.0440, aux.acc_seg: 80.9392, loss: 0.1018
2026-04-23 06:01:16,035 - mmseg - INFO - Iter [96350/160000]	lr: 3.166e-06, eta: 15:12:04, time: 0.704, data_time: 0.401, memory: 22330, decode.loss_seg: 0.0609, decode.acc_seg: 83.6321, aux.loss_seg: 0.0470, aux.acc_seg: 81.4111, loss: 0.1079
2026-04-23 06:01:31,444 - mmseg - INFO - Iter [96400/160000]	lr: 3.164e-06, eta: 15:11:03, time: 0.308, data_time: 0.005, memory: 22330, decode.loss_seg: 0.0574, decode.acc_seg: 81.1019, aux.loss_seg: 0.0435, aux.acc_seg: 79.0651, loss: 0.1009
2026-04-23 06:02:07,447 - mmseg - INFO - Iter [96450/160000]	lr: 3.161e-06, eta: 15:10:16, time: 0.720, data_time: 0.385, memory: 22330, decode.loss_seg: 0.0595, decode.acc_seg: 82.6014, aux.loss_seg: 0.0449, aux.acc_seg: 80.5193, loss: 0.1044
2026-04-23 06:02:43,618 - mmseg - INFO - Iter [96500/160000]	lr: 3.159e-06, eta: 15:09:28, time: 0.723, data_time: 0.354, memory: 22330, decode.loss_seg: 0.0595, decode.acc_seg: 84.6967, aux.loss_seg: 0.0463, aux.acc_seg: 82.4831, loss: 0.1058
2026-04-23 06:02:59,031 - mmseg - INFO - Iter [96550/160000]	lr: 3.156e-06, eta: 15:08:27, time: 0.308, data_time: 0.004, memory: 22330, decode.loss_seg: 0.0586, decode.acc_seg: 84.4752, aux.loss_seg: 0.0446, aux.acc_seg: 82.4215, loss: 0.1033
2026-04-23 06:03:34,151 - mmseg - INFO - Iter [96600/160000]	lr: 3.154e-06, eta: 15:07:39, time: 0.702, data_time: 0.332, memory: 22330, decode.loss_seg: 0.0593, decode.acc_seg: 84.4720, aux.loss_seg: 0.0449, aux.acc_seg: 82.3754, loss: 0.1041
2026-04-23 06:04:10,212 - mmseg - INFO - Iter [96650/160000]	lr: 3.151e-06, eta: 15:06:51, time: 0.721, data_time: 0.402, memory: 22330, decode.loss_seg: 0.0562, decode.acc_seg: 83.9524, aux.loss_seg: 0.0426, aux.acc_seg: 81.9529, loss: 0.0988
2026-04-23 06:04:25,587 - mmseg - INFO - Iter [96700/160000]	lr: 3.149e-06, eta: 15:05:50, time: 0.308, data_time: 0.004, memory: 22330, decode.loss_seg: 0.0603, decode.acc_seg: 84.1904, aux.loss_seg: 0.0466, aux.acc_seg: 82.0182, loss: 0.1069
2026-04-23 06:05:00,438 - mmseg - INFO - Iter [96750/160000]	lr: 3.146e-06, eta: 15:05:02, time: 0.697, data_time: 0.353, memory: 22330, decode.loss_seg: 0.0601, decode.acc_seg: 84.1958, aux.loss_seg: 0.0476, aux.acc_seg: 81.9216, loss: 0.1076
2026-04-23 06:05:35,201 - mmseg - INFO - Iter [96800/160000]	lr: 3.144e-06, eta: 15:04:14, time: 0.695, data_time: 0.380, memory: 22330, decode.loss_seg: 0.0576, decode.acc_seg: 84.2343, aux.loss_seg: 0.0444, aux.acc_seg: 82.1465, loss: 0.1019
2026-04-23 06:05:50,586 - mmseg - INFO - Iter [96850/160000]	lr: 3.141e-06, eta: 15:03:13, time: 0.308, data_time: 0.003, memory: 22330, decode.loss_seg: 0.0571, decode.acc_seg: 83.3489, aux.loss_seg: 0.0453, aux.acc_seg: 81.1364, loss: 0.1024
2026-04-23 06:06:25,750 - mmseg - INFO - Iter [96900/160000]	lr: 3.139e-06, eta: 15:02:25, time: 0.703, data_time: 0.399, memory: 22330, decode.loss_seg: 0.0588, decode.acc_seg: 83.5438, aux.loss_seg: 0.0449, aux.acc_seg: 81.4281, loss: 0.1037
2026-04-23 06:07:01,424 - mmseg - INFO - Iter [96950/160000]	lr: 3.136e-06, eta: 15:01:38, time: 0.713, data_time: 0.377, memory: 22330, decode.loss_seg: 0.0571, decode.acc_seg: 83.0505, aux.loss_seg: 0.0442, aux.acc_seg: 80.9387, loss: 0.1012
2026-04-23 06:07:16,821 - mmseg - INFO - Exp name: pixel_upernet_itpn_base_12_512_slide_160k_air_polarsar2_amp_linux.py
2026-04-23 06:07:16,821 - mmseg - INFO - Iter [97000/160000]	lr: 3.134e-06, eta: 15:00:37, time: 0.308, data_time: 0.003, memory: 22330, decode.loss_seg: 0.0579, decode.acc_seg: 83.9100, aux.loss_seg: 0.0442, aux.acc_seg: 81.8036, loss: 0.1021
2026-04-23 06:07:52,003 - mmseg - INFO - Iter [97050/160000]	lr: 3.131e-06, eta: 14:59:49, time: 0.704, data_time: 0.399, memory: 22330, decode.loss_seg: 0.0580, decode.acc_seg: 83.9089, aux.loss_seg: 0.0469, aux.acc_seg: 81.6311, loss: 0.1050
2026-04-23 06:08:27,039 - mmseg - INFO - Iter [97100/160000]	lr: 3.129e-06, eta: 14:59:01, time: 0.701, data_time: 0.363, memory: 22330, decode.loss_seg: 0.0556, decode.acc_seg: 84.1726, aux.loss_seg: 0.0430, aux.acc_seg: 82.1404, loss: 0.0985
2026-04-23 06:08:42,448 - mmseg - INFO - Iter [97150/160000]	lr: 3.126e-06, eta: 14:58:00, time: 0.308, data_time: 0.003, memory: 22330, decode.loss_seg: 0.0585, decode.acc_seg: 84.2164, aux.loss_seg: 0.0446, aux.acc_seg: 82.1168, loss: 0.1031
2026-04-23 06:09:17,655 - mmseg - INFO - Iter [97200/160000]	lr: 3.124e-06, eta: 14:57:13, time: 0.704, data_time: 0.379, memory: 22330, decode.loss_seg: 0.0572, decode.acc_seg: 84.2440, aux.loss_seg: 0.0442, aux.acc_seg: 82.1195, loss: 0.1014
2026-04-23 06:09:33,049 - mmseg - INFO - Iter [97250/160000]	lr: 3.122e-06, eta: 14:56:12, time: 0.308, data_time: 0.004, memory: 22330, decode.loss_seg: 0.0553, decode.acc_seg: 83.9151, aux.loss_seg: 0.0427, aux.acc_seg: 81.8616, loss: 0.0980
2026-04-23 06:10:07,311 - mmseg - INFO - Iter [97300/160000]	lr: 3.119e-06, eta: 14:55:24, time: 0.685, data_time: 0.369, memory: 22330, decode.loss_seg: 0.0564, decode.acc_seg: 85.5831, aux.loss_seg: 0.0433, aux.acc_seg: 83.5272, loss: 0.0997
2026-04-23 06:10:42,687 - mmseg - INFO - Iter [97350/160000]	lr: 3.117e-06, eta: 14:54:36, time: 0.708, data_time: 0.389, memory: 22330, decode.loss_seg: 0.0592, decode.acc_seg: 83.6955, aux.loss_seg: 0.0452, aux.acc_seg: 81.5778, loss: 0.1044
2026-04-23 06:10:58,079 - mmseg - INFO - Iter [97400/160000]	lr: 3.114e-06, eta: 14:53:35, time: 0.308, data_time: 0.004, memory: 22330, decode.loss_seg: 0.0572, decode.acc_seg: 84.1211, aux.loss_seg: 0.0444, aux.acc_seg: 81.9591, loss: 0.1016
2026-04-23 06:11:33,507 - mmseg - INFO - Iter [97450/160000]	lr: 3.112e-06, eta: 14:52:48, time: 0.709, data_time: 0.404, memory: 22330, decode.loss_seg: 0.0570, decode.acc_seg: 83.8555, aux.loss_seg: 0.0436, aux.acc_seg: 81.7817, loss: 0.1006
2026-04-23 06:12:09,122 - mmseg - INFO - Iter [97500/160000]	lr: 3.109e-06, eta: 14:52:00, time: 0.712, data_time: 0.380, memory: 22330, decode.loss_seg: 0.0576, decode.acc_seg: 82.5249, aux.loss_seg: 0.0445, aux.acc_seg: 80.4069, loss: 0.1021
2026-04-23 06:12:24,511 - mmseg - INFO - Iter [97550/160000]	lr: 3.107e-06, eta: 14:51:00, time: 0.308, data_time: 0.004, memory: 22330, decode.loss_seg: 0.0573, decode.acc_seg: 84.5020, aux.loss_seg: 0.0439, aux.acc_seg: 82.4052, loss: 0.1012
2026-04-23 06:12:59,560 - mmseg - INFO - Iter [97600/160000]	lr: 3.104e-06, eta: 14:50:12, time: 0.701, data_time: 0.398, memory: 22330, decode.loss_seg: 0.0602, decode.acc_seg: 84.1435, aux.loss_seg: 0.0487, aux.acc_seg: 81.7784, loss: 0.1089
2026-04-23 06:13:34,085 - mmseg - INFO - Iter [97650/160000]	lr: 3.102e-06, eta: 14:49:24, time: 0.691, data_time: 0.376, memory: 22330, decode.loss_seg: 0.0551, decode.acc_seg: 81.8116, aux.loss_seg: 0.0431, aux.acc_seg: 79.7242, loss: 0.0982
2026-04-23 06:13:49,510 - mmseg - INFO - Iter [97700/160000]	lr: 3.099e-06, eta: 14:48:24, time: 0.308, data_time: 0.003, memory: 22330, decode.loss_seg: 0.0574, decode.acc_seg: 83.0581, aux.loss_seg: 0.0440, aux.acc_seg: 80.9569, loss: 0.1015
2026-04-23 06:14:23,979 - mmseg - INFO - Iter [97750/160000]	lr: 3.097e-06, eta: 14:47:36, time: 0.690, data_time: 0.347, memory: 22330, decode.loss_seg: 0.0567, decode.acc_seg: 83.8531, aux.loss_seg: 0.0438, aux.acc_seg: 81.7421, loss: 0.1005
2026-04-23 06:14:58,676 - mmseg - INFO - Iter [97800/160000]	lr: 3.094e-06, eta: 14:46:48, time: 0.694, data_time: 0.369, memory: 22330, decode.loss_seg: 0.0559, decode.acc_seg: 84.3959, aux.loss_seg: 0.0435, aux.acc_seg: 82.3049, loss: 0.0994
2026-04-23 06:15:14,051 - mmseg - INFO - Iter [97850/160000]	lr: 3.092e-06, eta: 14:45:48, time: 0.307, data_time: 0.004, memory: 22330, decode.loss_seg: 0.0570, decode.acc_seg: 85.1845, aux.loss_seg: 0.0445, aux.acc_seg: 83.0634, loss: 0.1015
2026-04-23 06:15:48,035 - mmseg - INFO - Iter [97900/160000]	lr: 3.089e-06, eta: 14:44:59, time: 0.680, data_time: 0.376, memory: 22330, decode.loss_seg: 0.0561, decode.acc_seg: 83.1251, aux.loss_seg: 0.0454, aux.acc_seg: 80.7515, loss: 0.1015
2026-04-23 06:16:23,460 - mmseg - INFO - Iter [97950/160000]	lr: 3.087e-06, eta: 14:44:12, time: 0.709, data_time: 0.364, memory: 22330, decode.loss_seg: 0.0599, decode.acc_seg: 84.6910, aux.loss_seg: 0.0490, aux.acc_seg: 82.2854, loss: 0.1089
2026-04-23 06:16:50,160 - mmseg - INFO - per class results:
2026-04-23 06:16:50,160 - mmseg - INFO - 
+------------+-------+-------+
| Class      | IoU   | Acc   |
+------------+-------+-------+
| housing    | 94.05 | 97.29 |
| industrial | 92.22 | 95.59 |
| natural    | 85.08 | 89.17 |
| land_use   | 75.51 | 83.7  |
| water      | 92.35 | 96.87 |
| other      | 96.63 | 99.17 |
+------------+-------+-------+
2026-04-23 06:16:50,160 - mmseg - INFO - Summary:
2026-04-23 06:16:50,160 - mmseg - INFO - 
+--------+-------+-------+-------+
| Scope  | mIoU  | mAcc  | aAcc  |
+--------+-------+-------+-------+
| global | 89.31 | 93.63 | 95.31 |
+--------+-------+-------+-------+
2026-04-23 06:16:50,184 - mmseg - INFO - Exp name: pixel_upernet_itpn_base_12_512_slide_160k_air_polarsar2_amp_linux.py
2026-04-23 06:16:50,184 - mmseg - INFO - Iter [98000/160000]	lr: 3.084e-06, eta: 14:49:10, time: 11.611, data_time: 0.000, memory: 22330, mIoU: 0.8931, mAcc: 0.9363, aAcc: 0.9531
2026-04-23 06:17:24,964 - mmseg - INFO - Iter [98050/160000]	lr: 3.082e-06, eta: 14:48:21, time: 0.696, data_time: 0.350, memory: 22330, decode.loss_seg: 0.0567, decode.acc_seg: 82.6776, aux.loss_seg: 0.0442, aux.acc_seg: 80.5978, loss: 0.1009
2026-04-23 06:17:59,638 - mmseg - INFO - Iter [98100/160000]	lr: 3.079e-06, eta: 14:47:33, time: 0.693, data_time: 0.369, memory: 22330, decode.loss_seg: 0.0567, decode.acc_seg: 83.6347, aux.loss_seg: 0.0440, aux.acc_seg: 81.5387, loss: 0.1007
2026-04-23 06:18:15,055 - mmseg - INFO - Iter [98150/160000]	lr: 3.077e-06, eta: 14:46:33, time: 0.308, data_time: 0.004, memory: 22330, decode.loss_seg: 0.0549, decode.acc_seg: 82.6010, aux.loss_seg: 0.0427, aux.acc_seg: 80.5094, loss: 0.0976
2026-04-23 06:18:48,098 - mmseg - INFO - Iter [98200/160000]	lr: 3.074e-06, eta: 14:45:43, time: 0.661, data_time: 0.357, memory: 22330, decode.loss_seg: 0.0584, decode.acc_seg: 83.3300, aux.loss_seg: 0.0443, aux.acc_seg: 81.2710, loss: 0.1027
2026-04-23 06:19:03,522 - mmseg - INFO - Iter [98250/160000]	lr: 3.072e-06, eta: 14:44:43, time: 0.308, data_time: 0.003, memory: 22330, decode.loss_seg: 0.0578, decode.acc_seg: 84.7659, aux.loss_seg: 0.0449, aux.acc_seg: 82.6135, loss: 0.1027
2026-04-23 06:19:39,249 - mmseg - INFO - Iter [98300/160000]	lr: 3.069e-06, eta: 14:43:55, time: 0.714, data_time: 0.377, memory: 22330, decode.loss_seg: 0.0565, decode.acc_seg: 81.8892, aux.loss_seg: 0.0434, aux.acc_seg: 79.8066, loss: 0.0998
2026-04-23 06:20:14,479 - mmseg - INFO - Iter [98350/160000]	lr: 3.067e-06, eta: 14:43:08, time: 0.704, data_time: 0.358, memory: 22330, decode.loss_seg: 0.0569, decode.acc_seg: 83.8260, aux.loss_seg: 0.0438, aux.acc_seg: 81.7410, loss: 0.1008
2026-04-23 06:20:29,826 - mmseg - INFO - Iter [98400/160000]	lr: 3.064e-06, eta: 14:42:07, time: 0.307, data_time: 0.005, memory: 22330, decode.loss_seg: 0.0574, decode.acc_seg: 83.4642, aux.loss_seg: 0.0445, aux.acc_seg: 81.3399, loss: 0.1019
2026-04-23 06:21:05,128 - mmseg - INFO - Iter [98450/160000]	lr: 3.062e-06, eta: 14:41:20, time: 0.706, data_time: 0.362, memory: 22330, decode.loss_seg: 0.0557, decode.acc_seg: 83.4448, aux.loss_seg: 0.0440, aux.acc_seg: 81.3060, loss: 0.0997
2026-04-23 06:21:39,677 - mmseg - INFO - Iter [98500/160000]	lr: 3.059e-06, eta: 14:40:31, time: 0.691, data_time: 0.378, memory: 22330, decode.loss_seg: 0.0550, decode.acc_seg: 81.8768, aux.loss_seg: 0.0425, aux.acc_seg: 79.8097, loss: 0.0974
2026-04-23 06:21:55,093 - mmseg - INFO - Iter [98550/160000]	lr: 3.057e-06, eta: 14:39:31, time: 0.309, data_time: 0.004, memory: 22330, decode.loss_seg: 0.0556, decode.acc_seg: 82.8262, aux.loss_seg: 0.0428, aux.acc_seg: 80.7741, loss: 0.0984
2026-04-23 06:22:27,852 - mmseg - INFO - Iter [98600/160000]	lr: 3.054e-06, eta: 14:38:42, time: 0.655, data_time: 0.323, memory: 22330, decode.loss_seg: 0.0578, decode.acc_seg: 82.7986, aux.loss_seg: 0.0446, aux.acc_seg: 80.6767, loss: 0.1024
2026-04-23 06:23:03,003 - mmseg - INFO - Iter [98650/160000]	lr: 3.052e-06, eta: 14:37:54, time: 0.703, data_time: 0.369, memory: 22330, decode.loss_seg: 0.0567, decode.acc_seg: 83.8093, aux.loss_seg: 0.0425, aux.acc_seg: 81.8593, loss: 0.0992
2026-04-23 06:23:18,421 - mmseg - INFO - Iter [98700/160000]	lr: 3.049e-06, eta: 14:36:54, time: 0.309, data_time: 0.003, memory: 22330, decode.loss_seg: 0.0575, decode.acc_seg: 84.0793, aux.loss_seg: 0.0447, aux.acc_seg: 81.9166, loss: 0.1022
2026-04-23 06:23:52,414 - mmseg - INFO - Iter [98750/160000]	lr: 3.047e-06, eta: 14:36:06, time: 0.680, data_time: 0.365, memory: 22330, decode.loss_seg: 0.0560, decode.acc_seg: 83.8886, aux.loss_seg: 0.0433, aux.acc_seg: 81.8227, loss: 0.0993
2026-04-23 06:24:27,126 - mmseg - INFO - Iter [98800/160000]	lr: 3.044e-06, eta: 14:35:18, time: 0.694, data_time: 0.328, memory: 22330, decode.loss_seg: 0.0573, decode.acc_seg: 82.9708, aux.loss_seg: 0.0448, aux.acc_seg: 80.8094, loss: 0.1021
2026-04-23 06:24:42,469 - mmseg - INFO - Iter [98850/160000]	lr: 3.042e-06, eta: 14:34:18, time: 0.307, data_time: 0.004, memory: 22330, decode.loss_seg: 0.0591, decode.acc_seg: 83.8177, aux.loss_seg: 0.0469, aux.acc_seg: 81.5378, loss: 0.1060
2026-04-23 06:25:17,494 - mmseg - INFO - Iter [98900/160000]	lr: 3.039e-06, eta: 14:33:30, time: 0.700, data_time: 0.349, memory: 22330, decode.loss_seg: 0.0549, decode.acc_seg: 83.5885, aux.loss_seg: 0.0426, aux.acc_seg: 81.5344, loss: 0.0976
2026-04-23 06:25:52,090 - mmseg - INFO - Iter [98950/160000]	lr: 3.037e-06, eta: 14:32:42, time: 0.692, data_time: 0.369, memory: 22330, decode.loss_seg: 0.0574, decode.acc_seg: 84.0927, aux.loss_seg: 0.0440, aux.acc_seg: 81.9823, loss: 0.1014
2026-04-23 06:26:07,417 - mmseg - INFO - Exp name: pixel_upernet_itpn_base_12_512_slide_160k_air_polarsar2_amp_linux.py
2026-04-23 06:26:07,417 - mmseg - INFO - Iter [99000/160000]	lr: 3.034e-06, eta: 14:31:42, time: 0.307, data_time: 0.004, memory: 22330, decode.loss_seg: 0.0546, decode.acc_seg: 83.8554, aux.loss_seg: 0.0424, aux.acc_seg: 81.8193, loss: 0.0970
2026-04-23 06:26:42,058 - mmseg - INFO - Iter [99050/160000]	lr: 3.032e-06, eta: 14:30:54, time: 0.693, data_time: 0.390, memory: 22330, decode.loss_seg: 0.0566, decode.acc_seg: 84.1815, aux.loss_seg: 0.0436, aux.acc_seg: 82.1131, loss: 0.1003
2026-04-23 06:27:17,075 - mmseg - INFO - Iter [99100/160000]	lr: 3.029e-06, eta: 14:30:07, time: 0.700, data_time: 0.340, memory: 22330, decode.loss_seg: 0.0576, decode.acc_seg: 84.5499, aux.loss_seg: 0.0443, aux.acc_seg: 82.4566, loss: 0.1018
2026-04-23 06:27:32,371 - mmseg - INFO - Iter [99150/160000]	lr: 3.027e-06, eta: 14:29:07, time: 0.306, data_time: 0.004, memory: 22330, decode.loss_seg: 0.0555, decode.acc_seg: 83.6009, aux.loss_seg: 0.0432, aux.acc_seg: 81.5262, loss: 0.0987
2026-04-23 06:28:07,076 - mmseg - INFO - Iter [99200/160000]	lr: 3.025e-06, eta: 14:28:19, time: 0.694, data_time: 0.391, memory: 22330, decode.loss_seg: 0.0545, decode.acc_seg: 81.7226, aux.loss_seg: 0.0424, aux.acc_seg: 79.6556, loss: 0.0968
2026-04-23 06:28:22,398 - mmseg - INFO - Iter [99250/160000]	lr: 3.022e-06, eta: 14:27:19, time: 0.306, data_time: 0.004, memory: 22330, decode.loss_seg: 0.0554, decode.acc_seg: 83.0780, aux.loss_seg: 0.0435, aux.acc_seg: 80.9639, loss: 0.0989
2026-04-23 06:28:57,690 - mmseg - INFO - Iter [99300/160000]	lr: 3.020e-06, eta: 14:26:32, time: 0.706, data_time: 0.385, memory: 22330, decode.loss_seg: 0.0570, decode.acc_seg: 83.0293, aux.loss_seg: 0.0434, aux.acc_seg: 80.9796, loss: 0.1004
2026-04-23 06:29:32,503 - mmseg - INFO - Iter [99350/160000]	lr: 3.017e-06, eta: 14:25:44, time: 0.696, data_time: 0.366, memory: 22330, decode.loss_seg: 0.0539, decode.acc_seg: 83.6680, aux.loss_seg: 0.0421, aux.acc_seg: 81.6215, loss: 0.0960
2026-04-23 06:29:47,848 - mmseg - INFO - Iter [99400/160000]	lr: 3.015e-06, eta: 14:24:45, time: 0.307, data_time: 0.003, memory: 22330, decode.loss_seg: 0.0584, decode.acc_seg: 83.4472, aux.loss_seg: 0.0452, aux.acc_seg: 81.3191, loss: 0.1036
2026-04-23 06:30:23,029 - mmseg - INFO - Iter [99450/160000]	lr: 3.012e-06, eta: 14:23:57, time: 0.704, data_time: 0.379, memory: 22330, decode.loss_seg: 0.0557, decode.acc_seg: 82.4590, aux.loss_seg: 0.0429, aux.acc_seg: 80.4115, loss: 0.0986
2026-04-23 06:30:56,833 - mmseg - INFO - Iter [99500/160000]	lr: 3.010e-06, eta: 14:23:09, time: 0.676, data_time: 0.370, memory: 22330, decode.loss_seg: 0.0588, decode.acc_seg: 85.3519, aux.loss_seg: 0.0447, aux.acc_seg: 83.2786, loss: 0.1035
2026-04-23 06:31:12,188 - mmseg - INFO - Iter [99550/160000]	lr: 3.007e-06, eta: 14:22:09, time: 0.307, data_time: 0.004, memory: 22330, decode.loss_seg: 0.0559, decode.acc_seg: 83.4623, aux.loss_seg: 0.0439, aux.acc_seg: 81.3691, loss: 0.0998
2026-04-23 06:31:47,946 - mmseg - INFO - Iter [99600/160000]	lr: 3.005e-06, eta: 14:21:22, time: 0.715, data_time: 0.331, memory: 22330, decode.loss_seg: 0.0593, decode.acc_seg: 83.3694, aux.loss_seg: 0.0484, aux.acc_seg: 81.0159, loss: 0.1077
2026-04-23 06:32:22,592 - mmseg - INFO - Iter [99650/160000]	lr: 3.002e-06, eta: 14:20:35, time: 0.693, data_time: 0.375, memory: 22330, decode.loss_seg: 0.0558, decode.acc_seg: 82.9648, aux.loss_seg: 0.0430, aux.acc_seg: 80.9400, loss: 0.0989
2026-04-23 06:32:37,973 - mmseg - INFO - Iter [99700/160000]	lr: 3.000e-06, eta: 14:19:35, time: 0.307, data_time: 0.004, memory: 22330, decode.loss_seg: 0.0573, decode.acc_seg: 84.3003, aux.loss_seg: 0.0445, aux.acc_seg: 82.1166, loss: 0.1017
2026-04-23 06:33:14,203 - mmseg - INFO - Iter [99750/160000]	lr: 2.997e-06, eta: 14:18:48, time: 0.725, data_time: 0.407, memory: 22330, decode.loss_seg: 0.0579, decode.acc_seg: 83.1466, aux.loss_seg: 0.0448, aux.acc_seg: 80.9312, loss: 0.1026
2026-04-23 06:33:48,724 - mmseg - INFO - Iter [99800/160000]	lr: 2.995e-06, eta: 14:18:01, time: 0.690, data_time: 0.346, memory: 22330, decode.loss_seg: 0.0611, decode.acc_seg: 84.0880, aux.loss_seg: 0.0479, aux.acc_seg: 81.7836, loss: 0.1090
2026-04-23 06:34:04,120 - mmseg - INFO - Iter [99850/160000]	lr: 2.992e-06, eta: 14:17:02, time: 0.308, data_time: 0.005, memory: 22330, decode.loss_seg: 0.0563, decode.acc_seg: 84.1157, aux.loss_seg: 0.0431, aux.acc_seg: 82.0671, loss: 0.0994
2026-04-23 06:34:39,989 - mmseg - INFO - Iter [99900/160000]	lr: 2.990e-06, eta: 14:16:15, time: 0.717, data_time: 0.414, memory: 22330, decode.loss_seg: 0.0545, decode.acc_seg: 84.6825, aux.loss_seg: 0.0421, aux.acc_seg: 82.6696, loss: 0.0966
2026-04-23 06:35:14,750 - mmseg - INFO - Iter [99950/160000]	lr: 2.987e-06, eta: 14:15:27, time: 0.695, data_time: 0.378, memory: 22330, decode.loss_seg: 0.0577, decode.acc_seg: 83.9995, aux.loss_seg: 0.0447, aux.acc_seg: 81.8829, loss: 0.1024
2026-04-23 06:35:41,339 - mmseg - INFO - per class results:
2026-04-23 06:35:41,339 - mmseg - INFO - 
+------------+-------+-------+
| Class      | IoU   | Acc   |
+------------+-------+-------+
| housing    | 94.2  | 97.0  |
| industrial | 92.14 | 95.58 |
| natural    | 84.4  | 86.99 |
| land_use   | 75.23 | 81.49 |
| water      | 92.22 | 97.47 |
| other      | 97.0  | 99.05 |
+------------+-------+-------+
2026-04-23 06:35:41,339 - mmseg - INFO - Summary:
2026-04-23 06:35:41,339 - mmseg - INFO - 
+--------+------+-------+-------+
| Scope  | mIoU | mAcc  | aAcc  |
+--------+------+-------+-------+
| global | 89.2 | 92.93 | 95.28 |
+--------+------+-------+-------+
2026-04-23 06:35:41,364 - mmseg - INFO - Exp name: pixel_upernet_itpn_base_12_512_slide_160k_air_polarsar2_amp_linux.py
2026-04-23 06:35:41,364 - mmseg - INFO - Iter [100000/160000]	lr: 2.985e-06, eta: 14:20:06, time: 11.568, data_time: 0.000, memory: 22330, mIoU: 0.8920, mAcc: 0.9293, aAcc: 0.9528
2026-04-23 06:36:17,119 - mmseg - INFO - Iter [100050/160000]	lr: 2.982e-06, eta: 14:19:18, time: 0.715, data_time: 0.407, memory: 22330, decode.loss_seg: 0.0573, decode.acc_seg: 84.8161, aux.loss_seg: 0.0444, aux.acc_seg: 82.6665, loss: 0.1017
2026-04-23 06:36:32,477 - mmseg - INFO - Iter [100100/160000]	lr: 2.980e-06, eta: 14:18:19, time: 0.307, data_time: 0.004, memory: 22330, decode.loss_seg: 0.0554, decode.acc_seg: 84.6125, aux.loss_seg: 0.0445, aux.acc_seg: 82.4054, loss: 0.0999
2026-04-23 06:37:07,149 - mmseg - INFO - Iter [100150/160000]	lr: 2.977e-06, eta: 14:17:31, time: 0.693, data_time: 0.377, memory: 22330, decode.loss_seg: 0.0553, decode.acc_seg: 82.6358, aux.loss_seg: 0.0445, aux.acc_seg: 80.4444, loss: 0.0998
2026-04-23 06:37:42,935 - mmseg - INFO - Iter [100200/160000]	lr: 2.975e-06, eta: 14:16:44, time: 0.716, data_time: 0.413, memory: 22330, decode.loss_seg: 0.0568, decode.acc_seg: 83.7855, aux.loss_seg: 0.0440, aux.acc_seg: 81.6519, loss: 0.1007
2026-04-23 06:37:58,282 - mmseg - INFO - Iter [100250/160000]	lr: 2.972e-06, eta: 14:15:44, time: 0.307, data_time: 0.004, memory: 22330, decode.loss_seg: 0.0556, decode.acc_seg: 84.5621, aux.loss_seg: 0.0434, aux.acc_seg: 82.4471, loss: 0.0990
2026-04-23 06:38:32,365 - mmseg - INFO - Iter [100300/160000]	lr: 2.970e-06, eta: 14:14:56, time: 0.681, data_time: 0.328, memory: 22330, decode.loss_seg: 0.0564, decode.acc_seg: 84.0655, aux.loss_seg: 0.0434, aux.acc_seg: 82.0463, loss: 0.0998
2026-04-23 06:39:08,474 - mmseg - INFO - Iter [100350/160000]	lr: 2.967e-06, eta: 14:14:09, time: 0.722, data_time: 0.419, memory: 22330, decode.loss_seg: 0.0566, decode.acc_seg: 83.6068, aux.loss_seg: 0.0437, aux.acc_seg: 81.5236, loss: 0.1003
2026-04-23 06:39:23,886 - mmseg - INFO - Iter [100400/160000]	lr: 2.965e-06, eta: 14:13:10, time: 0.308, data_time: 0.003, memory: 22330, decode.loss_seg: 0.0564, decode.acc_seg: 83.5721, aux.loss_seg: 0.0438, aux.acc_seg: 81.4820, loss: 0.1002
2026-04-23 06:39:59,443 - mmseg - INFO - Iter [100450/160000]	lr: 2.962e-06, eta: 14:12:22, time: 0.711, data_time: 0.341, memory: 22330, decode.loss_seg: 0.0562, decode.acc_seg: 82.7423, aux.loss_seg: 0.0437, aux.acc_seg: 80.6509, loss: 0.0998
2026-04-23 06:40:35,011 - mmseg - INFO - Iter [100500/160000]	lr: 2.960e-06, eta: 14:11:35, time: 0.711, data_time: 0.367, memory: 22330, decode.loss_seg: 0.0541, decode.acc_seg: 84.1380, aux.loss_seg: 0.0428, aux.acc_seg: 82.0232, loss: 0.0969
2026-04-23 06:40:50,384 - mmseg - INFO - Iter [100550/160000]	lr: 2.957e-06, eta: 14:10:36, time: 0.307, data_time: 0.004, memory: 22330, decode.loss_seg: 0.0572, decode.acc_seg: 83.7373, aux.loss_seg: 0.0439, aux.acc_seg: 81.6641, loss: 0.1010
2026-04-23 06:41:25,377 - mmseg - INFO - Iter [100600/160000]	lr: 2.955e-06, eta: 14:09:48, time: 0.700, data_time: 0.376, memory: 22330, decode.loss_seg: 0.0547, decode.acc_seg: 83.7436, aux.loss_seg: 0.0430, aux.acc_seg: 81.6334, loss: 0.0977
2026-04-23 06:41:59,679 - mmseg - INFO - Iter [100650/160000]	lr: 2.952e-06, eta: 14:09:00, time: 0.686, data_time: 0.373, memory: 22330, decode.loss_seg: 0.0585, decode.acc_seg: 83.0811, aux.loss_seg: 0.0452, aux.acc_seg: 80.9151, loss: 0.1038
2026-04-23 06:42:15,084 - mmseg - INFO - Iter [100700/160000]	lr: 2.950e-06, eta: 14:08:01, time: 0.308, data_time: 0.005, memory: 22330, decode.loss_seg: 0.0561, decode.acc_seg: 84.3491, aux.loss_seg: 0.0464, aux.acc_seg: 82.0131, loss: 0.1024
2026-04-23 06:42:50,513 - mmseg - INFO - Iter [100750/160000]	lr: 2.947e-06, eta: 14:07:14, time: 0.709, data_time: 0.400, memory: 22330, decode.loss_seg: 0.0568, decode.acc_seg: 83.8240, aux.loss_seg: 0.0433, aux.acc_seg: 81.7630, loss: 0.1001
2026-04-23 06:43:24,979 - mmseg - INFO - Iter [100800/160000]	lr: 2.945e-06, eta: 14:06:26, time: 0.689, data_time: 0.351, memory: 22330, decode.loss_seg: 0.0563, decode.acc_seg: 84.1004, aux.loss_seg: 0.0436, aux.acc_seg: 82.0183, loss: 0.0999
2026-04-23 06:43:40,325 - mmseg - INFO - Iter [100850/160000]	lr: 2.942e-06, eta: 14:05:27, time: 0.307, data_time: 0.004, memory: 22330, decode.loss_seg: 0.0574, decode.acc_seg: 83.6551, aux.loss_seg: 0.0438, aux.acc_seg: 81.6032, loss: 0.1012
2026-04-23 06:44:14,604 - mmseg - INFO - Iter [100900/160000]	lr: 2.940e-06, eta: 14:04:39, time: 0.686, data_time: 0.363, memory: 22330, decode.loss_seg: 0.0553, decode.acc_seg: 82.9385, aux.loss_seg: 0.0426, aux.acc_seg: 80.9034, loss: 0.0979
2026-04-23 06:44:49,143 - mmseg - INFO - Iter [100950/160000]	lr: 2.937e-06, eta: 14:03:51, time: 0.691, data_time: 0.344, memory: 22330, decode.loss_seg: 0.0547, decode.acc_seg: 83.1135, aux.loss_seg: 0.0430, aux.acc_seg: 81.0174, loss: 0.0977
2026-04-23 06:45:04,486 - mmseg - INFO - Exp name: pixel_upernet_itpn_base_12_512_slide_160k_air_polarsar2_amp_linux.py
2026-04-23 06:45:04,487 - mmseg - INFO - Iter [101000/160000]	lr: 2.935e-06, eta: 14:02:52, time: 0.307, data_time: 0.004, memory: 22330, decode.loss_seg: 0.0573, decode.acc_seg: 83.8129, aux.loss_seg: 0.0447, aux.acc_seg: 81.6995, loss: 0.1020
2026-04-23 06:45:38,794 - mmseg - INFO - Iter [101050/160000]	lr: 2.932e-06, eta: 14:02:04, time: 0.686, data_time: 0.383, memory: 22330, decode.loss_seg: 0.0533, decode.acc_seg: 82.2783, aux.loss_seg: 0.0414, aux.acc_seg: 80.2617, loss: 0.0947
2026-04-23 06:45:54,119 - mmseg - INFO - Iter [101100/160000]	lr: 2.930e-06, eta: 14:01:05, time: 0.307, data_time: 0.004, memory: 22330, decode.loss_seg: 0.0591, decode.acc_seg: 84.0063, aux.loss_seg: 0.0443, aux.acc_seg: 81.9450, loss: 0.1034
2026-04-23 06:46:28,429 - mmseg - INFO - Iter [101150/160000]	lr: 2.927e-06, eta: 14:00:18, time: 0.686, data_time: 0.328, memory: 22330, decode.loss_seg: 0.0555, decode.acc_seg: 83.3099, aux.loss_seg: 0.0432, aux.acc_seg: 81.2314, loss: 0.0987
2026-04-23 06:47:01,917 - mmseg - INFO - Iter [101200/160000]	lr: 2.925e-06, eta: 13:59:29, time: 0.670, data_time: 0.344, memory: 22330, decode.loss_seg: 0.0560, decode.acc_seg: 83.7387, aux.loss_seg: 0.0458, aux.acc_seg: 81.4822, loss: 0.1018
2026-04-23 06:47:17,328 - mmseg - INFO - Iter [101250/160000]	lr: 2.923e-06, eta: 13:58:31, time: 0.308, data_time: 0.003, memory: 22330, decode.loss_seg: 0.0568, decode.acc_seg: 83.6771, aux.loss_seg: 0.0453, aux.acc_seg: 81.4149, loss: 0.1021
2026-04-23 06:47:52,433 - mmseg - INFO - Iter [101300/160000]	lr: 2.920e-06, eta: 13:57:43, time: 0.702, data_time: 0.397, memory: 22330, decode.loss_seg: 0.0597, decode.acc_seg: 83.4698, aux.loss_seg: 0.0474, aux.acc_seg: 81.2573, loss: 0.1071
2026-04-23 06:48:27,901 - mmseg - INFO - Iter [101350/160000]	lr: 2.918e-06, eta: 13:56:56, time: 0.709, data_time: 0.337, memory: 22330, decode.loss_seg: 0.0550, decode.acc_seg: 83.4757, aux.loss_seg: 0.0429, aux.acc_seg: 81.4295, loss: 0.0980
2026-04-23 06:48:43,253 - mmseg - INFO - Iter [101400/160000]	lr: 2.915e-06, eta: 13:55:58, time: 0.307, data_time: 0.004, memory: 22330, decode.loss_seg: 0.0555, decode.acc_seg: 84.4355, aux.loss_seg: 0.0430, aux.acc_seg: 82.3707, loss: 0.0985
2026-04-23 06:49:17,480 - mmseg - INFO - Iter [101450/160000]	lr: 2.913e-06, eta: 13:55:10, time: 0.684, data_time: 0.381, memory: 22330, decode.loss_seg: 0.0546, decode.acc_seg: 84.1899, aux.loss_seg: 0.0424, aux.acc_seg: 82.1631, loss: 0.0970
2026-04-23 06:49:52,449 - mmseg - INFO - Iter [101500/160000]	lr: 2.910e-06, eta: 13:54:23, time: 0.699, data_time: 0.345, memory: 22330, decode.loss_seg: 0.0550, decode.acc_seg: 82.6724, aux.loss_seg: 0.0446, aux.acc_seg: 80.4361, loss: 0.0996
2026-04-23 06:50:07,801 - mmseg - INFO - Iter [101550/160000]	lr: 2.908e-06, eta: 13:53:24, time: 0.307, data_time: 0.004, memory: 22330, decode.loss_seg: 0.0546, decode.acc_seg: 83.0638, aux.loss_seg: 0.0422, aux.acc_seg: 81.0284, loss: 0.0968
2026-04-23 06:50:42,684 - mmseg - INFO - Iter [101600/160000]	lr: 2.905e-06, eta: 13:52:37, time: 0.698, data_time: 0.341, memory: 22330, decode.loss_seg: 0.0544, decode.acc_seg: 82.6079, aux.loss_seg: 0.0423, aux.acc_seg: 80.5475, loss: 0.0968
2026-04-23 06:51:16,586 - mmseg - INFO - Iter [101650/160000]	lr: 2.903e-06, eta: 13:51:49, time: 0.678, data_time: 0.367, memory: 22330, decode.loss_seg: 0.0568, decode.acc_seg: 85.6742, aux.loss_seg: 0.0436, aux.acc_seg: 83.6071, loss: 0.1003
2026-04-23 06:51:31,977 - mmseg - INFO - Iter [101700/160000]	lr: 2.900e-06, eta: 13:50:50, time: 0.308, data_time: 0.004, memory: 22330, decode.loss_seg: 0.0539, decode.acc_seg: 83.5997, aux.loss_seg: 0.0422, aux.acc_seg: 81.5551, loss: 0.0960
2026-04-23 06:52:06,835 - mmseg - INFO - Iter [101750/160000]	lr: 2.898e-06, eta: 13:50:03, time: 0.697, data_time: 0.378, memory: 22330, decode.loss_seg: 0.0557, decode.acc_seg: 83.8764, aux.loss_seg: 0.0433, aux.acc_seg: 81.8013, loss: 0.0991
2026-04-23 06:52:41,552 - mmseg - INFO - Iter [101800/160000]	lr: 2.895e-06, eta: 13:49:16, time: 0.694, data_time: 0.345, memory: 22330, decode.loss_seg: 0.0569, decode.acc_seg: 84.0173, aux.loss_seg: 0.0435, aux.acc_seg: 81.9791, loss: 0.1004
2026-04-23 06:52:56,960 - mmseg - INFO - Iter [101850/160000]	lr: 2.893e-06, eta: 13:48:17, time: 0.308, data_time: 0.004, memory: 22330, decode.loss_seg: 0.0571, decode.acc_seg: 83.6370, aux.loss_seg: 0.0440, aux.acc_seg: 81.5100, loss: 0.1012
2026-04-23 06:53:31,741 - mmseg - INFO - Iter [101900/160000]	lr: 2.890e-06, eta: 13:47:30, time: 0.696, data_time: 0.352, memory: 22330, decode.loss_seg: 0.0563, decode.acc_seg: 82.7320, aux.loss_seg: 0.0435, aux.acc_seg: 80.6561, loss: 0.0998
2026-04-23 06:54:07,051 - mmseg - INFO - Iter [101950/160000]	lr: 2.888e-06, eta: 13:46:43, time: 0.706, data_time: 0.350, memory: 22330, decode.loss_seg: 0.0604, decode.acc_seg: 83.7637, aux.loss_seg: 0.0443, aux.acc_seg: 81.7172, loss: 0.1046
2026-04-23 06:54:33,527 - mmseg - INFO - per class results:
2026-04-23 06:54:33,528 - mmseg - INFO - 
+------------+-------+-------+
| Class      | IoU   | Acc   |
+------------+-------+-------+
| housing    | 94.15 | 97.31 |
| industrial | 92.46 | 96.4  |
| natural    | 85.27 | 89.07 |
| land_use   | 75.34 | 81.03 |
| water      | 92.5  | 96.99 |
| other      | 97.5  | 99.05 |
+------------+-------+-------+
2026-04-23 06:54:33,528 - mmseg - INFO - Summary:
2026-04-23 06:54:33,528 - mmseg - INFO - 
+--------+-------+-------+-------+
| Scope  | mIoU  | mAcc  | aAcc  |
+--------+-------+-------+-------+
| global | 89.54 | 93.31 | 95.43 |
+--------+-------+-------+-------+
2026-04-23 06:54:33,550 - mmseg - INFO - Exp name: pixel_upernet_itpn_base_12_512_slide_160k_air_polarsar2_amp_linux.py
2026-04-23 06:54:33,550 - mmseg - INFO - Iter [102000/160000]	lr: 2.885e-06, eta: 13:51:02, time: 11.464, data_time: 0.000, memory: 22330, mIoU: 0.8954, mAcc: 0.9331, aAcc: 0.9543
2026-04-23 06:55:08,406 - mmseg - INFO - Iter [102050/160000]	lr: 2.883e-06, eta: 13:50:14, time: 0.697, data_time: 0.394, memory: 22330, decode.loss_seg: 0.0558, decode.acc_seg: 84.1705, aux.loss_seg: 0.0453, aux.acc_seg: 81.8879, loss: 0.1011
2026-04-23 06:55:23,746 - mmseg - INFO - Iter [102100/160000]	lr: 2.880e-06, eta: 13:49:16, time: 0.307, data_time: 0.005, memory: 22330, decode.loss_seg: 0.0570, decode.acc_seg: 84.6707, aux.loss_seg: 0.0441, aux.acc_seg: 82.5539, loss: 0.1011
2026-04-23 06:55:59,579 - mmseg - INFO - Iter [102150/160000]	lr: 2.878e-06, eta: 13:48:29, time: 0.717, data_time: 0.373, memory: 22330, decode.loss_seg: 0.0572, decode.acc_seg: 83.6425, aux.loss_seg: 0.0459, aux.acc_seg: 81.3555, loss: 0.1031
2026-04-23 06:56:34,446 - mmseg - INFO - Iter [102200/160000]	lr: 2.875e-06, eta: 13:47:41, time: 0.697, data_time: 0.334, memory: 22330, decode.loss_seg: 0.0548, decode.acc_seg: 83.6653, aux.loss_seg: 0.0428, aux.acc_seg: 81.5980, loss: 0.0976
2026-04-23 06:56:49,887 - mmseg - INFO - Iter [102250/160000]	lr: 2.873e-06, eta: 13:46:43, time: 0.309, data_time: 0.004, memory: 22330, decode.loss_seg: 0.0582, decode.acc_seg: 83.1093, aux.loss_seg: 0.0451, aux.acc_seg: 80.9637, loss: 0.1033
2026-04-23 06:57:25,040 - mmseg - INFO - Iter [102300/160000]	lr: 2.870e-06, eta: 13:45:55, time: 0.703, data_time: 0.399, memory: 22330, decode.loss_seg: 0.0573, decode.acc_seg: 84.0894, aux.loss_seg: 0.0458, aux.acc_seg: 81.8531, loss: 0.1031
2026-04-23 06:57:59,886 - mmseg - INFO - Iter [102350/160000]	lr: 2.868e-06, eta: 13:45:08, time: 0.697, data_time: 0.366, memory: 22330, decode.loss_seg: 0.0554, decode.acc_seg: 83.4060, aux.loss_seg: 0.0431, aux.acc_seg: 81.3315, loss: 0.0985
2026-04-23 06:58:15,263 - mmseg - INFO - Iter [102400/160000]	lr: 2.865e-06, eta: 13:44:09, time: 0.308, data_time: 0.004, memory: 22330, decode.loss_seg: 0.0545, decode.acc_seg: 82.0849, aux.loss_seg: 0.0425, aux.acc_seg: 80.0223, loss: 0.0970
2026-04-23 06:58:50,634 - mmseg - INFO - Iter [102450/160000]	lr: 2.863e-06, eta: 13:43:22, time: 0.707, data_time: 0.383, memory: 22330, decode.loss_seg: 0.0533, decode.acc_seg: 82.9578, aux.loss_seg: 0.0421, aux.acc_seg: 80.8851, loss: 0.0953
2026-04-23 06:59:25,516 - mmseg - INFO - Iter [102500/160000]	lr: 2.860e-06, eta: 13:42:35, time: 0.698, data_time: 0.351, memory: 22330, decode.loss_seg: 0.0568, decode.acc_seg: 82.7777, aux.loss_seg: 0.0442, aux.acc_seg: 80.6306, loss: 0.1010
2026-04-23 06:59:40,894 - mmseg - INFO - Iter [102550/160000]	lr: 2.858e-06, eta: 13:41:36, time: 0.307, data_time: 0.004, memory: 22330, decode.loss_seg: 0.0538, decode.acc_seg: 85.0463, aux.loss_seg: 0.0417, aux.acc_seg: 83.0600, loss: 0.0954
2026-04-23 07:00:15,759 - mmseg - INFO - Iter [102600/160000]	lr: 2.855e-06, eta: 13:40:49, time: 0.697, data_time: 0.364, memory: 22330, decode.loss_seg: 0.0555, decode.acc_seg: 82.7289, aux.loss_seg: 0.0435, aux.acc_seg: 80.6129, loss: 0.0990
2026-04-23 07:00:51,652 - mmseg - INFO - Iter [102650/160000]	lr: 2.853e-06, eta: 13:40:02, time: 0.718, data_time: 0.391, memory: 22330, decode.loss_seg: 0.0581, decode.acc_seg: 85.1191, aux.loss_seg: 0.0451, aux.acc_seg: 82.9266, loss: 0.1032
2026-04-23 07:01:07,021 - mmseg - INFO - Iter [102700/160000]	lr: 2.850e-06, eta: 13:39:04, time: 0.307, data_time: 0.003, memory: 22330, decode.loss_seg: 0.0552, decode.acc_seg: 82.7289, aux.loss_seg: 0.0427, aux.acc_seg: 80.6705, loss: 0.0979
2026-04-23 07:01:42,269 - mmseg - INFO - Iter [102750/160000]	lr: 2.848e-06, eta: 13:38:17, time: 0.705, data_time: 0.401, memory: 22330, decode.loss_seg: 0.0579, decode.acc_seg: 83.6364, aux.loss_seg: 0.0467, aux.acc_seg: 81.3850, loss: 0.1047
2026-04-23 07:02:15,845 - mmseg - INFO - Iter [102800/160000]	lr: 2.845e-06, eta: 13:37:29, time: 0.671, data_time: 0.350, memory: 22330, decode.loss_seg: 0.0535, decode.acc_seg: 83.1643, aux.loss_seg: 0.0413, aux.acc_seg: 81.1577, loss: 0.0948
2026-04-23 07:02:31,241 - mmseg - INFO - Iter [102850/160000]	lr: 2.843e-06, eta: 13:36:31, time: 0.308, data_time: 0.004, memory: 22330, decode.loss_seg: 0.0577, decode.acc_seg: 84.6709, aux.loss_seg: 0.0439, aux.acc_seg: 82.6004, loss: 0.1016
2026-04-23 07:03:06,716 - mmseg - INFO - Iter [102900/160000]	lr: 2.840e-06, eta: 13:35:44, time: 0.710, data_time: 0.374, memory: 22330, decode.loss_seg: 0.0550, decode.acc_seg: 83.6712, aux.loss_seg: 0.0423, aux.acc_seg: 81.6588, loss: 0.0973
2026-04-23 07:03:42,191 - mmseg - INFO - Iter [102950/160000]	lr: 2.838e-06, eta: 13:34:57, time: 0.710, data_time: 0.384, memory: 22330, decode.loss_seg: 0.0568, decode.acc_seg: 84.1293, aux.loss_seg: 0.0461, aux.acc_seg: 81.9009, loss: 0.1028
2026-04-23 07:03:57,541 - mmseg - INFO - Exp name: pixel_upernet_itpn_base_12_512_slide_160k_air_polarsar2_amp_linux.py
2026-04-23 07:03:57,541 - mmseg - INFO - Iter [103000/160000]	lr: 2.835e-06, eta: 13:33:59, time: 0.307, data_time: 0.003, memory: 22330, decode.loss_seg: 0.0563, decode.acc_seg: 83.5003, aux.loss_seg: 0.0442, aux.acc_seg: 81.3508, loss: 0.1005
2026-04-23 07:04:32,857 - mmseg - INFO - Iter [103050/160000]	lr: 2.833e-06, eta: 13:33:12, time: 0.706, data_time: 0.370, memory: 22330, decode.loss_seg: 0.0551, decode.acc_seg: 83.5850, aux.loss_seg: 0.0432, aux.acc_seg: 81.4963, loss: 0.0983
2026-04-23 07:04:48,224 - mmseg - INFO - Iter [103100/160000]	lr: 2.830e-06, eta: 13:32:14, time: 0.307, data_time: 0.004, memory: 22330, decode.loss_seg: 0.0545, decode.acc_seg: 84.2370, aux.loss_seg: 0.0426, aux.acc_seg: 82.1592, loss: 0.0972
2026-04-23 07:05:23,189 - mmseg - INFO - Iter [103150/160000]	lr: 2.828e-06, eta: 13:31:27, time: 0.699, data_time: 0.366, memory: 22330, decode.loss_seg: 0.0556, decode.acc_seg: 83.4938, aux.loss_seg: 0.0429, aux.acc_seg: 81.4330, loss: 0.0986
2026-04-23 07:05:58,796 - mmseg - INFO - Iter [103200/160000]	lr: 2.826e-06, eta: 13:30:40, time: 0.712, data_time: 0.361, memory: 22330, decode.loss_seg: 0.0556, decode.acc_seg: 85.2375, aux.loss_seg: 0.0448, aux.acc_seg: 82.9930, loss: 0.1004
2026-04-23 07:06:14,260 - mmseg - INFO - Iter [103250/160000]	lr: 2.823e-06, eta: 13:29:42, time: 0.309, data_time: 0.004, memory: 22330, decode.loss_seg: 0.0542, decode.acc_seg: 83.8287, aux.loss_seg: 0.0424, aux.acc_seg: 81.7367, loss: 0.0966
2026-04-23 07:06:49,538 - mmseg - INFO - Iter [103300/160000]	lr: 2.821e-06, eta: 13:28:55, time: 0.705, data_time: 0.355, memory: 22330, decode.loss_seg: 0.0524, decode.acc_seg: 83.2452, aux.loss_seg: 0.0420, aux.acc_seg: 81.1363, loss: 0.0943
2026-04-23 07:07:23,851 - mmseg - INFO - Iter [103350/160000]	lr: 2.818e-06, eta: 13:28:07, time: 0.686, data_time: 0.378, memory: 22330, decode.loss_seg: 0.0560, decode.acc_seg: 83.5922, aux.loss_seg: 0.0436, aux.acc_seg: 81.4853, loss: 0.0996
2026-04-23 07:07:39,212 - mmseg - INFO - Iter [103400/160000]	lr: 2.816e-06, eta: 13:27:10, time: 0.307, data_time: 0.004, memory: 22330, decode.loss_seg: 0.0545, decode.acc_seg: 83.2592, aux.loss_seg: 0.0425, aux.acc_seg: 81.1770, loss: 0.0970
2026-04-23 07:08:14,401 - mmseg - INFO - Iter [103450/160000]	lr: 2.813e-06, eta: 13:26:23, time: 0.704, data_time: 0.372, memory: 22330, decode.loss_seg: 0.0545, decode.acc_seg: 84.5430, aux.loss_seg: 0.0428, aux.acc_seg: 82.4390, loss: 0.0973
2026-04-23 07:08:49,233 - mmseg - INFO - Iter [103500/160000]	lr: 2.811e-06, eta: 13:25:36, time: 0.697, data_time: 0.371, memory: 22330, decode.loss_seg: 0.0544, decode.acc_seg: 84.1046, aux.loss_seg: 0.0424, aux.acc_seg: 82.0482, loss: 0.0967
2026-04-23 07:09:04,614 - mmseg - INFO - Iter [103550/160000]	lr: 2.808e-06, eta: 13:24:38, time: 0.307, data_time: 0.004, memory: 22330, decode.loss_seg: 0.0529, decode.acc_seg: 83.5465, aux.loss_seg: 0.0413, aux.acc_seg: 81.5207, loss: 0.0942
2026-04-23 07:09:38,626 - mmseg - INFO - Iter [103600/160000]	lr: 2.806e-06, eta: 13:23:50, time: 0.680, data_time: 0.350, memory: 22330, decode.loss_seg: 0.0536, decode.acc_seg: 84.4982, aux.loss_seg: 0.0419, aux.acc_seg: 82.4938, loss: 0.0954
2026-04-23 07:10:14,806 - mmseg - INFO - Iter [103650/160000]	lr: 2.803e-06, eta: 13:23:04, time: 0.723, data_time: 0.337, memory: 22330, decode.loss_seg: 0.0562, decode.acc_seg: 83.5045, aux.loss_seg: 0.0435, aux.acc_seg: 81.4225, loss: 0.0997
2026-04-23 07:10:30,192 - mmseg - INFO - Iter [103700/160000]	lr: 2.801e-06, eta: 13:22:06, time: 0.308, data_time: 0.004, memory: 22330, decode.loss_seg: 0.0542, decode.acc_seg: 84.1307, aux.loss_seg: 0.0424, aux.acc_seg: 82.0675, loss: 0.0967
2026-04-23 07:11:05,334 - mmseg - INFO - Iter [103750/160000]	lr: 2.798e-06, eta: 13:21:20, time: 0.703, data_time: 0.363, memory: 22330, decode.loss_seg: 0.0551, decode.acc_seg: 83.2839, aux.loss_seg: 0.0426, aux.acc_seg: 81.2479, loss: 0.0978
2026-04-23 07:11:38,718 - mmseg - INFO - Iter [103800/160000]	lr: 2.796e-06, eta: 13:20:32, time: 0.668, data_time: 0.340, memory: 22330, decode.loss_seg: 0.0555, decode.acc_seg: 83.4149, aux.loss_seg: 0.0431, aux.acc_seg: 81.3479, loss: 0.0986
2026-04-23 07:11:54,072 - mmseg - INFO - Iter [103850/160000]	lr: 2.793e-06, eta: 13:19:34, time: 0.307, data_time: 0.003, memory: 22330, decode.loss_seg: 0.0543, decode.acc_seg: 82.6415, aux.loss_seg: 0.0422, aux.acc_seg: 80.6112, loss: 0.0965
2026-04-23 07:12:29,098 - mmseg - INFO - Iter [103900/160000]	lr: 2.791e-06, eta: 13:18:47, time: 0.701, data_time: 0.397, memory: 22330, decode.loss_seg: 0.0553, decode.acc_seg: 83.3906, aux.loss_seg: 0.0452, aux.acc_seg: 81.1228, loss: 0.1006
2026-04-23 07:12:44,468 - mmseg - INFO - Iter [103950/160000]	lr: 2.788e-06, eta: 13:17:50, time: 0.307, data_time: 0.004, memory: 22330, decode.loss_seg: 0.0552, decode.acc_seg: 84.6821, aux.loss_seg: 0.0431, aux.acc_seg: 82.6321, loss: 0.0983
2026-04-23 07:13:30,730 - mmseg - INFO - per class results:
2026-04-23 07:13:30,731 - mmseg - INFO - 
+------------+-------+-------+
| Class      | IoU   | Acc   |
+------------+-------+-------+
| housing    | 94.06 | 97.48 |
| industrial | 92.43 | 95.95 |
| natural    | 85.0  | 87.87 |
| land_use   | 74.67 | 79.64 |
| water      | 92.4  | 97.53 |
| other      | 97.39 | 98.96 |
+------------+-------+-------+
2026-04-23 07:13:30,731 - mmseg - INFO - Summary:
2026-04-23 07:13:30,731 - mmseg - INFO - 
+--------+-------+-------+-------+
| Scope  | mIoU  | mAcc  | aAcc  |
+--------+-------+-------+-------+
| global | 89.32 | 92.91 | 95.37 |
+--------+-------+-------+-------+
2026-04-23 07:13:30,756 - mmseg - INFO - Exp name: pixel_upernet_itpn_base_12_512_slide_160k_air_polarsar2_amp_linux.py
2026-04-23 07:13:30,756 - mmseg - INFO - Iter [104000/160000]	lr: 2.786e-06, eta: 13:21:57, time: 11.601, data_time: 0.000, memory: 22330, mIoU: 0.8932, mAcc: 0.9291, aAcc: 0.9537
2026-04-23 07:14:05,947 - mmseg - INFO - Iter [104050/160000]	lr: 2.783e-06, eta: 13:21:09, time: 0.704, data_time: 0.367, memory: 22330, decode.loss_seg: 0.0552, decode.acc_seg: 83.7050, aux.loss_seg: 0.0430, aux.acc_seg: 81.5968, loss: 0.0982
2026-04-23 07:14:21,373 - mmseg - INFO - Iter [104100/160000]	lr: 2.781e-06, eta: 13:20:12, time: 0.309, data_time: 0.003, memory: 22330, decode.loss_seg: 0.0550, decode.acc_seg: 83.5564, aux.loss_seg: 0.0436, aux.acc_seg: 81.3742, loss: 0.0986
2026-04-23 07:14:57,465 - mmseg - INFO - Iter [104150/160000]	lr: 2.778e-06, eta: 13:19:25, time: 0.722, data_time: 0.395, memory: 22330, decode.loss_seg: 0.0552, decode.acc_seg: 84.5645, aux.loss_seg: 0.0446, aux.acc_seg: 82.3456, loss: 0.0997
2026-04-23 07:15:32,489 - mmseg - INFO - Iter [104200/160000]	lr: 2.776e-06, eta: 13:18:38, time: 0.700, data_time: 0.382, memory: 22330, decode.loss_seg: 0.0553, decode.acc_seg: 84.6122, aux.loss_seg: 0.0433, aux.acc_seg: 82.5177, loss: 0.0985
2026-04-23 07:15:48,046 - mmseg - INFO - Iter [104250/160000]	lr: 2.773e-06, eta: 13:17:40, time: 0.311, data_time: 0.003, memory: 22330, decode.loss_seg: 0.0530, decode.acc_seg: 81.6707, aux.loss_seg: 0.0420, aux.acc_seg: 79.6196, loss: 0.0950
2026-04-23 07:16:23,452 - mmseg - INFO - Iter [104300/160000]	lr: 2.771e-06, eta: 13:16:53, time: 0.708, data_time: 0.336, memory: 22330, decode.loss_seg: 0.0558, decode.acc_seg: 84.2013, aux.loss_seg: 0.0435, aux.acc_seg: 82.1142, loss: 0.0993
2026-04-23 07:16:58,177 - mmseg - INFO - Iter [104350/160000]	lr: 2.768e-06, eta: 13:16:06, time: 0.694, data_time: 0.390, memory: 22330, decode.loss_seg: 0.0538, decode.acc_seg: 83.7233, aux.loss_seg: 0.0419, aux.acc_seg: 81.6723, loss: 0.0956
2026-04-23 07:17:13,632 - mmseg - INFO - Iter [104400/160000]	lr: 2.766e-06, eta: 13:15:09, time: 0.309, data_time: 0.005, memory: 22330, decode.loss_seg: 0.0573, decode.acc_seg: 84.9051, aux.loss_seg: 0.0443, aux.acc_seg: 82.8298, loss: 0.1016
2026-04-23 07:17:48,702 - mmseg - INFO - Iter [104450/160000]	lr: 2.763e-06, eta: 13:14:21, time: 0.701, data_time: 0.335, memory: 22330, decode.loss_seg: 0.0538, decode.acc_seg: 83.9167, aux.loss_seg: 0.0418, aux.acc_seg: 81.8870, loss: 0.0956
2026-04-23 07:18:23,003 - mmseg - INFO - Iter [104500/160000]	lr: 2.761e-06, eta: 13:13:34, time: 0.686, data_time: 0.345, memory: 22330, decode.loss_seg: 0.0564, decode.acc_seg: 83.4352, aux.loss_seg: 0.0443, aux.acc_seg: 81.2948, loss: 0.1007
2026-04-23 07:18:38,480 - mmseg - INFO - Iter [104550/160000]	lr: 2.758e-06, eta: 13:12:37, time: 0.310, data_time: 0.004, memory: 22330, decode.loss_seg: 0.0528, decode.acc_seg: 83.7711, aux.loss_seg: 0.0414, aux.acc_seg: 81.7500, loss: 0.0942
2026-04-23 07:19:12,212 - mmseg - INFO - Iter [104600/160000]	lr: 2.756e-06, eta: 13:11:49, time: 0.675, data_time: 0.337, memory: 22330, decode.loss_seg: 0.0536, decode.acc_seg: 83.6363, aux.loss_seg: 0.0420, aux.acc_seg: 81.6139, loss: 0.0956
2026-04-23 07:19:47,441 - mmseg - INFO - Iter [104650/160000]	lr: 2.753e-06, eta: 13:11:02, time: 0.705, data_time: 0.338, memory: 22330, decode.loss_seg: 0.0573, decode.acc_seg: 82.6511, aux.loss_seg: 0.0462, aux.acc_seg: 80.3448, loss: 0.1034
2026-04-23 07:20:03,029 - mmseg - INFO - Iter [104700/160000]	lr: 2.751e-06, eta: 13:10:05, time: 0.311, data_time: 0.004, memory: 22330, decode.loss_seg: 0.0559, decode.acc_seg: 85.0724, aux.loss_seg: 0.0437, aux.acc_seg: 82.9519, loss: 0.0996
2026-04-23 07:20:38,399 - mmseg - INFO - Iter [104750/160000]	lr: 2.748e-06, eta: 13:09:18, time: 0.708, data_time: 0.368, memory: 22330, decode.loss_seg: 0.0547, decode.acc_seg: 84.1844, aux.loss_seg: 0.0423, aux.acc_seg: 82.1325, loss: 0.0970
2026-04-23 07:21:13,395 - mmseg - INFO - Iter [104800/160000]	lr: 2.746e-06, eta: 13:08:31, time: 0.700, data_time: 0.350, memory: 22330, decode.loss_seg: 0.0538, decode.acc_seg: 83.8401, aux.loss_seg: 0.0417, aux.acc_seg: 81.8264, loss: 0.0955
2026-04-23 07:21:28,751 - mmseg - INFO - Iter [104850/160000]	lr: 2.743e-06, eta: 13:07:33, time: 0.307, data_time: 0.004, memory: 22330, decode.loss_seg: 0.0535, decode.acc_seg: 83.2969, aux.loss_seg: 0.0455, aux.acc_seg: 80.9629, loss: 0.0990
2026-04-23 07:22:03,445 - mmseg - INFO - Iter [104900/160000]	lr: 2.741e-06, eta: 13:06:46, time: 0.694, data_time: 0.377, memory: 22330, decode.loss_seg: 0.0543, decode.acc_seg: 84.1752, aux.loss_seg: 0.0430, aux.acc_seg: 82.0667, loss: 0.0973
2026-04-23 07:22:18,837 - mmseg - INFO - Iter [104950/160000]	lr: 2.738e-06, eta: 13:05:49, time: 0.308, data_time: 0.004, memory: 22330, decode.loss_seg: 0.0552, decode.acc_seg: 83.9134, aux.loss_seg: 0.0435, aux.acc_seg: 81.7732, loss: 0.0987
2026-04-23 07:22:53,311 - mmseg - INFO - Exp name: pixel_upernet_itpn_base_12_512_slide_160k_air_polarsar2_amp_linux.py
2026-04-23 07:22:53,311 - mmseg - INFO - Iter [105000/160000]	lr: 2.736e-06, eta: 13:05:02, time: 0.689, data_time: 0.373, memory: 22330, decode.loss_seg: 0.0579, decode.acc_seg: 83.1924, aux.loss_seg: 0.0456, aux.acc_seg: 80.9539, loss: 0.1036
2026-04-23 07:23:27,585 - mmseg - INFO - Iter [105050/160000]	lr: 2.733e-06, eta: 13:04:15, time: 0.685, data_time: 0.376, memory: 22330, decode.loss_seg: 0.0543, decode.acc_seg: 83.6825, aux.loss_seg: 0.0429, aux.acc_seg: 81.5964, loss: 0.0972
2026-04-23 07:23:42,864 - mmseg - INFO - Iter [105100/160000]	lr: 2.731e-06, eta: 13:03:17, time: 0.306, data_time: 0.003, memory: 22330, decode.loss_seg: 0.0537, decode.acc_seg: 83.5302, aux.loss_seg: 0.0424, aux.acc_seg: 81.4400, loss: 0.0961
2026-04-23 07:24:16,358 - mmseg - INFO - Iter [105150/160000]	lr: 2.729e-06, eta: 13:02:30, time: 0.670, data_time: 0.339, memory: 22330, decode.loss_seg: 0.0544, decode.acc_seg: 82.3840, aux.loss_seg: 0.0423, aux.acc_seg: 80.3248, loss: 0.0967
2026-04-23 07:24:51,136 - mmseg - INFO - Iter [105200/160000]	lr: 2.726e-06, eta: 13:01:43, time: 0.695, data_time: 0.355, memory: 22330, decode.loss_seg: 0.0550, decode.acc_seg: 85.0936, aux.loss_seg: 0.0432, aux.acc_seg: 82.9765, loss: 0.0982
2026-04-23 07:25:06,504 - mmseg - INFO - Iter [105250/160000]	lr: 2.724e-06, eta: 13:00:46, time: 0.307, data_time: 0.004, memory: 22330, decode.loss_seg: 0.0541, decode.acc_seg: 84.6806, aux.loss_seg: 0.0431, aux.acc_seg: 82.5597, loss: 0.0972
2026-04-23 07:25:41,460 - mmseg - INFO - Iter [105300/160000]	lr: 2.721e-06, eta: 12:59:59, time: 0.699, data_time: 0.343, memory: 22330, decode.loss_seg: 0.0550, decode.acc_seg: 84.2046, aux.loss_seg: 0.0429, aux.acc_seg: 82.1047, loss: 0.0979
2026-04-23 07:26:16,126 - mmseg - INFO - Iter [105350/160000]	lr: 2.719e-06, eta: 12:59:12, time: 0.693, data_time: 0.318, memory: 22330, decode.loss_seg: 0.0518, decode.acc_seg: 83.3391, aux.loss_seg: 0.0418, aux.acc_seg: 81.2000, loss: 0.0936
2026-04-23 07:26:31,477 - mmseg - INFO - Iter [105400/160000]	lr: 2.716e-06, eta: 12:58:15, time: 0.307, data_time: 0.004, memory: 22330, decode.loss_seg: 0.0541, decode.acc_seg: 84.5464, aux.loss_seg: 0.0424, aux.acc_seg: 82.4569, loss: 0.0965
2026-04-23 07:27:06,957 - mmseg - INFO - Iter [105450/160000]	lr: 2.714e-06, eta: 12:57:28, time: 0.710, data_time: 0.340, memory: 22330, decode.loss_seg: 0.0556, decode.acc_seg: 82.5581, aux.loss_seg: 0.0445, aux.acc_seg: 80.3532, loss: 0.1001
2026-04-23 07:27:41,357 - mmseg - INFO - Iter [105500/160000]	lr: 2.711e-06, eta: 12:56:41, time: 0.688, data_time: 0.380, memory: 22330, decode.loss_seg: 0.0539, decode.acc_seg: 83.2532, aux.loss_seg: 0.0428, aux.acc_seg: 81.1691, loss: 0.0967
2026-04-23 07:27:56,698 - mmseg - INFO - Iter [105550/160000]	lr: 2.709e-06, eta: 12:55:44, time: 0.307, data_time: 0.004, memory: 22330, decode.loss_seg: 0.0549, decode.acc_seg: 85.2154, aux.loss_seg: 0.0425, aux.acc_seg: 83.2073, loss: 0.0974
2026-04-23 07:28:31,391 - mmseg - INFO - Iter [105600/160000]	lr: 2.706e-06, eta: 12:54:58, time: 0.694, data_time: 0.369, memory: 22330, decode.loss_seg: 0.0584, decode.acc_seg: 84.6723, aux.loss_seg: 0.0467, aux.acc_seg: 82.3880, loss: 0.1050
2026-04-23 07:29:05,713 - mmseg - INFO - Iter [105650/160000]	lr: 2.704e-06, eta: 12:54:10, time: 0.686, data_time: 0.363, memory: 22330, decode.loss_seg: 0.0558, decode.acc_seg: 83.8394, aux.loss_seg: 0.0436, aux.acc_seg: 81.7424, loss: 0.0995
2026-04-23 07:29:21,086 - mmseg - INFO - Iter [105700/160000]	lr: 2.701e-06, eta: 12:53:14, time: 0.307, data_time: 0.004, memory: 22330, decode.loss_seg: 0.0549, decode.acc_seg: 83.1471, aux.loss_seg: 0.0423, aux.acc_seg: 81.1053, loss: 0.0972
2026-04-23 07:29:55,417 - mmseg - INFO - Iter [105750/160000]	lr: 2.699e-06, eta: 12:52:27, time: 0.687, data_time: 0.332, memory: 22330, decode.loss_seg: 0.0534, decode.acc_seg: 84.0842, aux.loss_seg: 0.0421, aux.acc_seg: 82.0571, loss: 0.0955
2026-04-23 07:30:30,457 - mmseg - INFO - Iter [105800/160000]	lr: 2.696e-06, eta: 12:51:40, time: 0.701, data_time: 0.366, memory: 22330, decode.loss_seg: 0.0522, decode.acc_seg: 82.3538, aux.loss_seg: 0.0416, aux.acc_seg: 80.2873, loss: 0.0939
2026-04-23 07:30:45,802 - mmseg - INFO - Iter [105850/160000]	lr: 2.694e-06, eta: 12:50:43, time: 0.307, data_time: 0.004, memory: 22330, decode.loss_seg: 0.0544, decode.acc_seg: 83.3267, aux.loss_seg: 0.0429, aux.acc_seg: 81.2548, loss: 0.0972
2026-04-23 07:31:21,352 - mmseg - INFO - Iter [105900/160000]	lr: 2.691e-06, eta: 12:49:57, time: 0.711, data_time: 0.314, memory: 22330, decode.loss_seg: 0.0531, decode.acc_seg: 83.1834, aux.loss_seg: 0.0424, aux.acc_seg: 81.1243, loss: 0.0955
2026-04-23 07:31:36,713 - mmseg - INFO - Iter [105950/160000]	lr: 2.689e-06, eta: 12:49:00, time: 0.307, data_time: 0.004, memory: 22330, decode.loss_seg: 0.0537, decode.acc_seg: 82.9602, aux.loss_seg: 0.0435, aux.acc_seg: 80.7535, loss: 0.0972
2026-04-23 07:32:23,356 - mmseg - INFO - per class results:
2026-04-23 07:32:23,356 - mmseg - INFO - 
+------------+-------+-------+
| Class      | IoU   | Acc   |
+------------+-------+-------+
| housing    | 94.16 | 97.15 |
| industrial | 92.49 | 96.04 |
| natural    | 86.16 | 89.84 |
| land_use   | 75.84 | 82.09 |
| water      | 92.57 | 97.21 |
| other      | 97.3  | 98.99 |
+------------+-------+-------+
2026-04-23 07:32:23,356 - mmseg - INFO - Summary:
2026-04-23 07:32:23,356 - mmseg - INFO - 
+--------+-------+-------+-------+
| Scope  | mIoU  | mAcc  | aAcc  |
+--------+-------+-------+-------+
| global | 89.75 | 93.55 | 95.48 |
+--------+-------+-------+-------+
2026-04-23 07:32:23,378 - mmseg - INFO - Exp name: pixel_upernet_itpn_base_12_512_slide_160k_air_polarsar2_amp_linux.py
2026-04-23 07:32:23,378 - mmseg - INFO - Iter [106000/160000]	lr: 2.686e-06, eta: 12:52:52, time: 11.619, data_time: 0.000, memory: 22330, mIoU: 0.8975, mAcc: 0.9355, aAcc: 0.9548
2026-04-23 07:32:58,441 - mmseg - INFO - Iter [106050/160000]	lr: 2.684e-06, eta: 12:52:05, time: 0.701, data_time: 0.392, memory: 22330, decode.loss_seg: 0.0553, decode.acc_seg: 85.1347, aux.loss_seg: 0.0431, aux.acc_seg: 83.0636, loss: 0.0984
2026-04-23 07:33:13,823 - mmseg - INFO - Iter [106100/160000]	lr: 2.681e-06, eta: 12:51:08, time: 0.308, data_time: 0.004, memory: 22330, decode.loss_seg: 0.0574, decode.acc_seg: 83.5017, aux.loss_seg: 0.0440, aux.acc_seg: 81.3976, loss: 0.1013
2026-04-23 07:33:48,801 - mmseg - INFO - Iter [106150/160000]	lr: 2.679e-06, eta: 12:50:21, time: 0.699, data_time: 0.349, memory: 22330, decode.loss_seg: 0.0536, decode.acc_seg: 84.1911, aux.loss_seg: 0.0424, aux.acc_seg: 82.1141, loss: 0.0960
2026-04-23 07:34:23,366 - mmseg - INFO - Iter [106200/160000]	lr: 2.676e-06, eta: 12:49:34, time: 0.691, data_time: 0.355, memory: 22330, decode.loss_seg: 0.0542, decode.acc_seg: 85.0806, aux.loss_seg: 0.0427, aux.acc_seg: 82.9738, loss: 0.0968
2026-04-23 07:34:38,755 - mmseg - INFO - Iter [106250/160000]	lr: 2.674e-06, eta: 12:48:37, time: 0.308, data_time: 0.004, memory: 22330, decode.loss_seg: 0.0516, decode.acc_seg: 83.5561, aux.loss_seg: 0.0410, aux.acc_seg: 81.5100, loss: 0.0926
2026-04-23 07:35:10,947 - mmseg - INFO - Iter [106300/160000]	lr: 2.671e-06, eta: 12:47:49, time: 0.644, data_time: 0.321, memory: 22330, decode.loss_seg: 0.0541, decode.acc_seg: 82.9103, aux.loss_seg: 0.0420, aux.acc_seg: 80.8622, loss: 0.0961
2026-04-23 07:35:43,738 - mmseg - INFO - Iter [106350/160000]	lr: 2.669e-06, eta: 12:47:01, time: 0.656, data_time: 0.334, memory: 22330, decode.loss_seg: 0.0541, decode.acc_seg: 84.2129, aux.loss_seg: 0.0425, aux.acc_seg: 82.1576, loss: 0.0965
2026-04-23 07:35:59,108 - mmseg - INFO - Iter [106400/160000]	lr: 2.666e-06, eta: 12:46:04, time: 0.307, data_time: 0.003, memory: 22330, decode.loss_seg: 0.0555, decode.acc_seg: 84.5881, aux.loss_seg: 0.0437, aux.acc_seg: 82.4267, loss: 0.0992
2026-04-23 07:36:32,578 - mmseg - INFO - Iter [106450/160000]	lr: 2.664e-06, eta: 12:45:16, time: 0.669, data_time: 0.341, memory: 22330, decode.loss_seg: 0.0527, decode.acc_seg: 84.9691, aux.loss_seg: 0.0418, aux.acc_seg: 82.8832, loss: 0.0945
2026-04-23 07:37:05,810 - mmseg - INFO - Iter [106500/160000]	lr: 2.661e-06, eta: 12:44:29, time: 0.665, data_time: 0.296, memory: 22330, decode.loss_seg: 0.0570, decode.acc_seg: 84.5200, aux.loss_seg: 0.0442, aux.acc_seg: 82.4039, loss: 0.1012
2026-04-23 07:37:21,100 - mmseg - INFO - Iter [106550/160000]	lr: 2.659e-06, eta: 12:43:32, time: 0.306, data_time: 0.003, memory: 22330, decode.loss_seg: 0.0531, decode.acc_seg: 82.9636, aux.loss_seg: 0.0428, aux.acc_seg: 80.8240, loss: 0.0959
2026-04-23 07:37:54,196 - mmseg - INFO - Iter [106600/160000]	lr: 2.656e-06, eta: 12:42:44, time: 0.662, data_time: 0.324, memory: 22330, decode.loss_seg: 0.0536, decode.acc_seg: 83.7042, aux.loss_seg: 0.0426, aux.acc_seg: 81.5860, loss: 0.0962
2026-04-23 07:38:27,549 - mmseg - INFO - Iter [106650/160000]	lr: 2.654e-06, eta: 12:41:57, time: 0.667, data_time: 0.326, memory: 22330, decode.loss_seg: 0.0555, decode.acc_seg: 84.4943, aux.loss_seg: 0.0453, aux.acc_seg: 82.2107, loss: 0.1008
2026-04-23 07:38:42,902 - mmseg - INFO - Iter [106700/160000]	lr: 2.651e-06, eta: 12:41:00, time: 0.307, data_time: 0.003, memory: 22330, decode.loss_seg: 0.0526, decode.acc_seg: 83.1983, aux.loss_seg: 0.0411, aux.acc_seg: 81.1679, loss: 0.0937
2026-04-23 07:39:17,498 - mmseg - INFO - Iter [106750/160000]	lr: 2.649e-06, eta: 12:40:13, time: 0.692, data_time: 0.323, memory: 22330, decode.loss_seg: 0.0533, decode.acc_seg: 83.8041, aux.loss_seg: 0.0418, aux.acc_seg: 81.7830, loss: 0.0950
2026-04-23 07:39:52,337 - mmseg - INFO - Iter [106800/160000]	lr: 2.646e-06, eta: 12:39:26, time: 0.697, data_time: 0.372, memory: 22330, decode.loss_seg: 0.0531, decode.acc_seg: 83.2835, aux.loss_seg: 0.0420, aux.acc_seg: 81.2070, loss: 0.0951
2026-04-23 07:40:07,495 - mmseg - INFO - Iter [106850/160000]	lr: 2.644e-06, eta: 12:38:30, time: 0.303, data_time: 0.003, memory: 22330, decode.loss_seg: 0.0531, decode.acc_seg: 83.4432, aux.loss_seg: 0.0415, aux.acc_seg: 81.4275, loss: 0.0947
2026-04-23 07:40:41,786 - mmseg - INFO - Iter [106900/160000]	lr: 2.641e-06, eta: 12:37:43, time: 0.686, data_time: 0.373, memory: 22330, decode.loss_seg: 0.0545, decode.acc_seg: 84.0017, aux.loss_seg: 0.0435, aux.acc_seg: 81.8551, loss: 0.0980
2026-04-23 07:40:57,128 - mmseg - INFO - Iter [106950/160000]	lr: 2.639e-06, eta: 12:36:46, time: 0.307, data_time: 0.004, memory: 22330, decode.loss_seg: 0.0511, decode.acc_seg: 83.4093, aux.loss_seg: 0.0404, aux.acc_seg: 81.4010, loss: 0.0916
2026-04-23 07:41:31,599 - mmseg - INFO - Exp name: pixel_upernet_itpn_base_12_512_slide_160k_air_polarsar2_amp_linux.py
2026-04-23 07:41:31,599 - mmseg - INFO - Iter [107000/160000]	lr: 2.636e-06, eta: 12:35:59, time: 0.689, data_time: 0.379, memory: 22330, decode.loss_seg: 0.0534, decode.acc_seg: 84.0650, aux.loss_seg: 0.0419, aux.acc_seg: 82.0086, loss: 0.0954
2026-04-23 07:42:07,205 - mmseg - INFO - Iter [107050/160000]	lr: 2.634e-06, eta: 12:35:13, time: 0.712, data_time: 0.399, memory: 22330, decode.loss_seg: 0.0537, decode.acc_seg: 83.6882, aux.loss_seg: 0.0424, aux.acc_seg: 81.6376, loss: 0.0961
2026-04-23 07:42:22,569 - mmseg - INFO - Iter [107100/160000]	lr: 2.632e-06, eta: 12:34:17, time: 0.307, data_time: 0.004, memory: 22330, decode.loss_seg: 0.0526, decode.acc_seg: 83.3973, aux.loss_seg: 0.0415, aux.acc_seg: 81.3422, loss: 0.0941
2026-04-23 07:42:57,262 - mmseg - INFO - Iter [107150/160000]	lr: 2.629e-06, eta: 12:33:30, time: 0.694, data_time: 0.370, memory: 22330, decode.loss_seg: 0.0522, decode.acc_seg: 84.4044, aux.loss_seg: 0.0425, aux.acc_seg: 82.2537, loss: 0.0947
2026-04-23 07:43:32,274 - mmseg - INFO - Iter [107200/160000]	lr: 2.627e-06, eta: 12:32:43, time: 0.700, data_time: 0.397, memory: 22330, decode.loss_seg: 0.0537, decode.acc_seg: 82.7779, aux.loss_seg: 0.0415, aux.acc_seg: 80.7524, loss: 0.0952
2026-04-23 07:43:47,682 - mmseg - INFO - Iter [107250/160000]	lr: 2.624e-06, eta: 12:31:47, time: 0.308, data_time: 0.004, memory: 22330, decode.loss_seg: 0.0527, decode.acc_seg: 83.6872, aux.loss_seg: 0.0417, aux.acc_seg: 81.6302, loss: 0.0944
2026-04-23 07:44:20,727 - mmseg - INFO - Iter [107300/160000]	lr: 2.622e-06, eta: 12:30:59, time: 0.661, data_time: 0.316, memory: 22330, decode.loss_seg: 0.0545, decode.acc_seg: 83.6813, aux.loss_seg: 0.0427, aux.acc_seg: 81.6120, loss: 0.0972
2026-04-23 07:44:54,475 - mmseg - INFO - Iter [107350/160000]	lr: 2.619e-06, eta: 12:30:12, time: 0.675, data_time: 0.334, memory: 22330, decode.loss_seg: 0.0541, decode.acc_seg: 83.5552, aux.loss_seg: 0.0418, aux.acc_seg: 81.5479, loss: 0.0959
2026-04-23 07:45:09,887 - mmseg - INFO - Iter [107400/160000]	lr: 2.617e-06, eta: 12:29:16, time: 0.308, data_time: 0.004, memory: 22330, decode.loss_seg: 0.0541, decode.acc_seg: 83.7247, aux.loss_seg: 0.0421, aux.acc_seg: 81.6558, loss: 0.0963
2026-04-23 07:45:44,688 - mmseg - INFO - Iter [107450/160000]	lr: 2.614e-06, eta: 12:28:30, time: 0.696, data_time: 0.346, memory: 22330, decode.loss_seg: 0.0516, decode.acc_seg: 82.3188, aux.loss_seg: 0.0399, aux.acc_seg: 80.3803, loss: 0.0914
2026-04-23 07:46:20,480 - mmseg - INFO - Iter [107500/160000]	lr: 2.612e-06, eta: 12:27:43, time: 0.716, data_time: 0.412, memory: 22330, decode.loss_seg: 0.0541, decode.acc_seg: 83.0064, aux.loss_seg: 0.0420, aux.acc_seg: 80.9490, loss: 0.0961
2026-04-23 07:46:35,942 - mmseg - INFO - Iter [107550/160000]	lr: 2.609e-06, eta: 12:26:47, time: 0.309, data_time: 0.004, memory: 22330, decode.loss_seg: 0.0523, decode.acc_seg: 83.1633, aux.loss_seg: 0.0413, aux.acc_seg: 81.1477, loss: 0.0936
2026-04-23 07:47:11,918 - mmseg - INFO - Iter [107600/160000]	lr: 2.607e-06, eta: 12:26:01, time: 0.719, data_time: 0.393, memory: 22330, decode.loss_seg: 0.0543, decode.acc_seg: 83.1756, aux.loss_seg: 0.0433, aux.acc_seg: 81.0153, loss: 0.0976
2026-04-23 07:47:46,978 - mmseg - INFO - Iter [107650/160000]	lr: 2.604e-06, eta: 12:25:15, time: 0.701, data_time: 0.361, memory: 22330, decode.loss_seg: 0.0550, decode.acc_seg: 83.7842, aux.loss_seg: 0.0432, aux.acc_seg: 81.6686, loss: 0.0981
2026-04-23 07:48:02,329 - mmseg - INFO - Iter [107700/160000]	lr: 2.602e-06, eta: 12:24:19, time: 0.307, data_time: 0.004, memory: 22330, decode.loss_seg: 0.0548, decode.acc_seg: 84.2499, aux.loss_seg: 0.0460, aux.acc_seg: 81.9000, loss: 0.1008
2026-04-23 07:48:37,449 - mmseg - INFO - Iter [107750/160000]	lr: 2.599e-06, eta: 12:23:33, time: 0.703, data_time: 0.386, memory: 22330, decode.loss_seg: 0.0559, decode.acc_seg: 84.2518, aux.loss_seg: 0.0438, aux.acc_seg: 82.1294, loss: 0.0997
2026-04-23 07:48:52,773 - mmseg - INFO - Iter [107800/160000]	lr: 2.597e-06, eta: 12:22:37, time: 0.306, data_time: 0.005, memory: 22330, decode.loss_seg: 0.0527, decode.acc_seg: 84.0149, aux.loss_seg: 0.0421, aux.acc_seg: 81.9309, loss: 0.0947
2026-04-23 07:49:27,428 - mmseg - INFO - Iter [107850/160000]	lr: 2.594e-06, eta: 12:21:50, time: 0.693, data_time: 0.379, memory: 22330, decode.loss_seg: 0.0527, decode.acc_seg: 83.2036, aux.loss_seg: 0.0413, aux.acc_seg: 81.1730, loss: 0.0941
2026-04-23 07:50:01,761 - mmseg - INFO - Iter [107900/160000]	lr: 2.592e-06, eta: 12:21:03, time: 0.687, data_time: 0.378, memory: 22330, decode.loss_seg: 0.0533, decode.acc_seg: 84.2629, aux.loss_seg: 0.0418, aux.acc_seg: 82.2228, loss: 0.0951
2026-04-23 07:50:17,168 - mmseg - INFO - Iter [107950/160000]	lr: 2.589e-06, eta: 12:20:08, time: 0.308, data_time: 0.004, memory: 22330, decode.loss_seg: 0.0525, decode.acc_seg: 82.9876, aux.loss_seg: 0.0415, aux.acc_seg: 80.9028, loss: 0.0941
2026-04-23 07:51:04,091 - mmseg - INFO - per class results:
2026-04-23 07:51:04,091 - mmseg - INFO - 
+------------+-------+-------+
| Class      | IoU   | Acc   |
+------------+-------+-------+
| housing    | 94.22 | 97.5  |
| industrial | 92.6  | 96.22 |
| natural    | 86.32 | 90.08 |
| land_use   | 75.11 | 80.48 |
| water      | 92.58 | 97.26 |
| other      | 97.24 | 98.96 |
+------------+-------+-------+
2026-04-23 07:51:04,091 - mmseg - INFO - Summary:
2026-04-23 07:51:04,092 - mmseg - INFO - 
+--------+-------+-------+-------+
| Scope  | mIoU  | mAcc  | aAcc  |
+--------+-------+-------+-------+
| global | 89.68 | 93.42 | 95.48 |
+--------+-------+-------+-------+
2026-04-23 07:51:04,115 - mmseg - INFO - Exp name: pixel_upernet_itpn_base_12_512_slide_160k_air_polarsar2_amp_linux.py
2026-04-23 07:51:04,116 - mmseg - INFO - Iter [108000/160000]	lr: 2.587e-06, eta: 12:23:50, time: 11.855, data_time: 0.000, memory: 22330, mIoU: 0.8968, mAcc: 0.9342, aAcc: 0.9548
2026-04-23 07:51:38,259 - mmseg - INFO - Iter [108050/160000]	lr: 2.584e-06, eta: 12:23:03, time: 0.683, data_time: 0.365, memory: 22330, decode.loss_seg: 0.0544, decode.acc_seg: 84.3344, aux.loss_seg: 0.0432, aux.acc_seg: 82.2168, loss: 0.0976
2026-04-23 07:51:53,540 - mmseg - INFO - Iter [108100/160000]	lr: 2.582e-06, eta: 12:22:06, time: 0.305, data_time: 0.004, memory: 22330, decode.loss_seg: 0.0528, decode.acc_seg: 84.4471, aux.loss_seg: 0.0411, aux.acc_seg: 82.4508, loss: 0.0939
2026-04-23 07:52:29,212 - mmseg - INFO - Iter [108150/160000]	lr: 2.579e-06, eta: 12:21:20, time: 0.714, data_time: 0.356, memory: 22330, decode.loss_seg: 0.0547, decode.acc_seg: 83.4487, aux.loss_seg: 0.0429, aux.acc_seg: 81.3664, loss: 0.0976
2026-04-23 07:53:03,033 - mmseg - INFO - Iter [108200/160000]	lr: 2.577e-06, eta: 12:20:33, time: 0.676, data_time: 0.368, memory: 22330, decode.loss_seg: 0.0534, decode.acc_seg: 85.1071, aux.loss_seg: 0.0423, aux.acc_seg: 83.0431, loss: 0.0957
2026-04-23 07:53:18,389 - mmseg - INFO - Iter [108250/160000]	lr: 2.574e-06, eta: 12:19:37, time: 0.307, data_time: 0.003, memory: 22330, decode.loss_seg: 0.0534, decode.acc_seg: 84.9729, aux.loss_seg: 0.0429, aux.acc_seg: 82.8898, loss: 0.0963
2026-04-23 07:53:53,030 - mmseg - INFO - Iter [108300/160000]	lr: 2.572e-06, eta: 12:18:50, time: 0.693, data_time: 0.310, memory: 22330, decode.loss_seg: 0.0548, decode.acc_seg: 84.1772, aux.loss_seg: 0.0446, aux.acc_seg: 81.9308, loss: 0.0994
2026-04-23 07:54:25,272 - mmseg - INFO - Iter [108350/160000]	lr: 2.569e-06, eta: 12:18:02, time: 0.645, data_time: 0.328, memory: 22330, decode.loss_seg: 0.0520, decode.acc_seg: 84.5472, aux.loss_seg: 0.0411, aux.acc_seg: 82.5492, loss: 0.0931
2026-04-23 07:54:40,659 - mmseg - INFO - Iter [108400/160000]	lr: 2.567e-06, eta: 12:17:06, time: 0.308, data_time: 0.004, memory: 22330, decode.loss_seg: 0.0529, decode.acc_seg: 83.3615, aux.loss_seg: 0.0414, aux.acc_seg: 81.3177, loss: 0.0943
2026-04-23 07:55:13,347 - mmseg - INFO - Iter [108450/160000]	lr: 2.564e-06, eta: 12:16:18, time: 0.654, data_time: 0.343, memory: 22330, decode.loss_seg: 0.0547, decode.acc_seg: 83.3256, aux.loss_seg: 0.0424, aux.acc_seg: 81.2761, loss: 0.0972
2026-04-23 07:55:45,740 - mmseg - INFO - Iter [108500/160000]	lr: 2.562e-06, eta: 12:15:31, time: 0.648, data_time: 0.330, memory: 22330, decode.loss_seg: 0.0541, decode.acc_seg: 83.0501, aux.loss_seg: 0.0425, aux.acc_seg: 80.9790, loss: 0.0966
2026-04-23 07:56:01,039 - mmseg - INFO - Iter [108550/160000]	lr: 2.559e-06, eta: 12:14:35, time: 0.306, data_time: 0.004, memory: 22330, decode.loss_seg: 0.0537, decode.acc_seg: 83.9081, aux.loss_seg: 0.0425, aux.acc_seg: 81.7938, loss: 0.0962
2026-04-23 07:56:34,669 - mmseg - INFO - Iter [108600/160000]	lr: 2.557e-06, eta: 12:13:47, time: 0.673, data_time: 0.342, memory: 22330, decode.loss_seg: 0.0520, decode.acc_seg: 83.0305, aux.loss_seg: 0.0412, aux.acc_seg: 80.9802, loss: 0.0932
2026-04-23 07:57:07,770 - mmseg - INFO - Iter [108650/160000]	lr: 2.554e-06, eta: 12:13:00, time: 0.662, data_time: 0.313, memory: 22330, decode.loss_seg: 0.0540, decode.acc_seg: 83.8292, aux.loss_seg: 0.0425, aux.acc_seg: 81.7224, loss: 0.0965
2026-04-23 07:57:23,118 - mmseg - INFO - Iter [108700/160000]	lr: 2.552e-06, eta: 12:12:04, time: 0.307, data_time: 0.004, memory: 22330, decode.loss_seg: 0.0526, decode.acc_seg: 83.4432, aux.loss_seg: 0.0412, aux.acc_seg: 81.4313, loss: 0.0938
2026-04-23 07:57:56,775 - mmseg - INFO - Iter [108750/160000]	lr: 2.549e-06, eta: 12:11:17, time: 0.673, data_time: 0.337, memory: 22330, decode.loss_seg: 0.0532, decode.acc_seg: 84.1024, aux.loss_seg: 0.0420, aux.acc_seg: 82.0350, loss: 0.0952
2026-04-23 07:58:12,120 - mmseg - INFO - Iter [108800/160000]	lr: 2.547e-06, eta: 12:10:21, time: 0.307, data_time: 0.004, memory: 22330, decode.loss_seg: 0.0531, decode.acc_seg: 85.0327, aux.loss_seg: 0.0421, aux.acc_seg: 82.9562, loss: 0.0953
2026-04-23 07:58:45,294 - mmseg - INFO - Iter [108850/160000]	lr: 2.544e-06, eta: 12:09:34, time: 0.663, data_time: 0.354, memory: 22330, decode.loss_seg: 0.0521, decode.acc_seg: 82.6886, aux.loss_seg: 0.0410, aux.acc_seg: 80.6598, loss: 0.0932
2026-04-23 07:59:20,284 - mmseg - INFO - Iter [108900/160000]	lr: 2.542e-06, eta: 12:08:48, time: 0.700, data_time: 0.343, memory: 22330, decode.loss_seg: 0.0532, decode.acc_seg: 84.8079, aux.loss_seg: 0.0422, aux.acc_seg: 82.7105, loss: 0.0954
2026-04-23 07:59:35,614 - mmseg - INFO - Iter [108950/160000]	lr: 2.539e-06, eta: 12:07:52, time: 0.307, data_time: 0.004, memory: 22330, decode.loss_seg: 0.0563, decode.acc_seg: 84.3123, aux.loss_seg: 0.0440, aux.acc_seg: 82.1725, loss: 0.1003
2026-04-23 08:00:10,373 - mmseg - INFO - Exp name: pixel_upernet_itpn_base_12_512_slide_160k_air_polarsar2_amp_linux.py
2026-04-23 08:00:10,373 - mmseg - INFO - Iter [109000/160000]	lr: 2.537e-06, eta: 12:07:05, time: 0.695, data_time: 0.388, memory: 22330, decode.loss_seg: 0.0556, decode.acc_seg: 85.0889, aux.loss_seg: 0.0436, aux.acc_seg: 82.9347, loss: 0.0992
2026-04-23 08:00:44,999 - mmseg - INFO - Iter [109050/160000]	lr: 2.535e-06, eta: 12:06:19, time: 0.692, data_time: 0.327, memory: 22330, decode.loss_seg: 0.0532, decode.acc_seg: 83.4841, aux.loss_seg: 0.0422, aux.acc_seg: 81.3834, loss: 0.0954
2026-04-23 08:01:00,374 - mmseg - INFO - Iter [109100/160000]	lr: 2.532e-06, eta: 12:05:23, time: 0.308, data_time: 0.004, memory: 22330, decode.loss_seg: 0.0543, decode.acc_seg: 84.5748, aux.loss_seg: 0.0422, aux.acc_seg: 82.5314, loss: 0.0966
2026-04-23 08:01:35,558 - mmseg - INFO - Iter [109150/160000]	lr: 2.530e-06, eta: 12:04:37, time: 0.704, data_time: 0.359, memory: 22330, decode.loss_seg: 0.0524, decode.acc_seg: 84.2546, aux.loss_seg: 0.0421, aux.acc_seg: 82.1675, loss: 0.0945
2026-04-23 08:02:09,892 - mmseg - INFO - Iter [109200/160000]	lr: 2.527e-06, eta: 12:03:50, time: 0.687, data_time: 0.332, memory: 22330, decode.loss_seg: 0.0540, decode.acc_seg: 83.8527, aux.loss_seg: 0.0423, aux.acc_seg: 81.7878, loss: 0.0963
2026-04-23 08:02:25,225 - mmseg - INFO - Iter [109250/160000]	lr: 2.525e-06, eta: 12:02:55, time: 0.307, data_time: 0.004, memory: 22330, decode.loss_seg: 0.0553, decode.acc_seg: 83.7401, aux.loss_seg: 0.0431, aux.acc_seg: 81.6769, loss: 0.0984
2026-04-23 08:02:58,809 - mmseg - INFO - Iter [109300/160000]	lr: 2.522e-06, eta: 12:02:08, time: 0.672, data_time: 0.337, memory: 22330, decode.loss_seg: 0.0535, decode.acc_seg: 82.9555, aux.loss_seg: 0.0423, aux.acc_seg: 80.8983, loss: 0.0958
2026-04-23 08:03:31,081 - mmseg - INFO - Iter [109350/160000]	lr: 2.520e-06, eta: 12:01:20, time: 0.646, data_time: 0.302, memory: 22330, decode.loss_seg: 0.0534, decode.acc_seg: 83.5071, aux.loss_seg: 0.0422, aux.acc_seg: 81.4343, loss: 0.0956
2026-04-23 08:03:46,429 - mmseg - INFO - Iter [109400/160000]	lr: 2.517e-06, eta: 12:00:25, time: 0.307, data_time: 0.003, memory: 22330, decode.loss_seg: 0.0526, decode.acc_seg: 84.5936, aux.loss_seg: 0.0435, aux.acc_seg: 82.3760, loss: 0.0961
2026-04-23 08:04:19,429 - mmseg - INFO - Iter [109450/160000]	lr: 2.515e-06, eta: 11:59:38, time: 0.660, data_time: 0.353, memory: 22330, decode.loss_seg: 0.0541, decode.acc_seg: 83.1981, aux.loss_seg: 0.0429, aux.acc_seg: 81.0976, loss: 0.0970
2026-04-23 08:04:53,052 - mmseg - INFO - Iter [109500/160000]	lr: 2.512e-06, eta: 11:58:51, time: 0.672, data_time: 0.326, memory: 22330, decode.loss_seg: 0.0537, decode.acc_seg: 84.0016, aux.loss_seg: 0.0439, aux.acc_seg: 81.8140, loss: 0.0976
2026-04-23 08:05:08,385 - mmseg - INFO - Iter [109550/160000]	lr: 2.510e-06, eta: 11:57:56, time: 0.307, data_time: 0.004, memory: 22330, decode.loss_seg: 0.0538, decode.acc_seg: 82.0865, aux.loss_seg: 0.0423, aux.acc_seg: 80.0107, loss: 0.0961
2026-04-23 08:05:43,495 - mmseg - INFO - Iter [109600/160000]	lr: 2.507e-06, eta: 11:57:09, time: 0.702, data_time: 0.376, memory: 22330, decode.loss_seg: 0.0564, decode.acc_seg: 83.7846, aux.loss_seg: 0.0427, aux.acc_seg: 81.7202, loss: 0.0991
2026-04-23 08:06:18,019 - mmseg - INFO - Iter [109650/160000]	lr: 2.505e-06, eta: 11:56:23, time: 0.690, data_time: 0.315, memory: 22330, decode.loss_seg: 0.0533, decode.acc_seg: 83.3381, aux.loss_seg: 0.0415, aux.acc_seg: 81.3248, loss: 0.0948
2026-04-23 08:06:33,378 - mmseg - INFO - Iter [109700/160000]	lr: 2.502e-06, eta: 11:55:28, time: 0.307, data_time: 0.004, memory: 22330, decode.loss_seg: 0.0544, decode.acc_seg: 83.7042, aux.loss_seg: 0.0432, aux.acc_seg: 81.5984, loss: 0.0976
2026-04-23 08:07:08,683 - mmseg - INFO - Iter [109750/160000]	lr: 2.500e-06, eta: 11:54:42, time: 0.706, data_time: 0.359, memory: 22330, decode.loss_seg: 0.0519, decode.acc_seg: 85.1802, aux.loss_seg: 0.0411, aux.acc_seg: 83.1782, loss: 0.0930
2026-04-23 08:07:24,070 - mmseg - INFO - Iter [109800/160000]	lr: 2.497e-06, eta: 11:53:47, time: 0.308, data_time: 0.004, memory: 22330, decode.loss_seg: 0.0534, decode.acc_seg: 83.7476, aux.loss_seg: 0.0428, aux.acc_seg: 81.6170, loss: 0.0962
2026-04-23 08:07:57,227 - mmseg - INFO - Iter [109850/160000]	lr: 2.495e-06, eta: 11:53:00, time: 0.663, data_time: 0.358, memory: 22330, decode.loss_seg: 0.0540, decode.acc_seg: 84.3088, aux.loss_seg: 0.0428, aux.acc_seg: 82.1618, loss: 0.0968
2026-04-23 08:08:31,621 - mmseg - INFO - Iter [109900/160000]	lr: 2.492e-06, eta: 11:52:13, time: 0.688, data_time: 0.351, memory: 22330, decode.loss_seg: 0.0527, decode.acc_seg: 83.3582, aux.loss_seg: 0.0411, aux.acc_seg: 81.3620, loss: 0.0938
2026-04-23 08:08:46,971 - mmseg - INFO - Iter [109950/160000]	lr: 2.490e-06, eta: 11:51:18, time: 0.307, data_time: 0.004, memory: 22330, decode.loss_seg: 0.0531, decode.acc_seg: 83.4981, aux.loss_seg: 0.0424, aux.acc_seg: 81.3753, loss: 0.0955
2026-04-23 08:09:30,935 - mmseg - INFO - per class results:
2026-04-23 08:09:30,936 - mmseg - INFO - 
+------------+-------+-------+
| Class      | IoU   | Acc   |
+------------+-------+-------+
| housing    | 94.33 | 97.56 |
| industrial | 92.7  | 96.05 |
| natural    | 86.41 | 89.65 |
| land_use   | 76.77 | 84.51 |
| water      | 92.69 | 96.87 |
| other      | 97.07 | 99.22 |
+------------+-------+-------+
2026-04-23 08:09:30,936 - mmseg - INFO - Summary:
2026-04-23 08:09:30,936 - mmseg - INFO - 
+--------+------+-------+-------+
| Scope  | mIoU | mAcc  | aAcc  |
+--------+------+-------+-------+
| global | 90.0 | 93.98 | 95.58 |
+--------+------+-------+-------+
2026-04-23 08:09:30,958 - mmseg - INFO - Exp name: pixel_upernet_itpn_base_12_512_slide_160k_air_polarsar2_amp_linux.py
2026-04-23 08:09:30,958 - mmseg - INFO - Iter [110000/160000]	lr: 2.487e-06, eta: 11:54:37, time: 11.497, data_time: 0.000, memory: 22330, mIoU: 0.9000, mAcc: 0.9398, aAcc: 0.9558
2026-04-23 08:10:05,368 - mmseg - INFO - Iter [110050/160000]	lr: 2.485e-06, eta: 11:53:51, time: 0.688, data_time: 0.319, memory: 22330, decode.loss_seg: 0.0506, decode.acc_seg: 83.1286, aux.loss_seg: 0.0399, aux.acc_seg: 81.1368, loss: 0.0905
2026-04-23 08:10:20,705 - mmseg - INFO - Iter [110100/160000]	lr: 2.482e-06, eta: 11:52:55, time: 0.307, data_time: 0.004, memory: 22330, decode.loss_seg: 0.0536, decode.acc_seg: 83.2671, aux.loss_seg: 0.0426, aux.acc_seg: 81.1500, loss: 0.0962
2026-04-23 08:10:53,343 - mmseg - INFO - Iter [110150/160000]	lr: 2.480e-06, eta: 11:52:08, time: 0.653, data_time: 0.329, memory: 22330, decode.loss_seg: 0.0534, decode.acc_seg: 83.5120, aux.loss_seg: 0.0423, aux.acc_seg: 81.4391, loss: 0.0958
2026-04-23 08:11:26,571 - mmseg - INFO - Iter [110200/160000]	lr: 2.477e-06, eta: 11:51:21, time: 0.665, data_time: 0.336, memory: 22330, decode.loss_seg: 0.0541, decode.acc_seg: 83.0261, aux.loss_seg: 0.0462, aux.acc_seg: 80.6315, loss: 0.1003
2026-04-23 08:11:41,858 - mmseg - INFO - Iter [110250/160000]	lr: 2.475e-06, eta: 11:50:25, time: 0.306, data_time: 0.004, memory: 22330, decode.loss_seg: 0.0535, decode.acc_seg: 83.9348, aux.loss_seg: 0.0420, aux.acc_seg: 81.9171, loss: 0.0956
2026-04-23 08:12:15,892 - mmseg - INFO - Iter [110300/160000]	lr: 2.472e-06, eta: 11:49:38, time: 0.681, data_time: 0.362, memory: 22330, decode.loss_seg: 0.0522, decode.acc_seg: 84.8584, aux.loss_seg: 0.0414, aux.acc_seg: 82.8276, loss: 0.0936
2026-04-23 08:12:51,373 - mmseg - INFO - Iter [110350/160000]	lr: 2.470e-06, eta: 11:48:52, time: 0.710, data_time: 0.328, memory: 22330, decode.loss_seg: 0.0520, decode.acc_seg: 83.7537, aux.loss_seg: 0.0412, aux.acc_seg: 81.7202, loss: 0.0932
2026-04-23 08:13:06,722 - mmseg - INFO - Iter [110400/160000]	lr: 2.467e-06, eta: 11:47:57, time: 0.307, data_time: 0.003, memory: 22330, decode.loss_seg: 0.0530, decode.acc_seg: 83.5546, aux.loss_seg: 0.0419, aux.acc_seg: 81.4903, loss: 0.0948
2026-04-23 08:13:42,010 - mmseg - INFO - Iter [110450/160000]	lr: 2.465e-06, eta: 11:47:11, time: 0.706, data_time: 0.383, memory: 22330, decode.loss_seg: 0.0542, decode.acc_seg: 84.4397, aux.loss_seg: 0.0433, aux.acc_seg: 82.3580, loss: 0.0975
2026-04-23 08:14:16,289 - mmseg - INFO - Iter [110500/160000]	lr: 2.462e-06, eta: 11:46:24, time: 0.686, data_time: 0.357, memory: 22330, decode.loss_seg: 0.0511, decode.acc_seg: 83.4416, aux.loss_seg: 0.0403, aux.acc_seg: 81.4557, loss: 0.0915
2026-04-23 08:14:31,703 - mmseg - INFO - Iter [110550/160000]	lr: 2.460e-06, eta: 11:45:29, time: 0.308, data_time: 0.003, memory: 22330, decode.loss_seg: 0.0499, decode.acc_seg: 83.3423, aux.loss_seg: 0.0395, aux.acc_seg: 81.3762, loss: 0.0894
2026-04-23 08:15:05,401 - mmseg - INFO - Iter [110600/160000]	lr: 2.457e-06, eta: 11:44:42, time: 0.674, data_time: 0.330, memory: 22330, decode.loss_seg: 0.0603, decode.acc_seg: 84.7029, aux.loss_seg: 0.0469, aux.acc_seg: 82.6367, loss: 0.1072
2026-04-23 08:15:39,058 - mmseg - INFO - Iter [110650/160000]	lr: 2.455e-06, eta: 11:43:55, time: 0.673, data_time: 0.341, memory: 22330, decode.loss_seg: 0.0520, decode.acc_seg: 84.7416, aux.loss_seg: 0.0412, aux.acc_seg: 82.7153, loss: 0.0932
2026-04-23 08:15:54,474 - mmseg - INFO - Iter [110700/160000]	lr: 2.452e-06, eta: 11:43:01, time: 0.308, data_time: 0.004, memory: 22330, decode.loss_seg: 0.0544, decode.acc_seg: 85.3257, aux.loss_seg: 0.0438, aux.acc_seg: 83.1581, loss: 0.0982
2026-04-23 08:16:28,471 - mmseg - INFO - Iter [110750/160000]	lr: 2.450e-06, eta: 11:42:14, time: 0.680, data_time: 0.325, memory: 22330, decode.loss_seg: 0.0514, decode.acc_seg: 83.0050, aux.loss_seg: 0.0406, aux.acc_seg: 80.9862, loss: 0.0920
2026-04-23 08:16:43,810 - mmseg - INFO - Iter [110800/160000]	lr: 2.447e-06, eta: 11:41:19, time: 0.307, data_time: 0.004, memory: 22330, decode.loss_seg: 0.0537, decode.acc_seg: 85.2513, aux.loss_seg: 0.0425, aux.acc_seg: 83.1702, loss: 0.0962
2026-04-23 08:17:17,933 - mmseg - INFO - Iter [110850/160000]	lr: 2.445e-06, eta: 11:40:32, time: 0.682, data_time: 0.380, memory: 22330, decode.loss_seg: 0.0537, decode.acc_seg: 83.8142, aux.loss_seg: 0.0456, aux.acc_seg: 81.4153, loss: 0.0993
2026-04-23 08:17:51,534 - mmseg - INFO - Iter [110900/160000]	lr: 2.442e-06, eta: 11:39:45, time: 0.672, data_time: 0.369, memory: 22330, decode.loss_seg: 0.0528, decode.acc_seg: 84.6556, aux.loss_seg: 0.0417, aux.acc_seg: 82.5999, loss: 0.0945
2026-04-23 08:18:06,905 - mmseg - INFO - Iter [110950/160000]	lr: 2.440e-06, eta: 11:38:51, time: 0.308, data_time: 0.004, memory: 22330, decode.loss_seg: 0.0518, decode.acc_seg: 84.1577, aux.loss_seg: 0.0410, aux.acc_seg: 82.1445, loss: 0.0928
2026-04-23 08:18:41,553 - mmseg - INFO - Exp name: pixel_upernet_itpn_base_12_512_slide_160k_air_polarsar2_amp_linux.py
2026-04-23 08:18:41,553 - mmseg - INFO - Iter [111000/160000]	lr: 2.438e-06, eta: 11:38:04, time: 0.693, data_time: 0.381, memory: 22330, decode.loss_seg: 0.0520, decode.acc_seg: 84.9482, aux.loss_seg: 0.0416, aux.acc_seg: 82.8825, loss: 0.0936
2026-04-23 08:19:16,282 - mmseg - INFO - Iter [111050/160000]	lr: 2.435e-06, eta: 11:37:18, time: 0.694, data_time: 0.385, memory: 22330, decode.loss_seg: 0.0528, decode.acc_seg: 83.5789, aux.loss_seg: 0.0419, aux.acc_seg: 81.5134, loss: 0.0947
2026-04-23 08:19:31,642 - mmseg - INFO - Iter [111100/160000]	lr: 2.433e-06, eta: 11:36:23, time: 0.307, data_time: 0.004, memory: 22330, decode.loss_seg: 0.0509, decode.acc_seg: 84.5252, aux.loss_seg: 0.0413, aux.acc_seg: 82.4336, loss: 0.0923
2026-04-23 08:20:07,476 - mmseg - INFO - Iter [111150/160000]	lr: 2.430e-06, eta: 11:35:37, time: 0.717, data_time: 0.386, memory: 22330, decode.loss_seg: 0.0509, decode.acc_seg: 85.0039, aux.loss_seg: 0.0401, aux.acc_seg: 83.0455, loss: 0.0910
2026-04-23 08:20:42,816 - mmseg - INFO - Iter [111200/160000]	lr: 2.428e-06, eta: 11:34:52, time: 0.707, data_time: 0.344, memory: 22330, decode.loss_seg: 0.0543, decode.acc_seg: 84.0232, aux.loss_seg: 0.0426, aux.acc_seg: 81.9265, loss: 0.0969
2026-04-23 08:20:58,283 - mmseg - INFO - Iter [111250/160000]	lr: 2.425e-06, eta: 11:33:57, time: 0.309, data_time: 0.003, memory: 22330, decode.loss_seg: 0.0549, decode.acc_seg: 84.3464, aux.loss_seg: 0.0419, aux.acc_seg: 82.3222, loss: 0.0968
2026-04-23 08:21:32,229 - mmseg - INFO - Iter [111300/160000]	lr: 2.423e-06, eta: 11:33:10, time: 0.679, data_time: 0.357, memory: 22330, decode.loss_seg: 0.0538, decode.acc_seg: 83.6990, aux.loss_seg: 0.0418, aux.acc_seg: 81.6830, loss: 0.0956
2026-04-23 08:22:07,079 - mmseg - INFO - Iter [111350/160000]	lr: 2.420e-06, eta: 11:32:24, time: 0.697, data_time: 0.370, memory: 22330, decode.loss_seg: 0.0535, decode.acc_seg: 83.1980, aux.loss_seg: 0.0418, aux.acc_seg: 81.1570, loss: 0.0953
2026-04-23 08:22:22,454 - mmseg - INFO - Iter [111400/160000]	lr: 2.418e-06, eta: 11:31:30, time: 0.307, data_time: 0.003, memory: 22330, decode.loss_seg: 0.0530, decode.acc_seg: 84.7332, aux.loss_seg: 0.0417, aux.acc_seg: 82.6834, loss: 0.0947
2026-04-23 08:22:57,762 - mmseg - INFO - Iter [111450/160000]	lr: 2.415e-06, eta: 11:30:44, time: 0.706, data_time: 0.334, memory: 22330, decode.loss_seg: 0.0517, decode.acc_seg: 83.1074, aux.loss_seg: 0.0411, aux.acc_seg: 81.0745, loss: 0.0929
2026-04-23 08:23:31,614 - mmseg - INFO - Iter [111500/160000]	lr: 2.413e-06, eta: 11:29:57, time: 0.677, data_time: 0.374, memory: 22330, decode.loss_seg: 0.0506, decode.acc_seg: 83.0989, aux.loss_seg: 0.0406, aux.acc_seg: 81.0642, loss: 0.0912
2026-04-23 08:23:47,005 - mmseg - INFO - Iter [111550/160000]	lr: 2.410e-06, eta: 11:29:03, time: 0.308, data_time: 0.003, memory: 22330, decode.loss_seg: 0.0514, decode.acc_seg: 84.0932, aux.loss_seg: 0.0406, aux.acc_seg: 82.0762, loss: 0.0920
2026-04-23 08:24:21,058 - mmseg - INFO - Iter [111600/160000]	lr: 2.408e-06, eta: 11:28:16, time: 0.681, data_time: 0.378, memory: 22330, decode.loss_seg: 0.0521, decode.acc_seg: 83.1826, aux.loss_seg: 0.0414, aux.acc_seg: 81.1341, loss: 0.0936
2026-04-23 08:24:36,438 - mmseg - INFO - Iter [111650/160000]	lr: 2.405e-06, eta: 11:27:22, time: 0.308, data_time: 0.004, memory: 22330, decode.loss_seg: 0.0517, decode.acc_seg: 84.3657, aux.loss_seg: 0.0405, aux.acc_seg: 82.3872, loss: 0.0922
2026-04-23 08:25:11,899 - mmseg - INFO - Iter [111700/160000]	lr: 2.403e-06, eta: 11:26:36, time: 0.709, data_time: 0.372, memory: 22330, decode.loss_seg: 0.0521, decode.acc_seg: 84.9341, aux.loss_seg: 0.0409, aux.acc_seg: 82.9178, loss: 0.0931
2026-04-23 08:25:46,351 - mmseg - INFO - Iter [111750/160000]	lr: 2.400e-06, eta: 11:25:50, time: 0.689, data_time: 0.374, memory: 22330, decode.loss_seg: 0.0531, decode.acc_seg: 84.3698, aux.loss_seg: 0.0416, aux.acc_seg: 82.3245, loss: 0.0947
2026-04-23 08:26:01,713 - mmseg - INFO - Iter [111800/160000]	lr: 2.398e-06, eta: 11:24:55, time: 0.307, data_time: 0.003, memory: 22330, decode.loss_seg: 0.0536, decode.acc_seg: 84.5125, aux.loss_seg: 0.0424, aux.acc_seg: 82.4548, loss: 0.0960
2026-04-23 08:26:36,377 - mmseg - INFO - Iter [111850/160000]	lr: 2.395e-06, eta: 11:24:09, time: 0.693, data_time: 0.374, memory: 22330, decode.loss_seg: 0.0537, decode.acc_seg: 84.5625, aux.loss_seg: 0.0416, aux.acc_seg: 82.5256, loss: 0.0953
2026-04-23 08:27:12,374 - mmseg - INFO - Iter [111900/160000]	lr: 2.393e-06, eta: 11:23:24, time: 0.720, data_time: 0.417, memory: 22330, decode.loss_seg: 0.0514, decode.acc_seg: 83.2720, aux.loss_seg: 0.0404, aux.acc_seg: 81.2789, loss: 0.0918
2026-04-23 08:27:27,738 - mmseg - INFO - Iter [111950/160000]	lr: 2.390e-06, eta: 11:22:30, time: 0.307, data_time: 0.004, memory: 22330, decode.loss_seg: 0.0515, decode.acc_seg: 84.8015, aux.loss_seg: 0.0414, aux.acc_seg: 82.7246, loss: 0.0929
2026-04-23 08:28:01,437 - mmseg - INFO - Saving checkpoint at 112000 iterations
2026-04-23 08:28:14,439 - mmseg - INFO - per class results:
2026-04-23 08:28:14,440 - mmseg - INFO - 
+------------+-------+-------+
| Class      | IoU   | Acc   |
+------------+-------+-------+
| housing    | 94.39 | 97.17 |
| industrial | 92.78 | 96.24 |
| natural    | 86.19 | 89.8  |
| land_use   | 76.34 | 82.22 |
| water      | 92.81 | 97.38 |
| other      | 97.1  | 99.0  |
+------------+-------+-------+
2026-04-23 08:28:14,440 - mmseg - INFO - Summary:
2026-04-23 08:28:14,440 - mmseg - INFO - 
+--------+-------+-------+-------+
| Scope  | mIoU  | mAcc  | aAcc  |
+--------+-------+-------+-------+
| global | 89.94 | 93.63 | 95.62 |
+--------+-------+-------+-------+
2026-04-23 08:28:14,463 - mmseg - INFO - Exp name: pixel_upernet_itpn_base_12_512_slide_160k_air_polarsar2_amp_linux.py
2026-04-23 08:28:14,463 - mmseg - INFO - Iter [112000/160000]	lr: 2.388e-06, eta: 11:26:14, time: 13.326, data_time: 0.000, memory: 22330, mIoU: 0.8994, mAcc: 0.9363, aAcc: 0.9562
2026-04-23 08:28:47,879 - mmseg - INFO - Iter [112050/160000]	lr: 2.385e-06, eta: 11:25:27, time: 0.668, data_time: 0.348, memory: 22330, decode.loss_seg: 0.0548, decode.acc_seg: 84.5461, aux.loss_seg: 0.0430, aux.acc_seg: 82.4416, loss: 0.0978
2026-04-23 08:29:03,178 - mmseg - INFO - Iter [112100/160000]	lr: 2.383e-06, eta: 11:24:33, time: 0.306, data_time: 0.004, memory: 22330, decode.loss_seg: 0.0519, decode.acc_seg: 83.9558, aux.loss_seg: 0.0410, aux.acc_seg: 81.9125, loss: 0.0929
2026-04-23 08:29:35,074 - mmseg - INFO - Iter [112150/160000]	lr: 2.380e-06, eta: 11:23:45, time: 0.638, data_time: 0.310, memory: 22330, decode.loss_seg: 0.0516, decode.acc_seg: 83.9889, aux.loss_seg: 0.0403, aux.acc_seg: 82.0123, loss: 0.0919
2026-04-23 08:30:08,201 - mmseg - INFO - Iter [112200/160000]	lr: 2.378e-06, eta: 11:22:58, time: 0.663, data_time: 0.350, memory: 22330, decode.loss_seg: 0.0529, decode.acc_seg: 84.0109, aux.loss_seg: 0.0422, aux.acc_seg: 81.9208, loss: 0.0951
2026-04-23 08:30:23,538 - mmseg - INFO - Iter [112250/160000]	lr: 2.375e-06, eta: 11:22:03, time: 0.307, data_time: 0.003, memory: 22330, decode.loss_seg: 0.0494, decode.acc_seg: 82.8902, aux.loss_seg: 0.0397, aux.acc_seg: 80.9041, loss: 0.0891
2026-04-23 08:30:57,972 - mmseg - INFO - Iter [112300/160000]	lr: 2.373e-06, eta: 11:21:17, time: 0.689, data_time: 0.376, memory: 22330, decode.loss_seg: 0.0503, decode.acc_seg: 82.9024, aux.loss_seg: 0.0400, aux.acc_seg: 80.9148, loss: 0.0904
2026-04-23 08:31:33,728 - mmseg - INFO - Iter [112350/160000]	lr: 2.370e-06, eta: 11:20:31, time: 0.715, data_time: 0.337, memory: 22330, decode.loss_seg: 0.0525, decode.acc_seg: 84.9594, aux.loss_seg: 0.0421, aux.acc_seg: 82.8694, loss: 0.0947
2026-04-23 08:31:49,060 - mmseg - INFO - Iter [112400/160000]	lr: 2.368e-06, eta: 11:19:37, time: 0.307, data_time: 0.004, memory: 22330, decode.loss_seg: 0.0507, decode.acc_seg: 83.3726, aux.loss_seg: 0.0412, aux.acc_seg: 81.2733, loss: 0.0919
2026-04-23 08:32:22,214 - mmseg - INFO - Iter [112450/160000]	lr: 2.365e-06, eta: 11:18:50, time: 0.663, data_time: 0.357, memory: 22330, decode.loss_seg: 0.0524, decode.acc_seg: 83.7359, aux.loss_seg: 0.0420, aux.acc_seg: 81.6224, loss: 0.0944
2026-04-23 08:32:57,858 - mmseg - INFO - Iter [112500/160000]	lr: 2.363e-06, eta: 11:18:04, time: 0.713, data_time: 0.409, memory: 22330, decode.loss_seg: 0.0507, decode.acc_seg: 83.2120, aux.loss_seg: 0.0405, aux.acc_seg: 81.1723, loss: 0.0912
2026-04-23 08:33:13,183 - mmseg - INFO - Iter [112550/160000]	lr: 2.360e-06, eta: 11:17:09, time: 0.306, data_time: 0.004, memory: 22330, decode.loss_seg: 0.0521, decode.acc_seg: 83.5336, aux.loss_seg: 0.0415, aux.acc_seg: 81.4482, loss: 0.0936
2026-04-23 08:33:48,036 - mmseg - INFO - Iter [112600/160000]	lr: 2.358e-06, eta: 11:16:23, time: 0.697, data_time: 0.340, memory: 22330, decode.loss_seg: 0.0510, decode.acc_seg: 84.4068, aux.loss_seg: 0.0407, aux.acc_seg: 82.3801, loss: 0.0917
2026-04-23 08:34:03,425 - mmseg - INFO - Iter [112650/160000]	lr: 2.355e-06, eta: 11:15:29, time: 0.308, data_time: 0.003, memory: 22330, decode.loss_seg: 0.0539, decode.acc_seg: 83.8304, aux.loss_seg: 0.0440, aux.acc_seg: 81.5841, loss: 0.0979
2026-04-23 08:34:37,236 - mmseg - INFO - Iter [112700/160000]	lr: 2.353e-06, eta: 11:14:42, time: 0.676, data_time: 0.313, memory: 22330, decode.loss_seg: 0.0533, decode.acc_seg: 84.7809, aux.loss_seg: 0.0414, aux.acc_seg: 82.7715, loss: 0.0947
2026-04-23 08:35:11,509 - mmseg - INFO - Iter [112750/160000]	lr: 2.350e-06, eta: 11:13:56, time: 0.685, data_time: 0.371, memory: 22330, decode.loss_seg: 0.0539, decode.acc_seg: 83.6892, aux.loss_seg: 0.0420, aux.acc_seg: 81.6196, loss: 0.0958
2026-04-23 08:35:26,923 - mmseg - INFO - Iter [112800/160000]	lr: 2.348e-06, eta: 11:13:02, time: 0.308, data_time: 0.003, memory: 22330, decode.loss_seg: 0.0510, decode.acc_seg: 83.4088, aux.loss_seg: 0.0422, aux.acc_seg: 81.2000, loss: 0.0933
2026-04-23 08:36:01,795 - mmseg - INFO - Iter [112850/160000]	lr: 2.345e-06, eta: 11:12:16, time: 0.697, data_time: 0.381, memory: 22330, decode.loss_seg: 0.0518, decode.acc_seg: 84.9493, aux.loss_seg: 0.0409, aux.acc_seg: 82.9435, loss: 0.0927
2026-04-23 08:36:35,513 - mmseg - INFO - Iter [112900/160000]	lr: 2.343e-06, eta: 11:11:29, time: 0.675, data_time: 0.361, memory: 22330, decode.loss_seg: 0.0532, decode.acc_seg: 82.9171, aux.loss_seg: 0.0440, aux.acc_seg: 80.6778, loss: 0.0972
2026-04-23 08:36:50,864 - mmseg - INFO - Iter [112950/160000]	lr: 2.341e-06, eta: 11:10:35, time: 0.307, data_time: 0.004, memory: 22330, decode.loss_seg: 0.0508, decode.acc_seg: 83.1290, aux.loss_seg: 0.0410, aux.acc_seg: 81.0577, loss: 0.0919
2026-04-23 08:37:26,273 - mmseg - INFO - Exp name: pixel_upernet_itpn_base_12_512_slide_160k_air_polarsar2_amp_linux.py
2026-04-23 08:37:26,274 - mmseg - INFO - Iter [113000/160000]	lr: 2.338e-06, eta: 11:09:49, time: 0.708, data_time: 0.353, memory: 22330, decode.loss_seg: 0.0517, decode.acc_seg: 83.3851, aux.loss_seg: 0.0416, aux.acc_seg: 81.2861, loss: 0.0933
2026-04-23 08:38:00,795 - mmseg - INFO - Iter [113050/160000]	lr: 2.336e-06, eta: 11:09:03, time: 0.690, data_time: 0.359, memory: 22330, decode.loss_seg: 0.0513, decode.acc_seg: 84.6369, aux.loss_seg: 0.0402, aux.acc_seg: 82.6623, loss: 0.0915
2026-04-23 08:38:16,089 - mmseg - INFO - Iter [113100/160000]	lr: 2.333e-06, eta: 11:08:09, time: 0.306, data_time: 0.003, memory: 22330, decode.loss_seg: 0.0512, decode.acc_seg: 84.5739, aux.loss_seg: 0.0409, aux.acc_seg: 82.5339, loss: 0.0922
2026-04-23 08:38:49,592 - mmseg - INFO - Iter [113150/160000]	lr: 2.331e-06, eta: 11:07:22, time: 0.670, data_time: 0.368, memory: 22330, decode.loss_seg: 0.0529, decode.acc_seg: 84.9163, aux.loss_seg: 0.0420, aux.acc_seg: 82.8505, loss: 0.0948
2026-04-23 08:39:22,774 - mmseg - INFO - Iter [113200/160000]	lr: 2.328e-06, eta: 11:06:36, time: 0.664, data_time: 0.343, memory: 22330, decode.loss_seg: 0.0515, decode.acc_seg: 83.3004, aux.loss_seg: 0.0407, aux.acc_seg: 81.2818, loss: 0.0921
2026-04-23 08:39:38,030 - mmseg - INFO - Iter [113250/160000]	lr: 2.326e-06, eta: 11:05:41, time: 0.305, data_time: 0.003, memory: 22330, decode.loss_seg: 0.0515, decode.acc_seg: 83.6538, aux.loss_seg: 0.0410, aux.acc_seg: 81.5952, loss: 0.0925
2026-04-23 08:40:11,425 - mmseg - INFO - Iter [113300/160000]	lr: 2.323e-06, eta: 11:04:55, time: 0.668, data_time: 0.320, memory: 22330, decode.loss_seg: 0.0517, decode.acc_seg: 82.7864, aux.loss_seg: 0.0420, aux.acc_seg: 80.7050, loss: 0.0937
2026-04-23 08:40:44,648 - mmseg - INFO - Iter [113350/160000]	lr: 2.321e-06, eta: 11:04:08, time: 0.664, data_time: 0.345, memory: 22330, decode.loss_seg: 0.0525, decode.acc_seg: 85.4017, aux.loss_seg: 0.0415, aux.acc_seg: 83.3631, loss: 0.0940
2026-04-23 08:40:59,929 - mmseg - INFO - Iter [113400/160000]	lr: 2.318e-06, eta: 11:03:14, time: 0.306, data_time: 0.004, memory: 22330, decode.loss_seg: 0.0520, decode.acc_seg: 84.9005, aux.loss_seg: 0.0418, aux.acc_seg: 82.7982, loss: 0.0938
2026-04-23 08:41:33,009 - mmseg - INFO - Iter [113450/160000]	lr: 2.316e-06, eta: 11:02:28, time: 0.662, data_time: 0.334, memory: 22330, decode.loss_seg: 0.0507, decode.acc_seg: 83.1915, aux.loss_seg: 0.0401, aux.acc_seg: 81.1852, loss: 0.0908
2026-04-23 08:42:06,743 - mmseg - INFO - Iter [113500/160000]	lr: 2.313e-06, eta: 11:01:41, time: 0.675, data_time: 0.370, memory: 22330, decode.loss_seg: 0.0529, decode.acc_seg: 83.7028, aux.loss_seg: 0.0436, aux.acc_seg: 81.4426, loss: 0.0965
2026-04-23 08:42:22,045 - mmseg - INFO - Iter [113550/160000]	lr: 2.311e-06, eta: 11:00:47, time: 0.306, data_time: 0.004, memory: 22330, decode.loss_seg: 0.0516, decode.acc_seg: 83.7097, aux.loss_seg: 0.0410, aux.acc_seg: 81.6617, loss: 0.0926
2026-04-23 08:42:55,624 - mmseg - INFO - Iter [113600/160000]	lr: 2.308e-06, eta: 11:00:01, time: 0.671, data_time: 0.304, memory: 22330, decode.loss_seg: 0.0528, decode.acc_seg: 83.2666, aux.loss_seg: 0.0416, aux.acc_seg: 81.2245, loss: 0.0944
2026-04-23 08:43:10,938 - mmseg - INFO - Iter [113650/160000]	lr: 2.306e-06, eta: 10:59:07, time: 0.306, data_time: 0.003, memory: 22330, decode.loss_seg: 0.0504, decode.acc_seg: 82.4648, aux.loss_seg: 0.0415, aux.acc_seg: 80.3300, loss: 0.0919
2026-04-23 08:43:45,494 - mmseg - INFO - Iter [113700/160000]	lr: 2.303e-06, eta: 10:58:21, time: 0.691, data_time: 0.340, memory: 22330, decode.loss_seg: 0.0544, decode.acc_seg: 84.2590, aux.loss_seg: 0.0428, aux.acc_seg: 82.1549, loss: 0.0972
2026-04-23 08:44:20,588 - mmseg - INFO - Iter [113750/160000]	lr: 2.301e-06, eta: 10:57:36, time: 0.702, data_time: 0.356, memory: 22330, decode.loss_seg: 0.0511, decode.acc_seg: 84.5448, aux.loss_seg: 0.0408, aux.acc_seg: 82.4941, loss: 0.0919
2026-04-23 08:44:35,984 - mmseg - INFO - Iter [113800/160000]	lr: 2.298e-06, eta: 10:56:42, time: 0.308, data_time: 0.004, memory: 22330, decode.loss_seg: 0.0520, decode.acc_seg: 82.3971, aux.loss_seg: 0.0407, aux.acc_seg: 80.3942, loss: 0.0926
2026-04-23 08:45:11,347 - mmseg - INFO - Iter [113850/160000]	lr: 2.296e-06, eta: 10:55:56, time: 0.707, data_time: 0.334, memory: 22330, decode.loss_seg: 0.0514, decode.acc_seg: 84.6805, aux.loss_seg: 0.0415, aux.acc_seg: 82.5455, loss: 0.0929
2026-04-23 08:45:44,810 - mmseg - INFO - Iter [113900/160000]	lr: 2.293e-06, eta: 10:55:10, time: 0.669, data_time: 0.319, memory: 22330, decode.loss_seg: 0.0535, decode.acc_seg: 86.2498, aux.loss_seg: 0.0425, aux.acc_seg: 84.1483, loss: 0.0960
2026-04-23 08:46:00,203 - mmseg - INFO - Iter [113950/160000]	lr: 2.291e-06, eta: 10:54:16, time: 0.308, data_time: 0.004, memory: 22330, decode.loss_seg: 0.0514, decode.acc_seg: 84.5372, aux.loss_seg: 0.0417, aux.acc_seg: 82.4518, loss: 0.0931
2026-04-23 08:46:47,782 - mmseg - INFO - per class results:
2026-04-23 08:46:47,783 - mmseg - INFO - 
+------------+-------+-------+
| Class      | IoU   | Acc   |
+------------+-------+-------+
| housing    | 94.3  | 97.37 |
| industrial | 92.52 | 95.73 |
| natural    | 85.47 | 88.32 |
| land_use   | 75.6  | 80.64 |
| water      | 92.55 | 97.79 |
| other      | 96.95 | 99.05 |
+------------+-------+-------+
2026-04-23 08:46:47,783 - mmseg - INFO - Summary:
2026-04-23 08:46:47,783 - mmseg - INFO - 
+--------+-------+-------+-------+
| Scope  | mIoU  | mAcc  | aAcc  |
+--------+-------+-------+-------+
| global | 89.57 | 93.15 | 95.47 |
+--------+-------+-------+-------+
2026-04-23 08:46:47,821 - mmseg - INFO - Exp name: pixel_upernet_itpn_base_12_512_slide_160k_air_polarsar2_amp_linux.py
2026-04-23 08:46:47,822 - mmseg - INFO - Iter [114000/160000]	lr: 2.288e-06, eta: 10:57:35, time: 12.839, data_time: 0.000, memory: 22330, mIoU: 0.8957, mAcc: 0.9315, aAcc: 0.9547
2026-04-23 08:47:22,468 - mmseg - INFO - Iter [114050/160000]	lr: 2.286e-06, eta: 10:56:49, time: 0.693, data_time: 0.338, memory: 22330, decode.loss_seg: 0.0531, decode.acc_seg: 84.6993, aux.loss_seg: 0.0441, aux.acc_seg: 82.4042, loss: 0.0972
2026-04-23 08:47:37,843 - mmseg - INFO - Iter [114100/160000]	lr: 2.283e-06, eta: 10:55:55, time: 0.308, data_time: 0.004, memory: 22330, decode.loss_seg: 0.0523, decode.acc_seg: 82.9201, aux.loss_seg: 0.0432, aux.acc_seg: 80.6858, loss: 0.0955
2026-04-23 08:48:12,282 - mmseg - INFO - Iter [114150/160000]	lr: 2.281e-06, eta: 10:55:09, time: 0.689, data_time: 0.337, memory: 22330, decode.loss_seg: 0.0520, decode.acc_seg: 83.7448, aux.loss_seg: 0.0414, aux.acc_seg: 81.6611, loss: 0.0934
2026-04-23 08:48:47,857 - mmseg - INFO - Iter [114200/160000]	lr: 2.278e-06, eta: 10:54:23, time: 0.712, data_time: 0.403, memory: 22330, decode.loss_seg: 0.0512, decode.acc_seg: 84.0913, aux.loss_seg: 0.0411, aux.acc_seg: 82.0312, loss: 0.0923
2026-04-23 08:49:03,207 - mmseg - INFO - Iter [114250/160000]	lr: 2.276e-06, eta: 10:53:29, time: 0.307, data_time: 0.003, memory: 22330, decode.loss_seg: 0.0510, decode.acc_seg: 83.7639, aux.loss_seg: 0.0408, aux.acc_seg: 81.7076, loss: 0.0917
2026-04-23 08:49:38,101 - mmseg - INFO - Iter [114300/160000]	lr: 2.273e-06, eta: 10:52:43, time: 0.698, data_time: 0.359, memory: 22330, decode.loss_seg: 0.0523, decode.acc_seg: 84.1335, aux.loss_seg: 0.0427, aux.acc_seg: 81.9950, loss: 0.0950
2026-04-23 08:50:12,538 - mmseg - INFO - Iter [114350/160000]	lr: 2.271e-06, eta: 10:51:57, time: 0.689, data_time: 0.347, memory: 22330, decode.loss_seg: 0.0498, decode.acc_seg: 84.3004, aux.loss_seg: 0.0396, aux.acc_seg: 82.3100, loss: 0.0894
2026-04-23 08:50:27,901 - mmseg - INFO - Iter [114400/160000]	lr: 2.268e-06, eta: 10:51:03, time: 0.307, data_time: 0.004, memory: 22330, decode.loss_seg: 0.0503, decode.acc_seg: 84.3125, aux.loss_seg: 0.0399, aux.acc_seg: 82.3294, loss: 0.0902
2026-04-23 08:51:02,808 - mmseg - INFO - Iter [114450/160000]	lr: 2.266e-06, eta: 10:50:17, time: 0.698, data_time: 0.387, memory: 22330, decode.loss_seg: 0.0511, decode.acc_seg: 82.6542, aux.loss_seg: 0.0409, aux.acc_seg: 80.5934, loss: 0.0921
2026-04-23 08:51:37,862 - mmseg - INFO - Iter [114500/160000]	lr: 2.263e-06, eta: 10:49:31, time: 0.701, data_time: 0.363, memory: 22330, decode.loss_seg: 0.0505, decode.acc_seg: 83.4471, aux.loss_seg: 0.0403, aux.acc_seg: 81.4453, loss: 0.0909
2026-04-23 08:51:53,220 - mmseg - INFO - Iter [114550/160000]	lr: 2.261e-06, eta: 10:48:38, time: 0.307, data_time: 0.005, memory: 22330, decode.loss_seg: 0.0534, decode.acc_seg: 84.4733, aux.loss_seg: 0.0420, aux.acc_seg: 82.4039, loss: 0.0954
2026-04-23 08:52:27,816 - mmseg - INFO - Iter [114600/160000]	lr: 2.258e-06, eta: 10:47:52, time: 0.692, data_time: 0.376, memory: 22330, decode.loss_seg: 0.0495, decode.acc_seg: 84.1294, aux.loss_seg: 0.0427, aux.acc_seg: 81.8779, loss: 0.0922
2026-04-23 08:52:43,126 - mmseg - INFO - Iter [114650/160000]	lr: 2.256e-06, eta: 10:46:58, time: 0.306, data_time: 0.004, memory: 22330, decode.loss_seg: 0.0513, decode.acc_seg: 83.9260, aux.loss_seg: 0.0412, aux.acc_seg: 81.8347, loss: 0.0925
2026-04-23 08:53:19,044 - mmseg - INFO - Iter [114700/160000]	lr: 2.253e-06, eta: 10:46:12, time: 0.718, data_time: 0.382, memory: 22330, decode.loss_seg: 0.0526, decode.acc_seg: 83.6095, aux.loss_seg: 0.0423, aux.acc_seg: 81.4513, loss: 0.0949
2026-04-23 08:53:53,113 - mmseg - INFO - Iter [114750/160000]	lr: 2.251e-06, eta: 10:45:26, time: 0.681, data_time: 0.327, memory: 22330, decode.loss_seg: 0.0520, decode.acc_seg: 84.7774, aux.loss_seg: 0.0413, aux.acc_seg: 82.7246, loss: 0.0933
2026-04-23 08:54:08,467 - mmseg - INFO - Iter [114800/160000]	lr: 2.248e-06, eta: 10:44:33, time: 0.307, data_time: 0.004, memory: 22330, decode.loss_seg: 0.0511, decode.acc_seg: 83.8103, aux.loss_seg: 0.0407, aux.acc_seg: 81.7742, loss: 0.0917
2026-04-23 08:54:43,199 - mmseg - INFO - Iter [114850/160000]	lr: 2.246e-06, eta: 10:43:47, time: 0.695, data_time: 0.339, memory: 22330, decode.loss_seg: 0.0510, decode.acc_seg: 83.7535, aux.loss_seg: 0.0408, aux.acc_seg: 81.7658, loss: 0.0918
2026-04-23 08:55:18,454 - mmseg - INFO - Iter [114900/160000]	lr: 2.244e-06, eta: 10:43:01, time: 0.705, data_time: 0.402, memory: 22330, decode.loss_seg: 0.0523, decode.acc_seg: 83.0319, aux.loss_seg: 0.0419, aux.acc_seg: 80.9264, loss: 0.0941
2026-04-23 08:55:33,798 - mmseg - INFO - Iter [114950/160000]	lr: 2.241e-06, eta: 10:42:07, time: 0.307, data_time: 0.004, memory: 22330, decode.loss_seg: 0.0496, decode.acc_seg: 82.6230, aux.loss_seg: 0.0394, aux.acc_seg: 80.6528, loss: 0.0890
2026-04-23 08:56:08,948 - mmseg - INFO - Exp name: pixel_upernet_itpn_base_12_512_slide_160k_air_polarsar2_amp_linux.py
2026-04-23 08:56:08,948 - mmseg - INFO - Iter [115000/160000]	lr: 2.239e-06, eta: 10:41:22, time: 0.703, data_time: 0.379, memory: 22330, decode.loss_seg: 0.0509, decode.acc_seg: 83.9360, aux.loss_seg: 0.0408, aux.acc_seg: 81.8913, loss: 0.0917
2026-04-23 08:56:44,783 - mmseg - INFO - Iter [115050/160000]	lr: 2.236e-06, eta: 10:40:36, time: 0.717, data_time: 0.414, memory: 22330, decode.loss_seg: 0.0488, decode.acc_seg: 83.7035, aux.loss_seg: 0.0400, aux.acc_seg: 81.6295, loss: 0.0888
2026-04-23 08:57:00,109 - mmseg - INFO - Iter [115100/160000]	lr: 2.234e-06, eta: 10:39:43, time: 0.307, data_time: 0.005, memory: 22330, decode.loss_seg: 0.0507, decode.acc_seg: 83.9673, aux.loss_seg: 0.0403, aux.acc_seg: 81.9435, loss: 0.0910
2026-04-23 08:57:35,058 - mmseg - INFO - Iter [115150/160000]	lr: 2.231e-06, eta: 10:38:57, time: 0.699, data_time: 0.356, memory: 22330, decode.loss_seg: 0.0532, decode.acc_seg: 84.3136, aux.loss_seg: 0.0451, aux.acc_seg: 81.9305, loss: 0.0982
2026-04-23 08:58:09,676 - mmseg - INFO - Iter [115200/160000]	lr: 2.229e-06, eta: 10:38:11, time: 0.692, data_time: 0.390, memory: 22330, decode.loss_seg: 0.0545, decode.acc_seg: 84.6323, aux.loss_seg: 0.0431, aux.acc_seg: 82.5471, loss: 0.0976
2026-04-23 08:58:25,069 - mmseg - INFO - Iter [115250/160000]	lr: 2.226e-06, eta: 10:37:18, time: 0.308, data_time: 0.004, memory: 22330, decode.loss_seg: 0.0503, decode.acc_seg: 83.2378, aux.loss_seg: 0.0409, aux.acc_seg: 81.1594, loss: 0.0912
2026-04-23 08:59:00,582 - mmseg - INFO - Iter [115300/160000]	lr: 2.224e-06, eta: 10:36:32, time: 0.710, data_time: 0.399, memory: 22330, decode.loss_seg: 0.0520, decode.acc_seg: 85.8278, aux.loss_seg: 0.0412, aux.acc_seg: 83.7842, loss: 0.0933
2026-04-23 08:59:36,307 - mmseg - INFO - Iter [115350/160000]	lr: 2.221e-06, eta: 10:35:47, time: 0.714, data_time: 0.387, memory: 22330, decode.loss_seg: 0.0523, decode.acc_seg: 84.6452, aux.loss_seg: 0.0412, aux.acc_seg: 82.6362, loss: 0.0935
2026-04-23 08:59:51,624 - mmseg - INFO - Iter [115400/160000]	lr: 2.219e-06, eta: 10:34:53, time: 0.307, data_time: 0.004, memory: 22330, decode.loss_seg: 0.0525, decode.acc_seg: 84.5946, aux.loss_seg: 0.0417, aux.acc_seg: 82.5431, loss: 0.0942
2026-04-23 09:00:25,517 - mmseg - INFO - Iter [115450/160000]	lr: 2.216e-06, eta: 10:34:07, time: 0.678, data_time: 0.345, memory: 22330, decode.loss_seg: 0.0526, decode.acc_seg: 83.6457, aux.loss_seg: 0.0418, aux.acc_seg: 81.5900, loss: 0.0944
2026-04-23 09:00:40,893 - mmseg - INFO - Iter [115500/160000]	lr: 2.214e-06, eta: 10:33:14, time: 0.307, data_time: 0.005, memory: 22330, decode.loss_seg: 0.0507, decode.acc_seg: 83.4334, aux.loss_seg: 0.0410, aux.acc_seg: 81.3803, loss: 0.0917
2026-04-23 09:01:15,112 - mmseg - INFO - Iter [115550/160000]	lr: 2.211e-06, eta: 10:32:28, time: 0.684, data_time: 0.334, memory: 22330, decode.loss_seg: 0.0525, decode.acc_seg: 83.7664, aux.loss_seg: 0.0431, aux.acc_seg: 81.5804, loss: 0.0956
2026-04-23 09:01:50,985 - mmseg - INFO - Iter [115600/160000]	lr: 2.209e-06, eta: 10:31:43, time: 0.717, data_time: 0.388, memory: 22330, decode.loss_seg: 0.0517, decode.acc_seg: 84.7410, aux.loss_seg: 0.0411, aux.acc_seg: 82.7031, loss: 0.0929
2026-04-23 09:02:06,370 - mmseg - INFO - Iter [115650/160000]	lr: 2.206e-06, eta: 10:30:50, time: 0.308, data_time: 0.005, memory: 22330, decode.loss_seg: 0.0531, decode.acc_seg: 85.8730, aux.loss_seg: 0.0417, aux.acc_seg: 83.8684, loss: 0.0948
2026-04-23 09:02:41,286 - mmseg - INFO - Iter [115700/160000]	lr: 2.204e-06, eta: 10:30:04, time: 0.698, data_time: 0.380, memory: 22330, decode.loss_seg: 0.0508, decode.acc_seg: 84.3023, aux.loss_seg: 0.0406, aux.acc_seg: 82.2515, loss: 0.0913
2026-04-23 09:03:15,931 - mmseg - INFO - Iter [115750/160000]	lr: 2.201e-06, eta: 10:29:18, time: 0.693, data_time: 0.359, memory: 22330, decode.loss_seg: 0.0527, decode.acc_seg: 84.6565, aux.loss_seg: 0.0442, aux.acc_seg: 82.4164, loss: 0.0969
2026-04-23 09:03:31,300 - mmseg - INFO - Iter [115800/160000]	lr: 2.199e-06, eta: 10:28:25, time: 0.307, data_time: 0.005, memory: 22330, decode.loss_seg: 0.0501, decode.acc_seg: 83.3319, aux.loss_seg: 0.0401, aux.acc_seg: 81.3428, loss: 0.0902
2026-04-23 09:04:06,065 - mmseg - INFO - Iter [115850/160000]	lr: 2.196e-06, eta: 10:27:40, time: 0.695, data_time: 0.375, memory: 22330, decode.loss_seg: 0.0515, decode.acc_seg: 83.2774, aux.loss_seg: 0.0411, aux.acc_seg: 81.2379, loss: 0.0925
2026-04-23 09:04:40,057 - mmseg - INFO - Iter [115900/160000]	lr: 2.194e-06, eta: 10:26:54, time: 0.680, data_time: 0.348, memory: 22330, decode.loss_seg: 0.0539, decode.acc_seg: 84.3435, aux.loss_seg: 0.0420, aux.acc_seg: 82.2927, loss: 0.0959
2026-04-23 09:04:55,462 - mmseg - INFO - Iter [115950/160000]	lr: 2.191e-06, eta: 10:26:01, time: 0.308, data_time: 0.005, memory: 22330, decode.loss_seg: 0.0511, decode.acc_seg: 84.5945, aux.loss_seg: 0.0403, aux.acc_seg: 82.6093, loss: 0.0914
2026-04-23 09:05:41,801 - mmseg - INFO - per class results:
2026-04-23 09:05:41,802 - mmseg - INFO - 
+------------+-------+-------+
| Class      | IoU   | Acc   |
+------------+-------+-------+
| housing    | 94.41 | 97.15 |
| industrial | 92.6  | 95.85 |
| natural    | 86.21 | 89.34 |
| land_use   | 76.4  | 82.34 |
| water      | 92.69 | 97.54 |
| other      | 96.41 | 99.26 |
+------------+-------+-------+
2026-04-23 09:05:41,802 - mmseg - INFO - Summary:
2026-04-23 09:05:41,802 - mmseg - INFO - 
+--------+-------+-------+-------+
| Scope  | mIoU  | mAcc  | aAcc  |
+--------+-------+-------+-------+
| global | 89.79 | 93.58 | 95.55 |
+--------+-------+-------+-------+
2026-04-23 09:05:41,835 - mmseg - INFO - Exp name: pixel_upernet_itpn_base_12_512_slide_160k_air_polarsar2_amp_linux.py
2026-04-23 09:05:41,836 - mmseg - INFO - Iter [116000/160000]	lr: 2.189e-06, eta: 10:29:04, time: 12.750, data_time: 0.000, memory: 22330, mIoU: 0.8979, mAcc: 0.9358, aAcc: 0.9555
2026-04-23 09:06:15,903 - mmseg - INFO - Iter [116050/160000]	lr: 2.186e-06, eta: 10:28:17, time: 0.681, data_time: 0.377, memory: 22330, decode.loss_seg: 0.0524, decode.acc_seg: 84.0789, aux.loss_seg: 0.0431, aux.acc_seg: 81.9002, loss: 0.0955
2026-04-23 09:06:31,256 - mmseg - INFO - Iter [116100/160000]	lr: 2.184e-06, eta: 10:27:24, time: 0.307, data_time: 0.004, memory: 22330, decode.loss_seg: 0.0509, decode.acc_seg: 83.8850, aux.loss_seg: 0.0407, aux.acc_seg: 81.8609, loss: 0.0915
2026-04-23 09:07:05,964 - mmseg - INFO - Iter [116150/160000]	lr: 2.181e-06, eta: 10:26:38, time: 0.694, data_time: 0.392, memory: 22330, decode.loss_seg: 0.0481, decode.acc_seg: 82.9810, aux.loss_seg: 0.0390, aux.acc_seg: 80.9888, loss: 0.0871
2026-04-23 09:07:40,279 - mmseg - INFO - Iter [116200/160000]	lr: 2.179e-06, eta: 10:25:52, time: 0.686, data_time: 0.370, memory: 22330, decode.loss_seg: 0.0514, decode.acc_seg: 84.5043, aux.loss_seg: 0.0405, aux.acc_seg: 82.4728, loss: 0.0920
2026-04-23 09:07:55,646 - mmseg - INFO - Iter [116250/160000]	lr: 2.176e-06, eta: 10:24:59, time: 0.307, data_time: 0.003, memory: 22330, decode.loss_seg: 0.0499, decode.acc_seg: 84.2951, aux.loss_seg: 0.0399, aux.acc_seg: 82.2926, loss: 0.0898
2026-04-23 09:08:31,133 - mmseg - INFO - Iter [116300/160000]	lr: 2.174e-06, eta: 10:24:13, time: 0.710, data_time: 0.369, memory: 22330, decode.loss_seg: 0.0500, decode.acc_seg: 83.1401, aux.loss_seg: 0.0403, aux.acc_seg: 81.1063, loss: 0.0903
2026-04-23 09:09:05,784 - mmseg - INFO - Iter [116350/160000]	lr: 2.171e-06, eta: 10:23:27, time: 0.693, data_time: 0.387, memory: 22330, decode.loss_seg: 0.0513, decode.acc_seg: 83.5556, aux.loss_seg: 0.0416, aux.acc_seg: 81.4946, loss: 0.0928
2026-04-23 09:09:21,214 - mmseg - INFO - Iter [116400/160000]	lr: 2.169e-06, eta: 10:22:34, time: 0.309, data_time: 0.004, memory: 22330, decode.loss_seg: 0.0500, decode.acc_seg: 83.2020, aux.loss_seg: 0.0398, aux.acc_seg: 81.1952, loss: 0.0898
2026-04-23 09:09:57,038 - mmseg - INFO - Iter [116450/160000]	lr: 2.166e-06, eta: 10:21:49, time: 0.716, data_time: 0.373, memory: 22330, decode.loss_seg: 0.0517, decode.acc_seg: 84.3263, aux.loss_seg: 0.0411, aux.acc_seg: 82.3222, loss: 0.0929
2026-04-23 09:10:12,441 - mmseg - INFO - Iter [116500/160000]	lr: 2.164e-06, eta: 10:20:56, time: 0.308, data_time: 0.004, memory: 22330, decode.loss_seg: 0.0500, decode.acc_seg: 83.9710, aux.loss_seg: 0.0416, aux.acc_seg: 81.8321, loss: 0.0915
2026-04-23 09:10:46,319 - mmseg - INFO - Iter [116550/160000]	lr: 2.161e-06, eta: 10:20:09, time: 0.678, data_time: 0.365, memory: 22330, decode.loss_seg: 0.0534, decode.acc_seg: 84.6973, aux.loss_seg: 0.0414, aux.acc_seg: 82.6873, loss: 0.0948
2026-04-23 09:11:20,563 - mmseg - INFO - Iter [116600/160000]	lr: 2.159e-06, eta: 10:19:23, time: 0.685, data_time: 0.330, memory: 22330, decode.loss_seg: 0.0509, decode.acc_seg: 84.0321, aux.loss_seg: 0.0404, aux.acc_seg: 82.0127, loss: 0.0914
2026-04-23 09:11:35,974 - mmseg - INFO - Iter [116650/160000]	lr: 2.156e-06, eta: 10:18:30, time: 0.308, data_time: 0.004, memory: 22330, decode.loss_seg: 0.0511, decode.acc_seg: 83.5888, aux.loss_seg: 0.0410, aux.acc_seg: 81.5240, loss: 0.0921
2026-04-23 09:12:10,034 - mmseg - INFO - Iter [116700/160000]	lr: 2.154e-06, eta: 10:17:44, time: 0.681, data_time: 0.377, memory: 22330, decode.loss_seg: 0.0497, decode.acc_seg: 83.4481, aux.loss_seg: 0.0394, aux.acc_seg: 81.4712, loss: 0.0891
2026-04-23 09:12:42,211 - mmseg - INFO - Iter [116750/160000]	lr: 2.151e-06, eta: 10:16:58, time: 0.644, data_time: 0.332, memory: 22330, decode.loss_seg: 0.0519, decode.acc_seg: 84.7665, aux.loss_seg: 0.0411, aux.acc_seg: 82.7389, loss: 0.0930
2026-04-23 09:12:57,659 - mmseg - INFO - Iter [116800/160000]	lr: 2.149e-06, eta: 10:16:05, time: 0.309, data_time: 0.004, memory: 22330, decode.loss_seg: 0.0503, decode.acc_seg: 83.5227, aux.loss_seg: 0.0402, aux.acc_seg: 81.5178, loss: 0.0905
2026-04-23 09:13:30,742 - mmseg - INFO - Iter [116850/160000]	lr: 2.147e-06, eta: 10:15:18, time: 0.661, data_time: 0.315, memory: 22330, decode.loss_seg: 0.0491, decode.acc_seg: 82.8146, aux.loss_seg: 0.0394, aux.acc_seg: 80.8236, loss: 0.0885
2026-04-23 09:14:04,121 - mmseg - INFO - Iter [116900/160000]	lr: 2.144e-06, eta: 10:14:32, time: 0.668, data_time: 0.312, memory: 22330, decode.loss_seg: 0.0513, decode.acc_seg: 83.1958, aux.loss_seg: 0.0406, aux.acc_seg: 81.1717, loss: 0.0919
2026-04-23 09:14:19,539 - mmseg - INFO - Iter [116950/160000]	lr: 2.142e-06, eta: 10:13:39, time: 0.308, data_time: 0.003, memory: 22330, decode.loss_seg: 0.0557, decode.acc_seg: 84.3982, aux.loss_seg: 0.0430, aux.acc_seg: 82.3281, loss: 0.0987
2026-04-23 09:14:51,189 - mmseg - INFO - Exp name: pixel_upernet_itpn_base_12_512_slide_160k_air_polarsar2_amp_linux.py
2026-04-23 09:14:51,190 - mmseg - INFO - Iter [117000/160000]	lr: 2.139e-06, eta: 10:12:52, time: 0.633, data_time: 0.328, memory: 22330, decode.loss_seg: 0.0508, decode.acc_seg: 84.7726, aux.loss_seg: 0.0399, aux.acc_seg: 82.8091, loss: 0.0907
2026-04-23 09:15:26,212 - mmseg - INFO - Iter [117050/160000]	lr: 2.137e-06, eta: 10:12:07, time: 0.700, data_time: 0.321, memory: 22330, decode.loss_seg: 0.0510, decode.acc_seg: 84.3459, aux.loss_seg: 0.0402, aux.acc_seg: 82.3788, loss: 0.0913
2026-04-23 09:15:41,616 - mmseg - INFO - Iter [117100/160000]	lr: 2.134e-06, eta: 10:11:14, time: 0.308, data_time: 0.003, memory: 22330, decode.loss_seg: 0.0507, decode.acc_seg: 82.2239, aux.loss_seg: 0.0405, aux.acc_seg: 80.1874, loss: 0.0912
2026-04-23 09:16:16,629 - mmseg - INFO - Iter [117150/160000]	lr: 2.132e-06, eta: 10:10:28, time: 0.700, data_time: 0.340, memory: 22330, decode.loss_seg: 0.0503, decode.acc_seg: 84.4075, aux.loss_seg: 0.0409, aux.acc_seg: 82.3278, loss: 0.0912
2026-04-23 09:16:51,207 - mmseg - INFO - Iter [117200/160000]	lr: 2.129e-06, eta: 10:09:43, time: 0.692, data_time: 0.366, memory: 22330, decode.loss_seg: 0.0517, decode.acc_seg: 84.2049, aux.loss_seg: 0.0410, aux.acc_seg: 82.1865, loss: 0.0927
2026-04-23 09:17:06,607 - mmseg - INFO - Iter [117250/160000]	lr: 2.127e-06, eta: 10:08:50, time: 0.308, data_time: 0.004, memory: 22330, decode.loss_seg: 0.0533, decode.acc_seg: 84.4628, aux.loss_seg: 0.0420, aux.acc_seg: 82.3912, loss: 0.0953
2026-04-23 09:17:41,676 - mmseg - INFO - Iter [117300/160000]	lr: 2.124e-06, eta: 10:08:04, time: 0.701, data_time: 0.397, memory: 22330, decode.loss_seg: 0.0515, decode.acc_seg: 84.1284, aux.loss_seg: 0.0414, aux.acc_seg: 82.0561, loss: 0.0928
2026-04-23 09:18:16,357 - mmseg - INFO - Iter [117350/160000]	lr: 2.122e-06, eta: 10:07:19, time: 0.693, data_time: 0.365, memory: 22330, decode.loss_seg: 0.0486, decode.acc_seg: 83.0129, aux.loss_seg: 0.0392, aux.acc_seg: 81.0391, loss: 0.0879
2026-04-23 09:18:31,714 - mmseg - INFO - Iter [117400/160000]	lr: 2.119e-06, eta: 10:06:26, time: 0.307, data_time: 0.004, memory: 22330, decode.loss_seg: 0.0496, decode.acc_seg: 84.4962, aux.loss_seg: 0.0397, aux.acc_seg: 82.4751, loss: 0.0893
2026-04-23 09:19:06,579 - mmseg - INFO - Iter [117450/160000]	lr: 2.117e-06, eta: 10:05:41, time: 0.697, data_time: 0.346, memory: 22330, decode.loss_seg: 0.0524, decode.acc_seg: 84.0573, aux.loss_seg: 0.0413, aux.acc_seg: 82.0324, loss: 0.0938
2026-04-23 09:19:21,964 - mmseg - INFO - Iter [117500/160000]	lr: 2.114e-06, eta: 10:04:48, time: 0.308, data_time: 0.004, memory: 22330, decode.loss_seg: 0.0504, decode.acc_seg: 84.4562, aux.loss_seg: 0.0399, aux.acc_seg: 82.4730, loss: 0.0904
2026-04-23 09:19:55,243 - mmseg - INFO - Iter [117550/160000]	lr: 2.112e-06, eta: 10:04:02, time: 0.665, data_time: 0.318, memory: 22330, decode.loss_seg: 0.0520, decode.acc_seg: 83.9616, aux.loss_seg: 0.0416, aux.acc_seg: 81.8324, loss: 0.0936
2026-04-23 09:20:28,436 - mmseg - INFO - Iter [117600/160000]	lr: 2.109e-06, eta: 10:03:16, time: 0.664, data_time: 0.351, memory: 22330, decode.loss_seg: 0.0501, decode.acc_seg: 84.4122, aux.loss_seg: 0.0405, aux.acc_seg: 82.3743, loss: 0.0907
2026-04-23 09:20:43,754 - mmseg - INFO - Iter [117650/160000]	lr: 2.107e-06, eta: 10:02:23, time: 0.306, data_time: 0.004, memory: 22330, decode.loss_seg: 0.0508, decode.acc_seg: 84.1673, aux.loss_seg: 0.0405, aux.acc_seg: 82.1670, loss: 0.0913
2026-04-23 09:21:19,752 - mmseg - INFO - Iter [117700/160000]	lr: 2.104e-06, eta: 10:01:38, time: 0.720, data_time: 0.341, memory: 22330, decode.loss_seg: 0.0504, decode.acc_seg: 83.9662, aux.loss_seg: 0.0406, aux.acc_seg: 81.9380, loss: 0.0910
2026-04-23 09:21:53,461 - mmseg - INFO - Iter [117750/160000]	lr: 2.102e-06, eta: 10:00:52, time: 0.674, data_time: 0.364, memory: 22330, decode.loss_seg: 0.0498, decode.acc_seg: 85.0626, aux.loss_seg: 0.0402, aux.acc_seg: 83.0397, loss: 0.0900
2026-04-23 09:22:08,877 - mmseg - INFO - Iter [117800/160000]	lr: 2.099e-06, eta: 10:00:00, time: 0.308, data_time: 0.004, memory: 22330, decode.loss_seg: 0.0507, decode.acc_seg: 83.0745, aux.loss_seg: 0.0411, aux.acc_seg: 81.0100, loss: 0.0919
2026-04-23 09:22:42,585 - mmseg - INFO - Iter [117850/160000]	lr: 2.097e-06, eta: 9:59:14, time: 0.674, data_time: 0.354, memory: 22330, decode.loss_seg: 0.0517, decode.acc_seg: 84.9443, aux.loss_seg: 0.0412, aux.acc_seg: 82.9039, loss: 0.0930
2026-04-23 09:23:15,028 - mmseg - INFO - Iter [117900/160000]	lr: 2.094e-06, eta: 9:58:28, time: 0.649, data_time: 0.341, memory: 22330, decode.loss_seg: 0.0518, decode.acc_seg: 85.4566, aux.loss_seg: 0.0409, aux.acc_seg: 83.4365, loss: 0.0926
2026-04-23 09:23:30,307 - mmseg - INFO - Iter [117950/160000]	lr: 2.092e-06, eta: 9:57:35, time: 0.305, data_time: 0.003, memory: 22330, decode.loss_seg: 0.0501, decode.acc_seg: 83.9079, aux.loss_seg: 0.0403, aux.acc_seg: 81.8476, loss: 0.0904
2026-04-23 09:24:15,103 - mmseg - INFO - per class results:
2026-04-23 09:24:15,104 - mmseg - INFO - 
+------------+-------+-------+
| Class      | IoU   | Acc   |
+------------+-------+-------+
| housing    | 94.48 | 97.32 |
| industrial | 92.75 | 96.33 |
| natural    | 87.06 | 90.57 |
| land_use   | 76.75 | 82.11 |
| water      | 92.82 | 97.33 |
| other      | 97.33 | 98.78 |
+------------+-------+-------+
2026-04-23 09:24:15,104 - mmseg - INFO - Summary:
2026-04-23 09:24:15,104 - mmseg - INFO - 
+--------+------+-------+-------+
| Scope  | mIoU | mAcc  | aAcc  |
+--------+------+-------+-------+
| global | 90.2 | 93.74 | 95.66 |
+--------+------+-------+-------+
2026-04-23 09:24:15,126 - mmseg - INFO - Exp name: pixel_upernet_itpn_base_12_512_slide_160k_air_polarsar2_amp_linux.py
2026-04-23 09:24:15,127 - mmseg - INFO - Iter [118000/160000]	lr: 2.089e-06, eta: 10:00:00, time: 11.356, data_time: 0.000, memory: 22330, mIoU: 0.9020, mAcc: 0.9374, aAcc: 0.9566
2026-04-23 09:24:48,848 - mmseg - INFO - Iter [118050/160000]	lr: 2.087e-06, eta: 9:59:14, time: 0.674, data_time: 0.359, memory: 22330, decode.loss_seg: 0.0501, decode.acc_seg: 84.0225, aux.loss_seg: 0.0405, aux.acc_seg: 81.9701, loss: 0.0906
2026-04-23 09:25:04,201 - mmseg - INFO - Iter [118100/160000]	lr: 2.084e-06, eta: 9:58:21, time: 0.307, data_time: 0.004, memory: 22330, decode.loss_seg: 0.0516, decode.acc_seg: 84.8884, aux.loss_seg: 0.0407, aux.acc_seg: 82.8836, loss: 0.0922
2026-04-23 09:25:38,256 - mmseg - INFO - Iter [118150/160000]	lr: 2.082e-06, eta: 9:57:35, time: 0.681, data_time: 0.378, memory: 22330, decode.loss_seg: 0.0507, decode.acc_seg: 84.4285, aux.loss_seg: 0.0404, aux.acc_seg: 82.3898, loss: 0.0911
2026-04-23 09:26:13,896 - mmseg - INFO - Iter [118200/160000]	lr: 2.079e-06, eta: 9:56:50, time: 0.713, data_time: 0.382, memory: 22330, decode.loss_seg: 0.0493, decode.acc_seg: 83.0780, aux.loss_seg: 0.0395, aux.acc_seg: 81.1030, loss: 0.0888
2026-04-23 09:26:29,276 - mmseg - INFO - Iter [118250/160000]	lr: 2.077e-06, eta: 9:55:57, time: 0.308, data_time: 0.004, memory: 22330, decode.loss_seg: 0.0506, decode.acc_seg: 83.5816, aux.loss_seg: 0.0406, aux.acc_seg: 81.5499, loss: 0.0912
2026-04-23 09:27:03,901 - mmseg - INFO - Iter [118300/160000]	lr: 2.074e-06, eta: 9:55:11, time: 0.692, data_time: 0.361, memory: 22330, decode.loss_seg: 0.0529, decode.acc_seg: 85.0626, aux.loss_seg: 0.0421, aux.acc_seg: 82.9783, loss: 0.0951
2026-04-23 09:27:38,328 - mmseg - INFO - Iter [118350/160000]	lr: 2.072e-06, eta: 9:54:26, time: 0.689, data_time: 0.378, memory: 22330, decode.loss_seg: 0.0490, decode.acc_seg: 83.2640, aux.loss_seg: 0.0392, aux.acc_seg: 81.2849, loss: 0.0882
2026-04-23 09:27:53,757 - mmseg - INFO - Iter [118400/160000]	lr: 2.069e-06, eta: 9:53:33, time: 0.309, data_time: 0.005, memory: 22330, decode.loss_seg: 0.0503, decode.acc_seg: 83.0503, aux.loss_seg: 0.0400, aux.acc_seg: 81.0410, loss: 0.0904
2026-04-23 09:28:26,974 - mmseg - INFO - Iter [118450/160000]	lr: 2.067e-06, eta: 9:52:47, time: 0.664, data_time: 0.342, memory: 22330, decode.loss_seg: 0.0492, decode.acc_seg: 84.6384, aux.loss_seg: 0.0400, aux.acc_seg: 82.6051, loss: 0.0892
2026-04-23 09:28:42,306 - mmseg - INFO - Iter [118500/160000]	lr: 2.064e-06, eta: 9:51:55, time: 0.306, data_time: 0.004, memory: 22330, decode.loss_seg: 0.0508, decode.acc_seg: 83.0991, aux.loss_seg: 0.0403, aux.acc_seg: 81.1000, loss: 0.0911
2026-04-23 09:29:15,821 - mmseg - INFO - Iter [118550/160000]	lr: 2.062e-06, eta: 9:51:09, time: 0.670, data_time: 0.329, memory: 22330, decode.loss_seg: 0.0511, decode.acc_seg: 84.7853, aux.loss_seg: 0.0406, aux.acc_seg: 82.7805, loss: 0.0916
2026-04-23 09:29:48,084 - mmseg - INFO - Iter [118600/160000]	lr: 2.059e-06, eta: 9:50:22, time: 0.645, data_time: 0.325, memory: 22330, decode.loss_seg: 0.0511, decode.acc_seg: 84.2139, aux.loss_seg: 0.0427, aux.acc_seg: 81.9802, loss: 0.0938
2026-04-23 09:30:03,472 - mmseg - INFO - Iter [118650/160000]	lr: 2.057e-06, eta: 9:49:30, time: 0.308, data_time: 0.003, memory: 22330, decode.loss_seg: 0.0512, decode.acc_seg: 83.6225, aux.loss_seg: 0.0423, aux.acc_seg: 81.4671, loss: 0.0935
2026-04-23 09:30:36,058 - mmseg - INFO - Iter [118700/160000]	lr: 2.054e-06, eta: 9:48:43, time: 0.652, data_time: 0.305, memory: 22330, decode.loss_seg: 0.0496, decode.acc_seg: 84.8453, aux.loss_seg: 0.0405, aux.acc_seg: 82.8134, loss: 0.0901
2026-04-23 09:31:10,043 - mmseg - INFO - Iter [118750/160000]	lr: 2.052e-06, eta: 9:47:58, time: 0.680, data_time: 0.337, memory: 22330, decode.loss_seg: 0.0509, decode.acc_seg: 82.6530, aux.loss_seg: 0.0432, aux.acc_seg: 80.3105, loss: 0.0942
2026-04-23 09:31:25,428 - mmseg - INFO - Iter [118800/160000]	lr: 2.050e-06, eta: 9:47:05, time: 0.308, data_time: 0.004, memory: 22330, decode.loss_seg: 0.0511, decode.acc_seg: 84.0634, aux.loss_seg: 0.0412, aux.acc_seg: 81.9791, loss: 0.0924
2026-04-23 09:32:00,913 - mmseg - INFO - Iter [118850/160000]	lr: 2.047e-06, eta: 9:46:20, time: 0.710, data_time: 0.360, memory: 22330, decode.loss_seg: 0.0496, decode.acc_seg: 83.5683, aux.loss_seg: 0.0396, aux.acc_seg: 81.5871, loss: 0.0892
2026-04-23 09:32:36,377 - mmseg - INFO - Iter [118900/160000]	lr: 2.045e-06, eta: 9:45:35, time: 0.709, data_time: 0.406, memory: 22330, decode.loss_seg: 0.0502, decode.acc_seg: 83.6339, aux.loss_seg: 0.0432, aux.acc_seg: 81.2908, loss: 0.0934
2026-04-23 09:32:51,754 - mmseg - INFO - Iter [118950/160000]	lr: 2.042e-06, eta: 9:44:43, time: 0.308, data_time: 0.004, memory: 22330, decode.loss_seg: 0.0493, decode.acc_seg: 83.8732, aux.loss_seg: 0.0395, aux.acc_seg: 81.8557, loss: 0.0889
2026-04-23 09:33:26,220 - mmseg - INFO - Exp name: pixel_upernet_itpn_base_12_512_slide_160k_air_polarsar2_amp_linux.py
2026-04-23 09:33:26,220 - mmseg - INFO - Iter [119000/160000]	lr: 2.040e-06, eta: 9:43:57, time: 0.689, data_time: 0.371, memory: 22330, decode.loss_seg: 0.0516, decode.acc_seg: 84.4840, aux.loss_seg: 0.0427, aux.acc_seg: 82.3374, loss: 0.0942
2026-04-23 09:34:02,042 - mmseg - INFO - Iter [119050/160000]	lr: 2.037e-06, eta: 9:43:12, time: 0.717, data_time: 0.343, memory: 22330, decode.loss_seg: 0.0508, decode.acc_seg: 83.7682, aux.loss_seg: 0.0413, aux.acc_seg: 81.6879, loss: 0.0921
2026-04-23 09:34:17,486 - mmseg - INFO - Iter [119100/160000]	lr: 2.035e-06, eta: 9:42:20, time: 0.309, data_time: 0.004, memory: 22330, decode.loss_seg: 0.0519, decode.acc_seg: 85.7315, aux.loss_seg: 0.0411, aux.acc_seg: 83.7144, loss: 0.0930
2026-04-23 09:34:52,581 - mmseg - INFO - Iter [119150/160000]	lr: 2.032e-06, eta: 9:41:35, time: 0.702, data_time: 0.377, memory: 22330, decode.loss_seg: 0.0499, decode.acc_seg: 82.8022, aux.loss_seg: 0.0399, aux.acc_seg: 80.8037, loss: 0.0897
2026-04-23 09:35:28,345 - mmseg - INFO - Iter [119200/160000]	lr: 2.030e-06, eta: 9:40:49, time: 0.715, data_time: 0.411, memory: 22330, decode.loss_seg: 0.0505, decode.acc_seg: 83.6131, aux.loss_seg: 0.0407, aux.acc_seg: 81.5769, loss: 0.0913
2026-04-23 09:35:43,773 - mmseg - INFO - Iter [119250/160000]	lr: 2.027e-06, eta: 9:39:57, time: 0.308, data_time: 0.004, memory: 22330, decode.loss_seg: 0.0510, decode.acc_seg: 83.5925, aux.loss_seg: 0.0409, aux.acc_seg: 81.5250, loss: 0.0918
2026-04-23 09:36:19,002 - mmseg - INFO - Iter [119300/160000]	lr: 2.025e-06, eta: 9:39:12, time: 0.705, data_time: 0.369, memory: 22330, decode.loss_seg: 0.0504, decode.acc_seg: 84.6834, aux.loss_seg: 0.0399, aux.acc_seg: 82.7076, loss: 0.0903
2026-04-23 09:36:34,434 - mmseg - INFO - Iter [119350/160000]	lr: 2.022e-06, eta: 9:38:20, time: 0.309, data_time: 0.004, memory: 22330, decode.loss_seg: 0.0520, decode.acc_seg: 84.9826, aux.loss_seg: 0.0409, aux.acc_seg: 82.9648, loss: 0.0929
2026-04-23 09:37:08,610 - mmseg - INFO - Iter [119400/160000]	lr: 2.020e-06, eta: 9:37:35, time: 0.684, data_time: 0.343, memory: 22330, decode.loss_seg: 0.0527, decode.acc_seg: 84.5788, aux.loss_seg: 0.0436, aux.acc_seg: 82.3293, loss: 0.0963
2026-04-23 09:37:43,607 - mmseg - INFO - Iter [119450/160000]	lr: 2.017e-06, eta: 9:36:49, time: 0.700, data_time: 0.396, memory: 22330, decode.loss_seg: 0.0497, decode.acc_seg: 84.9417, aux.loss_seg: 0.0402, aux.acc_seg: 82.9144, loss: 0.0899
2026-04-23 09:37:59,009 - mmseg - INFO - Iter [119500/160000]	lr: 2.015e-06, eta: 9:35:57, time: 0.308, data_time: 0.005, memory: 22330, decode.loss_seg: 0.0507, decode.acc_seg: 82.8306, aux.loss_seg: 0.0404, aux.acc_seg: 80.7923, loss: 0.0911
2026-04-23 09:38:34,770 - mmseg - INFO - Iter [119550/160000]	lr: 2.012e-06, eta: 9:35:12, time: 0.715, data_time: 0.373, memory: 22330, decode.loss_seg: 0.0483, decode.acc_seg: 82.8053, aux.loss_seg: 0.0388, aux.acc_seg: 80.8360, loss: 0.0871
2026-04-23 09:39:09,552 - mmseg - INFO - Iter [119600/160000]	lr: 2.010e-06, eta: 9:34:27, time: 0.696, data_time: 0.385, memory: 22330, decode.loss_seg: 0.0515, decode.acc_seg: 83.1918, aux.loss_seg: 0.0415, aux.acc_seg: 81.1497, loss: 0.0931
2026-04-23 09:39:24,959 - mmseg - INFO - Iter [119650/160000]	lr: 2.007e-06, eta: 9:33:35, time: 0.308, data_time: 0.003, memory: 22330, decode.loss_seg: 0.0500, decode.acc_seg: 82.9936, aux.loss_seg: 0.0404, aux.acc_seg: 80.9317, loss: 0.0904
2026-04-23 09:40:00,344 - mmseg - INFO - Iter [119700/160000]	lr: 2.005e-06, eta: 9:32:50, time: 0.708, data_time: 0.340, memory: 22330, decode.loss_seg: 0.0502, decode.acc_seg: 84.3985, aux.loss_seg: 0.0400, aux.acc_seg: 82.3848, loss: 0.0901
2026-04-23 09:40:35,806 - mmseg - INFO - Iter [119750/160000]	lr: 2.002e-06, eta: 9:32:05, time: 0.709, data_time: 0.396, memory: 22330, decode.loss_seg: 0.0469, decode.acc_seg: 83.5135, aux.loss_seg: 0.0386, aux.acc_seg: 81.5434, loss: 0.0855
2026-04-23 09:40:51,256 - mmseg - INFO - Iter [119800/160000]	lr: 2.000e-06, eta: 9:31:13, time: 0.309, data_time: 0.003, memory: 22330, decode.loss_seg: 0.0509, decode.acc_seg: 85.2009, aux.loss_seg: 0.0407, aux.acc_seg: 83.1354, loss: 0.0917
2026-04-23 09:41:26,881 - mmseg - INFO - Iter [119850/160000]	lr: 1.997e-06, eta: 9:30:28, time: 0.713, data_time: 0.335, memory: 22330, decode.loss_seg: 0.0506, decode.acc_seg: 84.7896, aux.loss_seg: 0.0407, aux.acc_seg: 82.7262, loss: 0.0913
2026-04-23 09:42:00,593 - mmseg - INFO - Iter [119900/160000]	lr: 1.995e-06, eta: 9:29:43, time: 0.674, data_time: 0.340, memory: 22330, decode.loss_seg: 0.0487, decode.acc_seg: 83.8268, aux.loss_seg: 0.0393, aux.acc_seg: 81.8323, loss: 0.0881
2026-04-23 09:42:15,925 - mmseg - INFO - Iter [119950/160000]	lr: 1.992e-06, eta: 9:28:51, time: 0.306, data_time: 0.004, memory: 22330, decode.loss_seg: 0.0505, decode.acc_seg: 83.6170, aux.loss_seg: 0.0407, aux.acc_seg: 81.5562, loss: 0.0912
2026-04-23 09:43:02,071 - mmseg - INFO - per class results:
2026-04-23 09:43:02,071 - mmseg - INFO - 
+------------+-------+-------+
| Class      | IoU   | Acc   |
+------------+-------+-------+
| housing    | 94.59 | 97.37 |
| industrial | 92.9  | 96.33 |
| natural    | 86.63 | 89.89 |
| land_use   | 77.02 | 82.88 |
| water      | 92.91 | 97.36 |
| other      | 97.56 | 98.92 |
+------------+-------+-------+
2026-04-23 09:43:02,071 - mmseg - INFO - Summary:
2026-04-23 09:43:02,071 - mmseg - INFO - 
+--------+-------+-------+-------+
| Scope  | mIoU  | mAcc  | aAcc  |
+--------+-------+-------+-------+
| global | 90.27 | 93.79 | 95.72 |
+--------+-------+-------+-------+
2026-04-23 09:43:02,096 - mmseg - INFO - Exp name: pixel_upernet_itpn_base_12_512_slide_160k_air_polarsar2_amp_linux.py
2026-04-23 09:43:02,096 - mmseg - INFO - Iter [120000/160000]	lr: 1.990e-06, eta: 9:31:10, time: 11.747, data_time: 0.000, memory: 22330, mIoU: 0.9027, mAcc: 0.9379, aAcc: 0.9572
2026-04-23 09:43:36,606 - mmseg - INFO - Iter [120050/160000]	lr: 1.987e-06, eta: 9:30:24, time: 0.690, data_time: 0.321, memory: 22330, decode.loss_seg: 0.0477, decode.acc_seg: 83.6160, aux.loss_seg: 0.0388, aux.acc_seg: 81.6205, loss: 0.0865
2026-04-23 09:43:51,978 - mmseg - INFO - Iter [120100/160000]	lr: 1.985e-06, eta: 9:29:32, time: 0.307, data_time: 0.004, memory: 22330, decode.loss_seg: 0.0504, decode.acc_seg: 84.0665, aux.loss_seg: 0.0407, aux.acc_seg: 82.0038, loss: 0.0911
2026-04-23 09:44:27,083 - mmseg - INFO - Iter [120150/160000]	lr: 1.982e-06, eta: 9:28:47, time: 0.702, data_time: 0.353, memory: 22330, decode.loss_seg: 0.0489, decode.acc_seg: 82.8909, aux.loss_seg: 0.0395, aux.acc_seg: 80.8779, loss: 0.0884
2026-04-23 09:45:02,458 - mmseg - INFO - Iter [120200/160000]	lr: 1.980e-06, eta: 9:28:02, time: 0.708, data_time: 0.404, memory: 22330, decode.loss_seg: 0.0500, decode.acc_seg: 84.3326, aux.loss_seg: 0.0402, aux.acc_seg: 82.3071, loss: 0.0902
2026-04-23 09:45:17,851 - mmseg - INFO - Iter [120250/160000]	lr: 1.977e-06, eta: 9:27:10, time: 0.308, data_time: 0.004, memory: 22330, decode.loss_seg: 0.0505, decode.acc_seg: 84.3475, aux.loss_seg: 0.0406, aux.acc_seg: 82.3126, loss: 0.0912
2026-04-23 09:45:52,802 - mmseg - INFO - Iter [120300/160000]	lr: 1.975e-06, eta: 9:26:24, time: 0.699, data_time: 0.391, memory: 22330, decode.loss_seg: 0.0496, decode.acc_seg: 84.7778, aux.loss_seg: 0.0406, aux.acc_seg: 82.7036, loss: 0.0902
2026-04-23 09:46:08,190 - mmseg - INFO - Iter [120350/160000]	lr: 1.972e-06, eta: 9:25:33, time: 0.308, data_time: 0.003, memory: 22330, decode.loss_seg: 0.0512, decode.acc_seg: 84.4061, aux.loss_seg: 0.0409, aux.acc_seg: 82.3443, loss: 0.0921
2026-04-23 09:46:44,029 - mmseg - INFO - Iter [120400/160000]	lr: 1.970e-06, eta: 9:24:48, time: 0.717, data_time: 0.376, memory: 22330, decode.loss_seg: 0.0510, decode.acc_seg: 84.9004, aux.loss_seg: 0.0415, aux.acc_seg: 82.8188, loss: 0.0925
2026-04-23 09:47:17,873 - mmseg - INFO - Iter [120450/160000]	lr: 1.967e-06, eta: 9:24:02, time: 0.677, data_time: 0.374, memory: 22330, decode.loss_seg: 0.0496, decode.acc_seg: 83.4809, aux.loss_seg: 0.0405, aux.acc_seg: 81.4240, loss: 0.0901
2026-04-23 09:47:33,196 - mmseg - INFO - Iter [120500/160000]	lr: 1.965e-06, eta: 9:23:10, time: 0.306, data_time: 0.003, memory: 22330, decode.loss_seg: 0.0491, decode.acc_seg: 83.6990, aux.loss_seg: 0.0394, aux.acc_seg: 81.7270, loss: 0.0884
2026-04-23 09:48:07,837 - mmseg - INFO - Iter [120550/160000]	lr: 1.962e-06, eta: 9:22:25, time: 0.693, data_time: 0.350, memory: 22330, decode.loss_seg: 0.0499, decode.acc_seg: 83.5895, aux.loss_seg: 0.0393, aux.acc_seg: 81.6450, loss: 0.0891
2026-04-23 09:48:42,040 - mmseg - INFO - Iter [120600/160000]	lr: 1.960e-06, eta: 9:21:39, time: 0.684, data_time: 0.362, memory: 22330, decode.loss_seg: 0.0529, decode.acc_seg: 84.3618, aux.loss_seg: 0.0418, aux.acc_seg: 82.3095, loss: 0.0947
2026-04-23 09:48:57,385 - mmseg - INFO - Iter [120650/160000]	lr: 1.957e-06, eta: 9:20:47, time: 0.307, data_time: 0.004, memory: 22330, decode.loss_seg: 0.0505, decode.acc_seg: 84.4796, aux.loss_seg: 0.0407, aux.acc_seg: 82.4224, loss: 0.0912
2026-04-23 09:49:30,841 - mmseg - INFO - Iter [120700/160000]	lr: 1.955e-06, eta: 9:20:02, time: 0.669, data_time: 0.365, memory: 22330, decode.loss_seg: 0.0475, decode.acc_seg: 85.2381, aux.loss_seg: 0.0386, aux.acc_seg: 83.2610, loss: 0.0861
2026-04-23 09:50:05,650 - mmseg - INFO - Iter [120750/160000]	lr: 1.953e-06, eta: 9:19:16, time: 0.696, data_time: 0.356, memory: 22330, decode.loss_seg: 0.0488, decode.acc_seg: 82.4325, aux.loss_seg: 0.0395, aux.acc_seg: 80.4312, loss: 0.0884
2026-04-23 09:50:20,955 - mmseg - INFO - Iter [120800/160000]	lr: 1.950e-06, eta: 9:18:25, time: 0.306, data_time: 0.003, memory: 22330, decode.loss_seg: 0.0501, decode.acc_seg: 83.5944, aux.loss_seg: 0.0401, aux.acc_seg: 81.5905, loss: 0.0902
2026-04-23 09:50:55,963 - mmseg - INFO - Iter [120850/160000]	lr: 1.948e-06, eta: 9:17:39, time: 0.700, data_time: 0.311, memory: 22330, decode.loss_seg: 0.0515, decode.acc_seg: 83.7413, aux.loss_seg: 0.0427, aux.acc_seg: 81.6842, loss: 0.0942
2026-04-23 09:51:30,174 - mmseg - INFO - Iter [120900/160000]	lr: 1.945e-06, eta: 9:16:54, time: 0.684, data_time: 0.375, memory: 22330, decode.loss_seg: 0.0512, decode.acc_seg: 83.8133, aux.loss_seg: 0.0408, aux.acc_seg: 81.7627, loss: 0.0920
2026-04-23 09:51:45,538 - mmseg - INFO - Iter [120950/160000]	lr: 1.943e-06, eta: 9:16:02, time: 0.307, data_time: 0.004, memory: 22330, decode.loss_seg: 0.0490, decode.acc_seg: 82.3577, aux.loss_seg: 0.0397, aux.acc_seg: 80.3410, loss: 0.0887
2026-04-23 09:52:20,106 - mmseg - INFO - Exp name: pixel_upernet_itpn_base_12_512_slide_160k_air_polarsar2_amp_linux.py
2026-04-23 09:52:20,106 - mmseg - INFO - Iter [121000/160000]	lr: 1.940e-06, eta: 9:15:17, time: 0.691, data_time: 0.363, memory: 22330, decode.loss_seg: 0.0493, decode.acc_seg: 83.8652, aux.loss_seg: 0.0399, aux.acc_seg: 81.8475, loss: 0.0893
2026-04-23 09:52:54,291 - mmseg - INFO - Iter [121050/160000]	lr: 1.938e-06, eta: 9:14:31, time: 0.684, data_time: 0.363, memory: 22330, decode.loss_seg: 0.0517, decode.acc_seg: 85.8700, aux.loss_seg: 0.0424, aux.acc_seg: 83.7379, loss: 0.0940
2026-04-23 09:53:09,628 - mmseg - INFO - Iter [121100/160000]	lr: 1.935e-06, eta: 9:13:40, time: 0.307, data_time: 0.004, memory: 22330, decode.loss_seg: 0.0496, decode.acc_seg: 82.9037, aux.loss_seg: 0.0401, aux.acc_seg: 80.8750, loss: 0.0897
2026-04-23 09:53:43,660 - mmseg - INFO - Iter [121150/160000]	lr: 1.933e-06, eta: 9:12:54, time: 0.681, data_time: 0.365, memory: 22330, decode.loss_seg: 0.0474, decode.acc_seg: 83.1507, aux.loss_seg: 0.0384, aux.acc_seg: 81.2269, loss: 0.0858
2026-04-23 09:54:18,217 - mmseg - INFO - Iter [121200/160000]	lr: 1.930e-06, eta: 9:12:09, time: 0.691, data_time: 0.361, memory: 22330, decode.loss_seg: 0.0510, decode.acc_seg: 84.9586, aux.loss_seg: 0.0411, aux.acc_seg: 82.8845, loss: 0.0921
2026-04-23 09:54:33,544 - mmseg - INFO - Iter [121250/160000]	lr: 1.928e-06, eta: 9:11:18, time: 0.307, data_time: 0.003, memory: 22330, decode.loss_seg: 0.0485, decode.acc_seg: 82.9676, aux.loss_seg: 0.0396, aux.acc_seg: 80.9275, loss: 0.0881
2026-04-23 09:55:08,042 - mmseg - INFO - Iter [121300/160000]	lr: 1.925e-06, eta: 9:10:32, time: 0.690, data_time: 0.386, memory: 22330, decode.loss_seg: 0.0501, decode.acc_seg: 85.3200, aux.loss_seg: 0.0424, aux.acc_seg: 83.1450, loss: 0.0924
2026-04-23 09:55:23,405 - mmseg - INFO - Iter [121350/160000]	lr: 1.923e-06, eta: 9:09:41, time: 0.307, data_time: 0.004, memory: 22330, decode.loss_seg: 0.0515, decode.acc_seg: 83.7380, aux.loss_seg: 0.0417, aux.acc_seg: 81.6668, loss: 0.0932
2026-04-23 09:55:57,886 - mmseg - INFO - Iter [121400/160000]	lr: 1.920e-06, eta: 9:08:56, time: 0.689, data_time: 0.364, memory: 22330, decode.loss_seg: 0.0525, decode.acc_seg: 82.4319, aux.loss_seg: 0.0415, aux.acc_seg: 80.3994, loss: 0.0940
2026-04-23 09:56:32,370 - mmseg - INFO - Iter [121450/160000]	lr: 1.918e-06, eta: 9:08:11, time: 0.690, data_time: 0.387, memory: 22330, decode.loss_seg: 0.0477, decode.acc_seg: 82.7353, aux.loss_seg: 0.0381, aux.acc_seg: 80.8630, loss: 0.0858
2026-04-23 09:56:47,724 - mmseg - INFO - Iter [121500/160000]	lr: 1.915e-06, eta: 9:07:19, time: 0.307, data_time: 0.003, memory: 22330, decode.loss_seg: 0.0526, decode.acc_seg: 84.0999, aux.loss_seg: 0.0419, aux.acc_seg: 82.0272, loss: 0.0944
2026-04-23 09:57:22,720 - mmseg - INFO - Iter [121550/160000]	lr: 1.913e-06, eta: 9:06:34, time: 0.700, data_time: 0.397, memory: 22330, decode.loss_seg: 0.0509, decode.acc_seg: 84.2207, aux.loss_seg: 0.0400, aux.acc_seg: 82.2281, loss: 0.0909
2026-04-23 09:57:56,888 - mmseg - INFO - Iter [121600/160000]	lr: 1.910e-06, eta: 9:05:49, time: 0.683, data_time: 0.351, memory: 22330, decode.loss_seg: 0.0475, decode.acc_seg: 81.6149, aux.loss_seg: 0.0381, aux.acc_seg: 79.6793, loss: 0.0856
2026-04-23 09:58:12,299 - mmseg - INFO - Iter [121650/160000]	lr: 1.908e-06, eta: 9:04:58, time: 0.308, data_time: 0.004, memory: 22330, decode.loss_seg: 0.0502, decode.acc_seg: 85.7743, aux.loss_seg: 0.0400, aux.acc_seg: 83.7686, loss: 0.0902
2026-04-23 09:58:45,882 - mmseg - INFO - Iter [121700/160000]	lr: 1.905e-06, eta: 9:04:12, time: 0.672, data_time: 0.339, memory: 22330, decode.loss_seg: 0.0467, decode.acc_seg: 83.1063, aux.loss_seg: 0.0379, aux.acc_seg: 81.1640, loss: 0.0846
2026-04-23 09:59:19,447 - mmseg - INFO - Iter [121750/160000]	lr: 1.903e-06, eta: 9:03:27, time: 0.671, data_time: 0.356, memory: 22330, decode.loss_seg: 0.0511, decode.acc_seg: 84.0208, aux.loss_seg: 0.0416, aux.acc_seg: 81.9241, loss: 0.0927
2026-04-23 09:59:34,814 - mmseg - INFO - Iter [121800/160000]	lr: 1.900e-06, eta: 9:02:35, time: 0.307, data_time: 0.003, memory: 22330, decode.loss_seg: 0.0489, decode.acc_seg: 82.1559, aux.loss_seg: 0.0415, aux.acc_seg: 79.9462, loss: 0.0904
2026-04-23 10:00:09,288 - mmseg - INFO - Iter [121850/160000]	lr: 1.898e-06, eta: 9:01:50, time: 0.690, data_time: 0.366, memory: 22330, decode.loss_seg: 0.0497, decode.acc_seg: 84.5077, aux.loss_seg: 0.0400, aux.acc_seg: 82.4939, loss: 0.0898
2026-04-23 10:00:44,910 - mmseg - INFO - Iter [121900/160000]	lr: 1.895e-06, eta: 9:01:06, time: 0.712, data_time: 0.334, memory: 22330, decode.loss_seg: 0.0501, decode.acc_seg: 82.1709, aux.loss_seg: 0.0399, aux.acc_seg: 80.1606, loss: 0.0900
2026-04-23 10:01:00,236 - mmseg - INFO - Iter [121950/160000]	lr: 1.893e-06, eta: 9:00:14, time: 0.306, data_time: 0.004, memory: 22330, decode.loss_seg: 0.0493, decode.acc_seg: 83.7963, aux.loss_seg: 0.0403, aux.acc_seg: 81.7228, loss: 0.0896
2026-04-23 10:01:46,905 - mmseg - INFO - per class results:
2026-04-23 10:01:46,905 - mmseg - INFO - 
+------------+-------+-------+
| Class      | IoU   | Acc   |
+------------+-------+-------+
| housing    | 94.51 | 97.11 |
| industrial | 92.66 | 95.95 |
| natural    | 86.18 | 89.24 |
| land_use   | 76.45 | 82.01 |
| water      | 92.67 | 97.63 |
| other      | 97.38 | 99.12 |
+------------+-------+-------+
2026-04-23 10:01:46,905 - mmseg - INFO - Summary:
2026-04-23 10:01:46,905 - mmseg - INFO - 
+--------+-------+-------+-------+
| Scope  | mIoU  | mAcc  | aAcc  |
+--------+-------+-------+-------+
| global | 89.97 | 93.51 | 95.59 |
+--------+-------+-------+-------+
2026-04-23 10:01:46,930 - mmseg - INFO - Exp name: pixel_upernet_itpn_base_12_512_slide_160k_air_polarsar2_amp_linux.py
2026-04-23 10:01:46,930 - mmseg - INFO - Iter [122000/160000]	lr: 1.890e-06, eta: 9:02:19, time: 11.599, data_time: 0.000, memory: 22330, mIoU: 0.8997, mAcc: 0.9351, aAcc: 0.9559
2026-04-23 10:02:22,190 - mmseg - INFO - Iter [122050/160000]	lr: 1.888e-06, eta: 9:01:34, time: 0.705, data_time: 0.375, memory: 22330, decode.loss_seg: 0.0470, decode.acc_seg: 84.2076, aux.loss_seg: 0.0376, aux.acc_seg: 82.2845, loss: 0.0847
2026-04-23 10:02:37,582 - mmseg - INFO - Iter [122100/160000]	lr: 1.885e-06, eta: 9:00:43, time: 0.308, data_time: 0.004, memory: 22330, decode.loss_seg: 0.0487, decode.acc_seg: 83.3091, aux.loss_seg: 0.0400, aux.acc_seg: 81.2128, loss: 0.0887
2026-04-23 10:03:12,390 - mmseg - INFO - Iter [122150/160000]	lr: 1.883e-06, eta: 8:59:57, time: 0.696, data_time: 0.338, memory: 22330, decode.loss_seg: 0.0492, decode.acc_seg: 84.9618, aux.loss_seg: 0.0397, aux.acc_seg: 82.9449, loss: 0.0889
2026-04-23 10:03:47,412 - mmseg - INFO - Iter [122200/160000]	lr: 1.880e-06, eta: 8:59:12, time: 0.701, data_time: 0.351, memory: 22330, decode.loss_seg: 0.0500, decode.acc_seg: 83.9341, aux.loss_seg: 0.0404, aux.acc_seg: 81.8642, loss: 0.0904
2026-04-23 10:04:02,805 - mmseg - INFO - Iter [122250/160000]	lr: 1.878e-06, eta: 8:58:21, time: 0.308, data_time: 0.004, memory: 22330, decode.loss_seg: 0.0505, decode.acc_seg: 84.4685, aux.loss_seg: 0.0401, aux.acc_seg: 82.4714, loss: 0.0906
2026-04-23 10:04:38,342 - mmseg - INFO - Iter [122300/160000]	lr: 1.875e-06, eta: 8:57:36, time: 0.711, data_time: 0.406, memory: 22330, decode.loss_seg: 0.0487, decode.acc_seg: 83.9365, aux.loss_seg: 0.0398, aux.acc_seg: 81.8685, loss: 0.0886
2026-04-23 10:04:53,738 - mmseg - INFO - Iter [122350/160000]	lr: 1.873e-06, eta: 8:56:45, time: 0.308, data_time: 0.004, memory: 22330, decode.loss_seg: 0.0503, decode.acc_seg: 84.9812, aux.loss_seg: 0.0401, aux.acc_seg: 82.9745, loss: 0.0903
2026-04-23 10:05:28,261 - mmseg - INFO - Iter [122400/160000]	lr: 1.870e-06, eta: 8:55:59, time: 0.691, data_time: 0.359, memory: 22330, decode.loss_seg: 0.0488, decode.acc_seg: 83.6559, aux.loss_seg: 0.0400, aux.acc_seg: 81.6146, loss: 0.0889
2026-04-23 10:06:03,524 - mmseg - INFO - Iter [122450/160000]	lr: 1.868e-06, eta: 8:55:14, time: 0.705, data_time: 0.379, memory: 22330, decode.loss_seg: 0.0493, decode.acc_seg: 83.2925, aux.loss_seg: 0.0402, aux.acc_seg: 81.2131, loss: 0.0896
2026-04-23 10:06:18,922 - mmseg - INFO - Iter [122500/160000]	lr: 1.865e-06, eta: 8:54:23, time: 0.308, data_time: 0.004, memory: 22330, decode.loss_seg: 0.0491, decode.acc_seg: 84.5129, aux.loss_seg: 0.0394, aux.acc_seg: 82.5201, loss: 0.0885
2026-04-23 10:06:54,220 - mmseg - INFO - Iter [122550/160000]	lr: 1.863e-06, eta: 8:53:38, time: 0.706, data_time: 0.358, memory: 22330, decode.loss_seg: 0.0502, decode.acc_seg: 83.7376, aux.loss_seg: 0.0398, aux.acc_seg: 81.7387, loss: 0.0900
2026-04-23 10:07:29,306 - mmseg - INFO - Iter [122600/160000]	lr: 1.860e-06, eta: 8:52:53, time: 0.702, data_time: 0.376, memory: 22330, decode.loss_seg: 0.0492, decode.acc_seg: 85.3992, aux.loss_seg: 0.0392, aux.acc_seg: 83.4510, loss: 0.0883
2026-04-23 10:07:44,695 - mmseg - INFO - Iter [122650/160000]	lr: 1.858e-06, eta: 8:52:02, time: 0.308, data_time: 0.003, memory: 22330, decode.loss_seg: 0.0485, decode.acc_seg: 83.7431, aux.loss_seg: 0.0393, aux.acc_seg: 81.7119, loss: 0.0878
2026-04-23 10:08:19,981 - mmseg - INFO - Iter [122700/160000]	lr: 1.856e-06, eta: 8:51:17, time: 0.706, data_time: 0.360, memory: 22330, decode.loss_seg: 0.0501, decode.acc_seg: 83.4539, aux.loss_seg: 0.0401, aux.acc_seg: 81.4554, loss: 0.0902
2026-04-23 10:08:55,622 - mmseg - INFO - Iter [122750/160000]	lr: 1.853e-06, eta: 8:50:32, time: 0.713, data_time: 0.371, memory: 22330, decode.loss_seg: 0.0501, decode.acc_seg: 83.7844, aux.loss_seg: 0.0406, aux.acc_seg: 81.7009, loss: 0.0907
2026-04-23 10:09:11,033 - mmseg - INFO - Iter [122800/160000]	lr: 1.851e-06, eta: 8:49:41, time: 0.308, data_time: 0.004, memory: 22330, decode.loss_seg: 0.0483, decode.acc_seg: 85.3024, aux.loss_seg: 0.0388, aux.acc_seg: 83.3179, loss: 0.0871
2026-04-23 10:09:47,287 - mmseg - INFO - Iter [122850/160000]	lr: 1.848e-06, eta: 8:48:56, time: 0.725, data_time: 0.423, memory: 22330, decode.loss_seg: 0.0502, decode.acc_seg: 83.9829, aux.loss_seg: 0.0404, aux.acc_seg: 81.9678, loss: 0.0906
2026-04-23 10:10:21,653 - mmseg - INFO - Iter [122900/160000]	lr: 1.846e-06, eta: 8:48:11, time: 0.687, data_time: 0.364, memory: 22330, decode.loss_seg: 0.0502, decode.acc_seg: 84.3070, aux.loss_seg: 0.0415, aux.acc_seg: 82.1100, loss: 0.0918
2026-04-23 10:10:37,034 - mmseg - INFO - Iter [122950/160000]	lr: 1.843e-06, eta: 8:47:20, time: 0.308, data_time: 0.004, memory: 22330, decode.loss_seg: 0.0487, decode.acc_seg: 83.1010, aux.loss_seg: 0.0396, aux.acc_seg: 81.0186, loss: 0.0883
2026-04-23 10:11:10,647 - mmseg - INFO - Exp name: pixel_upernet_itpn_base_12_512_slide_160k_air_polarsar2_amp_linux.py
2026-04-23 10:11:10,648 - mmseg - INFO - Iter [123000/160000]	lr: 1.841e-06, eta: 8:46:35, time: 0.672, data_time: 0.330, memory: 22330, decode.loss_seg: 0.0466, decode.acc_seg: 82.0370, aux.loss_seg: 0.0380, aux.acc_seg: 80.0970, loss: 0.0846
2026-04-23 10:11:46,228 - mmseg - INFO - Iter [123050/160000]	lr: 1.838e-06, eta: 8:45:50, time: 0.712, data_time: 0.352, memory: 22330, decode.loss_seg: 0.0499, decode.acc_seg: 84.3477, aux.loss_seg: 0.0401, aux.acc_seg: 82.3051, loss: 0.0900
2026-04-23 10:12:01,632 - mmseg - INFO - Iter [123100/160000]	lr: 1.836e-06, eta: 8:44:59, time: 0.308, data_time: 0.004, memory: 22330, decode.loss_seg: 0.0501, decode.acc_seg: 83.6560, aux.loss_seg: 0.0414, aux.acc_seg: 81.5253, loss: 0.0915
2026-04-23 10:12:36,220 - mmseg - INFO - Iter [123150/160000]	lr: 1.833e-06, eta: 8:44:14, time: 0.692, data_time: 0.371, memory: 22330, decode.loss_seg: 0.0469, decode.acc_seg: 84.1327, aux.loss_seg: 0.0381, aux.acc_seg: 82.1848, loss: 0.0851
2026-04-23 10:12:51,605 - mmseg - INFO - Iter [123200/160000]	lr: 1.831e-06, eta: 8:43:23, time: 0.308, data_time: 0.005, memory: 22330, decode.loss_seg: 0.0500, decode.acc_seg: 85.0340, aux.loss_seg: 0.0399, aux.acc_seg: 83.0118, loss: 0.0899
2026-04-23 10:13:25,520 - mmseg - INFO - Iter [123250/160000]	lr: 1.828e-06, eta: 8:42:38, time: 0.678, data_time: 0.341, memory: 22330, decode.loss_seg: 0.0499, decode.acc_seg: 84.4892, aux.loss_seg: 0.0401, aux.acc_seg: 82.4685, loss: 0.0900
2026-04-23 10:14:00,032 - mmseg - INFO - Iter [123300/160000]	lr: 1.826e-06, eta: 8:41:53, time: 0.690, data_time: 0.387, memory: 22330, decode.loss_seg: 0.0492, decode.acc_seg: 84.6919, aux.loss_seg: 0.0394, aux.acc_seg: 82.7191, loss: 0.0886
2026-04-23 10:14:15,469 - mmseg - INFO - Iter [123350/160000]	lr: 1.823e-06, eta: 8:41:02, time: 0.309, data_time: 0.004, memory: 22330, decode.loss_seg: 0.0498, decode.acc_seg: 83.6701, aux.loss_seg: 0.0399, aux.acc_seg: 81.6498, loss: 0.0896
2026-04-23 10:14:48,579 - mmseg - INFO - Iter [123400/160000]	lr: 1.821e-06, eta: 8:40:17, time: 0.662, data_time: 0.332, memory: 22330, decode.loss_seg: 0.0490, decode.acc_seg: 85.0102, aux.loss_seg: 0.0400, aux.acc_seg: 82.9550, loss: 0.0890
2026-04-23 10:15:23,966 - mmseg - INFO - Iter [123450/160000]	lr: 1.818e-06, eta: 8:39:32, time: 0.708, data_time: 0.395, memory: 22330, decode.loss_seg: 0.0486, decode.acc_seg: 84.0684, aux.loss_seg: 0.0396, aux.acc_seg: 82.0524, loss: 0.0882
2026-04-23 10:15:39,365 - mmseg - INFO - Iter [123500/160000]	lr: 1.816e-06, eta: 8:38:41, time: 0.308, data_time: 0.003, memory: 22330, decode.loss_seg: 0.0510, decode.acc_seg: 84.6334, aux.loss_seg: 0.0416, aux.acc_seg: 82.5028, loss: 0.0926
2026-04-23 10:16:14,181 - mmseg - INFO - Iter [123550/160000]	lr: 1.813e-06, eta: 8:37:56, time: 0.696, data_time: 0.387, memory: 22330, decode.loss_seg: 0.0487, decode.acc_seg: 84.6368, aux.loss_seg: 0.0394, aux.acc_seg: 82.6060, loss: 0.0881
2026-04-23 10:16:49,211 - mmseg - INFO - Iter [123600/160000]	lr: 1.811e-06, eta: 8:37:11, time: 0.701, data_time: 0.378, memory: 22330, decode.loss_seg: 0.0494, decode.acc_seg: 84.1371, aux.loss_seg: 0.0401, aux.acc_seg: 82.0868, loss: 0.0895
2026-04-23 10:17:04,601 - mmseg - INFO - Iter [123650/160000]	lr: 1.808e-06, eta: 8:36:21, time: 0.308, data_time: 0.004, memory: 22330, decode.loss_seg: 0.0494, decode.acc_seg: 85.2210, aux.loss_seg: 0.0401, aux.acc_seg: 83.1925, loss: 0.0895
2026-04-23 10:17:39,442 - mmseg - INFO - Iter [123700/160000]	lr: 1.806e-06, eta: 8:35:36, time: 0.697, data_time: 0.372, memory: 22330, decode.loss_seg: 0.0477, decode.acc_seg: 84.6841, aux.loss_seg: 0.0396, aux.acc_seg: 82.6519, loss: 0.0872
2026-04-23 10:18:14,606 - mmseg - INFO - Iter [123750/160000]	lr: 1.803e-06, eta: 8:34:51, time: 0.703, data_time: 0.393, memory: 22330, decode.loss_seg: 0.0501, decode.acc_seg: 83.5609, aux.loss_seg: 0.0402, aux.acc_seg: 81.5170, loss: 0.0903
2026-04-23 10:18:30,018 - mmseg - INFO - Iter [123800/160000]	lr: 1.801e-06, eta: 8:34:00, time: 0.308, data_time: 0.004, memory: 22330, decode.loss_seg: 0.0494, decode.acc_seg: 84.3755, aux.loss_seg: 0.0399, aux.acc_seg: 82.3488, loss: 0.0893
2026-04-23 10:19:04,897 - mmseg - INFO - Iter [123850/160000]	lr: 1.798e-06, eta: 8:33:16, time: 0.698, data_time: 0.333, memory: 22330, decode.loss_seg: 0.0486, decode.acc_seg: 84.4899, aux.loss_seg: 0.0400, aux.acc_seg: 82.4272, loss: 0.0886
2026-04-23 10:19:39,314 - mmseg - INFO - Iter [123900/160000]	lr: 1.796e-06, eta: 8:32:31, time: 0.688, data_time: 0.384, memory: 22330, decode.loss_seg: 0.0493, decode.acc_seg: 84.3807, aux.loss_seg: 0.0399, aux.acc_seg: 82.3404, loss: 0.0893
2026-04-23 10:19:54,733 - mmseg - INFO - Iter [123950/160000]	lr: 1.793e-06, eta: 8:31:40, time: 0.309, data_time: 0.004, memory: 22330, decode.loss_seg: 0.0497, decode.acc_seg: 84.4384, aux.loss_seg: 0.0395, aux.acc_seg: 82.4644, loss: 0.0892
2026-04-23 10:20:42,014 - mmseg - INFO - per class results:
2026-04-23 10:20:42,015 - mmseg - INFO - 
+------------+-------+-------+
| Class      | IoU   | Acc   |
+------------+-------+-------+
| housing    | 94.54 | 97.41 |
| industrial | 92.83 | 96.2  |
| natural    | 86.11 | 88.86 |
| land_use   | 76.8  | 82.14 |
| water      | 92.91 | 97.6  |
| other      | 97.4  | 98.83 |
+------------+-------+-------+
2026-04-23 10:20:42,015 - mmseg - INFO - Summary:
2026-04-23 10:20:42,015 - mmseg - INFO - 
+--------+------+-------+-------+
| Scope  | mIoU | mAcc  | aAcc  |
+--------+------+-------+-------+
| global | 90.1 | 93.51 | 95.69 |
+--------+------+-------+-------+
2026-04-23 10:20:42,039 - mmseg - INFO - Exp name: pixel_upernet_itpn_base_12_512_slide_160k_air_polarsar2_amp_linux.py
2026-04-23 10:20:42,039 - mmseg - INFO - Iter [124000/160000]	lr: 1.791e-06, eta: 8:33:33, time: 11.594, data_time: 0.000, memory: 22330, mIoU: 0.9010, mAcc: 0.9351, aAcc: 0.9569
2026-04-23 10:21:17,008 - mmseg - INFO - Iter [124050/160000]	lr: 1.788e-06, eta: 8:32:48, time: 0.699, data_time: 0.394, memory: 22330, decode.loss_seg: 0.0489, decode.acc_seg: 84.7672, aux.loss_seg: 0.0394, aux.acc_seg: 82.7403, loss: 0.0883
2026-04-23 10:21:32,495 - mmseg - INFO - Iter [124100/160000]	lr: 1.786e-06, eta: 8:31:58, time: 0.310, data_time: 0.004, memory: 22330, decode.loss_seg: 0.0481, decode.acc_seg: 83.3341, aux.loss_seg: 0.0388, aux.acc_seg: 81.3798, loss: 0.0869
2026-04-23 10:22:07,114 - mmseg - INFO - Iter [124150/160000]	lr: 1.783e-06, eta: 8:31:13, time: 0.693, data_time: 0.367, memory: 22330, decode.loss_seg: 0.0495, decode.acc_seg: 84.3269, aux.loss_seg: 0.0397, aux.acc_seg: 82.3079, loss: 0.0893
2026-04-23 10:22:22,542 - mmseg - INFO - Iter [124200/160000]	lr: 1.781e-06, eta: 8:30:22, time: 0.309, data_time: 0.004, memory: 22330, decode.loss_seg: 0.0511, decode.acc_seg: 83.6146, aux.loss_seg: 0.0405, aux.acc_seg: 81.6086, loss: 0.0916
2026-04-23 10:22:57,441 - mmseg - INFO - Iter [124250/160000]	lr: 1.778e-06, eta: 8:29:37, time: 0.698, data_time: 0.392, memory: 22330, decode.loss_seg: 0.0512, decode.acc_seg: 85.2519, aux.loss_seg: 0.0406, aux.acc_seg: 83.2295, loss: 0.0919
2026-04-23 10:23:32,419 - mmseg - INFO - Iter [124300/160000]	lr: 1.776e-06, eta: 8:28:52, time: 0.700, data_time: 0.324, memory: 22330, decode.loss_seg: 0.0480, decode.acc_seg: 85.1159, aux.loss_seg: 0.0389, aux.acc_seg: 83.1041, loss: 0.0869
2026-04-23 10:23:47,839 - mmseg - INFO - Iter [124350/160000]	lr: 1.773e-06, eta: 8:28:01, time: 0.308, data_time: 0.005, memory: 22330, decode.loss_seg: 0.0488, decode.acc_seg: 83.3206, aux.loss_seg: 0.0395, aux.acc_seg: 81.3112, loss: 0.0883
2026-04-23 10:24:23,513 - mmseg - INFO - Iter [124400/160000]	lr: 1.771e-06, eta: 8:27:16, time: 0.713, data_time: 0.355, memory: 22330, decode.loss_seg: 0.0499, decode.acc_seg: 84.6607, aux.loss_seg: 0.0420, aux.acc_seg: 82.4642, loss: 0.0919
2026-04-23 10:24:59,198 - mmseg - INFO - Iter [124450/160000]	lr: 1.768e-06, eta: 8:26:32, time: 0.714, data_time: 0.380, memory: 22330, decode.loss_seg: 0.0506, decode.acc_seg: 84.7027, aux.loss_seg: 0.0402, aux.acc_seg: 82.7294, loss: 0.0908
2026-04-23 10:25:14,651 - mmseg - INFO - Iter [124500/160000]	lr: 1.766e-06, eta: 8:25:41, time: 0.309, data_time: 0.004, memory: 22330, decode.loss_seg: 0.0497, decode.acc_seg: 84.2642, aux.loss_seg: 0.0400, aux.acc_seg: 82.2520, loss: 0.0897
2026-04-23 10:25:49,271 - mmseg - INFO - Iter [124550/160000]	lr: 1.763e-06, eta: 8:24:56, time: 0.692, data_time: 0.369, memory: 22330, decode.loss_seg: 0.0497, decode.acc_seg: 84.2245, aux.loss_seg: 0.0403, aux.acc_seg: 82.1758, loss: 0.0900
2026-04-23 10:26:24,637 - mmseg - INFO - Iter [124600/160000]	lr: 1.761e-06, eta: 8:24:11, time: 0.707, data_time: 0.320, memory: 22330, decode.loss_seg: 0.0486, decode.acc_seg: 83.5480, aux.loss_seg: 0.0413, aux.acc_seg: 81.3720, loss: 0.0898
2026-04-23 10:26:40,101 - mmseg - INFO - Iter [124650/160000]	lr: 1.759e-06, eta: 8:23:21, time: 0.309, data_time: 0.003, memory: 22330, decode.loss_seg: 0.0468, decode.acc_seg: 83.7428, aux.loss_seg: 0.0382, aux.acc_seg: 81.7871, loss: 0.0850
2026-04-23 10:27:14,154 - mmseg - INFO - Iter [124700/160000]	lr: 1.756e-06, eta: 8:22:36, time: 0.681, data_time: 0.340, memory: 22330, decode.loss_seg: 0.0492, decode.acc_seg: 83.9689, aux.loss_seg: 0.0395, aux.acc_seg: 81.9860, loss: 0.0887
2026-04-23 10:27:49,232 - mmseg - INFO - Iter [124750/160000]	lr: 1.754e-06, eta: 8:21:51, time: 0.701, data_time: 0.372, memory: 22330, decode.loss_seg: 0.0481, decode.acc_seg: 82.9143, aux.loss_seg: 0.0390, aux.acc_seg: 80.9220, loss: 0.0871
2026-04-23 10:28:04,672 - mmseg - INFO - Iter [124800/160000]	lr: 1.751e-06, eta: 8:21:00, time: 0.309, data_time: 0.004, memory: 22330, decode.loss_seg: 0.0475, decode.acc_seg: 84.1391, aux.loss_seg: 0.0393, aux.acc_seg: 82.0890, loss: 0.0868
2026-04-23 10:28:40,660 - mmseg - INFO - Iter [124850/160000]	lr: 1.749e-06, eta: 8:20:16, time: 0.720, data_time: 0.409, memory: 22330, decode.loss_seg: 0.0470, decode.acc_seg: 84.0538, aux.loss_seg: 0.0382, aux.acc_seg: 82.1028, loss: 0.0852
2026-04-23 10:29:16,093 - mmseg - INFO - Iter [124900/160000]	lr: 1.746e-06, eta: 8:19:31, time: 0.709, data_time: 0.375, memory: 22330, decode.loss_seg: 0.0484, decode.acc_seg: 85.2253, aux.loss_seg: 0.0392, aux.acc_seg: 83.2239, loss: 0.0877
2026-04-23 10:29:31,513 - mmseg - INFO - Iter [124950/160000]	lr: 1.744e-06, eta: 8:18:41, time: 0.308, data_time: 0.004, memory: 22330, decode.loss_seg: 0.0471, decode.acc_seg: 82.5823, aux.loss_seg: 0.0384, aux.acc_seg: 80.5954, loss: 0.0855
2026-04-23 10:30:06,924 - mmseg - INFO - Exp name: pixel_upernet_itpn_base_12_512_slide_160k_air_polarsar2_amp_linux.py
2026-04-23 10:30:06,925 - mmseg - INFO - Iter [125000/160000]	lr: 1.741e-06, eta: 8:17:56, time: 0.708, data_time: 0.375, memory: 22330, decode.loss_seg: 0.0489, decode.acc_seg: 84.1866, aux.loss_seg: 0.0396, aux.acc_seg: 82.1590, loss: 0.0884
2026-04-23 10:30:41,948 - mmseg - INFO - Iter [125050/160000]	lr: 1.739e-06, eta: 8:17:11, time: 0.700, data_time: 0.397, memory: 22330, decode.loss_seg: 0.0491, decode.acc_seg: 83.6066, aux.loss_seg: 0.0404, aux.acc_seg: 81.5176, loss: 0.0895
2026-04-23 10:30:57,378 - mmseg - INFO - Iter [125100/160000]	lr: 1.736e-06, eta: 8:16:21, time: 0.309, data_time: 0.004, memory: 22330, decode.loss_seg: 0.0482, decode.acc_seg: 84.1799, aux.loss_seg: 0.0395, aux.acc_seg: 82.1281, loss: 0.0877
2026-04-23 10:31:32,338 - mmseg - INFO - Iter [125150/160000]	lr: 1.734e-06, eta: 8:15:36, time: 0.699, data_time: 0.356, memory: 22330, decode.loss_seg: 0.0494, decode.acc_seg: 84.4271, aux.loss_seg: 0.0396, aux.acc_seg: 82.4097, loss: 0.0890
2026-04-23 10:31:47,701 - mmseg - INFO - Iter [125200/160000]	lr: 1.731e-06, eta: 8:14:46, time: 0.307, data_time: 0.004, memory: 22330, decode.loss_seg: 0.0489, decode.acc_seg: 85.2235, aux.loss_seg: 0.0395, aux.acc_seg: 83.2037, loss: 0.0884
2026-04-23 10:32:22,953 - mmseg - INFO - Iter [125250/160000]	lr: 1.729e-06, eta: 8:14:01, time: 0.705, data_time: 0.373, memory: 22330, decode.loss_seg: 0.0486, decode.acc_seg: 84.1155, aux.loss_seg: 0.0394, aux.acc_seg: 82.1027, loss: 0.0880
2026-04-23 10:32:58,192 - mmseg - INFO - Iter [125300/160000]	lr: 1.726e-06, eta: 8:13:16, time: 0.705, data_time: 0.373, memory: 22330, decode.loss_seg: 0.0489, decode.acc_seg: 85.4753, aux.loss_seg: 0.0398, aux.acc_seg: 83.4481, loss: 0.0887
2026-04-23 10:33:13,687 - mmseg - INFO - Iter [125350/160000]	lr: 1.724e-06, eta: 8:12:26, time: 0.310, data_time: 0.005, memory: 22330, decode.loss_seg: 0.0471, decode.acc_seg: 84.1890, aux.loss_seg: 0.0383, aux.acc_seg: 82.2264, loss: 0.0854
2026-04-23 10:33:48,933 - mmseg - INFO - Iter [125400/160000]	lr: 1.721e-06, eta: 8:11:42, time: 0.705, data_time: 0.358, memory: 22330, decode.loss_seg: 0.0475, decode.acc_seg: 84.0582, aux.loss_seg: 0.0391, aux.acc_seg: 82.0384, loss: 0.0866
2026-04-23 10:34:24,361 - mmseg - INFO - Iter [125450/160000]	lr: 1.719e-06, eta: 8:10:57, time: 0.709, data_time: 0.357, memory: 22330, decode.loss_seg: 0.0480, decode.acc_seg: 83.2737, aux.loss_seg: 0.0392, aux.acc_seg: 81.2396, loss: 0.0872
2026-04-23 10:34:39,776 - mmseg - INFO - Iter [125500/160000]	lr: 1.716e-06, eta: 8:10:07, time: 0.308, data_time: 0.004, memory: 22330, decode.loss_seg: 0.0492, decode.acc_seg: 82.2684, aux.loss_seg: 0.0412, aux.acc_seg: 80.0644, loss: 0.0904
2026-04-23 10:35:15,014 - mmseg - INFO - Iter [125550/160000]	lr: 1.714e-06, eta: 8:09:22, time: 0.705, data_time: 0.329, memory: 22330, decode.loss_seg: 0.0496, decode.acc_seg: 83.6325, aux.loss_seg: 0.0405, aux.acc_seg: 81.5614, loss: 0.0902
2026-04-23 10:35:50,139 - mmseg - INFO - Iter [125600/160000]	lr: 1.711e-06, eta: 8:08:38, time: 0.702, data_time: 0.397, memory: 22330, decode.loss_seg: 0.0479, decode.acc_seg: 81.6554, aux.loss_seg: 0.0392, aux.acc_seg: 79.6150, loss: 0.0871
2026-04-23 10:36:05,652 - mmseg - INFO - Iter [125650/160000]	lr: 1.709e-06, eta: 8:07:48, time: 0.310, data_time: 0.004, memory: 22330, decode.loss_seg: 0.0504, decode.acc_seg: 85.8211, aux.loss_seg: 0.0404, aux.acc_seg: 83.7642, loss: 0.0908
2026-04-23 10:36:40,895 - mmseg - INFO - Iter [125700/160000]	lr: 1.706e-06, eta: 8:07:03, time: 0.705, data_time: 0.364, memory: 22330, decode.loss_seg: 0.0483, decode.acc_seg: 82.7568, aux.loss_seg: 0.0388, aux.acc_seg: 80.8165, loss: 0.0871
2026-04-23 10:37:14,370 - mmseg - INFO - Iter [125750/160000]	lr: 1.704e-06, eta: 8:06:18, time: 0.669, data_time: 0.296, memory: 22330, decode.loss_seg: 0.0501, decode.acc_seg: 84.9442, aux.loss_seg: 0.0402, aux.acc_seg: 82.9448, loss: 0.0903
2026-04-23 10:37:29,739 - mmseg - INFO - Iter [125800/160000]	lr: 1.701e-06, eta: 8:05:28, time: 0.308, data_time: 0.004, memory: 22330, decode.loss_seg: 0.0499, decode.acc_seg: 83.1900, aux.loss_seg: 0.0420, aux.acc_seg: 80.9656, loss: 0.0919
2026-04-23 10:38:04,590 - mmseg - INFO - Iter [125850/160000]	lr: 1.699e-06, eta: 8:04:43, time: 0.697, data_time: 0.378, memory: 22330, decode.loss_seg: 0.0504, decode.acc_seg: 82.9995, aux.loss_seg: 0.0402, aux.acc_seg: 80.9743, loss: 0.0906
2026-04-23 10:38:39,450 - mmseg - INFO - Iter [125900/160000]	lr: 1.696e-06, eta: 8:03:58, time: 0.697, data_time: 0.392, memory: 22330, decode.loss_seg: 0.0475, decode.acc_seg: 84.7601, aux.loss_seg: 0.0385, aux.acc_seg: 82.7977, loss: 0.0860
2026-04-23 10:38:54,909 - mmseg - INFO - Iter [125950/160000]	lr: 1.694e-06, eta: 8:03:09, time: 0.309, data_time: 0.003, memory: 22330, decode.loss_seg: 0.0491, decode.acc_seg: 84.0727, aux.loss_seg: 0.0397, aux.acc_seg: 82.0298, loss: 0.0888
2026-04-23 10:39:42,278 - mmseg - INFO - per class results:
2026-04-23 10:39:42,278 - mmseg - INFO - 
+------------+-------+-------+
| Class      | IoU   | Acc   |
+------------+-------+-------+
| housing    | 94.59 | 97.22 |
| industrial | 92.84 | 96.21 |
| natural    | 86.38 | 89.21 |
| land_use   | 76.85 | 82.33 |
| water      | 92.87 | 97.54 |
| other      | 96.97 | 99.21 |
+------------+-------+-------+
2026-04-23 10:39:42,278 - mmseg - INFO - Summary:
2026-04-23 10:39:42,279 - mmseg - INFO - 
+--------+-------+-------+-------+
| Scope  | mIoU  | mAcc  | aAcc  |
+--------+-------+-------+-------+
| global | 90.08 | 93.62 | 95.69 |
+--------+-------+-------+-------+
2026-04-23 10:39:42,321 - mmseg - INFO - Exp name: pixel_upernet_itpn_base_12_512_slide_160k_air_polarsar2_amp_linux.py
2026-04-23 10:39:42,322 - mmseg - INFO - Iter [126000/160000]	lr: 1.691e-06, eta: 8:05:08, time: 12.833, data_time: 0.000, memory: 22330, mIoU: 0.9008, mAcc: 0.9362, aAcc: 0.9569
2026-04-23 10:40:13,242 - mmseg - INFO - Iter [126050/160000]	lr: 1.689e-06, eta: 8:04:22, time: 0.618, data_time: 0.308, memory: 22330, decode.loss_seg: 0.0512, decode.acc_seg: 85.6609, aux.loss_seg: 0.0401, aux.acc_seg: 83.6767, loss: 0.0913
2026-04-23 10:40:28,636 - mmseg - INFO - Iter [126100/160000]	lr: 1.686e-06, eta: 8:03:31, time: 0.308, data_time: 0.003, memory: 22330, decode.loss_seg: 0.0496, decode.acc_seg: 82.3763, aux.loss_seg: 0.0408, aux.acc_seg: 80.2463, loss: 0.0904
2026-04-23 10:41:04,138 - mmseg - INFO - Iter [126150/160000]	lr: 1.684e-06, eta: 8:02:47, time: 0.710, data_time: 0.391, memory: 22330, decode.loss_seg: 0.0505, decode.acc_seg: 84.9570, aux.loss_seg: 0.0406, aux.acc_seg: 82.9347, loss: 0.0911
2026-04-23 10:41:19,610 - mmseg - INFO - Iter [126200/160000]	lr: 1.681e-06, eta: 8:01:57, time: 0.309, data_time: 0.004, memory: 22330, decode.loss_seg: 0.0498, decode.acc_seg: 85.0463, aux.loss_seg: 0.0402, aux.acc_seg: 82.9959, loss: 0.0900
2026-04-23 10:41:53,621 - mmseg - INFO - Iter [126250/160000]	lr: 1.679e-06, eta: 8:01:12, time: 0.680, data_time: 0.327, memory: 22330, decode.loss_seg: 0.0484, decode.acc_seg: 83.2256, aux.loss_seg: 0.0392, aux.acc_seg: 81.2143, loss: 0.0877
2026-04-23 10:42:28,323 - mmseg - INFO - Iter [126300/160000]	lr: 1.676e-06, eta: 8:00:27, time: 0.694, data_time: 0.340, memory: 22330, decode.loss_seg: 0.0489, decode.acc_seg: 83.3792, aux.loss_seg: 0.0398, aux.acc_seg: 81.3213, loss: 0.0887
2026-04-23 10:42:43,744 - mmseg - INFO - Iter [126350/160000]	lr: 1.674e-06, eta: 7:59:37, time: 0.308, data_time: 0.004, memory: 22330, decode.loss_seg: 0.0466, decode.acc_seg: 84.4779, aux.loss_seg: 0.0384, aux.acc_seg: 82.4908, loss: 0.0850
2026-04-23 10:43:18,616 - mmseg - INFO - Iter [126400/160000]	lr: 1.671e-06, eta: 7:58:52, time: 0.698, data_time: 0.393, memory: 22330, decode.loss_seg: 0.0492, decode.acc_seg: 85.1275, aux.loss_seg: 0.0404, aux.acc_seg: 83.0445, loss: 0.0897
2026-04-23 10:43:52,652 - mmseg - INFO - Iter [126450/160000]	lr: 1.669e-06, eta: 7:58:07, time: 0.681, data_time: 0.348, memory: 22330, decode.loss_seg: 0.0480, decode.acc_seg: 83.6081, aux.loss_seg: 0.0409, aux.acc_seg: 81.4242, loss: 0.0888
2026-04-23 10:44:08,102 - mmseg - INFO - Iter [126500/160000]	lr: 1.666e-06, eta: 7:57:17, time: 0.309, data_time: 0.004, memory: 22330, decode.loss_seg: 0.0528, decode.acc_seg: 83.7342, aux.loss_seg: 0.0439, aux.acc_seg: 81.4763, loss: 0.0967
2026-04-23 10:44:42,647 - mmseg - INFO - Iter [126550/160000]	lr: 1.664e-06, eta: 7:56:32, time: 0.691, data_time: 0.360, memory: 22330, decode.loss_seg: 0.0481, decode.acc_seg: 83.7878, aux.loss_seg: 0.0390, aux.acc_seg: 81.7885, loss: 0.0871
2026-04-23 10:45:17,114 - mmseg - INFO - Iter [126600/160000]	lr: 1.662e-06, eta: 7:55:47, time: 0.689, data_time: 0.361, memory: 22330, decode.loss_seg: 0.0498, decode.acc_seg: 85.0909, aux.loss_seg: 0.0401, aux.acc_seg: 83.0765, loss: 0.0899
2026-04-23 10:45:32,546 - mmseg - INFO - Iter [126650/160000]	lr: 1.659e-06, eta: 7:54:57, time: 0.309, data_time: 0.003, memory: 22330, decode.loss_seg: 0.0477, decode.acc_seg: 83.6680, aux.loss_seg: 0.0384, aux.acc_seg: 81.6846, loss: 0.0861
2026-04-23 10:46:07,685 - mmseg - INFO - Iter [126700/160000]	lr: 1.657e-06, eta: 7:54:12, time: 0.703, data_time: 0.361, memory: 22330, decode.loss_seg: 0.0477, decode.acc_seg: 85.2528, aux.loss_seg: 0.0387, aux.acc_seg: 83.2528, loss: 0.0864
2026-04-23 10:46:42,988 - mmseg - INFO - Iter [126750/160000]	lr: 1.654e-06, eta: 7:53:27, time: 0.706, data_time: 0.367, memory: 22330, decode.loss_seg: 0.0485, decode.acc_seg: 84.2702, aux.loss_seg: 0.0423, aux.acc_seg: 82.0691, loss: 0.0907
2026-04-23 10:46:58,401 - mmseg - INFO - Iter [126800/160000]	lr: 1.652e-06, eta: 7:52:38, time: 0.308, data_time: 0.004, memory: 22330, decode.loss_seg: 0.0503, decode.acc_seg: 85.0300, aux.loss_seg: 0.0403, aux.acc_seg: 83.0063, loss: 0.0906
2026-04-23 10:47:33,831 - mmseg - INFO - Iter [126850/160000]	lr: 1.649e-06, eta: 7:51:53, time: 0.709, data_time: 0.404, memory: 22330, decode.loss_seg: 0.0486, decode.acc_seg: 82.6105, aux.loss_seg: 0.0393, aux.acc_seg: 80.6110, loss: 0.0879
2026-04-23 10:48:08,457 - mmseg - INFO - Iter [126900/160000]	lr: 1.647e-06, eta: 7:51:08, time: 0.692, data_time: 0.333, memory: 22330, decode.loss_seg: 0.0472, decode.acc_seg: 84.6480, aux.loss_seg: 0.0383, aux.acc_seg: 82.6956, loss: 0.0855
2026-04-23 10:48:23,918 - mmseg - INFO - Iter [126950/160000]	lr: 1.644e-06, eta: 7:50:18, time: 0.309, data_time: 0.004, memory: 22330, decode.loss_seg: 0.0479, decode.acc_seg: 83.4072, aux.loss_seg: 0.0392, aux.acc_seg: 81.3829, loss: 0.0871
2026-04-23 10:48:59,021 - mmseg - INFO - Exp name: pixel_upernet_itpn_base_12_512_slide_160k_air_polarsar2_amp_linux.py
2026-04-23 10:48:59,021 - mmseg - INFO - Iter [127000/160000]	lr: 1.642e-06, eta: 7:49:34, time: 0.702, data_time: 0.381, memory: 22330, decode.loss_seg: 0.0493, decode.acc_seg: 84.7731, aux.loss_seg: 0.0402, aux.acc_seg: 82.7247, loss: 0.0895
2026-04-23 10:49:14,452 - mmseg - INFO - Iter [127050/160000]	lr: 1.639e-06, eta: 7:48:44, time: 0.309, data_time: 0.004, memory: 22330, decode.loss_seg: 0.0488, decode.acc_seg: 84.3603, aux.loss_seg: 0.0397, aux.acc_seg: 82.3303, loss: 0.0885
2026-04-23 10:49:49,232 - mmseg - INFO - Iter [127100/160000]	lr: 1.637e-06, eta: 7:47:59, time: 0.696, data_time: 0.381, memory: 22330, decode.loss_seg: 0.0476, decode.acc_seg: 83.2801, aux.loss_seg: 0.0390, aux.acc_seg: 81.2433, loss: 0.0866
2026-04-23 10:50:24,954 - mmseg - INFO - Iter [127150/160000]	lr: 1.634e-06, eta: 7:47:15, time: 0.714, data_time: 0.363, memory: 22330, decode.loss_seg: 0.0473, decode.acc_seg: 83.9698, aux.loss_seg: 0.0394, aux.acc_seg: 81.9030, loss: 0.0868
2026-04-23 10:50:40,406 - mmseg - INFO - Iter [127200/160000]	lr: 1.632e-06, eta: 7:46:25, time: 0.309, data_time: 0.004, memory: 22330, decode.loss_seg: 0.0499, decode.acc_seg: 83.7624, aux.loss_seg: 0.0402, aux.acc_seg: 81.7347, loss: 0.0901
2026-04-23 10:51:14,502 - mmseg - INFO - Iter [127250/160000]	lr: 1.629e-06, eta: 7:45:40, time: 0.682, data_time: 0.337, memory: 22330, decode.loss_seg: 0.0482, decode.acc_seg: 84.1757, aux.loss_seg: 0.0390, aux.acc_seg: 82.1711, loss: 0.0873
2026-04-23 10:51:49,186 - mmseg - INFO - Iter [127300/160000]	lr: 1.627e-06, eta: 7:44:56, time: 0.694, data_time: 0.388, memory: 22330, decode.loss_seg: 0.0478, decode.acc_seg: 83.3325, aux.loss_seg: 0.0386, aux.acc_seg: 81.3788, loss: 0.0865
2026-04-23 10:52:04,631 - mmseg - INFO - Iter [127350/160000]	lr: 1.624e-06, eta: 7:44:06, time: 0.309, data_time: 0.003, memory: 22330, decode.loss_seg: 0.0492, decode.acc_seg: 85.8376, aux.loss_seg: 0.0399, aux.acc_seg: 83.8175, loss: 0.0891
2026-04-23 10:52:40,183 - mmseg - INFO - Iter [127400/160000]	lr: 1.622e-06, eta: 7:43:21, time: 0.711, data_time: 0.364, memory: 22330, decode.loss_seg: 0.0487, decode.acc_seg: 85.2117, aux.loss_seg: 0.0402, aux.acc_seg: 83.1126, loss: 0.0889
2026-04-23 10:53:14,620 - mmseg - INFO - Iter [127450/160000]	lr: 1.619e-06, eta: 7:42:37, time: 0.689, data_time: 0.336, memory: 22330, decode.loss_seg: 0.0485, decode.acc_seg: 83.3235, aux.loss_seg: 0.0411, aux.acc_seg: 81.1308, loss: 0.0895
2026-04-23 10:53:30,071 - mmseg - INFO - Iter [127500/160000]	lr: 1.617e-06, eta: 7:41:47, time: 0.309, data_time: 0.003, memory: 22330, decode.loss_seg: 0.0473, decode.acc_seg: 83.4214, aux.loss_seg: 0.0404, aux.acc_seg: 81.3004, loss: 0.0878
2026-04-23 10:54:04,829 - mmseg - INFO - Iter [127550/160000]	lr: 1.614e-06, eta: 7:41:02, time: 0.695, data_time: 0.380, memory: 22330, decode.loss_seg: 0.0496, decode.acc_seg: 84.0317, aux.loss_seg: 0.0397, aux.acc_seg: 82.0200, loss: 0.0894
2026-04-23 10:54:40,082 - mmseg - INFO - Iter [127600/160000]	lr: 1.612e-06, eta: 7:40:18, time: 0.705, data_time: 0.377, memory: 22330, decode.loss_seg: 0.0491, decode.acc_seg: 84.2251, aux.loss_seg: 0.0400, aux.acc_seg: 82.1538, loss: 0.0891
2026-04-23 10:54:55,504 - mmseg - INFO - Iter [127650/160000]	lr: 1.609e-06, eta: 7:39:28, time: 0.308, data_time: 0.004, memory: 22330, decode.loss_seg: 0.0488, decode.acc_seg: 84.1438, aux.loss_seg: 0.0398, aux.acc_seg: 82.0940, loss: 0.0886
2026-04-23 10:55:31,000 - mmseg - INFO - Iter [127700/160000]	lr: 1.607e-06, eta: 7:38:44, time: 0.710, data_time: 0.327, memory: 22330, decode.loss_seg: 0.0462, decode.acc_seg: 81.8533, aux.loss_seg: 0.0388, aux.acc_seg: 79.7160, loss: 0.0851
2026-04-23 10:56:05,693 - mmseg - INFO - Iter [127750/160000]	lr: 1.604e-06, eta: 7:37:59, time: 0.694, data_time: 0.368, memory: 22330, decode.loss_seg: 0.0484, decode.acc_seg: 83.2340, aux.loss_seg: 0.0410, aux.acc_seg: 81.0515, loss: 0.0894
2026-04-23 10:56:21,127 - mmseg - INFO - Iter [127800/160000]	lr: 1.602e-06, eta: 7:37:10, time: 0.309, data_time: 0.004, memory: 22330, decode.loss_seg: 0.0480, decode.acc_seg: 84.8606, aux.loss_seg: 0.0392, aux.acc_seg: 82.8422, loss: 0.0871
2026-04-23 10:56:55,377 - mmseg - INFO - Iter [127850/160000]	lr: 1.599e-06, eta: 7:36:25, time: 0.685, data_time: 0.360, memory: 22330, decode.loss_seg: 0.0501, decode.acc_seg: 85.8828, aux.loss_seg: 0.0405, aux.acc_seg: 83.8268, loss: 0.0905
2026-04-23 10:57:28,855 - mmseg - INFO - Iter [127900/160000]	lr: 1.597e-06, eta: 7:35:40, time: 0.669, data_time: 0.344, memory: 22330, decode.loss_seg: 0.0498, decode.acc_seg: 84.3027, aux.loss_seg: 0.0415, aux.acc_seg: 82.1192, loss: 0.0913
2026-04-23 10:57:44,307 - mmseg - INFO - Iter [127950/160000]	lr: 1.594e-06, eta: 7:34:51, time: 0.309, data_time: 0.004, memory: 22330, decode.loss_seg: 0.0487, decode.acc_seg: 84.7398, aux.loss_seg: 0.0397, aux.acc_seg: 82.7171, loss: 0.0883
2026-04-23 10:58:15,574 - mmseg - INFO - Saving checkpoint at 128000 iterations
2026-04-23 10:58:28,476 - mmseg - INFO - per class results:
2026-04-23 10:58:28,477 - mmseg - INFO - 
+------------+-------+-------+
| Class      | IoU   | Acc   |
+------------+-------+-------+
| housing    | 94.6  | 97.32 |
| industrial | 92.97 | 96.33 |
| natural    | 87.13 | 90.76 |
| land_use   | 77.04 | 82.77 |
| water      | 92.99 | 97.39 |
| other      | 97.14 | 99.28 |
+------------+-------+-------+
2026-04-23 10:58:28,477 - mmseg - INFO - Summary:
2026-04-23 10:58:28,477 - mmseg - INFO - 
+--------+-------+-------+-------+
| Scope  | mIoU  | mAcc  | aAcc  |
+--------+-------+-------+-------+
| global | 90.31 | 93.98 | 95.76 |
+--------+-------+-------+-------+
2026-04-23 10:58:28,502 - mmseg - INFO - Exp name: pixel_upernet_itpn_base_12_512_slide_160k_air_polarsar2_amp_linux.py
2026-04-23 10:58:28,502 - mmseg - INFO - Iter [128000/160000]	lr: 1.592e-06, eta: 7:36:43, time: 13.237, data_time: 0.000, memory: 22330, mIoU: 0.9031, mAcc: 0.9398, aAcc: 0.9576
2026-04-23 10:58:43,931 - mmseg - INFO - Iter [128050/160000]	lr: 1.589e-06, eta: 7:35:54, time: 0.308, data_time: 0.003, memory: 22330, decode.loss_seg: 0.0480, decode.acc_seg: 83.2136, aux.loss_seg: 0.0392, aux.acc_seg: 81.1880, loss: 0.0872
2026-04-23 10:59:17,945 - mmseg - INFO - Iter [128100/160000]	lr: 1.587e-06, eta: 7:35:09, time: 0.680, data_time: 0.320, memory: 22330, decode.loss_seg: 0.0469, decode.acc_seg: 83.9799, aux.loss_seg: 0.0388, aux.acc_seg: 81.9899, loss: 0.0857
2026-04-23 10:59:50,566 - mmseg - INFO - Iter [128150/160000]	lr: 1.584e-06, eta: 7:34:23, time: 0.652, data_time: 0.318, memory: 22330, decode.loss_seg: 0.0476, decode.acc_seg: 82.3382, aux.loss_seg: 0.0393, aux.acc_seg: 80.3098, loss: 0.0870
2026-04-23 11:00:06,026 - mmseg - INFO - Iter [128200/160000]	lr: 1.582e-06, eta: 7:33:34, time: 0.309, data_time: 0.003, memory: 22330, decode.loss_seg: 0.0485, decode.acc_seg: 84.3870, aux.loss_seg: 0.0392, aux.acc_seg: 82.3741, loss: 0.0877
2026-04-23 11:00:40,848 - mmseg - INFO - Iter [128250/160000]	lr: 1.579e-06, eta: 7:32:49, time: 0.697, data_time: 0.341, memory: 22330, decode.loss_seg: 0.0483, decode.acc_seg: 84.0247, aux.loss_seg: 0.0397, aux.acc_seg: 81.9966, loss: 0.0880
2026-04-23 11:01:16,198 - mmseg - INFO - Iter [128300/160000]	lr: 1.577e-06, eta: 7:32:04, time: 0.707, data_time: 0.402, memory: 22330, decode.loss_seg: 0.0496, decode.acc_seg: 85.4111, aux.loss_seg: 0.0405, aux.acc_seg: 83.3458, loss: 0.0902
2026-04-23 11:01:31,671 - mmseg - INFO - Iter [128350/160000]	lr: 1.574e-06, eta: 7:31:15, time: 0.309, data_time: 0.004, memory: 22330, decode.loss_seg: 0.0483, decode.acc_seg: 83.7915, aux.loss_seg: 0.0391, aux.acc_seg: 81.8024, loss: 0.0875
2026-04-23 11:02:06,550 - mmseg - INFO - Iter [128400/160000]	lr: 1.572e-06, eta: 7:30:30, time: 0.698, data_time: 0.357, memory: 22330, decode.loss_seg: 0.0486, decode.acc_seg: 84.7239, aux.loss_seg: 0.0395, aux.acc_seg: 82.6875, loss: 0.0881
2026-04-23 11:02:40,564 - mmseg - INFO - Iter [128450/160000]	lr: 1.569e-06, eta: 7:29:45, time: 0.680, data_time: 0.368, memory: 22330, decode.loss_seg: 0.0469, decode.acc_seg: 84.7559, aux.loss_seg: 0.0387, aux.acc_seg: 82.7461, loss: 0.0856
2026-04-23 11:02:55,999 - mmseg - INFO - Iter [128500/160000]	lr: 1.567e-06, eta: 7:28:56, time: 0.308, data_time: 0.004, memory: 22330, decode.loss_seg: 0.0471, decode.acc_seg: 84.0271, aux.loss_seg: 0.0383, aux.acc_seg: 82.0550, loss: 0.0854
2026-04-23 11:03:29,936 - mmseg - INFO - Iter [128550/160000]	lr: 1.565e-06, eta: 7:28:11, time: 0.679, data_time: 0.328, memory: 22330, decode.loss_seg: 0.0485, decode.acc_seg: 84.7631, aux.loss_seg: 0.0393, aux.acc_seg: 82.7557, loss: 0.0878
2026-04-23 11:04:05,443 - mmseg - INFO - Iter [128600/160000]	lr: 1.562e-06, eta: 7:27:26, time: 0.710, data_time: 0.395, memory: 22330, decode.loss_seg: 0.0478, decode.acc_seg: 82.8726, aux.loss_seg: 0.0389, aux.acc_seg: 80.8553, loss: 0.0867
2026-04-23 11:04:20,859 - mmseg - INFO - Iter [128650/160000]	lr: 1.560e-06, eta: 7:26:37, time: 0.308, data_time: 0.004, memory: 22330, decode.loss_seg: 0.0467, decode.acc_seg: 84.4615, aux.loss_seg: 0.0374, aux.acc_seg: 82.5569, loss: 0.0841
2026-04-23 11:04:54,876 - mmseg - INFO - Iter [128700/160000]	lr: 1.557e-06, eta: 7:25:52, time: 0.680, data_time: 0.376, memory: 22330, decode.loss_seg: 0.0484, decode.acc_seg: 83.7232, aux.loss_seg: 0.0395, aux.acc_seg: 81.6460, loss: 0.0878
2026-04-23 11:05:29,374 - mmseg - INFO - Iter [128750/160000]	lr: 1.555e-06, eta: 7:25:07, time: 0.690, data_time: 0.358, memory: 22330, decode.loss_seg: 0.0487, decode.acc_seg: 83.1544, aux.loss_seg: 0.0394, aux.acc_seg: 81.1584, loss: 0.0880
2026-04-23 11:05:44,817 - mmseg - INFO - Iter [128800/160000]	lr: 1.552e-06, eta: 7:24:18, time: 0.309, data_time: 0.003, memory: 22330, decode.loss_seg: 0.0478, decode.acc_seg: 84.3831, aux.loss_seg: 0.0390, aux.acc_seg: 82.3574, loss: 0.0868
2026-04-23 11:06:19,848 - mmseg - INFO - Iter [128850/160000]	lr: 1.550e-06, eta: 7:23:33, time: 0.701, data_time: 0.386, memory: 22330, decode.loss_seg: 0.0485, decode.acc_seg: 84.3463, aux.loss_seg: 0.0394, aux.acc_seg: 82.3532, loss: 0.0879
2026-04-23 11:06:55,582 - mmseg - INFO - Iter [128900/160000]	lr: 1.547e-06, eta: 7:22:49, time: 0.715, data_time: 0.364, memory: 22330, decode.loss_seg: 0.0489, decode.acc_seg: 85.4827, aux.loss_seg: 0.0391, aux.acc_seg: 83.5001, loss: 0.0880
2026-04-23 11:07:10,967 - mmseg - INFO - Iter [128950/160000]	lr: 1.545e-06, eta: 7:22:00, time: 0.308, data_time: 0.004, memory: 22330, decode.loss_seg: 0.0486, decode.acc_seg: 82.5589, aux.loss_seg: 0.0399, aux.acc_seg: 80.5066, loss: 0.0885
2026-04-23 11:07:46,247 - mmseg - INFO - Exp name: pixel_upernet_itpn_base_12_512_slide_160k_air_polarsar2_amp_linux.py
2026-04-23 11:07:46,247 - mmseg - INFO - Iter [129000/160000]	lr: 1.542e-06, eta: 7:21:15, time: 0.705, data_time: 0.388, memory: 22330, decode.loss_seg: 0.0475, decode.acc_seg: 84.6359, aux.loss_seg: 0.0380, aux.acc_seg: 82.7084, loss: 0.0855
2026-04-23 11:08:01,673 - mmseg - INFO - Iter [129050/160000]	lr: 1.540e-06, eta: 7:20:26, time: 0.308, data_time: 0.004, memory: 22330, decode.loss_seg: 0.0484, decode.acc_seg: 85.0832, aux.loss_seg: 0.0391, aux.acc_seg: 83.0910, loss: 0.0874
2026-04-23 11:08:36,369 - mmseg - INFO - Iter [129100/160000]	lr: 1.537e-06, eta: 7:19:41, time: 0.694, data_time: 0.353, memory: 22330, decode.loss_seg: 0.0481, decode.acc_seg: 83.8739, aux.loss_seg: 0.0395, aux.acc_seg: 81.8228, loss: 0.0876
2026-04-23 11:09:11,176 - mmseg - INFO - Iter [129150/160000]	lr: 1.535e-06, eta: 7:18:57, time: 0.696, data_time: 0.378, memory: 22330, decode.loss_seg: 0.0476, decode.acc_seg: 83.7915, aux.loss_seg: 0.0389, aux.acc_seg: 81.7810, loss: 0.0865
2026-04-23 11:09:26,463 - mmseg - INFO - Iter [129200/160000]	lr: 1.532e-06, eta: 7:18:08, time: 0.306, data_time: 0.003, memory: 22330, decode.loss_seg: 0.0493, decode.acc_seg: 84.3030, aux.loss_seg: 0.0400, aux.acc_seg: 82.2597, loss: 0.0893
2026-04-23 11:10:01,157 - mmseg - INFO - Iter [129250/160000]	lr: 1.530e-06, eta: 7:17:23, time: 0.694, data_time: 0.360, memory: 22330, decode.loss_seg: 0.0496, decode.acc_seg: 84.8247, aux.loss_seg: 0.0396, aux.acc_seg: 82.8066, loss: 0.0892
2026-04-23 11:10:35,495 - mmseg - INFO - Iter [129300/160000]	lr: 1.527e-06, eta: 7:16:38, time: 0.687, data_time: 0.382, memory: 22330, decode.loss_seg: 0.0449, decode.acc_seg: 81.8648, aux.loss_seg: 0.0367, aux.acc_seg: 79.9525, loss: 0.0816
2026-04-23 11:10:50,872 - mmseg - INFO - Iter [129350/160000]	lr: 1.525e-06, eta: 7:15:49, time: 0.308, data_time: 0.004, memory: 22330, decode.loss_seg: 0.0484, decode.acc_seg: 84.6414, aux.loss_seg: 0.0393, aux.acc_seg: 82.6130, loss: 0.0877
2026-04-23 11:11:25,675 - mmseg - INFO - Iter [129400/160000]	lr: 1.522e-06, eta: 7:15:05, time: 0.696, data_time: 0.371, memory: 22330, decode.loss_seg: 0.0474, decode.acc_seg: 83.6576, aux.loss_seg: 0.0398, aux.acc_seg: 81.5858, loss: 0.0871
2026-04-23 11:12:00,528 - mmseg - INFO - Iter [129450/160000]	lr: 1.520e-06, eta: 7:14:20, time: 0.697, data_time: 0.388, memory: 22330, decode.loss_seg: 0.0471, decode.acc_seg: 83.2520, aux.loss_seg: 0.0388, aux.acc_seg: 81.2135, loss: 0.0858
2026-04-23 11:12:15,882 - mmseg - INFO - Iter [129500/160000]	lr: 1.517e-06, eta: 7:13:31, time: 0.307, data_time: 0.004, memory: 22330, decode.loss_seg: 0.0487, decode.acc_seg: 83.4747, aux.loss_seg: 0.0417, aux.acc_seg: 81.2797, loss: 0.0904
2026-04-23 11:12:51,877 - mmseg - INFO - Iter [129550/160000]	lr: 1.515e-06, eta: 7:12:47, time: 0.720, data_time: 0.418, memory: 22330, decode.loss_seg: 0.0467, decode.acc_seg: 83.4835, aux.loss_seg: 0.0387, aux.acc_seg: 81.4388, loss: 0.0855
2026-04-23 11:13:26,835 - mmseg - INFO - Iter [129600/160000]	lr: 1.512e-06, eta: 7:12:02, time: 0.699, data_time: 0.360, memory: 22330, decode.loss_seg: 0.0482, decode.acc_seg: 83.0706, aux.loss_seg: 0.0414, aux.acc_seg: 80.8452, loss: 0.0896
2026-04-23 11:13:42,231 - mmseg - INFO - Iter [129650/160000]	lr: 1.510e-06, eta: 7:11:13, time: 0.308, data_time: 0.004, memory: 22330, decode.loss_seg: 0.0467, decode.acc_seg: 84.9820, aux.loss_seg: 0.0376, aux.acc_seg: 83.0563, loss: 0.0843
2026-04-23 11:14:17,283 - mmseg - INFO - Iter [129700/160000]	lr: 1.507e-06, eta: 7:10:29, time: 0.701, data_time: 0.352, memory: 22330, decode.loss_seg: 0.0476, decode.acc_seg: 84.4773, aux.loss_seg: 0.0404, aux.acc_seg: 82.2792, loss: 0.0880
2026-04-23 11:14:52,141 - mmseg - INFO - Iter [129750/160000]	lr: 1.505e-06, eta: 7:09:45, time: 0.697, data_time: 0.394, memory: 22330, decode.loss_seg: 0.0465, decode.acc_seg: 83.0083, aux.loss_seg: 0.0380, aux.acc_seg: 81.0447, loss: 0.0844
2026-04-23 11:15:07,524 - mmseg - INFO - Iter [129800/160000]	lr: 1.502e-06, eta: 7:08:56, time: 0.308, data_time: 0.004, memory: 22330, decode.loss_seg: 0.0483, decode.acc_seg: 84.5235, aux.loss_seg: 0.0401, aux.acc_seg: 82.4582, loss: 0.0884
2026-04-23 11:15:41,170 - mmseg - INFO - Iter [129850/160000]	lr: 1.500e-06, eta: 7:08:11, time: 0.673, data_time: 0.347, memory: 22330, decode.loss_seg: 0.0472, decode.acc_seg: 82.9878, aux.loss_seg: 0.0387, aux.acc_seg: 81.0157, loss: 0.0859
2026-04-23 11:16:15,388 - mmseg - INFO - Iter [129900/160000]	lr: 1.497e-06, eta: 7:07:26, time: 0.684, data_time: 0.355, memory: 22330, decode.loss_seg: 0.0470, decode.acc_seg: 84.1582, aux.loss_seg: 0.0387, aux.acc_seg: 82.1311, loss: 0.0856
2026-04-23 11:16:30,765 - mmseg - INFO - Iter [129950/160000]	lr: 1.495e-06, eta: 7:06:37, time: 0.308, data_time: 0.004, memory: 22330, decode.loss_seg: 0.0480, decode.acc_seg: 84.2163, aux.loss_seg: 0.0391, aux.acc_seg: 82.2055, loss: 0.0871
2026-04-23 11:17:14,619 - mmseg - INFO - per class results:
2026-04-23 11:17:14,619 - mmseg - INFO - 
+------------+-------+-------+
| Class      | IoU   | Acc   |
+------------+-------+-------+
| housing    | 94.7  | 97.3  |
| industrial | 92.99 | 96.42 |
| natural    | 86.63 | 89.49 |
| land_use   | 77.41 | 83.14 |
| water      | 93.01 | 97.41 |
| other      | 97.35 | 99.13 |
+------------+-------+-------+
2026-04-23 11:17:14,620 - mmseg - INFO - Summary:
2026-04-23 11:17:14,620 - mmseg - INFO - 
+--------+-------+-------+-------+
| Scope  | mIoU  | mAcc  | aAcc  |
+--------+-------+-------+-------+
| global | 90.35 | 93.82 | 95.78 |
+--------+-------+-------+-------+
2026-04-23 11:17:14,644 - mmseg - INFO - Exp name: pixel_upernet_itpn_base_12_512_slide_160k_air_polarsar2_amp_linux.py
2026-04-23 11:17:14,644 - mmseg - INFO - Iter [130000/160000]	lr: 1.492e-06, eta: 7:07:57, time: 11.401, data_time: 0.000, memory: 22330, mIoU: 0.9035, mAcc: 0.9382, aAcc: 0.9578
2026-04-23 11:17:29,975 - mmseg - INFO - Iter [130050/160000]	lr: 1.490e-06, eta: 7:07:08, time: 0.306, data_time: 0.004, memory: 22330, decode.loss_seg: 0.0477, decode.acc_seg: 83.3901, aux.loss_seg: 0.0397, aux.acc_seg: 81.2804, loss: 0.0875
2026-04-23 11:18:03,938 - mmseg - INFO - Iter [130100/160000]	lr: 1.487e-06, eta: 7:06:23, time: 0.679, data_time: 0.348, memory: 22330, decode.loss_seg: 0.0477, decode.acc_seg: 83.3976, aux.loss_seg: 0.0396, aux.acc_seg: 81.3089, loss: 0.0872
2026-04-23 11:18:40,158 - mmseg - INFO - Iter [130150/160000]	lr: 1.485e-06, eta: 7:05:38, time: 0.724, data_time: 0.421, memory: 22330, decode.loss_seg: 0.0464, decode.acc_seg: 82.8013, aux.loss_seg: 0.0386, aux.acc_seg: 80.7514, loss: 0.0850
2026-04-23 11:18:55,508 - mmseg - INFO - Iter [130200/160000]	lr: 1.482e-06, eta: 7:04:49, time: 0.307, data_time: 0.003, memory: 22330, decode.loss_seg: 0.0479, decode.acc_seg: 83.5888, aux.loss_seg: 0.0392, aux.acc_seg: 81.5721, loss: 0.0872
2026-04-23 11:19:31,140 - mmseg - INFO - Iter [130250/160000]	lr: 1.480e-06, eta: 7:04:05, time: 0.713, data_time: 0.335, memory: 22330, decode.loss_seg: 0.0481, decode.acc_seg: 84.2546, aux.loss_seg: 0.0388, aux.acc_seg: 82.2928, loss: 0.0868
2026-04-23 11:20:04,701 - mmseg - INFO - Iter [130300/160000]	lr: 1.477e-06, eta: 7:03:20, time: 0.671, data_time: 0.337, memory: 22330, decode.loss_seg: 0.0489, decode.acc_seg: 83.7894, aux.loss_seg: 0.0394, aux.acc_seg: 81.7726, loss: 0.0884
2026-04-23 11:20:20,130 - mmseg - INFO - Iter [130350/160000]	lr: 1.475e-06, eta: 7:02:31, time: 0.309, data_time: 0.004, memory: 22330, decode.loss_seg: 0.0463, decode.acc_seg: 82.8387, aux.loss_seg: 0.0380, aux.acc_seg: 80.8817, loss: 0.0843
2026-04-23 11:20:54,416 - mmseg - INFO - Iter [130400/160000]	lr: 1.472e-06, eta: 7:01:46, time: 0.686, data_time: 0.333, memory: 22330, decode.loss_seg: 0.0493, decode.acc_seg: 85.0904, aux.loss_seg: 0.0400, aux.acc_seg: 83.0569, loss: 0.0894
2026-04-23 11:21:29,303 - mmseg - INFO - Iter [130450/160000]	lr: 1.470e-06, eta: 7:01:02, time: 0.698, data_time: 0.343, memory: 22330, decode.loss_seg: 0.0476, decode.acc_seg: 85.3045, aux.loss_seg: 0.0387, aux.acc_seg: 83.3663, loss: 0.0863
2026-04-23 11:21:44,671 - mmseg - INFO - Iter [130500/160000]	lr: 1.468e-06, eta: 7:00:13, time: 0.308, data_time: 0.004, memory: 22330, decode.loss_seg: 0.0486, decode.acc_seg: 83.7749, aux.loss_seg: 0.0395, aux.acc_seg: 81.7276, loss: 0.0881
2026-04-23 11:22:19,536 - mmseg - INFO - Iter [130550/160000]	lr: 1.465e-06, eta: 6:59:28, time: 0.697, data_time: 0.371, memory: 22330, decode.loss_seg: 0.0494, decode.acc_seg: 84.2764, aux.loss_seg: 0.0399, aux.acc_seg: 82.2614, loss: 0.0894
2026-04-23 11:22:53,943 - mmseg - INFO - Iter [130600/160000]	lr: 1.463e-06, eta: 6:58:44, time: 0.688, data_time: 0.345, memory: 22330, decode.loss_seg: 0.0470, decode.acc_seg: 84.0042, aux.loss_seg: 0.0381, aux.acc_seg: 82.0488, loss: 0.0852
2026-04-23 11:23:09,316 - mmseg - INFO - Iter [130650/160000]	lr: 1.460e-06, eta: 6:57:55, time: 0.307, data_time: 0.003, memory: 22330, decode.loss_seg: 0.0468, decode.acc_seg: 83.9705, aux.loss_seg: 0.0386, aux.acc_seg: 81.9765, loss: 0.0854
2026-04-23 11:23:43,004 - mmseg - INFO - Iter [130700/160000]	lr: 1.458e-06, eta: 6:57:10, time: 0.674, data_time: 0.347, memory: 22330, decode.loss_seg: 0.0474, decode.acc_seg: 84.5444, aux.loss_seg: 0.0384, aux.acc_seg: 82.5601, loss: 0.0859
2026-04-23 11:24:17,631 - mmseg - INFO - Iter [130750/160000]	lr: 1.455e-06, eta: 6:56:26, time: 0.693, data_time: 0.363, memory: 22330, decode.loss_seg: 0.0488, decode.acc_seg: 84.3289, aux.loss_seg: 0.0402, aux.acc_seg: 82.2888, loss: 0.0890
2026-04-23 11:24:33,016 - mmseg - INFO - Iter [130800/160000]	lr: 1.453e-06, eta: 6:55:37, time: 0.308, data_time: 0.004, memory: 22330, decode.loss_seg: 0.0477, decode.acc_seg: 83.2926, aux.loss_seg: 0.0388, aux.acc_seg: 81.3145, loss: 0.0865
2026-04-23 11:25:06,658 - mmseg - INFO - Iter [130850/160000]	lr: 1.450e-06, eta: 6:54:52, time: 0.673, data_time: 0.369, memory: 22330, decode.loss_seg: 0.0497, decode.acc_seg: 84.0999, aux.loss_seg: 0.0417, aux.acc_seg: 81.8794, loss: 0.0914
2026-04-23 11:25:21,995 - mmseg - INFO - Iter [130900/160000]	lr: 1.448e-06, eta: 6:54:03, time: 0.307, data_time: 0.004, memory: 22330, decode.loss_seg: 0.0472, decode.acc_seg: 83.2511, aux.loss_seg: 0.0388, aux.acc_seg: 81.2300, loss: 0.0860
2026-04-23 11:25:57,006 - mmseg - INFO - Iter [130950/160000]	lr: 1.445e-06, eta: 6:53:19, time: 0.700, data_time: 0.376, memory: 22330, decode.loss_seg: 0.0466, decode.acc_seg: 82.6805, aux.loss_seg: 0.0384, aux.acc_seg: 80.6653, loss: 0.0851
2026-04-23 11:26:31,965 - mmseg - INFO - Exp name: pixel_upernet_itpn_base_12_512_slide_160k_air_polarsar2_amp_linux.py
2026-04-23 11:26:31,966 - mmseg - INFO - Iter [131000/160000]	lr: 1.443e-06, eta: 6:52:35, time: 0.699, data_time: 0.332, memory: 22330, decode.loss_seg: 0.0474, decode.acc_seg: 83.5658, aux.loss_seg: 0.0383, aux.acc_seg: 81.6243, loss: 0.0856
2026-04-23 11:26:47,279 - mmseg - INFO - Iter [131050/160000]	lr: 1.440e-06, eta: 6:51:46, time: 0.306, data_time: 0.003, memory: 22330, decode.loss_seg: 0.0477, decode.acc_seg: 83.0981, aux.loss_seg: 0.0385, aux.acc_seg: 81.1353, loss: 0.0862
2026-04-23 11:27:21,561 - mmseg - INFO - Iter [131100/160000]	lr: 1.438e-06, eta: 6:51:01, time: 0.686, data_time: 0.357, memory: 22330, decode.loss_seg: 0.0492, decode.acc_seg: 84.2403, aux.loss_seg: 0.0401, aux.acc_seg: 82.1659, loss: 0.0893
2026-04-23 11:27:56,774 - mmseg - INFO - Iter [131150/160000]	lr: 1.435e-06, eta: 6:50:17, time: 0.704, data_time: 0.342, memory: 22330, decode.loss_seg: 0.0469, decode.acc_seg: 83.8083, aux.loss_seg: 0.0392, aux.acc_seg: 81.7237, loss: 0.0861
2026-04-23 11:28:12,106 - mmseg - INFO - Iter [131200/160000]	lr: 1.433e-06, eta: 6:49:28, time: 0.307, data_time: 0.004, memory: 22330, decode.loss_seg: 0.0473, decode.acc_seg: 83.4010, aux.loss_seg: 0.0394, aux.acc_seg: 81.3064, loss: 0.0867
2026-04-23 11:28:47,408 - mmseg - INFO - Iter [131250/160000]	lr: 1.430e-06, eta: 6:48:44, time: 0.706, data_time: 0.356, memory: 22330, decode.loss_seg: 0.0485, decode.acc_seg: 83.8932, aux.loss_seg: 0.0395, aux.acc_seg: 81.8728, loss: 0.0880
2026-04-23 11:29:22,783 - mmseg - INFO - Iter [131300/160000]	lr: 1.428e-06, eta: 6:48:00, time: 0.707, data_time: 0.319, memory: 22330, decode.loss_seg: 0.0470, decode.acc_seg: 84.2810, aux.loss_seg: 0.0382, aux.acc_seg: 82.3207, loss: 0.0852
2026-04-23 11:29:38,135 - mmseg - INFO - Iter [131350/160000]	lr: 1.425e-06, eta: 6:47:11, time: 0.307, data_time: 0.004, memory: 22330, decode.loss_seg: 0.0482, decode.acc_seg: 86.2140, aux.loss_seg: 0.0396, aux.acc_seg: 84.1685, loss: 0.0879
2026-04-23 11:30:13,082 - mmseg - INFO - Iter [131400/160000]	lr: 1.423e-06, eta: 6:46:27, time: 0.699, data_time: 0.396, memory: 22330, decode.loss_seg: 0.0471, decode.acc_seg: 83.9989, aux.loss_seg: 0.0384, aux.acc_seg: 82.0318, loss: 0.0856
2026-04-23 11:30:47,849 - mmseg - INFO - Iter [131450/160000]	lr: 1.420e-06, eta: 6:45:43, time: 0.695, data_time: 0.386, memory: 22330, decode.loss_seg: 0.0488, decode.acc_seg: 83.8618, aux.loss_seg: 0.0399, aux.acc_seg: 81.8110, loss: 0.0886
2026-04-23 11:31:03,249 - mmseg - INFO - Iter [131500/160000]	lr: 1.418e-06, eta: 6:44:54, time: 0.308, data_time: 0.005, memory: 22330, decode.loss_seg: 0.0476, decode.acc_seg: 85.0502, aux.loss_seg: 0.0387, aux.acc_seg: 83.0406, loss: 0.0863
2026-04-23 11:31:38,120 - mmseg - INFO - Iter [131550/160000]	lr: 1.415e-06, eta: 6:44:10, time: 0.697, data_time: 0.366, memory: 22330, decode.loss_seg: 0.0483, decode.acc_seg: 84.9854, aux.loss_seg: 0.0405, aux.acc_seg: 82.8531, loss: 0.0888
2026-04-23 11:32:12,217 - mmseg - INFO - Iter [131600/160000]	lr: 1.413e-06, eta: 6:43:25, time: 0.682, data_time: 0.378, memory: 22330, decode.loss_seg: 0.0476, decode.acc_seg: 83.5532, aux.loss_seg: 0.0390, aux.acc_seg: 81.5329, loss: 0.0866
2026-04-23 11:32:27,602 - mmseg - INFO - Iter [131650/160000]	lr: 1.410e-06, eta: 6:42:37, time: 0.308, data_time: 0.003, memory: 22330, decode.loss_seg: 0.0483, decode.acc_seg: 85.3904, aux.loss_seg: 0.0395, aux.acc_seg: 83.3605, loss: 0.0878
2026-04-23 11:33:01,266 - mmseg - INFO - Iter [131700/160000]	lr: 1.408e-06, eta: 6:41:52, time: 0.673, data_time: 0.341, memory: 22330, decode.loss_seg: 0.0476, decode.acc_seg: 85.1157, aux.loss_seg: 0.0387, aux.acc_seg: 83.1244, loss: 0.0862
2026-04-23 11:33:36,546 - mmseg - INFO - Iter [131750/160000]	lr: 1.405e-06, eta: 6:41:08, time: 0.706, data_time: 0.347, memory: 22330, decode.loss_seg: 0.0465, decode.acc_seg: 84.1271, aux.loss_seg: 0.0387, aux.acc_seg: 82.1097, loss: 0.0852
2026-04-23 11:33:51,942 - mmseg - INFO - Iter [131800/160000]	lr: 1.403e-06, eta: 6:40:20, time: 0.308, data_time: 0.003, memory: 22330, decode.loss_seg: 0.0471, decode.acc_seg: 84.1938, aux.loss_seg: 0.0387, aux.acc_seg: 82.1711, loss: 0.0858
2026-04-23 11:34:26,886 - mmseg - INFO - Iter [131850/160000]	lr: 1.400e-06, eta: 6:39:36, time: 0.699, data_time: 0.365, memory: 22330, decode.loss_seg: 0.0469, decode.acc_seg: 83.7369, aux.loss_seg: 0.0380, aux.acc_seg: 81.7864, loss: 0.0849
2026-04-23 11:34:42,305 - mmseg - INFO - Iter [131900/160000]	lr: 1.398e-06, eta: 6:38:47, time: 0.308, data_time: 0.004, memory: 22330, decode.loss_seg: 0.0484, decode.acc_seg: 85.3739, aux.loss_seg: 0.0394, aux.acc_seg: 83.3465, loss: 0.0877
2026-04-23 11:35:16,414 - mmseg - INFO - Iter [131950/160000]	lr: 1.395e-06, eta: 6:38:03, time: 0.682, data_time: 0.372, memory: 22330, decode.loss_seg: 0.0458, decode.acc_seg: 82.1347, aux.loss_seg: 0.0379, aux.acc_seg: 80.1439, loss: 0.0838
2026-04-23 11:36:03,596 - mmseg - INFO - per class results:
2026-04-23 11:36:03,597 - mmseg - INFO - 
+------------+-------+-------+
| Class      | IoU   | Acc   |
+------------+-------+-------+
| housing    | 94.75 | 97.39 |
| industrial | 93.06 | 96.39 |
| natural    | 87.16 | 90.48 |
| land_use   | 77.66 | 83.36 |
| water      | 93.05 | 97.43 |
| other      | 97.81 | 99.07 |
+------------+-------+-------+
2026-04-23 11:36:03,597 - mmseg - INFO - Summary:
2026-04-23 11:36:03,597 - mmseg - INFO - 
+--------+-------+-------+-------+
| Scope  | mIoU  | mAcc  | aAcc  |
+--------+-------+-------+-------+
| global | 90.58 | 94.02 | 95.83 |
+--------+-------+-------+-------+
2026-04-23 11:36:03,624 - mmseg - INFO - Exp name: pixel_upernet_itpn_base_12_512_slide_160k_air_polarsar2_amp_linux.py
2026-04-23 11:36:03,624 - mmseg - INFO - Iter [132000/160000]	lr: 1.393e-06, eta: 6:39:15, time: 11.673, data_time: 0.000, memory: 22330, mIoU: 0.9058, mAcc: 0.9402, aAcc: 0.9583
2026-04-23 11:36:19,087 - mmseg - INFO - Iter [132050/160000]	lr: 1.390e-06, eta: 6:38:26, time: 0.309, data_time: 0.004, memory: 22330, decode.loss_seg: 0.0482, decode.acc_seg: 84.9344, aux.loss_seg: 0.0394, aux.acc_seg: 82.9173, loss: 0.0876
2026-04-23 11:36:54,466 - mmseg - INFO - Iter [132100/160000]	lr: 1.388e-06, eta: 6:37:42, time: 0.708, data_time: 0.344, memory: 22330, decode.loss_seg: 0.0489, decode.acc_seg: 85.6352, aux.loss_seg: 0.0394, aux.acc_seg: 83.6282, loss: 0.0883
2026-04-23 11:37:29,758 - mmseg - INFO - Iter [132150/160000]	lr: 1.385e-06, eta: 6:36:58, time: 0.706, data_time: 0.350, memory: 22330, decode.loss_seg: 0.0465, decode.acc_seg: 83.8905, aux.loss_seg: 0.0381, aux.acc_seg: 81.9351, loss: 0.0846
2026-04-23 11:37:45,139 - mmseg - INFO - Iter [132200/160000]	lr: 1.383e-06, eta: 6:36:09, time: 0.308, data_time: 0.005, memory: 22330, decode.loss_seg: 0.0465, decode.acc_seg: 82.9259, aux.loss_seg: 0.0386, aux.acc_seg: 80.9281, loss: 0.0851
2026-04-23 11:38:20,407 - mmseg - INFO - Iter [132250/160000]	lr: 1.380e-06, eta: 6:35:25, time: 0.705, data_time: 0.382, memory: 22330, decode.loss_seg: 0.0473, decode.acc_seg: 84.1186, aux.loss_seg: 0.0389, aux.acc_seg: 82.1046, loss: 0.0862
2026-04-23 11:38:55,726 - mmseg - INFO - Iter [132300/160000]	lr: 1.378e-06, eta: 6:34:41, time: 0.706, data_time: 0.402, memory: 22330, decode.loss_seg: 0.0475, decode.acc_seg: 84.2914, aux.loss_seg: 0.0386, aux.acc_seg: 82.3058, loss: 0.0861
2026-04-23 11:39:11,063 - mmseg - INFO - Iter [132350/160000]	lr: 1.375e-06, eta: 6:33:52, time: 0.307, data_time: 0.004, memory: 22330, decode.loss_seg: 0.0486, decode.acc_seg: 85.4060, aux.loss_seg: 0.0394, aux.acc_seg: 83.4034, loss: 0.0880
2026-04-23 11:39:46,333 - mmseg - INFO - Iter [132400/160000]	lr: 1.373e-06, eta: 6:33:08, time: 0.705, data_time: 0.367, memory: 22330, decode.loss_seg: 0.0465, decode.acc_seg: 83.8448, aux.loss_seg: 0.0380, aux.acc_seg: 81.8818, loss: 0.0845
2026-04-23 11:40:21,986 - mmseg - INFO - Iter [132450/160000]	lr: 1.371e-06, eta: 6:32:24, time: 0.713, data_time: 0.352, memory: 22330, decode.loss_seg: 0.0479, decode.acc_seg: 83.9765, aux.loss_seg: 0.0396, aux.acc_seg: 81.8954, loss: 0.0876
2026-04-23 11:40:37,399 - mmseg - INFO - Iter [132500/160000]	lr: 1.368e-06, eta: 6:31:35, time: 0.308, data_time: 0.004, memory: 22330, decode.loss_seg: 0.0478, decode.acc_seg: 84.6234, aux.loss_seg: 0.0385, aux.acc_seg: 82.6820, loss: 0.0863
2026-04-23 11:41:13,355 - mmseg - INFO - Iter [132550/160000]	lr: 1.366e-06, eta: 6:30:51, time: 0.719, data_time: 0.362, memory: 22330, decode.loss_seg: 0.0477, decode.acc_seg: 84.2646, aux.loss_seg: 0.0395, aux.acc_seg: 82.1987, loss: 0.0872
2026-04-23 11:41:48,602 - mmseg - INFO - Iter [132600/160000]	lr: 1.363e-06, eta: 6:30:07, time: 0.705, data_time: 0.374, memory: 22330, decode.loss_seg: 0.0456, decode.acc_seg: 82.9316, aux.loss_seg: 0.0375, aux.acc_seg: 80.9691, loss: 0.0832
2026-04-23 11:42:03,970 - mmseg - INFO - Iter [132650/160000]	lr: 1.361e-06, eta: 6:29:18, time: 0.307, data_time: 0.005, memory: 22330, decode.loss_seg: 0.0478, decode.acc_seg: 84.9753, aux.loss_seg: 0.0392, aux.acc_seg: 82.9406, loss: 0.0870
2026-04-23 11:42:39,764 - mmseg - INFO - Iter [132700/160000]	lr: 1.358e-06, eta: 6:28:34, time: 0.716, data_time: 0.413, memory: 22330, decode.loss_seg: 0.0478, decode.acc_seg: 83.2133, aux.loss_seg: 0.0388, aux.acc_seg: 81.2311, loss: 0.0866
2026-04-23 11:43:14,795 - mmseg - INFO - Iter [132750/160000]	lr: 1.356e-06, eta: 6:27:50, time: 0.700, data_time: 0.355, memory: 22330, decode.loss_seg: 0.0468, decode.acc_seg: 84.3382, aux.loss_seg: 0.0382, aux.acc_seg: 82.3793, loss: 0.0849
2026-04-23 11:43:30,179 - mmseg - INFO - Iter [132800/160000]	lr: 1.353e-06, eta: 6:27:02, time: 0.308, data_time: 0.004, memory: 22330, decode.loss_seg: 0.0470, decode.acc_seg: 84.9394, aux.loss_seg: 0.0383, aux.acc_seg: 82.9409, loss: 0.0853
2026-04-23 11:44:05,586 - mmseg - INFO - Iter [132850/160000]	lr: 1.351e-06, eta: 6:26:18, time: 0.708, data_time: 0.346, memory: 22330, decode.loss_seg: 0.0473, decode.acc_seg: 82.8830, aux.loss_seg: 0.0399, aux.acc_seg: 80.7149, loss: 0.0872
2026-04-23 11:44:20,989 - mmseg - INFO - Iter [132900/160000]	lr: 1.348e-06, eta: 6:25:29, time: 0.308, data_time: 0.003, memory: 22330, decode.loss_seg: 0.0465, decode.acc_seg: 84.1710, aux.loss_seg: 0.0395, aux.acc_seg: 82.0807, loss: 0.0860
2026-04-23 11:44:55,667 - mmseg - INFO - Iter [132950/160000]	lr: 1.346e-06, eta: 6:24:45, time: 0.694, data_time: 0.391, memory: 22330, decode.loss_seg: 0.0476, decode.acc_seg: 84.1325, aux.loss_seg: 0.0385, aux.acc_seg: 82.1480, loss: 0.0860
2026-04-23 11:45:29,598 - mmseg - INFO - Exp name: pixel_upernet_itpn_base_12_512_slide_160k_air_polarsar2_amp_linux.py
2026-04-23 11:45:29,598 - mmseg - INFO - Iter [133000/160000]	lr: 1.343e-06, eta: 6:24:01, time: 0.679, data_time: 0.349, memory: 22330, decode.loss_seg: 0.0494, decode.acc_seg: 84.3914, aux.loss_seg: 0.0440, aux.acc_seg: 82.0550, loss: 0.0934
2026-04-23 11:45:44,996 - mmseg - INFO - Iter [133050/160000]	lr: 1.341e-06, eta: 6:23:12, time: 0.308, data_time: 0.004, memory: 22330, decode.loss_seg: 0.0471, decode.acc_seg: 84.5425, aux.loss_seg: 0.0386, aux.acc_seg: 82.5429, loss: 0.0857
2026-04-23 11:46:19,825 - mmseg - INFO - Iter [133100/160000]	lr: 1.338e-06, eta: 6:22:28, time: 0.697, data_time: 0.355, memory: 22330, decode.loss_seg: 0.0472, decode.acc_seg: 83.6052, aux.loss_seg: 0.0393, aux.acc_seg: 81.5461, loss: 0.0865
2026-04-23 11:46:54,115 - mmseg - INFO - Iter [133150/160000]	lr: 1.336e-06, eta: 6:21:44, time: 0.686, data_time: 0.341, memory: 22330, decode.loss_seg: 0.0451, decode.acc_seg: 83.8308, aux.loss_seg: 0.0369, aux.acc_seg: 81.9166, loss: 0.0820
2026-04-23 11:47:09,540 - mmseg - INFO - Iter [133200/160000]	lr: 1.333e-06, eta: 6:20:56, time: 0.308, data_time: 0.004, memory: 22330, decode.loss_seg: 0.0468, decode.acc_seg: 83.0716, aux.loss_seg: 0.0400, aux.acc_seg: 80.8948, loss: 0.0868
2026-04-23 11:47:43,453 - mmseg - INFO - Iter [133250/160000]	lr: 1.331e-06, eta: 6:20:11, time: 0.678, data_time: 0.349, memory: 22330, decode.loss_seg: 0.0463, decode.acc_seg: 84.1133, aux.loss_seg: 0.0385, aux.acc_seg: 82.0497, loss: 0.0848
2026-04-23 11:48:16,935 - mmseg - INFO - Iter [133300/160000]	lr: 1.328e-06, eta: 6:19:27, time: 0.670, data_time: 0.361, memory: 22330, decode.loss_seg: 0.0481, decode.acc_seg: 82.8204, aux.loss_seg: 0.0394, aux.acc_seg: 80.7772, loss: 0.0875
2026-04-23 11:48:32,295 - mmseg - INFO - Iter [133350/160000]	lr: 1.326e-06, eta: 6:18:39, time: 0.307, data_time: 0.003, memory: 22330, decode.loss_seg: 0.0468, decode.acc_seg: 84.9090, aux.loss_seg: 0.0390, aux.acc_seg: 82.8722, loss: 0.0858
2026-04-23 11:49:07,852 - mmseg - INFO - Iter [133400/160000]	lr: 1.323e-06, eta: 6:17:55, time: 0.711, data_time: 0.354, memory: 22330, decode.loss_seg: 0.0468, decode.acc_seg: 83.1501, aux.loss_seg: 0.0381, aux.acc_seg: 81.1735, loss: 0.0850
2026-04-23 11:49:42,345 - mmseg - INFO - Iter [133450/160000]	lr: 1.321e-06, eta: 6:17:10, time: 0.690, data_time: 0.375, memory: 22330, decode.loss_seg: 0.0482, decode.acc_seg: 83.7970, aux.loss_seg: 0.0395, aux.acc_seg: 81.7592, loss: 0.0877
2026-04-23 11:49:57,754 - mmseg - INFO - Iter [133500/160000]	lr: 1.318e-06, eta: 6:16:22, time: 0.308, data_time: 0.004, memory: 22330, decode.loss_seg: 0.0480, decode.acc_seg: 84.4354, aux.loss_seg: 0.0389, aux.acc_seg: 82.4477, loss: 0.0869
2026-04-23 11:50:31,591 - mmseg - INFO - Iter [133550/160000]	lr: 1.316e-06, eta: 6:15:38, time: 0.676, data_time: 0.372, memory: 22330, decode.loss_seg: 0.0479, decode.acc_seg: 85.0490, aux.loss_seg: 0.0391, aux.acc_seg: 83.0554, loss: 0.0870
2026-04-23 11:51:07,562 - mmseg - INFO - Iter [133600/160000]	lr: 1.313e-06, eta: 6:14:54, time: 0.720, data_time: 0.373, memory: 22330, decode.loss_seg: 0.0490, decode.acc_seg: 85.0882, aux.loss_seg: 0.0399, aux.acc_seg: 83.0399, loss: 0.0889
2026-04-23 11:51:22,936 - mmseg - INFO - Iter [133650/160000]	lr: 1.311e-06, eta: 6:14:06, time: 0.307, data_time: 0.004, memory: 22330, decode.loss_seg: 0.0465, decode.acc_seg: 84.1022, aux.loss_seg: 0.0391, aux.acc_seg: 82.0703, loss: 0.0856
2026-04-23 11:51:57,477 - mmseg - INFO - Iter [133700/160000]	lr: 1.308e-06, eta: 6:13:22, time: 0.691, data_time: 0.344, memory: 22330, decode.loss_seg: 0.0465, decode.acc_seg: 82.4534, aux.loss_seg: 0.0380, aux.acc_seg: 80.4609, loss: 0.0845
2026-04-23 11:52:32,094 - mmseg - INFO - Iter [133750/160000]	lr: 1.306e-06, eta: 6:12:38, time: 0.692, data_time: 0.354, memory: 22330, decode.loss_seg: 0.0471, decode.acc_seg: 84.1418, aux.loss_seg: 0.0408, aux.acc_seg: 81.9163, loss: 0.0879
2026-04-23 11:52:47,474 - mmseg - INFO - Iter [133800/160000]	lr: 1.303e-06, eta: 6:11:50, time: 0.308, data_time: 0.004, memory: 22330, decode.loss_seg: 0.0487, decode.acc_seg: 85.1523, aux.loss_seg: 0.0390, aux.acc_seg: 83.1579, loss: 0.0878
2026-04-23 11:53:23,069 - mmseg - INFO - Iter [133850/160000]	lr: 1.301e-06, eta: 6:11:06, time: 0.712, data_time: 0.326, memory: 22330, decode.loss_seg: 0.0482, decode.acc_seg: 83.5085, aux.loss_seg: 0.0412, aux.acc_seg: 81.2762, loss: 0.0894
2026-04-23 11:53:38,443 - mmseg - INFO - Iter [133900/160000]	lr: 1.298e-06, eta: 6:10:18, time: 0.308, data_time: 0.004, memory: 22330, decode.loss_seg: 0.0470, decode.acc_seg: 84.7046, aux.loss_seg: 0.0388, aux.acc_seg: 82.7170, loss: 0.0858
2026-04-23 11:54:13,242 - mmseg - INFO - Iter [133950/160000]	lr: 1.296e-06, eta: 6:09:34, time: 0.696, data_time: 0.365, memory: 22330, decode.loss_seg: 0.0496, decode.acc_seg: 84.8282, aux.loss_seg: 0.0400, aux.acc_seg: 82.7840, loss: 0.0896
2026-04-23 11:54:59,968 - mmseg - INFO - per class results:
2026-04-23 11:54:59,968 - mmseg - INFO - 
+------------+-------+-------+
| Class      | IoU   | Acc   |
+------------+-------+-------+
| housing    | 94.66 | 97.55 |
| industrial | 93.01 | 96.14 |
| natural    | 86.84 | 89.73 |
| land_use   | 76.63 | 81.49 |
| water      | 92.94 | 97.8  |
| other      | 97.64 | 99.23 |
+------------+-------+-------+
2026-04-23 11:54:59,968 - mmseg - INFO - Summary:
2026-04-23 11:54:59,968 - mmseg - INFO - 
+--------+-------+-------+-------+
| Scope  | mIoU  | mAcc  | aAcc  |
+--------+-------+-------+-------+
| global | 90.29 | 93.66 | 95.75 |
+--------+-------+-------+-------+
2026-04-23 11:55:00,011 - mmseg - INFO - Exp name: pixel_upernet_itpn_base_12_512_slide_160k_air_polarsar2_amp_linux.py
2026-04-23 11:55:00,011 - mmseg - INFO - Iter [134000/160000]	lr: 1.293e-06, eta: 6:10:43, time: 12.349, data_time: 0.000, memory: 22330, mIoU: 0.9029, mAcc: 0.9366, aAcc: 0.9575
2026-04-23 11:55:15,390 - mmseg - INFO - Iter [134050/160000]	lr: 1.291e-06, eta: 6:09:55, time: 0.307, data_time: 0.004, memory: 22330, decode.loss_seg: 0.0468, decode.acc_seg: 82.8392, aux.loss_seg: 0.0381, aux.acc_seg: 80.8729, loss: 0.0849
2026-04-23 11:55:50,210 - mmseg - INFO - Iter [134100/160000]	lr: 1.288e-06, eta: 6:09:11, time: 0.696, data_time: 0.339, memory: 22330, decode.loss_seg: 0.0455, decode.acc_seg: 84.1465, aux.loss_seg: 0.0373, aux.acc_seg: 82.2234, loss: 0.0828
2026-04-23 11:56:23,624 - mmseg - INFO - Iter [134150/160000]	lr: 1.286e-06, eta: 6:08:26, time: 0.668, data_time: 0.340, memory: 22330, decode.loss_seg: 0.0468, decode.acc_seg: 85.0981, aux.loss_seg: 0.0381, aux.acc_seg: 83.1242, loss: 0.0850
2026-04-23 11:56:39,076 - mmseg - INFO - Iter [134200/160000]	lr: 1.283e-06, eta: 6:07:38, time: 0.309, data_time: 0.004, memory: 22330, decode.loss_seg: 0.0495, decode.acc_seg: 83.8580, aux.loss_seg: 0.0429, aux.acc_seg: 81.5433, loss: 0.0924
2026-04-23 11:57:14,171 - mmseg - INFO - Iter [134250/160000]	lr: 1.281e-06, eta: 6:06:54, time: 0.702, data_time: 0.330, memory: 22330, decode.loss_seg: 0.0477, decode.acc_seg: 83.3302, aux.loss_seg: 0.0410, aux.acc_seg: 81.1294, loss: 0.0887
2026-04-23 11:57:48,304 - mmseg - INFO - Iter [134300/160000]	lr: 1.278e-06, eta: 6:06:10, time: 0.683, data_time: 0.353, memory: 22330, decode.loss_seg: 0.0474, decode.acc_seg: 84.8684, aux.loss_seg: 0.0386, aux.acc_seg: 82.9053, loss: 0.0860
2026-04-23 11:58:03,673 - mmseg - INFO - Iter [134350/160000]	lr: 1.276e-06, eta: 6:05:22, time: 0.308, data_time: 0.004, memory: 22330, decode.loss_seg: 0.0491, decode.acc_seg: 82.2090, aux.loss_seg: 0.0404, aux.acc_seg: 80.0832, loss: 0.0895
2026-04-23 11:58:38,531 - mmseg - INFO - Iter [134400/160000]	lr: 1.274e-06, eta: 6:04:37, time: 0.697, data_time: 0.343, memory: 22330, decode.loss_seg: 0.0468, decode.acc_seg: 84.4779, aux.loss_seg: 0.0384, aux.acc_seg: 82.5320, loss: 0.0852
2026-04-23 11:59:13,607 - mmseg - INFO - Iter [134450/160000]	lr: 1.271e-06, eta: 6:03:53, time: 0.702, data_time: 0.388, memory: 22330, decode.loss_seg: 0.0477, decode.acc_seg: 85.3980, aux.loss_seg: 0.0389, aux.acc_seg: 83.4213, loss: 0.0867
2026-04-23 11:59:29,053 - mmseg - INFO - Iter [134500/160000]	lr: 1.269e-06, eta: 6:03:05, time: 0.309, data_time: 0.005, memory: 22330, decode.loss_seg: 0.0463, decode.acc_seg: 84.8594, aux.loss_seg: 0.0378, aux.acc_seg: 82.9169, loss: 0.0841
2026-04-23 12:00:04,032 - mmseg - INFO - Iter [134550/160000]	lr: 1.266e-06, eta: 6:02:21, time: 0.699, data_time: 0.374, memory: 22330, decode.loss_seg: 0.0464, decode.acc_seg: 83.8747, aux.loss_seg: 0.0393, aux.acc_seg: 81.7639, loss: 0.0857
2026-04-23 12:00:38,633 - mmseg - INFO - Iter [134600/160000]	lr: 1.264e-06, eta: 6:01:37, time: 0.692, data_time: 0.381, memory: 22330, decode.loss_seg: 0.0471, decode.acc_seg: 85.2800, aux.loss_seg: 0.0377, aux.acc_seg: 83.3722, loss: 0.0848
2026-04-23 12:00:54,019 - mmseg - INFO - Iter [134650/160000]	lr: 1.261e-06, eta: 6:00:49, time: 0.308, data_time: 0.004, memory: 22330, decode.loss_seg: 0.0464, decode.acc_seg: 83.1730, aux.loss_seg: 0.0404, aux.acc_seg: 80.9917, loss: 0.0868
2026-04-23 12:01:29,317 - mmseg - INFO - Iter [134700/160000]	lr: 1.259e-06, eta: 6:00:05, time: 0.706, data_time: 0.347, memory: 22330, decode.loss_seg: 0.0467, decode.acc_seg: 82.6469, aux.loss_seg: 0.0385, aux.acc_seg: 80.6305, loss: 0.0851
2026-04-23 12:01:44,655 - mmseg - INFO - Iter [134750/160000]	lr: 1.256e-06, eta: 5:59:17, time: 0.307, data_time: 0.004, memory: 22330, decode.loss_seg: 0.0457, decode.acc_seg: 82.9088, aux.loss_seg: 0.0389, aux.acc_seg: 80.8001, loss: 0.0846
2026-04-23 12:02:19,349 - mmseg - INFO - Iter [134800/160000]	lr: 1.254e-06, eta: 5:58:33, time: 0.694, data_time: 0.331, memory: 22330, decode.loss_seg: 0.0484, decode.acc_seg: 84.6924, aux.loss_seg: 0.0391, aux.acc_seg: 82.6871, loss: 0.0875
2026-04-23 12:02:54,573 - mmseg - INFO - Iter [134850/160000]	lr: 1.251e-06, eta: 5:57:49, time: 0.704, data_time: 0.401, memory: 22330, decode.loss_seg: 0.0465, decode.acc_seg: 84.3521, aux.loss_seg: 0.0391, aux.acc_seg: 82.2854, loss: 0.0856
2026-04-23 12:03:09,979 - mmseg - INFO - Iter [134900/160000]	lr: 1.249e-06, eta: 5:57:01, time: 0.308, data_time: 0.004, memory: 22330, decode.loss_seg: 0.0463, decode.acc_seg: 83.8435, aux.loss_seg: 0.0382, aux.acc_seg: 81.8770, loss: 0.0845
2026-04-23 12:03:44,854 - mmseg - INFO - Iter [134950/160000]	lr: 1.246e-06, eta: 5:56:17, time: 0.697, data_time: 0.340, memory: 22330, decode.loss_seg: 0.0478, decode.acc_seg: 83.2086, aux.loss_seg: 0.0394, aux.acc_seg: 81.1853, loss: 0.0872
2026-04-23 12:04:19,560 - mmseg - INFO - Exp name: pixel_upernet_itpn_base_12_512_slide_160k_air_polarsar2_amp_linux.py
2026-04-23 12:04:19,561 - mmseg - INFO - Iter [135000/160000]	lr: 1.244e-06, eta: 5:55:33, time: 0.694, data_time: 0.329, memory: 22330, decode.loss_seg: 0.0461, decode.acc_seg: 84.9995, aux.loss_seg: 0.0381, aux.acc_seg: 83.0063, loss: 0.0842
2026-04-23 12:04:34,882 - mmseg - INFO - Iter [135050/160000]	lr: 1.241e-06, eta: 5:54:45, time: 0.306, data_time: 0.004, memory: 22330, decode.loss_seg: 0.0494, decode.acc_seg: 83.3355, aux.loss_seg: 0.0414, aux.acc_seg: 81.3104, loss: 0.0908
2026-04-23 12:05:10,463 - mmseg - INFO - Iter [135100/160000]	lr: 1.239e-06, eta: 5:54:01, time: 0.712, data_time: 0.345, memory: 22330, decode.loss_seg: 0.0480, decode.acc_seg: 84.6898, aux.loss_seg: 0.0417, aux.acc_seg: 82.4880, loss: 0.0896
2026-04-23 12:05:45,216 - mmseg - INFO - Iter [135150/160000]	lr: 1.236e-06, eta: 5:53:17, time: 0.695, data_time: 0.391, memory: 22330, decode.loss_seg: 0.0485, decode.acc_seg: 85.1179, aux.loss_seg: 0.0397, aux.acc_seg: 83.0941, loss: 0.0882
2026-04-23 12:06:00,621 - mmseg - INFO - Iter [135200/160000]	lr: 1.234e-06, eta: 5:52:29, time: 0.308, data_time: 0.004, memory: 22330, decode.loss_seg: 0.0468, decode.acc_seg: 83.8567, aux.loss_seg: 0.0385, aux.acc_seg: 81.8604, loss: 0.0853
2026-04-23 12:06:36,202 - mmseg - INFO - Iter [135250/160000]	lr: 1.231e-06, eta: 5:51:45, time: 0.711, data_time: 0.394, memory: 22330, decode.loss_seg: 0.0459, decode.acc_seg: 85.0505, aux.loss_seg: 0.0381, aux.acc_seg: 83.0625, loss: 0.0840
2026-04-23 12:07:11,422 - mmseg - INFO - Iter [135300/160000]	lr: 1.229e-06, eta: 5:51:01, time: 0.704, data_time: 0.361, memory: 22330, decode.loss_seg: 0.0476, decode.acc_seg: 84.7500, aux.loss_seg: 0.0392, aux.acc_seg: 82.7036, loss: 0.0868
2026-04-23 12:07:26,787 - mmseg - INFO - Iter [135350/160000]	lr: 1.226e-06, eta: 5:50:14, time: 0.307, data_time: 0.004, memory: 22330, decode.loss_seg: 0.0467, decode.acc_seg: 85.1027, aux.loss_seg: 0.0388, aux.acc_seg: 83.0521, loss: 0.0856
2026-04-23 12:08:01,313 - mmseg - INFO - Iter [135400/160000]	lr: 1.224e-06, eta: 5:49:30, time: 0.691, data_time: 0.351, memory: 22330, decode.loss_seg: 0.0452, decode.acc_seg: 84.1557, aux.loss_seg: 0.0368, aux.acc_seg: 82.2445, loss: 0.0819
2026-04-23 12:08:35,445 - mmseg - INFO - Iter [135450/160000]	lr: 1.221e-06, eta: 5:48:46, time: 0.683, data_time: 0.378, memory: 22330, decode.loss_seg: 0.0487, decode.acc_seg: 84.8441, aux.loss_seg: 0.0426, aux.acc_seg: 82.5848, loss: 0.0913
2026-04-23 12:08:50,851 - mmseg - INFO - Iter [135500/160000]	lr: 1.219e-06, eta: 5:47:58, time: 0.308, data_time: 0.003, memory: 22330, decode.loss_seg: 0.0451, decode.acc_seg: 84.2641, aux.loss_seg: 0.0374, aux.acc_seg: 82.2933, loss: 0.0825
2026-04-23 12:09:26,403 - mmseg - INFO - Iter [135550/160000]	lr: 1.216e-06, eta: 5:47:14, time: 0.711, data_time: 0.382, memory: 22330, decode.loss_seg: 0.0454, decode.acc_seg: 83.7371, aux.loss_seg: 0.0385, aux.acc_seg: 81.6632, loss: 0.0839
2026-04-23 12:10:01,484 - mmseg - INFO - Iter [135600/160000]	lr: 1.214e-06, eta: 5:46:30, time: 0.702, data_time: 0.394, memory: 22330, decode.loss_seg: 0.0469, decode.acc_seg: 84.9381, aux.loss_seg: 0.0385, aux.acc_seg: 82.9246, loss: 0.0854
2026-04-23 12:10:16,891 - mmseg - INFO - Iter [135650/160000]	lr: 1.211e-06, eta: 5:45:43, time: 0.308, data_time: 0.004, memory: 22330, decode.loss_seg: 0.0479, decode.acc_seg: 83.3415, aux.loss_seg: 0.0411, aux.acc_seg: 81.0977, loss: 0.0890
2026-04-23 12:10:51,836 - mmseg - INFO - Iter [135700/160000]	lr: 1.209e-06, eta: 5:44:59, time: 0.699, data_time: 0.348, memory: 22330, decode.loss_seg: 0.0472, decode.acc_seg: 85.0950, aux.loss_seg: 0.0380, aux.acc_seg: 83.1631, loss: 0.0852
2026-04-23 12:11:07,238 - mmseg - INFO - Iter [135750/160000]	lr: 1.206e-06, eta: 5:44:11, time: 0.308, data_time: 0.005, memory: 22330, decode.loss_seg: 0.0468, decode.acc_seg: 83.4706, aux.loss_seg: 0.0389, aux.acc_seg: 81.4230, loss: 0.0856
2026-04-23 12:11:42,844 - mmseg - INFO - Iter [135800/160000]	lr: 1.204e-06, eta: 5:43:27, time: 0.712, data_time: 0.375, memory: 22330, decode.loss_seg: 0.0460, decode.acc_seg: 83.9660, aux.loss_seg: 0.0383, aux.acc_seg: 81.9664, loss: 0.0843
2026-04-23 12:12:17,746 - mmseg - INFO - Iter [135850/160000]	lr: 1.201e-06, eta: 5:42:43, time: 0.698, data_time: 0.362, memory: 22330, decode.loss_seg: 0.0495, decode.acc_seg: 84.7267, aux.loss_seg: 0.0410, aux.acc_seg: 82.6218, loss: 0.0906
2026-04-23 12:12:33,122 - mmseg - INFO - Iter [135900/160000]	lr: 1.199e-06, eta: 5:41:56, time: 0.307, data_time: 0.003, memory: 22330, decode.loss_seg: 0.0463, decode.acc_seg: 83.5599, aux.loss_seg: 0.0379, aux.acc_seg: 81.6113, loss: 0.0842
2026-04-23 12:13:07,767 - mmseg - INFO - Iter [135950/160000]	lr: 1.196e-06, eta: 5:41:12, time: 0.693, data_time: 0.351, memory: 22330, decode.loss_seg: 0.0476, decode.acc_seg: 83.6883, aux.loss_seg: 0.0411, aux.acc_seg: 81.5202, loss: 0.0887
2026-04-23 12:13:54,680 - mmseg - INFO - per class results:
2026-04-23 12:13:54,681 - mmseg - INFO - 
+------------+-------+-------+
| Class      | IoU   | Acc   |
+------------+-------+-------+
| housing    | 94.68 | 97.5  |
| industrial | 93.16 | 96.76 |
| natural    | 86.72 | 89.66 |
| land_use   | 76.83 | 81.95 |
| water      | 93.14 | 97.38 |
| other      | 97.68 | 99.11 |
+------------+-------+-------+
2026-04-23 12:13:54,681 - mmseg - INFO - Summary:
2026-04-23 12:13:54,681 - mmseg - INFO - 
+--------+-------+-------+-------+
| Scope  | mIoU  | mAcc  | aAcc  |
+--------+-------+-------+-------+
| global | 90.37 | 93.73 | 95.83 |
+--------+-------+-------+-------+
2026-04-23 12:13:54,721 - mmseg - INFO - Exp name: pixel_upernet_itpn_base_12_512_slide_160k_air_polarsar2_amp_linux.py
2026-04-23 12:13:54,722 - mmseg - INFO - Iter [136000/160000]	lr: 1.194e-06, eta: 5:42:17, time: 13.028, data_time: 0.000, memory: 22330, mIoU: 0.9037, mAcc: 0.9373, aAcc: 0.9583
2026-04-23 12:14:10,114 - mmseg - INFO - Iter [136050/160000]	lr: 1.191e-06, eta: 5:41:29, time: 0.308, data_time: 0.004, memory: 22330, decode.loss_seg: 0.0474, decode.acc_seg: 84.5756, aux.loss_seg: 0.0388, aux.acc_seg: 82.5604, loss: 0.0862
2026-04-23 12:14:43,979 - mmseg - INFO - Iter [136100/160000]	lr: 1.189e-06, eta: 5:40:45, time: 0.677, data_time: 0.356, memory: 22330, decode.loss_seg: 0.0463, decode.acc_seg: 85.0020, aux.loss_seg: 0.0383, aux.acc_seg: 83.0092, loss: 0.0846
2026-04-23 12:15:18,516 - mmseg - INFO - Iter [136150/160000]	lr: 1.186e-06, eta: 5:40:01, time: 0.691, data_time: 0.388, memory: 22330, decode.loss_seg: 0.0466, decode.acc_seg: 83.3292, aux.loss_seg: 0.0380, aux.acc_seg: 81.3810, loss: 0.0846
2026-04-23 12:15:33,908 - mmseg - INFO - Iter [136200/160000]	lr: 1.184e-06, eta: 5:39:13, time: 0.308, data_time: 0.003, memory: 22330, decode.loss_seg: 0.0482, decode.acc_seg: 84.4183, aux.loss_seg: 0.0392, aux.acc_seg: 82.3944, loss: 0.0874
2026-04-23 12:16:07,765 - mmseg - INFO - Iter [136250/160000]	lr: 1.181e-06, eta: 5:38:29, time: 0.677, data_time: 0.371, memory: 22330, decode.loss_seg: 0.0476, decode.acc_seg: 84.5551, aux.loss_seg: 0.0393, aux.acc_seg: 82.5306, loss: 0.0869
2026-04-23 12:16:42,533 - mmseg - INFO - Iter [136300/160000]	lr: 1.179e-06, eta: 5:37:45, time: 0.696, data_time: 0.376, memory: 22330, decode.loss_seg: 0.0471, decode.acc_seg: 85.6259, aux.loss_seg: 0.0389, aux.acc_seg: 83.5901, loss: 0.0860
2026-04-23 12:16:57,860 - mmseg - INFO - Iter [136350/160000]	lr: 1.177e-06, eta: 5:36:57, time: 0.306, data_time: 0.004, memory: 22330, decode.loss_seg: 0.0460, decode.acc_seg: 84.3803, aux.loss_seg: 0.0386, aux.acc_seg: 82.3628, loss: 0.0845
2026-04-23 12:17:33,514 - mmseg - INFO - Iter [136400/160000]	lr: 1.174e-06, eta: 5:36:13, time: 0.713, data_time: 0.408, memory: 22330, decode.loss_seg: 0.0478, decode.acc_seg: 84.3464, aux.loss_seg: 0.0387, aux.acc_seg: 82.3732, loss: 0.0865
2026-04-23 12:18:08,768 - mmseg - INFO - Iter [136450/160000]	lr: 1.172e-06, eta: 5:35:29, time: 0.705, data_time: 0.333, memory: 22330, decode.loss_seg: 0.0455, decode.acc_seg: 84.6091, aux.loss_seg: 0.0375, aux.acc_seg: 82.6380, loss: 0.0831
2026-04-23 12:18:24,105 - mmseg - INFO - Iter [136500/160000]	lr: 1.169e-06, eta: 5:34:42, time: 0.307, data_time: 0.004, memory: 22330, decode.loss_seg: 0.0474, decode.acc_seg: 84.3250, aux.loss_seg: 0.0389, aux.acc_seg: 82.2906, loss: 0.0863
2026-04-23 12:18:57,374 - mmseg - INFO - Iter [136550/160000]	lr: 1.167e-06, eta: 5:33:57, time: 0.665, data_time: 0.358, memory: 22330, decode.loss_seg: 0.0462, decode.acc_seg: 84.0834, aux.loss_seg: 0.0388, aux.acc_seg: 82.0511, loss: 0.0849
2026-04-23 12:19:32,069 - mmseg - INFO - Iter [136600/160000]	lr: 1.164e-06, eta: 5:33:13, time: 0.694, data_time: 0.374, memory: 22330, decode.loss_seg: 0.0469, decode.acc_seg: 84.9424, aux.loss_seg: 0.0386, aux.acc_seg: 82.9542, loss: 0.0855
2026-04-23 12:19:47,382 - mmseg - INFO - Iter [136650/160000]	lr: 1.162e-06, eta: 5:32:26, time: 0.306, data_time: 0.004, memory: 22330, decode.loss_seg: 0.0464, decode.acc_seg: 83.6796, aux.loss_seg: 0.0381, aux.acc_seg: 81.6882, loss: 0.0845
2026-04-23 12:20:21,458 - mmseg - INFO - Iter [136700/160000]	lr: 1.159e-06, eta: 5:31:42, time: 0.682, data_time: 0.372, memory: 22330, decode.loss_seg: 0.0474, decode.acc_seg: 84.4244, aux.loss_seg: 0.0386, aux.acc_seg: 82.4276, loss: 0.0860
2026-04-23 12:20:36,831 - mmseg - INFO - Iter [136750/160000]	lr: 1.157e-06, eta: 5:30:54, time: 0.307, data_time: 0.004, memory: 22330, decode.loss_seg: 0.0466, decode.acc_seg: 83.4221, aux.loss_seg: 0.0405, aux.acc_seg: 81.2910, loss: 0.0871
2026-04-23 12:21:11,789 - mmseg - INFO - Iter [136800/160000]	lr: 1.154e-06, eta: 5:30:10, time: 0.699, data_time: 0.302, memory: 22330, decode.loss_seg: 0.0452, decode.acc_seg: 82.7990, aux.loss_seg: 0.0381, aux.acc_seg: 80.7770, loss: 0.0833
2026-04-23 12:21:45,902 - mmseg - INFO - Iter [136850/160000]	lr: 1.152e-06, eta: 5:29:26, time: 0.682, data_time: 0.322, memory: 22330, decode.loss_seg: 0.0472, decode.acc_seg: 84.3068, aux.loss_seg: 0.0386, aux.acc_seg: 82.2997, loss: 0.0858
2026-04-23 12:22:01,266 - mmseg - INFO - Iter [136900/160000]	lr: 1.149e-06, eta: 5:28:39, time: 0.307, data_time: 0.003, memory: 22330, decode.loss_seg: 0.0483, decode.acc_seg: 84.3381, aux.loss_seg: 0.0398, aux.acc_seg: 82.2561, loss: 0.0882
2026-04-23 12:22:35,733 - mmseg - INFO - Iter [136950/160000]	lr: 1.147e-06, eta: 5:27:55, time: 0.689, data_time: 0.378, memory: 22330, decode.loss_seg: 0.0453, decode.acc_seg: 83.8992, aux.loss_seg: 0.0371, aux.acc_seg: 81.9478, loss: 0.0824
2026-04-23 12:23:11,097 - mmseg - INFO - Exp name: pixel_upernet_itpn_base_12_512_slide_160k_air_polarsar2_amp_linux.py
2026-04-23 12:23:11,097 - mmseg - INFO - Iter [137000/160000]	lr: 1.144e-06, eta: 5:27:11, time: 0.707, data_time: 0.335, memory: 22330, decode.loss_seg: 0.0484, decode.acc_seg: 85.5381, aux.loss_seg: 0.0403, aux.acc_seg: 83.4721, loss: 0.0887
2026-04-23 12:23:26,520 - mmseg - INFO - Iter [137050/160000]	lr: 1.142e-06, eta: 5:26:24, time: 0.308, data_time: 0.004, memory: 22330, decode.loss_seg: 0.0461, decode.acc_seg: 84.7870, aux.loss_seg: 0.0385, aux.acc_seg: 82.7547, loss: 0.0846
2026-04-23 12:24:01,913 - mmseg - INFO - Iter [137100/160000]	lr: 1.139e-06, eta: 5:25:40, time: 0.708, data_time: 0.361, memory: 22330, decode.loss_seg: 0.0457, decode.acc_seg: 82.9653, aux.loss_seg: 0.0376, aux.acc_seg: 81.0423, loss: 0.0833
2026-04-23 12:24:37,339 - mmseg - INFO - Iter [137150/160000]	lr: 1.137e-06, eta: 5:24:56, time: 0.708, data_time: 0.356, memory: 22330, decode.loss_seg: 0.0458, decode.acc_seg: 84.3028, aux.loss_seg: 0.0387, aux.acc_seg: 82.2085, loss: 0.0845
2026-04-23 12:24:52,729 - mmseg - INFO - Iter [137200/160000]	lr: 1.134e-06, eta: 5:24:09, time: 0.308, data_time: 0.004, memory: 22330, decode.loss_seg: 0.0465, decode.acc_seg: 83.2875, aux.loss_seg: 0.0381, aux.acc_seg: 81.3032, loss: 0.0846
2026-04-23 12:25:27,309 - mmseg - INFO - Iter [137250/160000]	lr: 1.132e-06, eta: 5:23:25, time: 0.692, data_time: 0.369, memory: 22330, decode.loss_seg: 0.0465, decode.acc_seg: 84.8821, aux.loss_seg: 0.0386, aux.acc_seg: 82.8767, loss: 0.0851
2026-04-23 12:26:01,574 - mmseg - INFO - Iter [137300/160000]	lr: 1.129e-06, eta: 5:22:41, time: 0.685, data_time: 0.382, memory: 22330, decode.loss_seg: 0.0450, decode.acc_seg: 82.9310, aux.loss_seg: 0.0376, aux.acc_seg: 80.9624, loss: 0.0827
2026-04-23 12:26:16,942 - mmseg - INFO - Iter [137350/160000]	lr: 1.127e-06, eta: 5:21:54, time: 0.307, data_time: 0.004, memory: 22330, decode.loss_seg: 0.0471, decode.acc_seg: 84.6516, aux.loss_seg: 0.0386, aux.acc_seg: 82.6760, loss: 0.0857
2026-04-23 12:26:51,904 - mmseg - INFO - Iter [137400/160000]	lr: 1.124e-06, eta: 5:21:10, time: 0.699, data_time: 0.382, memory: 22330, decode.loss_seg: 0.0458, decode.acc_seg: 84.5685, aux.loss_seg: 0.0383, aux.acc_seg: 82.5437, loss: 0.0841
2026-04-23 12:27:26,903 - mmseg - INFO - Iter [137450/160000]	lr: 1.122e-06, eta: 5:20:26, time: 0.700, data_time: 0.344, memory: 22330, decode.loss_seg: 0.0487, decode.acc_seg: 85.0764, aux.loss_seg: 0.0432, aux.acc_seg: 82.6631, loss: 0.0919
2026-04-23 12:27:42,249 - mmseg - INFO - Iter [137500/160000]	lr: 1.119e-06, eta: 5:19:39, time: 0.307, data_time: 0.005, memory: 22330, decode.loss_seg: 0.0460, decode.acc_seg: 84.1624, aux.loss_seg: 0.0381, aux.acc_seg: 82.1751, loss: 0.0842
2026-04-23 12:28:17,021 - mmseg - INFO - Iter [137550/160000]	lr: 1.117e-06, eta: 5:18:55, time: 0.695, data_time: 0.352, memory: 22330, decode.loss_seg: 0.0452, decode.acc_seg: 83.7062, aux.loss_seg: 0.0373, aux.acc_seg: 81.7737, loss: 0.0824
2026-04-23 12:28:52,665 - mmseg - INFO - Iter [137600/160000]	lr: 1.114e-06, eta: 5:18:11, time: 0.713, data_time: 0.326, memory: 22330, decode.loss_seg: 0.0469, decode.acc_seg: 84.2872, aux.loss_seg: 0.0381, aux.acc_seg: 82.3368, loss: 0.0851
2026-04-23 12:29:08,075 - mmseg - INFO - Iter [137650/160000]	lr: 1.112e-06, eta: 5:17:24, time: 0.308, data_time: 0.004, memory: 22330, decode.loss_seg: 0.0455, decode.acc_seg: 84.4493, aux.loss_seg: 0.0374, aux.acc_seg: 82.5165, loss: 0.0829
2026-04-23 12:29:43,294 - mmseg - INFO - Iter [137700/160000]	lr: 1.109e-06, eta: 5:16:40, time: 0.704, data_time: 0.390, memory: 22330, decode.loss_seg: 0.0458, decode.acc_seg: 83.9623, aux.loss_seg: 0.0378, aux.acc_seg: 81.9744, loss: 0.0836
2026-04-23 12:29:58,686 - mmseg - INFO - Iter [137750/160000]	lr: 1.107e-06, eta: 5:15:53, time: 0.308, data_time: 0.004, memory: 22330, decode.loss_seg: 0.0483, decode.acc_seg: 85.7999, aux.loss_seg: 0.0417, aux.acc_seg: 83.5550, loss: 0.0900
2026-04-23 12:30:33,883 - mmseg - INFO - Iter [137800/160000]	lr: 1.104e-06, eta: 5:15:09, time: 0.704, data_time: 0.382, memory: 22330, decode.loss_seg: 0.0458, decode.acc_seg: 85.1779, aux.loss_seg: 0.0394, aux.acc_seg: 83.0381, loss: 0.0852
2026-04-23 12:31:08,728 - mmseg - INFO - Iter [137850/160000]	lr: 1.102e-06, eta: 5:14:26, time: 0.697, data_time: 0.359, memory: 22330, decode.loss_seg: 0.0483, decode.acc_seg: 82.3963, aux.loss_seg: 0.0408, aux.acc_seg: 80.2620, loss: 0.0891
2026-04-23 12:31:24,132 - mmseg - INFO - Iter [137900/160000]	lr: 1.099e-06, eta: 5:13:39, time: 0.308, data_time: 0.004, memory: 22330, decode.loss_seg: 0.0464, decode.acc_seg: 83.5858, aux.loss_seg: 0.0384, aux.acc_seg: 81.6206, loss: 0.0848
2026-04-23 12:31:59,666 - mmseg - INFO - Iter [137950/160000]	lr: 1.097e-06, eta: 5:12:55, time: 0.711, data_time: 0.352, memory: 22330, decode.loss_seg: 0.0460, decode.acc_seg: 83.0792, aux.loss_seg: 0.0379, aux.acc_seg: 81.0943, loss: 0.0838
2026-04-23 12:32:46,251 - mmseg - INFO - per class results:
2026-04-23 12:32:46,251 - mmseg - INFO - 
+------------+-------+-------+
| Class      | IoU   | Acc   |
+------------+-------+-------+
| housing    | 94.78 | 97.43 |
| industrial | 93.23 | 96.62 |
| natural    | 86.81 | 89.92 |
| land_use   | 77.48 | 82.67 |
| water      | 93.23 | 97.57 |
| other      | 97.79 | 98.83 |
+------------+-------+-------+
2026-04-23 12:32:46,251 - mmseg - INFO - Summary:
2026-04-23 12:32:46,252 - mmseg - INFO - 
+--------+-------+-------+------+
| Scope  | mIoU  | mAcc  | aAcc |
+--------+-------+-------+------+
| global | 90.55 | 93.84 | 95.9 |
+--------+-------+-------+------+
2026-04-23 12:32:46,281 - mmseg - INFO - Exp name: pixel_upernet_itpn_base_12_512_slide_160k_air_polarsar2_amp_linux.py
2026-04-23 12:32:46,281 - mmseg - INFO - Iter [138000/160000]	lr: 1.094e-06, eta: 5:13:40, time: 11.875, data_time: 0.000, memory: 22330, mIoU: 0.9055, mAcc: 0.9384, aAcc: 0.9590
2026-04-23 12:33:01,668 - mmseg - INFO - Iter [138050/160000]	lr: 1.092e-06, eta: 5:12:53, time: 0.308, data_time: 0.004, memory: 22330, decode.loss_seg: 0.0479, decode.acc_seg: 83.9597, aux.loss_seg: 0.0390, aux.acc_seg: 81.9669, loss: 0.0869
2026-04-23 12:33:36,999 - mmseg - INFO - Iter [138100/160000]	lr: 1.089e-06, eta: 5:12:09, time: 0.707, data_time: 0.365, memory: 22330, decode.loss_seg: 0.0457, decode.acc_seg: 83.1789, aux.loss_seg: 0.0373, aux.acc_seg: 81.2355, loss: 0.0830
2026-04-23 12:34:11,896 - mmseg - INFO - Iter [138150/160000]	lr: 1.087e-06, eta: 5:11:25, time: 0.698, data_time: 0.390, memory: 22330, decode.loss_seg: 0.0469, decode.acc_seg: 82.8755, aux.loss_seg: 0.0384, aux.acc_seg: 80.8756, loss: 0.0854
2026-04-23 12:34:27,310 - mmseg - INFO - Iter [138200/160000]	lr: 1.084e-06, eta: 5:10:38, time: 0.308, data_time: 0.003, memory: 22330, decode.loss_seg: 0.0460, decode.acc_seg: 82.6736, aux.loss_seg: 0.0379, aux.acc_seg: 80.6838, loss: 0.0838
2026-04-23 12:35:01,801 - mmseg - INFO - Iter [138250/160000]	lr: 1.082e-06, eta: 5:09:54, time: 0.690, data_time: 0.339, memory: 22330, decode.loss_seg: 0.0478, decode.acc_seg: 85.1434, aux.loss_seg: 0.0399, aux.acc_seg: 83.0588, loss: 0.0877
2026-04-23 12:35:36,361 - mmseg - INFO - Iter [138300/160000]	lr: 1.079e-06, eta: 5:09:10, time: 0.691, data_time: 0.388, memory: 22330, decode.loss_seg: 0.0455, decode.acc_seg: 84.2554, aux.loss_seg: 0.0376, aux.acc_seg: 82.3043, loss: 0.0831
2026-04-23 12:35:51,737 - mmseg - INFO - Iter [138350/160000]	lr: 1.077e-06, eta: 5:08:23, time: 0.308, data_time: 0.003, memory: 22330, decode.loss_seg: 0.0469, decode.acc_seg: 84.5626, aux.loss_seg: 0.0385, aux.acc_seg: 82.5492, loss: 0.0854
2026-04-23 12:36:27,302 - mmseg - INFO - Iter [138400/160000]	lr: 1.075e-06, eta: 5:07:39, time: 0.711, data_time: 0.345, memory: 22330, decode.loss_seg: 0.0471, decode.acc_seg: 84.2342, aux.loss_seg: 0.0410, aux.acc_seg: 81.9871, loss: 0.0882
2026-04-23 12:37:02,780 - mmseg - INFO - Iter [138450/160000]	lr: 1.072e-06, eta: 5:06:55, time: 0.710, data_time: 0.398, memory: 22330, decode.loss_seg: 0.0479, decode.acc_seg: 83.9168, aux.loss_seg: 0.0415, aux.acc_seg: 81.7214, loss: 0.0895
2026-04-23 12:37:18,156 - mmseg - INFO - Iter [138500/160000]	lr: 1.070e-06, eta: 5:06:08, time: 0.307, data_time: 0.004, memory: 22330, decode.loss_seg: 0.0455, decode.acc_seg: 84.2721, aux.loss_seg: 0.0378, aux.acc_seg: 82.2846, loss: 0.0833
2026-04-23 12:37:53,315 - mmseg - INFO - Iter [138550/160000]	lr: 1.067e-06, eta: 5:05:24, time: 0.703, data_time: 0.379, memory: 22330, decode.loss_seg: 0.0461, decode.acc_seg: 84.7629, aux.loss_seg: 0.0385, aux.acc_seg: 82.7130, loss: 0.0846
2026-04-23 12:38:08,715 - mmseg - INFO - Iter [138600/160000]	lr: 1.065e-06, eta: 5:04:38, time: 0.308, data_time: 0.003, memory: 22330, decode.loss_seg: 0.0446, decode.acc_seg: 82.6544, aux.loss_seg: 0.0372, aux.acc_seg: 80.6723, loss: 0.0818
2026-04-23 12:38:43,624 - mmseg - INFO - Iter [138650/160000]	lr: 1.062e-06, eta: 5:03:54, time: 0.698, data_time: 0.368, memory: 22330, decode.loss_seg: 0.0471, decode.acc_seg: 84.0461, aux.loss_seg: 0.0403, aux.acc_seg: 81.8802, loss: 0.0874
2026-04-23 12:39:17,700 - mmseg - INFO - Iter [138700/160000]	lr: 1.060e-06, eta: 5:03:10, time: 0.681, data_time: 0.378, memory: 22330, decode.loss_seg: 0.0450, decode.acc_seg: 83.5655, aux.loss_seg: 0.0371, aux.acc_seg: 81.6205, loss: 0.0820
2026-04-23 12:39:33,064 - mmseg - INFO - Iter [138750/160000]	lr: 1.057e-06, eta: 5:02:23, time: 0.307, data_time: 0.004, memory: 22330, decode.loss_seg: 0.0477, decode.acc_seg: 83.3462, aux.loss_seg: 0.0428, aux.acc_seg: 81.0138, loss: 0.0904
2026-04-23 12:40:08,873 - mmseg - INFO - Iter [138800/160000]	lr: 1.055e-06, eta: 5:01:39, time: 0.716, data_time: 0.362, memory: 22330, decode.loss_seg: 0.0467, decode.acc_seg: 84.1377, aux.loss_seg: 0.0385, aux.acc_seg: 82.1405, loss: 0.0851
2026-04-23 12:40:44,070 - mmseg - INFO - Iter [138850/160000]	lr: 1.052e-06, eta: 5:00:55, time: 0.704, data_time: 0.352, memory: 22330, decode.loss_seg: 0.0458, decode.acc_seg: 83.5042, aux.loss_seg: 0.0377, aux.acc_seg: 81.5185, loss: 0.0835
2026-04-23 12:40:59,438 - mmseg - INFO - Iter [138900/160000]	lr: 1.050e-06, eta: 5:00:08, time: 0.307, data_time: 0.004, memory: 22330, decode.loss_seg: 0.0468, decode.acc_seg: 85.0318, aux.loss_seg: 0.0386, aux.acc_seg: 82.9973, loss: 0.0854
2026-04-23 12:41:34,681 - mmseg - INFO - Iter [138950/160000]	lr: 1.047e-06, eta: 4:59:25, time: 0.705, data_time: 0.402, memory: 22330, decode.loss_seg: 0.0468, decode.acc_seg: 84.0963, aux.loss_seg: 0.0386, aux.acc_seg: 82.0860, loss: 0.0854
2026-04-23 12:42:09,627 - mmseg - INFO - Exp name: pixel_upernet_itpn_base_12_512_slide_160k_air_polarsar2_amp_linux.py
2026-04-23 12:42:09,628 - mmseg - INFO - Iter [139000/160000]	lr: 1.045e-06, eta: 4:58:41, time: 0.699, data_time: 0.353, memory: 22330, decode.loss_seg: 0.0478, decode.acc_seg: 84.0698, aux.loss_seg: 0.0406, aux.acc_seg: 81.9266, loss: 0.0883
2026-04-23 12:42:24,977 - mmseg - INFO - Iter [139050/160000]	lr: 1.042e-06, eta: 4:57:54, time: 0.307, data_time: 0.003, memory: 22330, decode.loss_seg: 0.0460, decode.acc_seg: 85.3890, aux.loss_seg: 0.0379, aux.acc_seg: 83.4283, loss: 0.0839
2026-04-23 12:43:01,085 - mmseg - INFO - Iter [139100/160000]	lr: 1.040e-06, eta: 4:57:10, time: 0.722, data_time: 0.368, memory: 22330, decode.loss_seg: 0.0470, decode.acc_seg: 85.1232, aux.loss_seg: 0.0382, aux.acc_seg: 83.1493, loss: 0.0853
2026-04-23 12:43:36,053 - mmseg - INFO - Iter [139150/160000]	lr: 1.037e-06, eta: 4:56:26, time: 0.699, data_time: 0.373, memory: 22330, decode.loss_seg: 0.0465, decode.acc_seg: 85.2421, aux.loss_seg: 0.0384, aux.acc_seg: 83.2311, loss: 0.0849
2026-04-23 12:43:51,402 - mmseg - INFO - Iter [139200/160000]	lr: 1.035e-06, eta: 4:55:40, time: 0.307, data_time: 0.004, memory: 22330, decode.loss_seg: 0.0447, decode.acc_seg: 82.8544, aux.loss_seg: 0.0372, aux.acc_seg: 80.8783, loss: 0.0819
2026-04-23 12:44:26,714 - mmseg - INFO - Iter [139250/160000]	lr: 1.032e-06, eta: 4:54:56, time: 0.706, data_time: 0.387, memory: 22330, decode.loss_seg: 0.0463, decode.acc_seg: 85.1473, aux.loss_seg: 0.0383, aux.acc_seg: 83.1491, loss: 0.0846
2026-04-23 12:45:01,706 - mmseg - INFO - Iter [139300/160000]	lr: 1.030e-06, eta: 4:54:12, time: 0.700, data_time: 0.390, memory: 22330, decode.loss_seg: 0.0449, decode.acc_seg: 83.3822, aux.loss_seg: 0.0374, aux.acc_seg: 81.4049, loss: 0.0823
2026-04-23 12:45:17,018 - mmseg - INFO - Iter [139350/160000]	lr: 1.027e-06, eta: 4:53:25, time: 0.306, data_time: 0.004, memory: 22330, decode.loss_seg: 0.0447, decode.acc_seg: 83.3747, aux.loss_seg: 0.0372, aux.acc_seg: 81.4098, loss: 0.0819
2026-04-23 12:45:51,892 - mmseg - INFO - Iter [139400/160000]	lr: 1.025e-06, eta: 4:52:42, time: 0.697, data_time: 0.352, memory: 22330, decode.loss_seg: 0.0487, decode.acc_seg: 85.7375, aux.loss_seg: 0.0402, aux.acc_seg: 83.6325, loss: 0.0889
2026-04-23 12:46:26,917 - mmseg - INFO - Iter [139450/160000]	lr: 1.022e-06, eta: 4:51:58, time: 0.701, data_time: 0.383, memory: 22330, decode.loss_seg: 0.0444, decode.acc_seg: 83.5541, aux.loss_seg: 0.0369, aux.acc_seg: 81.6024, loss: 0.0813
2026-04-23 12:46:42,243 - mmseg - INFO - Iter [139500/160000]	lr: 1.020e-06, eta: 4:51:11, time: 0.306, data_time: 0.004, memory: 22330, decode.loss_seg: 0.0472, decode.acc_seg: 85.3850, aux.loss_seg: 0.0392, aux.acc_seg: 83.3476, loss: 0.0864
2026-04-23 12:47:17,025 - mmseg - INFO - Iter [139550/160000]	lr: 1.017e-06, eta: 4:50:28, time: 0.696, data_time: 0.372, memory: 22330, decode.loss_seg: 0.0453, decode.acc_seg: 83.8150, aux.loss_seg: 0.0386, aux.acc_seg: 81.7436, loss: 0.0839
2026-04-23 12:47:32,354 - mmseg - INFO - Iter [139600/160000]	lr: 1.015e-06, eta: 4:49:41, time: 0.307, data_time: 0.004, memory: 22330, decode.loss_seg: 0.0452, decode.acc_seg: 83.9942, aux.loss_seg: 0.0372, aux.acc_seg: 82.0467, loss: 0.0824
2026-04-23 12:48:07,180 - mmseg - INFO - Iter [139650/160000]	lr: 1.012e-06, eta: 4:48:57, time: 0.697, data_time: 0.382, memory: 22330, decode.loss_seg: 0.0453, decode.acc_seg: 84.3521, aux.loss_seg: 0.0377, aux.acc_seg: 82.3698, loss: 0.0830
2026-04-23 12:48:40,998 - mmseg - INFO - Iter [139700/160000]	lr: 1.010e-06, eta: 4:48:13, time: 0.676, data_time: 0.373, memory: 22330, decode.loss_seg: 0.0463, decode.acc_seg: 83.2932, aux.loss_seg: 0.0383, aux.acc_seg: 81.2950, loss: 0.0847
2026-04-23 12:48:56,349 - mmseg - INFO - Iter [139750/160000]	lr: 1.007e-06, eta: 4:47:27, time: 0.307, data_time: 0.003, memory: 22330, decode.loss_seg: 0.0467, decode.acc_seg: 85.2591, aux.loss_seg: 0.0386, aux.acc_seg: 83.2669, loss: 0.0853
2026-04-23 12:49:32,137 - mmseg - INFO - Iter [139800/160000]	lr: 1.005e-06, eta: 4:46:43, time: 0.716, data_time: 0.375, memory: 22330, decode.loss_seg: 0.0465, decode.acc_seg: 84.7812, aux.loss_seg: 0.0383, aux.acc_seg: 82.7920, loss: 0.0849
2026-04-23 12:50:07,392 - mmseg - INFO - Iter [139850/160000]	lr: 1.002e-06, eta: 4:46:00, time: 0.705, data_time: 0.386, memory: 22330, decode.loss_seg: 0.0461, decode.acc_seg: 82.9190, aux.loss_seg: 0.0380, aux.acc_seg: 80.9375, loss: 0.0841
2026-04-23 12:50:22,783 - mmseg - INFO - Iter [139900/160000]	lr: 9.999e-07, eta: 4:45:13, time: 0.308, data_time: 0.004, memory: 22330, decode.loss_seg: 0.0458, decode.acc_seg: 84.7778, aux.loss_seg: 0.0385, aux.acc_seg: 82.7321, loss: 0.0843
2026-04-23 12:50:57,227 - mmseg - INFO - Iter [139950/160000]	lr: 9.974e-07, eta: 4:44:29, time: 0.689, data_time: 0.339, memory: 22330, decode.loss_seg: 0.0455, decode.acc_seg: 83.0066, aux.loss_seg: 0.0376, aux.acc_seg: 81.0255, loss: 0.0831
2026-04-23 12:51:43,628 - mmseg - INFO - per class results:
2026-04-23 12:51:43,629 - mmseg - INFO - 
+------------+-------+-------+
| Class      | IoU   | Acc   |
+------------+-------+-------+
| housing    | 94.7  | 97.42 |
| industrial | 93.12 | 96.41 |
| natural    | 86.33 | 89.11 |
| land_use   | 77.69 | 83.14 |
| water      | 93.15 | 97.58 |
| other      | 97.72 | 99.15 |
+------------+-------+-------+
2026-04-23 12:51:43,629 - mmseg - INFO - Summary:
2026-04-23 12:51:43,629 - mmseg - INFO - 
+--------+-------+------+-------+
| Scope  | mIoU  | mAcc | aAcc  |
+--------+-------+------+-------+
| global | 90.45 | 93.8 | 95.85 |
+--------+-------+------+-------+
2026-04-23 12:51:43,657 - mmseg - INFO - Exp name: pixel_upernet_itpn_base_12_512_slide_160k_air_polarsar2_amp_linux.py
2026-04-23 12:51:43,658 - mmseg - INFO - Iter [140000/160000]	lr: 9.949e-07, eta: 4:45:05, time: 11.742, data_time: 0.000, memory: 22330, mIoU: 0.9045, mAcc: 0.9380, aAcc: 0.9585
2026-04-23 12:51:59,035 - mmseg - INFO - Iter [140050/160000]	lr: 9.924e-07, eta: 4:44:18, time: 0.308, data_time: 0.005, memory: 22330, decode.loss_seg: 0.0455, decode.acc_seg: 84.8928, aux.loss_seg: 0.0377, aux.acc_seg: 82.9144, loss: 0.0833
2026-04-23 12:52:34,133 - mmseg - INFO - Iter [140100/160000]	lr: 9.900e-07, eta: 4:43:34, time: 0.702, data_time: 0.367, memory: 22330, decode.loss_seg: 0.0475, decode.acc_seg: 83.7820, aux.loss_seg: 0.0390, aux.acc_seg: 81.7596, loss: 0.0866
2026-04-23 12:53:10,265 - mmseg - INFO - Iter [140150/160000]	lr: 9.875e-07, eta: 4:42:50, time: 0.723, data_time: 0.371, memory: 22330, decode.loss_seg: 0.0448, decode.acc_seg: 84.8402, aux.loss_seg: 0.0377, aux.acc_seg: 82.8369, loss: 0.0825
2026-04-23 12:53:25,651 - mmseg - INFO - Iter [140200/160000]	lr: 9.850e-07, eta: 4:42:04, time: 0.308, data_time: 0.004, memory: 22330, decode.loss_seg: 0.0467, decode.acc_seg: 82.7982, aux.loss_seg: 0.0396, aux.acc_seg: 80.6827, loss: 0.0863
2026-04-23 12:54:01,437 - mmseg - INFO - Iter [140250/160000]	lr: 9.825e-07, eta: 4:41:20, time: 0.716, data_time: 0.368, memory: 22330, decode.loss_seg: 0.0469, decode.acc_seg: 84.1824, aux.loss_seg: 0.0387, aux.acc_seg: 82.1552, loss: 0.0856
2026-04-23 12:54:36,515 - mmseg - INFO - Iter [140300/160000]	lr: 9.800e-07, eta: 4:40:36, time: 0.702, data_time: 0.398, memory: 22330, decode.loss_seg: 0.0465, decode.acc_seg: 84.4303, aux.loss_seg: 0.0386, aux.acc_seg: 82.4269, loss: 0.0850
2026-04-23 12:54:51,874 - mmseg - INFO - Iter [140350/160000]	lr: 9.775e-07, eta: 4:39:50, time: 0.307, data_time: 0.004, memory: 22330, decode.loss_seg: 0.0454, decode.acc_seg: 82.7541, aux.loss_seg: 0.0376, aux.acc_seg: 80.7869, loss: 0.0830
2026-04-23 12:55:27,298 - mmseg - INFO - Iter [140400/160000]	lr: 9.750e-07, eta: 4:39:06, time: 0.709, data_time: 0.366, memory: 22330, decode.loss_seg: 0.0466, decode.acc_seg: 84.3199, aux.loss_seg: 0.0416, aux.acc_seg: 82.1292, loss: 0.0882
2026-04-23 12:56:02,206 - mmseg - INFO - Iter [140450/160000]	lr: 9.725e-07, eta: 4:38:22, time: 0.698, data_time: 0.388, memory: 22330, decode.loss_seg: 0.0467, decode.acc_seg: 84.8532, aux.loss_seg: 0.0396, aux.acc_seg: 82.7212, loss: 0.0863
2026-04-23 12:56:17,597 - mmseg - INFO - Iter [140500/160000]	lr: 9.701e-07, eta: 4:37:36, time: 0.308, data_time: 0.004, memory: 22330, decode.loss_seg: 0.0452, decode.acc_seg: 85.3493, aux.loss_seg: 0.0381, aux.acc_seg: 83.3694, loss: 0.0833
2026-04-23 12:56:53,569 - mmseg - INFO - Iter [140550/160000]	lr: 9.676e-07, eta: 4:36:52, time: 0.719, data_time: 0.345, memory: 22330, decode.loss_seg: 0.0467, decode.acc_seg: 83.1212, aux.loss_seg: 0.0389, aux.acc_seg: 81.0671, loss: 0.0856
2026-04-23 12:57:08,979 - mmseg - INFO - Iter [140600/160000]	lr: 9.651e-07, eta: 4:36:06, time: 0.308, data_time: 0.004, memory: 22330, decode.loss_seg: 0.0492, decode.acc_seg: 84.9019, aux.loss_seg: 0.0393, aux.acc_seg: 82.9003, loss: 0.0885
2026-04-23 12:57:43,720 - mmseg - INFO - Iter [140650/160000]	lr: 9.626e-07, eta: 4:35:22, time: 0.695, data_time: 0.391, memory: 22330, decode.loss_seg: 0.0463, decode.acc_seg: 84.2594, aux.loss_seg: 0.0378, aux.acc_seg: 82.3247, loss: 0.0841
2026-04-23 12:58:19,022 - mmseg - INFO - Iter [140700/160000]	lr: 9.601e-07, eta: 4:34:38, time: 0.706, data_time: 0.360, memory: 22330, decode.loss_seg: 0.0460, decode.acc_seg: 84.8331, aux.loss_seg: 0.0390, aux.acc_seg: 82.7424, loss: 0.0850
2026-04-23 12:58:34,394 - mmseg - INFO - Iter [140750/160000]	lr: 9.576e-07, eta: 4:33:52, time: 0.307, data_time: 0.004, memory: 22330, decode.loss_seg: 0.0469, decode.acc_seg: 84.8151, aux.loss_seg: 0.0388, aux.acc_seg: 82.7491, loss: 0.0858
2026-04-23 12:59:08,909 - mmseg - INFO - Iter [140800/160000]	lr: 9.551e-07, eta: 4:33:08, time: 0.690, data_time: 0.384, memory: 22330, decode.loss_seg: 0.0471, decode.acc_seg: 83.2680, aux.loss_seg: 0.0407, aux.acc_seg: 81.1299, loss: 0.0878
2026-04-23 12:59:44,343 - mmseg - INFO - Iter [140850/160000]	lr: 9.527e-07, eta: 4:32:24, time: 0.709, data_time: 0.376, memory: 22330, decode.loss_seg: 0.0467, decode.acc_seg: 83.4002, aux.loss_seg: 0.0383, aux.acc_seg: 81.4078, loss: 0.0850
2026-04-23 12:59:59,707 - mmseg - INFO - Iter [140900/160000]	lr: 9.502e-07, eta: 4:31:38, time: 0.307, data_time: 0.004, memory: 22330, decode.loss_seg: 0.0453, decode.acc_seg: 82.9331, aux.loss_seg: 0.0380, aux.acc_seg: 80.8788, loss: 0.0833
2026-04-23 13:00:34,726 - mmseg - INFO - Iter [140950/160000]	lr: 9.477e-07, eta: 4:30:54, time: 0.700, data_time: 0.373, memory: 22330, decode.loss_seg: 0.0450, decode.acc_seg: 84.3852, aux.loss_seg: 0.0376, aux.acc_seg: 82.3904, loss: 0.0826
2026-04-23 13:01:10,138 - mmseg - INFO - Exp name: pixel_upernet_itpn_base_12_512_slide_160k_air_polarsar2_amp_linux.py
2026-04-23 13:01:10,138 - mmseg - INFO - Iter [141000/160000]	lr: 9.452e-07, eta: 4:30:10, time: 0.708, data_time: 0.366, memory: 22330, decode.loss_seg: 0.0454, decode.acc_seg: 83.0366, aux.loss_seg: 0.0378, aux.acc_seg: 81.0326, loss: 0.0833
2026-04-23 13:01:25,508 - mmseg - INFO - Iter [141050/160000]	lr: 9.427e-07, eta: 4:29:24, time: 0.307, data_time: 0.003, memory: 22330, decode.loss_seg: 0.0451, decode.acc_seg: 83.1096, aux.loss_seg: 0.0377, aux.acc_seg: 81.0959, loss: 0.0829
2026-04-23 13:02:00,511 - mmseg - INFO - Iter [141100/160000]	lr: 9.402e-07, eta: 4:28:40, time: 0.700, data_time: 0.353, memory: 22330, decode.loss_seg: 0.0456, decode.acc_seg: 85.1155, aux.loss_seg: 0.0377, aux.acc_seg: 83.1186, loss: 0.0833
2026-04-23 13:02:35,818 - mmseg - INFO - Iter [141150/160000]	lr: 9.377e-07, eta: 4:27:57, time: 0.706, data_time: 0.402, memory: 22330, decode.loss_seg: 0.0465, decode.acc_seg: 84.5879, aux.loss_seg: 0.0405, aux.acc_seg: 82.4094, loss: 0.0870
2026-04-23 13:02:51,198 - mmseg - INFO - Iter [141200/160000]	lr: 9.352e-07, eta: 4:27:11, time: 0.308, data_time: 0.004, memory: 22330, decode.loss_seg: 0.0458, decode.acc_seg: 83.9584, aux.loss_seg: 0.0381, aux.acc_seg: 81.9448, loss: 0.0839
2026-04-23 13:03:25,836 - mmseg - INFO - Iter [141250/160000]	lr: 9.328e-07, eta: 4:26:27, time: 0.693, data_time: 0.388, memory: 22330, decode.loss_seg: 0.0457, decode.acc_seg: 83.4375, aux.loss_seg: 0.0394, aux.acc_seg: 81.2681, loss: 0.0851
2026-04-23 13:04:01,364 - mmseg - INFO - Iter [141300/160000]	lr: 9.303e-07, eta: 4:25:43, time: 0.711, data_time: 0.386, memory: 22330, decode.loss_seg: 0.0474, decode.acc_seg: 85.0656, aux.loss_seg: 0.0405, aux.acc_seg: 82.9379, loss: 0.0879
2026-04-23 13:04:16,703 - mmseg - INFO - Iter [141350/160000]	lr: 9.278e-07, eta: 4:24:57, time: 0.307, data_time: 0.003, memory: 22330, decode.loss_seg: 0.0474, decode.acc_seg: 83.6940, aux.loss_seg: 0.0387, aux.acc_seg: 81.6951, loss: 0.0861
2026-04-23 13:04:51,614 - mmseg - INFO - Iter [141400/160000]	lr: 9.253e-07, eta: 4:24:13, time: 0.698, data_time: 0.364, memory: 22330, decode.loss_seg: 0.0451, decode.acc_seg: 85.1416, aux.loss_seg: 0.0377, aux.acc_seg: 83.1863, loss: 0.0827
2026-04-23 13:05:26,579 - mmseg - INFO - Iter [141450/160000]	lr: 9.228e-07, eta: 4:23:30, time: 0.699, data_time: 0.396, memory: 22330, decode.loss_seg: 0.0462, decode.acc_seg: 84.8430, aux.loss_seg: 0.0397, aux.acc_seg: 82.6939, loss: 0.0860
2026-04-23 13:05:42,006 - mmseg - INFO - Iter [141500/160000]	lr: 9.203e-07, eta: 4:22:44, time: 0.309, data_time: 0.004, memory: 22330, decode.loss_seg: 0.0440, decode.acc_seg: 82.7322, aux.loss_seg: 0.0369, aux.acc_seg: 80.7605, loss: 0.0809
2026-04-23 13:06:16,240 - mmseg - INFO - Iter [141550/160000]	lr: 9.178e-07, eta: 4:22:00, time: 0.685, data_time: 0.377, memory: 22330, decode.loss_seg: 0.0460, decode.acc_seg: 85.4205, aux.loss_seg: 0.0379, aux.acc_seg: 83.4343, loss: 0.0838
2026-04-23 13:06:31,581 - mmseg - INFO - Iter [141600/160000]	lr: 9.153e-07, eta: 4:21:14, time: 0.307, data_time: 0.004, memory: 22330, decode.loss_seg: 0.0463, decode.acc_seg: 85.8214, aux.loss_seg: 0.0380, aux.acc_seg: 83.8481, loss: 0.0843
2026-04-23 13:07:06,777 - mmseg - INFO - Iter [141650/160000]	lr: 9.129e-07, eta: 4:20:30, time: 0.704, data_time: 0.394, memory: 22330, decode.loss_seg: 0.0464, decode.acc_seg: 84.1308, aux.loss_seg: 0.0390, aux.acc_seg: 82.0696, loss: 0.0854
2026-04-23 13:07:41,099 - mmseg - INFO - Iter [141700/160000]	lr: 9.104e-07, eta: 4:19:47, time: 0.686, data_time: 0.352, memory: 22330, decode.loss_seg: 0.0453, decode.acc_seg: 83.4124, aux.loss_seg: 0.0380, aux.acc_seg: 81.3882, loss: 0.0833
2026-04-23 13:07:56,471 - mmseg - INFO - Iter [141750/160000]	lr: 9.079e-07, eta: 4:19:00, time: 0.307, data_time: 0.004, memory: 22330, decode.loss_seg: 0.0462, decode.acc_seg: 84.4668, aux.loss_seg: 0.0385, aux.acc_seg: 82.4770, loss: 0.0847
2026-04-23 13:08:32,589 - mmseg - INFO - Iter [141800/160000]	lr: 9.054e-07, eta: 4:18:17, time: 0.722, data_time: 0.419, memory: 22330, decode.loss_seg: 0.0465, decode.acc_seg: 84.4021, aux.loss_seg: 0.0384, aux.acc_seg: 82.4036, loss: 0.0849
2026-04-23 13:09:06,867 - mmseg - INFO - Iter [141850/160000]	lr: 9.029e-07, eta: 4:17:33, time: 0.686, data_time: 0.378, memory: 22330, decode.loss_seg: 0.0453, decode.acc_seg: 83.8697, aux.loss_seg: 0.0380, aux.acc_seg: 81.8498, loss: 0.0833
2026-04-23 13:09:22,219 - mmseg - INFO - Iter [141900/160000]	lr: 9.004e-07, eta: 4:16:47, time: 0.307, data_time: 0.004, memory: 22330, decode.loss_seg: 0.0470, decode.acc_seg: 84.6313, aux.loss_seg: 0.0392, aux.acc_seg: 82.5954, loss: 0.0862
2026-04-23 13:09:57,774 - mmseg - INFO - Iter [141950/160000]	lr: 8.979e-07, eta: 4:16:04, time: 0.711, data_time: 0.385, memory: 22330, decode.loss_seg: 0.0465, decode.acc_seg: 85.2714, aux.loss_seg: 0.0379, aux.acc_seg: 83.3141, loss: 0.0844
2026-04-23 13:10:46,053 - mmseg - INFO - per class results:
2026-04-23 13:10:46,053 - mmseg - INFO - 
+------------+-------+-------+
| Class      | IoU   | Acc   |
+------------+-------+-------+
| housing    | 94.83 | 97.38 |
| industrial | 93.29 | 96.48 |
| natural    | 87.09 | 90.42 |
| land_use   | 77.5  | 82.71 |
| water      | 93.22 | 97.68 |
| other      | 97.67 | 99.05 |
+------------+-------+-------+
2026-04-23 13:10:46,053 - mmseg - INFO - Summary:
2026-04-23 13:10:46,054 - mmseg - INFO - 
+--------+------+-------+-------+
| Scope  | mIoU | mAcc  | aAcc  |
+--------+------+-------+-------+
| global | 90.6 | 93.95 | 95.91 |
+--------+------+-------+-------+
2026-04-23 13:10:46,101 - mmseg - INFO - Exp name: pixel_upernet_itpn_base_12_512_slide_160k_air_polarsar2_amp_linux.py
2026-04-23 13:10:46,101 - mmseg - INFO - Iter [142000/160000]	lr: 8.954e-07, eta: 4:16:38, time: 13.021, data_time: 0.000, memory: 22330, mIoU: 0.9060, mAcc: 0.9395, aAcc: 0.9591
2026-04-23 13:11:01,477 - mmseg - INFO - Iter [142050/160000]	lr: 8.930e-07, eta: 4:15:52, time: 0.307, data_time: 0.005, memory: 22330, decode.loss_seg: 0.0460, decode.acc_seg: 83.1262, aux.loss_seg: 0.0390, aux.acc_seg: 81.0253, loss: 0.0850
2026-04-23 13:11:36,230 - mmseg - INFO - Iter [142100/160000]	lr: 8.905e-07, eta: 4:15:08, time: 0.695, data_time: 0.362, memory: 22330, decode.loss_seg: 0.0446, decode.acc_seg: 83.5625, aux.loss_seg: 0.0366, aux.acc_seg: 81.6315, loss: 0.0812
2026-04-23 13:12:11,206 - mmseg - INFO - Iter [142150/160000]	lr: 8.880e-07, eta: 4:14:25, time: 0.699, data_time: 0.393, memory: 22330, decode.loss_seg: 0.0465, decode.acc_seg: 85.1233, aux.loss_seg: 0.0390, aux.acc_seg: 83.0555, loss: 0.0856
2026-04-23 13:12:26,602 - mmseg - INFO - Iter [142200/160000]	lr: 8.855e-07, eta: 4:13:39, time: 0.308, data_time: 0.004, memory: 22330, decode.loss_seg: 0.0453, decode.acc_seg: 83.7240, aux.loss_seg: 0.0378, aux.acc_seg: 81.7541, loss: 0.0830
2026-04-23 13:13:01,775 - mmseg - INFO - Iter [142250/160000]	lr: 8.830e-07, eta: 4:12:55, time: 0.704, data_time: 0.365, memory: 22330, decode.loss_seg: 0.0460, decode.acc_seg: 85.0485, aux.loss_seg: 0.0384, aux.acc_seg: 83.0069, loss: 0.0845
2026-04-23 13:13:36,532 - mmseg - INFO - Iter [142300/160000]	lr: 8.805e-07, eta: 4:12:11, time: 0.695, data_time: 0.386, memory: 22330, decode.loss_seg: 0.0481, decode.acc_seg: 83.6730, aux.loss_seg: 0.0392, aux.acc_seg: 81.6227, loss: 0.0874
2026-04-23 13:13:51,930 - mmseg - INFO - Iter [142350/160000]	lr: 8.780e-07, eta: 4:11:25, time: 0.308, data_time: 0.004, memory: 22330, decode.loss_seg: 0.0473, decode.acc_seg: 84.1179, aux.loss_seg: 0.0414, aux.acc_seg: 81.8144, loss: 0.0887
2026-04-23 13:14:27,412 - mmseg - INFO - Iter [142400/160000]	lr: 8.755e-07, eta: 4:10:41, time: 0.710, data_time: 0.399, memory: 22330, decode.loss_seg: 0.0464, decode.acc_seg: 85.7578, aux.loss_seg: 0.0385, aux.acc_seg: 83.7484, loss: 0.0848
2026-04-23 13:14:42,789 - mmseg - INFO - Iter [142450/160000]	lr: 8.731e-07, eta: 4:09:55, time: 0.308, data_time: 0.005, memory: 22330, decode.loss_seg: 0.0455, decode.acc_seg: 84.5732, aux.loss_seg: 0.0378, aux.acc_seg: 82.5941, loss: 0.0833
2026-04-23 13:15:17,987 - mmseg - INFO - Iter [142500/160000]	lr: 8.706e-07, eta: 4:09:12, time: 0.704, data_time: 0.354, memory: 22330, decode.loss_seg: 0.0461, decode.acc_seg: 84.2496, aux.loss_seg: 0.0381, aux.acc_seg: 82.2648, loss: 0.0842
2026-04-23 13:15:52,616 - mmseg - INFO - Iter [142550/160000]	lr: 8.681e-07, eta: 4:08:28, time: 0.692, data_time: 0.347, memory: 22330, decode.loss_seg: 0.0443, decode.acc_seg: 84.7412, aux.loss_seg: 0.0363, aux.acc_seg: 82.8393, loss: 0.0805
2026-04-23 13:16:08,001 - mmseg - INFO - Iter [142600/160000]	lr: 8.656e-07, eta: 4:07:42, time: 0.308, data_time: 0.004, memory: 22330, decode.loss_seg: 0.0467, decode.acc_seg: 82.6577, aux.loss_seg: 0.0392, aux.acc_seg: 80.5802, loss: 0.0859
2026-04-23 13:16:42,836 - mmseg - INFO - Iter [142650/160000]	lr: 8.631e-07, eta: 4:06:58, time: 0.697, data_time: 0.348, memory: 22330, decode.loss_seg: 0.0448, decode.acc_seg: 83.5210, aux.loss_seg: 0.0379, aux.acc_seg: 81.4966, loss: 0.0827
2026-04-23 13:17:17,510 - mmseg - INFO - Iter [142700/160000]	lr: 8.606e-07, eta: 4:06:14, time: 0.693, data_time: 0.368, memory: 22330, decode.loss_seg: 0.0467, decode.acc_seg: 84.2041, aux.loss_seg: 0.0385, aux.acc_seg: 82.2060, loss: 0.0851
2026-04-23 13:17:32,959 - mmseg - INFO - Iter [142750/160000]	lr: 8.581e-07, eta: 4:05:28, time: 0.309, data_time: 0.004, memory: 22330, decode.loss_seg: 0.0447, decode.acc_seg: 83.3866, aux.loss_seg: 0.0385, aux.acc_seg: 81.3194, loss: 0.0832
2026-04-23 13:18:07,456 - mmseg - INFO - Iter [142800/160000]	lr: 8.557e-07, eta: 4:04:45, time: 0.690, data_time: 0.384, memory: 22330, decode.loss_seg: 0.0471, decode.acc_seg: 84.0963, aux.loss_seg: 0.0394, aux.acc_seg: 82.0099, loss: 0.0865
2026-04-23 13:18:41,778 - mmseg - INFO - Iter [142850/160000]	lr: 8.532e-07, eta: 4:04:01, time: 0.686, data_time: 0.382, memory: 22330, decode.loss_seg: 0.0454, decode.acc_seg: 84.8119, aux.loss_seg: 0.0378, aux.acc_seg: 82.8269, loss: 0.0832
2026-04-23 13:18:57,128 - mmseg - INFO - Iter [142900/160000]	lr: 8.507e-07, eta: 4:03:15, time: 0.307, data_time: 0.004, memory: 22330, decode.loss_seg: 0.0457, decode.acc_seg: 84.0077, aux.loss_seg: 0.0378, aux.acc_seg: 82.0445, loss: 0.0834
2026-04-23 13:19:32,362 - mmseg - INFO - Iter [142950/160000]	lr: 8.482e-07, eta: 4:02:32, time: 0.705, data_time: 0.401, memory: 22330, decode.loss_seg: 0.0469, decode.acc_seg: 82.9262, aux.loss_seg: 0.0414, aux.acc_seg: 80.6796, loss: 0.0883
2026-04-23 13:20:07,212 - mmseg - INFO - Exp name: pixel_upernet_itpn_base_12_512_slide_160k_air_polarsar2_amp_linux.py
2026-04-23 13:20:07,212 - mmseg - INFO - Iter [143000/160000]	lr: 8.457e-07, eta: 4:01:48, time: 0.697, data_time: 0.385, memory: 22330, decode.loss_seg: 0.0468, decode.acc_seg: 84.8042, aux.loss_seg: 0.0396, aux.acc_seg: 82.6895, loss: 0.0864
2026-04-23 13:20:22,576 - mmseg - INFO - Iter [143050/160000]	lr: 8.432e-07, eta: 4:01:02, time: 0.307, data_time: 0.004, memory: 22330, decode.loss_seg: 0.0451, decode.acc_seg: 84.6704, aux.loss_seg: 0.0378, aux.acc_seg: 82.6850, loss: 0.0828
2026-04-23 13:20:57,498 - mmseg - INFO - Iter [143100/160000]	lr: 8.407e-07, eta: 4:00:19, time: 0.698, data_time: 0.368, memory: 22330, decode.loss_seg: 0.0450, decode.acc_seg: 83.7486, aux.loss_seg: 0.0376, aux.acc_seg: 81.7542, loss: 0.0827
2026-04-23 13:21:33,252 - mmseg - INFO - Iter [143150/160000]	lr: 8.382e-07, eta: 3:59:35, time: 0.715, data_time: 0.358, memory: 22330, decode.loss_seg: 0.0458, decode.acc_seg: 83.5563, aux.loss_seg: 0.0383, aux.acc_seg: 81.5395, loss: 0.0841
2026-04-23 13:21:48,531 - mmseg - INFO - Iter [143200/160000]	lr: 8.358e-07, eta: 3:58:49, time: 0.306, data_time: 0.004, memory: 22330, decode.loss_seg: 0.0455, decode.acc_seg: 83.0456, aux.loss_seg: 0.0380, aux.acc_seg: 81.0339, loss: 0.0834
2026-04-23 13:22:23,630 - mmseg - INFO - Iter [143250/160000]	lr: 8.333e-07, eta: 3:58:06, time: 0.702, data_time: 0.331, memory: 22330, decode.loss_seg: 0.0454, decode.acc_seg: 84.6639, aux.loss_seg: 0.0377, aux.acc_seg: 82.6790, loss: 0.0831
2026-04-23 13:22:59,341 - mmseg - INFO - Iter [143300/160000]	lr: 8.308e-07, eta: 3:57:22, time: 0.714, data_time: 0.386, memory: 22330, decode.loss_seg: 0.0467, decode.acc_seg: 84.3985, aux.loss_seg: 0.0388, aux.acc_seg: 82.3611, loss: 0.0855
2026-04-23 13:23:14,817 - mmseg - INFO - Iter [143350/160000]	lr: 8.283e-07, eta: 3:56:36, time: 0.309, data_time: 0.003, memory: 22330, decode.loss_seg: 0.0473, decode.acc_seg: 84.3134, aux.loss_seg: 0.0397, aux.acc_seg: 82.2118, loss: 0.0870
2026-04-23 13:23:49,758 - mmseg - INFO - Iter [143400/160000]	lr: 8.258e-07, eta: 3:55:53, time: 0.699, data_time: 0.372, memory: 22330, decode.loss_seg: 0.0455, decode.acc_seg: 84.9150, aux.loss_seg: 0.0378, aux.acc_seg: 82.9162, loss: 0.0833
2026-04-23 13:24:05,134 - mmseg - INFO - Iter [143450/160000]	lr: 8.233e-07, eta: 3:55:07, time: 0.307, data_time: 0.004, memory: 22330, decode.loss_seg: 0.0458, decode.acc_seg: 83.8593, aux.loss_seg: 0.0384, aux.acc_seg: 81.8422, loss: 0.0842
2026-04-23 13:24:40,163 - mmseg - INFO - Iter [143500/160000]	lr: 8.208e-07, eta: 3:54:24, time: 0.701, data_time: 0.374, memory: 22330, decode.loss_seg: 0.0459, decode.acc_seg: 83.7649, aux.loss_seg: 0.0385, aux.acc_seg: 81.7368, loss: 0.0844
2026-04-23 13:25:15,394 - mmseg - INFO - Iter [143550/160000]	lr: 8.183e-07, eta: 3:53:40, time: 0.705, data_time: 0.375, memory: 22330, decode.loss_seg: 0.0461, decode.acc_seg: 84.0284, aux.loss_seg: 0.0394, aux.acc_seg: 81.9103, loss: 0.0856
2026-04-23 13:25:30,760 - mmseg - INFO - Iter [143600/160000]	lr: 8.159e-07, eta: 3:52:54, time: 0.307, data_time: 0.004, memory: 22330, decode.loss_seg: 0.0450, decode.acc_seg: 82.1497, aux.loss_seg: 0.0375, aux.acc_seg: 80.1700, loss: 0.0826
2026-04-23 13:26:06,282 - mmseg - INFO - Iter [143650/160000]	lr: 8.134e-07, eta: 3:52:11, time: 0.711, data_time: 0.397, memory: 22330, decode.loss_seg: 0.0465, decode.acc_seg: 83.0029, aux.loss_seg: 0.0381, aux.acc_seg: 81.0186, loss: 0.0846
2026-04-23 13:26:41,098 - mmseg - INFO - Iter [143700/160000]	lr: 8.109e-07, eta: 3:51:27, time: 0.696, data_time: 0.394, memory: 22330, decode.loss_seg: 0.0438, decode.acc_seg: 82.7669, aux.loss_seg: 0.0374, aux.acc_seg: 80.7205, loss: 0.0812
2026-04-23 13:26:56,429 - mmseg - INFO - Iter [143750/160000]	lr: 8.084e-07, eta: 3:50:42, time: 0.307, data_time: 0.003, memory: 22330, decode.loss_seg: 0.0470, decode.acc_seg: 85.0583, aux.loss_seg: 0.0391, aux.acc_seg: 83.0009, loss: 0.0861
2026-04-23 13:27:31,086 - mmseg - INFO - Iter [143800/160000]	lr: 8.059e-07, eta: 3:49:58, time: 0.693, data_time: 0.358, memory: 22330, decode.loss_seg: 0.0460, decode.acc_seg: 84.5410, aux.loss_seg: 0.0383, aux.acc_seg: 82.5143, loss: 0.0843
2026-04-23 13:28:05,573 - mmseg - INFO - Iter [143850/160000]	lr: 8.034e-07, eta: 3:49:15, time: 0.690, data_time: 0.380, memory: 22330, decode.loss_seg: 0.0442, decode.acc_seg: 84.1866, aux.loss_seg: 0.0363, aux.acc_seg: 82.2755, loss: 0.0805
2026-04-23 13:28:20,913 - mmseg - INFO - Iter [143900/160000]	lr: 8.009e-07, eta: 3:48:29, time: 0.307, data_time: 0.004, memory: 22330, decode.loss_seg: 0.0459, decode.acc_seg: 84.4724, aux.loss_seg: 0.0382, aux.acc_seg: 82.4518, loss: 0.0842
2026-04-23 13:28:56,175 - mmseg - INFO - Iter [143950/160000]	lr: 7.984e-07, eta: 3:47:46, time: 0.705, data_time: 0.390, memory: 22330, decode.loss_seg: 0.0451, decode.acc_seg: 82.6974, aux.loss_seg: 0.0373, aux.acc_seg: 80.7402, loss: 0.0824
2026-04-23 13:29:30,390 - mmseg - INFO - Saving checkpoint at 144000 iterations
2026-04-23 13:29:44,840 - mmseg - INFO - per class results:
2026-04-23 13:29:44,841 - mmseg - INFO - 
+------------+-------+-------+
| Class      | IoU   | Acc   |
+------------+-------+-------+
| housing    | 94.79 | 97.45 |
| industrial | 93.31 | 96.44 |
| natural    | 87.0  | 89.84 |
| land_use   | 77.83 | 83.12 |
| water      | 93.27 | 97.72 |
| other      | 97.77 | 99.2  |
+------------+-------+-------+
2026-04-23 13:29:44,841 - mmseg - INFO - Summary:
2026-04-23 13:29:44,841 - mmseg - INFO - 
+--------+-------+-------+-------+
| Scope  | mIoU  | mAcc  | aAcc  |
+--------+-------+-------+-------+
| global | 90.66 | 93.96 | 95.94 |
+--------+-------+-------+-------+
2026-04-23 13:29:44,883 - mmseg - INFO - Exp name: pixel_upernet_itpn_base_12_512_slide_160k_air_polarsar2_amp_linux.py
2026-04-23 13:29:44,883 - mmseg - INFO - Iter [144000/160000]	lr: 7.960e-07, eta: 3:48:21, time: 14.801, data_time: 0.000, memory: 22330, mIoU: 0.9066, mAcc: 0.9396, aAcc: 0.9594
2026-04-23 13:30:00,312 - mmseg - INFO - Iter [144050/160000]	lr: 7.935e-07, eta: 3:47:35, time: 0.308, data_time: 0.004, memory: 22330, decode.loss_seg: 0.0465, decode.acc_seg: 85.4854, aux.loss_seg: 0.0390, aux.acc_seg: 83.4384, loss: 0.0856
2026-04-23 13:30:33,885 - mmseg - INFO - Iter [144100/160000]	lr: 7.910e-07, eta: 3:46:51, time: 0.671, data_time: 0.326, memory: 22330, decode.loss_seg: 0.0452, decode.acc_seg: 85.0516, aux.loss_seg: 0.0378, aux.acc_seg: 83.0464, loss: 0.0830
2026-04-23 13:31:09,710 - mmseg - INFO - Iter [144150/160000]	lr: 7.885e-07, eta: 3:46:07, time: 0.717, data_time: 0.347, memory: 22330, decode.loss_seg: 0.0471, decode.acc_seg: 84.0010, aux.loss_seg: 0.0401, aux.acc_seg: 81.8033, loss: 0.0872
2026-04-23 13:31:25,104 - mmseg - INFO - Iter [144200/160000]	lr: 7.860e-07, eta: 3:45:22, time: 0.308, data_time: 0.003, memory: 22330, decode.loss_seg: 0.0455, decode.acc_seg: 85.0040, aux.loss_seg: 0.0383, aux.acc_seg: 82.9797, loss: 0.0838
2026-04-23 13:32:00,174 - mmseg - INFO - Iter [144250/160000]	lr: 7.835e-07, eta: 3:44:38, time: 0.701, data_time: 0.380, memory: 22330, decode.loss_seg: 0.0458, decode.acc_seg: 84.3369, aux.loss_seg: 0.0384, aux.acc_seg: 82.3053, loss: 0.0841
2026-04-23 13:32:35,062 - mmseg - INFO - Iter [144300/160000]	lr: 7.810e-07, eta: 3:43:54, time: 0.698, data_time: 0.385, memory: 22330, decode.loss_seg: 0.0456, decode.acc_seg: 84.6531, aux.loss_seg: 0.0379, aux.acc_seg: 82.6962, loss: 0.0836
2026-04-23 13:32:50,528 - mmseg - INFO - Iter [144350/160000]	lr: 7.785e-07, eta: 3:43:09, time: 0.309, data_time: 0.004, memory: 22330, decode.loss_seg: 0.0463, decode.acc_seg: 84.0192, aux.loss_seg: 0.0381, aux.acc_seg: 82.0237, loss: 0.0844
2026-04-23 13:33:25,540 - mmseg - INFO - Iter [144400/160000]	lr: 7.761e-07, eta: 3:42:25, time: 0.700, data_time: 0.356, memory: 22330, decode.loss_seg: 0.0455, decode.acc_seg: 84.7891, aux.loss_seg: 0.0383, aux.acc_seg: 82.7645, loss: 0.0838
2026-04-23 13:33:40,937 - mmseg - INFO - Iter [144450/160000]	lr: 7.736e-07, eta: 3:41:39, time: 0.308, data_time: 0.003, memory: 22330, decode.loss_seg: 0.0457, decode.acc_seg: 83.6808, aux.loss_seg: 0.0376, aux.acc_seg: 81.7051, loss: 0.0834
2026-04-23 13:34:16,989 - mmseg - INFO - Iter [144500/160000]	lr: 7.711e-07, eta: 3:40:56, time: 0.721, data_time: 0.336, memory: 22330, decode.loss_seg: 0.0447, decode.acc_seg: 83.5260, aux.loss_seg: 0.0395, aux.acc_seg: 81.3091, loss: 0.0842
2026-04-23 13:34:51,606 - mmseg - INFO - Iter [144550/160000]	lr: 7.686e-07, eta: 3:40:12, time: 0.692, data_time: 0.363, memory: 22330, decode.loss_seg: 0.0466, decode.acc_seg: 85.6600, aux.loss_seg: 0.0383, aux.acc_seg: 83.6913, loss: 0.0849
2026-04-23 13:35:07,055 - mmseg - INFO - Iter [144600/160000]	lr: 7.661e-07, eta: 3:39:27, time: 0.309, data_time: 0.004, memory: 22330, decode.loss_seg: 0.0459, decode.acc_seg: 85.9858, aux.loss_seg: 0.0381, aux.acc_seg: 83.9900, loss: 0.0839
2026-04-23 13:35:41,543 - mmseg - INFO - Iter [144650/160000]	lr: 7.636e-07, eta: 3:38:43, time: 0.690, data_time: 0.342, memory: 22330, decode.loss_seg: 0.0450, decode.acc_seg: 83.1754, aux.loss_seg: 0.0374, aux.acc_seg: 81.2064, loss: 0.0824
2026-04-23 13:36:16,294 - mmseg - INFO - Iter [144700/160000]	lr: 7.611e-07, eta: 3:37:59, time: 0.695, data_time: 0.368, memory: 22330, decode.loss_seg: 0.0467, decode.acc_seg: 83.6678, aux.loss_seg: 0.0390, aux.acc_seg: 81.6149, loss: 0.0857
2026-04-23 13:36:31,767 - mmseg - INFO - Iter [144750/160000]	lr: 7.586e-07, eta: 3:37:14, time: 0.309, data_time: 0.004, memory: 22330, decode.loss_seg: 0.0439, decode.acc_seg: 83.0918, aux.loss_seg: 0.0368, aux.acc_seg: 81.1496, loss: 0.0807
2026-04-23 13:37:07,086 - mmseg - INFO - Iter [144800/160000]	lr: 7.562e-07, eta: 3:36:30, time: 0.706, data_time: 0.376, memory: 22330, decode.loss_seg: 0.0487, decode.acc_seg: 86.1366, aux.loss_seg: 0.0445, aux.acc_seg: 83.7862, loss: 0.0931
2026-04-23 13:37:42,961 - mmseg - INFO - Iter [144850/160000]	lr: 7.537e-07, eta: 3:35:47, time: 0.718, data_time: 0.361, memory: 22330, decode.loss_seg: 0.0440, decode.acc_seg: 83.1781, aux.loss_seg: 0.0378, aux.acc_seg: 81.1000, loss: 0.0817
2026-04-23 13:37:58,414 - mmseg - INFO - Iter [144900/160000]	lr: 7.512e-07, eta: 3:35:01, time: 0.309, data_time: 0.003, memory: 22330, decode.loss_seg: 0.0471, decode.acc_seg: 83.4145, aux.loss_seg: 0.0388, aux.acc_seg: 81.3844, loss: 0.0859
2026-04-23 13:38:34,031 - mmseg - INFO - Iter [144950/160000]	lr: 7.487e-07, eta: 3:34:18, time: 0.712, data_time: 0.380, memory: 22330, decode.loss_seg: 0.0452, decode.acc_seg: 85.1138, aux.loss_seg: 0.0380, aux.acc_seg: 83.1109, loss: 0.0832
2026-04-23 13:39:08,836 - mmseg - INFO - Exp name: pixel_upernet_itpn_base_12_512_slide_160k_air_polarsar2_amp_linux.py
2026-04-23 13:39:08,836 - mmseg - INFO - Iter [145000/160000]	lr: 7.462e-07, eta: 3:33:34, time: 0.696, data_time: 0.373, memory: 22330, decode.loss_seg: 0.0457, decode.acc_seg: 83.1962, aux.loss_seg: 0.0382, aux.acc_seg: 81.1963, loss: 0.0839
2026-04-23 13:39:24,281 - mmseg - INFO - Iter [145050/160000]	lr: 7.437e-07, eta: 3:32:49, time: 0.309, data_time: 0.004, memory: 22330, decode.loss_seg: 0.0463, decode.acc_seg: 83.1501, aux.loss_seg: 0.0382, aux.acc_seg: 81.1304, loss: 0.0845
2026-04-23 13:39:59,347 - mmseg - INFO - Iter [145100/160000]	lr: 7.412e-07, eta: 3:32:05, time: 0.701, data_time: 0.348, memory: 22330, decode.loss_seg: 0.0456, decode.acc_seg: 83.5315, aux.loss_seg: 0.0379, aux.acc_seg: 81.5326, loss: 0.0834
2026-04-23 13:40:34,032 - mmseg - INFO - Iter [145150/160000]	lr: 7.388e-07, eta: 3:31:22, time: 0.694, data_time: 0.372, memory: 22330, decode.loss_seg: 0.0472, decode.acc_seg: 84.1487, aux.loss_seg: 0.0392, aux.acc_seg: 82.1310, loss: 0.0864
2026-04-23 13:40:49,416 - mmseg - INFO - Iter [145200/160000]	lr: 7.363e-07, eta: 3:30:36, time: 0.308, data_time: 0.004, memory: 22330, decode.loss_seg: 0.0453, decode.acc_seg: 84.0174, aux.loss_seg: 0.0383, aux.acc_seg: 81.9475, loss: 0.0836
2026-04-23 13:41:23,674 - mmseg - INFO - Iter [145250/160000]	lr: 7.338e-07, eta: 3:29:53, time: 0.685, data_time: 0.367, memory: 22330, decode.loss_seg: 0.0457, decode.acc_seg: 83.3159, aux.loss_seg: 0.0390, aux.acc_seg: 81.2349, loss: 0.0847
2026-04-23 13:41:58,123 - mmseg - INFO - Iter [145300/160000]	lr: 7.313e-07, eta: 3:29:09, time: 0.689, data_time: 0.374, memory: 22330, decode.loss_seg: 0.0458, decode.acc_seg: 83.8508, aux.loss_seg: 0.0374, aux.acc_seg: 81.9168, loss: 0.0831
2026-04-23 13:42:13,481 - mmseg - INFO - Iter [145350/160000]	lr: 7.288e-07, eta: 3:28:24, time: 0.307, data_time: 0.003, memory: 22330, decode.loss_seg: 0.0454, decode.acc_seg: 83.5590, aux.loss_seg: 0.0378, aux.acc_seg: 81.5458, loss: 0.0832
2026-04-23 13:42:49,550 - mmseg - INFO - Iter [145400/160000]	lr: 7.263e-07, eta: 3:27:40, time: 0.721, data_time: 0.350, memory: 22330, decode.loss_seg: 0.0460, decode.acc_seg: 85.8884, aux.loss_seg: 0.0385, aux.acc_seg: 83.8900, loss: 0.0845
2026-04-23 13:43:04,936 - mmseg - INFO - Iter [145450/160000]	lr: 7.238e-07, eta: 3:26:55, time: 0.308, data_time: 0.004, memory: 22330, decode.loss_seg: 0.0448, decode.acc_seg: 83.7600, aux.loss_seg: 0.0368, aux.acc_seg: 81.8224, loss: 0.0816
2026-04-23 13:43:39,111 - mmseg - INFO - Iter [145500/160000]	lr: 7.213e-07, eta: 3:26:11, time: 0.684, data_time: 0.325, memory: 22330, decode.loss_seg: 0.0458, decode.acc_seg: 83.8342, aux.loss_seg: 0.0380, aux.acc_seg: 81.8543, loss: 0.0838
2026-04-23 13:44:14,047 - mmseg - INFO - Iter [145550/160000]	lr: 7.189e-07, eta: 3:25:28, time: 0.699, data_time: 0.355, memory: 22330, decode.loss_seg: 0.0444, decode.acc_seg: 82.8255, aux.loss_seg: 0.0372, aux.acc_seg: 80.8646, loss: 0.0816
2026-04-23 13:44:29,410 - mmseg - INFO - Iter [145600/160000]	lr: 7.164e-07, eta: 3:24:43, time: 0.307, data_time: 0.003, memory: 22330, decode.loss_seg: 0.0464, decode.acc_seg: 84.6434, aux.loss_seg: 0.0387, aux.acc_seg: 82.6326, loss: 0.0851
2026-04-23 13:45:04,297 - mmseg - INFO - Iter [145650/160000]	lr: 7.139e-07, eta: 3:23:59, time: 0.698, data_time: 0.346, memory: 22330, decode.loss_seg: 0.0456, decode.acc_seg: 83.3054, aux.loss_seg: 0.0384, aux.acc_seg: 81.2610, loss: 0.0840
2026-04-23 13:45:38,390 - mmseg - INFO - Iter [145700/160000]	lr: 7.114e-07, eta: 3:23:16, time: 0.682, data_time: 0.377, memory: 22330, decode.loss_seg: 0.0462, decode.acc_seg: 84.9782, aux.loss_seg: 0.0384, aux.acc_seg: 82.9567, loss: 0.0846
2026-04-23 13:45:53,755 - mmseg - INFO - Iter [145750/160000]	lr: 7.089e-07, eta: 3:22:30, time: 0.307, data_time: 0.004, memory: 22330, decode.loss_seg: 0.0446, decode.acc_seg: 82.7212, aux.loss_seg: 0.0373, aux.acc_seg: 80.7386, loss: 0.0818
2026-04-23 13:46:28,495 - mmseg - INFO - Iter [145800/160000]	lr: 7.064e-07, eta: 3:21:47, time: 0.695, data_time: 0.370, memory: 22330, decode.loss_seg: 0.0455, decode.acc_seg: 84.5152, aux.loss_seg: 0.0376, aux.acc_seg: 82.5489, loss: 0.0831
2026-04-23 13:47:02,906 - mmseg - INFO - Iter [145850/160000]	lr: 7.039e-07, eta: 3:21:04, time: 0.688, data_time: 0.358, memory: 22330, decode.loss_seg: 0.0444, decode.acc_seg: 83.3747, aux.loss_seg: 0.0371, aux.acc_seg: 81.3925, loss: 0.0815
2026-04-23 13:47:18,320 - mmseg - INFO - Iter [145900/160000]	lr: 7.014e-07, eta: 3:20:18, time: 0.308, data_time: 0.004, memory: 22330, decode.loss_seg: 0.0447, decode.acc_seg: 84.2458, aux.loss_seg: 0.0374, aux.acc_seg: 82.2645, loss: 0.0821
2026-04-23 13:47:53,398 - mmseg - INFO - Iter [145950/160000]	lr: 6.990e-07, eta: 3:19:35, time: 0.702, data_time: 0.380, memory: 22330, decode.loss_seg: 0.0452, decode.acc_seg: 84.7068, aux.loss_seg: 0.0382, aux.acc_seg: 82.6653, loss: 0.0834
2026-04-23 13:48:39,852 - mmseg - INFO - per class results:
2026-04-23 13:48:39,852 - mmseg - INFO - 
+------------+-------+-------+
| Class      | IoU   | Acc   |
+------------+-------+-------+
| housing    | 94.81 | 97.4  |
| industrial | 93.32 | 96.56 |
| natural    | 86.99 | 89.77 |
| land_use   | 77.79 | 83.18 |
| water      | 93.33 | 97.65 |
| other      | 97.79 | 99.12 |
+------------+-------+-------+
2026-04-23 13:48:39,852 - mmseg - INFO - Summary:
2026-04-23 13:48:39,852 - mmseg - INFO - 
+--------+-------+-------+-------+
| Scope  | mIoU  | mAcc  | aAcc  |
+--------+-------+-------+-------+
| global | 90.67 | 93.95 | 95.95 |
+--------+-------+-------+-------+
2026-04-23 13:48:39,876 - mmseg - INFO - Exp name: pixel_upernet_itpn_base_12_512_slide_160k_air_polarsar2_amp_linux.py
2026-04-23 13:48:39,877 - mmseg - INFO - Iter [146000/160000]	lr: 6.965e-07, eta: 3:19:44, time: 11.574, data_time: 0.000, memory: 22330, mIoU: 0.9067, mAcc: 0.9395, aAcc: 0.9595
2026-04-23 13:48:55,229 - mmseg - INFO - Iter [146050/160000]	lr: 6.940e-07, eta: 3:18:58, time: 0.307, data_time: 0.004, memory: 22330, decode.loss_seg: 0.0452, decode.acc_seg: 84.6416, aux.loss_seg: 0.0373, aux.acc_seg: 82.6964, loss: 0.0824
2026-04-23 13:49:29,384 - mmseg - INFO - Iter [146100/160000]	lr: 6.915e-07, eta: 3:18:15, time: 0.683, data_time: 0.354, memory: 22330, decode.loss_seg: 0.0452, decode.acc_seg: 85.1392, aux.loss_seg: 0.0376, aux.acc_seg: 83.1714, loss: 0.0828
2026-04-23 13:50:05,244 - mmseg - INFO - Iter [146150/160000]	lr: 6.890e-07, eta: 3:17:31, time: 0.717, data_time: 0.413, memory: 22330, decode.loss_seg: 0.0469, decode.acc_seg: 84.3686, aux.loss_seg: 0.0400, aux.acc_seg: 82.3026, loss: 0.0869
2026-04-23 13:50:20,638 - mmseg - INFO - Iter [146200/160000]	lr: 6.865e-07, eta: 3:16:46, time: 0.308, data_time: 0.004, memory: 22330, decode.loss_seg: 0.0453, decode.acc_seg: 84.7518, aux.loss_seg: 0.0381, aux.acc_seg: 82.7028, loss: 0.0835
2026-04-23 13:50:55,610 - mmseg - INFO - Iter [146250/160000]	lr: 6.840e-07, eta: 3:16:02, time: 0.699, data_time: 0.395, memory: 22330, decode.loss_seg: 0.0476, decode.acc_seg: 84.9644, aux.loss_seg: 0.0401, aux.acc_seg: 82.8792, loss: 0.0878
2026-04-23 13:51:10,981 - mmseg - INFO - Iter [146300/160000]	lr: 6.815e-07, eta: 3:15:17, time: 0.308, data_time: 0.003, memory: 22330, decode.loss_seg: 0.0444, decode.acc_seg: 85.2830, aux.loss_seg: 0.0370, aux.acc_seg: 83.3179, loss: 0.0814
2026-04-23 13:51:46,046 - mmseg - INFO - Iter [146350/160000]	lr: 6.791e-07, eta: 3:14:34, time: 0.701, data_time: 0.387, memory: 22330, decode.loss_seg: 0.0449, decode.acc_seg: 83.7182, aux.loss_seg: 0.0376, aux.acc_seg: 81.7378, loss: 0.0825
2026-04-23 13:52:21,603 - mmseg - INFO - Iter [146400/160000]	lr: 6.766e-07, eta: 3:13:50, time: 0.711, data_time: 0.341, memory: 22330, decode.loss_seg: 0.0453, decode.acc_seg: 82.2216, aux.loss_seg: 0.0378, aux.acc_seg: 80.1933, loss: 0.0831
2026-04-23 13:52:36,983 - mmseg - INFO - Iter [146450/160000]	lr: 6.741e-07, eta: 3:13:05, time: 0.308, data_time: 0.004, memory: 22330, decode.loss_seg: 0.0457, decode.acc_seg: 83.6370, aux.loss_seg: 0.0377, aux.acc_seg: 81.6570, loss: 0.0834
2026-04-23 13:53:12,240 - mmseg - INFO - Iter [146500/160000]	lr: 6.716e-07, eta: 3:12:21, time: 0.705, data_time: 0.384, memory: 22330, decode.loss_seg: 0.0439, decode.acc_seg: 83.3839, aux.loss_seg: 0.0373, aux.acc_seg: 81.3852, loss: 0.0811
2026-04-23 13:53:46,257 - mmseg - INFO - Iter [146550/160000]	lr: 6.691e-07, eta: 3:11:38, time: 0.680, data_time: 0.349, memory: 22330, decode.loss_seg: 0.0466, decode.acc_seg: 83.4539, aux.loss_seg: 0.0391, aux.acc_seg: 81.3812, loss: 0.0857
2026-04-23 13:54:01,651 - mmseg - INFO - Iter [146600/160000]	lr: 6.666e-07, eta: 3:10:53, time: 0.308, data_time: 0.004, memory: 22330, decode.loss_seg: 0.0455, decode.acc_seg: 84.7303, aux.loss_seg: 0.0375, aux.acc_seg: 82.7644, loss: 0.0830
2026-04-23 13:54:36,259 - mmseg - INFO - Iter [146650/160000]	lr: 6.641e-07, eta: 3:10:09, time: 0.692, data_time: 0.343, memory: 22330, decode.loss_seg: 0.0444, decode.acc_seg: 84.1165, aux.loss_seg: 0.0375, aux.acc_seg: 82.0923, loss: 0.0819
2026-04-23 13:55:11,515 - mmseg - INFO - Iter [146700/160000]	lr: 6.616e-07, eta: 3:09:26, time: 0.705, data_time: 0.356, memory: 22330, decode.loss_seg: 0.0442, decode.acc_seg: 83.7577, aux.loss_seg: 0.0371, aux.acc_seg: 81.7849, loss: 0.0813
2026-04-23 13:55:27,064 - mmseg - INFO - Iter [146750/160000]	lr: 6.592e-07, eta: 3:08:40, time: 0.311, data_time: 0.005, memory: 22330, decode.loss_seg: 0.0461, decode.acc_seg: 84.1497, aux.loss_seg: 0.0382, aux.acc_seg: 82.1598, loss: 0.0843
2026-04-23 13:56:02,726 - mmseg - INFO - Iter [146800/160000]	lr: 6.567e-07, eta: 3:07:57, time: 0.713, data_time: 0.372, memory: 22330, decode.loss_seg: 0.0462, decode.acc_seg: 84.5426, aux.loss_seg: 0.0386, aux.acc_seg: 82.5117, loss: 0.0848
2026-04-23 13:56:36,355 - mmseg - INFO - Iter [146850/160000]	lr: 6.542e-07, eta: 3:07:14, time: 0.672, data_time: 0.369, memory: 22330, decode.loss_seg: 0.0458, decode.acc_seg: 85.3292, aux.loss_seg: 0.0390, aux.acc_seg: 83.2708, loss: 0.0848
2026-04-23 13:56:51,721 - mmseg - INFO - Iter [146900/160000]	lr: 6.517e-07, eta: 3:06:28, time: 0.307, data_time: 0.003, memory: 22330, decode.loss_seg: 0.0461, decode.acc_seg: 84.9342, aux.loss_seg: 0.0386, aux.acc_seg: 82.9138, loss: 0.0847
2026-04-23 13:57:26,464 - mmseg - INFO - Iter [146950/160000]	lr: 6.492e-07, eta: 3:05:45, time: 0.695, data_time: 0.348, memory: 22330, decode.loss_seg: 0.0462, decode.acc_seg: 85.0216, aux.loss_seg: 0.0381, aux.acc_seg: 83.0182, loss: 0.0843
2026-04-23 13:58:00,939 - mmseg - INFO - Exp name: pixel_upernet_itpn_base_12_512_slide_160k_air_polarsar2_amp_linux.py
2026-04-23 13:58:00,939 - mmseg - INFO - Iter [147000/160000]	lr: 6.467e-07, eta: 3:05:02, time: 0.690, data_time: 0.368, memory: 22330, decode.loss_seg: 0.0455, decode.acc_seg: 83.9523, aux.loss_seg: 0.0377, aux.acc_seg: 81.9720, loss: 0.0832
2026-04-23 13:58:16,316 - mmseg - INFO - Iter [147050/160000]	lr: 6.442e-07, eta: 3:04:17, time: 0.308, data_time: 0.004, memory: 22330, decode.loss_seg: 0.0445, decode.acc_seg: 84.4074, aux.loss_seg: 0.0369, aux.acc_seg: 82.4555, loss: 0.0814
2026-04-23 13:58:50,627 - mmseg - INFO - Iter [147100/160000]	lr: 6.418e-07, eta: 3:03:33, time: 0.686, data_time: 0.372, memory: 22330, decode.loss_seg: 0.0453, decode.acc_seg: 84.0411, aux.loss_seg: 0.0385, aux.acc_seg: 81.9864, loss: 0.0838
2026-04-23 13:59:25,139 - mmseg - INFO - Iter [147150/160000]	lr: 6.393e-07, eta: 3:02:50, time: 0.690, data_time: 0.320, memory: 22330, decode.loss_seg: 0.0447, decode.acc_seg: 84.2953, aux.loss_seg: 0.0369, aux.acc_seg: 82.3751, loss: 0.0817
2026-04-23 13:59:40,490 - mmseg - INFO - Iter [147200/160000]	lr: 6.368e-07, eta: 3:02:05, time: 0.307, data_time: 0.004, memory: 22330, decode.loss_seg: 0.0460, decode.acc_seg: 84.2268, aux.loss_seg: 0.0378, aux.acc_seg: 82.2522, loss: 0.0838
2026-04-23 14:00:15,452 - mmseg - INFO - Iter [147250/160000]	lr: 6.343e-07, eta: 3:01:21, time: 0.699, data_time: 0.351, memory: 22330, decode.loss_seg: 0.0454, decode.acc_seg: 84.3580, aux.loss_seg: 0.0383, aux.acc_seg: 82.3227, loss: 0.0838
2026-04-23 14:00:30,768 - mmseg - INFO - Iter [147300/160000]	lr: 6.318e-07, eta: 3:00:36, time: 0.306, data_time: 0.004, memory: 22330, decode.loss_seg: 0.0448, decode.acc_seg: 84.1635, aux.loss_seg: 0.0370, aux.acc_seg: 82.2074, loss: 0.0818
2026-04-23 14:01:06,291 - mmseg - INFO - Iter [147350/160000]	lr: 6.293e-07, eta: 2:59:53, time: 0.710, data_time: 0.350, memory: 22330, decode.loss_seg: 0.0448, decode.acc_seg: 84.1955, aux.loss_seg: 0.0371, aux.acc_seg: 82.2430, loss: 0.0819
2026-04-23 14:01:39,560 - mmseg - INFO - Iter [147400/160000]	lr: 6.268e-07, eta: 2:59:09, time: 0.665, data_time: 0.314, memory: 22330, decode.loss_seg: 0.0463, decode.acc_seg: 82.8651, aux.loss_seg: 0.0387, aux.acc_seg: 80.7658, loss: 0.0850
2026-04-23 14:01:54,920 - mmseg - INFO - Iter [147450/160000]	lr: 6.243e-07, eta: 2:58:25, time: 0.307, data_time: 0.004, memory: 22330, decode.loss_seg: 0.0455, decode.acc_seg: 85.0468, aux.loss_seg: 0.0420, aux.acc_seg: 82.6624, loss: 0.0875
2026-04-23 14:02:28,963 - mmseg - INFO - Iter [147500/160000]	lr: 6.219e-07, eta: 2:57:41, time: 0.681, data_time: 0.365, memory: 22330, decode.loss_seg: 0.0465, decode.acc_seg: 84.5293, aux.loss_seg: 0.0403, aux.acc_seg: 82.3226, loss: 0.0868
2026-04-23 14:03:04,315 - mmseg - INFO - Iter [147550/160000]	lr: 6.194e-07, eta: 2:56:58, time: 0.707, data_time: 0.403, memory: 22330, decode.loss_seg: 0.0446, decode.acc_seg: 83.1037, aux.loss_seg: 0.0372, aux.acc_seg: 81.1408, loss: 0.0817
2026-04-23 14:03:19,701 - mmseg - INFO - Iter [147600/160000]	lr: 6.169e-07, eta: 2:56:13, time: 0.308, data_time: 0.004, memory: 22330, decode.loss_seg: 0.0456, decode.acc_seg: 83.7321, aux.loss_seg: 0.0382, aux.acc_seg: 81.6946, loss: 0.0838
2026-04-23 14:03:53,956 - mmseg - INFO - Iter [147650/160000]	lr: 6.144e-07, eta: 2:55:30, time: 0.685, data_time: 0.349, memory: 22330, decode.loss_seg: 0.0461, decode.acc_seg: 84.1277, aux.loss_seg: 0.0384, aux.acc_seg: 82.1123, loss: 0.0845
2026-04-23 14:04:29,122 - mmseg - INFO - Iter [147700/160000]	lr: 6.119e-07, eta: 2:54:46, time: 0.703, data_time: 0.376, memory: 22330, decode.loss_seg: 0.0445, decode.acc_seg: 82.4539, aux.loss_seg: 0.0372, aux.acc_seg: 80.4511, loss: 0.0817
2026-04-23 14:04:44,474 - mmseg - INFO - Iter [147750/160000]	lr: 6.094e-07, eta: 2:54:01, time: 0.307, data_time: 0.004, memory: 22330, decode.loss_seg: 0.0456, decode.acc_seg: 84.8143, aux.loss_seg: 0.0378, aux.acc_seg: 82.8404, loss: 0.0834
2026-04-23 14:05:19,821 - mmseg - INFO - Iter [147800/160000]	lr: 6.069e-07, eta: 2:53:18, time: 0.707, data_time: 0.388, memory: 22330, decode.loss_seg: 0.0452, decode.acc_seg: 84.0334, aux.loss_seg: 0.0387, aux.acc_seg: 81.9003, loss: 0.0839
2026-04-23 14:05:54,493 - mmseg - INFO - Iter [147850/160000]	lr: 6.044e-07, eta: 2:52:35, time: 0.693, data_time: 0.380, memory: 22330, decode.loss_seg: 0.0461, decode.acc_seg: 85.0710, aux.loss_seg: 0.0388, aux.acc_seg: 82.9745, loss: 0.0849
2026-04-23 14:06:09,855 - mmseg - INFO - Iter [147900/160000]	lr: 6.020e-07, eta: 2:51:50, time: 0.307, data_time: 0.004, memory: 22330, decode.loss_seg: 0.0440, decode.acc_seg: 83.9448, aux.loss_seg: 0.0368, aux.acc_seg: 82.0117, loss: 0.0808
2026-04-23 14:06:45,342 - mmseg - INFO - Iter [147950/160000]	lr: 5.995e-07, eta: 2:51:07, time: 0.710, data_time: 0.378, memory: 22330, decode.loss_seg: 0.0448, decode.acc_seg: 85.1266, aux.loss_seg: 0.0368, aux.acc_seg: 83.1895, loss: 0.0816
2026-04-23 14:07:32,267 - mmseg - INFO - per class results:
2026-04-23 14:07:32,267 - mmseg - INFO - 
+------------+-------+-------+
| Class      | IoU   | Acc   |
+------------+-------+-------+
| housing    | 94.86 | 97.19 |
| industrial | 93.31 | 96.39 |
| natural    | 87.51 | 90.2  |
| land_use   | 78.17 | 83.94 |
| water      | 93.22 | 97.68 |
| other      | 97.83 | 99.21 |
+------------+-------+-------+
2026-04-23 14:07:32,268 - mmseg - INFO - Summary:
2026-04-23 14:07:32,268 - mmseg - INFO - 
+--------+-------+------+-------+
| Scope  | mIoU  | mAcc | aAcc  |
+--------+-------+------+-------+
| global | 90.82 | 94.1 | 95.95 |
+--------+-------+------+-------+
2026-04-23 14:07:32,291 - mmseg - INFO - Exp name: pixel_upernet_itpn_base_12_512_slide_160k_air_polarsar2_amp_linux.py
2026-04-23 14:07:32,291 - mmseg - INFO - Iter [148000/160000]	lr: 5.970e-07, eta: 2:51:08, time: 11.669, data_time: 0.000, memory: 22330, mIoU: 0.9082, mAcc: 0.9410, aAcc: 0.9595
2026-04-23 14:07:47,688 - mmseg - INFO - Iter [148050/160000]	lr: 5.945e-07, eta: 2:50:23, time: 0.308, data_time: 0.004, memory: 22330, decode.loss_seg: 0.0436, decode.acc_seg: 83.5865, aux.loss_seg: 0.0365, aux.acc_seg: 81.6229, loss: 0.0801
2026-04-23 14:08:22,357 - mmseg - INFO - Iter [148100/160000]	lr: 5.920e-07, eta: 2:49:40, time: 0.693, data_time: 0.374, memory: 22330, decode.loss_seg: 0.0452, decode.acc_seg: 85.0423, aux.loss_seg: 0.0373, aux.acc_seg: 83.0839, loss: 0.0825
2026-04-23 14:08:57,819 - mmseg - INFO - Iter [148150/160000]	lr: 5.895e-07, eta: 2:48:56, time: 0.709, data_time: 0.400, memory: 22330, decode.loss_seg: 0.0468, decode.acc_seg: 83.6510, aux.loss_seg: 0.0411, aux.acc_seg: 81.5223, loss: 0.0878
2026-04-23 14:09:13,144 - mmseg - INFO - Iter [148200/160000]	lr: 5.870e-07, eta: 2:48:11, time: 0.307, data_time: 0.004, memory: 22330, decode.loss_seg: 0.0453, decode.acc_seg: 84.7290, aux.loss_seg: 0.0380, aux.acc_seg: 82.7315, loss: 0.0833
2026-04-23 14:09:47,609 - mmseg - INFO - Iter [148250/160000]	lr: 5.845e-07, eta: 2:47:28, time: 0.689, data_time: 0.381, memory: 22330, decode.loss_seg: 0.0451, decode.acc_seg: 83.1444, aux.loss_seg: 0.0376, aux.acc_seg: 81.1366, loss: 0.0826
2026-04-23 14:10:02,956 - mmseg - INFO - Iter [148300/160000]	lr: 5.821e-07, eta: 2:46:43, time: 0.307, data_time: 0.004, memory: 22330, decode.loss_seg: 0.0454, decode.acc_seg: 84.5480, aux.loss_seg: 0.0376, aux.acc_seg: 82.5696, loss: 0.0830
2026-04-23 14:10:37,569 - mmseg - INFO - Iter [148350/160000]	lr: 5.796e-07, eta: 2:46:00, time: 0.692, data_time: 0.329, memory: 22330, decode.loss_seg: 0.0462, decode.acc_seg: 84.0812, aux.loss_seg: 0.0388, aux.acc_seg: 82.0180, loss: 0.0850
2026-04-23 14:11:11,361 - mmseg - INFO - Iter [148400/160000]	lr: 5.771e-07, eta: 2:45:16, time: 0.676, data_time: 0.366, memory: 22330, decode.loss_seg: 0.0437, decode.acc_seg: 82.9510, aux.loss_seg: 0.0365, aux.acc_seg: 81.0172, loss: 0.0801
2026-04-23 14:11:26,745 - mmseg - INFO - Iter [148450/160000]	lr: 5.746e-07, eta: 2:44:31, time: 0.308, data_time: 0.003, memory: 22330, decode.loss_seg: 0.0454, decode.acc_seg: 83.7301, aux.loss_seg: 0.0380, aux.acc_seg: 81.7000, loss: 0.0834
2026-04-23 14:12:00,674 - mmseg - INFO - Iter [148500/160000]	lr: 5.721e-07, eta: 2:43:48, time: 0.679, data_time: 0.366, memory: 22330, decode.loss_seg: 0.0446, decode.acc_seg: 82.1647, aux.loss_seg: 0.0380, aux.acc_seg: 80.1204, loss: 0.0825
2026-04-23 14:12:34,761 - mmseg - INFO - Iter [148550/160000]	lr: 5.696e-07, eta: 2:43:05, time: 0.682, data_time: 0.373, memory: 22330, decode.loss_seg: 0.0443, decode.acc_seg: 85.3554, aux.loss_seg: 0.0381, aux.acc_seg: 83.2795, loss: 0.0824
2026-04-23 14:12:50,120 - mmseg - INFO - Iter [148600/160000]	lr: 5.671e-07, eta: 2:42:20, time: 0.307, data_time: 0.004, memory: 22330, decode.loss_seg: 0.0457, decode.acc_seg: 83.7841, aux.loss_seg: 0.0378, aux.acc_seg: 81.7839, loss: 0.0835
2026-04-23 14:13:25,519 - mmseg - INFO - Iter [148650/160000]	lr: 5.646e-07, eta: 2:41:36, time: 0.708, data_time: 0.358, memory: 22330, decode.loss_seg: 0.0454, decode.acc_seg: 83.4810, aux.loss_seg: 0.0375, aux.acc_seg: 81.4818, loss: 0.0829
2026-04-23 14:14:00,800 - mmseg - INFO - Iter [148700/160000]	lr: 5.622e-07, eta: 2:40:53, time: 0.706, data_time: 0.354, memory: 22330, decode.loss_seg: 0.0451, decode.acc_seg: 83.9461, aux.loss_seg: 0.0368, aux.acc_seg: 82.0465, loss: 0.0819
2026-04-23 14:14:16,179 - mmseg - INFO - Iter [148750/160000]	lr: 5.597e-07, eta: 2:40:08, time: 0.308, data_time: 0.004, memory: 22330, decode.loss_seg: 0.0445, decode.acc_seg: 84.4472, aux.loss_seg: 0.0369, aux.acc_seg: 82.5165, loss: 0.0814
2026-04-23 14:14:52,191 - mmseg - INFO - Iter [148800/160000]	lr: 5.572e-07, eta: 2:39:25, time: 0.720, data_time: 0.382, memory: 22330, decode.loss_seg: 0.0456, decode.acc_seg: 84.4909, aux.loss_seg: 0.0388, aux.acc_seg: 82.4126, loss: 0.0844
2026-04-23 14:15:26,616 - mmseg - INFO - Iter [148850/160000]	lr: 5.547e-07, eta: 2:38:42, time: 0.689, data_time: 0.359, memory: 22330, decode.loss_seg: 0.0450, decode.acc_seg: 84.6439, aux.loss_seg: 0.0377, aux.acc_seg: 82.6400, loss: 0.0826
2026-04-23 14:15:41,941 - mmseg - INFO - Iter [148900/160000]	lr: 5.522e-07, eta: 2:37:57, time: 0.306, data_time: 0.003, memory: 22330, decode.loss_seg: 0.0461, decode.acc_seg: 84.1653, aux.loss_seg: 0.0391, aux.acc_seg: 82.0711, loss: 0.0852
2026-04-23 14:16:16,547 - mmseg - INFO - Iter [148950/160000]	lr: 5.497e-07, eta: 2:37:14, time: 0.692, data_time: 0.370, memory: 22330, decode.loss_seg: 0.0444, decode.acc_seg: 85.0028, aux.loss_seg: 0.0373, aux.acc_seg: 83.0020, loss: 0.0817
2026-04-23 14:16:51,698 - mmseg - INFO - Exp name: pixel_upernet_itpn_base_12_512_slide_160k_air_polarsar2_amp_linux.py
2026-04-23 14:16:51,699 - mmseg - INFO - Iter [149000/160000]	lr: 5.472e-07, eta: 2:36:31, time: 0.703, data_time: 0.365, memory: 22330, decode.loss_seg: 0.0452, decode.acc_seg: 84.0253, aux.loss_seg: 0.0380, aux.acc_seg: 82.0026, loss: 0.0832
2026-04-23 14:17:07,003 - mmseg - INFO - Iter [149050/160000]	lr: 5.447e-07, eta: 2:35:46, time: 0.306, data_time: 0.004, memory: 22330, decode.loss_seg: 0.0458, decode.acc_seg: 84.8127, aux.loss_seg: 0.0397, aux.acc_seg: 82.6253, loss: 0.0855
2026-04-23 14:17:42,081 - mmseg - INFO - Iter [149100/160000]	lr: 5.423e-07, eta: 2:35:03, time: 0.701, data_time: 0.338, memory: 22330, decode.loss_seg: 0.0461, decode.acc_seg: 82.4060, aux.loss_seg: 0.0382, aux.acc_seg: 80.3692, loss: 0.0843
2026-04-23 14:18:16,912 - mmseg - INFO - Iter [149150/160000]	lr: 5.398e-07, eta: 2:34:19, time: 0.697, data_time: 0.392, memory: 22330, decode.loss_seg: 0.0442, decode.acc_seg: 83.4166, aux.loss_seg: 0.0372, aux.acc_seg: 81.4506, loss: 0.0814
2026-04-23 14:18:32,230 - mmseg - INFO - Iter [149200/160000]	lr: 5.373e-07, eta: 2:33:35, time: 0.306, data_time: 0.003, memory: 22330, decode.loss_seg: 0.0457, decode.acc_seg: 84.7562, aux.loss_seg: 0.0387, aux.acc_seg: 82.6787, loss: 0.0844
2026-04-23 14:19:07,329 - mmseg - INFO - Iter [149250/160000]	lr: 5.348e-07, eta: 2:32:52, time: 0.702, data_time: 0.366, memory: 22330, decode.loss_seg: 0.0441, decode.acc_seg: 83.4400, aux.loss_seg: 0.0393, aux.acc_seg: 81.2364, loss: 0.0834
2026-04-23 14:19:22,660 - mmseg - INFO - Iter [149300/160000]	lr: 5.323e-07, eta: 2:32:07, time: 0.307, data_time: 0.003, memory: 22330, decode.loss_seg: 0.0464, decode.acc_seg: 84.5768, aux.loss_seg: 0.0390, aux.acc_seg: 82.5120, loss: 0.0854
2026-04-23 14:19:57,633 - mmseg - INFO - Iter [149350/160000]	lr: 5.298e-07, eta: 2:31:24, time: 0.699, data_time: 0.370, memory: 22330, decode.loss_seg: 0.0448, decode.acc_seg: 83.6269, aux.loss_seg: 0.0383, aux.acc_seg: 81.5603, loss: 0.0831
2026-04-23 14:20:32,562 - mmseg - INFO - Iter [149400/160000]	lr: 5.273e-07, eta: 2:30:41, time: 0.699, data_time: 0.373, memory: 22330, decode.loss_seg: 0.0463, decode.acc_seg: 84.7435, aux.loss_seg: 0.0380, aux.acc_seg: 82.7563, loss: 0.0842
2026-04-23 14:20:47,926 - mmseg - INFO - Iter [149450/160000]	lr: 5.249e-07, eta: 2:29:56, time: 0.307, data_time: 0.004, memory: 22330, decode.loss_seg: 0.0468, decode.acc_seg: 85.7129, aux.loss_seg: 0.0415, aux.acc_seg: 83.5225, loss: 0.0883
2026-04-23 14:21:23,138 - mmseg - INFO - Iter [149500/160000]	lr: 5.224e-07, eta: 2:29:13, time: 0.704, data_time: 0.386, memory: 22330, decode.loss_seg: 0.0455, decode.acc_seg: 83.8477, aux.loss_seg: 0.0380, aux.acc_seg: 81.8575, loss: 0.0835
2026-04-23 14:21:57,437 - mmseg - INFO - Iter [149550/160000]	lr: 5.199e-07, eta: 2:28:30, time: 0.686, data_time: 0.371, memory: 22330, decode.loss_seg: 0.0448, decode.acc_seg: 83.5226, aux.loss_seg: 0.0373, aux.acc_seg: 81.5467, loss: 0.0821
2026-04-23 14:22:12,789 - mmseg - INFO - Iter [149600/160000]	lr: 5.174e-07, eta: 2:27:45, time: 0.307, data_time: 0.004, memory: 22330, decode.loss_seg: 0.0449, decode.acc_seg: 84.3109, aux.loss_seg: 0.0380, aux.acc_seg: 82.2710, loss: 0.0828
2026-04-23 14:22:47,433 - mmseg - INFO - Iter [149650/160000]	lr: 5.149e-07, eta: 2:27:02, time: 0.693, data_time: 0.390, memory: 22330, decode.loss_seg: 0.0443, decode.acc_seg: 84.2117, aux.loss_seg: 0.0370, aux.acc_seg: 82.2740, loss: 0.0814
2026-04-23 14:23:21,336 - mmseg - INFO - Iter [149700/160000]	lr: 5.124e-07, eta: 2:26:19, time: 0.678, data_time: 0.326, memory: 22330, decode.loss_seg: 0.0457, decode.acc_seg: 83.5638, aux.loss_seg: 0.0380, aux.acc_seg: 81.5569, loss: 0.0838
2026-04-23 14:23:36,693 - mmseg - INFO - Iter [149750/160000]	lr: 5.099e-07, eta: 2:25:34, time: 0.307, data_time: 0.003, memory: 22330, decode.loss_seg: 0.0450, decode.acc_seg: 84.0107, aux.loss_seg: 0.0378, aux.acc_seg: 81.9745, loss: 0.0828
2026-04-23 14:24:11,566 - mmseg - INFO - Iter [149800/160000]	lr: 5.074e-07, eta: 2:24:51, time: 0.697, data_time: 0.340, memory: 22330, decode.loss_seg: 0.0456, decode.acc_seg: 84.5771, aux.loss_seg: 0.0379, aux.acc_seg: 82.5722, loss: 0.0835
2026-04-23 14:24:46,473 - mmseg - INFO - Iter [149850/160000]	lr: 5.050e-07, eta: 2:24:08, time: 0.698, data_time: 0.372, memory: 22330, decode.loss_seg: 0.0448, decode.acc_seg: 84.5966, aux.loss_seg: 0.0371, aux.acc_seg: 82.6764, loss: 0.0820
2026-04-23 14:25:01,788 - mmseg - INFO - Iter [149900/160000]	lr: 5.025e-07, eta: 2:23:23, time: 0.306, data_time: 0.004, memory: 22330, decode.loss_seg: 0.0459, decode.acc_seg: 84.3918, aux.loss_seg: 0.0401, aux.acc_seg: 82.1885, loss: 0.0860
2026-04-23 14:25:36,428 - mmseg - INFO - Iter [149950/160000]	lr: 5.000e-07, eta: 2:22:40, time: 0.693, data_time: 0.373, memory: 22330, decode.loss_seg: 0.0449, decode.acc_seg: 83.6504, aux.loss_seg: 0.0379, aux.acc_seg: 81.6264, loss: 0.0828
2026-04-23 14:26:22,447 - mmseg - INFO - per class results:
2026-04-23 14:26:22,448 - mmseg - INFO - 
+------------+-------+-------+
| Class      | IoU   | Acc   |
+------------+-------+-------+
| housing    | 94.88 | 97.39 |
| industrial | 93.33 | 96.38 |
| natural    | 87.68 | 90.83 |
| land_use   | 78.08 | 83.6  |
| water      | 93.27 | 97.71 |
| other      | 97.79 | 99.02 |
+------------+-------+-------+
2026-04-23 14:26:22,448 - mmseg - INFO - Summary:
2026-04-23 14:26:22,448 - mmseg - INFO - 
+--------+-------+-------+-------+
| Scope  | mIoU  | mAcc  | aAcc  |
+--------+-------+-------+-------+
| global | 90.84 | 94.15 | 95.97 |
+--------+-------+-------+-------+
2026-04-23 14:26:22,481 - mmseg - INFO - Exp name: pixel_upernet_itpn_base_12_512_slide_160k_air_polarsar2_amp_linux.py
2026-04-23 14:26:22,482 - mmseg - INFO - Iter [150000/160000]	lr: 4.975e-07, eta: 2:22:38, time: 12.789, data_time: 0.000, memory: 22330, mIoU: 0.9084, mAcc: 0.9415, aAcc: 0.9597
2026-04-23 14:26:37,848 - mmseg - INFO - Iter [150050/160000]	lr: 4.950e-07, eta: 2:21:53, time: 0.307, data_time: 0.003, memory: 22330, decode.loss_seg: 0.0477, decode.acc_seg: 86.0969, aux.loss_seg: 0.0392, aux.acc_seg: 84.0633, loss: 0.0868
2026-04-23 14:27:12,115 - mmseg - INFO - Iter [150100/160000]	lr: 4.925e-07, eta: 2:21:10, time: 0.686, data_time: 0.362, memory: 22330, decode.loss_seg: 0.0470, decode.acc_seg: 84.1200, aux.loss_seg: 0.0388, aux.acc_seg: 82.1186, loss: 0.0857
2026-04-23 14:27:27,469 - mmseg - INFO - Iter [150150/160000]	lr: 4.900e-07, eta: 2:20:25, time: 0.307, data_time: 0.004, memory: 22330, decode.loss_seg: 0.0459, decode.acc_seg: 85.2007, aux.loss_seg: 0.0391, aux.acc_seg: 83.1236, loss: 0.0850
2026-04-23 14:28:02,246 - mmseg - INFO - Iter [150200/160000]	lr: 4.875e-07, eta: 2:19:42, time: 0.695, data_time: 0.363, memory: 22330, decode.loss_seg: 0.0448, decode.acc_seg: 84.7873, aux.loss_seg: 0.0378, aux.acc_seg: 82.7776, loss: 0.0825
2026-04-23 14:28:36,946 - mmseg - INFO - Iter [150250/160000]	lr: 4.851e-07, eta: 2:18:58, time: 0.694, data_time: 0.327, memory: 22330, decode.loss_seg: 0.0446, decode.acc_seg: 84.8851, aux.loss_seg: 0.0376, aux.acc_seg: 82.9120, loss: 0.0822
2026-04-23 14:28:52,339 - mmseg - INFO - Iter [150300/160000]	lr: 4.826e-07, eta: 2:18:14, time: 0.308, data_time: 0.003, memory: 22330, decode.loss_seg: 0.0450, decode.acc_seg: 84.3373, aux.loss_seg: 0.0381, aux.acc_seg: 82.2864, loss: 0.0831
2026-04-23 14:29:27,491 - mmseg - INFO - Iter [150350/160000]	lr: 4.801e-07, eta: 2:17:31, time: 0.703, data_time: 0.351, memory: 22330, decode.loss_seg: 0.0466, decode.acc_seg: 84.7702, aux.loss_seg: 0.0385, aux.acc_seg: 82.7427, loss: 0.0851
2026-04-23 14:30:02,583 - mmseg - INFO - Iter [150400/160000]	lr: 4.776e-07, eta: 2:16:47, time: 0.702, data_time: 0.399, memory: 22330, decode.loss_seg: 0.0432, decode.acc_seg: 84.0887, aux.loss_seg: 0.0378, aux.acc_seg: 81.9845, loss: 0.0810
2026-04-23 14:30:17,944 - mmseg - INFO - Iter [150450/160000]	lr: 4.751e-07, eta: 2:16:03, time: 0.307, data_time: 0.004, memory: 22330, decode.loss_seg: 0.0461, decode.acc_seg: 84.1949, aux.loss_seg: 0.0392, aux.acc_seg: 82.1228, loss: 0.0853
2026-04-23 14:30:53,277 - mmseg - INFO - Iter [150500/160000]	lr: 4.726e-07, eta: 2:15:20, time: 0.707, data_time: 0.382, memory: 22330, decode.loss_seg: 0.0451, decode.acc_seg: 85.3879, aux.loss_seg: 0.0376, aux.acc_seg: 83.4166, loss: 0.0827
2026-04-23 14:31:28,284 - mmseg - INFO - Iter [150550/160000]	lr: 4.701e-07, eta: 2:14:37, time: 0.700, data_time: 0.345, memory: 22330, decode.loss_seg: 0.0465, decode.acc_seg: 84.2741, aux.loss_seg: 0.0390, aux.acc_seg: 82.2200, loss: 0.0855
2026-04-23 14:31:43,656 - mmseg - INFO - Iter [150600/160000]	lr: 4.676e-07, eta: 2:13:52, time: 0.307, data_time: 0.003, memory: 22330, decode.loss_seg: 0.0449, decode.acc_seg: 84.2554, aux.loss_seg: 0.0377, aux.acc_seg: 82.2294, loss: 0.0827
2026-04-23 14:32:18,500 - mmseg - INFO - Iter [150650/160000]	lr: 4.652e-07, eta: 2:13:09, time: 0.697, data_time: 0.348, memory: 22330, decode.loss_seg: 0.0454, decode.acc_seg: 84.8376, aux.loss_seg: 0.0376, aux.acc_seg: 82.8905, loss: 0.0830
2026-04-23 14:32:53,331 - mmseg - INFO - Iter [150700/160000]	lr: 4.627e-07, eta: 2:12:26, time: 0.696, data_time: 0.375, memory: 22330, decode.loss_seg: 0.0469, decode.acc_seg: 83.7996, aux.loss_seg: 0.0392, aux.acc_seg: 81.7488, loss: 0.0862
2026-04-23 14:33:08,669 - mmseg - INFO - Iter [150750/160000]	lr: 4.602e-07, eta: 2:11:41, time: 0.307, data_time: 0.005, memory: 22330, decode.loss_seg: 0.0445, decode.acc_seg: 85.2343, aux.loss_seg: 0.0373, aux.acc_seg: 83.2735, loss: 0.0818
2026-04-23 14:33:43,655 - mmseg - INFO - Iter [150800/160000]	lr: 4.577e-07, eta: 2:10:58, time: 0.700, data_time: 0.396, memory: 22330, decode.loss_seg: 0.0454, decode.acc_seg: 83.4529, aux.loss_seg: 0.0395, aux.acc_seg: 81.3384, loss: 0.0849
2026-04-23 14:34:16,327 - mmseg - INFO - Iter [150850/160000]	lr: 4.552e-07, eta: 2:10:15, time: 0.654, data_time: 0.334, memory: 22330, decode.loss_seg: 0.0454, decode.acc_seg: 83.6630, aux.loss_seg: 0.0383, aux.acc_seg: 81.6201, loss: 0.0837
2026-04-23 14:34:31,708 - mmseg - INFO - Iter [150900/160000]	lr: 4.527e-07, eta: 2:09:30, time: 0.307, data_time: 0.004, memory: 22330, decode.loss_seg: 0.0437, decode.acc_seg: 84.1187, aux.loss_seg: 0.0366, aux.acc_seg: 82.1756, loss: 0.0804
2026-04-23 14:35:05,781 - mmseg - INFO - Iter [150950/160000]	lr: 4.502e-07, eta: 2:08:47, time: 0.682, data_time: 0.338, memory: 22330, decode.loss_seg: 0.0450, decode.acc_seg: 83.9188, aux.loss_seg: 0.0383, aux.acc_seg: 81.8773, loss: 0.0833
2026-04-23 14:35:40,821 - mmseg - INFO - Exp name: pixel_upernet_itpn_base_12_512_slide_160k_air_polarsar2_amp_linux.py
2026-04-23 14:35:40,821 - mmseg - INFO - Iter [151000/160000]	lr: 4.477e-07, eta: 2:08:04, time: 0.701, data_time: 0.397, memory: 22330, decode.loss_seg: 0.0455, decode.acc_seg: 85.1124, aux.loss_seg: 0.0384, aux.acc_seg: 83.0869, loss: 0.0839
2026-04-23 14:35:56,208 - mmseg - INFO - Iter [151050/160000]	lr: 4.453e-07, eta: 2:07:20, time: 0.308, data_time: 0.004, memory: 22330, decode.loss_seg: 0.0455, decode.acc_seg: 84.7839, aux.loss_seg: 0.0380, aux.acc_seg: 82.7814, loss: 0.0835
2026-04-23 14:36:31,491 - mmseg - INFO - Iter [151100/160000]	lr: 4.428e-07, eta: 2:06:37, time: 0.706, data_time: 0.370, memory: 22330, decode.loss_seg: 0.0440, decode.acc_seg: 82.6767, aux.loss_seg: 0.0369, aux.acc_seg: 80.6995, loss: 0.0808
2026-04-23 14:36:46,885 - mmseg - INFO - Iter [151150/160000]	lr: 4.403e-07, eta: 2:05:52, time: 0.308, data_time: 0.004, memory: 22330, decode.loss_seg: 0.0447, decode.acc_seg: 84.6311, aux.loss_seg: 0.0374, aux.acc_seg: 82.6327, loss: 0.0821
2026-04-23 14:37:22,541 - mmseg - INFO - Iter [151200/160000]	lr: 4.378e-07, eta: 2:05:09, time: 0.713, data_time: 0.366, memory: 22330, decode.loss_seg: 0.0451, decode.acc_seg: 85.2017, aux.loss_seg: 0.0399, aux.acc_seg: 83.0153, loss: 0.0850
2026-04-23 14:37:58,103 - mmseg - INFO - Iter [151250/160000]	lr: 4.353e-07, eta: 2:04:26, time: 0.711, data_time: 0.407, memory: 22330, decode.loss_seg: 0.0460, decode.acc_seg: 84.7743, aux.loss_seg: 0.0380, aux.acc_seg: 82.7867, loss: 0.0840
2026-04-23 14:38:13,519 - mmseg - INFO - Iter [151300/160000]	lr: 4.328e-07, eta: 2:03:42, time: 0.308, data_time: 0.003, memory: 22330, decode.loss_seg: 0.0446, decode.acc_seg: 84.1803, aux.loss_seg: 0.0375, aux.acc_seg: 82.1576, loss: 0.0821
2026-04-23 14:38:48,505 - mmseg - INFO - Iter [151350/160000]	lr: 4.303e-07, eta: 2:02:59, time: 0.700, data_time: 0.368, memory: 22330, decode.loss_seg: 0.0441, decode.acc_seg: 83.5495, aux.loss_seg: 0.0374, aux.acc_seg: 81.5589, loss: 0.0815
2026-04-23 14:39:22,941 - mmseg - INFO - Iter [151400/160000]	lr: 4.279e-07, eta: 2:02:16, time: 0.689, data_time: 0.366, memory: 22330, decode.loss_seg: 0.0439, decode.acc_seg: 84.9660, aux.loss_seg: 0.0367, aux.acc_seg: 83.0307, loss: 0.0806
2026-04-23 14:39:38,366 - mmseg - INFO - Iter [151450/160000]	lr: 4.254e-07, eta: 2:01:32, time: 0.308, data_time: 0.004, memory: 22330, decode.loss_seg: 0.0445, decode.acc_seg: 84.9322, aux.loss_seg: 0.0388, aux.acc_seg: 82.8294, loss: 0.0833
2026-04-23 14:40:12,787 - mmseg - INFO - Iter [151500/160000]	lr: 4.229e-07, eta: 2:00:48, time: 0.689, data_time: 0.328, memory: 22330, decode.loss_seg: 0.0450, decode.acc_seg: 84.5118, aux.loss_seg: 0.0373, aux.acc_seg: 82.5295, loss: 0.0823
2026-04-23 14:40:47,484 - mmseg - INFO - Iter [151550/160000]	lr: 4.204e-07, eta: 2:00:05, time: 0.694, data_time: 0.391, memory: 22330, decode.loss_seg: 0.0443, decode.acc_seg: 83.4297, aux.loss_seg: 0.0376, aux.acc_seg: 81.4142, loss: 0.0819
2026-04-23 14:41:02,892 - mmseg - INFO - Iter [151600/160000]	lr: 4.179e-07, eta: 1:59:21, time: 0.308, data_time: 0.004, memory: 22330, decode.loss_seg: 0.0442, decode.acc_seg: 84.2463, aux.loss_seg: 0.0402, aux.acc_seg: 82.0687, loss: 0.0844
2026-04-23 14:41:37,622 - mmseg - INFO - Iter [151650/160000]	lr: 4.154e-07, eta: 1:58:38, time: 0.694, data_time: 0.365, memory: 22330, decode.loss_seg: 0.0463, decode.acc_seg: 85.5001, aux.loss_seg: 0.0385, aux.acc_seg: 83.4910, loss: 0.0848
2026-04-23 14:42:12,629 - mmseg - INFO - Iter [151700/160000]	lr: 4.129e-07, eta: 1:57:55, time: 0.700, data_time: 0.387, memory: 22330, decode.loss_seg: 0.0437, decode.acc_seg: 83.6655, aux.loss_seg: 0.0366, aux.acc_seg: 81.7146, loss: 0.0803
2026-04-23 14:42:28,055 - mmseg - INFO - Iter [151750/160000]	lr: 4.104e-07, eta: 1:57:11, time: 0.309, data_time: 0.004, memory: 22330, decode.loss_seg: 0.0442, decode.acc_seg: 83.2216, aux.loss_seg: 0.0375, aux.acc_seg: 81.1985, loss: 0.0817
2026-04-23 14:43:02,638 - mmseg - INFO - Iter [151800/160000]	lr: 4.080e-07, eta: 1:56:28, time: 0.692, data_time: 0.372, memory: 22330, decode.loss_seg: 0.0448, decode.acc_seg: 84.5098, aux.loss_seg: 0.0373, aux.acc_seg: 82.5432, loss: 0.0821
2026-04-23 14:43:37,806 - mmseg - INFO - Iter [151850/160000]	lr: 4.055e-07, eta: 1:55:45, time: 0.703, data_time: 0.375, memory: 22330, decode.loss_seg: 0.0433, decode.acc_seg: 83.0790, aux.loss_seg: 0.0367, aux.acc_seg: 81.1055, loss: 0.0801
2026-04-23 14:43:53,174 - mmseg - INFO - Iter [151900/160000]	lr: 4.030e-07, eta: 1:55:01, time: 0.308, data_time: 0.005, memory: 22330, decode.loss_seg: 0.0455, decode.acc_seg: 84.6777, aux.loss_seg: 0.0379, aux.acc_seg: 82.6907, loss: 0.0835
2026-04-23 14:44:28,297 - mmseg - INFO - Iter [151950/160000]	lr: 4.005e-07, eta: 1:54:18, time: 0.703, data_time: 0.399, memory: 22330, decode.loss_seg: 0.0456, decode.acc_seg: 85.6051, aux.loss_seg: 0.0386, aux.acc_seg: 83.5603, loss: 0.0841
2026-04-23 14:45:14,300 - mmseg - INFO - per class results:
2026-04-23 14:45:14,300 - mmseg - INFO - 
+------------+-------+-------+
| Class      | IoU   | Acc   |
+------------+-------+-------+
| housing    | 94.88 | 97.31 |
| industrial | 93.37 | 96.66 |
| natural    | 87.47 | 90.21 |
| land_use   | 78.06 | 83.41 |
| water      | 93.34 | 97.63 |
| other      | 97.69 | 98.85 |
+------------+-------+-------+
2026-04-23 14:45:14,300 - mmseg - INFO - Summary:
2026-04-23 14:45:14,301 - mmseg - INFO - 
+--------+------+-------+-------+
| Scope  | mIoU | mAcc  | aAcc  |
+--------+------+-------+-------+
| global | 90.8 | 94.01 | 95.98 |
+--------+------+-------+-------+
2026-04-23 14:45:14,326 - mmseg - INFO - Exp name: pixel_upernet_itpn_base_12_512_slide_160k_air_polarsar2_amp_linux.py
2026-04-23 14:45:14,326 - mmseg - INFO - Iter [152000/160000]	lr: 3.980e-07, eta: 1:54:04, time: 11.719, data_time: 0.000, memory: 22330, mIoU: 0.9080, mAcc: 0.9401, aAcc: 0.9598
2026-04-23 14:45:29,640 - mmseg - INFO - Iter [152050/160000]	lr: 3.955e-07, eta: 1:53:20, time: 0.306, data_time: 0.004, memory: 22330, decode.loss_seg: 0.0453, decode.acc_seg: 84.5230, aux.loss_seg: 0.0381, aux.acc_seg: 82.5189, loss: 0.0835
2026-04-23 14:46:04,638 - mmseg - INFO - Iter [152100/160000]	lr: 3.930e-07, eta: 1:52:36, time: 0.700, data_time: 0.339, memory: 22330, decode.loss_seg: 0.0439, decode.acc_seg: 84.6752, aux.loss_seg: 0.0368, aux.acc_seg: 82.7110, loss: 0.0807
2026-04-23 14:46:20,016 - mmseg - INFO - Iter [152150/160000]	lr: 3.905e-07, eta: 1:51:52, time: 0.308, data_time: 0.003, memory: 22330, decode.loss_seg: 0.0443, decode.acc_seg: 83.3348, aux.loss_seg: 0.0372, aux.acc_seg: 81.3464, loss: 0.0815
2026-04-23 14:46:54,291 - mmseg - INFO - Iter [152200/160000]	lr: 3.881e-07, eta: 1:51:09, time: 0.685, data_time: 0.356, memory: 22330, decode.loss_seg: 0.0456, decode.acc_seg: 83.7824, aux.loss_seg: 0.0388, aux.acc_seg: 81.6789, loss: 0.0844
2026-04-23 14:47:29,288 - mmseg - INFO - Iter [152250/160000]	lr: 3.856e-07, eta: 1:50:26, time: 0.700, data_time: 0.397, memory: 22330, decode.loss_seg: 0.0442, decode.acc_seg: 84.0444, aux.loss_seg: 0.0367, aux.acc_seg: 82.1120, loss: 0.0809
2026-04-23 14:47:44,657 - mmseg - INFO - Iter [152300/160000]	lr: 3.831e-07, eta: 1:49:42, time: 0.307, data_time: 0.004, memory: 22330, decode.loss_seg: 0.0466, decode.acc_seg: 85.8618, aux.loss_seg: 0.0388, aux.acc_seg: 83.8175, loss: 0.0854
2026-04-23 14:48:19,923 - mmseg - INFO - Iter [152350/160000]	lr: 3.806e-07, eta: 1:48:59, time: 0.705, data_time: 0.375, memory: 22330, decode.loss_seg: 0.0444, decode.acc_seg: 83.4518, aux.loss_seg: 0.0395, aux.acc_seg: 81.2272, loss: 0.0839
2026-04-23 14:48:54,678 - mmseg - INFO - Iter [152400/160000]	lr: 3.781e-07, eta: 1:48:16, time: 0.695, data_time: 0.323, memory: 22330, decode.loss_seg: 0.0455, decode.acc_seg: 82.6945, aux.loss_seg: 0.0401, aux.acc_seg: 80.5043, loss: 0.0857
2026-04-23 14:49:10,066 - mmseg - INFO - Iter [152450/160000]	lr: 3.756e-07, eta: 1:47:31, time: 0.308, data_time: 0.004, memory: 22330, decode.loss_seg: 0.0443, decode.acc_seg: 84.6640, aux.loss_seg: 0.0369, aux.acc_seg: 82.6883, loss: 0.0812
2026-04-23 14:49:45,275 - mmseg - INFO - Iter [152500/160000]	lr: 3.731e-07, eta: 1:46:48, time: 0.704, data_time: 0.373, memory: 22330, decode.loss_seg: 0.0465, decode.acc_seg: 84.6824, aux.loss_seg: 0.0381, aux.acc_seg: 82.6897, loss: 0.0846
2026-04-23 14:50:19,657 - mmseg - INFO - Iter [152550/160000]	lr: 3.706e-07, eta: 1:46:05, time: 0.688, data_time: 0.350, memory: 22330, decode.loss_seg: 0.0437, decode.acc_seg: 83.9257, aux.loss_seg: 0.0369, aux.acc_seg: 81.9700, loss: 0.0807
2026-04-23 14:50:35,050 - mmseg - INFO - Iter [152600/160000]	lr: 3.682e-07, eta: 1:45:21, time: 0.308, data_time: 0.004, memory: 22330, decode.loss_seg: 0.0474, decode.acc_seg: 84.6237, aux.loss_seg: 0.0413, aux.acc_seg: 82.4381, loss: 0.0887
2026-04-23 14:51:09,781 - mmseg - INFO - Iter [152650/160000]	lr: 3.657e-07, eta: 1:44:38, time: 0.695, data_time: 0.363, memory: 22330, decode.loss_seg: 0.0443, decode.acc_seg: 85.8632, aux.loss_seg: 0.0371, aux.acc_seg: 83.8914, loss: 0.0814
2026-04-23 14:51:43,531 - mmseg - INFO - Iter [152700/160000]	lr: 3.632e-07, eta: 1:43:55, time: 0.675, data_time: 0.366, memory: 22330, decode.loss_seg: 0.0445, decode.acc_seg: 83.4816, aux.loss_seg: 0.0377, aux.acc_seg: 81.4731, loss: 0.0821
2026-04-23 14:51:58,903 - mmseg - INFO - Iter [152750/160000]	lr: 3.607e-07, eta: 1:43:11, time: 0.307, data_time: 0.004, memory: 22330, decode.loss_seg: 0.0447, decode.acc_seg: 84.1048, aux.loss_seg: 0.0391, aux.acc_seg: 81.9512, loss: 0.0837
2026-04-23 14:52:33,492 - mmseg - INFO - Iter [152800/160000]	lr: 3.582e-07, eta: 1:42:28, time: 0.692, data_time: 0.354, memory: 22330, decode.loss_seg: 0.0455, decode.acc_seg: 85.0185, aux.loss_seg: 0.0378, aux.acc_seg: 83.0300, loss: 0.0833
2026-04-23 14:53:09,315 - mmseg - INFO - Iter [152850/160000]	lr: 3.557e-07, eta: 1:41:45, time: 0.717, data_time: 0.385, memory: 22330, decode.loss_seg: 0.0448, decode.acc_seg: 83.8115, aux.loss_seg: 0.0377, aux.acc_seg: 81.8079, loss: 0.0825
2026-04-23 14:53:24,684 - mmseg - INFO - Iter [152900/160000]	lr: 3.532e-07, eta: 1:41:01, time: 0.307, data_time: 0.004, memory: 22330, decode.loss_seg: 0.0446, decode.acc_seg: 84.3734, aux.loss_seg: 0.0376, aux.acc_seg: 82.3918, loss: 0.0822
2026-04-23 14:54:00,607 - mmseg - INFO - Iter [152950/160000]	lr: 3.507e-07, eta: 1:40:18, time: 0.718, data_time: 0.367, memory: 22330, decode.loss_seg: 0.0448, decode.acc_seg: 82.9635, aux.loss_seg: 0.0379, aux.acc_seg: 80.9396, loss: 0.0827
2026-04-23 14:54:35,578 - mmseg - INFO - Exp name: pixel_upernet_itpn_base_12_512_slide_160k_air_polarsar2_amp_linux.py
2026-04-23 14:54:35,579 - mmseg - INFO - Iter [153000/160000]	lr: 3.483e-07, eta: 1:39:35, time: 0.699, data_time: 0.346, memory: 22330, decode.loss_seg: 0.0437, decode.acc_seg: 84.6825, aux.loss_seg: 0.0395, aux.acc_seg: 82.5474, loss: 0.0832
2026-04-23 14:54:50,933 - mmseg - INFO - Iter [153050/160000]	lr: 3.458e-07, eta: 1:38:51, time: 0.307, data_time: 0.005, memory: 22330, decode.loss_seg: 0.0449, decode.acc_seg: 82.5241, aux.loss_seg: 0.0377, aux.acc_seg: 80.5120, loss: 0.0826
2026-04-23 14:55:25,103 - mmseg - INFO - Iter [153100/160000]	lr: 3.433e-07, eta: 1:38:08, time: 0.683, data_time: 0.337, memory: 22330, decode.loss_seg: 0.0442, decode.acc_seg: 84.9897, aux.loss_seg: 0.0380, aux.acc_seg: 82.9097, loss: 0.0822
2026-04-23 14:55:40,489 - mmseg - INFO - Iter [153150/160000]	lr: 3.408e-07, eta: 1:37:24, time: 0.308, data_time: 0.003, memory: 22330, decode.loss_seg: 0.0460, decode.acc_seg: 84.6844, aux.loss_seg: 0.0382, aux.acc_seg: 82.6814, loss: 0.0842
2026-04-23 14:56:16,221 - mmseg - INFO - Iter [153200/160000]	lr: 3.383e-07, eta: 1:36:41, time: 0.715, data_time: 0.375, memory: 22330, decode.loss_seg: 0.0452, decode.acc_seg: 83.1963, aux.loss_seg: 0.0375, aux.acc_seg: 81.2335, loss: 0.0827
2026-04-23 14:56:50,940 - mmseg - INFO - Iter [153250/160000]	lr: 3.358e-07, eta: 1:35:58, time: 0.694, data_time: 0.353, memory: 22330, decode.loss_seg: 0.0433, decode.acc_seg: 83.8068, aux.loss_seg: 0.0370, aux.acc_seg: 81.8221, loss: 0.0803
2026-04-23 14:57:06,396 - mmseg - INFO - Iter [153300/160000]	lr: 3.333e-07, eta: 1:35:14, time: 0.309, data_time: 0.004, memory: 22330, decode.loss_seg: 0.0451, decode.acc_seg: 83.5194, aux.loss_seg: 0.0398, aux.acc_seg: 81.4164, loss: 0.0849
2026-04-23 14:57:40,268 - mmseg - INFO - Iter [153350/160000]	lr: 3.308e-07, eta: 1:34:31, time: 0.678, data_time: 0.350, memory: 22330, decode.loss_seg: 0.0472, decode.acc_seg: 84.8409, aux.loss_seg: 0.0407, aux.acc_seg: 82.6166, loss: 0.0878
2026-04-23 14:58:15,142 - mmseg - INFO - Iter [153400/160000]	lr: 3.284e-07, eta: 1:33:48, time: 0.697, data_time: 0.389, memory: 22330, decode.loss_seg: 0.0445, decode.acc_seg: 84.6755, aux.loss_seg: 0.0375, aux.acc_seg: 82.6643, loss: 0.0820
2026-04-23 14:58:30,483 - mmseg - INFO - Iter [153450/160000]	lr: 3.259e-07, eta: 1:33:04, time: 0.307, data_time: 0.003, memory: 22330, decode.loss_seg: 0.0451, decode.acc_seg: 84.2380, aux.loss_seg: 0.0381, aux.acc_seg: 82.1852, loss: 0.0832
2026-04-23 14:59:04,759 - mmseg - INFO - Iter [153500/160000]	lr: 3.234e-07, eta: 1:32:21, time: 0.686, data_time: 0.368, memory: 22330, decode.loss_seg: 0.0437, decode.acc_seg: 83.8837, aux.loss_seg: 0.0366, aux.acc_seg: 81.9381, loss: 0.0803
2026-04-23 14:59:40,266 - mmseg - INFO - Iter [153550/160000]	lr: 3.209e-07, eta: 1:31:38, time: 0.710, data_time: 0.378, memory: 22330, decode.loss_seg: 0.0447, decode.acc_seg: 82.9633, aux.loss_seg: 0.0376, aux.acc_seg: 80.9463, loss: 0.0823
2026-04-23 14:59:55,635 - mmseg - INFO - Iter [153600/160000]	lr: 3.184e-07, eta: 1:30:55, time: 0.308, data_time: 0.004, memory: 22330, decode.loss_seg: 0.0441, decode.acc_seg: 83.5086, aux.loss_seg: 0.0371, aux.acc_seg: 81.5389, loss: 0.0812
2026-04-23 15:00:30,258 - mmseg - INFO - Iter [153650/160000]	lr: 3.159e-07, eta: 1:30:12, time: 0.692, data_time: 0.373, memory: 22330, decode.loss_seg: 0.0461, decode.acc_seg: 84.7919, aux.loss_seg: 0.0380, aux.acc_seg: 82.8450, loss: 0.0841
2026-04-23 15:01:05,924 - mmseg - INFO - Iter [153700/160000]	lr: 3.134e-07, eta: 1:29:29, time: 0.713, data_time: 0.380, memory: 22330, decode.loss_seg: 0.0454, decode.acc_seg: 85.1069, aux.loss_seg: 0.0388, aux.acc_seg: 82.9972, loss: 0.0842
2026-04-23 15:01:21,325 - mmseg - INFO - Iter [153750/160000]	lr: 3.110e-07, eta: 1:28:45, time: 0.308, data_time: 0.003, memory: 22330, decode.loss_seg: 0.0443, decode.acc_seg: 84.5056, aux.loss_seg: 0.0366, aux.acc_seg: 82.5692, loss: 0.0810
2026-04-23 15:01:56,039 - mmseg - INFO - Iter [153800/160000]	lr: 3.085e-07, eta: 1:28:02, time: 0.694, data_time: 0.335, memory: 22330, decode.loss_seg: 0.0459, decode.acc_seg: 82.6954, aux.loss_seg: 0.0387, aux.acc_seg: 80.6433, loss: 0.0846
2026-04-23 15:02:31,907 - mmseg - INFO - Iter [153850/160000]	lr: 3.060e-07, eta: 1:27:19, time: 0.717, data_time: 0.363, memory: 22330, decode.loss_seg: 0.0436, decode.acc_seg: 84.2786, aux.loss_seg: 0.0368, aux.acc_seg: 82.3140, loss: 0.0804
2026-04-23 15:02:47,298 - mmseg - INFO - Iter [153900/160000]	lr: 3.035e-07, eta: 1:26:36, time: 0.308, data_time: 0.004, memory: 22330, decode.loss_seg: 0.0456, decode.acc_seg: 85.8872, aux.loss_seg: 0.0397, aux.acc_seg: 83.7699, loss: 0.0853
2026-04-23 15:03:22,286 - mmseg - INFO - Iter [153950/160000]	lr: 3.010e-07, eta: 1:25:53, time: 0.700, data_time: 0.387, memory: 22330, decode.loss_seg: 0.0450, decode.acc_seg: 84.1190, aux.loss_seg: 0.0388, aux.acc_seg: 82.0105, loss: 0.0838
2026-04-23 15:03:49,285 - mmseg - INFO - per class results:
2026-04-23 15:03:49,285 - mmseg - INFO - 
+------------+-------+-------+
| Class      | IoU   | Acc   |
+------------+-------+-------+
| housing    | 94.86 | 97.35 |
| industrial | 93.37 | 96.61 |
| natural    | 87.15 | 89.91 |
| land_use   | 77.99 | 83.3  |
| water      | 93.35 | 97.68 |
| other      | 97.74 | 98.95 |
+------------+-------+-------+
2026-04-23 15:03:49,286 - mmseg - INFO - Summary:
2026-04-23 15:03:49,286 - mmseg - INFO - 
+--------+-------+-------+-------+
| Scope  | mIoU  | mAcc  | aAcc  |
+--------+-------+-------+-------+
| global | 90.74 | 93.97 | 95.98 |
+--------+-------+-------+-------+
2026-04-23 15:03:49,320 - mmseg - INFO - Exp name: pixel_upernet_itpn_base_12_512_slide_160k_air_polarsar2_amp_linux.py
2026-04-23 15:03:49,320 - mmseg - INFO - Iter [154000/160000]	lr: 2.985e-07, eta: 1:25:32, time: 11.950, data_time: 0.000, memory: 22330, mIoU: 0.9074, mAcc: 0.9397, aAcc: 0.9598
2026-04-23 15:04:22,811 - mmseg - INFO - Iter [154050/160000]	lr: 2.960e-07, eta: 1:24:49, time: 0.670, data_time: 0.367, memory: 22330, decode.loss_seg: 0.0451, decode.acc_seg: 83.7092, aux.loss_seg: 0.0372, aux.acc_seg: 81.7737, loss: 0.0823
2026-04-23 15:04:57,692 - mmseg - INFO - Iter [154100/160000]	lr: 2.935e-07, eta: 1:24:06, time: 0.698, data_time: 0.381, memory: 22330, decode.loss_seg: 0.0439, decode.acc_seg: 84.1628, aux.loss_seg: 0.0382, aux.acc_seg: 82.0800, loss: 0.0822
2026-04-23 15:05:13,108 - mmseg - INFO - Iter [154150/160000]	lr: 2.911e-07, eta: 1:23:22, time: 0.308, data_time: 0.004, memory: 22330, decode.loss_seg: 0.0462, decode.acc_seg: 84.0069, aux.loss_seg: 0.0406, aux.acc_seg: 81.8781, loss: 0.0868
2026-04-23 15:05:47,310 - mmseg - INFO - Iter [154200/160000]	lr: 2.886e-07, eta: 1:22:39, time: 0.684, data_time: 0.360, memory: 22330, decode.loss_seg: 0.0441, decode.acc_seg: 82.6085, aux.loss_seg: 0.0369, aux.acc_seg: 80.6310, loss: 0.0811
2026-04-23 15:06:22,669 - mmseg - INFO - Iter [154250/160000]	lr: 2.861e-07, eta: 1:21:56, time: 0.707, data_time: 0.373, memory: 22330, decode.loss_seg: 0.0430, decode.acc_seg: 84.3486, aux.loss_seg: 0.0362, aux.acc_seg: 82.4099, loss: 0.0792
2026-04-23 15:06:38,038 - mmseg - INFO - Iter [154300/160000]	lr: 2.836e-07, eta: 1:21:12, time: 0.307, data_time: 0.004, memory: 22330, decode.loss_seg: 0.0438, decode.acc_seg: 83.2235, aux.loss_seg: 0.0369, aux.acc_seg: 81.2313, loss: 0.0807
2026-04-23 15:07:12,802 - mmseg - INFO - Iter [154350/160000]	lr: 2.811e-07, eta: 1:20:29, time: 0.695, data_time: 0.379, memory: 22330, decode.loss_seg: 0.0451, decode.acc_seg: 83.5466, aux.loss_seg: 0.0371, aux.acc_seg: 81.6108, loss: 0.0822
2026-04-23 15:07:48,761 - mmseg - INFO - Iter [154400/160000]	lr: 2.786e-07, eta: 1:19:46, time: 0.719, data_time: 0.391, memory: 22330, decode.loss_seg: 0.0452, decode.acc_seg: 85.9921, aux.loss_seg: 0.0379, aux.acc_seg: 83.9892, loss: 0.0831
2026-04-23 15:08:04,160 - mmseg - INFO - Iter [154450/160000]	lr: 2.761e-07, eta: 1:19:02, time: 0.308, data_time: 0.004, memory: 22330, decode.loss_seg: 0.0434, decode.acc_seg: 83.1079, aux.loss_seg: 0.0364, aux.acc_seg: 81.1609, loss: 0.0798
2026-04-23 15:08:38,469 - mmseg - INFO - Iter [154500/160000]	lr: 2.736e-07, eta: 1:18:19, time: 0.686, data_time: 0.374, memory: 22330, decode.loss_seg: 0.0462, decode.acc_seg: 84.2446, aux.loss_seg: 0.0386, aux.acc_seg: 82.2032, loss: 0.0848
2026-04-23 15:09:12,753 - mmseg - INFO - Iter [154550/160000]	lr: 2.712e-07, eta: 1:17:36, time: 0.686, data_time: 0.356, memory: 22330, decode.loss_seg: 0.0435, decode.acc_seg: 85.1796, aux.loss_seg: 0.0368, aux.acc_seg: 83.2292, loss: 0.0804
2026-04-23 15:09:28,170 - mmseg - INFO - Iter [154600/160000]	lr: 2.687e-07, eta: 1:16:52, time: 0.308, data_time: 0.004, memory: 22330, decode.loss_seg: 0.0457, decode.acc_seg: 84.7316, aux.loss_seg: 0.0383, aux.acc_seg: 82.6844, loss: 0.0839
2026-04-23 15:09:59,154 - mmseg - INFO - Iter [154650/160000]	lr: 2.662e-07, eta: 1:16:09, time: 0.620, data_time: 0.316, memory: 22330, decode.loss_seg: 0.0454, decode.acc_seg: 84.1184, aux.loss_seg: 0.0406, aux.acc_seg: 81.8698, loss: 0.0860
2026-04-23 15:10:33,663 - mmseg - INFO - Iter [154700/160000]	lr: 2.637e-07, eta: 1:15:26, time: 0.690, data_time: 0.353, memory: 22330, decode.loss_seg: 0.0459, decode.acc_seg: 83.0079, aux.loss_seg: 0.0403, aux.acc_seg: 80.7496, loss: 0.0862
2026-04-23 15:10:49,008 - mmseg - INFO - Iter [154750/160000]	lr: 2.612e-07, eta: 1:14:43, time: 0.307, data_time: 0.004, memory: 22330, decode.loss_seg: 0.0431, decode.acc_seg: 84.8693, aux.loss_seg: 0.0365, aux.acc_seg: 82.8937, loss: 0.0796
2026-04-23 15:11:24,433 - mmseg - INFO - Iter [154800/160000]	lr: 2.587e-07, eta: 1:14:00, time: 0.709, data_time: 0.357, memory: 22330, decode.loss_seg: 0.0449, decode.acc_seg: 84.7685, aux.loss_seg: 0.0379, aux.acc_seg: 82.7473, loss: 0.0828
2026-04-23 15:11:58,363 - mmseg - INFO - Iter [154850/160000]	lr: 2.562e-07, eta: 1:13:17, time: 0.679, data_time: 0.338, memory: 22330, decode.loss_seg: 0.0428, decode.acc_seg: 83.6607, aux.loss_seg: 0.0360, aux.acc_seg: 81.7179, loss: 0.0788
2026-04-23 15:12:13,758 - mmseg - INFO - Iter [154900/160000]	lr: 2.537e-07, eta: 1:12:33, time: 0.308, data_time: 0.004, memory: 22330, decode.loss_seg: 0.0447, decode.acc_seg: 83.4692, aux.loss_seg: 0.0379, aux.acc_seg: 81.4254, loss: 0.0825
2026-04-23 15:12:48,054 - mmseg - INFO - Iter [154950/160000]	lr: 2.513e-07, eta: 1:11:50, time: 0.686, data_time: 0.334, memory: 22330, decode.loss_seg: 0.0460, decode.acc_seg: 83.0037, aux.loss_seg: 0.0380, aux.acc_seg: 81.0028, loss: 0.0840
2026-04-23 15:13:03,431 - mmseg - INFO - Exp name: pixel_upernet_itpn_base_12_512_slide_160k_air_polarsar2_amp_linux.py
2026-04-23 15:13:03,432 - mmseg - INFO - Iter [155000/160000]	lr: 2.488e-07, eta: 1:11:07, time: 0.308, data_time: 0.004, memory: 22330, decode.loss_seg: 0.0433, decode.acc_seg: 83.9665, aux.loss_seg: 0.0363, aux.acc_seg: 82.0049, loss: 0.0796
2026-04-23 15:13:38,783 - mmseg - INFO - Iter [155050/160000]	lr: 2.463e-07, eta: 1:10:24, time: 0.707, data_time: 0.329, memory: 22330, decode.loss_seg: 0.0450, decode.acc_seg: 84.1711, aux.loss_seg: 0.0381, aux.acc_seg: 82.1180, loss: 0.0831
2026-04-23 15:14:13,539 - mmseg - INFO - Iter [155100/160000]	lr: 2.438e-07, eta: 1:09:41, time: 0.695, data_time: 0.389, memory: 22330, decode.loss_seg: 0.0446, decode.acc_seg: 83.6160, aux.loss_seg: 0.0371, aux.acc_seg: 81.6708, loss: 0.0817
2026-04-23 15:14:28,878 - mmseg - INFO - Iter [155150/160000]	lr: 2.413e-07, eta: 1:08:57, time: 0.307, data_time: 0.004, memory: 22330, decode.loss_seg: 0.0439, decode.acc_seg: 84.3510, aux.loss_seg: 0.0372, aux.acc_seg: 82.3640, loss: 0.0811
2026-04-23 15:15:03,957 - mmseg - INFO - Iter [155200/160000]	lr: 2.388e-07, eta: 1:08:14, time: 0.702, data_time: 0.360, memory: 22330, decode.loss_seg: 0.0438, decode.acc_seg: 83.4717, aux.loss_seg: 0.0366, aux.acc_seg: 81.5411, loss: 0.0803
2026-04-23 15:15:39,677 - mmseg - INFO - Iter [155250/160000]	lr: 2.363e-07, eta: 1:07:32, time: 0.714, data_time: 0.395, memory: 22330, decode.loss_seg: 0.0455, decode.acc_seg: 84.5667, aux.loss_seg: 0.0401, aux.acc_seg: 82.3873, loss: 0.0855
2026-04-23 15:15:55,055 - mmseg - INFO - Iter [155300/160000]	lr: 2.338e-07, eta: 1:06:48, time: 0.308, data_time: 0.004, memory: 22330, decode.loss_seg: 0.0451, decode.acc_seg: 84.1448, aux.loss_seg: 0.0374, aux.acc_seg: 82.1905, loss: 0.0825
2026-04-23 15:16:29,899 - mmseg - INFO - Iter [155350/160000]	lr: 2.314e-07, eta: 1:06:05, time: 0.697, data_time: 0.355, memory: 22330, decode.loss_seg: 0.0439, decode.acc_seg: 83.9004, aux.loss_seg: 0.0365, aux.acc_seg: 81.9567, loss: 0.0804
2026-04-23 15:17:04,363 - mmseg - INFO - Iter [155400/160000]	lr: 2.289e-07, eta: 1:05:22, time: 0.689, data_time: 0.371, memory: 22330, decode.loss_seg: 0.0448, decode.acc_seg: 83.6011, aux.loss_seg: 0.0375, aux.acc_seg: 81.6112, loss: 0.0824
2026-04-23 15:17:19,740 - mmseg - INFO - Iter [155450/160000]	lr: 2.264e-07, eta: 1:04:39, time: 0.308, data_time: 0.004, memory: 22330, decode.loss_seg: 0.0458, decode.acc_seg: 84.3230, aux.loss_seg: 0.0402, aux.acc_seg: 82.1376, loss: 0.0859
2026-04-23 15:17:53,436 - mmseg - INFO - Iter [155500/160000]	lr: 2.239e-07, eta: 1:03:56, time: 0.674, data_time: 0.367, memory: 22330, decode.loss_seg: 0.0441, decode.acc_seg: 83.0216, aux.loss_seg: 0.0374, aux.acc_seg: 80.9919, loss: 0.0814
2026-04-23 15:18:28,099 - mmseg - INFO - Iter [155550/160000]	lr: 2.214e-07, eta: 1:03:13, time: 0.693, data_time: 0.356, memory: 22330, decode.loss_seg: 0.0456, decode.acc_seg: 84.0525, aux.loss_seg: 0.0380, aux.acc_seg: 82.0410, loss: 0.0836
2026-04-23 15:18:43,497 - mmseg - INFO - Iter [155600/160000]	lr: 2.189e-07, eta: 1:02:30, time: 0.308, data_time: 0.003, memory: 22330, decode.loss_seg: 0.0443, decode.acc_seg: 84.4592, aux.loss_seg: 0.0376, aux.acc_seg: 82.4524, loss: 0.0820
2026-04-23 15:19:19,331 - mmseg - INFO - Iter [155650/160000]	lr: 2.164e-07, eta: 1:01:47, time: 0.717, data_time: 0.343, memory: 22330, decode.loss_seg: 0.0453, decode.acc_seg: 85.3177, aux.loss_seg: 0.0380, aux.acc_seg: 83.2883, loss: 0.0832
2026-04-23 15:19:52,383 - mmseg - INFO - Iter [155700/160000]	lr: 2.140e-07, eta: 1:01:04, time: 0.661, data_time: 0.354, memory: 22330, decode.loss_seg: 0.0442, decode.acc_seg: 82.0496, aux.loss_seg: 0.0370, aux.acc_seg: 80.0787, loss: 0.0812
2026-04-23 15:20:07,830 - mmseg - INFO - Iter [155750/160000]	lr: 2.115e-07, eta: 1:00:21, time: 0.309, data_time: 0.005, memory: 22330, decode.loss_seg: 0.0445, decode.acc_seg: 84.1896, aux.loss_seg: 0.0379, aux.acc_seg: 82.1684, loss: 0.0825
2026-04-23 15:20:42,381 - mmseg - INFO - Iter [155800/160000]	lr: 2.090e-07, eta: 0:59:38, time: 0.691, data_time: 0.377, memory: 22330, decode.loss_seg: 0.0451, decode.acc_seg: 83.9031, aux.loss_seg: 0.0379, aux.acc_seg: 81.9081, loss: 0.0829
2026-04-23 15:21:15,411 - mmseg - INFO - Iter [155850/160000]	lr: 2.065e-07, eta: 0:58:55, time: 0.661, data_time: 0.353, memory: 22330, decode.loss_seg: 0.0462, decode.acc_seg: 86.5865, aux.loss_seg: 0.0406, aux.acc_seg: 84.3722, loss: 0.0868
2026-04-23 15:21:30,744 - mmseg - INFO - Iter [155900/160000]	lr: 2.040e-07, eta: 0:58:12, time: 0.307, data_time: 0.005, memory: 22330, decode.loss_seg: 0.0448, decode.acc_seg: 83.5844, aux.loss_seg: 0.0380, aux.acc_seg: 81.5442, loss: 0.0828
2026-04-23 15:22:06,631 - mmseg - INFO - Iter [155950/160000]	lr: 2.015e-07, eta: 0:57:29, time: 0.718, data_time: 0.393, memory: 22330, decode.loss_seg: 0.0436, decode.acc_seg: 83.7874, aux.loss_seg: 0.0369, aux.acc_seg: 81.8035, loss: 0.0806
2026-04-23 15:22:34,434 - mmseg - INFO - per class results:
2026-04-23 15:22:34,435 - mmseg - INFO - 
+------------+-------+-------+
| Class      | IoU   | Acc   |
+------------+-------+-------+
| housing    | 94.87 | 97.45 |
| industrial | 93.35 | 96.66 |
| natural    | 87.29 | 90.08 |
| land_use   | 77.75 | 82.86 |
| water      | 93.31 | 97.61 |
| other      | 97.63 | 99.15 |
+------------+-------+-------+
2026-04-23 15:22:34,435 - mmseg - INFO - Summary:
2026-04-23 15:22:34,435 - mmseg - INFO - 
+--------+------+-------+-------+
| Scope  | mIoU | mAcc  | aAcc  |
+--------+------+-------+-------+
| global | 90.7 | 93.97 | 95.96 |
+--------+------+-------+-------+
2026-04-23 15:22:34,479 - mmseg - INFO - Exp name: pixel_upernet_itpn_base_12_512_slide_160k_air_polarsar2_amp_linux.py
2026-04-23 15:22:34,479 - mmseg - INFO - Iter [156000/160000]	lr: 1.990e-07, eta: 0:57:02, time: 12.776, data_time: 0.000, memory: 22330, mIoU: 0.9070, mAcc: 0.9397, aAcc: 0.9596
2026-04-23 15:23:09,199 - mmseg - INFO - Iter [156050/160000]	lr: 1.965e-07, eta: 0:56:19, time: 0.694, data_time: 0.373, memory: 22330, decode.loss_seg: 0.0444, decode.acc_seg: 85.3941, aux.loss_seg: 0.0371, aux.acc_seg: 83.4081, loss: 0.0815
2026-04-23 15:23:43,558 - mmseg - INFO - Iter [156100/160000]	lr: 1.941e-07, eta: 0:55:36, time: 0.687, data_time: 0.359, memory: 22330, decode.loss_seg: 0.0442, decode.acc_seg: 84.8217, aux.loss_seg: 0.0375, aux.acc_seg: 82.8009, loss: 0.0817
2026-04-23 15:23:58,985 - mmseg - INFO - Iter [156150/160000]	lr: 1.916e-07, eta: 0:54:52, time: 0.308, data_time: 0.004, memory: 22330, decode.loss_seg: 0.0444, decode.acc_seg: 84.6628, aux.loss_seg: 0.0371, aux.acc_seg: 82.7205, loss: 0.0815
2026-04-23 15:24:34,107 - mmseg - INFO - Iter [156200/160000]	lr: 1.891e-07, eta: 0:54:09, time: 0.703, data_time: 0.356, memory: 22330, decode.loss_seg: 0.0433, decode.acc_seg: 83.7434, aux.loss_seg: 0.0367, aux.acc_seg: 81.7707, loss: 0.0800
2026-04-23 15:25:09,446 - mmseg - INFO - Iter [156250/160000]	lr: 1.866e-07, eta: 0:53:26, time: 0.707, data_time: 0.378, memory: 22330, decode.loss_seg: 0.0447, decode.acc_seg: 84.6969, aux.loss_seg: 0.0378, aux.acc_seg: 82.6798, loss: 0.0825
2026-04-23 15:25:24,799 - mmseg - INFO - Iter [156300/160000]	lr: 1.841e-07, eta: 0:52:43, time: 0.307, data_time: 0.004, memory: 22330, decode.loss_seg: 0.0445, decode.acc_seg: 85.5989, aux.loss_seg: 0.0374, aux.acc_seg: 83.6070, loss: 0.0819
2026-04-23 15:25:58,705 - mmseg - INFO - Iter [156350/160000]	lr: 1.816e-07, eta: 0:52:00, time: 0.678, data_time: 0.343, memory: 22330, decode.loss_seg: 0.0445, decode.acc_seg: 83.1877, aux.loss_seg: 0.0376, aux.acc_seg: 81.1848, loss: 0.0821
2026-04-23 15:26:34,244 - mmseg - INFO - Iter [156400/160000]	lr: 1.791e-07, eta: 0:51:17, time: 0.711, data_time: 0.343, memory: 22330, decode.loss_seg: 0.0442, decode.acc_seg: 84.1545, aux.loss_seg: 0.0370, aux.acc_seg: 82.1861, loss: 0.0812
2026-04-23 15:26:49,590 - mmseg - INFO - Iter [156450/160000]	lr: 1.766e-07, eta: 0:50:34, time: 0.307, data_time: 0.005, memory: 22330, decode.loss_seg: 0.0446, decode.acc_seg: 84.5687, aux.loss_seg: 0.0377, aux.acc_seg: 82.5498, loss: 0.0822
2026-04-23 15:27:24,048 - mmseg - INFO - Iter [156500/160000]	lr: 1.742e-07, eta: 0:49:51, time: 0.689, data_time: 0.332, memory: 22330, decode.loss_seg: 0.0438, decode.acc_seg: 83.3990, aux.loss_seg: 0.0369, aux.acc_seg: 81.4557, loss: 0.0807
2026-04-23 15:27:59,309 - mmseg - INFO - Iter [156550/160000]	lr: 1.717e-07, eta: 0:49:08, time: 0.705, data_time: 0.380, memory: 22330, decode.loss_seg: 0.0458, decode.acc_seg: 84.9681, aux.loss_seg: 0.0393, aux.acc_seg: 82.8383, loss: 0.0851
2026-04-23 15:28:14,696 - mmseg - INFO - Iter [156600/160000]	lr: 1.692e-07, eta: 0:48:25, time: 0.308, data_time: 0.004, memory: 22330, decode.loss_seg: 0.0449, decode.acc_seg: 85.6450, aux.loss_seg: 0.0375, aux.acc_seg: 83.6426, loss: 0.0824
2026-04-23 15:28:49,885 - mmseg - INFO - Iter [156650/160000]	lr: 1.667e-07, eta: 0:47:42, time: 0.704, data_time: 0.363, memory: 22330, decode.loss_seg: 0.0438, decode.acc_seg: 84.2348, aux.loss_seg: 0.0389, aux.acc_seg: 82.0656, loss: 0.0827
2026-04-23 15:29:25,491 - mmseg - INFO - Iter [156700/160000]	lr: 1.642e-07, eta: 0:46:59, time: 0.712, data_time: 0.378, memory: 22330, decode.loss_seg: 0.0456, decode.acc_seg: 84.2739, aux.loss_seg: 0.0376, aux.acc_seg: 82.2926, loss: 0.0833
2026-04-23 15:29:40,896 - mmseg - INFO - Iter [156750/160000]	lr: 1.617e-07, eta: 0:46:16, time: 0.308, data_time: 0.004, memory: 22330, decode.loss_seg: 0.0431, decode.acc_seg: 83.5910, aux.loss_seg: 0.0363, aux.acc_seg: 81.6619, loss: 0.0795
2026-04-23 15:30:15,420 - mmseg - INFO - Iter [156800/160000]	lr: 1.592e-07, eta: 0:45:33, time: 0.690, data_time: 0.380, memory: 22330, decode.loss_seg: 0.0465, decode.acc_seg: 84.5757, aux.loss_seg: 0.0386, aux.acc_seg: 82.5462, loss: 0.0851
2026-04-23 15:30:50,468 - mmseg - INFO - Iter [156850/160000]	lr: 1.567e-07, eta: 0:44:50, time: 0.701, data_time: 0.374, memory: 22330, decode.loss_seg: 0.0449, decode.acc_seg: 84.6307, aux.loss_seg: 0.0391, aux.acc_seg: 82.4548, loss: 0.0840
2026-04-23 15:31:05,805 - mmseg - INFO - Iter [156900/160000]	lr: 1.543e-07, eta: 0:44:07, time: 0.307, data_time: 0.004, memory: 22330, decode.loss_seg: 0.0444, decode.acc_seg: 84.7672, aux.loss_seg: 0.0379, aux.acc_seg: 82.7317, loss: 0.0823
2026-04-23 15:31:40,624 - mmseg - INFO - Iter [156950/160000]	lr: 1.518e-07, eta: 0:43:24, time: 0.696, data_time: 0.377, memory: 22330, decode.loss_seg: 0.0448, decode.acc_seg: 82.9566, aux.loss_seg: 0.0393, aux.acc_seg: 80.7597, loss: 0.0841
2026-04-23 15:31:55,960 - mmseg - INFO - Exp name: pixel_upernet_itpn_base_12_512_slide_160k_air_polarsar2_amp_linux.py
2026-04-23 15:31:55,960 - mmseg - INFO - Iter [157000/160000]	lr: 1.493e-07, eta: 0:42:40, time: 0.307, data_time: 0.004, memory: 22330, decode.loss_seg: 0.0445, decode.acc_seg: 84.0210, aux.loss_seg: 0.0377, aux.acc_seg: 82.0060, loss: 0.0823
2026-04-23 15:32:30,729 - mmseg - INFO - Iter [157050/160000]	lr: 1.468e-07, eta: 0:41:58, time: 0.695, data_time: 0.388, memory: 22330, decode.loss_seg: 0.0442, decode.acc_seg: 86.1629, aux.loss_seg: 0.0380, aux.acc_seg: 84.0927, loss: 0.0822
2026-04-23 15:33:05,661 - mmseg - INFO - Iter [157100/160000]	lr: 1.443e-07, eta: 0:41:15, time: 0.699, data_time: 0.382, memory: 22330, decode.loss_seg: 0.0435, decode.acc_seg: 83.2173, aux.loss_seg: 0.0364, aux.acc_seg: 81.2894, loss: 0.0799
2026-04-23 15:33:20,957 - mmseg - INFO - Iter [157150/160000]	lr: 1.418e-07, eta: 0:40:32, time: 0.306, data_time: 0.004, memory: 22330, decode.loss_seg: 0.0437, decode.acc_seg: 82.7134, aux.loss_seg: 0.0375, aux.acc_seg: 80.6843, loss: 0.0812
2026-04-23 15:33:55,842 - mmseg - INFO - Iter [157200/160000]	lr: 1.393e-07, eta: 0:39:49, time: 0.698, data_time: 0.349, memory: 22330, decode.loss_seg: 0.0432, decode.acc_seg: 85.3954, aux.loss_seg: 0.0367, aux.acc_seg: 83.4113, loss: 0.0799
2026-04-23 15:34:30,842 - mmseg - INFO - Iter [157250/160000]	lr: 1.368e-07, eta: 0:39:06, time: 0.700, data_time: 0.356, memory: 22330, decode.loss_seg: 0.0445, decode.acc_seg: 84.0707, aux.loss_seg: 0.0374, aux.acc_seg: 82.0961, loss: 0.0819
2026-04-23 15:34:46,190 - mmseg - INFO - Iter [157300/160000]	lr: 1.344e-07, eta: 0:38:23, time: 0.307, data_time: 0.004, memory: 22330, decode.loss_seg: 0.0461, decode.acc_seg: 85.3226, aux.loss_seg: 0.0408, aux.acc_seg: 83.0553, loss: 0.0868
2026-04-23 15:35:22,192 - mmseg - INFO - Iter [157350/160000]	lr: 1.319e-07, eta: 0:37:40, time: 0.720, data_time: 0.416, memory: 22330, decode.loss_seg: 0.0445, decode.acc_seg: 83.8204, aux.loss_seg: 0.0372, aux.acc_seg: 81.8519, loss: 0.0817
2026-04-23 15:35:57,329 - mmseg - INFO - Iter [157400/160000]	lr: 1.294e-07, eta: 0:36:57, time: 0.703, data_time: 0.372, memory: 22330, decode.loss_seg: 0.0442, decode.acc_seg: 83.2736, aux.loss_seg: 0.0378, aux.acc_seg: 81.2415, loss: 0.0820
2026-04-23 15:36:12,649 - mmseg - INFO - Iter [157450/160000]	lr: 1.269e-07, eta: 0:36:14, time: 0.306, data_time: 0.004, memory: 22330, decode.loss_seg: 0.0444, decode.acc_seg: 84.2447, aux.loss_seg: 0.0377, aux.acc_seg: 82.2445, loss: 0.0820
2026-04-23 15:36:48,456 - mmseg - INFO - Iter [157500/160000]	lr: 1.244e-07, eta: 0:35:32, time: 0.716, data_time: 0.414, memory: 22330, decode.loss_seg: 0.0446, decode.acc_seg: 83.9766, aux.loss_seg: 0.0375, aux.acc_seg: 81.9613, loss: 0.0821
2026-04-23 15:37:23,459 - mmseg - INFO - Iter [157550/160000]	lr: 1.219e-07, eta: 0:34:49, time: 0.700, data_time: 0.371, memory: 22330, decode.loss_seg: 0.0434, decode.acc_seg: 83.7135, aux.loss_seg: 0.0366, aux.acc_seg: 81.7458, loss: 0.0800
2026-04-23 15:37:38,820 - mmseg - INFO - Iter [157600/160000]	lr: 1.194e-07, eta: 0:34:06, time: 0.307, data_time: 0.004, memory: 22330, decode.loss_seg: 0.0453, decode.acc_seg: 84.6327, aux.loss_seg: 0.0384, aux.acc_seg: 82.5647, loss: 0.0837
2026-04-23 15:38:12,958 - mmseg - INFO - Iter [157650/160000]	lr: 1.169e-07, eta: 0:33:23, time: 0.683, data_time: 0.365, memory: 22330, decode.loss_seg: 0.0446, decode.acc_seg: 84.0579, aux.loss_seg: 0.0380, aux.acc_seg: 81.9982, loss: 0.0826
2026-04-23 15:38:48,178 - mmseg - INFO - Iter [157700/160000]	lr: 1.145e-07, eta: 0:32:40, time: 0.704, data_time: 0.375, memory: 22330, decode.loss_seg: 0.0528, decode.acc_seg: 83.6687, aux.loss_seg: 0.0416, aux.acc_seg: 81.4813, loss: 0.0944
2026-04-23 15:39:03,534 - mmseg - INFO - Iter [157750/160000]	lr: 1.120e-07, eta: 0:31:57, time: 0.307, data_time: 0.004, memory: 22330, decode.loss_seg: 0.0449, decode.acc_seg: 84.4067, aux.loss_seg: 0.0377, aux.acc_seg: 82.4119, loss: 0.0825
2026-04-23 15:39:38,548 - mmseg - INFO - Iter [157800/160000]	lr: 1.095e-07, eta: 0:31:14, time: 0.700, data_time: 0.381, memory: 22330, decode.loss_seg: 0.0446, decode.acc_seg: 84.5233, aux.loss_seg: 0.0372, aux.acc_seg: 82.5374, loss: 0.0818
2026-04-23 15:39:53,898 - mmseg - INFO - Iter [157850/160000]	lr: 1.070e-07, eta: 0:30:32, time: 0.307, data_time: 0.003, memory: 22330, decode.loss_seg: 0.0459, decode.acc_seg: 83.1116, aux.loss_seg: 0.0389, aux.acc_seg: 80.9929, loss: 0.0848
2026-04-23 15:40:29,883 - mmseg - INFO - Iter [157900/160000]	lr: 1.045e-07, eta: 0:29:49, time: 0.720, data_time: 0.368, memory: 22330, decode.loss_seg: 0.0458, decode.acc_seg: 83.7254, aux.loss_seg: 0.0378, aux.acc_seg: 81.7524, loss: 0.0837
2026-04-23 15:41:05,055 - mmseg - INFO - Iter [157950/160000]	lr: 1.020e-07, eta: 0:29:06, time: 0.703, data_time: 0.394, memory: 22330, decode.loss_seg: 0.0432, decode.acc_seg: 84.3010, aux.loss_seg: 0.0364, aux.acc_seg: 82.3502, loss: 0.0796
2026-04-23 15:41:32,871 - mmseg - INFO - per class results:
2026-04-23 15:41:32,872 - mmseg - INFO - 
+------------+-------+-------+
| Class      | IoU   | Acc   |
+------------+-------+-------+
| housing    | 94.85 | 97.46 |
| industrial | 93.36 | 96.63 |
| natural    | 87.23 | 90.09 |
| land_use   | 78.01 | 83.33 |
| water      | 93.35 | 97.6  |
| other      | 97.76 | 99.02 |
+------------+-------+-------+
2026-04-23 15:41:32,872 - mmseg - INFO - Summary:
2026-04-23 15:41:32,872 - mmseg - INFO - 
+--------+-------+-------+-------+
| Scope  | mIoU  | mAcc  | aAcc  |
+--------+-------+-------+-------+
| global | 90.76 | 94.02 | 95.98 |
+--------+-------+-------+-------+
2026-04-23 15:41:32,915 - mmseg - INFO - Exp name: pixel_upernet_itpn_base_12_512_slide_160k_air_polarsar2_amp_linux.py
2026-04-23 15:41:32,915 - mmseg - INFO - Iter [158000/160000]	lr: 9.954e-08, eta: 0:28:31, time: 12.833, data_time: 0.000, memory: 22330, mIoU: 0.9076, mAcc: 0.9402, aAcc: 0.9598
2026-04-23 15:42:08,289 - mmseg - INFO - Iter [158050/160000]	lr: 9.705e-08, eta: 0:27:48, time: 0.707, data_time: 0.400, memory: 22330, decode.loss_seg: 0.0441, decode.acc_seg: 82.8918, aux.loss_seg: 0.0371, aux.acc_seg: 80.9044, loss: 0.0813
2026-04-23 15:42:43,122 - mmseg - INFO - Iter [158100/160000]	lr: 9.456e-08, eta: 0:27:05, time: 0.696, data_time: 0.347, memory: 22330, decode.loss_seg: 0.0451, decode.acc_seg: 84.0223, aux.loss_seg: 0.0380, aux.acc_seg: 81.9837, loss: 0.0832
2026-04-23 15:42:58,480 - mmseg - INFO - Iter [158150/160000]	lr: 9.208e-08, eta: 0:26:22, time: 0.307, data_time: 0.004, memory: 22330, decode.loss_seg: 0.0455, decode.acc_seg: 84.1300, aux.loss_seg: 0.0378, aux.acc_seg: 82.1505, loss: 0.0833
2026-04-23 15:43:34,380 - mmseg - INFO - Iter [158200/160000]	lr: 8.959e-08, eta: 0:25:39, time: 0.718, data_time: 0.368, memory: 22330, decode.loss_seg: 0.0432, decode.acc_seg: 83.7064, aux.loss_seg: 0.0367, aux.acc_seg: 81.7115, loss: 0.0799
2026-04-23 15:44:08,788 - mmseg - INFO - Iter [158250/160000]	lr: 8.710e-08, eta: 0:24:57, time: 0.688, data_time: 0.375, memory: 22330, decode.loss_seg: 0.0447, decode.acc_seg: 84.9800, aux.loss_seg: 0.0380, aux.acc_seg: 82.9341, loss: 0.0827
2026-04-23 15:44:24,132 - mmseg - INFO - Iter [158300/160000]	lr: 8.461e-08, eta: 0:24:13, time: 0.307, data_time: 0.004, memory: 22330, decode.loss_seg: 0.0444, decode.acc_seg: 82.8097, aux.loss_seg: 0.0380, aux.acc_seg: 80.8031, loss: 0.0824
2026-04-23 15:44:58,716 - mmseg - INFO - Iter [158350/160000]	lr: 8.213e-08, eta: 0:23:31, time: 0.692, data_time: 0.332, memory: 22330, decode.loss_seg: 0.0469, decode.acc_seg: 85.2082, aux.loss_seg: 0.0389, aux.acc_seg: 83.1532, loss: 0.0859
2026-04-23 15:45:34,536 - mmseg - INFO - Iter [158400/160000]	lr: 7.964e-08, eta: 0:22:48, time: 0.716, data_time: 0.358, memory: 22330, decode.loss_seg: 0.0440, decode.acc_seg: 84.5996, aux.loss_seg: 0.0374, aux.acc_seg: 82.6261, loss: 0.0814
2026-04-23 15:45:49,833 - mmseg - INFO - Iter [158450/160000]	lr: 7.715e-08, eta: 0:22:05, time: 0.306, data_time: 0.004, memory: 22330, decode.loss_seg: 0.0437, decode.acc_seg: 84.1891, aux.loss_seg: 0.0370, aux.acc_seg: 82.2150, loss: 0.0808
2026-04-23 15:46:24,336 - mmseg - INFO - Iter [158500/160000]	lr: 7.467e-08, eta: 0:21:22, time: 0.690, data_time: 0.383, memory: 22330, decode.loss_seg: 0.0450, decode.acc_seg: 84.0481, aux.loss_seg: 0.0373, aux.acc_seg: 82.0856, loss: 0.0823
2026-04-23 15:46:59,375 - mmseg - INFO - Iter [158550/160000]	lr: 7.218e-08, eta: 0:20:39, time: 0.701, data_time: 0.334, memory: 22330, decode.loss_seg: 0.0460, decode.acc_seg: 84.4835, aux.loss_seg: 0.0387, aux.acc_seg: 82.4148, loss: 0.0847
2026-04-23 15:47:14,738 - mmseg - INFO - Iter [158600/160000]	lr: 6.969e-08, eta: 0:19:56, time: 0.307, data_time: 0.003, memory: 22330, decode.loss_seg: 0.0463, decode.acc_seg: 84.8056, aux.loss_seg: 0.0389, aux.acc_seg: 82.7676, loss: 0.0851
2026-04-23 15:47:49,199 - mmseg - INFO - Iter [158650/160000]	lr: 6.720e-08, eta: 0:19:13, time: 0.689, data_time: 0.348, memory: 22330, decode.loss_seg: 0.0447, decode.acc_seg: 83.3950, aux.loss_seg: 0.0370, aux.acc_seg: 81.4637, loss: 0.0817
2026-04-23 15:48:23,325 - mmseg - INFO - Iter [158700/160000]	lr: 6.472e-08, eta: 0:18:30, time: 0.683, data_time: 0.379, memory: 22330, decode.loss_seg: 0.0445, decode.acc_seg: 84.9109, aux.loss_seg: 0.0382, aux.acc_seg: 82.8825, loss: 0.0827
2026-04-23 15:48:38,734 - mmseg - INFO - Iter [158750/160000]	lr: 6.223e-08, eta: 0:17:48, time: 0.308, data_time: 0.004, memory: 22330, decode.loss_seg: 0.0436, decode.acc_seg: 84.0047, aux.loss_seg: 0.0369, aux.acc_seg: 82.0015, loss: 0.0804
2026-04-23 15:49:13,767 - mmseg - INFO - Iter [158800/160000]	lr: 5.974e-08, eta: 0:17:05, time: 0.701, data_time: 0.383, memory: 22330, decode.loss_seg: 0.0447, decode.acc_seg: 84.8947, aux.loss_seg: 0.0372, aux.acc_seg: 82.9006, loss: 0.0819
2026-04-23 15:49:29,074 - mmseg - INFO - Iter [158850/160000]	lr: 5.726e-08, eta: 0:16:22, time: 0.306, data_time: 0.004, memory: 22330, decode.loss_seg: 0.0439, decode.acc_seg: 84.7835, aux.loss_seg: 0.0372, aux.acc_seg: 82.7693, loss: 0.0810
2026-04-23 15:50:04,599 - mmseg - INFO - Iter [158900/160000]	lr: 5.477e-08, eta: 0:15:39, time: 0.710, data_time: 0.365, memory: 22330, decode.loss_seg: 0.0446, decode.acc_seg: 84.3273, aux.loss_seg: 0.0373, aux.acc_seg: 82.3585, loss: 0.0819
2026-04-23 15:50:40,883 - mmseg - INFO - Iter [158950/160000]	lr: 5.228e-08, eta: 0:14:56, time: 0.726, data_time: 0.368, memory: 22330, decode.loss_seg: 0.0443, decode.acc_seg: 85.1648, aux.loss_seg: 0.0375, aux.acc_seg: 83.1647, loss: 0.0818
2026-04-23 15:50:56,188 - mmseg - INFO - Exp name: pixel_upernet_itpn_base_12_512_slide_160k_air_polarsar2_amp_linux.py
2026-04-23 15:50:56,189 - mmseg - INFO - Iter [159000/160000]	lr: 4.979e-08, eta: 0:14:13, time: 0.306, data_time: 0.003, memory: 22330, decode.loss_seg: 0.0454, decode.acc_seg: 84.2287, aux.loss_seg: 0.0373, aux.acc_seg: 82.2870, loss: 0.0827
2026-04-23 15:51:29,567 - mmseg - INFO - Iter [159050/160000]	lr: 4.731e-08, eta: 0:13:31, time: 0.667, data_time: 0.328, memory: 22330, decode.loss_seg: 0.0448, decode.acc_seg: 83.8035, aux.loss_seg: 0.0376, aux.acc_seg: 81.8263, loss: 0.0824
2026-04-23 15:52:02,797 - mmseg - INFO - Iter [159100/160000]	lr: 4.482e-08, eta: 0:12:48, time: 0.665, data_time: 0.343, memory: 22330, decode.loss_seg: 0.0443, decode.acc_seg: 85.1215, aux.loss_seg: 0.0375, aux.acc_seg: 83.1090, loss: 0.0819
2026-04-23 15:52:18,079 - mmseg - INFO - Iter [159150/160000]	lr: 4.233e-08, eta: 0:12:05, time: 0.306, data_time: 0.003, memory: 22330, decode.loss_seg: 0.0451, decode.acc_seg: 84.8911, aux.loss_seg: 0.0407, aux.acc_seg: 82.6016, loss: 0.0858
2026-04-23 15:52:52,014 - mmseg - INFO - Iter [159200/160000]	lr: 3.985e-08, eta: 0:11:22, time: 0.679, data_time: 0.332, memory: 22330, decode.loss_seg: 0.0440, decode.acc_seg: 83.1827, aux.loss_seg: 0.0375, aux.acc_seg: 81.1622, loss: 0.0815
2026-04-23 15:53:27,419 - mmseg - INFO - Iter [159250/160000]	lr: 3.736e-08, eta: 0:10:40, time: 0.708, data_time: 0.385, memory: 22330, decode.loss_seg: 0.0444, decode.acc_seg: 86.0670, aux.loss_seg: 0.0379, aux.acc_seg: 84.0484, loss: 0.0823
2026-04-23 15:53:42,759 - mmseg - INFO - Iter [159300/160000]	lr: 3.487e-08, eta: 0:09:57, time: 0.307, data_time: 0.004, memory: 22330, decode.loss_seg: 0.0461, decode.acc_seg: 85.5927, aux.loss_seg: 0.0391, aux.acc_seg: 83.5411, loss: 0.0851
2026-04-23 15:54:17,667 - mmseg - INFO - Iter [159350/160000]	lr: 3.238e-08, eta: 0:09:14, time: 0.698, data_time: 0.364, memory: 22330, decode.loss_seg: 0.0453, decode.acc_seg: 83.3386, aux.loss_seg: 0.0380, aux.acc_seg: 81.3072, loss: 0.0833
2026-04-23 15:54:51,958 - mmseg - INFO - Iter [159400/160000]	lr: 2.990e-08, eta: 0:08:31, time: 0.686, data_time: 0.370, memory: 22330, decode.loss_seg: 0.0437, decode.acc_seg: 84.7438, aux.loss_seg: 0.0368, aux.acc_seg: 82.8077, loss: 0.0805
2026-04-23 15:55:07,331 - mmseg - INFO - Iter [159450/160000]	lr: 2.741e-08, eta: 0:07:49, time: 0.307, data_time: 0.003, memory: 22330, decode.loss_seg: 0.0433, decode.acc_seg: 82.7092, aux.loss_seg: 0.0367, aux.acc_seg: 80.7581, loss: 0.0801
2026-04-23 15:55:40,966 - mmseg - INFO - Iter [159500/160000]	lr: 2.492e-08, eta: 0:07:06, time: 0.673, data_time: 0.323, memory: 22330, decode.loss_seg: 0.0444, decode.acc_seg: 83.5380, aux.loss_seg: 0.0375, aux.acc_seg: 81.5139, loss: 0.0819
2026-04-23 15:56:15,734 - mmseg - INFO - Iter [159550/160000]	lr: 2.243e-08, eta: 0:06:23, time: 0.695, data_time: 0.333, memory: 22330, decode.loss_seg: 0.0458, decode.acc_seg: 84.6664, aux.loss_seg: 0.0384, aux.acc_seg: 82.6153, loss: 0.0843
2026-04-23 15:56:31,158 - mmseg - INFO - Iter [159600/160000]	lr: 1.995e-08, eta: 0:05:41, time: 0.309, data_time: 0.004, memory: 22330, decode.loss_seg: 0.0441, decode.acc_seg: 83.3200, aux.loss_seg: 0.0377, aux.acc_seg: 81.2706, loss: 0.0818
2026-04-23 15:57:05,830 - mmseg - INFO - Iter [159650/160000]	lr: 1.746e-08, eta: 0:04:58, time: 0.693, data_time: 0.366, memory: 22330, decode.loss_seg: 0.0437, decode.acc_seg: 82.9665, aux.loss_seg: 0.0370, aux.acc_seg: 80.9846, loss: 0.0807
2026-04-23 15:57:40,046 - mmseg - INFO - Iter [159700/160000]	lr: 1.497e-08, eta: 0:04:15, time: 0.684, data_time: 0.359, memory: 22330, decode.loss_seg: 0.0441, decode.acc_seg: 84.7577, aux.loss_seg: 0.0373, aux.acc_seg: 82.7693, loss: 0.0814
2026-04-23 15:57:55,431 - mmseg - INFO - Iter [159750/160000]	lr: 1.249e-08, eta: 0:03:33, time: 0.308, data_time: 0.005, memory: 22330, decode.loss_seg: 0.0445, decode.acc_seg: 83.7575, aux.loss_seg: 0.0374, aux.acc_seg: 81.7426, loss: 0.0820
2026-04-23 15:58:30,691 - mmseg - INFO - Iter [159800/160000]	lr: 9.999e-09, eta: 0:02:50, time: 0.705, data_time: 0.398, memory: 22330, decode.loss_seg: 0.0439, decode.acc_seg: 85.2926, aux.loss_seg: 0.0371, aux.acc_seg: 83.3063, loss: 0.0810
2026-04-23 15:58:46,078 - mmseg - INFO - Iter [159850/160000]	lr: 7.511e-09, eta: 0:02:07, time: 0.308, data_time: 0.005, memory: 22330, decode.loss_seg: 0.0438, decode.acc_seg: 82.9759, aux.loss_seg: 0.0372, aux.acc_seg: 80.9836, loss: 0.0811
2026-04-23 15:59:20,741 - mmseg - INFO - Iter [159900/160000]	lr: 5.024e-09, eta: 0:01:25, time: 0.693, data_time: 0.356, memory: 22330, decode.loss_seg: 0.0441, decode.acc_seg: 84.1963, aux.loss_seg: 0.0365, aux.acc_seg: 82.2558, loss: 0.0806
2026-04-23 15:59:55,668 - mmseg - INFO - Iter [159950/160000]	lr: 2.537e-09, eta: 0:00:42, time: 0.698, data_time: 0.357, memory: 22330, decode.loss_seg: 0.0451, decode.acc_seg: 84.3256, aux.loss_seg: 0.0381, aux.acc_seg: 82.2885, loss: 0.0833
2026-04-23 16:00:11,039 - mmseg - INFO - Saving checkpoint at 160000 iterations
2026-04-23 16:00:25,055 - mmseg - INFO - per class results:
2026-04-23 16:00:25,056 - mmseg - INFO - 
+------------+-------+-------+
| Class      | IoU   | Acc   |
+------------+-------+-------+
| housing    | 94.87 | 97.45 |
| industrial | 93.36 | 96.61 |
| natural    | 87.2  | 89.92 |
| land_use   | 78.04 | 83.36 |
| water      | 93.34 | 97.62 |
| other      | 97.8  | 99.11 |
+------------+-------+-------+
2026-04-23 16:00:25,056 - mmseg - INFO - Summary:
2026-04-23 16:00:25,056 - mmseg - INFO - 
+--------+-------+-------+-------+
| Scope  | mIoU  | mAcc  | aAcc  |
+--------+-------+-------+-------+
| global | 90.77 | 94.01 | 95.98 |
+--------+-------+-------+-------+
2026-04-23 16:00:25,077 - mmseg - INFO - Exp name: pixel_upernet_itpn_base_12_512_slide_160k_air_polarsar2_amp_linux.py
2026-04-23 16:00:25,077 - mmseg - INFO - Iter [160000/160000]	lr: 4.974e-11, eta: 0:00:00, time: 14.344, data_time: 0.000, memory: 22330, mIoU: 0.9077, mAcc: 0.9401, aAcc: 0.9598
