2026-04-24 01:24:57,535 - mmseg - INFO - Environment info:
------------------------------------------------------------
sys.platform: linux
Python: 3.9.24 (main, Oct 21 2025, 20:11:42) [GCC 11.2.0]
CUDA available: True
GPU 0,1,2,3,4,5,6,7: NVIDIA GeForce RTX 4090
CUDA_HOME: /usr/local/cuda-11.8
NVCC: Build cuda_11.8.r11.8/compiler.31833905_0
GCC: gcc (Ubuntu 11.4.0-1ubuntu1~22.04.2) 11.4.0
PyTorch: 1.8.2+cu111
PyTorch compiling details: PyTorch built with:
  - GCC 7.3
  - C++ Version: 201402
  - Intel(R) Math Kernel Library Version 2020.0.0 Product Build 20191122 for Intel(R) 64 architecture applications
  - Intel(R) MKL-DNN v1.7.0 (Git Hash 7aed236906b1f7a05c0917e5257a1af05e9ff683)
  - OpenMP 201511 (a.k.a. OpenMP 4.5)
  - NNPACK is enabled
  - CPU capability usage: AVX2
  - CUDA Runtime 11.1
  - NVCC architecture flags: -gencode;arch=compute_37,code=sm_37;-gencode;arch=compute_50,code=sm_50;-gencode;arch=compute_60,code=sm_60;-gencode;arch=compute_70,code=sm_70;-gencode;arch=compute_75,code=sm_75;-gencode;arch=compute_80,code=sm_80;-gencode;arch=compute_86,code=sm_86
  - CuDNN 8.0.5
  - Magma 2.5.2
  - Build settings: BLAS_INFO=mkl, BUILD_TYPE=Release, CUDA_VERSION=11.1, CUDNN_VERSION=8.0.5, CXX_COMPILER=/opt/rh/devtoolset-7/root/usr/bin/c++, CXX_FLAGS= -Wno-deprecated -fvisibility-inlines-hidden -DUSE_PTHREADPOOL -fopenmp -DNDEBUG -DUSE_KINETO -DUSE_FBGEMM -DUSE_QNNPACK -DUSE_PYTORCH_QNNPACK -DUSE_XNNPACK -O2 -fPIC -Wno-narrowing -Wall -Wextra -Werror=return-type -Wno-missing-field-initializers -Wno-type-limits -Wno-array-bounds -Wno-unknown-pragmas -Wno-sign-compare -Wno-unused-parameter -Wno-unused-variable -Wno-unused-function -Wno-unused-result -Wno-unused-local-typedefs -Wno-strict-overflow -Wno-strict-aliasing -Wno-error=deprecated-declarations -Wno-stringop-overflow -Wno-psabi -Wno-error=pedantic -Wno-error=redundant-decls -Wno-error=old-style-cast -fdiagnostics-color=always -faligned-new -Wno-unused-but-set-variable -Wno-maybe-uninitialized -fno-math-errno -fno-trapping-math -Werror=format -Wno-stringop-overflow, LAPACK_INFO=mkl, PERF_WITH_AVX=1, PERF_WITH_AVX2=1, PERF_WITH_AVX512=1, TORCH_VERSION=1.8.2, USE_CUDA=ON, USE_CUDNN=ON, USE_EXCEPTION_PTR=1, USE_GFLAGS=OFF, USE_GLOG=OFF, USE_MKL=ON, USE_MKLDNN=ON, USE_MPI=OFF, USE_NCCL=ON, USE_NNPACK=ON, USE_OPENMP=ON, 

TorchVision: 0.9.2+cu111
OpenCV: 4.10.0
MMCV: 1.3.18
MMCV Compiler: GCC 7.3
MMCV CUDA Compiler: 11.1
MMSegmentation: 0.11.0+
------------------------------------------------------------

2026-04-24 01:24:57,535 - mmseg - INFO - Distributed training: True
2026-04-24 01:24:57,535 - mmseg - INFO - Config:
/mnt/data7t/lwj/mmseg_lwj/configs/_base_/models/upernet_beit.py
# --------------------------------------------------------
# BEIT: BERT Pre-Training of Image Transformers (https://arxiv.org/abs/2106.08254)
# Github source: https://github.com/microsoft/unilm/tree/master/beit
# Copyright (c) 2021 Microsoft
# Licensed under The MIT License [see LICENSE for details]
# By Hangbo Bao
# Based on timm, mmseg, setr, xcit and swin code bases
# https://github.com/rwightman/pytorch-image-models/tree/master/timm
# https://github.com/fudan-zvg/SETR
# https://github.com/facebookresearch/xcit/
# https://github.com/microsoft/Swin-Transformer
# --------------------------------------------------------'
norm_cfg = dict(type='SyncBN', requires_grad=True)
model = dict(
    type='EncoderDecoder',
    pretrained=None,
    backbone=dict(
        type='XCiT',
        patch_size=16,
        embed_dim=384,
        depth=12,
        num_heads=8,
        mlp_ratio=4,
        qkv_bias=True,
        use_abs_pos_emb=True,
        use_rel_pos_bias=False,
    ),
    decode_head=dict(
        type='UPerHead',
        in_channels=[384, 384, 384, 384],
        in_index=[0, 1, 2, 3],
        pool_scales=(1, 2, 3, 6),
        channels=512,
        dropout_ratio=0.1,
        num_classes=19,
        norm_cfg=norm_cfg,
        align_corners=False,
        loss_decode=dict(
            type='CrossEntropyLoss', use_sigmoid=False, loss_weight=1.0)),
    auxiliary_head=dict(
        type='FCNHead',
        in_channels=384,
        in_index=2,
        channels=256,
        num_convs=1,
        concat_input=False,
        dropout_ratio=0.1,
        num_classes=19,
        norm_cfg=norm_cfg,
        align_corners=False,
        loss_decode=dict(
            type='CrossEntropyLoss', use_sigmoid=False, loss_weight=0.4)),
    # model training and testing settings
    train_cfg=dict(),
    test_cfg=dict(mode='whole'))

/mnt/data7t/lwj/mmseg_lwj/configs/_base_/default_runtime.py
# yapf:disable
log_config = dict(
    interval=50,
    hooks=[
        dict(type='TextLoggerHook', by_epoch=False),
        # dict(type='TensorboardLoggerHook')
    ])
# yapf:enable
dist_params = dict(backend='nccl')
log_level = 'INFO'
load_from = None
resume_from = None
workflow = [('train', 1)]
cudnn_benchmark = True

/mnt/data7t/lwj/mmseg_lwj/configs/_base_/schedules/schedule_160k.py
# optimizer
optimizer = dict(type='SGD', lr=0.01, momentum=0.9, weight_decay=0.0005)
optimizer_config = dict()
# learning policy
lr_config = dict(policy='poly', power=0.9, min_lr=1e-4, by_epoch=False)
# runtime settings
runner = dict(type='IterBasedRunner', max_iters=160000)
checkpoint_config = dict(by_epoch=False, interval=16000)
evaluation = dict(interval=16000, metric='mIoU')

/mnt/data7t/lwj/mmseg_lwj/configs/itpn/pixel_upernet_itpn_large_12_512_slide_160k_air_polarsar2_amp_linux.py
_base_ = [
    '../_base_/models/upernet_beit.py', '../_base_/default_runtime.py',
    '../_base_/schedules/schedule_160k.py'
]

log_config = dict(
    interval=50, hooks=[dict(type='SafeTextLoggerHook', by_epoch=False)])

crop_size = (512, 512)

model = dict(
    pretrained='/mnt/data7t/lwj/mmseg_lwj/ckpt/large/checkpoint-1200.pth',
    backbone=dict(
        type='iTPN',
        img_size=512,
        patch_size=16,
        embed_dim=768,
        mlp_depth1=2,
        mlp_depth2=2,
        depth=40,
        num_heads=12,
        mlp_ratio=4,
        fpn_dim=256,
        fpn_depth=2,
        qkv_bias=True,
        ape=True,
        rpe=False,
        use_checkpoint=True,
        drop_path_rate=0.2,
        num_outs=4),
    decode_head=dict(
        in_channels=[448, 640, 1024, 1024],
        num_classes=6,
        channels=768,
        norm_cfg=dict(type='BN', requires_grad=True)),
    auxiliary_head=dict(
        in_channels=1024,
        num_classes=6,
        norm_cfg=dict(type='BN', requires_grad=True)),
    test_cfg=dict(mode='slide', crop_size=crop_size, stride=(341, 341)))

img_norm_cfg = dict(
    mean=[53.7795, 53.7795, 53.7795],
    std=[55.539, 55.539, 55.539],
    to_rgb=True)

dataset_type = 'CustomDataset'
data_root = '/mnt/data7t/lwj/mmseg_lwj/data/AIR-PolarSAR-Seg-2.0'
train_root = f'{data_root}/train'
val_root = f'{data_root}/val'

classes = (
    'housing', 'industrial', 'natural', 'land_use', 'water', 'other')
palette = [
    [255, 255, 0],
    [0, 0, 255],
    [0, 255, 0],
    [255, 0, 0],
    [0, 255, 255],
    [255, 255, 255],
]

train_pipeline = [
    dict(type='LoadPolSARAmplitudeRGB'),
    dict(type='LoadAnnotations', reduce_zero_label=False),
    dict(type='Resize', img_scale=(512, 512), ratio_range=(0.5, 2.0)),
    dict(type='RandomCrop', crop_size=crop_size, cat_max_ratio=0.95),
    dict(type='RandomFlip', prob=0.5),
    dict(type='Normalize', **img_norm_cfg),
    dict(type='Pad', size=crop_size, pad_val=0, seg_pad_val=255),
    dict(type='DefaultFormatBundle'),
    dict(type='Collect', keys=['img', 'gt_semantic_seg']),
]

test_pipeline = [
    dict(type='LoadPolSARAmplitudeRGB'),
    dict(
        type='MultiScaleFlipAug',
        img_scale=(512, 512),
        flip=False,
        transforms=[
            dict(type='Resize', keep_ratio=True),
            dict(type='RandomFlip'),
            dict(type='Normalize', **img_norm_cfg),
            dict(type='ImageToTensor', keys=['img']),
            dict(type='Collect', keys=['img']),
        ])
]

data = dict(
    samples_per_gpu=2,
    workers_per_gpu=4,
    train=dict(
        type=dataset_type,
        data_root=train_root,
        img_dir='hh',
        ann_dir='gt',
        img_suffix='_hh_amp.tiff',
        seg_map_suffix='.tiff',
        classes=classes,
        palette=palette,
        pipeline=train_pipeline),
    val=dict(
        type=dataset_type,
        data_root=val_root,
        img_dir='hh',
        ann_dir='gt',
        img_suffix='_hh_amp.tiff',
        seg_map_suffix='.tiff',
        classes=classes,
        palette=palette,
        pipeline=test_pipeline),
    test=dict(
        type=dataset_type,
        data_root=val_root,
        img_dir='hh',
        ann_dir='gt',
        img_suffix='_hh_amp.tiff',
        seg_map_suffix='.tiff',
        classes=classes,
        palette=palette,
        pipeline=test_pipeline))

optimizer = dict(
    _delete_=True,
    type='AdamW',
    lr=3e-5,
    betas=(0.9, 0.999),
    weight_decay=0.05,
    constructor='iTPNLayerDecayOptimizerConstructor',
    paramwise_cfg=dict(num_layers=44, layer_decay_rate=0.95))

lr_config = dict(
    _delete_=True,
    policy='poly',
    warmup='linear',
    warmup_iters=1500,
    warmup_ratio=1e-6,
    power=1.0,
    min_lr=0.0,
    by_epoch=False)

runner = dict(type='IterBasedRunnerAmp')
fp16 = None
optimizer_config = dict(
    type='DistOptimizerHook',
    update_interval=1,
    grad_clip=None,
    coalesce=True,
    bucket_size_mb=-1,
    use_fp16=True)

evaluation = dict(interval=2000, metric='mIoU')

2026-04-24 01:25:10,891 - mmseg - WARNING - The model and loaded state dict do not match exactly

unexpected key in source state_dict: mask_token, decoder_pos_embed, hogs.simple_weights, hogs.SAR_Lay.weight_LBP1, hogs.SAR_Lay.weight_LBP2, hogs.SAR_Layer0.weight_x1, hogs.SAR_Layer0.weight_x2, hogs.SAR_Layer0.weight_y1, hogs.SAR_Layer0.weight_y2, hogs.SAR_Layer1.weight_x1, hogs.SAR_Layer1.weight_x2, hogs.SAR_Layer1.weight_y1, hogs.SAR_Layer1.weight_y2, hogs.SAR_Layer2.weight_x1, hogs.SAR_Layer2.weight_x2, hogs.SAR_Layer2.weight_y1, hogs.SAR_Layer2.weight_y2, hogs.SAR_Layer3.weight_x1, hogs.SAR_Layer3.weight_x2, hogs.SAR_Layer3.weight_y1, hogs.SAR_Layer3.weight_y2, hogs.SAR_Layer4.weight_x1, hogs.SAR_Layer4.weight_x2, hogs.SAR_Layer4.weight_y1, hogs.SAR_Layer4.weight_y2, decoder_embed.0.0.weight, decoder_embed.0.0.bias, decoder_embed.0.1.weight, decoder_embed.0.1.bias, decoder_embed.1.0.weight, decoder_embed.1.0.bias, decoder_embed.1.1.weight, decoder_embed.1.1.bias, decoder_embed.2.0.weight, decoder_embed.2.0.bias, decoder_embed.2.1.weight, decoder_embed.2.1.bias, decoder_blocks.0.norm1.weight, decoder_blocks.0.norm1.bias, decoder_blocks.0.attn.qkv.weight, decoder_blocks.0.attn.qkv.bias, decoder_blocks.0.attn.proj.weight, decoder_blocks.0.attn.proj.bias, decoder_blocks.0.norm2.weight, decoder_blocks.0.norm2.bias, decoder_blocks.0.mlp.fc1.weight, decoder_blocks.0.mlp.fc1.bias, decoder_blocks.0.mlp.fc2.weight, decoder_blocks.0.mlp.fc2.bias, decoder_blocks.1.norm1.weight, decoder_blocks.1.norm1.bias, decoder_blocks.1.attn.qkv.weight, decoder_blocks.1.attn.qkv.bias, decoder_blocks.1.attn.proj.weight, decoder_blocks.1.attn.proj.bias, decoder_blocks.1.norm2.weight, decoder_blocks.1.norm2.bias, decoder_blocks.1.mlp.fc1.weight, decoder_blocks.1.mlp.fc1.bias, decoder_blocks.1.mlp.fc2.weight, decoder_blocks.1.mlp.fc2.bias, decoder_blocks.2.norm1.weight, decoder_blocks.2.norm1.bias, decoder_blocks.2.attn.qkv.weight, decoder_blocks.2.attn.qkv.bias, decoder_blocks.2.attn.proj.weight, decoder_blocks.2.attn.proj.bias, decoder_blocks.2.norm2.weight, decoder_blocks.2.norm2.bias, decoder_blocks.2.mlp.fc1.weight, decoder_blocks.2.mlp.fc1.bias, decoder_blocks.2.mlp.fc2.weight, decoder_blocks.2.mlp.fc2.bias, decoder_blocks.3.norm1.weight, decoder_blocks.3.norm1.bias, decoder_blocks.3.attn.qkv.weight, decoder_blocks.3.attn.qkv.bias, decoder_blocks.3.attn.proj.weight, decoder_blocks.3.attn.proj.bias, decoder_blocks.3.norm2.weight, decoder_blocks.3.norm2.bias, decoder_blocks.3.mlp.fc1.weight, decoder_blocks.3.mlp.fc1.bias, decoder_blocks.3.mlp.fc2.weight, decoder_blocks.3.mlp.fc2.bias, decoder_blocks.4.norm1.weight, decoder_blocks.4.norm1.bias, decoder_blocks.4.attn.qkv.weight, decoder_blocks.4.attn.qkv.bias, decoder_blocks.4.attn.proj.weight, decoder_blocks.4.attn.proj.bias, decoder_blocks.4.norm2.weight, decoder_blocks.4.norm2.bias, decoder_blocks.4.mlp.fc1.weight, decoder_blocks.4.mlp.fc1.bias, decoder_blocks.4.mlp.fc2.weight, decoder_blocks.4.mlp.fc2.bias, decoder_blocks.5.norm1.weight, decoder_blocks.5.norm1.bias, decoder_blocks.5.attn.qkv.weight, decoder_blocks.5.attn.qkv.bias, decoder_blocks.5.attn.proj.weight, decoder_blocks.5.attn.proj.bias, decoder_blocks.5.norm2.weight, decoder_blocks.5.norm2.bias, decoder_blocks.5.mlp.fc1.weight, decoder_blocks.5.mlp.fc1.bias, decoder_blocks.5.mlp.fc2.weight, decoder_blocks.5.mlp.fc2.bias, decoder_blocks.6.norm1.weight, decoder_blocks.6.norm1.bias, decoder_blocks.6.attn.qkv.weight, decoder_blocks.6.attn.qkv.bias, decoder_blocks.6.attn.proj.weight, decoder_blocks.6.attn.proj.bias, decoder_blocks.6.norm2.weight, decoder_blocks.6.norm2.bias, decoder_blocks.6.mlp.fc1.weight, decoder_blocks.6.mlp.fc1.bias, decoder_blocks.6.mlp.fc2.weight, decoder_blocks.6.mlp.fc2.bias, decoder_blocks.7.norm1.weight, decoder_blocks.7.norm1.bias, decoder_blocks.7.attn.qkv.weight, decoder_blocks.7.attn.qkv.bias, decoder_blocks.7.attn.proj.weight, decoder_blocks.7.attn.proj.bias, decoder_blocks.7.norm2.weight, decoder_blocks.7.norm2.bias, decoder_blocks.7.mlp.fc1.weight, decoder_blocks.7.mlp.fc1.bias, decoder_blocks.7.mlp.fc2.weight, decoder_blocks.7.mlp.fc2.bias, decoder_norm.weight, decoder_norm.bias, decoder_pred.weight, decoder_pred.bias

2026-04-24 01:25:11,089 - mmseg - INFO - EncoderDecoder(
  (backbone): iTPN(
    (patch_embed): PatchEmbed(
      (proj): Conv2d(3, 192, kernel_size=[4, 4], stride=[4, 4])
      (norm): LayerNorm((192,), eps=1e-05, elementwise_affine=True)
    )
    (pos_drop): Dropout(p=0.0, inplace=False)
    (blocks): ModuleList(
      (0): BlockWithRPE(
        (drop_path): Identity()
        (norm2): LayerNorm((192,), eps=1e-05, elementwise_affine=True)
        (mlp): Mlp(
          (fc1): Linear(in_features=192, out_features=576, bias=True)
          (act): GELU()
          (fc2): Linear(in_features=576, out_features=192, bias=True)
          (drop): Dropout(p=0.0, inplace=False)
        )
      )
      (1): BlockWithRPE(
        (drop_path): DropPath()
        (norm2): LayerNorm((192,), eps=1e-05, elementwise_affine=True)
        (mlp): Mlp(
          (fc1): Linear(in_features=192, out_features=576, bias=True)
          (act): GELU()
          (fc2): Linear(in_features=576, out_features=192, bias=True)
          (drop): Dropout(p=0.0, inplace=False)
        )
      )
      (2): PatchMerge(
        (norm): LayerNorm((768,), eps=1e-05, elementwise_affine=True)
        (reduction): Linear(in_features=768, out_features=384, bias=False)
      )
      (3): BlockWithRPE(
        (drop_path): DropPath()
        (norm2): LayerNorm((384,), eps=1e-05, elementwise_affine=True)
        (mlp): Mlp(
          (fc1): Linear(in_features=384, out_features=1152, bias=True)
          (act): GELU()
          (fc2): Linear(in_features=1152, out_features=384, bias=True)
          (drop): Dropout(p=0.0, inplace=False)
        )
      )
      (4): BlockWithRPE(
        (drop_path): DropPath()
        (norm2): LayerNorm((384,), eps=1e-05, elementwise_affine=True)
        (mlp): Mlp(
          (fc1): Linear(in_features=384, out_features=1152, bias=True)
          (act): GELU()
          (fc2): Linear(in_features=1152, out_features=384, bias=True)
          (drop): Dropout(p=0.0, inplace=False)
        )
      )
      (5): PatchMerge(
        (norm): LayerNorm((1536,), eps=1e-05, elementwise_affine=True)
        (reduction): Linear(in_features=1536, out_features=768, bias=False)
      )
      (6): BlockWithRPE(
        (norm1): LayerNorm((768,), eps=1e-05, elementwise_affine=True)
        (attn): Attention(
          (qkv): Linear(in_features=768, out_features=2304, bias=True)
          (attn_drop): Dropout(p=0.0, inplace=False)
          (proj): Linear(in_features=768, out_features=768, bias=True)
          (proj_drop): Dropout(p=0.0, inplace=False)
          (softmax): Softmax(dim=-1)
        )
        (drop_path): DropPath()
        (norm2): LayerNorm((768,), eps=1e-05, elementwise_affine=True)
        (mlp): Mlp(
          (fc1): Linear(in_features=768, out_features=3072, bias=True)
          (act): GELU()
          (fc2): Linear(in_features=3072, out_features=768, bias=True)
          (drop): Dropout(p=0.0, inplace=False)
        )
      )
      (7): BlockWithRPE(
        (norm1): LayerNorm((768,), eps=1e-05, elementwise_affine=True)
        (attn): Attention(
          (qkv): Linear(in_features=768, out_features=2304, bias=True)
          (attn_drop): Dropout(p=0.0, inplace=False)
          (proj): Linear(in_features=768, out_features=768, bias=True)
          (proj_drop): Dropout(p=0.0, inplace=False)
          (softmax): Softmax(dim=-1)
        )
        (drop_path): DropPath()
        (norm2): LayerNorm((768,), eps=1e-05, elementwise_affine=True)
        (mlp): Mlp(
          (fc1): Linear(in_features=768, out_features=3072, bias=True)
          (act): GELU()
          (fc2): Linear(in_features=3072, out_features=768, bias=True)
          (drop): Dropout(p=0.0, inplace=False)
        )
      )
      (8): BlockWithRPE(
        (norm1): LayerNorm((768,), eps=1e-05, elementwise_affine=True)
        (attn): Attention(
          (qkv): Linear(in_features=768, out_features=2304, bias=True)
          (attn_drop): Dropout(p=0.0, inplace=False)
          (proj): Linear(in_features=768, out_features=768, bias=True)
          (proj_drop): Dropout(p=0.0, inplace=False)
          (softmax): Softmax(dim=-1)
        )
        (drop_path): DropPath()
        (norm2): LayerNorm((768,), eps=1e-05, elementwise_affine=True)
        (mlp): Mlp(
          (fc1): Linear(in_features=768, out_features=3072, bias=True)
          (act): GELU()
          (fc2): Linear(in_features=3072, out_features=768, bias=True)
          (drop): Dropout(p=0.0, inplace=False)
        )
      )
      (9): BlockWithRPE(
        (norm1): LayerNorm((768,), eps=1e-05, elementwise_affine=True)
        (attn): Attention(
          (qkv): Linear(in_features=768, out_features=2304, bias=True)
          (attn_drop): Dropout(p=0.0, inplace=False)
          (proj): Linear(in_features=768, out_features=768, bias=True)
          (proj_drop): Dropout(p=0.0, inplace=False)
          (softmax): Softmax(dim=-1)
        )
        (drop_path): DropPath()
        (norm2): LayerNorm((768,), eps=1e-05, elementwise_affine=True)
        (mlp): Mlp(
          (fc1): Linear(in_features=768, out_features=3072, bias=True)
          (act): GELU()
          (fc2): Linear(in_features=3072, out_features=768, bias=True)
          (drop): Dropout(p=0.0, inplace=False)
        )
      )
      (10): BlockWithRPE(
        (norm1): LayerNorm((768,), eps=1e-05, elementwise_affine=True)
        (attn): Attention(
          (qkv): Linear(in_features=768, out_features=2304, bias=True)
          (attn_drop): Dropout(p=0.0, inplace=False)
          (proj): Linear(in_features=768, out_features=768, bias=True)
          (proj_drop): Dropout(p=0.0, inplace=False)
          (softmax): Softmax(dim=-1)
        )
        (drop_path): DropPath()
        (norm2): LayerNorm((768,), eps=1e-05, elementwise_affine=True)
        (mlp): Mlp(
          (fc1): Linear(in_features=768, out_features=3072, bias=True)
          (act): GELU()
          (fc2): Linear(in_features=3072, out_features=768, bias=True)
          (drop): Dropout(p=0.0, inplace=False)
        )
      )
      (11): BlockWithRPE(
        (norm1): LayerNorm((768,), eps=1e-05, elementwise_affine=True)
        (attn): Attention(
          (qkv): Linear(in_features=768, out_features=2304, bias=True)
          (attn_drop): Dropout(p=0.0, inplace=False)
          (proj): Linear(in_features=768, out_features=768, bias=True)
          (proj_drop): Dropout(p=0.0, inplace=False)
          (softmax): Softmax(dim=-1)
        )
        (drop_path): DropPath()
        (norm2): LayerNorm((768,), eps=1e-05, elementwise_affine=True)
        (mlp): Mlp(
          (fc1): Linear(in_features=768, out_features=3072, bias=True)
          (act): GELU()
          (fc2): Linear(in_features=3072, out_features=768, bias=True)
          (drop): Dropout(p=0.0, inplace=False)
        )
      )
      (12): BlockWithRPE(
        (norm1): LayerNorm((768,), eps=1e-05, elementwise_affine=True)
        (attn): Attention(
          (qkv): Linear(in_features=768, out_features=2304, bias=True)
          (attn_drop): Dropout(p=0.0, inplace=False)
          (proj): Linear(in_features=768, out_features=768, bias=True)
          (proj_drop): Dropout(p=0.0, inplace=False)
          (softmax): Softmax(dim=-1)
        )
        (drop_path): DropPath()
        (norm2): LayerNorm((768,), eps=1e-05, elementwise_affine=True)
        (mlp): Mlp(
          (fc1): Linear(in_features=768, out_features=3072, bias=True)
          (act): GELU()
          (fc2): Linear(in_features=3072, out_features=768, bias=True)
          (drop): Dropout(p=0.0, inplace=False)
        )
      )
      (13): BlockWithRPE(
        (norm1): LayerNorm((768,), eps=1e-05, elementwise_affine=True)
        (attn): Attention(
          (qkv): Linear(in_features=768, out_features=2304, bias=True)
          (attn_drop): Dropout(p=0.0, inplace=False)
          (proj): Linear(in_features=768, out_features=768, bias=True)
          (proj_drop): Dropout(p=0.0, inplace=False)
          (softmax): Softmax(dim=-1)
        )
        (drop_path): DropPath()
        (norm2): LayerNorm((768,), eps=1e-05, elementwise_affine=True)
        (mlp): Mlp(
          (fc1): Linear(in_features=768, out_features=3072, bias=True)
          (act): GELU()
          (fc2): Linear(in_features=3072, out_features=768, bias=True)
          (drop): Dropout(p=0.0, inplace=False)
        )
      )
      (14): BlockWithRPE(
        (norm1): LayerNorm((768,), eps=1e-05, elementwise_affine=True)
        (attn): Attention(
          (qkv): Linear(in_features=768, out_features=2304, bias=True)
          (attn_drop): Dropout(p=0.0, inplace=False)
          (proj): Linear(in_features=768, out_features=768, bias=True)
          (proj_drop): Dropout(p=0.0, inplace=False)
          (softmax): Softmax(dim=-1)
        )
        (drop_path): DropPath()
        (norm2): LayerNorm((768,), eps=1e-05, elementwise_affine=True)
        (mlp): Mlp(
          (fc1): Linear(in_features=768, out_features=3072, bias=True)
          (act): GELU()
          (fc2): Linear(in_features=3072, out_features=768, bias=True)
          (drop): Dropout(p=0.0, inplace=False)
        )
      )
      (15): BlockWithRPE(
        (norm1): LayerNorm((768,), eps=1e-05, elementwise_affine=True)
        (attn): Attention(
          (qkv): Linear(in_features=768, out_features=2304, bias=True)
          (attn_drop): Dropout(p=0.0, inplace=False)
          (proj): Linear(in_features=768, out_features=768, bias=True)
          (proj_drop): Dropout(p=0.0, inplace=False)
          (softmax): Softmax(dim=-1)
        )
        (drop_path): DropPath()
        (norm2): LayerNorm((768,), eps=1e-05, elementwise_affine=True)
        (mlp): Mlp(
          (fc1): Linear(in_features=768, out_features=3072, bias=True)
          (act): GELU()
          (fc2): Linear(in_features=3072, out_features=768, bias=True)
          (drop): Dropout(p=0.0, inplace=False)
        )
      )
      (16): BlockWithRPE(
        (norm1): LayerNorm((768,), eps=1e-05, elementwise_affine=True)
        (attn): Attention(
          (qkv): Linear(in_features=768, out_features=2304, bias=True)
          (attn_drop): Dropout(p=0.0, inplace=False)
          (proj): Linear(in_features=768, out_features=768, bias=True)
          (proj_drop): Dropout(p=0.0, inplace=False)
          (softmax): Softmax(dim=-1)
        )
        (drop_path): DropPath()
        (norm2): LayerNorm((768,), eps=1e-05, elementwise_affine=True)
        (mlp): Mlp(
          (fc1): Linear(in_features=768, out_features=3072, bias=True)
          (act): GELU()
          (fc2): Linear(in_features=3072, out_features=768, bias=True)
          (drop): Dropout(p=0.0, inplace=False)
        )
      )
      (17): BlockWithRPE(
        (norm1): LayerNorm((768,), eps=1e-05, elementwise_affine=True)
        (attn): Attention(
          (qkv): Linear(in_features=768, out_features=2304, bias=True)
          (attn_drop): Dropout(p=0.0, inplace=False)
          (proj): Linear(in_features=768, out_features=768, bias=True)
          (proj_drop): Dropout(p=0.0, inplace=False)
          (softmax): Softmax(dim=-1)
        )
        (drop_path): DropPath()
        (norm2): LayerNorm((768,), eps=1e-05, elementwise_affine=True)
        (mlp): Mlp(
          (fc1): Linear(in_features=768, out_features=3072, bias=True)
          (act): GELU()
          (fc2): Linear(in_features=3072, out_features=768, bias=True)
          (drop): Dropout(p=0.0, inplace=False)
        )
      )
      (18): BlockWithRPE(
        (norm1): LayerNorm((768,), eps=1e-05, elementwise_affine=True)
        (attn): Attention(
          (qkv): Linear(in_features=768, out_features=2304, bias=True)
          (attn_drop): Dropout(p=0.0, inplace=False)
          (proj): Linear(in_features=768, out_features=768, bias=True)
          (proj_drop): Dropout(p=0.0, inplace=False)
          (softmax): Softmax(dim=-1)
        )
        (drop_path): DropPath()
        (norm2): LayerNorm((768,), eps=1e-05, elementwise_affine=True)
        (mlp): Mlp(
          (fc1): Linear(in_features=768, out_features=3072, bias=True)
          (act): GELU()
          (fc2): Linear(in_features=3072, out_features=768, bias=True)
          (drop): Dropout(p=0.0, inplace=False)
        )
      )
      (19): BlockWithRPE(
        (norm1): LayerNorm((768,), eps=1e-05, elementwise_affine=True)
        (attn): Attention(
          (qkv): Linear(in_features=768, out_features=2304, bias=True)
          (attn_drop): Dropout(p=0.0, inplace=False)
          (proj): Linear(in_features=768, out_features=768, bias=True)
          (proj_drop): Dropout(p=0.0, inplace=False)
          (softmax): Softmax(dim=-1)
        )
        (drop_path): DropPath()
        (norm2): LayerNorm((768,), eps=1e-05, elementwise_affine=True)
        (mlp): Mlp(
          (fc1): Linear(in_features=768, out_features=3072, bias=True)
          (act): GELU()
          (fc2): Linear(in_features=3072, out_features=768, bias=True)
          (drop): Dropout(p=0.0, inplace=False)
        )
      )
      (20): BlockWithRPE(
        (norm1): LayerNorm((768,), eps=1e-05, elementwise_affine=True)
        (attn): Attention(
          (qkv): Linear(in_features=768, out_features=2304, bias=True)
          (attn_drop): Dropout(p=0.0, inplace=False)
          (proj): Linear(in_features=768, out_features=768, bias=True)
          (proj_drop): Dropout(p=0.0, inplace=False)
          (softmax): Softmax(dim=-1)
        )
        (drop_path): DropPath()
        (norm2): LayerNorm((768,), eps=1e-05, elementwise_affine=True)
        (mlp): Mlp(
          (fc1): Linear(in_features=768, out_features=3072, bias=True)
          (act): GELU()
          (fc2): Linear(in_features=3072, out_features=768, bias=True)
          (drop): Dropout(p=0.0, inplace=False)
        )
      )
      (21): BlockWithRPE(
        (norm1): LayerNorm((768,), eps=1e-05, elementwise_affine=True)
        (attn): Attention(
          (qkv): Linear(in_features=768, out_features=2304, bias=True)
          (attn_drop): Dropout(p=0.0, inplace=False)
          (proj): Linear(in_features=768, out_features=768, bias=True)
          (proj_drop): Dropout(p=0.0, inplace=False)
          (softmax): Softmax(dim=-1)
        )
        (drop_path): DropPath()
        (norm2): LayerNorm((768,), eps=1e-05, elementwise_affine=True)
        (mlp): Mlp(
          (fc1): Linear(in_features=768, out_features=3072, bias=True)
          (act): GELU()
          (fc2): Linear(in_features=3072, out_features=768, bias=True)
          (drop): Dropout(p=0.0, inplace=False)
        )
      )
      (22): BlockWithRPE(
        (norm1): LayerNorm((768,), eps=1e-05, elementwise_affine=True)
        (attn): Attention(
          (qkv): Linear(in_features=768, out_features=2304, bias=True)
          (attn_drop): Dropout(p=0.0, inplace=False)
          (proj): Linear(in_features=768, out_features=768, bias=True)
          (proj_drop): Dropout(p=0.0, inplace=False)
          (softmax): Softmax(dim=-1)
        )
        (drop_path): DropPath()
        (norm2): LayerNorm((768,), eps=1e-05, elementwise_affine=True)
        (mlp): Mlp(
          (fc1): Linear(in_features=768, out_features=3072, bias=True)
          (act): GELU()
          (fc2): Linear(in_features=3072, out_features=768, bias=True)
          (drop): Dropout(p=0.0, inplace=False)
        )
      )
      (23): BlockWithRPE(
        (norm1): LayerNorm((768,), eps=1e-05, elementwise_affine=True)
        (attn): Attention(
          (qkv): Linear(in_features=768, out_features=2304, bias=True)
          (attn_drop): Dropout(p=0.0, inplace=False)
          (proj): Linear(in_features=768, out_features=768, bias=True)
          (proj_drop): Dropout(p=0.0, inplace=False)
          (softmax): Softmax(dim=-1)
        )
        (drop_path): DropPath()
        (norm2): LayerNorm((768,), eps=1e-05, elementwise_affine=True)
        (mlp): Mlp(
          (fc1): Linear(in_features=768, out_features=3072, bias=True)
          (act): GELU()
          (fc2): Linear(in_features=3072, out_features=768, bias=True)
          (drop): Dropout(p=0.0, inplace=False)
        )
      )
      (24): BlockWithRPE(
        (norm1): LayerNorm((768,), eps=1e-05, elementwise_affine=True)
        (attn): Attention(
          (qkv): Linear(in_features=768, out_features=2304, bias=True)
          (attn_drop): Dropout(p=0.0, inplace=False)
          (proj): Linear(in_features=768, out_features=768, bias=True)
          (proj_drop): Dropout(p=0.0, inplace=False)
          (softmax): Softmax(dim=-1)
        )
        (drop_path): DropPath()
        (norm2): LayerNorm((768,), eps=1e-05, elementwise_affine=True)
        (mlp): Mlp(
          (fc1): Linear(in_features=768, out_features=3072, bias=True)
          (act): GELU()
          (fc2): Linear(in_features=3072, out_features=768, bias=True)
          (drop): Dropout(p=0.0, inplace=False)
        )
      )
      (25): BlockWithRPE(
        (norm1): LayerNorm((768,), eps=1e-05, elementwise_affine=True)
        (attn): Attention(
          (qkv): Linear(in_features=768, out_features=2304, bias=True)
          (attn_drop): Dropout(p=0.0, inplace=False)
          (proj): Linear(in_features=768, out_features=768, bias=True)
          (proj_drop): Dropout(p=0.0, inplace=False)
          (softmax): Softmax(dim=-1)
        )
        (drop_path): DropPath()
        (norm2): LayerNorm((768,), eps=1e-05, elementwise_affine=True)
        (mlp): Mlp(
          (fc1): Linear(in_features=768, out_features=3072, bias=True)
          (act): GELU()
          (fc2): Linear(in_features=3072, out_features=768, bias=True)
          (drop): Dropout(p=0.0, inplace=False)
        )
      )
      (26): BlockWithRPE(
        (norm1): LayerNorm((768,), eps=1e-05, elementwise_affine=True)
        (attn): Attention(
          (qkv): Linear(in_features=768, out_features=2304, bias=True)
          (attn_drop): Dropout(p=0.0, inplace=False)
          (proj): Linear(in_features=768, out_features=768, bias=True)
          (proj_drop): Dropout(p=0.0, inplace=False)
          (softmax): Softmax(dim=-1)
        )
        (drop_path): DropPath()
        (norm2): LayerNorm((768,), eps=1e-05, elementwise_affine=True)
        (mlp): Mlp(
          (fc1): Linear(in_features=768, out_features=3072, bias=True)
          (act): GELU()
          (fc2): Linear(in_features=3072, out_features=768, bias=True)
          (drop): Dropout(p=0.0, inplace=False)
        )
      )
      (27): BlockWithRPE(
        (norm1): LayerNorm((768,), eps=1e-05, elementwise_affine=True)
        (attn): Attention(
          (qkv): Linear(in_features=768, out_features=2304, bias=True)
          (attn_drop): Dropout(p=0.0, inplace=False)
          (proj): Linear(in_features=768, out_features=768, bias=True)
          (proj_drop): Dropout(p=0.0, inplace=False)
          (softmax): Softmax(dim=-1)
        )
        (drop_path): DropPath()
        (norm2): LayerNorm((768,), eps=1e-05, elementwise_affine=True)
        (mlp): Mlp(
          (fc1): Linear(in_features=768, out_features=3072, bias=True)
          (act): GELU()
          (fc2): Linear(in_features=3072, out_features=768, bias=True)
          (drop): Dropout(p=0.0, inplace=False)
        )
      )
      (28): BlockWithRPE(
        (norm1): LayerNorm((768,), eps=1e-05, elementwise_affine=True)
        (attn): Attention(
          (qkv): Linear(in_features=768, out_features=2304, bias=True)
          (attn_drop): Dropout(p=0.0, inplace=False)
          (proj): Linear(in_features=768, out_features=768, bias=True)
          (proj_drop): Dropout(p=0.0, inplace=False)
          (softmax): Softmax(dim=-1)
        )
        (drop_path): DropPath()
        (norm2): LayerNorm((768,), eps=1e-05, elementwise_affine=True)
        (mlp): Mlp(
          (fc1): Linear(in_features=768, out_features=3072, bias=True)
          (act): GELU()
          (fc2): Linear(in_features=3072, out_features=768, bias=True)
          (drop): Dropout(p=0.0, inplace=False)
        )
      )
      (29): BlockWithRPE(
        (norm1): LayerNorm((768,), eps=1e-05, elementwise_affine=True)
        (attn): Attention(
          (qkv): Linear(in_features=768, out_features=2304, bias=True)
          (attn_drop): Dropout(p=0.0, inplace=False)
          (proj): Linear(in_features=768, out_features=768, bias=True)
          (proj_drop): Dropout(p=0.0, inplace=False)
          (softmax): Softmax(dim=-1)
        )
        (drop_path): DropPath()
        (norm2): LayerNorm((768,), eps=1e-05, elementwise_affine=True)
        (mlp): Mlp(
          (fc1): Linear(in_features=768, out_features=3072, bias=True)
          (act): GELU()
          (fc2): Linear(in_features=3072, out_features=768, bias=True)
          (drop): Dropout(p=0.0, inplace=False)
        )
      )
      (30): BlockWithRPE(
        (norm1): LayerNorm((768,), eps=1e-05, elementwise_affine=True)
        (attn): Attention(
          (qkv): Linear(in_features=768, out_features=2304, bias=True)
          (attn_drop): Dropout(p=0.0, inplace=False)
          (proj): Linear(in_features=768, out_features=768, bias=True)
          (proj_drop): Dropout(p=0.0, inplace=False)
          (softmax): Softmax(dim=-1)
        )
        (drop_path): DropPath()
        (norm2): LayerNorm((768,), eps=1e-05, elementwise_affine=True)
        (mlp): Mlp(
          (fc1): Linear(in_features=768, out_features=3072, bias=True)
          (act): GELU()
          (fc2): Linear(in_features=3072, out_features=768, bias=True)
          (drop): Dropout(p=0.0, inplace=False)
        )
      )
      (31): BlockWithRPE(
        (norm1): LayerNorm((768,), eps=1e-05, elementwise_affine=True)
        (attn): Attention(
          (qkv): Linear(in_features=768, out_features=2304, bias=True)
          (attn_drop): Dropout(p=0.0, inplace=False)
          (proj): Linear(in_features=768, out_features=768, bias=True)
          (proj_drop): Dropout(p=0.0, inplace=False)
          (softmax): Softmax(dim=-1)
        )
        (drop_path): DropPath()
        (norm2): LayerNorm((768,), eps=1e-05, elementwise_affine=True)
        (mlp): Mlp(
          (fc1): Linear(in_features=768, out_features=3072, bias=True)
          (act): GELU()
          (fc2): Linear(in_features=3072, out_features=768, bias=True)
          (drop): Dropout(p=0.0, inplace=False)
        )
      )
      (32): BlockWithRPE(
        (norm1): LayerNorm((768,), eps=1e-05, elementwise_affine=True)
        (attn): Attention(
          (qkv): Linear(in_features=768, out_features=2304, bias=True)
          (attn_drop): Dropout(p=0.0, inplace=False)
          (proj): Linear(in_features=768, out_features=768, bias=True)
          (proj_drop): Dropout(p=0.0, inplace=False)
          (softmax): Softmax(dim=-1)
        )
        (drop_path): DropPath()
        (norm2): LayerNorm((768,), eps=1e-05, elementwise_affine=True)
        (mlp): Mlp(
          (fc1): Linear(in_features=768, out_features=3072, bias=True)
          (act): GELU()
          (fc2): Linear(in_features=3072, out_features=768, bias=True)
          (drop): Dropout(p=0.0, inplace=False)
        )
      )
      (33): BlockWithRPE(
        (norm1): LayerNorm((768,), eps=1e-05, elementwise_affine=True)
        (attn): Attention(
          (qkv): Linear(in_features=768, out_features=2304, bias=True)
          (attn_drop): Dropout(p=0.0, inplace=False)
          (proj): Linear(in_features=768, out_features=768, bias=True)
          (proj_drop): Dropout(p=0.0, inplace=False)
          (softmax): Softmax(dim=-1)
        )
        (drop_path): DropPath()
        (norm2): LayerNorm((768,), eps=1e-05, elementwise_affine=True)
        (mlp): Mlp(
          (fc1): Linear(in_features=768, out_features=3072, bias=True)
          (act): GELU()
          (fc2): Linear(in_features=3072, out_features=768, bias=True)
          (drop): Dropout(p=0.0, inplace=False)
        )
      )
      (34): BlockWithRPE(
        (norm1): LayerNorm((768,), eps=1e-05, elementwise_affine=True)
        (attn): Attention(
          (qkv): Linear(in_features=768, out_features=2304, bias=True)
          (attn_drop): Dropout(p=0.0, inplace=False)
          (proj): Linear(in_features=768, out_features=768, bias=True)
          (proj_drop): Dropout(p=0.0, inplace=False)
          (softmax): Softmax(dim=-1)
        )
        (drop_path): DropPath()
        (norm2): LayerNorm((768,), eps=1e-05, elementwise_affine=True)
        (mlp): Mlp(
          (fc1): Linear(in_features=768, out_features=3072, bias=True)
          (act): GELU()
          (fc2): Linear(in_features=3072, out_features=768, bias=True)
          (drop): Dropout(p=0.0, inplace=False)
        )
      )
      (35): BlockWithRPE(
        (norm1): LayerNorm((768,), eps=1e-05, elementwise_affine=True)
        (attn): Attention(
          (qkv): Linear(in_features=768, out_features=2304, bias=True)
          (attn_drop): Dropout(p=0.0, inplace=False)
          (proj): Linear(in_features=768, out_features=768, bias=True)
          (proj_drop): Dropout(p=0.0, inplace=False)
          (softmax): Softmax(dim=-1)
        )
        (drop_path): DropPath()
        (norm2): LayerNorm((768,), eps=1e-05, elementwise_affine=True)
        (mlp): Mlp(
          (fc1): Linear(in_features=768, out_features=3072, bias=True)
          (act): GELU()
          (fc2): Linear(in_features=3072, out_features=768, bias=True)
          (drop): Dropout(p=0.0, inplace=False)
        )
      )
      (36): BlockWithRPE(
        (norm1): LayerNorm((768,), eps=1e-05, elementwise_affine=True)
        (attn): Attention(
          (qkv): Linear(in_features=768, out_features=2304, bias=True)
          (attn_drop): Dropout(p=0.0, inplace=False)
          (proj): Linear(in_features=768, out_features=768, bias=True)
          (proj_drop): Dropout(p=0.0, inplace=False)
          (softmax): Softmax(dim=-1)
        )
        (drop_path): DropPath()
        (norm2): LayerNorm((768,), eps=1e-05, elementwise_affine=True)
        (mlp): Mlp(
          (fc1): Linear(in_features=768, out_features=3072, bias=True)
          (act): GELU()
          (fc2): Linear(in_features=3072, out_features=768, bias=True)
          (drop): Dropout(p=0.0, inplace=False)
        )
      )
      (37): BlockWithRPE(
        (norm1): LayerNorm((768,), eps=1e-05, elementwise_affine=True)
        (attn): Attention(
          (qkv): Linear(in_features=768, out_features=2304, bias=True)
          (attn_drop): Dropout(p=0.0, inplace=False)
          (proj): Linear(in_features=768, out_features=768, bias=True)
          (proj_drop): Dropout(p=0.0, inplace=False)
          (softmax): Softmax(dim=-1)
        )
        (drop_path): DropPath()
        (norm2): LayerNorm((768,), eps=1e-05, elementwise_affine=True)
        (mlp): Mlp(
          (fc1): Linear(in_features=768, out_features=3072, bias=True)
          (act): GELU()
          (fc2): Linear(in_features=3072, out_features=768, bias=True)
          (drop): Dropout(p=0.0, inplace=False)
        )
      )
      (38): BlockWithRPE(
        (norm1): LayerNorm((768,), eps=1e-05, elementwise_affine=True)
        (attn): Attention(
          (qkv): Linear(in_features=768, out_features=2304, bias=True)
          (attn_drop): Dropout(p=0.0, inplace=False)
          (proj): Linear(in_features=768, out_features=768, bias=True)
          (proj_drop): Dropout(p=0.0, inplace=False)
          (softmax): Softmax(dim=-1)
        )
        (drop_path): DropPath()
        (norm2): LayerNorm((768,), eps=1e-05, elementwise_affine=True)
        (mlp): Mlp(
          (fc1): Linear(in_features=768, out_features=3072, bias=True)
          (act): GELU()
          (fc2): Linear(in_features=3072, out_features=768, bias=True)
          (drop): Dropout(p=0.0, inplace=False)
        )
      )
      (39): BlockWithRPE(
        (norm1): LayerNorm((768,), eps=1e-05, elementwise_affine=True)
        (attn): Attention(
          (qkv): Linear(in_features=768, out_features=2304, bias=True)
          (attn_drop): Dropout(p=0.0, inplace=False)
          (proj): Linear(in_features=768, out_features=768, bias=True)
          (proj_drop): Dropout(p=0.0, inplace=False)
          (softmax): Softmax(dim=-1)
        )
        (drop_path): DropPath()
        (norm2): LayerNorm((768,), eps=1e-05, elementwise_affine=True)
        (mlp): Mlp(
          (fc1): Linear(in_features=768, out_features=3072, bias=True)
          (act): GELU()
          (fc2): Linear(in_features=3072, out_features=768, bias=True)
          (drop): Dropout(p=0.0, inplace=False)
        )
      )
      (40): BlockWithRPE(
        (norm1): LayerNorm((768,), eps=1e-05, elementwise_affine=True)
        (attn): Attention(
          (qkv): Linear(in_features=768, out_features=2304, bias=True)
          (attn_drop): Dropout(p=0.0, inplace=False)
          (proj): Linear(in_features=768, out_features=768, bias=True)
          (proj_drop): Dropout(p=0.0, inplace=False)
          (softmax): Softmax(dim=-1)
        )
        (drop_path): DropPath()
        (norm2): LayerNorm((768,), eps=1e-05, elementwise_affine=True)
        (mlp): Mlp(
          (fc1): Linear(in_features=768, out_features=3072, bias=True)
          (act): GELU()
          (fc2): Linear(in_features=3072, out_features=768, bias=True)
          (drop): Dropout(p=0.0, inplace=False)
        )
      )
      (41): BlockWithRPE(
        (norm1): LayerNorm((768,), eps=1e-05, elementwise_affine=True)
        (attn): Attention(
          (qkv): Linear(in_features=768, out_features=2304, bias=True)
          (attn_drop): Dropout(p=0.0, inplace=False)
          (proj): Linear(in_features=768, out_features=768, bias=True)
          (proj_drop): Dropout(p=0.0, inplace=False)
          (softmax): Softmax(dim=-1)
        )
        (drop_path): DropPath()
        (norm2): LayerNorm((768,), eps=1e-05, elementwise_affine=True)
        (mlp): Mlp(
          (fc1): Linear(in_features=768, out_features=3072, bias=True)
          (act): GELU()
          (fc2): Linear(in_features=3072, out_features=768, bias=True)
          (drop): Dropout(p=0.0, inplace=False)
        )
      )
      (42): BlockWithRPE(
        (norm1): LayerNorm((768,), eps=1e-05, elementwise_affine=True)
        (attn): Attention(
          (qkv): Linear(in_features=768, out_features=2304, bias=True)
          (attn_drop): Dropout(p=0.0, inplace=False)
          (proj): Linear(in_features=768, out_features=768, bias=True)
          (proj_drop): Dropout(p=0.0, inplace=False)
          (softmax): Softmax(dim=-1)
        )
        (drop_path): DropPath()
        (norm2): LayerNorm((768,), eps=1e-05, elementwise_affine=True)
        (mlp): Mlp(
          (fc1): Linear(in_features=768, out_features=3072, bias=True)
          (act): GELU()
          (fc2): Linear(in_features=3072, out_features=768, bias=True)
          (drop): Dropout(p=0.0, inplace=False)
        )
      )
      (43): BlockWithRPE(
        (norm1): LayerNorm((768,), eps=1e-05, elementwise_affine=True)
        (attn): Attention(
          (qkv): Linear(in_features=768, out_features=2304, bias=True)
          (attn_drop): Dropout(p=0.0, inplace=False)
          (proj): Linear(in_features=768, out_features=768, bias=True)
          (proj_drop): Dropout(p=0.0, inplace=False)
          (softmax): Softmax(dim=-1)
        )
        (drop_path): DropPath()
        (norm2): LayerNorm((768,), eps=1e-05, elementwise_affine=True)
        (mlp): Mlp(
          (fc1): Linear(in_features=768, out_features=3072, bias=True)
          (act): GELU()
          (fc2): Linear(in_features=3072, out_features=768, bias=True)
          (drop): Dropout(p=0.0, inplace=False)
        )
      )
      (44): BlockWithRPE(
        (norm1): LayerNorm((768,), eps=1e-05, elementwise_affine=True)
        (attn): Attention(
          (qkv): Linear(in_features=768, out_features=2304, bias=True)
          (attn_drop): Dropout(p=0.0, inplace=False)
          (proj): Linear(in_features=768, out_features=768, bias=True)
          (proj_drop): Dropout(p=0.0, inplace=False)
          (softmax): Softmax(dim=-1)
        )
        (drop_path): DropPath()
        (norm2): LayerNorm((768,), eps=1e-05, elementwise_affine=True)
        (mlp): Mlp(
          (fc1): Linear(in_features=768, out_features=3072, bias=True)
          (act): GELU()
          (fc2): Linear(in_features=3072, out_features=768, bias=True)
          (drop): Dropout(p=0.0, inplace=False)
        )
      )
      (45): BlockWithRPE(
        (norm1): LayerNorm((768,), eps=1e-05, elementwise_affine=True)
        (attn): Attention(
          (qkv): Linear(in_features=768, out_features=2304, bias=True)
          (attn_drop): Dropout(p=0.0, inplace=False)
          (proj): Linear(in_features=768, out_features=768, bias=True)
          (proj_drop): Dropout(p=0.0, inplace=False)
          (softmax): Softmax(dim=-1)
        )
        (drop_path): DropPath()
        (norm2): LayerNorm((768,), eps=1e-05, elementwise_affine=True)
        (mlp): Mlp(
          (fc1): Linear(in_features=768, out_features=3072, bias=True)
          (act): GELU()
          (fc2): Linear(in_features=3072, out_features=768, bias=True)
          (drop): Dropout(p=0.0, inplace=False)
        )
      )
    )
    (align_dim_16tofpn): Linear(in_features=768, out_features=256, bias=True)
    (fpn_modules): ModuleList(
      (0): BlockWithRPE(
        (drop_path): Identity()
        (norm2): LayerNorm((256,), eps=1e-05, elementwise_affine=True)
        (mlp): Mlp(
          (fc1): Linear(in_features=256, out_features=1024, bias=True)
          (act): GELU()
          (fc2): Linear(in_features=1024, out_features=256, bias=True)
          (drop): Dropout(p=0.0, inplace=False)
        )
      )
      (1): BlockWithRPE(
        (drop_path): Identity()
        (norm2): LayerNorm((256,), eps=1e-05, elementwise_affine=True)
        (mlp): Mlp(
          (fc1): Linear(in_features=256, out_features=1024, bias=True)
          (act): GELU()
          (fc2): Linear(in_features=1024, out_features=256, bias=True)
          (drop): Dropout(p=0.0, inplace=False)
        )
      )
      (2): BlockWithRPE(
        (drop_path): Identity()
        (norm2): LayerNorm((256,), eps=1e-05, elementwise_affine=True)
        (mlp): Mlp(
          (fc1): Linear(in_features=256, out_features=1024, bias=True)
          (act): GELU()
          (fc2): Linear(in_features=1024, out_features=256, bias=True)
          (drop): Dropout(p=0.0, inplace=False)
        )
      )
    )
    (align_dim_16to8): Linear(in_features=384, out_features=256, bias=False)
    (split_16to8): PatchSplit(
      (norm): LayerNorm((768,), eps=1e-05, elementwise_affine=True)
      (reduction): Linear(in_features=768, out_features=1024, bias=False)
    )
    (block_16to8): Sequential(
      (0): BlockWithRPE(
        (drop_path): Identity()
        (norm2): LayerNorm((256,), eps=1e-05, elementwise_affine=True)
        (mlp): Mlp(
          (fc1): Linear(in_features=256, out_features=1024, bias=True)
          (act): GELU()
          (fc2): Linear(in_features=1024, out_features=256, bias=True)
          (drop): Dropout(p=0.0, inplace=False)
        )
      )
      (1): BlockWithRPE(
        (drop_path): Identity()
        (norm2): LayerNorm((256,), eps=1e-05, elementwise_affine=True)
        (mlp): Mlp(
          (fc1): Linear(in_features=256, out_features=1024, bias=True)
          (act): GELU()
          (fc2): Linear(in_features=1024, out_features=256, bias=True)
          (drop): Dropout(p=0.0, inplace=False)
        )
      )
    )
    (align_dim_8to4): Linear(in_features=192, out_features=256, bias=False)
    (split_8to4): PatchSplit(
      (norm): LayerNorm((256,), eps=1e-05, elementwise_affine=True)
      (reduction): Linear(in_features=256, out_features=1024, bias=False)
    )
    (block_8to4): Sequential(
      (0): BlockWithRPE(
        (drop_path): Identity()
        (norm2): LayerNorm((256,), eps=1e-05, elementwise_affine=True)
        (mlp): Mlp(
          (fc1): Linear(in_features=256, out_features=1024, bias=True)
          (act): GELU()
          (fc2): Linear(in_features=1024, out_features=256, bias=True)
          (drop): Dropout(p=0.0, inplace=False)
        )
      )
      (1): BlockWithRPE(
        (drop_path): Identity()
        (norm2): LayerNorm((256,), eps=1e-05, elementwise_affine=True)
        (mlp): Mlp(
          (fc1): Linear(in_features=256, out_features=1024, bias=True)
          (act): GELU()
          (fc2): Linear(in_features=1024, out_features=256, bias=True)
          (drop): Dropout(p=0.0, inplace=False)
        )
      )
    )
  )
  (decode_head): UPerHead(
    input_transform=multiple_select, ignore_index=255, align_corners=False
    (loss_decode): CrossEntropyLoss()
    (conv_seg): Conv2d(768, 6, kernel_size=(1, 1), stride=(1, 1))
    (dropout): Dropout2d(p=0.1, inplace=False)
    (psp_modules): PPM(
      (0): Sequential(
        (0): AdaptiveAvgPool2d(output_size=1)
        (1): ConvModule(
          (conv): Conv2d(1024, 768, kernel_size=(1, 1), stride=(1, 1), bias=False)
          (bn): BatchNorm2d(768, eps=1e-05, momentum=0.1, affine=True, track_running_stats=True)
          (activate): ReLU(inplace=True)
        )
      )
      (1): Sequential(
        (0): AdaptiveAvgPool2d(output_size=2)
        (1): ConvModule(
          (conv): Conv2d(1024, 768, kernel_size=(1, 1), stride=(1, 1), bias=False)
          (bn): BatchNorm2d(768, eps=1e-05, momentum=0.1, affine=True, track_running_stats=True)
          (activate): ReLU(inplace=True)
        )
      )
      (2): Sequential(
        (0): AdaptiveAvgPool2d(output_size=3)
        (1): ConvModule(
          (conv): Conv2d(1024, 768, kernel_size=(1, 1), stride=(1, 1), bias=False)
          (bn): BatchNorm2d(768, eps=1e-05, momentum=0.1, affine=True, track_running_stats=True)
          (activate): ReLU(inplace=True)
        )
      )
      (3): Sequential(
        (0): AdaptiveAvgPool2d(output_size=6)
        (1): ConvModule(
          (conv): Conv2d(1024, 768, kernel_size=(1, 1), stride=(1, 1), bias=False)
          (bn): BatchNorm2d(768, eps=1e-05, momentum=0.1, affine=True, track_running_stats=True)
          (activate): ReLU(inplace=True)
        )
      )
    )
    (bottleneck): ConvModule(
      (conv): Conv2d(4096, 768, kernel_size=(3, 3), stride=(1, 1), padding=(1, 1), bias=False)
      (bn): BatchNorm2d(768, eps=1e-05, momentum=0.1, affine=True, track_running_stats=True)
      (activate): ReLU(inplace=True)
    )
    (lateral_convs): ModuleList(
      (0): ConvModule(
        (conv): Conv2d(448, 768, kernel_size=(1, 1), stride=(1, 1), bias=False)
        (bn): BatchNorm2d(768, eps=1e-05, momentum=0.1, affine=True, track_running_stats=True)
        (activate): ReLU()
      )
      (1): ConvModule(
        (conv): Conv2d(640, 768, kernel_size=(1, 1), stride=(1, 1), bias=False)
        (bn): BatchNorm2d(768, eps=1e-05, momentum=0.1, affine=True, track_running_stats=True)
        (activate): ReLU()
      )
      (2): ConvModule(
        (conv): Conv2d(1024, 768, kernel_size=(1, 1), stride=(1, 1), bias=False)
        (bn): BatchNorm2d(768, eps=1e-05, momentum=0.1, affine=True, track_running_stats=True)
        (activate): ReLU()
      )
    )
    (fpn_convs): ModuleList(
      (0): ConvModule(
        (conv): Conv2d(768, 768, kernel_size=(3, 3), stride=(1, 1), padding=(1, 1), bias=False)
        (bn): BatchNorm2d(768, eps=1e-05, momentum=0.1, affine=True, track_running_stats=True)
        (activate): ReLU()
      )
      (1): ConvModule(
        (conv): Conv2d(768, 768, kernel_size=(3, 3), stride=(1, 1), padding=(1, 1), bias=False)
        (bn): BatchNorm2d(768, eps=1e-05, momentum=0.1, affine=True, track_running_stats=True)
        (activate): ReLU()
      )
      (2): ConvModule(
        (conv): Conv2d(768, 768, kernel_size=(3, 3), stride=(1, 1), padding=(1, 1), bias=False)
        (bn): BatchNorm2d(768, eps=1e-05, momentum=0.1, affine=True, track_running_stats=True)
        (activate): ReLU()
      )
    )
    (fpn_bottleneck): ConvModule(
      (conv): Conv2d(3072, 768, kernel_size=(3, 3), stride=(1, 1), padding=(1, 1), bias=False)
      (bn): BatchNorm2d(768, eps=1e-05, momentum=0.1, affine=True, track_running_stats=True)
      (activate): ReLU(inplace=True)
    )
  )
  (auxiliary_head): FCNHead(
    input_transform=None, ignore_index=255, align_corners=False
    (loss_decode): CrossEntropyLoss()
    (conv_seg): Conv2d(256, 6, kernel_size=(1, 1), stride=(1, 1))
    (dropout): Dropout2d(p=0.1, inplace=False)
    (convs): Sequential(
      (0): ConvModule(
        (conv): Conv2d(1024, 256, kernel_size=(3, 3), stride=(1, 1), padding=(1, 1), bias=False)
        (bn): BatchNorm2d(256, eps=1e-05, momentum=0.1, affine=True, track_running_stats=True)
        (activate): ReLU(inplace=True)
      )
    )
  )
)
2026-04-24 01:25:11,157 - mmseg - INFO - Loaded 1233 images
2026-04-24 01:25:11,246 - mmseg - WARNING - apex is not installed, fallback to FP32 training.
2026-04-24 01:25:17,358 - mmseg - INFO - Loaded 309 images
2026-04-24 01:25:17,358 - mmseg - INFO - load checkpoint from local path: work_dirs/itpn_air_polarsar2_amp_large_linux/iter_16000.pth
2026-04-24 01:25:18,967 - mmseg - INFO - resumed from epoch: 208, iter 16000
2026-04-24 01:25:18,969 - mmseg - INFO - Start running, host: test@test, work_dir: /mnt/data7t/lwj/mmseg_lwj/work_dirs/itpn_air_polarsar2_amp_large_linux
2026-04-24 01:25:18,970 - mmseg - INFO - Hooks will be executed in the following order:
before_run:
(VERY_HIGH   ) PolyLrUpdaterHook                  
(ABOVE_NORMAL) DistOptimizerHook                  
(NORMAL      ) CheckpointHook                     
(VERY_LOW    ) SafeTextLoggerHook                 
 -------------------- 
before_train_epoch:
(VERY_HIGH   ) PolyLrUpdaterHook                  
(LOW         ) IterTimerHook                      
(VERY_LOW    ) SafeTextLoggerHook                 
 -------------------- 
before_train_iter:
(VERY_HIGH   ) PolyLrUpdaterHook                  
(LOW         ) IterTimerHook                      
 -------------------- 
after_train_iter:
(ABOVE_NORMAL) DistOptimizerHook                  
(NORMAL      ) CheckpointHook                     
(NORMAL      ) DistEvalHook                       
(LOW         ) IterTimerHook                      
(VERY_LOW    ) SafeTextLoggerHook                 
 -------------------- 
after_train_epoch:
(NORMAL      ) CheckpointHook                     
(NORMAL      ) DistEvalHook                       
(VERY_LOW    ) SafeTextLoggerHook                 
 -------------------- 
before_val_epoch:
(LOW         ) IterTimerHook                      
(VERY_LOW    ) SafeTextLoggerHook                 
 -------------------- 
before_val_iter:
(LOW         ) IterTimerHook                      
 -------------------- 
after_val_iter:
(LOW         ) IterTimerHook                      
 -------------------- 
after_val_epoch:
(VERY_LOW    ) SafeTextLoggerHook                 
 -------------------- 
after_run:
(VERY_LOW    ) SafeTextLoggerHook                 
 -------------------- 
2026-04-24 01:25:18,970 - mmseg - INFO - workflow: [('train', 1)], max: 160000 iters
2026-04-24 01:25:18,971 - mmseg - INFO - Checkpoints will be saved to /mnt/data7t/lwj/mmseg_lwj/work_dirs/itpn_air_polarsar2_amp_large_linux by HardDiskBackend.
2026-04-24 01:26:05,622 - mmseg - INFO - Iter [16050/160000]	lr: 1.406e-05, eta: 1 day, 1:48:59, time: 0.646, data_time: 0.006, memory: 14490, decode.loss_seg: 0.1252, decode.acc_seg: 82.0396, aux.loss_seg: 0.0692, aux.acc_seg: 80.6386, loss: 0.1944
2026-04-24 01:26:52,445 - mmseg - INFO - Iter [16100/160000]	lr: 1.405e-05, eta: 1 day, 7:37:12, time: 0.936, data_time: 0.358, memory: 14490, decode.loss_seg: 0.1311, decode.acc_seg: 79.7002, aux.loss_seg: 0.0710, aux.acc_seg: 78.2102, loss: 0.2021
2026-04-24 01:27:19,607 - mmseg - INFO - Iter [16150/160000]	lr: 1.405e-05, eta: 1 day, 4:18:27, time: 0.543, data_time: 0.005, memory: 14490, decode.loss_seg: 0.1367, decode.acc_seg: 80.8884, aux.loss_seg: 0.0737, aux.acc_seg: 79.4256, loss: 0.2104
2026-04-24 01:28:05,209 - mmseg - INFO - Iter [16200/160000]	lr: 1.404e-05, eta: 1 day, 6:19:52, time: 0.912, data_time: 0.362, memory: 14490, decode.loss_seg: 0.1263, decode.acc_seg: 82.5250, aux.loss_seg: 0.0708, aux.acc_seg: 80.9685, loss: 0.1972
2026-04-24 01:28:51,400 - mmseg - INFO - Iter [16250/160000]	lr: 1.404e-05, eta: 1 day, 7:37:55, time: 0.924, data_time: 0.374, memory: 14490, decode.loss_seg: 0.1307, decode.acc_seg: 81.4349, aux.loss_seg: 0.0701, aux.acc_seg: 80.0838, loss: 0.2008
2026-04-24 01:29:18,583 - mmseg - INFO - Iter [16300/160000]	lr: 1.403e-05, eta: 1 day, 5:58:10, time: 0.544, data_time: 0.005, memory: 14490, decode.loss_seg: 0.1206, decode.acc_seg: 81.3644, aux.loss_seg: 0.0661, aux.acc_seg: 79.9272, loss: 0.1867
2026-04-24 01:30:05,097 - mmseg - INFO - Iter [16350/160000]	lr: 1.403e-05, eta: 1 day, 6:58:49, time: 0.930, data_time: 0.343, memory: 14490, decode.loss_seg: 0.1232, decode.acc_seg: 81.4465, aux.loss_seg: 0.0681, aux.acc_seg: 79.9952, loss: 0.1913
2026-04-24 01:30:51,987 - mmseg - INFO - Iter [16400/160000]	lr: 1.402e-05, eta: 1 day, 7:46:28, time: 0.938, data_time: 0.358, memory: 14490, decode.loss_seg: 0.1292, decode.acc_seg: 81.4781, aux.loss_seg: 0.0727, aux.acc_seg: 79.8989, loss: 0.2019
2026-04-24 01:31:19,111 - mmseg - INFO - Iter [16450/160000]	lr: 1.402e-05, eta: 1 day, 6:38:19, time: 0.543, data_time: 0.005, memory: 14490, decode.loss_seg: 0.1211, decode.acc_seg: 80.5962, aux.loss_seg: 0.0653, aux.acc_seg: 79.2682, loss: 0.1864
2026-04-24 01:32:06,482 - mmseg - INFO - Iter [16500/160000]	lr: 1.401e-05, eta: 1 day, 7:20:30, time: 0.947, data_time: 0.361, memory: 14490, decode.loss_seg: 0.1187, decode.acc_seg: 81.7702, aux.loss_seg: 0.0652, aux.acc_seg: 80.4052, loss: 0.1839
2026-04-24 01:32:52,092 - mmseg - INFO - Iter [16550/160000]	lr: 1.401e-05, eta: 1 day, 7:47:12, time: 0.912, data_time: 0.372, memory: 14490, decode.loss_seg: 0.1204, decode.acc_seg: 81.2684, aux.loss_seg: 0.0663, aux.acc_seg: 79.7879, loss: 0.1867
2026-04-24 01:33:19,327 - mmseg - INFO - Iter [16600/160000]	lr: 1.400e-05, eta: 1 day, 6:56:09, time: 0.545, data_time: 0.005, memory: 14490, decode.loss_seg: 0.1224, decode.acc_seg: 81.7919, aux.loss_seg: 0.0694, aux.acc_seg: 80.2434, loss: 0.1919
2026-04-24 01:34:05,896 - mmseg - INFO - Iter [16650/160000]	lr: 1.400e-05, eta: 1 day, 7:23:56, time: 0.931, data_time: 0.392, memory: 14490, decode.loss_seg: 0.1288, decode.acc_seg: 80.9941, aux.loss_seg: 0.0728, aux.acc_seg: 79.4885, loss: 0.2016
2026-04-24 01:34:52,459 - mmseg - INFO - Iter [16700/160000]	lr: 1.399e-05, eta: 1 day, 7:47:37, time: 0.931, data_time: 0.345, memory: 14490, decode.loss_seg: 0.1322, decode.acc_seg: 79.7083, aux.loss_seg: 0.0739, aux.acc_seg: 78.0383, loss: 0.2061
2026-04-24 01:35:19,655 - mmseg - INFO - Iter [16750/160000]	lr: 1.399e-05, eta: 1 day, 7:06:24, time: 0.544, data_time: 0.005, memory: 14490, decode.loss_seg: 0.1230, decode.acc_seg: 80.3833, aux.loss_seg: 0.0679, aux.acc_seg: 78.9027, loss: 0.1909
2026-04-24 01:36:06,488 - mmseg - INFO - Iter [16800/160000]	lr: 1.398e-05, eta: 1 day, 7:28:51, time: 0.937, data_time: 0.368, memory: 14490, decode.loss_seg: 0.1219, decode.acc_seg: 81.5535, aux.loss_seg: 0.0693, aux.acc_seg: 79.9715, loss: 0.1912
2026-04-24 01:36:54,340 - mmseg - INFO - Iter [16850/160000]	lr: 1.398e-05, eta: 1 day, 7:51:26, time: 0.957, data_time: 0.374, memory: 14490, decode.loss_seg: 0.1208, decode.acc_seg: 80.0343, aux.loss_seg: 0.0672, aux.acc_seg: 78.5281, loss: 0.1880
2026-04-24 01:37:21,502 - mmseg - INFO - Iter [16900/160000]	lr: 1.397e-05, eta: 1 day, 7:16:35, time: 0.543, data_time: 0.005, memory: 14490, decode.loss_seg: 0.1156, decode.acc_seg: 80.9337, aux.loss_seg: 0.0658, aux.acc_seg: 79.2643, loss: 0.1814
2026-04-24 01:38:08,598 - mmseg - INFO - Iter [16950/160000]	lr: 1.397e-05, eta: 1 day, 7:35:24, time: 0.942, data_time: 0.394, memory: 14490, decode.loss_seg: 0.1209, decode.acc_seg: 81.9590, aux.loss_seg: 0.0657, aux.acc_seg: 80.6306, loss: 0.1866
2026-04-24 01:38:35,713 - mmseg - INFO - Exp name: pixel_upernet_itpn_large_12_512_slide_160k_air_polarsar2_amp_linux.py
2026-04-24 01:38:35,713 - mmseg - INFO - Iter [17000/160000]	lr: 1.397e-05, eta: 1 day, 7:04:37, time: 0.542, data_time: 0.005, memory: 14490, decode.loss_seg: 0.1194, decode.acc_seg: 80.4449, aux.loss_seg: 0.0655, aux.acc_seg: 79.0252, loss: 0.1850
2026-04-24 01:39:23,492 - mmseg - INFO - Iter [17050/160000]	lr: 1.396e-05, eta: 1 day, 7:23:37, time: 0.956, data_time: 0.382, memory: 14490, decode.loss_seg: 0.1223, decode.acc_seg: 83.0298, aux.loss_seg: 0.0711, aux.acc_seg: 81.3013, loss: 0.1934
2026-04-24 01:40:10,563 - mmseg - INFO - Iter [17100/160000]	lr: 1.396e-05, eta: 1 day, 7:39:17, time: 0.941, data_time: 0.377, memory: 14490, decode.loss_seg: 0.1158, decode.acc_seg: 80.0086, aux.loss_seg: 0.0645, aux.acc_seg: 78.4884, loss: 0.1803
2026-04-24 01:40:37,748 - mmseg - INFO - Iter [17150/160000]	lr: 1.395e-05, eta: 1 day, 7:12:21, time: 0.544, data_time: 0.004, memory: 14490, decode.loss_seg: 0.1192, decode.acc_seg: 82.1219, aux.loss_seg: 0.0653, aux.acc_seg: 80.6826, loss: 0.1845
2026-04-24 01:41:25,350 - mmseg - INFO - Iter [17200/160000]	lr: 1.395e-05, eta: 1 day, 7:28:07, time: 0.952, data_time: 0.372, memory: 14490, decode.loss_seg: 0.1110, decode.acc_seg: 81.0190, aux.loss_seg: 0.0624, aux.acc_seg: 79.5714, loss: 0.1735
2026-04-24 01:42:12,575 - mmseg - INFO - Iter [17250/160000]	lr: 1.394e-05, eta: 1 day, 7:41:50, time: 0.944, data_time: 0.386, memory: 14490, decode.loss_seg: 0.1159, decode.acc_seg: 82.8664, aux.loss_seg: 0.0656, aux.acc_seg: 81.2799, loss: 0.1815
2026-04-24 01:42:39,758 - mmseg - INFO - Iter [17300/160000]	lr: 1.394e-05, eta: 1 day, 7:17:47, time: 0.544, data_time: 0.005, memory: 14490, decode.loss_seg: 0.1129, decode.acc_seg: 80.3748, aux.loss_seg: 0.0638, aux.acc_seg: 78.9095, loss: 0.1767
2026-04-24 01:43:26,881 - mmseg - INFO - Iter [17350/160000]	lr: 1.393e-05, eta: 1 day, 7:30:35, time: 0.942, data_time: 0.399, memory: 14490, decode.loss_seg: 0.1150, decode.acc_seg: 82.3685, aux.loss_seg: 0.0642, aux.acc_seg: 80.9239, loss: 0.1792
2026-04-24 01:44:13,674 - mmseg - INFO - Iter [17400/160000]	lr: 1.393e-05, eta: 1 day, 7:41:52, time: 0.936, data_time: 0.386, memory: 14490, decode.loss_seg: 0.1193, decode.acc_seg: 81.0479, aux.loss_seg: 0.0655, aux.acc_seg: 79.6284, loss: 0.1848
2026-04-24 01:44:40,825 - mmseg - INFO - Iter [17450/160000]	lr: 1.392e-05, eta: 1 day, 7:20:08, time: 0.543, data_time: 0.005, memory: 14490, decode.loss_seg: 0.1222, decode.acc_seg: 82.0702, aux.loss_seg: 0.0666, aux.acc_seg: 80.6682, loss: 0.1888
2026-04-24 01:45:26,219 - mmseg - INFO - Iter [17500/160000]	lr: 1.392e-05, eta: 1 day, 7:28:41, time: 0.908, data_time: 0.339, memory: 14490, decode.loss_seg: 0.1165, decode.acc_seg: 82.1066, aux.loss_seg: 0.0645, aux.acc_seg: 80.7413, loss: 0.1810
2026-04-24 01:46:12,615 - mmseg - INFO - Iter [17550/160000]	lr: 1.391e-05, eta: 1 day, 7:38:11, time: 0.928, data_time: 0.375, memory: 14490, decode.loss_seg: 0.1169, decode.acc_seg: 81.3382, aux.loss_seg: 0.0663, aux.acc_seg: 79.7554, loss: 0.1831
2026-04-24 01:46:39,730 - mmseg - INFO - Iter [17600/160000]	lr: 1.391e-05, eta: 1 day, 7:18:27, time: 0.542, data_time: 0.005, memory: 14490, decode.loss_seg: 0.1341, decode.acc_seg: 79.1884, aux.loss_seg: 0.0770, aux.acc_seg: 77.3083, loss: 0.2111
2026-04-24 01:47:26,748 - mmseg - INFO - Iter [17650/160000]	lr: 1.390e-05, eta: 1 day, 7:28:28, time: 0.940, data_time: 0.382, memory: 14490, decode.loss_seg: 0.1147, decode.acc_seg: 81.2748, aux.loss_seg: 0.0672, aux.acc_seg: 79.5429, loss: 0.1819
2026-04-24 01:48:14,262 - mmseg - INFO - Iter [17700/160000]	lr: 1.390e-05, eta: 1 day, 7:38:35, time: 0.950, data_time: 0.411, memory: 14490, decode.loss_seg: 0.1201, decode.acc_seg: 81.2680, aux.loss_seg: 0.0671, aux.acc_seg: 79.7775, loss: 0.1872
2026-04-24 01:48:41,493 - mmseg - INFO - Iter [17750/160000]	lr: 1.389e-05, eta: 1 day, 7:20:34, time: 0.544, data_time: 0.005, memory: 14490, decode.loss_seg: 0.1175, decode.acc_seg: 82.4919, aux.loss_seg: 0.0642, aux.acc_seg: 81.1200, loss: 0.1817
2026-04-24 01:49:29,331 - mmseg - INFO - Iter [17800/160000]	lr: 1.389e-05, eta: 1 day, 7:30:41, time: 0.957, data_time: 0.400, memory: 14490, decode.loss_seg: 0.1283, decode.acc_seg: 80.2582, aux.loss_seg: 0.0705, aux.acc_seg: 78.7794, loss: 0.1987
2026-04-24 01:50:15,818 - mmseg - INFO - Iter [17850/160000]	lr: 1.388e-05, eta: 1 day, 7:38:28, time: 0.930, data_time: 0.375, memory: 14490, decode.loss_seg: 0.1411, decode.acc_seg: 81.5467, aux.loss_seg: 0.0759, aux.acc_seg: 80.0314, loss: 0.2171
2026-04-24 01:50:43,001 - mmseg - INFO - Iter [17900/160000]	lr: 1.388e-05, eta: 1 day, 7:21:45, time: 0.544, data_time: 0.005, memory: 14490, decode.loss_seg: 0.1250, decode.acc_seg: 81.4288, aux.loss_seg: 0.0669, aux.acc_seg: 80.1121, loss: 0.1919
2026-04-24 01:51:28,919 - mmseg - INFO - Iter [17950/160000]	lr: 1.387e-05, eta: 1 day, 7:28:36, time: 0.918, data_time: 0.344, memory: 14490, decode.loss_seg: 0.1155, decode.acc_seg: 80.8639, aux.loss_seg: 0.0629, aux.acc_seg: 79.5701, loss: 0.1784
2026-04-24 01:52:08,639 - mmseg - INFO - per class results:
2026-04-24 01:52:08,640 - mmseg - INFO - 
+------------+-------+-------+
| Class      | IoU   | Acc   |
+------------+-------+-------+
| housing    | 91.43 | 95.67 |
| industrial | 89.05 | 94.85 |
| natural    | 77.71 | 81.85 |
| land_use   | 64.07 | 70.37 |
| water      | 89.04 | 95.89 |
| other      | 95.04 | 96.38 |
+------------+-------+-------+
2026-04-24 01:52:08,640 - mmseg - INFO - Summary:
2026-04-24 01:52:08,640 - mmseg - INFO - 
+--------+-------+-------+-------+
| Scope  | mIoU  | mAcc  | aAcc  |
+--------+-------+-------+-------+
| global | 84.39 | 89.17 | 93.16 |
+--------+-------+-------+-------+
2026-04-24 01:52:08,660 - mmseg - INFO - Exp name: pixel_upernet_itpn_large_12_512_slide_160k_air_polarsar2_amp_linux.py
2026-04-24 01:52:08,660 - mmseg - INFO - Iter [18000/160000]	lr: 1.387e-05, eta: 1 day, 19:36:55, time: 13.119, data_time: 0.000, memory: 14490, mIoU: 0.8439, mAcc: 0.8917, aAcc: 0.9316
2026-04-24 01:52:55,358 - mmseg - INFO - Iter [18050/160000]	lr: 1.386e-05, eta: 1 day, 19:26:05, time: 0.934, data_time: 0.355, memory: 14490, decode.loss_seg: 0.1183, decode.acc_seg: 82.0209, aux.loss_seg: 0.0681, aux.acc_seg: 80.3551, loss: 0.1864
2026-04-24 01:53:42,202 - mmseg - INFO - Iter [18100/160000]	lr: 1.386e-05, eta: 1 day, 19:15:53, time: 0.937, data_time: 0.385, memory: 14490, decode.loss_seg: 0.1541, decode.acc_seg: 81.1548, aux.loss_seg: 0.0800, aux.acc_seg: 79.8512, loss: 0.2341
2026-04-24 01:54:09,392 - mmseg - INFO - Iter [18150/160000]	lr: 1.385e-05, eta: 1 day, 18:44:31, time: 0.544, data_time: 0.005, memory: 14490, decode.loss_seg: 0.1281, decode.acc_seg: 78.9126, aux.loss_seg: 0.0681, aux.acc_seg: 77.5367, loss: 0.1962
2026-04-24 01:54:55,987 - mmseg - INFO - Iter [18200/160000]	lr: 1.385e-05, eta: 1 day, 18:35:24, time: 0.932, data_time: 0.387, memory: 14490, decode.loss_seg: 0.1200, decode.acc_seg: 80.0779, aux.loss_seg: 0.0675, aux.acc_seg: 78.4520, loss: 0.1874
2026-04-24 01:55:42,707 - mmseg - INFO - Iter [18250/160000]	lr: 1.384e-05, eta: 1 day, 18:26:48, time: 0.934, data_time: 0.379, memory: 14490, decode.loss_seg: 0.1133, decode.acc_seg: 80.3901, aux.loss_seg: 0.0627, aux.acc_seg: 78.9382, loss: 0.1759
2026-04-24 01:56:09,868 - mmseg - INFO - Iter [18300/160000]	lr: 1.384e-05, eta: 1 day, 17:58:26, time: 0.543, data_time: 0.005, memory: 14490, decode.loss_seg: 0.1151, decode.acc_seg: 81.3970, aux.loss_seg: 0.0632, aux.acc_seg: 80.0240, loss: 0.1783
2026-04-24 01:56:57,328 - mmseg - INFO - Iter [18350/160000]	lr: 1.383e-05, eta: 1 day, 17:51:40, time: 0.949, data_time: 0.325, memory: 14490, decode.loss_seg: 0.1101, decode.acc_seg: 80.4451, aux.loss_seg: 0.0611, aux.acc_seg: 78.9696, loss: 0.1712
2026-04-24 01:57:44,263 - mmseg - INFO - Iter [18400/160000]	lr: 1.383e-05, eta: 1 day, 17:44:37, time: 0.939, data_time: 0.396, memory: 14490, decode.loss_seg: 0.1095, decode.acc_seg: 82.4105, aux.loss_seg: 0.0612, aux.acc_seg: 81.0472, loss: 0.1707
2026-04-24 01:58:11,471 - mmseg - INFO - Iter [18450/160000]	lr: 1.382e-05, eta: 1 day, 17:18:50, time: 0.544, data_time: 0.005, memory: 14490, decode.loss_seg: 0.1153, decode.acc_seg: 82.2099, aux.loss_seg: 0.0656, aux.acc_seg: 80.6119, loss: 0.1808
2026-04-24 01:58:57,831 - mmseg - INFO - Iter [18500/160000]	lr: 1.382e-05, eta: 1 day, 17:12:08, time: 0.927, data_time: 0.384, memory: 14490, decode.loss_seg: 0.1181, decode.acc_seg: 81.1681, aux.loss_seg: 0.0653, aux.acc_seg: 79.5647, loss: 0.1835
2026-04-24 01:59:43,576 - mmseg - INFO - Iter [18550/160000]	lr: 1.381e-05, eta: 1 day, 17:05:06, time: 0.915, data_time: 0.352, memory: 14490, decode.loss_seg: 0.1195, decode.acc_seg: 79.5414, aux.loss_seg: 0.0652, aux.acc_seg: 78.0837, loss: 0.1847
2026-04-24 02:00:10,797 - mmseg - INFO - Iter [18600/160000]	lr: 1.381e-05, eta: 1 day, 16:41:31, time: 0.544, data_time: 0.005, memory: 14490, decode.loss_seg: 0.1113, decode.acc_seg: 82.3482, aux.loss_seg: 0.0623, aux.acc_seg: 80.9436, loss: 0.1736
2026-04-24 02:00:57,502 - mmseg - INFO - Iter [18650/160000]	lr: 1.380e-05, eta: 1 day, 16:36:07, time: 0.934, data_time: 0.354, memory: 14490, decode.loss_seg: 0.1050, decode.acc_seg: 80.8743, aux.loss_seg: 0.0607, aux.acc_seg: 79.3331, loss: 0.1658
2026-04-24 02:01:43,869 - mmseg - INFO - Iter [18700/160000]	lr: 1.380e-05, eta: 1 day, 16:30:36, time: 0.927, data_time: 0.356, memory: 14490, decode.loss_seg: 0.1106, decode.acc_seg: 80.7947, aux.loss_seg: 0.0616, aux.acc_seg: 79.3866, loss: 0.1721
2026-04-24 02:02:11,059 - mmseg - INFO - Iter [18750/160000]	lr: 1.379e-05, eta: 1 day, 16:08:50, time: 0.544, data_time: 0.005, memory: 14490, decode.loss_seg: 0.1113, decode.acc_seg: 81.0033, aux.loss_seg: 0.0644, aux.acc_seg: 79.3853, loss: 0.1757
2026-04-24 02:02:58,524 - mmseg - INFO - Iter [18800/160000]	lr: 1.379e-05, eta: 1 day, 16:04:53, time: 0.949, data_time: 0.396, memory: 14490, decode.loss_seg: 0.1072, decode.acc_seg: 81.4928, aux.loss_seg: 0.0614, aux.acc_seg: 79.9005, loss: 0.1686
2026-04-24 02:03:45,383 - mmseg - INFO - Iter [18850/160000]	lr: 1.378e-05, eta: 1 day, 16:00:31, time: 0.937, data_time: 0.352, memory: 14490, decode.loss_seg: 0.1121, decode.acc_seg: 82.1624, aux.loss_seg: 0.0615, aux.acc_seg: 80.8240, loss: 0.1736
2026-04-24 02:04:12,647 - mmseg - INFO - Iter [18900/160000]	lr: 1.378e-05, eta: 1 day, 15:40:25, time: 0.545, data_time: 0.004, memory: 14490, decode.loss_seg: 0.1079, decode.acc_seg: 81.3986, aux.loss_seg: 0.0601, aux.acc_seg: 80.0634, loss: 0.1680
2026-04-24 02:05:00,591 - mmseg - INFO - Iter [18950/160000]	lr: 1.377e-05, eta: 1 day, 15:37:26, time: 0.959, data_time: 0.334, memory: 14490, decode.loss_seg: 0.1108, decode.acc_seg: 81.9033, aux.loss_seg: 0.0608, aux.acc_seg: 80.5660, loss: 0.1716
2026-04-24 02:05:27,913 - mmseg - INFO - Exp name: pixel_upernet_itpn_large_12_512_slide_160k_air_polarsar2_amp_linux.py
2026-04-24 02:05:27,914 - mmseg - INFO - Iter [19000/160000]	lr: 1.377e-05, eta: 1 day, 15:18:23, time: 0.546, data_time: 0.004, memory: 14490, decode.loss_seg: 0.1104, decode.acc_seg: 82.2325, aux.loss_seg: 0.0620, aux.acc_seg: 80.7619, loss: 0.1724
2026-04-24 02:06:15,334 - mmseg - INFO - Iter [19050/160000]	lr: 1.376e-05, eta: 1 day, 15:15:26, time: 0.949, data_time: 0.388, memory: 14490, decode.loss_seg: 0.1115, decode.acc_seg: 80.9185, aux.loss_seg: 0.0626, aux.acc_seg: 79.4260, loss: 0.1742
2026-04-24 02:07:02,753 - mmseg - INFO - Iter [19100/160000]	lr: 1.376e-05, eta: 1 day, 15:12:32, time: 0.948, data_time: 0.368, memory: 14490, decode.loss_seg: 0.1128, decode.acc_seg: 80.7719, aux.loss_seg: 0.0661, aux.acc_seg: 79.1316, loss: 0.1789
2026-04-24 02:07:29,945 - mmseg - INFO - Iter [19150/160000]	lr: 1.376e-05, eta: 1 day, 14:54:38, time: 0.544, data_time: 0.004, memory: 14490, decode.loss_seg: 0.1171, decode.acc_seg: 81.2630, aux.loss_seg: 0.0632, aux.acc_seg: 79.8409, loss: 0.1802
2026-04-24 02:08:17,285 - mmseg - INFO - Iter [19200/160000]	lr: 1.375e-05, eta: 1 day, 14:52:04, time: 0.947, data_time: 0.363, memory: 14490, decode.loss_seg: 0.1087, decode.acc_seg: 80.5910, aux.loss_seg: 0.0616, aux.acc_seg: 79.0225, loss: 0.1702
2026-04-24 02:09:04,326 - mmseg - INFO - Iter [19250/160000]	lr: 1.375e-05, eta: 1 day, 14:49:19, time: 0.941, data_time: 0.400, memory: 14490, decode.loss_seg: 0.1069, decode.acc_seg: 81.1812, aux.loss_seg: 0.0598, aux.acc_seg: 79.8307, loss: 0.1667
2026-04-24 02:09:31,526 - mmseg - INFO - Iter [19300/160000]	lr: 1.374e-05, eta: 1 day, 14:32:32, time: 0.544, data_time: 0.004, memory: 14490, decode.loss_seg: 0.1089, decode.acc_seg: 81.9042, aux.loss_seg: 0.0628, aux.acc_seg: 80.3872, loss: 0.1717
2026-04-24 02:10:19,232 - mmseg - INFO - Iter [19350/160000]	lr: 1.374e-05, eta: 1 day, 14:30:36, time: 0.954, data_time: 0.357, memory: 14490, decode.loss_seg: 0.1171, decode.acc_seg: 81.6902, aux.loss_seg: 0.0665, aux.acc_seg: 80.1658, loss: 0.1836
2026-04-24 02:11:06,071 - mmseg - INFO - Iter [19400/160000]	lr: 1.373e-05, eta: 1 day, 14:28:06, time: 0.937, data_time: 0.355, memory: 14490, decode.loss_seg: 0.1087, decode.acc_seg: 79.7959, aux.loss_seg: 0.0602, aux.acc_seg: 78.3976, loss: 0.1688
2026-04-24 02:11:33,289 - mmseg - INFO - Iter [19450/160000]	lr: 1.373e-05, eta: 1 day, 14:12:19, time: 0.544, data_time: 0.004, memory: 14490, decode.loss_seg: 0.1110, decode.acc_seg: 81.4154, aux.loss_seg: 0.0624, aux.acc_seg: 80.0168, loss: 0.1734
2026-04-24 02:12:19,971 - mmseg - INFO - Iter [19500/160000]	lr: 1.372e-05, eta: 1 day, 14:10:00, time: 0.934, data_time: 0.318, memory: 14490, decode.loss_seg: 0.1080, decode.acc_seg: 82.0704, aux.loss_seg: 0.0605, aux.acc_seg: 80.6377, loss: 0.1685
2026-04-24 02:13:06,446 - mmseg - INFO - Iter [19550/160000]	lr: 1.372e-05, eta: 1 day, 14:07:35, time: 0.929, data_time: 0.382, memory: 14490, decode.loss_seg: 0.1043, decode.acc_seg: 82.0273, aux.loss_seg: 0.0584, aux.acc_seg: 80.6331, loss: 0.1626
2026-04-24 02:13:33,634 - mmseg - INFO - Iter [19600/160000]	lr: 1.371e-05, eta: 1 day, 13:52:41, time: 0.544, data_time: 0.004, memory: 14490, decode.loss_seg: 0.1062, decode.acc_seg: 81.8572, aux.loss_seg: 0.0604, aux.acc_seg: 80.3262, loss: 0.1666
2026-04-24 02:14:19,759 - mmseg - INFO - Iter [19650/160000]	lr: 1.371e-05, eta: 1 day, 13:50:18, time: 0.922, data_time: 0.347, memory: 14490, decode.loss_seg: 0.1067, decode.acc_seg: 80.9854, aux.loss_seg: 0.0595, aux.acc_seg: 79.5788, loss: 0.1661
2026-04-24 02:15:06,073 - mmseg - INFO - Iter [19700/160000]	lr: 1.370e-05, eta: 1 day, 13:48:06, time: 0.926, data_time: 0.343, memory: 14490, decode.loss_seg: 0.1037, decode.acc_seg: 81.4576, aux.loss_seg: 0.0627, aux.acc_seg: 79.8834, loss: 0.1664
2026-04-24 02:15:33,216 - mmseg - INFO - Iter [19750/160000]	lr: 1.370e-05, eta: 1 day, 13:33:58, time: 0.543, data_time: 0.004, memory: 14490, decode.loss_seg: 0.1047, decode.acc_seg: 82.8862, aux.loss_seg: 0.0585, aux.acc_seg: 81.5236, loss: 0.1631
2026-04-24 02:16:20,522 - mmseg - INFO - Iter [19800/160000]	lr: 1.369e-05, eta: 1 day, 13:32:37, time: 0.946, data_time: 0.374, memory: 14490, decode.loss_seg: 0.1045, decode.acc_seg: 81.8636, aux.loss_seg: 0.0582, aux.acc_seg: 80.4869, loss: 0.1627
2026-04-24 02:16:47,700 - mmseg - INFO - Iter [19850/160000]	lr: 1.369e-05, eta: 1 day, 13:19:03, time: 0.543, data_time: 0.005, memory: 14490, decode.loss_seg: 0.1038, decode.acc_seg: 81.5002, aux.loss_seg: 0.0597, aux.acc_seg: 80.0528, loss: 0.1635
2026-04-24 02:17:33,804 - mmseg - INFO - Iter [19900/160000]	lr: 1.368e-05, eta: 1 day, 13:17:10, time: 0.922, data_time: 0.356, memory: 14490, decode.loss_seg: 0.0980, decode.acc_seg: 81.0281, aux.loss_seg: 0.0564, aux.acc_seg: 79.6184, loss: 0.1543
2026-04-24 02:18:20,349 - mmseg - INFO - Iter [19950/160000]	lr: 1.368e-05, eta: 1 day, 13:15:34, time: 0.931, data_time: 0.361, memory: 14490, decode.loss_seg: 0.1121, decode.acc_seg: 81.7676, aux.loss_seg: 0.0643, aux.acc_seg: 80.2987, loss: 0.1765
2026-04-24 02:19:00,790 - mmseg - INFO - per class results:
2026-04-24 02:19:00,790 - mmseg - INFO - 
+------------+-------+-------+
| Class      | IoU   | Acc   |
+------------+-------+-------+
| housing    | 91.59 | 95.48 |
| industrial | 89.46 | 94.53 |
| natural    | 77.63 | 81.83 |
| land_use   | 66.4  | 73.25 |
| water      | 89.43 | 96.28 |
| other      | 95.78 | 97.93 |
+------------+-------+-------+
2026-04-24 02:19:00,791 - mmseg - INFO - Summary:
2026-04-24 02:19:00,791 - mmseg - INFO - 
+--------+-------+-------+-------+
| Scope  | mIoU  | mAcc  | aAcc  |
+--------+-------+-------+-------+
| global | 85.05 | 89.88 | 93.45 |
+--------+-------+-------+-------+
2026-04-24 02:19:00,828 - mmseg - INFO - Exp name: pixel_upernet_itpn_large_12_512_slide_160k_air_polarsar2_amp_linux.py
2026-04-24 02:19:00,828 - mmseg - INFO - Iter [20000/160000]	lr: 1.367e-05, eta: 1 day, 19:31:03, time: 13.859, data_time: 0.000, memory: 14490, mIoU: 0.8505, mAcc: 0.8988, aAcc: 0.9345
2026-04-24 02:19:47,505 - mmseg - INFO - Iter [20050/160000]	lr: 1.367e-05, eta: 1 day, 19:24:47, time: 0.933, data_time: 0.343, memory: 14490, decode.loss_seg: 0.1017, decode.acc_seg: 80.4312, aux.loss_seg: 0.0588, aux.acc_seg: 78.8775, loss: 0.1606
2026-04-24 02:20:34,359 - mmseg - INFO - Iter [20100/160000]	lr: 1.366e-05, eta: 1 day, 19:18:44, time: 0.937, data_time: 0.329, memory: 14490, decode.loss_seg: 0.1052, decode.acc_seg: 81.8140, aux.loss_seg: 0.0589, aux.acc_seg: 80.4523, loss: 0.1641
2026-04-24 02:21:01,625 - mmseg - INFO - Iter [20150/160000]	lr: 1.366e-05, eta: 1 day, 19:01:49, time: 0.545, data_time: 0.005, memory: 14490, decode.loss_seg: 0.1068, decode.acc_seg: 82.1228, aux.loss_seg: 0.0600, aux.acc_seg: 80.7342, loss: 0.1668
2026-04-24 02:21:48,368 - mmseg - INFO - Iter [20200/160000]	lr: 1.365e-05, eta: 1 day, 18:56:06, time: 0.935, data_time: 0.345, memory: 14490, decode.loss_seg: 0.0998, decode.acc_seg: 80.7766, aux.loss_seg: 0.0570, aux.acc_seg: 79.3640, loss: 0.1568
2026-04-24 02:22:35,393 - mmseg - INFO - Iter [20250/160000]	lr: 1.365e-05, eta: 1 day, 18:50:40, time: 0.940, data_time: 0.378, memory: 14490, decode.loss_seg: 0.1067, decode.acc_seg: 81.8053, aux.loss_seg: 0.0596, aux.acc_seg: 80.3678, loss: 0.1663
2026-04-24 02:23:02,655 - mmseg - INFO - Iter [20300/160000]	lr: 1.364e-05, eta: 1 day, 18:34:37, time: 0.545, data_time: 0.004, memory: 14490, decode.loss_seg: 0.1028, decode.acc_seg: 81.9342, aux.loss_seg: 0.0574, aux.acc_seg: 80.5779, loss: 0.1602
2026-04-24 02:23:49,855 - mmseg - INFO - Iter [20350/160000]	lr: 1.364e-05, eta: 1 day, 18:29:37, time: 0.944, data_time: 0.375, memory: 14490, decode.loss_seg: 0.1029, decode.acc_seg: 81.1769, aux.loss_seg: 0.0581, aux.acc_seg: 79.8293, loss: 0.1610
2026-04-24 02:24:36,866 - mmseg - INFO - Iter [20400/160000]	lr: 1.363e-05, eta: 1 day, 18:24:35, time: 0.940, data_time: 0.370, memory: 14490, decode.loss_seg: 0.1065, decode.acc_seg: 83.1557, aux.loss_seg: 0.0594, aux.acc_seg: 81.6909, loss: 0.1659
2026-04-24 02:25:04,043 - mmseg - INFO - Iter [20450/160000]	lr: 1.363e-05, eta: 1 day, 18:09:18, time: 0.544, data_time: 0.005, memory: 14490, decode.loss_seg: 0.1033, decode.acc_seg: 81.6376, aux.loss_seg: 0.0574, aux.acc_seg: 80.2416, loss: 0.1606
2026-04-24 02:25:51,021 - mmseg - INFO - Iter [20500/160000]	lr: 1.362e-05, eta: 1 day, 18:04:34, time: 0.940, data_time: 0.336, memory: 14490, decode.loss_seg: 0.1052, decode.acc_seg: 80.4311, aux.loss_seg: 0.0588, aux.acc_seg: 79.0177, loss: 0.1640
2026-04-24 02:26:38,987 - mmseg - INFO - Iter [20550/160000]	lr: 1.362e-05, eta: 1 day, 18:00:26, time: 0.959, data_time: 0.399, memory: 14490, decode.loss_seg: 0.1053, decode.acc_seg: 81.8632, aux.loss_seg: 0.0599, aux.acc_seg: 80.3758, loss: 0.1652
2026-04-24 02:27:06,202 - mmseg - INFO - Iter [20600/160000]	lr: 1.361e-05, eta: 1 day, 17:45:54, time: 0.544, data_time: 0.005, memory: 14490, decode.loss_seg: 0.1022, decode.acc_seg: 81.9787, aux.loss_seg: 0.0588, aux.acc_seg: 80.4629, loss: 0.1610
2026-04-24 02:27:53,629 - mmseg - INFO - Iter [20650/160000]	lr: 1.361e-05, eta: 1 day, 17:41:44, time: 0.948, data_time: 0.346, memory: 14490, decode.loss_seg: 0.0987, decode.acc_seg: 81.9372, aux.loss_seg: 0.0554, aux.acc_seg: 80.6238, loss: 0.1540
2026-04-24 02:28:40,223 - mmseg - INFO - Iter [20700/160000]	lr: 1.360e-05, eta: 1 day, 17:37:16, time: 0.932, data_time: 0.324, memory: 14490, decode.loss_seg: 0.1023, decode.acc_seg: 82.7256, aux.loss_seg: 0.0571, aux.acc_seg: 81.3681, loss: 0.1594
2026-04-24 02:29:07,431 - mmseg - INFO - Iter [20750/160000]	lr: 1.360e-05, eta: 1 day, 17:23:23, time: 0.544, data_time: 0.005, memory: 14490, decode.loss_seg: 0.1030, decode.acc_seg: 81.1977, aux.loss_seg: 0.0576, aux.acc_seg: 79.8179, loss: 0.1606
2026-04-24 02:29:53,492 - mmseg - INFO - Iter [20800/160000]	lr: 1.359e-05, eta: 1 day, 17:18:53, time: 0.921, data_time: 0.361, memory: 14490, decode.loss_seg: 0.1043, decode.acc_seg: 82.5636, aux.loss_seg: 0.0583, aux.acc_seg: 81.2217, loss: 0.1626
2026-04-24 02:30:20,652 - mmseg - INFO - Iter [20850/160000]	lr: 1.359e-05, eta: 1 day, 17:05:26, time: 0.543, data_time: 0.005, memory: 14490, decode.loss_seg: 0.0987, decode.acc_seg: 80.7537, aux.loss_seg: 0.0561, aux.acc_seg: 79.4035, loss: 0.1548
2026-04-24 02:31:07,696 - mmseg - INFO - Iter [20900/160000]	lr: 1.358e-05, eta: 1 day, 17:01:40, time: 0.941, data_time: 0.360, memory: 14490, decode.loss_seg: 0.1017, decode.acc_seg: 81.0663, aux.loss_seg: 0.0579, aux.acc_seg: 79.6341, loss: 0.1595
2026-04-24 02:31:55,031 - mmseg - INFO - Iter [20950/160000]	lr: 1.358e-05, eta: 1 day, 16:58:05, time: 0.947, data_time: 0.362, memory: 14490, decode.loss_seg: 0.0978, decode.acc_seg: 80.9066, aux.loss_seg: 0.0541, aux.acc_seg: 79.6238, loss: 0.1519
2026-04-24 02:32:22,225 - mmseg - INFO - Exp name: pixel_upernet_itpn_large_12_512_slide_160k_air_polarsar2_amp_linux.py
2026-04-24 02:32:22,226 - mmseg - INFO - Iter [21000/160000]	lr: 1.357e-05, eta: 1 day, 16:45:14, time: 0.544, data_time: 0.005, memory: 14490, decode.loss_seg: 0.1009, decode.acc_seg: 81.6059, aux.loss_seg: 0.0565, aux.acc_seg: 80.2571, loss: 0.1574
2026-04-24 02:33:09,100 - mmseg - INFO - Iter [21050/160000]	lr: 1.357e-05, eta: 1 day, 16:41:39, time: 0.937, data_time: 0.371, memory: 14490, decode.loss_seg: 0.1417, decode.acc_seg: 80.1819, aux.loss_seg: 0.0712, aux.acc_seg: 79.0977, loss: 0.2129
2026-04-24 02:33:56,577 - mmseg - INFO - Iter [21100/160000]	lr: 1.356e-05, eta: 1 day, 16:38:23, time: 0.949, data_time: 0.398, memory: 14490, decode.loss_seg: 0.1190, decode.acc_seg: 81.1806, aux.loss_seg: 0.0623, aux.acc_seg: 79.9088, loss: 0.1813
2026-04-24 02:34:23,782 - mmseg - INFO - Iter [21150/160000]	lr: 1.356e-05, eta: 1 day, 16:26:04, time: 0.544, data_time: 0.005, memory: 14490, decode.loss_seg: 0.1089, decode.acc_seg: 82.6467, aux.loss_seg: 0.0598, aux.acc_seg: 81.2790, loss: 0.1687
2026-04-24 02:35:11,206 - mmseg - INFO - Iter [21200/160000]	lr: 1.355e-05, eta: 1 day, 16:22:58, time: 0.949, data_time: 0.335, memory: 14490, decode.loss_seg: 0.1031, decode.acc_seg: 82.3991, aux.loss_seg: 0.0576, aux.acc_seg: 81.0305, loss: 0.1607
2026-04-24 02:35:58,768 - mmseg - INFO - Iter [21250/160000]	lr: 1.355e-05, eta: 1 day, 16:19:59, time: 0.951, data_time: 0.412, memory: 14490, decode.loss_seg: 0.1132, decode.acc_seg: 82.7976, aux.loss_seg: 0.0657, aux.acc_seg: 81.2255, loss: 0.1789
2026-04-24 02:36:25,923 - mmseg - INFO - Iter [21300/160000]	lr: 1.355e-05, eta: 1 day, 16:08:08, time: 0.543, data_time: 0.004, memory: 14490, decode.loss_seg: 0.1031, decode.acc_seg: 84.1867, aux.loss_seg: 0.0587, aux.acc_seg: 82.6944, loss: 0.1618
2026-04-24 02:37:12,873 - mmseg - INFO - Iter [21350/160000]	lr: 1.354e-05, eta: 1 day, 16:05:03, time: 0.939, data_time: 0.387, memory: 14490, decode.loss_seg: 0.1032, decode.acc_seg: 80.9169, aux.loss_seg: 0.0583, aux.acc_seg: 79.4554, loss: 0.1615
2026-04-24 02:38:00,150 - mmseg - INFO - Iter [21400/160000]	lr: 1.354e-05, eta: 1 day, 16:02:08, time: 0.945, data_time: 0.384, memory: 14490, decode.loss_seg: 0.1008, decode.acc_seg: 81.6512, aux.loss_seg: 0.0583, aux.acc_seg: 80.2100, loss: 0.1591
2026-04-24 02:38:27,338 - mmseg - INFO - Iter [21450/160000]	lr: 1.353e-05, eta: 1 day, 15:50:46, time: 0.544, data_time: 0.004, memory: 14490, decode.loss_seg: 0.1004, decode.acc_seg: 82.5578, aux.loss_seg: 0.0571, aux.acc_seg: 81.0924, loss: 0.1575
2026-04-24 02:39:14,224 - mmseg - INFO - Iter [21500/160000]	lr: 1.353e-05, eta: 1 day, 15:47:51, time: 0.938, data_time: 0.397, memory: 14490, decode.loss_seg: 0.1027, decode.acc_seg: 82.3008, aux.loss_seg: 0.0601, aux.acc_seg: 80.8214, loss: 0.1628
2026-04-24 02:40:01,773 - mmseg - INFO - Iter [21550/160000]	lr: 1.352e-05, eta: 1 day, 15:45:15, time: 0.951, data_time: 0.348, memory: 14490, decode.loss_seg: 0.0960, decode.acc_seg: 81.3210, aux.loss_seg: 0.0553, aux.acc_seg: 79.9173, loss: 0.1513
2026-04-24 02:40:28,916 - mmseg - INFO - Iter [21600/160000]	lr: 1.352e-05, eta: 1 day, 15:34:17, time: 0.543, data_time: 0.004, memory: 14490, decode.loss_seg: 0.1035, decode.acc_seg: 83.6413, aux.loss_seg: 0.0577, aux.acc_seg: 82.2350, loss: 0.1612
2026-04-24 02:41:15,634 - mmseg - INFO - Iter [21650/160000]	lr: 1.351e-05, eta: 1 day, 15:31:29, time: 0.935, data_time: 0.358, memory: 14490, decode.loss_seg: 0.0981, decode.acc_seg: 82.4973, aux.loss_seg: 0.0544, aux.acc_seg: 81.2005, loss: 0.1525
2026-04-24 02:42:02,244 - mmseg - INFO - Iter [21700/160000]	lr: 1.351e-05, eta: 1 day, 15:28:41, time: 0.932, data_time: 0.393, memory: 14490, decode.loss_seg: 0.1035, decode.acc_seg: 83.0298, aux.loss_seg: 0.0590, aux.acc_seg: 81.5473, loss: 0.1625
2026-04-24 02:42:29,379 - mmseg - INFO - Iter [21750/160000]	lr: 1.350e-05, eta: 1 day, 15:18:07, time: 0.543, data_time: 0.005, memory: 14490, decode.loss_seg: 0.1000, decode.acc_seg: 83.6264, aux.loss_seg: 0.0580, aux.acc_seg: 82.0466, loss: 0.1580
2026-04-24 02:43:17,015 - mmseg - INFO - Iter [21800/160000]	lr: 1.350e-05, eta: 1 day, 15:15:51, time: 0.953, data_time: 0.380, memory: 14490, decode.loss_seg: 0.0977, decode.acc_seg: 82.7768, aux.loss_seg: 0.0561, aux.acc_seg: 81.3795, loss: 0.1538
2026-04-24 02:43:44,190 - mmseg - INFO - Iter [21850/160000]	lr: 1.349e-05, eta: 1 day, 15:05:34, time: 0.543, data_time: 0.004, memory: 14490, decode.loss_seg: 0.0996, decode.acc_seg: 83.3366, aux.loss_seg: 0.0562, aux.acc_seg: 82.0056, loss: 0.1558
2026-04-24 02:44:31,624 - mmseg - INFO - Iter [21900/160000]	lr: 1.349e-05, eta: 1 day, 15:03:21, time: 0.949, data_time: 0.410, memory: 14490, decode.loss_seg: 0.0997, decode.acc_seg: 82.1325, aux.loss_seg: 0.0556, aux.acc_seg: 80.7878, loss: 0.1553
2026-04-24 02:45:18,293 - mmseg - INFO - Iter [21950/160000]	lr: 1.348e-05, eta: 1 day, 15:00:52, time: 0.933, data_time: 0.345, memory: 14490, decode.loss_seg: 0.1054, decode.acc_seg: 83.3007, aux.loss_seg: 0.0640, aux.acc_seg: 81.8593, loss: 0.1694
2026-04-24 02:45:57,540 - mmseg - INFO - per class results:
2026-04-24 02:45:57,541 - mmseg - INFO - 
+------------+-------+-------+
| Class      | IoU   | Acc   |
+------------+-------+-------+
| housing    | 92.21 | 96.15 |
| industrial | 90.6  | 94.51 |
| natural    | 82.29 | 87.18 |
| land_use   | 69.82 | 79.38 |
| water      | 90.6  | 96.34 |
| other      | 96.52 | 98.42 |
+------------+-------+-------+
2026-04-24 02:45:57,541 - mmseg - INFO - Summary:
2026-04-24 02:45:57,541 - mmseg - INFO - 
+--------+-------+------+-------+
| Scope  | mIoU  | mAcc | aAcc  |
+--------+-------+------+-------+
| global | 87.01 | 92.0 | 94.18 |
+--------+-------+------+-------+
2026-04-24 02:45:57,563 - mmseg - INFO - Exp name: pixel_upernet_itpn_large_12_512_slide_160k_air_polarsar2_amp_linux.py
2026-04-24 02:45:57,563 - mmseg - INFO - Iter [22000/160000]	lr: 1.348e-05, eta: 1 day, 18:42:19, time: 12.615, data_time: 0.000, memory: 14490, mIoU: 0.8701, mAcc: 0.9200, aAcc: 0.9418
2026-04-24 02:46:43,888 - mmseg - INFO - Iter [22050/160000]	lr: 1.347e-05, eta: 1 day, 18:37:49, time: 0.926, data_time: 0.351, memory: 14490, decode.loss_seg: 0.1038, decode.acc_seg: 83.5501, aux.loss_seg: 0.0597, aux.acc_seg: 81.9941, loss: 0.1634
2026-04-24 02:47:29,704 - mmseg - INFO - Iter [22100/160000]	lr: 1.347e-05, eta: 1 day, 18:33:12, time: 0.917, data_time: 0.316, memory: 14490, decode.loss_seg: 0.0932, decode.acc_seg: 80.9119, aux.loss_seg: 0.0533, aux.acc_seg: 79.5948, loss: 0.1465
2026-04-24 02:47:56,827 - mmseg - INFO - Iter [22150/160000]	lr: 1.346e-05, eta: 1 day, 18:21:39, time: 0.542, data_time: 0.005, memory: 14490, decode.loss_seg: 0.0952, decode.acc_seg: 80.7463, aux.loss_seg: 0.0535, aux.acc_seg: 79.3954, loss: 0.1487
2026-04-24 02:48:43,355 - mmseg - INFO - Iter [22200/160000]	lr: 1.346e-05, eta: 1 day, 18:17:28, time: 0.931, data_time: 0.333, memory: 14490, decode.loss_seg: 0.0940, decode.acc_seg: 82.0092, aux.loss_seg: 0.0531, aux.acc_seg: 80.6272, loss: 0.1471
2026-04-24 02:49:29,906 - mmseg - INFO - Iter [22250/160000]	lr: 1.345e-05, eta: 1 day, 18:13:22, time: 0.931, data_time: 0.371, memory: 14490, decode.loss_seg: 0.0936, decode.acc_seg: 83.6519, aux.loss_seg: 0.0518, aux.acc_seg: 82.3697, loss: 0.1454
2026-04-24 02:49:57,110 - mmseg - INFO - Iter [22300/160000]	lr: 1.345e-05, eta: 1 day, 18:02:15, time: 0.544, data_time: 0.005, memory: 14490, decode.loss_seg: 0.0963, decode.acc_seg: 82.2680, aux.loss_seg: 0.0555, aux.acc_seg: 80.7378, loss: 0.1518
2026-04-24 02:50:44,587 - mmseg - INFO - Iter [22350/160000]	lr: 1.344e-05, eta: 1 day, 17:58:38, time: 0.950, data_time: 0.371, memory: 14490, decode.loss_seg: 0.0976, decode.acc_seg: 83.7938, aux.loss_seg: 0.0560, aux.acc_seg: 82.3988, loss: 0.1536
2026-04-24 02:51:31,369 - mmseg - INFO - Iter [22400/160000]	lr: 1.344e-05, eta: 1 day, 17:54:49, time: 0.936, data_time: 0.387, memory: 14490, decode.loss_seg: 0.0956, decode.acc_seg: 82.6399, aux.loss_seg: 0.0553, aux.acc_seg: 81.2405, loss: 0.1509
2026-04-24 02:51:58,506 - mmseg - INFO - Iter [22450/160000]	lr: 1.343e-05, eta: 1 day, 17:44:03, time: 0.543, data_time: 0.005, memory: 14490, decode.loss_seg: 0.0994, decode.acc_seg: 82.9549, aux.loss_seg: 0.0542, aux.acc_seg: 81.7516, loss: 0.1535
2026-04-24 02:52:44,785 - mmseg - INFO - Iter [22500/160000]	lr: 1.343e-05, eta: 1 day, 17:40:12, time: 0.926, data_time: 0.338, memory: 14490, decode.loss_seg: 0.0929, decode.acc_seg: 81.4185, aux.loss_seg: 0.0536, aux.acc_seg: 80.0746, loss: 0.1464
2026-04-24 02:53:31,304 - mmseg - INFO - Iter [22550/160000]	lr: 1.342e-05, eta: 1 day, 17:36:29, time: 0.930, data_time: 0.361, memory: 14490, decode.loss_seg: 0.0982, decode.acc_seg: 81.4370, aux.loss_seg: 0.0564, aux.acc_seg: 80.0609, loss: 0.1546
2026-04-24 02:53:58,537 - mmseg - INFO - Iter [22600/160000]	lr: 1.342e-05, eta: 1 day, 17:26:07, time: 0.545, data_time: 0.005, memory: 14490, decode.loss_seg: 0.1118, decode.acc_seg: 82.1302, aux.loss_seg: 0.0635, aux.acc_seg: 80.7054, loss: 0.1753
2026-04-24 02:54:45,558 - mmseg - INFO - Iter [22650/160000]	lr: 1.341e-05, eta: 1 day, 17:22:43, time: 0.940, data_time: 0.366, memory: 14490, decode.loss_seg: 0.1061, decode.acc_seg: 81.7414, aux.loss_seg: 0.0602, aux.acc_seg: 80.2282, loss: 0.1663
2026-04-24 02:55:31,719 - mmseg - INFO - Iter [22700/160000]	lr: 1.341e-05, eta: 1 day, 17:19:04, time: 0.923, data_time: 0.363, memory: 14490, decode.loss_seg: 0.0949, decode.acc_seg: 83.0285, aux.loss_seg: 0.0534, aux.acc_seg: 81.7702, loss: 0.1483
2026-04-24 02:55:58,863 - mmseg - INFO - Iter [22750/160000]	lr: 1.340e-05, eta: 1 day, 17:09:00, time: 0.543, data_time: 0.005, memory: 14490, decode.loss_seg: 0.0994, decode.acc_seg: 83.2400, aux.loss_seg: 0.0573, aux.acc_seg: 81.6566, loss: 0.1567
2026-04-24 02:56:46,149 - mmseg - INFO - Iter [22800/160000]	lr: 1.340e-05, eta: 1 day, 17:05:51, time: 0.946, data_time: 0.407, memory: 14490, decode.loss_seg: 0.1029, decode.acc_seg: 82.1611, aux.loss_seg: 0.0600, aux.acc_seg: 80.6952, loss: 0.1629
2026-04-24 02:57:13,320 - mmseg - INFO - Iter [22850/160000]	lr: 1.339e-05, eta: 1 day, 16:56:02, time: 0.543, data_time: 0.005, memory: 14490, decode.loss_seg: 0.0903, decode.acc_seg: 82.9357, aux.loss_seg: 0.0513, aux.acc_seg: 81.6663, loss: 0.1416
2026-04-24 02:58:00,140 - mmseg - INFO - Iter [22900/160000]	lr: 1.339e-05, eta: 1 day, 16:52:51, time: 0.936, data_time: 0.396, memory: 14490, decode.loss_seg: 0.0912, decode.acc_seg: 82.8771, aux.loss_seg: 0.0522, aux.acc_seg: 81.5365, loss: 0.1434
2026-04-24 02:58:46,815 - mmseg - INFO - Iter [22950/160000]	lr: 1.338e-05, eta: 1 day, 16:49:39, time: 0.934, data_time: 0.379, memory: 14490, decode.loss_seg: 0.0936, decode.acc_seg: 81.7147, aux.loss_seg: 0.0530, aux.acc_seg: 80.4040, loss: 0.1467
2026-04-24 02:59:13,999 - mmseg - INFO - Exp name: pixel_upernet_itpn_large_12_512_slide_160k_air_polarsar2_amp_linux.py
2026-04-24 02:59:14,000 - mmseg - INFO - Iter [23000/160000]	lr: 1.338e-05, eta: 1 day, 16:40:08, time: 0.544, data_time: 0.005, memory: 14490, decode.loss_seg: 0.0935, decode.acc_seg: 82.9247, aux.loss_seg: 0.0527, aux.acc_seg: 81.6014, loss: 0.1462
2026-04-24 03:00:01,588 - mmseg - INFO - Iter [23050/160000]	lr: 1.337e-05, eta: 1 day, 16:37:21, time: 0.952, data_time: 0.346, memory: 14490, decode.loss_seg: 0.0918, decode.acc_seg: 81.7936, aux.loss_seg: 0.0558, aux.acc_seg: 80.1278, loss: 0.1477
2026-04-24 03:00:48,554 - mmseg - INFO - Iter [23100/160000]	lr: 1.337e-05, eta: 1 day, 16:34:24, time: 0.939, data_time: 0.394, memory: 14490, decode.loss_seg: 0.0913, decode.acc_seg: 82.2800, aux.loss_seg: 0.0525, aux.acc_seg: 80.9471, loss: 0.1438
2026-04-24 03:01:15,675 - mmseg - INFO - Iter [23150/160000]	lr: 1.336e-05, eta: 1 day, 16:25:08, time: 0.543, data_time: 0.005, memory: 14490, decode.loss_seg: 0.0948, decode.acc_seg: 81.9275, aux.loss_seg: 0.0540, aux.acc_seg: 80.5736, loss: 0.1488
2026-04-24 03:02:03,040 - mmseg - INFO - Iter [23200/160000]	lr: 1.336e-05, eta: 1 day, 16:22:25, time: 0.947, data_time: 0.393, memory: 14490, decode.loss_seg: 0.1009, decode.acc_seg: 81.8903, aux.loss_seg: 0.0562, aux.acc_seg: 80.5635, loss: 0.1570
2026-04-24 03:02:49,234 - mmseg - INFO - Iter [23250/160000]	lr: 1.335e-05, eta: 1 day, 16:19:21, time: 0.924, data_time: 0.341, memory: 14490, decode.loss_seg: 0.0917, decode.acc_seg: 82.3107, aux.loss_seg: 0.0527, aux.acc_seg: 80.9267, loss: 0.1444
2026-04-24 03:03:16,291 - mmseg - INFO - Iter [23300/160000]	lr: 1.335e-05, eta: 1 day, 16:10:21, time: 0.541, data_time: 0.004, memory: 14490, decode.loss_seg: 0.0968, decode.acc_seg: 83.3126, aux.loss_seg: 0.0543, aux.acc_seg: 81.9995, loss: 0.1510
2026-04-24 03:04:02,032 - mmseg - INFO - Iter [23350/160000]	lr: 1.334e-05, eta: 1 day, 16:07:15, time: 0.915, data_time: 0.354, memory: 14490, decode.loss_seg: 0.0966, decode.acc_seg: 82.1814, aux.loss_seg: 0.0545, aux.acc_seg: 80.8789, loss: 0.1510
2026-04-24 03:04:48,450 - mmseg - INFO - Iter [23400/160000]	lr: 1.334e-05, eta: 1 day, 16:04:23, time: 0.928, data_time: 0.385, memory: 14490, decode.loss_seg: 0.0945, decode.acc_seg: 81.1517, aux.loss_seg: 0.0542, aux.acc_seg: 79.7385, loss: 0.1487
2026-04-24 03:05:15,727 - mmseg - INFO - Iter [23450/160000]	lr: 1.334e-05, eta: 1 day, 15:55:43, time: 0.546, data_time: 0.004, memory: 14490, decode.loss_seg: 0.1070, decode.acc_seg: 82.4119, aux.loss_seg: 0.0602, aux.acc_seg: 80.9530, loss: 0.1672
2026-04-24 03:06:02,269 - mmseg - INFO - Iter [23500/160000]	lr: 1.333e-05, eta: 1 day, 15:52:59, time: 0.931, data_time: 0.347, memory: 14490, decode.loss_seg: 0.0938, decode.acc_seg: 82.0111, aux.loss_seg: 0.0528, aux.acc_seg: 80.7022, loss: 0.1466
2026-04-24 03:06:49,633 - mmseg - INFO - Iter [23550/160000]	lr: 1.333e-05, eta: 1 day, 15:50:32, time: 0.947, data_time: 0.345, memory: 14490, decode.loss_seg: 0.0911, decode.acc_seg: 82.9632, aux.loss_seg: 0.0519, aux.acc_seg: 81.6071, loss: 0.1430
2026-04-24 03:07:16,838 - mmseg - INFO - Iter [23600/160000]	lr: 1.332e-05, eta: 1 day, 15:42:04, time: 0.544, data_time: 0.004, memory: 14490, decode.loss_seg: 0.1031, decode.acc_seg: 82.5383, aux.loss_seg: 0.0627, aux.acc_seg: 81.0973, loss: 0.1658
2026-04-24 03:08:03,705 - mmseg - INFO - Iter [23650/160000]	lr: 1.332e-05, eta: 1 day, 15:39:34, time: 0.938, data_time: 0.374, memory: 14490, decode.loss_seg: 0.0915, decode.acc_seg: 81.2942, aux.loss_seg: 0.0515, aux.acc_seg: 80.0081, loss: 0.1429
2026-04-24 03:08:31,020 - mmseg - INFO - Iter [23700/160000]	lr: 1.331e-05, eta: 1 day, 15:31:18, time: 0.546, data_time: 0.004, memory: 14490, decode.loss_seg: 0.0886, decode.acc_seg: 82.4039, aux.loss_seg: 0.0507, aux.acc_seg: 81.0619, loss: 0.1393
2026-04-24 03:09:17,666 - mmseg - INFO - Iter [23750/160000]	lr: 1.331e-05, eta: 1 day, 15:28:48, time: 0.933, data_time: 0.386, memory: 14490, decode.loss_seg: 0.0978, decode.acc_seg: 83.1965, aux.loss_seg: 0.0553, aux.acc_seg: 81.7599, loss: 0.1531
2026-04-24 03:10:05,161 - mmseg - INFO - Iter [23800/160000]	lr: 1.330e-05, eta: 1 day, 15:26:35, time: 0.950, data_time: 0.381, memory: 14490, decode.loss_seg: 0.0898, decode.acc_seg: 83.0713, aux.loss_seg: 0.0512, aux.acc_seg: 81.7215, loss: 0.1410
2026-04-24 03:10:32,399 - mmseg - INFO - Iter [23850/160000]	lr: 1.330e-05, eta: 1 day, 15:18:31, time: 0.545, data_time: 0.005, memory: 14490, decode.loss_seg: 0.0946, decode.acc_seg: 81.0431, aux.loss_seg: 0.0529, aux.acc_seg: 79.7443, loss: 0.1476
2026-04-24 03:11:19,916 - mmseg - INFO - Iter [23900/160000]	lr: 1.329e-05, eta: 1 day, 15:16:22, time: 0.950, data_time: 0.392, memory: 14490, decode.loss_seg: 0.0915, decode.acc_seg: 81.5675, aux.loss_seg: 0.0510, aux.acc_seg: 80.3039, loss: 0.1425
2026-04-24 03:12:05,621 - mmseg - INFO - Iter [23950/160000]	lr: 1.329e-05, eta: 1 day, 15:13:43, time: 0.914, data_time: 0.358, memory: 14490, decode.loss_seg: 0.0988, decode.acc_seg: 81.8515, aux.loss_seg: 0.0549, aux.acc_seg: 80.4964, loss: 0.1537
2026-04-24 03:12:44,479 - mmseg - INFO - per class results:
2026-04-24 03:12:44,480 - mmseg - INFO - 
+------------+-------+-------+
| Class      | IoU   | Acc   |
+------------+-------+-------+
| housing    | 92.49 | 96.0  |
| industrial | 90.6  | 95.23 |
| natural    | 82.63 | 87.84 |
| land_use   | 69.04 | 75.38 |
| water      | 90.69 | 96.6  |
| other      | 96.56 | 98.58 |
+------------+-------+-------+
2026-04-24 03:12:44,480 - mmseg - INFO - Summary:
2026-04-24 03:12:44,480 - mmseg - INFO - 
+--------+------+------+-------+
| Scope  | mIoU | mAcc | aAcc  |
+--------+------+------+-------+
| global | 87.0 | 91.6 | 94.23 |
+--------+------+------+-------+
2026-04-24 03:12:44,505 - mmseg - INFO - Exp name: pixel_upernet_itpn_large_12_512_slide_160k_air_polarsar2_amp_linux.py
2026-04-24 03:12:44,505 - mmseg - INFO - Iter [24000/160000]	lr: 1.328e-05, eta: 1 day, 17:51:45, time: 12.254, data_time: 0.000, memory: 14490, mIoU: 0.8700, mAcc: 0.9160, aAcc: 0.9423
2026-04-24 03:13:31,437 - mmseg - INFO - Iter [24050/160000]	lr: 1.328e-05, eta: 1 day, 17:48:26, time: 0.938, data_time: 0.354, memory: 14490, decode.loss_seg: 0.0985, decode.acc_seg: 82.0657, aux.loss_seg: 0.0538, aux.acc_seg: 80.8148, loss: 0.1523
2026-04-24 03:14:17,603 - mmseg - INFO - Iter [24100/160000]	lr: 1.327e-05, eta: 1 day, 17:44:57, time: 0.924, data_time: 0.374, memory: 14490, decode.loss_seg: 0.0997, decode.acc_seg: 82.1225, aux.loss_seg: 0.0547, aux.acc_seg: 80.7899, loss: 0.1543
2026-04-24 03:14:44,899 - mmseg - INFO - Iter [24150/160000]	lr: 1.327e-05, eta: 1 day, 17:36:15, time: 0.546, data_time: 0.004, memory: 14490, decode.loss_seg: 0.0941, decode.acc_seg: 81.5774, aux.loss_seg: 0.0533, aux.acc_seg: 80.2079, loss: 0.1474
2026-04-24 03:15:32,681 - mmseg - INFO - Iter [24200/160000]	lr: 1.326e-05, eta: 1 day, 17:33:18, time: 0.956, data_time: 0.391, memory: 14490, decode.loss_seg: 0.0953, decode.acc_seg: 82.9186, aux.loss_seg: 0.0532, aux.acc_seg: 81.6080, loss: 0.1484
2026-04-24 03:16:18,592 - mmseg - INFO - Iter [24250/160000]	lr: 1.326e-05, eta: 1 day, 17:29:52, time: 0.918, data_time: 0.322, memory: 14490, decode.loss_seg: 0.0878, decode.acc_seg: 82.6312, aux.loss_seg: 0.0493, aux.acc_seg: 81.3399, loss: 0.1371
2026-04-24 03:16:45,865 - mmseg - INFO - Iter [24300/160000]	lr: 1.325e-05, eta: 1 day, 17:21:23, time: 0.545, data_time: 0.005, memory: 14490, decode.loss_seg: 0.0966, decode.acc_seg: 82.6676, aux.loss_seg: 0.0543, aux.acc_seg: 81.2826, loss: 0.1508
2026-04-24 03:17:32,622 - mmseg - INFO - Iter [24350/160000]	lr: 1.325e-05, eta: 1 day, 17:18:17, time: 0.935, data_time: 0.393, memory: 14490, decode.loss_seg: 0.1001, decode.acc_seg: 81.5947, aux.loss_seg: 0.0551, aux.acc_seg: 80.3120, loss: 0.1553
2026-04-24 03:18:20,268 - mmseg - INFO - Iter [24400/160000]	lr: 1.324e-05, eta: 1 day, 17:15:26, time: 0.953, data_time: 0.314, memory: 14490, decode.loss_seg: 0.0985, decode.acc_seg: 82.9445, aux.loss_seg: 0.0583, aux.acc_seg: 81.3818, loss: 0.1568
2026-04-24 03:18:47,566 - mmseg - INFO - Iter [24450/160000]	lr: 1.324e-05, eta: 1 day, 17:07:11, time: 0.546, data_time: 0.004, memory: 14490, decode.loss_seg: 0.0910, decode.acc_seg: 81.8230, aux.loss_seg: 0.0511, aux.acc_seg: 80.5265, loss: 0.1422
2026-04-24 03:19:33,295 - mmseg - INFO - Iter [24500/160000]	lr: 1.323e-05, eta: 1 day, 17:03:55, time: 0.915, data_time: 0.345, memory: 14490, decode.loss_seg: 0.1070, decode.acc_seg: 80.6383, aux.loss_seg: 0.0579, aux.acc_seg: 79.3323, loss: 0.1650
2026-04-24 03:20:19,764 - mmseg - INFO - Iter [24550/160000]	lr: 1.323e-05, eta: 1 day, 17:00:52, time: 0.929, data_time: 0.377, memory: 14490, decode.loss_seg: 0.0882, decode.acc_seg: 80.5756, aux.loss_seg: 0.0505, aux.acc_seg: 79.2452, loss: 0.1387
2026-04-24 03:20:46,983 - mmseg - INFO - Iter [24600/160000]	lr: 1.322e-05, eta: 1 day, 16:52:48, time: 0.544, data_time: 0.004, memory: 14490, decode.loss_seg: 0.0917, decode.acc_seg: 81.0058, aux.loss_seg: 0.0509, aux.acc_seg: 79.7536, loss: 0.1426
2026-04-24 03:21:33,085 - mmseg - INFO - Iter [24650/160000]	lr: 1.322e-05, eta: 1 day, 16:49:45, time: 0.922, data_time: 0.329, memory: 14490, decode.loss_seg: 0.0943, decode.acc_seg: 81.7281, aux.loss_seg: 0.0522, aux.acc_seg: 80.4800, loss: 0.1465
2026-04-24 03:22:00,258 - mmseg - INFO - Iter [24700/160000]	lr: 1.321e-05, eta: 1 day, 16:41:49, time: 0.544, data_time: 0.004, memory: 14490, decode.loss_seg: 0.0967, decode.acc_seg: 82.7246, aux.loss_seg: 0.0540, aux.acc_seg: 81.2847, loss: 0.1507
2026-04-24 03:22:47,530 - mmseg - INFO - Iter [24750/160000]	lr: 1.321e-05, eta: 1 day, 16:39:08, time: 0.945, data_time: 0.370, memory: 14490, decode.loss_seg: 0.0884, decode.acc_seg: 81.4451, aux.loss_seg: 0.0509, aux.acc_seg: 79.9481, loss: 0.1393
2026-04-24 03:23:34,900 - mmseg - INFO - Iter [24800/160000]	lr: 1.320e-05, eta: 1 day, 16:36:31, time: 0.947, data_time: 0.355, memory: 14490, decode.loss_seg: 0.0883, decode.acc_seg: 83.4027, aux.loss_seg: 0.0504, aux.acc_seg: 82.0979, loss: 0.1386
2026-04-24 03:24:02,147 - mmseg - INFO - Iter [24850/160000]	lr: 1.320e-05, eta: 1 day, 16:28:47, time: 0.545, data_time: 0.004, memory: 14490, decode.loss_seg: 0.0944, decode.acc_seg: 82.3598, aux.loss_seg: 0.0526, aux.acc_seg: 81.0336, loss: 0.1470
2026-04-24 03:24:48,575 - mmseg - INFO - Iter [24900/160000]	lr: 1.319e-05, eta: 1 day, 16:26:00, time: 0.929, data_time: 0.383, memory: 14490, decode.loss_seg: 0.0883, decode.acc_seg: 82.4147, aux.loss_seg: 0.0509, aux.acc_seg: 81.0935, loss: 0.1392
2026-04-24 03:25:35,393 - mmseg - INFO - Iter [24950/160000]	lr: 1.319e-05, eta: 1 day, 16:23:19, time: 0.936, data_time: 0.357, memory: 14490, decode.loss_seg: 0.0896, decode.acc_seg: 81.6542, aux.loss_seg: 0.0546, aux.acc_seg: 80.0830, loss: 0.1442
2026-04-24 03:26:02,669 - mmseg - INFO - Exp name: pixel_upernet_itpn_large_12_512_slide_160k_air_polarsar2_amp_linux.py
2026-04-24 03:26:02,669 - mmseg - INFO - Iter [25000/160000]	lr: 1.318e-05, eta: 1 day, 16:15:47, time: 0.545, data_time: 0.004, memory: 14490, decode.loss_seg: 0.0878, decode.acc_seg: 82.7718, aux.loss_seg: 0.0515, aux.acc_seg: 81.3010, loss: 0.1393
2026-04-24 03:26:49,069 - mmseg - INFO - Iter [25050/160000]	lr: 1.318e-05, eta: 1 day, 16:13:05, time: 0.928, data_time: 0.381, memory: 14490, decode.loss_seg: 0.0902, decode.acc_seg: 84.3976, aux.loss_seg: 0.0514, aux.acc_seg: 82.9999, loss: 0.1417
2026-04-24 03:27:35,795 - mmseg - INFO - Iter [25100/160000]	lr: 1.317e-05, eta: 1 day, 16:10:28, time: 0.934, data_time: 0.393, memory: 14490, decode.loss_seg: 0.0837, decode.acc_seg: 82.4640, aux.loss_seg: 0.0485, aux.acc_seg: 81.1366, loss: 0.1322
2026-04-24 03:28:02,980 - mmseg - INFO - Iter [25150/160000]	lr: 1.317e-05, eta: 1 day, 16:03:06, time: 0.544, data_time: 0.004, memory: 14490, decode.loss_seg: 0.0879, decode.acc_seg: 82.9674, aux.loss_seg: 0.0499, aux.acc_seg: 81.6909, loss: 0.1378
2026-04-24 03:28:49,599 - mmseg - INFO - Iter [25200/160000]	lr: 1.316e-05, eta: 1 day, 16:00:32, time: 0.932, data_time: 0.358, memory: 14490, decode.loss_seg: 0.0923, decode.acc_seg: 81.9851, aux.loss_seg: 0.0544, aux.acc_seg: 80.6186, loss: 0.1466
2026-04-24 03:29:35,882 - mmseg - INFO - Iter [25250/160000]	lr: 1.316e-05, eta: 1 day, 15:57:54, time: 0.925, data_time: 0.357, memory: 14490, decode.loss_seg: 0.0867, decode.acc_seg: 82.1313, aux.loss_seg: 0.0493, aux.acc_seg: 80.8348, loss: 0.1361
2026-04-24 03:30:03,198 - mmseg - INFO - Iter [25300/160000]	lr: 1.315e-05, eta: 1 day, 15:50:43, time: 0.546, data_time: 0.004, memory: 14490, decode.loss_seg: 0.0867, decode.acc_seg: 82.8306, aux.loss_seg: 0.0495, aux.acc_seg: 81.5172, loss: 0.1362
2026-04-24 03:30:50,459 - mmseg - INFO - Iter [25350/160000]	lr: 1.315e-05, eta: 1 day, 15:48:24, time: 0.945, data_time: 0.336, memory: 14490, decode.loss_seg: 0.0879, decode.acc_seg: 82.5791, aux.loss_seg: 0.0496, aux.acc_seg: 81.2732, loss: 0.1375
2026-04-24 03:31:37,196 - mmseg - INFO - Iter [25400/160000]	lr: 1.314e-05, eta: 1 day, 15:45:58, time: 0.935, data_time: 0.393, memory: 14490, decode.loss_seg: 0.0846, decode.acc_seg: 83.6824, aux.loss_seg: 0.0480, aux.acc_seg: 82.4394, loss: 0.1326
2026-04-24 03:32:04,494 - mmseg - INFO - Iter [25450/160000]	lr: 1.314e-05, eta: 1 day, 15:38:56, time: 0.546, data_time: 0.005, memory: 14490, decode.loss_seg: 0.0967, decode.acc_seg: 82.5458, aux.loss_seg: 0.0539, aux.acc_seg: 81.1682, loss: 0.1506
2026-04-24 03:32:52,154 - mmseg - INFO - Iter [25500/160000]	lr: 1.313e-05, eta: 1 day, 15:36:47, time: 0.953, data_time: 0.379, memory: 14490, decode.loss_seg: 0.0911, decode.acc_seg: 83.2349, aux.loss_seg: 0.0514, aux.acc_seg: 81.9443, loss: 0.1425
2026-04-24 03:33:38,609 - mmseg - INFO - Iter [25550/160000]	lr: 1.313e-05, eta: 1 day, 15:34:22, time: 0.929, data_time: 0.366, memory: 14490, decode.loss_seg: 0.0862, decode.acc_seg: 82.6288, aux.loss_seg: 0.0503, aux.acc_seg: 81.2278, loss: 0.1366
2026-04-24 03:34:05,891 - mmseg - INFO - Iter [25600/160000]	lr: 1.313e-05, eta: 1 day, 15:27:29, time: 0.546, data_time: 0.004, memory: 14490, decode.loss_seg: 0.0864, decode.acc_seg: 81.7918, aux.loss_seg: 0.0492, aux.acc_seg: 80.4945, loss: 0.1356
2026-04-24 03:34:52,663 - mmseg - INFO - Iter [25650/160000]	lr: 1.312e-05, eta: 1 day, 15:25:12, time: 0.936, data_time: 0.395, memory: 14490, decode.loss_seg: 0.0986, decode.acc_seg: 81.4711, aux.loss_seg: 0.0566, aux.acc_seg: 80.1396, loss: 0.1552
2026-04-24 03:35:19,959 - mmseg - INFO - Iter [25700/160000]	lr: 1.312e-05, eta: 1 day, 15:18:25, time: 0.546, data_time: 0.003, memory: 14490, decode.loss_seg: 0.0933, decode.acc_seg: 82.0237, aux.loss_seg: 0.0545, aux.acc_seg: 80.6269, loss: 0.1477
2026-04-24 03:36:07,308 - mmseg - INFO - Iter [25750/160000]	lr: 1.311e-05, eta: 1 day, 15:16:19, time: 0.947, data_time: 0.392, memory: 14490, decode.loss_seg: 0.0886, decode.acc_seg: 82.4312, aux.loss_seg: 0.0513, aux.acc_seg: 80.9904, loss: 0.1399
2026-04-24 03:36:54,102 - mmseg - INFO - Iter [25800/160000]	lr: 1.311e-05, eta: 1 day, 15:14:06, time: 0.936, data_time: 0.371, memory: 14490, decode.loss_seg: 0.0909, decode.acc_seg: 82.1647, aux.loss_seg: 0.0508, aux.acc_seg: 80.8953, loss: 0.1417
2026-04-24 03:37:21,381 - mmseg - INFO - Iter [25850/160000]	lr: 1.310e-05, eta: 1 day, 15:07:29, time: 0.546, data_time: 0.004, memory: 14490, decode.loss_seg: 0.0970, decode.acc_seg: 84.2391, aux.loss_seg: 0.0527, aux.acc_seg: 82.9956, loss: 0.1497
2026-04-24 03:38:07,656 - mmseg - INFO - Iter [25900/160000]	lr: 1.310e-05, eta: 1 day, 15:05:12, time: 0.925, data_time: 0.383, memory: 14490, decode.loss_seg: 0.0847, decode.acc_seg: 83.2122, aux.loss_seg: 0.0479, aux.acc_seg: 82.0071, loss: 0.1326
2026-04-24 03:38:55,329 - mmseg - INFO - Iter [25950/160000]	lr: 1.309e-05, eta: 1 day, 15:03:15, time: 0.953, data_time: 0.363, memory: 14490, decode.loss_seg: 0.0839, decode.acc_seg: 81.6977, aux.loss_seg: 0.0478, aux.acc_seg: 80.4070, loss: 0.1318
2026-04-24 03:39:34,407 - mmseg - INFO - per class results:
2026-04-24 03:39:34,407 - mmseg - INFO - 
+------------+-------+-------+
| Class      | IoU   | Acc   |
+------------+-------+-------+
| housing    | 92.85 | 96.75 |
| industrial | 91.0  | 95.86 |
| natural    | 83.43 | 87.43 |
| land_use   | 72.64 | 80.84 |
| water      | 91.22 | 95.85 |
| other      | 95.22 | 96.09 |
+------------+-------+-------+
2026-04-24 03:39:34,408 - mmseg - INFO - Summary:
2026-04-24 03:39:34,408 - mmseg - INFO - 
+--------+-------+-------+-------+
| Scope  | mIoU  | mAcc  | aAcc  |
+--------+-------+-------+-------+
| global | 87.73 | 92.14 | 94.58 |
+--------+-------+-------+-------+
2026-04-24 03:39:34,431 - mmseg - INFO - Exp name: pixel_upernet_itpn_large_12_512_slide_160k_air_polarsar2_amp_linux.py
2026-04-24 03:39:34,432 - mmseg - INFO - Iter [26000/160000]	lr: 1.309e-05, eta: 1 day, 17:08:49, time: 12.372, data_time: 0.000, memory: 14490, mIoU: 0.8773, mAcc: 0.9214, aAcc: 0.9458
2026-04-24 03:40:21,572 - mmseg - INFO - Iter [26050/160000]	lr: 1.308e-05, eta: 1 day, 17:06:05, time: 0.943, data_time: 0.353, memory: 14490, decode.loss_seg: 0.0930, decode.acc_seg: 81.7625, aux.loss_seg: 0.0536, aux.acc_seg: 80.4675, loss: 0.1466
2026-04-24 03:41:07,760 - mmseg - INFO - Iter [26100/160000]	lr: 1.308e-05, eta: 1 day, 17:03:10, time: 0.924, data_time: 0.333, memory: 14490, decode.loss_seg: 0.0875, decode.acc_seg: 81.9501, aux.loss_seg: 0.0515, aux.acc_seg: 80.4158, loss: 0.1390
2026-04-24 03:41:35,035 - mmseg - INFO - Iter [26150/160000]	lr: 1.307e-05, eta: 1 day, 16:56:06, time: 0.546, data_time: 0.005, memory: 14490, decode.loss_seg: 0.0862, decode.acc_seg: 82.7404, aux.loss_seg: 0.0503, aux.acc_seg: 81.3042, loss: 0.1364
2026-04-24 03:42:22,298 - mmseg - INFO - Iter [26200/160000]	lr: 1.307e-05, eta: 1 day, 16:53:29, time: 0.945, data_time: 0.386, memory: 14490, decode.loss_seg: 0.1112, decode.acc_seg: 81.3285, aux.loss_seg: 0.0600, aux.acc_seg: 80.0254, loss: 0.1712
2026-04-24 03:43:08,099 - mmseg - INFO - Iter [26250/160000]	lr: 1.306e-05, eta: 1 day, 16:50:34, time: 0.916, data_time: 0.374, memory: 14490, decode.loss_seg: 0.1015, decode.acc_seg: 82.3121, aux.loss_seg: 0.0558, aux.acc_seg: 81.0332, loss: 0.1573
2026-04-24 03:43:35,324 - mmseg - INFO - Iter [26300/160000]	lr: 1.306e-05, eta: 1 day, 16:43:39, time: 0.544, data_time: 0.004, memory: 14490, decode.loss_seg: 0.1198, decode.acc_seg: 82.1383, aux.loss_seg: 0.0606, aux.acc_seg: 80.9416, loss: 0.1804
2026-04-24 03:44:22,471 - mmseg - INFO - Iter [26350/160000]	lr: 1.305e-05, eta: 1 day, 16:41:05, time: 0.943, data_time: 0.400, memory: 14490, decode.loss_seg: 0.1036, decode.acc_seg: 81.8030, aux.loss_seg: 0.0556, aux.acc_seg: 80.5840, loss: 0.1592
2026-04-24 03:45:09,433 - mmseg - INFO - Iter [26400/160000]	lr: 1.305e-05, eta: 1 day, 16:38:29, time: 0.939, data_time: 0.361, memory: 14490, decode.loss_seg: 0.0903, decode.acc_seg: 82.3372, aux.loss_seg: 0.0503, aux.acc_seg: 81.0925, loss: 0.1405
2026-04-24 03:45:36,710 - mmseg - INFO - Iter [26450/160000]	lr: 1.304e-05, eta: 1 day, 16:31:44, time: 0.546, data_time: 0.005, memory: 14490, decode.loss_seg: 0.0944, decode.acc_seg: 82.1248, aux.loss_seg: 0.0530, aux.acc_seg: 80.8385, loss: 0.1473
2026-04-24 03:46:23,860 - mmseg - INFO - Iter [26500/160000]	lr: 1.304e-05, eta: 1 day, 16:29:14, time: 0.943, data_time: 0.391, memory: 14490, decode.loss_seg: 0.0872, decode.acc_seg: 81.7113, aux.loss_seg: 0.0510, aux.acc_seg: 80.2023, loss: 0.1383
2026-04-24 03:47:10,755 - mmseg - INFO - Iter [26550/160000]	lr: 1.303e-05, eta: 1 day, 16:26:42, time: 0.938, data_time: 0.366, memory: 14490, decode.loss_seg: 0.0848, decode.acc_seg: 82.2117, aux.loss_seg: 0.0486, aux.acc_seg: 80.9075, loss: 0.1335
2026-04-24 03:47:38,057 - mmseg - INFO - Iter [26600/160000]	lr: 1.303e-05, eta: 1 day, 16:20:04, time: 0.546, data_time: 0.004, memory: 14490, decode.loss_seg: 0.0862, decode.acc_seg: 82.7803, aux.loss_seg: 0.0495, aux.acc_seg: 81.4045, loss: 0.1357
2026-04-24 03:48:25,724 - mmseg - INFO - Iter [26650/160000]	lr: 1.302e-05, eta: 1 day, 16:17:45, time: 0.953, data_time: 0.378, memory: 14490, decode.loss_seg: 0.0830, decode.acc_seg: 82.2989, aux.loss_seg: 0.0502, aux.acc_seg: 80.8523, loss: 0.1331
2026-04-24 03:48:53,013 - mmseg - INFO - Iter [26700/160000]	lr: 1.302e-05, eta: 1 day, 16:11:13, time: 0.546, data_time: 0.003, memory: 14490, decode.loss_seg: 0.0839, decode.acc_seg: 82.9700, aux.loss_seg: 0.0483, aux.acc_seg: 81.6636, loss: 0.1322
2026-04-24 03:49:38,896 - mmseg - INFO - Iter [26750/160000]	lr: 1.301e-05, eta: 1 day, 16:08:35, time: 0.917, data_time: 0.344, memory: 14490, decode.loss_seg: 0.0848, decode.acc_seg: 82.2293, aux.loss_seg: 0.0489, aux.acc_seg: 80.8807, loss: 0.1337
2026-04-24 03:50:25,941 - mmseg - INFO - Iter [26800/160000]	lr: 1.301e-05, eta: 1 day, 16:06:12, time: 0.941, data_time: 0.395, memory: 14490, decode.loss_seg: 0.0815, decode.acc_seg: 82.3692, aux.loss_seg: 0.0466, aux.acc_seg: 81.1258, loss: 0.1281
2026-04-24 03:50:53,200 - mmseg - INFO - Iter [26850/160000]	lr: 1.300e-05, eta: 1 day, 15:59:48, time: 0.545, data_time: 0.004, memory: 14490, decode.loss_seg: 0.0838, decode.acc_seg: 83.2489, aux.loss_seg: 0.0484, aux.acc_seg: 81.9468, loss: 0.1322
2026-04-24 03:51:40,071 - mmseg - INFO - Iter [26900/160000]	lr: 1.300e-05, eta: 1 day, 15:57:26, time: 0.937, data_time: 0.351, memory: 14490, decode.loss_seg: 0.0835, decode.acc_seg: 81.3992, aux.loss_seg: 0.0480, aux.acc_seg: 80.1023, loss: 0.1314
2026-04-24 03:52:27,643 - mmseg - INFO - Iter [26950/160000]	lr: 1.299e-05, eta: 1 day, 15:55:13, time: 0.952, data_time: 0.372, memory: 14490, decode.loss_seg: 0.0825, decode.acc_seg: 83.9284, aux.loss_seg: 0.0480, aux.acc_seg: 82.6360, loss: 0.1305
2026-04-24 03:52:54,912 - mmseg - INFO - Exp name: pixel_upernet_itpn_large_12_512_slide_160k_air_polarsar2_amp_linux.py
2026-04-24 03:52:54,912 - mmseg - INFO - Iter [27000/160000]	lr: 1.299e-05, eta: 1 day, 15:48:56, time: 0.545, data_time: 0.005, memory: 14490, decode.loss_seg: 0.0817, decode.acc_seg: 81.8443, aux.loss_seg: 0.0476, aux.acc_seg: 80.5109, loss: 0.1293
2026-04-24 03:53:40,868 - mmseg - INFO - Iter [27050/160000]	lr: 1.298e-05, eta: 1 day, 15:46:26, time: 0.919, data_time: 0.354, memory: 14490, decode.loss_seg: 0.0882, decode.acc_seg: 83.8650, aux.loss_seg: 0.0519, aux.acc_seg: 82.4986, loss: 0.1401
2026-04-24 03:54:28,723 - mmseg - INFO - Iter [27100/160000]	lr: 1.298e-05, eta: 1 day, 15:44:21, time: 0.957, data_time: 0.363, memory: 14490, decode.loss_seg: 0.0853, decode.acc_seg: 83.3391, aux.loss_seg: 0.0506, aux.acc_seg: 81.9424, loss: 0.1359
2026-04-24 03:54:55,979 - mmseg - INFO - Iter [27150/160000]	lr: 1.297e-05, eta: 1 day, 15:38:10, time: 0.545, data_time: 0.004, memory: 14490, decode.loss_seg: 0.0898, decode.acc_seg: 82.6241, aux.loss_seg: 0.0508, aux.acc_seg: 81.3277, loss: 0.1407
2026-04-24 03:55:42,994 - mmseg - INFO - Iter [27200/160000]	lr: 1.297e-05, eta: 1 day, 15:35:57, time: 0.940, data_time: 0.400, memory: 14490, decode.loss_seg: 0.0890, decode.acc_seg: 83.0660, aux.loss_seg: 0.0526, aux.acc_seg: 81.8210, loss: 0.1416
2026-04-24 03:56:29,304 - mmseg - INFO - Iter [27250/160000]	lr: 1.296e-05, eta: 1 day, 15:33:37, time: 0.926, data_time: 0.368, memory: 14490, decode.loss_seg: 0.0820, decode.acc_seg: 82.2543, aux.loss_seg: 0.0477, aux.acc_seg: 80.9582, loss: 0.1297
2026-04-24 03:56:56,542 - mmseg - INFO - Iter [27300/160000]	lr: 1.296e-05, eta: 1 day, 15:27:33, time: 0.545, data_time: 0.004, memory: 14490, decode.loss_seg: 0.0858, decode.acc_seg: 82.0697, aux.loss_seg: 0.0486, aux.acc_seg: 80.7848, loss: 0.1344
2026-04-24 03:57:43,459 - mmseg - INFO - Iter [27350/160000]	lr: 1.295e-05, eta: 1 day, 15:25:22, time: 0.939, data_time: 0.345, memory: 14490, decode.loss_seg: 0.0823, decode.acc_seg: 84.7414, aux.loss_seg: 0.0482, aux.acc_seg: 83.3463, loss: 0.1305
2026-04-24 03:58:29,247 - mmseg - INFO - Iter [27400/160000]	lr: 1.295e-05, eta: 1 day, 15:22:59, time: 0.916, data_time: 0.343, memory: 14490, decode.loss_seg: 0.0818, decode.acc_seg: 83.3277, aux.loss_seg: 0.0475, aux.acc_seg: 81.9783, loss: 0.1293
2026-04-24 03:58:56,536 - mmseg - INFO - Iter [27450/160000]	lr: 1.294e-05, eta: 1 day, 15:17:03, time: 0.546, data_time: 0.004, memory: 14490, decode.loss_seg: 0.0828, decode.acc_seg: 81.5671, aux.loss_seg: 0.0470, aux.acc_seg: 80.3249, loss: 0.1298
2026-04-24 03:59:43,174 - mmseg - INFO - Iter [27500/160000]	lr: 1.294e-05, eta: 1 day, 15:14:52, time: 0.933, data_time: 0.372, memory: 14490, decode.loss_seg: 0.0795, decode.acc_seg: 81.5374, aux.loss_seg: 0.0463, aux.acc_seg: 80.2103, loss: 0.1258
2026-04-24 04:00:10,513 - mmseg - INFO - Iter [27550/160000]	lr: 1.293e-05, eta: 1 day, 15:09:01, time: 0.547, data_time: 0.004, memory: 14490, decode.loss_seg: 0.0841, decode.acc_seg: 82.0964, aux.loss_seg: 0.0474, aux.acc_seg: 80.8034, loss: 0.1314
2026-04-24 04:00:58,186 - mmseg - INFO - Iter [27600/160000]	lr: 1.293e-05, eta: 1 day, 15:07:04, time: 0.953, data_time: 0.366, memory: 14490, decode.loss_seg: 0.0806, decode.acc_seg: 83.1929, aux.loss_seg: 0.0474, aux.acc_seg: 81.8341, loss: 0.1280
2026-04-24 04:01:45,098 - mmseg - INFO - Iter [27650/160000]	lr: 1.293e-05, eta: 1 day, 15:05:00, time: 0.938, data_time: 0.365, memory: 14490, decode.loss_seg: 0.0811, decode.acc_seg: 83.4282, aux.loss_seg: 0.0470, aux.acc_seg: 82.1314, loss: 0.1281
2026-04-24 04:02:12,358 - mmseg - INFO - Iter [27700/160000]	lr: 1.292e-05, eta: 1 day, 14:59:14, time: 0.545, data_time: 0.005, memory: 14490, decode.loss_seg: 0.0884, decode.acc_seg: 81.9669, aux.loss_seg: 0.0519, aux.acc_seg: 80.5959, loss: 0.1403
2026-04-24 04:02:58,672 - mmseg - INFO - Iter [27750/160000]	lr: 1.292e-05, eta: 1 day, 14:57:05, time: 0.926, data_time: 0.320, memory: 14490, decode.loss_seg: 0.0859, decode.acc_seg: 82.5023, aux.loss_seg: 0.0517, aux.acc_seg: 81.0327, loss: 0.1376
2026-04-24 04:03:46,099 - mmseg - INFO - Iter [27800/160000]	lr: 1.291e-05, eta: 1 day, 14:55:10, time: 0.949, data_time: 0.374, memory: 14490, decode.loss_seg: 0.0822, decode.acc_seg: 82.4512, aux.loss_seg: 0.0486, aux.acc_seg: 81.0224, loss: 0.1308
2026-04-24 04:04:13,384 - mmseg - INFO - Iter [27850/160000]	lr: 1.291e-05, eta: 1 day, 14:49:30, time: 0.546, data_time: 0.004, memory: 14490, decode.loss_seg: 0.0788, decode.acc_seg: 81.8135, aux.loss_seg: 0.0453, aux.acc_seg: 80.5665, loss: 0.1240
2026-04-24 04:05:00,142 - mmseg - INFO - Iter [27900/160000]	lr: 1.290e-05, eta: 1 day, 14:47:29, time: 0.935, data_time: 0.378, memory: 14490, decode.loss_seg: 0.0830, decode.acc_seg: 82.1421, aux.loss_seg: 0.0483, aux.acc_seg: 80.8528, loss: 0.1313
2026-04-24 04:05:46,744 - mmseg - INFO - Iter [27950/160000]	lr: 1.290e-05, eta: 1 day, 14:45:27, time: 0.932, data_time: 0.389, memory: 14490, decode.loss_seg: 0.0859, decode.acc_seg: 83.7256, aux.loss_seg: 0.0514, aux.acc_seg: 82.3671, loss: 0.1373
2026-04-24 04:06:27,144 - mmseg - INFO - per class results:
2026-04-24 04:06:27,145 - mmseg - INFO - 
+------------+-------+-------+
| Class      | IoU   | Acc   |
+------------+-------+-------+
| housing    | 92.72 | 97.08 |
| industrial | 91.73 | 95.63 |
| natural    | 84.08 | 88.22 |
| land_use   | 72.14 | 78.41 |
| water      | 91.69 | 96.84 |
| other      | 97.02 | 99.03 |
+------------+-------+-------+
2026-04-24 04:06:27,145 - mmseg - INFO - Summary:
2026-04-24 04:06:27,145 - mmseg - INFO - 
+--------+-------+-------+-------+
| Scope  | mIoU  | mAcc  | aAcc  |
+--------+-------+-------+-------+
| global | 88.23 | 92.54 | 94.85 |
+--------+-------+-------+-------+
2026-04-24 04:06:27,179 - mmseg - INFO - Exp name: pixel_upernet_itpn_large_12_512_slide_160k_air_polarsar2_amp_linux.py
2026-04-24 04:06:27,180 - mmseg - INFO - Iter [28000/160000]	lr: 1.289e-05, eta: 1 day, 16:41:07, time: 13.770, data_time: 0.000, memory: 14490, mIoU: 0.8823, mAcc: 0.9254, aAcc: 0.9485
2026-04-24 04:07:14,762 - mmseg - INFO - Iter [28050/160000]	lr: 1.289e-05, eta: 1 day, 16:38:45, time: 0.951, data_time: 0.385, memory: 14490, decode.loss_seg: 0.0818, decode.acc_seg: 82.7641, aux.loss_seg: 0.0480, aux.acc_seg: 81.3768, loss: 0.1299
2026-04-24 04:08:01,506 - mmseg - INFO - Iter [28100/160000]	lr: 1.288e-05, eta: 1 day, 16:36:14, time: 0.935, data_time: 0.394, memory: 14490, decode.loss_seg: 0.0809, decode.acc_seg: 82.2477, aux.loss_seg: 0.0465, aux.acc_seg: 80.9887, loss: 0.1275
2026-04-24 04:08:28,775 - mmseg - INFO - Iter [28150/160000]	lr: 1.288e-05, eta: 1 day, 16:30:14, time: 0.545, data_time: 0.004, memory: 14490, decode.loss_seg: 0.0797, decode.acc_seg: 83.9512, aux.loss_seg: 0.0469, aux.acc_seg: 82.6638, loss: 0.1265
2026-04-24 04:09:14,844 - mmseg - INFO - Iter [28200/160000]	lr: 1.287e-05, eta: 1 day, 16:27:38, time: 0.921, data_time: 0.355, memory: 14490, decode.loss_seg: 0.0855, decode.acc_seg: 84.4528, aux.loss_seg: 0.0487, aux.acc_seg: 83.0679, loss: 0.1342
2026-04-24 04:10:01,200 - mmseg - INFO - Iter [28250/160000]	lr: 1.287e-05, eta: 1 day, 16:25:08, time: 0.927, data_time: 0.377, memory: 14490, decode.loss_seg: 0.0767, decode.acc_seg: 81.6765, aux.loss_seg: 0.0445, aux.acc_seg: 80.3768, loss: 0.1212
2026-04-24 04:10:28,467 - mmseg - INFO - Iter [28300/160000]	lr: 1.286e-05, eta: 1 day, 16:19:13, time: 0.545, data_time: 0.003, memory: 14490, decode.loss_seg: 0.0819, decode.acc_seg: 84.4810, aux.loss_seg: 0.0477, aux.acc_seg: 83.0813, loss: 0.1296
2026-04-24 04:11:16,045 - mmseg - INFO - Iter [28350/160000]	lr: 1.286e-05, eta: 1 day, 16:16:58, time: 0.952, data_time: 0.374, memory: 14490, decode.loss_seg: 0.0754, decode.acc_seg: 82.8214, aux.loss_seg: 0.0443, aux.acc_seg: 81.5410, loss: 0.1196
2026-04-24 04:12:03,225 - mmseg - INFO - Iter [28400/160000]	lr: 1.285e-05, eta: 1 day, 16:14:39, time: 0.943, data_time: 0.400, memory: 14490, decode.loss_seg: 0.0796, decode.acc_seg: 82.4920, aux.loss_seg: 0.0479, aux.acc_seg: 80.9917, loss: 0.1276
2026-04-24 04:12:30,530 - mmseg - INFO - Iter [28450/160000]	lr: 1.285e-05, eta: 1 day, 16:08:50, time: 0.546, data_time: 0.004, memory: 14490, decode.loss_seg: 0.0775, decode.acc_seg: 82.3206, aux.loss_seg: 0.0447, aux.acc_seg: 81.0761, loss: 0.1222
2026-04-24 04:13:18,041 - mmseg - INFO - Iter [28500/160000]	lr: 1.284e-05, eta: 1 day, 16:06:38, time: 0.950, data_time: 0.376, memory: 14490, decode.loss_seg: 0.0808, decode.acc_seg: 83.8612, aux.loss_seg: 0.0472, aux.acc_seg: 82.5747, loss: 0.1280
2026-04-24 04:13:45,317 - mmseg - INFO - Iter [28550/160000]	lr: 1.284e-05, eta: 1 day, 16:00:53, time: 0.545, data_time: 0.005, memory: 14490, decode.loss_seg: 0.0869, decode.acc_seg: 83.4384, aux.loss_seg: 0.0492, aux.acc_seg: 82.1320, loss: 0.1361
2026-04-24 04:14:32,267 - mmseg - INFO - Iter [28600/160000]	lr: 1.283e-05, eta: 1 day, 15:58:37, time: 0.939, data_time: 0.397, memory: 14490, decode.loss_seg: 0.0845, decode.acc_seg: 82.6039, aux.loss_seg: 0.0485, aux.acc_seg: 81.3163, loss: 0.1330
2026-04-24 04:15:18,919 - mmseg - INFO - Iter [28650/160000]	lr: 1.283e-05, eta: 1 day, 15:56:18, time: 0.933, data_time: 0.371, memory: 14490, decode.loss_seg: 0.0812, decode.acc_seg: 81.2993, aux.loss_seg: 0.0459, aux.acc_seg: 80.0968, loss: 0.1272
2026-04-24 04:15:46,138 - mmseg - INFO - Iter [28700/160000]	lr: 1.282e-05, eta: 1 day, 15:50:38, time: 0.544, data_time: 0.004, memory: 14490, decode.loss_seg: 0.0911, decode.acc_seg: 81.6788, aux.loss_seg: 0.0509, aux.acc_seg: 80.4038, loss: 0.1421
2026-04-24 04:16:33,800 - mmseg - INFO - Iter [28750/160000]	lr: 1.282e-05, eta: 1 day, 15:48:32, time: 0.953, data_time: 0.412, memory: 14490, decode.loss_seg: 0.0839, decode.acc_seg: 82.9007, aux.loss_seg: 0.0486, aux.acc_seg: 81.5624, loss: 0.1325
2026-04-24 04:17:20,608 - mmseg - INFO - Iter [28800/160000]	lr: 1.281e-05, eta: 1 day, 15:46:18, time: 0.936, data_time: 0.379, memory: 14490, decode.loss_seg: 0.0818, decode.acc_seg: 81.7262, aux.loss_seg: 0.0470, aux.acc_seg: 80.4457, loss: 0.1288
2026-04-24 04:17:47,909 - mmseg - INFO - Iter [28850/160000]	lr: 1.281e-05, eta: 1 day, 15:40:45, time: 0.546, data_time: 0.004, memory: 14490, decode.loss_seg: 0.0776, decode.acc_seg: 82.2797, aux.loss_seg: 0.0446, aux.acc_seg: 81.0504, loss: 0.1222
2026-04-24 04:18:35,509 - mmseg - INFO - Iter [28900/160000]	lr: 1.280e-05, eta: 1 day, 15:38:41, time: 0.952, data_time: 0.384, memory: 14490, decode.loss_seg: 0.0854, decode.acc_seg: 83.4197, aux.loss_seg: 0.0478, aux.acc_seg: 82.1970, loss: 0.1331
2026-04-24 04:19:22,657 - mmseg - INFO - Iter [28950/160000]	lr: 1.280e-05, eta: 1 day, 15:36:33, time: 0.943, data_time: 0.383, memory: 14490, decode.loss_seg: 0.0863, decode.acc_seg: 83.4218, aux.loss_seg: 0.0494, aux.acc_seg: 82.0668, loss: 0.1357
2026-04-24 04:19:50,006 - mmseg - INFO - Exp name: pixel_upernet_itpn_large_12_512_slide_160k_air_polarsar2_amp_linux.py
2026-04-24 04:19:50,006 - mmseg - INFO - Iter [29000/160000]	lr: 1.279e-05, eta: 1 day, 15:31:05, time: 0.547, data_time: 0.004, memory: 14490, decode.loss_seg: 0.0780, decode.acc_seg: 82.3347, aux.loss_seg: 0.0452, aux.acc_seg: 81.0464, loss: 0.1232
2026-04-24 04:20:37,576 - mmseg - INFO - Iter [29050/160000]	lr: 1.279e-05, eta: 1 day, 15:29:04, time: 0.952, data_time: 0.395, memory: 14490, decode.loss_seg: 0.0793, decode.acc_seg: 83.9977, aux.loss_seg: 0.0457, aux.acc_seg: 82.7444, loss: 0.1249
2026-04-24 04:21:24,730 - mmseg - INFO - Iter [29100/160000]	lr: 1.278e-05, eta: 1 day, 15:26:58, time: 0.943, data_time: 0.402, memory: 14490, decode.loss_seg: 0.1086, decode.acc_seg: 83.1144, aux.loss_seg: 0.0568, aux.acc_seg: 81.8725, loss: 0.1654
2026-04-24 04:21:51,982 - mmseg - INFO - Iter [29150/160000]	lr: 1.278e-05, eta: 1 day, 15:21:35, time: 0.545, data_time: 0.003, memory: 14490, decode.loss_seg: 0.0994, decode.acc_seg: 83.6718, aux.loss_seg: 0.0545, aux.acc_seg: 82.3254, loss: 0.1540
2026-04-24 04:22:38,658 - mmseg - INFO - Iter [29200/160000]	lr: 1.277e-05, eta: 1 day, 15:19:27, time: 0.934, data_time: 0.393, memory: 14490, decode.loss_seg: 0.0826, decode.acc_seg: 82.2975, aux.loss_seg: 0.0485, aux.acc_seg: 80.8010, loss: 0.1312
2026-04-24 04:23:26,055 - mmseg - INFO - Iter [29250/160000]	lr: 1.277e-05, eta: 1 day, 15:17:27, time: 0.948, data_time: 0.397, memory: 14490, decode.loss_seg: 0.0816, decode.acc_seg: 82.0333, aux.loss_seg: 0.0484, aux.acc_seg: 80.6195, loss: 0.1300
2026-04-24 04:23:53,267 - mmseg - INFO - Iter [29300/160000]	lr: 1.276e-05, eta: 1 day, 15:12:09, time: 0.544, data_time: 0.004, memory: 14490, decode.loss_seg: 0.0816, decode.acc_seg: 82.1871, aux.loss_seg: 0.0471, aux.acc_seg: 80.8456, loss: 0.1287
2026-04-24 04:24:39,340 - mmseg - INFO - Iter [29350/160000]	lr: 1.276e-05, eta: 1 day, 15:09:57, time: 0.922, data_time: 0.359, memory: 14490, decode.loss_seg: 0.0895, decode.acc_seg: 83.1043, aux.loss_seg: 0.0499, aux.acc_seg: 81.7751, loss: 0.1394
2026-04-24 04:25:25,784 - mmseg - INFO - Iter [29400/160000]	lr: 1.275e-05, eta: 1 day, 15:07:50, time: 0.929, data_time: 0.388, memory: 14490, decode.loss_seg: 0.0955, decode.acc_seg: 83.5025, aux.loss_seg: 0.0551, aux.acc_seg: 82.0811, loss: 0.1507
2026-04-24 04:25:53,022 - mmseg - INFO - Iter [29450/160000]	lr: 1.275e-05, eta: 1 day, 15:02:37, time: 0.545, data_time: 0.005, memory: 14490, decode.loss_seg: 0.0877, decode.acc_seg: 83.2617, aux.loss_seg: 0.0523, aux.acc_seg: 81.6325, loss: 0.1400
2026-04-24 04:26:39,777 - mmseg - INFO - Iter [29500/160000]	lr: 1.274e-05, eta: 1 day, 15:00:35, time: 0.935, data_time: 0.382, memory: 14490, decode.loss_seg: 0.0813, decode.acc_seg: 82.9251, aux.loss_seg: 0.0469, aux.acc_seg: 81.6578, loss: 0.1283
2026-04-24 04:27:07,007 - mmseg - INFO - Iter [29550/160000]	lr: 1.274e-05, eta: 1 day, 14:55:25, time: 0.545, data_time: 0.004, memory: 14490, decode.loss_seg: 0.0792, decode.acc_seg: 82.5534, aux.loss_seg: 0.0455, aux.acc_seg: 81.2911, loss: 0.1247
2026-04-24 04:27:53,957 - mmseg - INFO - Iter [29600/160000]	lr: 1.273e-05, eta: 1 day, 14:53:26, time: 0.939, data_time: 0.385, memory: 14490, decode.loss_seg: 0.0788, decode.acc_seg: 80.8838, aux.loss_seg: 0.0467, aux.acc_seg: 79.5390, loss: 0.1256
2026-04-24 04:28:41,457 - mmseg - INFO - Iter [29650/160000]	lr: 1.273e-05, eta: 1 day, 14:51:34, time: 0.950, data_time: 0.327, memory: 14490, decode.loss_seg: 0.0807, decode.acc_seg: 82.2105, aux.loss_seg: 0.0483, aux.acc_seg: 80.7160, loss: 0.1290
2026-04-24 04:29:08,754 - mmseg - INFO - Iter [29700/160000]	lr: 1.272e-05, eta: 1 day, 14:46:29, time: 0.546, data_time: 0.004, memory: 14490, decode.loss_seg: 0.0776, decode.acc_seg: 81.8860, aux.loss_seg: 0.0452, aux.acc_seg: 80.6119, loss: 0.1228
2026-04-24 04:29:56,345 - mmseg - INFO - Iter [29750/160000]	lr: 1.272e-05, eta: 1 day, 14:44:39, time: 0.952, data_time: 0.354, memory: 14490, decode.loss_seg: 0.0810, decode.acc_seg: 82.0499, aux.loss_seg: 0.0481, aux.acc_seg: 80.6984, loss: 0.1291
2026-04-24 04:30:43,356 - mmseg - INFO - Iter [29800/160000]	lr: 1.272e-05, eta: 1 day, 14:42:44, time: 0.940, data_time: 0.398, memory: 14490, decode.loss_seg: 0.0817, decode.acc_seg: 82.4398, aux.loss_seg: 0.0472, aux.acc_seg: 81.1534, loss: 0.1289
2026-04-24 04:31:10,667 - mmseg - INFO - Iter [29850/160000]	lr: 1.271e-05, eta: 1 day, 14:37:44, time: 0.546, data_time: 0.003, memory: 14490, decode.loss_seg: 0.0817, decode.acc_seg: 82.9884, aux.loss_seg: 0.0476, aux.acc_seg: 81.6084, loss: 0.1293
2026-04-24 04:31:56,609 - mmseg - INFO - Iter [29900/160000]	lr: 1.271e-05, eta: 1 day, 14:35:41, time: 0.919, data_time: 0.363, memory: 14490, decode.loss_seg: 0.0758, decode.acc_seg: 81.7611, aux.loss_seg: 0.0447, aux.acc_seg: 80.4022, loss: 0.1204
2026-04-24 04:32:42,297 - mmseg - INFO - Iter [29950/160000]	lr: 1.270e-05, eta: 1 day, 14:33:35, time: 0.914, data_time: 0.370, memory: 14490, decode.loss_seg: 0.0780, decode.acc_seg: 83.3958, aux.loss_seg: 0.0453, aux.acc_seg: 82.1274, loss: 0.1234
2026-04-24 04:33:22,377 - mmseg - INFO - per class results:
2026-04-24 04:33:22,377 - mmseg - INFO - 
+------------+-------+-------+
| Class      | IoU   | Acc   |
+------------+-------+-------+
| housing    | 92.94 | 96.95 |
| industrial | 91.33 | 95.37 |
| natural    | 84.3  | 88.54 |
| land_use   | 72.7  | 78.88 |
| water      | 91.7  | 96.81 |
| other      | 93.28 | 98.59 |
+------------+-------+-------+
2026-04-24 04:33:22,378 - mmseg - INFO - Summary:
2026-04-24 04:33:22,378 - mmseg - INFO - 
+--------+-------+-------+-------+
| Scope  | mIoU  | mAcc  | aAcc  |
+--------+-------+-------+-------+
| global | 87.71 | 92.52 | 94.76 |
+--------+-------+-------+-------+
2026-04-24 04:33:22,410 - mmseg - INFO - Exp name: pixel_upernet_itpn_large_12_512_slide_160k_air_polarsar2_amp_linux.py
2026-04-24 04:33:22,411 - mmseg - INFO - Iter [30000/160000]	lr: 1.270e-05, eta: 1 day, 16:07:45, time: 13.351, data_time: 0.000, memory: 14490, mIoU: 0.8771, mAcc: 0.9252, aAcc: 0.9476
2026-04-24 04:34:10,064 - mmseg - INFO - Iter [30050/160000]	lr: 1.269e-05, eta: 1 day, 16:05:36, time: 0.953, data_time: 0.395, memory: 14490, decode.loss_seg: 0.0789, decode.acc_seg: 83.1834, aux.loss_seg: 0.0465, aux.acc_seg: 81.8246, loss: 0.1253
2026-04-24 04:34:56,722 - mmseg - INFO - Iter [30100/160000]	lr: 1.269e-05, eta: 1 day, 16:03:19, time: 0.933, data_time: 0.366, memory: 14490, decode.loss_seg: 0.0801, decode.acc_seg: 84.4142, aux.loss_seg: 0.0491, aux.acc_seg: 83.0354, loss: 0.1292
2026-04-24 04:35:24,051 - mmseg - INFO - Iter [30150/160000]	lr: 1.268e-05, eta: 1 day, 15:58:05, time: 0.547, data_time: 0.005, memory: 14490, decode.loss_seg: 0.0749, decode.acc_seg: 83.0123, aux.loss_seg: 0.0450, aux.acc_seg: 81.6639, loss: 0.1199
2026-04-24 04:36:10,693 - mmseg - INFO - Iter [30200/160000]	lr: 1.268e-05, eta: 1 day, 15:55:49, time: 0.933, data_time: 0.347, memory: 14490, decode.loss_seg: 0.0772, decode.acc_seg: 82.6607, aux.loss_seg: 0.0451, aux.acc_seg: 81.3927, loss: 0.1223
2026-04-24 04:36:57,676 - mmseg - INFO - Iter [30250/160000]	lr: 1.267e-05, eta: 1 day, 15:53:38, time: 0.940, data_time: 0.329, memory: 14490, decode.loss_seg: 0.0811, decode.acc_seg: 81.9352, aux.loss_seg: 0.0478, aux.acc_seg: 80.5182, loss: 0.1289
2026-04-24 04:37:25,011 - mmseg - INFO - Iter [30300/160000]	lr: 1.267e-05, eta: 1 day, 15:48:28, time: 0.546, data_time: 0.004, memory: 14490, decode.loss_seg: 0.0793, decode.acc_seg: 82.6766, aux.loss_seg: 0.0454, aux.acc_seg: 81.4391, loss: 0.1247
2026-04-24 04:38:11,401 - mmseg - INFO - Iter [30350/160000]	lr: 1.266e-05, eta: 1 day, 15:46:13, time: 0.928, data_time: 0.372, memory: 14490, decode.loss_seg: 0.0871, decode.acc_seg: 82.8892, aux.loss_seg: 0.0491, aux.acc_seg: 81.6404, loss: 0.1362
2026-04-24 04:38:56,613 - mmseg - INFO - Iter [30400/160000]	lr: 1.266e-05, eta: 1 day, 15:43:48, time: 0.904, data_time: 0.364, memory: 14490, decode.loss_seg: 0.0809, decode.acc_seg: 83.1825, aux.loss_seg: 0.0461, aux.acc_seg: 81.9597, loss: 0.1270
2026-04-24 04:39:23,912 - mmseg - INFO - Iter [30450/160000]	lr: 1.265e-05, eta: 1 day, 15:38:43, time: 0.546, data_time: 0.004, memory: 14490, decode.loss_seg: 0.0762, decode.acc_seg: 82.6558, aux.loss_seg: 0.0454, aux.acc_seg: 81.2396, loss: 0.1216
2026-04-24 04:40:10,201 - mmseg - INFO - Iter [30500/160000]	lr: 1.265e-05, eta: 1 day, 15:36:29, time: 0.926, data_time: 0.335, memory: 14490, decode.loss_seg: 0.0733, decode.acc_seg: 81.2180, aux.loss_seg: 0.0431, aux.acc_seg: 79.9780, loss: 0.1164
2026-04-24 04:40:37,514 - mmseg - INFO - Iter [30550/160000]	lr: 1.264e-05, eta: 1 day, 15:31:27, time: 0.546, data_time: 0.004, memory: 14490, decode.loss_seg: 0.0745, decode.acc_seg: 82.4366, aux.loss_seg: 0.0435, aux.acc_seg: 81.1861, loss: 0.1180
2026-04-24 04:41:23,856 - mmseg - INFO - Iter [30600/160000]	lr: 1.264e-05, eta: 1 day, 15:29:16, time: 0.927, data_time: 0.386, memory: 14490, decode.loss_seg: 0.0743, decode.acc_seg: 83.4404, aux.loss_seg: 0.0435, aux.acc_seg: 82.1318, loss: 0.1178
2026-04-24 04:42:10,144 - mmseg - INFO - Iter [30650/160000]	lr: 1.263e-05, eta: 1 day, 15:27:05, time: 0.926, data_time: 0.361, memory: 14490, decode.loss_seg: 0.0737, decode.acc_seg: 81.9134, aux.loss_seg: 0.0435, aux.acc_seg: 80.6559, loss: 0.1172
2026-04-24 04:42:37,411 - mmseg - INFO - Iter [30700/160000]	lr: 1.263e-05, eta: 1 day, 15:22:07, time: 0.545, data_time: 0.004, memory: 14490, decode.loss_seg: 0.0731, decode.acc_seg: 83.4995, aux.loss_seg: 0.0443, aux.acc_seg: 82.1115, loss: 0.1174
2026-04-24 04:43:24,034 - mmseg - INFO - Iter [30750/160000]	lr: 1.262e-05, eta: 1 day, 15:20:00, time: 0.932, data_time: 0.355, memory: 14490, decode.loss_seg: 0.0759, decode.acc_seg: 82.5063, aux.loss_seg: 0.0443, aux.acc_seg: 81.2018, loss: 0.1202
2026-04-24 04:44:11,120 - mmseg - INFO - Iter [30800/160000]	lr: 1.262e-05, eta: 1 day, 15:17:58, time: 0.942, data_time: 0.334, memory: 14490, decode.loss_seg: 0.0741, decode.acc_seg: 83.7868, aux.loss_seg: 0.0437, aux.acc_seg: 82.5354, loss: 0.1178
2026-04-24 04:44:38,434 - mmseg - INFO - Iter [30850/160000]	lr: 1.261e-05, eta: 1 day, 15:13:05, time: 0.546, data_time: 0.004, memory: 14490, decode.loss_seg: 0.0853, decode.acc_seg: 83.3974, aux.loss_seg: 0.0482, aux.acc_seg: 82.1583, loss: 0.1335
2026-04-24 04:45:25,640 - mmseg - INFO - Iter [30900/160000]	lr: 1.261e-05, eta: 1 day, 15:11:06, time: 0.944, data_time: 0.358, memory: 14490, decode.loss_seg: 0.0777, decode.acc_seg: 82.5587, aux.loss_seg: 0.0445, aux.acc_seg: 81.3291, loss: 0.1221
2026-04-24 04:46:11,596 - mmseg - INFO - Iter [30950/160000]	lr: 1.260e-05, eta: 1 day, 15:08:56, time: 0.919, data_time: 0.364, memory: 14490, decode.loss_seg: 0.0802, decode.acc_seg: 80.9858, aux.loss_seg: 0.0452, aux.acc_seg: 79.7648, loss: 0.1255
2026-04-24 04:46:38,919 - mmseg - INFO - Exp name: pixel_upernet_itpn_large_12_512_slide_160k_air_polarsar2_amp_linux.py
2026-04-24 04:46:38,919 - mmseg - INFO - Iter [31000/160000]	lr: 1.260e-05, eta: 1 day, 15:04:07, time: 0.547, data_time: 0.004, memory: 14490, decode.loss_seg: 0.0770, decode.acc_seg: 84.1070, aux.loss_seg: 0.0464, aux.acc_seg: 82.6754, loss: 0.1234
2026-04-24 04:47:25,322 - mmseg - INFO - Iter [31050/160000]	lr: 1.259e-05, eta: 1 day, 15:02:03, time: 0.928, data_time: 0.354, memory: 14490, decode.loss_seg: 0.0735, decode.acc_seg: 83.0526, aux.loss_seg: 0.0423, aux.acc_seg: 81.8311, loss: 0.1158
2026-04-24 04:48:12,870 - mmseg - INFO - Iter [31100/160000]	lr: 1.259e-05, eta: 1 day, 15:00:09, time: 0.951, data_time: 0.356, memory: 14490, decode.loss_seg: 0.0753, decode.acc_seg: 83.1958, aux.loss_seg: 0.0437, aux.acc_seg: 81.9646, loss: 0.1190
2026-04-24 04:48:40,202 - mmseg - INFO - Iter [31150/160000]	lr: 1.258e-05, eta: 1 day, 14:55:24, time: 0.547, data_time: 0.004, memory: 14490, decode.loss_seg: 0.0732, decode.acc_seg: 84.1236, aux.loss_seg: 0.0434, aux.acc_seg: 82.8350, loss: 0.1165
2026-04-24 04:49:26,389 - mmseg - INFO - Iter [31200/160000]	lr: 1.258e-05, eta: 1 day, 14:53:20, time: 0.924, data_time: 0.346, memory: 14490, decode.loss_seg: 0.0749, decode.acc_seg: 84.0697, aux.loss_seg: 0.0441, aux.acc_seg: 82.8049, loss: 0.1189
2026-04-24 04:50:12,842 - mmseg - INFO - Iter [31250/160000]	lr: 1.257e-05, eta: 1 day, 14:51:19, time: 0.929, data_time: 0.387, memory: 14490, decode.loss_seg: 0.0726, decode.acc_seg: 82.2354, aux.loss_seg: 0.0427, aux.acc_seg: 80.9650, loss: 0.1153
2026-04-24 04:50:40,178 - mmseg - INFO - Iter [31300/160000]	lr: 1.257e-05, eta: 1 day, 14:46:38, time: 0.547, data_time: 0.004, memory: 14490, decode.loss_seg: 0.0752, decode.acc_seg: 81.8790, aux.loss_seg: 0.0444, aux.acc_seg: 80.6020, loss: 0.1196
2026-04-24 04:51:27,337 - mmseg - INFO - Iter [31350/160000]	lr: 1.256e-05, eta: 1 day, 14:44:44, time: 0.943, data_time: 0.381, memory: 14490, decode.loss_seg: 0.0825, decode.acc_seg: 82.5367, aux.loss_seg: 0.0479, aux.acc_seg: 81.1509, loss: 0.1304
2026-04-24 04:51:54,612 - mmseg - INFO - Iter [31400/160000]	lr: 1.256e-05, eta: 1 day, 14:40:05, time: 0.546, data_time: 0.004, memory: 14490, decode.loss_seg: 0.0767, decode.acc_seg: 82.9533, aux.loss_seg: 0.0443, aux.acc_seg: 81.7377, loss: 0.1211
2026-04-24 04:52:41,877 - mmseg - INFO - Iter [31450/160000]	lr: 1.255e-05, eta: 1 day, 14:38:14, time: 0.945, data_time: 0.372, memory: 14490, decode.loss_seg: 0.0751, decode.acc_seg: 83.2894, aux.loss_seg: 0.0435, aux.acc_seg: 82.0473, loss: 0.1186
2026-04-24 04:53:28,220 - mmseg - INFO - Iter [31500/160000]	lr: 1.255e-05, eta: 1 day, 14:36:15, time: 0.927, data_time: 0.361, memory: 14490, decode.loss_seg: 0.0762, decode.acc_seg: 83.7593, aux.loss_seg: 0.0439, aux.acc_seg: 82.5416, loss: 0.1201
2026-04-24 04:53:55,519 - mmseg - INFO - Iter [31550/160000]	lr: 1.254e-05, eta: 1 day, 14:31:40, time: 0.546, data_time: 0.003, memory: 14490, decode.loss_seg: 0.0790, decode.acc_seg: 84.8357, aux.loss_seg: 0.0470, aux.acc_seg: 83.4579, loss: 0.1261
2026-04-24 04:54:42,805 - mmseg - INFO - Iter [31600/160000]	lr: 1.254e-05, eta: 1 day, 14:29:51, time: 0.946, data_time: 0.380, memory: 14490, decode.loss_seg: 0.0763, decode.acc_seg: 81.6142, aux.loss_seg: 0.0461, aux.acc_seg: 80.2593, loss: 0.1225
2026-04-24 04:55:29,211 - mmseg - INFO - Iter [31650/160000]	lr: 1.253e-05, eta: 1 day, 14:27:55, time: 0.928, data_time: 0.386, memory: 14490, decode.loss_seg: 0.0718, decode.acc_seg: 84.1859, aux.loss_seg: 0.0427, aux.acc_seg: 82.9353, loss: 0.1144
2026-04-24 04:55:56,444 - mmseg - INFO - Iter [31700/160000]	lr: 1.253e-05, eta: 1 day, 14:23:23, time: 0.545, data_time: 0.004, memory: 14490, decode.loss_seg: 0.0776, decode.acc_seg: 83.0306, aux.loss_seg: 0.0454, aux.acc_seg: 81.6994, loss: 0.1230
2026-04-24 04:56:42,604 - mmseg - INFO - Iter [31750/160000]	lr: 1.252e-05, eta: 1 day, 14:21:26, time: 0.923, data_time: 0.320, memory: 14490, decode.loss_seg: 0.0763, decode.acc_seg: 83.1702, aux.loss_seg: 0.0440, aux.acc_seg: 81.9591, loss: 0.1203
2026-04-24 04:57:30,384 - mmseg - INFO - Iter [31800/160000]	lr: 1.252e-05, eta: 1 day, 14:19:43, time: 0.956, data_time: 0.351, memory: 14490, decode.loss_seg: 0.0715, decode.acc_seg: 83.0069, aux.loss_seg: 0.0420, aux.acc_seg: 81.7997, loss: 0.1135
2026-04-24 04:57:57,609 - mmseg - INFO - Iter [31850/160000]	lr: 1.251e-05, eta: 1 day, 14:15:14, time: 0.544, data_time: 0.005, memory: 14490, decode.loss_seg: 0.0759, decode.acc_seg: 84.6133, aux.loss_seg: 0.0441, aux.acc_seg: 83.4354, loss: 0.1200
2026-04-24 04:58:45,068 - mmseg - INFO - Iter [31900/160000]	lr: 1.251e-05, eta: 1 day, 14:13:30, time: 0.949, data_time: 0.385, memory: 14490, decode.loss_seg: 0.0712, decode.acc_seg: 82.4774, aux.loss_seg: 0.0413, aux.acc_seg: 81.2842, loss: 0.1124
2026-04-24 04:59:32,800 - mmseg - INFO - Iter [31950/160000]	lr: 1.251e-05, eta: 1 day, 14:11:48, time: 0.954, data_time: 0.368, memory: 14490, decode.loss_seg: 0.0782, decode.acc_seg: 84.0363, aux.loss_seg: 0.0450, aux.acc_seg: 82.8268, loss: 0.1231
2026-04-24 05:00:00,094 - mmseg - INFO - Saving checkpoint at 32000 iterations
2026-04-24 05:00:19,594 - mmseg - INFO - per class results:
2026-04-24 05:00:19,595 - mmseg - INFO - 
+------------+-------+-------+
| Class      | IoU   | Acc   |
+------------+-------+-------+
| housing    | 93.22 | 96.73 |
| industrial | 91.96 | 95.52 |
| natural    | 84.84 | 89.23 |
| land_use   | 74.67 | 81.71 |
| water      | 92.1  | 96.96 |
| other      | 94.77 | 99.02 |
+------------+-------+-------+
2026-04-24 05:00:19,595 - mmseg - INFO - Summary:
2026-04-24 05:00:19,595 - mmseg - INFO - 
+--------+-------+-------+------+
| Scope  | mIoU  | mAcc  | aAcc |
+--------+-------+-------+------+
| global | 88.59 | 93.19 | 95.1 |
+--------+-------+-------+------+
2026-04-24 05:00:19,634 - mmseg - INFO - Exp name: pixel_upernet_itpn_large_12_512_slide_160k_air_polarsar2_amp_linux.py
2026-04-24 05:00:19,634 - mmseg - INFO - Iter [32000/160000]	lr: 1.250e-05, eta: 1 day, 16:17:40, time: 20.086, data_time: 0.000, memory: 14490, mIoU: 0.8859, mAcc: 0.9319, aAcc: 0.9510
2026-04-24 05:01:06,885 - mmseg - INFO - Iter [32050/160000]	lr: 1.250e-05, eta: 1 day, 16:15:28, time: 0.945, data_time: 0.386, memory: 14490, decode.loss_seg: 0.0720, decode.acc_seg: 83.5760, aux.loss_seg: 0.0423, aux.acc_seg: 82.3341, loss: 0.1143
2026-04-24 05:01:53,123 - mmseg - INFO - Iter [32100/160000]	lr: 1.249e-05, eta: 1 day, 16:13:09, time: 0.925, data_time: 0.383, memory: 14490, decode.loss_seg: 0.0760, decode.acc_seg: 82.8706, aux.loss_seg: 0.0428, aux.acc_seg: 81.7342, loss: 0.1188
2026-04-24 05:02:20,388 - mmseg - INFO - Iter [32150/160000]	lr: 1.249e-05, eta: 1 day, 16:08:20, time: 0.545, data_time: 0.005, memory: 14490, decode.loss_seg: 0.0715, decode.acc_seg: 83.6854, aux.loss_seg: 0.0411, aux.acc_seg: 82.4541, loss: 0.1126
2026-04-24 05:03:06,057 - mmseg - INFO - Iter [32200/160000]	lr: 1.248e-05, eta: 1 day, 16:05:58, time: 0.913, data_time: 0.345, memory: 14490, decode.loss_seg: 0.0739, decode.acc_seg: 83.0605, aux.loss_seg: 0.0441, aux.acc_seg: 81.7844, loss: 0.1180
2026-04-24 05:03:53,278 - mmseg - INFO - Iter [32250/160000]	lr: 1.248e-05, eta: 1 day, 16:03:48, time: 0.945, data_time: 0.352, memory: 14490, decode.loss_seg: 0.0826, decode.acc_seg: 83.2872, aux.loss_seg: 0.0514, aux.acc_seg: 81.5628, loss: 0.1341
2026-04-24 05:04:20,526 - mmseg - INFO - Iter [32300/160000]	lr: 1.247e-05, eta: 1 day, 15:59:03, time: 0.545, data_time: 0.005, memory: 14490, decode.loss_seg: 0.0720, decode.acc_seg: 83.4683, aux.loss_seg: 0.0428, aux.acc_seg: 82.1838, loss: 0.1148
2026-04-24 05:05:07,474 - mmseg - INFO - Iter [32350/160000]	lr: 1.247e-05, eta: 1 day, 15:56:53, time: 0.939, data_time: 0.353, memory: 14490, decode.loss_seg: 0.0738, decode.acc_seg: 82.6660, aux.loss_seg: 0.0424, aux.acc_seg: 81.4664, loss: 0.1162
2026-04-24 05:05:34,762 - mmseg - INFO - Iter [32400/160000]	lr: 1.246e-05, eta: 1 day, 15:52:11, time: 0.546, data_time: 0.005, memory: 14490, decode.loss_seg: 0.0735, decode.acc_seg: 84.4601, aux.loss_seg: 0.0424, aux.acc_seg: 83.2470, loss: 0.1160
2026-04-24 05:06:20,905 - mmseg - INFO - Iter [32450/160000]	lr: 1.246e-05, eta: 1 day, 15:49:57, time: 0.923, data_time: 0.339, memory: 14490, decode.loss_seg: 0.0710, decode.acc_seg: 82.6770, aux.loss_seg: 0.0413, aux.acc_seg: 81.4465, loss: 0.1123
2026-04-24 05:07:08,272 - mmseg - INFO - Iter [32500/160000]	lr: 1.245e-05, eta: 1 day, 15:47:52, time: 0.947, data_time: 0.337, memory: 14490, decode.loss_seg: 0.0746, decode.acc_seg: 82.6244, aux.loss_seg: 0.0435, aux.acc_seg: 81.3991, loss: 0.1181
2026-04-24 05:07:35,461 - mmseg - INFO - Iter [32550/160000]	lr: 1.245e-05, eta: 1 day, 15:43:12, time: 0.544, data_time: 0.005, memory: 14490, decode.loss_seg: 0.0728, decode.acc_seg: 83.0376, aux.loss_seg: 0.0429, aux.acc_seg: 81.7717, loss: 0.1157
2026-04-24 05:08:23,024 - mmseg - INFO - Iter [32600/160000]	lr: 1.244e-05, eta: 1 day, 15:41:11, time: 0.951, data_time: 0.411, memory: 14490, decode.loss_seg: 0.0704, decode.acc_seg: 82.3439, aux.loss_seg: 0.0414, aux.acc_seg: 81.1407, loss: 0.1118
2026-04-24 05:09:10,528 - mmseg - INFO - Iter [32650/160000]	lr: 1.244e-05, eta: 1 day, 15:39:09, time: 0.950, data_time: 0.389, memory: 14490, decode.loss_seg: 0.0732, decode.acc_seg: 83.0576, aux.loss_seg: 0.0439, aux.acc_seg: 81.6598, loss: 0.1171
2026-04-24 05:09:37,851 - mmseg - INFO - Iter [32700/160000]	lr: 1.243e-05, eta: 1 day, 15:34:34, time: 0.547, data_time: 0.004, memory: 14490, decode.loss_seg: 0.0758, decode.acc_seg: 82.9495, aux.loss_seg: 0.0451, aux.acc_seg: 81.6106, loss: 0.1209
2026-04-24 05:10:25,741 - mmseg - INFO - Iter [32750/160000]	lr: 1.243e-05, eta: 1 day, 15:32:37, time: 0.958, data_time: 0.346, memory: 14490, decode.loss_seg: 0.0817, decode.acc_seg: 83.0737, aux.loss_seg: 0.0483, aux.acc_seg: 81.5316, loss: 0.1300
2026-04-24 05:11:12,658 - mmseg - INFO - Iter [32800/160000]	lr: 1.242e-05, eta: 1 day, 15:30:33, time: 0.938, data_time: 0.382, memory: 14490, decode.loss_seg: 0.0796, decode.acc_seg: 82.1719, aux.loss_seg: 0.0453, aux.acc_seg: 80.9139, loss: 0.1249
2026-04-24 05:11:39,912 - mmseg - INFO - Iter [32850/160000]	lr: 1.242e-05, eta: 1 day, 15:26:01, time: 0.545, data_time: 0.004, memory: 14490, decode.loss_seg: 0.0996, decode.acc_seg: 82.0731, aux.loss_seg: 0.0534, aux.acc_seg: 80.6617, loss: 0.1530
2026-04-24 05:12:27,348 - mmseg - INFO - Iter [32900/160000]	lr: 1.241e-05, eta: 1 day, 15:24:02, time: 0.949, data_time: 0.380, memory: 14490, decode.loss_seg: 0.0737, decode.acc_seg: 82.6270, aux.loss_seg: 0.0432, aux.acc_seg: 81.3271, loss: 0.1169
2026-04-24 05:13:14,887 - mmseg - INFO - Iter [32950/160000]	lr: 1.241e-05, eta: 1 day, 15:22:04, time: 0.951, data_time: 0.380, memory: 14490, decode.loss_seg: 0.0719, decode.acc_seg: 82.9253, aux.loss_seg: 0.0416, aux.acc_seg: 81.7193, loss: 0.1135
2026-04-24 05:13:42,175 - mmseg - INFO - Exp name: pixel_upernet_itpn_large_12_512_slide_160k_air_polarsar2_amp_linux.py
2026-04-24 05:13:42,175 - mmseg - INFO - Iter [33000/160000]	lr: 1.240e-05, eta: 1 day, 15:17:35, time: 0.546, data_time: 0.004, memory: 14490, decode.loss_seg: 0.0704, decode.acc_seg: 83.2124, aux.loss_seg: 0.0412, aux.acc_seg: 82.0046, loss: 0.1116
2026-04-24 05:14:28,732 - mmseg - INFO - Iter [33050/160000]	lr: 1.240e-05, eta: 1 day, 15:15:32, time: 0.931, data_time: 0.377, memory: 14490, decode.loss_seg: 0.0747, decode.acc_seg: 84.2986, aux.loss_seg: 0.0429, aux.acc_seg: 83.0761, loss: 0.1176
2026-04-24 05:15:15,663 - mmseg - INFO - Iter [33100/160000]	lr: 1.239e-05, eta: 1 day, 15:13:31, time: 0.939, data_time: 0.376, memory: 14490, decode.loss_seg: 0.0713, decode.acc_seg: 82.9732, aux.loss_seg: 0.0426, aux.acc_seg: 81.6716, loss: 0.1140
2026-04-24 05:15:42,963 - mmseg - INFO - Iter [33150/160000]	lr: 1.239e-05, eta: 1 day, 15:09:06, time: 0.546, data_time: 0.004, memory: 14490, decode.loss_seg: 0.0699, decode.acc_seg: 83.7601, aux.loss_seg: 0.0414, aux.acc_seg: 82.5361, loss: 0.1113
2026-04-24 05:16:29,766 - mmseg - INFO - Iter [33200/160000]	lr: 1.238e-05, eta: 1 day, 15:07:06, time: 0.936, data_time: 0.385, memory: 14490, decode.loss_seg: 0.0712, decode.acc_seg: 81.1102, aux.loss_seg: 0.0413, aux.acc_seg: 79.8852, loss: 0.1124
2026-04-24 05:17:16,860 - mmseg - INFO - Iter [33250/160000]	lr: 1.238e-05, eta: 1 day, 15:05:08, time: 0.942, data_time: 0.372, memory: 14490, decode.loss_seg: 0.0679, decode.acc_seg: 82.6813, aux.loss_seg: 0.0404, aux.acc_seg: 81.4614, loss: 0.1083
2026-04-24 05:17:44,152 - mmseg - INFO - Iter [33300/160000]	lr: 1.237e-05, eta: 1 day, 15:00:46, time: 0.546, data_time: 0.004, memory: 14490, decode.loss_seg: 0.0697, decode.acc_seg: 82.1375, aux.loss_seg: 0.0426, aux.acc_seg: 80.7758, loss: 0.1123
2026-04-24 05:18:32,245 - mmseg - INFO - Iter [33350/160000]	lr: 1.237e-05, eta: 1 day, 14:58:57, time: 0.962, data_time: 0.371, memory: 14490, decode.loss_seg: 0.0716, decode.acc_seg: 83.4397, aux.loss_seg: 0.0435, aux.acc_seg: 82.0005, loss: 0.1151
2026-04-24 05:18:59,547 - mmseg - INFO - Iter [33400/160000]	lr: 1.236e-05, eta: 1 day, 14:54:37, time: 0.546, data_time: 0.004, memory: 14490, decode.loss_seg: 0.0733, decode.acc_seg: 83.9820, aux.loss_seg: 0.0465, aux.acc_seg: 82.5595, loss: 0.1198
2026-04-24 05:19:46,274 - mmseg - INFO - Iter [33450/160000]	lr: 1.236e-05, eta: 1 day, 14:52:40, time: 0.935, data_time: 0.379, memory: 14490, decode.loss_seg: 0.0708, decode.acc_seg: 84.4197, aux.loss_seg: 0.0420, aux.acc_seg: 83.2177, loss: 0.1128
2026-04-24 05:20:32,627 - mmseg - INFO - Iter [33500/160000]	lr: 1.235e-05, eta: 1 day, 14:50:40, time: 0.927, data_time: 0.373, memory: 14490, decode.loss_seg: 0.0713, decode.acc_seg: 82.3733, aux.loss_seg: 0.0432, aux.acc_seg: 81.0304, loss: 0.1144
2026-04-24 05:20:59,888 - mmseg - INFO - Iter [33550/160000]	lr: 1.235e-05, eta: 1 day, 14:46:23, time: 0.545, data_time: 0.004, memory: 14490, decode.loss_seg: 0.0683, decode.acc_seg: 83.9536, aux.loss_seg: 0.0414, aux.acc_seg: 82.6581, loss: 0.1097
2026-04-24 05:21:46,653 - mmseg - INFO - Iter [33600/160000]	lr: 1.234e-05, eta: 1 day, 14:44:27, time: 0.936, data_time: 0.380, memory: 14490, decode.loss_seg: 0.0696, decode.acc_seg: 83.6844, aux.loss_seg: 0.0413, aux.acc_seg: 82.4504, loss: 0.1109
2026-04-24 05:22:32,768 - mmseg - INFO - Iter [33650/160000]	lr: 1.234e-05, eta: 1 day, 14:42:27, time: 0.922, data_time: 0.340, memory: 14490, decode.loss_seg: 0.0723, decode.acc_seg: 83.2034, aux.loss_seg: 0.0427, aux.acc_seg: 81.9290, loss: 0.1150
2026-04-24 05:22:59,994 - mmseg - INFO - Iter [33700/160000]	lr: 1.233e-05, eta: 1 day, 14:38:13, time: 0.544, data_time: 0.005, memory: 14490, decode.loss_seg: 0.0716, decode.acc_seg: 83.8048, aux.loss_seg: 0.0422, aux.acc_seg: 82.5591, loss: 0.1138
2026-04-24 05:23:47,056 - mmseg - INFO - Iter [33750/160000]	lr: 1.233e-05, eta: 1 day, 14:36:21, time: 0.941, data_time: 0.324, memory: 14490, decode.loss_seg: 0.0705, decode.acc_seg: 83.3013, aux.loss_seg: 0.0428, aux.acc_seg: 81.8954, loss: 0.1132
2026-04-24 05:24:34,790 - mmseg - INFO - Iter [33800/160000]	lr: 1.232e-05, eta: 1 day, 14:34:34, time: 0.955, data_time: 0.357, memory: 14490, decode.loss_seg: 0.0718, decode.acc_seg: 82.4554, aux.loss_seg: 0.0417, aux.acc_seg: 81.2396, loss: 0.1135
2026-04-24 05:25:02,060 - mmseg - INFO - Iter [33850/160000]	lr: 1.232e-05, eta: 1 day, 14:30:23, time: 0.545, data_time: 0.005, memory: 14490, decode.loss_seg: 0.0710, decode.acc_seg: 83.4123, aux.loss_seg: 0.0416, aux.acc_seg: 82.1365, loss: 0.1126
2026-04-24 05:25:47,764 - mmseg - INFO - Iter [33900/160000]	lr: 1.231e-05, eta: 1 day, 14:28:22, time: 0.914, data_time: 0.364, memory: 14490, decode.loss_seg: 0.0688, decode.acc_seg: 81.7454, aux.loss_seg: 0.0417, aux.acc_seg: 80.3947, loss: 0.1105
2026-04-24 05:26:34,467 - mmseg - INFO - Iter [33950/160000]	lr: 1.231e-05, eta: 1 day, 14:26:30, time: 0.934, data_time: 0.346, memory: 14490, decode.loss_seg: 0.0718, decode.acc_seg: 83.1234, aux.loss_seg: 0.0418, aux.acc_seg: 81.8949, loss: 0.1136
2026-04-24 05:27:13,632 - mmseg - INFO - per class results:
2026-04-24 05:27:13,632 - mmseg - INFO - 
+------------+-------+-------+
| Class      | IoU   | Acc   |
+------------+-------+-------+
| housing    | 93.59 | 96.31 |
| industrial | 92.36 | 96.54 |
| natural    | 84.92 | 87.84 |
| land_use   | 74.8  | 80.99 |
| water      | 92.32 | 96.94 |
| other      | 97.47 | 98.93 |
+------------+-------+-------+
2026-04-24 05:27:13,632 - mmseg - INFO - Summary:
2026-04-24 05:27:13,632 - mmseg - INFO - 
+--------+-------+-------+------+
| Scope  | mIoU  | mAcc  | aAcc |
+--------+-------+-------+------+
| global | 89.24 | 92.92 | 95.3 |
+--------+-------+-------+------+
2026-04-24 05:27:13,656 - mmseg - INFO - Exp name: pixel_upernet_itpn_large_12_512_slide_160k_air_polarsar2_amp_linux.py
2026-04-24 05:27:13,657 - mmseg - INFO - Iter [34000/160000]	lr: 1.230e-05, eta: 1 day, 15:31:56, time: 12.473, data_time: 0.000, memory: 14490, mIoU: 0.8924, mAcc: 0.9292, aAcc: 0.9530
2026-04-24 05:28:00,807 - mmseg - INFO - Iter [34050/160000]	lr: 1.230e-05, eta: 1 day, 15:29:55, time: 0.943, data_time: 0.345, memory: 14490, decode.loss_seg: 0.0710, decode.acc_seg: 82.9490, aux.loss_seg: 0.0418, aux.acc_seg: 81.7192, loss: 0.1129
2026-04-24 05:28:47,494 - mmseg - INFO - Iter [34100/160000]	lr: 1.230e-05, eta: 1 day, 15:27:50, time: 0.934, data_time: 0.385, memory: 14490, decode.loss_seg: 0.0693, decode.acc_seg: 83.1281, aux.loss_seg: 0.0410, aux.acc_seg: 81.9015, loss: 0.1103
2026-04-24 05:29:14,783 - mmseg - INFO - Iter [34150/160000]	lr: 1.229e-05, eta: 1 day, 15:23:32, time: 0.546, data_time: 0.004, memory: 14490, decode.loss_seg: 0.0710, decode.acc_seg: 84.3835, aux.loss_seg: 0.0427, aux.acc_seg: 83.1022, loss: 0.1137
2026-04-24 05:30:01,393 - mmseg - INFO - Iter [34200/160000]	lr: 1.229e-05, eta: 1 day, 15:21:28, time: 0.932, data_time: 0.366, memory: 14490, decode.loss_seg: 0.0710, decode.acc_seg: 83.5522, aux.loss_seg: 0.0414, aux.acc_seg: 82.3594, loss: 0.1124
2026-04-24 05:30:47,244 - mmseg - INFO - Iter [34250/160000]	lr: 1.228e-05, eta: 1 day, 15:19:20, time: 0.917, data_time: 0.354, memory: 14490, decode.loss_seg: 0.0687, decode.acc_seg: 84.5309, aux.loss_seg: 0.0412, aux.acc_seg: 83.2659, loss: 0.1099
2026-04-24 05:31:14,644 - mmseg - INFO - Iter [34300/160000]	lr: 1.228e-05, eta: 1 day, 15:15:05, time: 0.548, data_time: 0.004, memory: 14490, decode.loss_seg: 0.0711, decode.acc_seg: 82.1436, aux.loss_seg: 0.0424, aux.acc_seg: 80.8408, loss: 0.1134
2026-04-24 05:32:00,607 - mmseg - INFO - Iter [34350/160000]	lr: 1.227e-05, eta: 1 day, 15:12:59, time: 0.919, data_time: 0.376, memory: 14490, decode.loss_seg: 0.0724, decode.acc_seg: 81.3843, aux.loss_seg: 0.0484, aux.acc_seg: 79.6776, loss: 0.1208
2026-04-24 05:32:27,943 - mmseg - INFO - Iter [34400/160000]	lr: 1.227e-05, eta: 1 day, 15:08:46, time: 0.547, data_time: 0.004, memory: 14490, decode.loss_seg: 0.0681, decode.acc_seg: 83.2910, aux.loss_seg: 0.0399, aux.acc_seg: 82.0893, loss: 0.1080
2026-04-24 05:33:14,539 - mmseg - INFO - Iter [34450/160000]	lr: 1.226e-05, eta: 1 day, 15:06:45, time: 0.932, data_time: 0.327, memory: 14490, decode.loss_seg: 0.0672, decode.acc_seg: 84.3423, aux.loss_seg: 0.0413, aux.acc_seg: 82.9959, loss: 0.1084
2026-04-24 05:34:01,438 - mmseg - INFO - Iter [34500/160000]	lr: 1.226e-05, eta: 1 day, 15:04:47, time: 0.938, data_time: 0.384, memory: 14490, decode.loss_seg: 0.0693, decode.acc_seg: 83.3767, aux.loss_seg: 0.0440, aux.acc_seg: 81.7961, loss: 0.1133
2026-04-24 05:34:28,741 - mmseg - INFO - Iter [34550/160000]	lr: 1.225e-05, eta: 1 day, 15:00:36, time: 0.546, data_time: 0.004, memory: 14490, decode.loss_seg: 0.0654, decode.acc_seg: 84.4629, aux.loss_seg: 0.0390, aux.acc_seg: 83.2759, loss: 0.1045
2026-04-24 05:35:15,870 - mmseg - INFO - Iter [34600/160000]	lr: 1.225e-05, eta: 1 day, 14:58:41, time: 0.943, data_time: 0.340, memory: 14490, decode.loss_seg: 0.0720, decode.acc_seg: 83.2965, aux.loss_seg: 0.0426, aux.acc_seg: 82.0208, loss: 0.1146
2026-04-24 05:36:03,502 - mmseg - INFO - Iter [34650/160000]	lr: 1.224e-05, eta: 1 day, 14:56:49, time: 0.953, data_time: 0.367, memory: 14490, decode.loss_seg: 0.0665, decode.acc_seg: 84.4411, aux.loss_seg: 0.0390, aux.acc_seg: 83.2783, loss: 0.1056
2026-04-24 05:36:30,791 - mmseg - INFO - Iter [34700/160000]	lr: 1.224e-05, eta: 1 day, 14:52:41, time: 0.546, data_time: 0.005, memory: 14490, decode.loss_seg: 0.0670, decode.acc_seg: 83.2398, aux.loss_seg: 0.0394, aux.acc_seg: 82.0515, loss: 0.1064
2026-04-24 05:37:17,924 - mmseg - INFO - Iter [34750/160000]	lr: 1.223e-05, eta: 1 day, 14:50:47, time: 0.943, data_time: 0.342, memory: 14490, decode.loss_seg: 0.0692, decode.acc_seg: 83.8838, aux.loss_seg: 0.0421, aux.acc_seg: 82.5406, loss: 0.1113
2026-04-24 05:38:04,650 - mmseg - INFO - Iter [34800/160000]	lr: 1.223e-05, eta: 1 day, 14:48:50, time: 0.935, data_time: 0.361, memory: 14490, decode.loss_seg: 0.0675, decode.acc_seg: 84.0055, aux.loss_seg: 0.0401, aux.acc_seg: 82.8014, loss: 0.1075
2026-04-24 05:38:31,938 - mmseg - INFO - Iter [34850/160000]	lr: 1.222e-05, eta: 1 day, 14:44:45, time: 0.546, data_time: 0.004, memory: 14490, decode.loss_seg: 0.0658, decode.acc_seg: 83.8702, aux.loss_seg: 0.0394, aux.acc_seg: 82.6781, loss: 0.1052
2026-04-24 05:39:18,417 - mmseg - INFO - Iter [34900/160000]	lr: 1.222e-05, eta: 1 day, 14:42:48, time: 0.930, data_time: 0.356, memory: 14490, decode.loss_seg: 0.0717, decode.acc_seg: 83.3380, aux.loss_seg: 0.0425, aux.acc_seg: 82.0524, loss: 0.1142
2026-04-24 05:40:04,760 - mmseg - INFO - Iter [34950/160000]	lr: 1.221e-05, eta: 1 day, 14:40:51, time: 0.927, data_time: 0.381, memory: 14490, decode.loss_seg: 0.0660, decode.acc_seg: 82.9767, aux.loss_seg: 0.0389, aux.acc_seg: 81.7981, loss: 0.1049
2026-04-24 05:40:31,979 - mmseg - INFO - Exp name: pixel_upernet_itpn_large_12_512_slide_160k_air_polarsar2_amp_linux.py
2026-04-24 05:40:31,980 - mmseg - INFO - Iter [35000/160000]	lr: 1.221e-05, eta: 1 day, 14:36:48, time: 0.544, data_time: 0.004, memory: 14490, decode.loss_seg: 0.0691, decode.acc_seg: 84.3150, aux.loss_seg: 0.0409, aux.acc_seg: 83.0774, loss: 0.1100
2026-04-24 05:41:17,810 - mmseg - INFO - Iter [35050/160000]	lr: 1.220e-05, eta: 1 day, 14:34:48, time: 0.917, data_time: 0.360, memory: 14490, decode.loss_seg: 0.0722, decode.acc_seg: 82.7513, aux.loss_seg: 0.0414, aux.acc_seg: 81.5432, loss: 0.1136
2026-04-24 05:42:04,410 - mmseg - INFO - Iter [35100/160000]	lr: 1.220e-05, eta: 1 day, 14:32:54, time: 0.932, data_time: 0.373, memory: 14490, decode.loss_seg: 0.0668, decode.acc_seg: 82.1105, aux.loss_seg: 0.0405, aux.acc_seg: 80.8325, loss: 0.1072
2026-04-24 05:42:31,635 - mmseg - INFO - Iter [35150/160000]	lr: 1.219e-05, eta: 1 day, 14:28:54, time: 0.544, data_time: 0.004, memory: 14490, decode.loss_seg: 0.0692, decode.acc_seg: 83.5479, aux.loss_seg: 0.0405, aux.acc_seg: 82.3673, loss: 0.1097
2026-04-24 05:43:17,230 - mmseg - INFO - Iter [35200/160000]	lr: 1.219e-05, eta: 1 day, 14:26:54, time: 0.912, data_time: 0.335, memory: 14490, decode.loss_seg: 0.0694, decode.acc_seg: 82.2232, aux.loss_seg: 0.0404, aux.acc_seg: 80.9960, loss: 0.1098
2026-04-24 05:43:44,461 - mmseg - INFO - Iter [35250/160000]	lr: 1.218e-05, eta: 1 day, 14:22:56, time: 0.544, data_time: 0.004, memory: 14490, decode.loss_seg: 0.0704, decode.acc_seg: 82.6612, aux.loss_seg: 0.0428, aux.acc_seg: 81.2701, loss: 0.1132
2026-04-24 05:44:31,872 - mmseg - INFO - Iter [35300/160000]	lr: 1.218e-05, eta: 1 day, 14:21:09, time: 0.948, data_time: 0.357, memory: 14490, decode.loss_seg: 0.0687, decode.acc_seg: 84.2950, aux.loss_seg: 0.0407, aux.acc_seg: 83.0384, loss: 0.1094
2026-04-24 05:45:18,567 - mmseg - INFO - Iter [35350/160000]	lr: 1.217e-05, eta: 1 day, 14:19:18, time: 0.934, data_time: 0.335, memory: 14490, decode.loss_seg: 0.0672, decode.acc_seg: 82.2388, aux.loss_seg: 0.0409, aux.acc_seg: 80.9396, loss: 0.1081
2026-04-24 05:45:45,864 - mmseg - INFO - Iter [35400/160000]	lr: 1.217e-05, eta: 1 day, 14:15:22, time: 0.546, data_time: 0.004, memory: 14490, decode.loss_seg: 0.0694, decode.acc_seg: 81.3836, aux.loss_seg: 0.0397, aux.acc_seg: 80.2308, loss: 0.1091
2026-04-24 05:46:32,691 - mmseg - INFO - Iter [35450/160000]	lr: 1.216e-05, eta: 1 day, 14:13:33, time: 0.937, data_time: 0.363, memory: 14490, decode.loss_seg: 0.0670, decode.acc_seg: 84.2749, aux.loss_seg: 0.0396, aux.acc_seg: 83.0539, loss: 0.1066
2026-04-24 05:47:19,703 - mmseg - INFO - Iter [35500/160000]	lr: 1.216e-05, eta: 1 day, 14:11:45, time: 0.940, data_time: 0.375, memory: 14490, decode.loss_seg: 0.0664, decode.acc_seg: 82.9633, aux.loss_seg: 0.0399, aux.acc_seg: 81.6656, loss: 0.1062
2026-04-24 05:47:46,981 - mmseg - INFO - Iter [35550/160000]	lr: 1.215e-05, eta: 1 day, 14:07:52, time: 0.546, data_time: 0.004, memory: 14490, decode.loss_seg: 0.0676, decode.acc_seg: 82.4366, aux.loss_seg: 0.0406, aux.acc_seg: 81.0881, loss: 0.1081
2026-04-24 05:48:33,391 - mmseg - INFO - Iter [35600/160000]	lr: 1.215e-05, eta: 1 day, 14:06:01, time: 0.928, data_time: 0.375, memory: 14490, decode.loss_seg: 0.0844, decode.acc_seg: 84.5888, aux.loss_seg: 0.0466, aux.acc_seg: 83.1882, loss: 0.1310
2026-04-24 05:49:20,799 - mmseg - INFO - Iter [35650/160000]	lr: 1.214e-05, eta: 1 day, 14:04:17, time: 0.948, data_time: 0.340, memory: 14490, decode.loss_seg: 0.0699, decode.acc_seg: 82.8567, aux.loss_seg: 0.0407, aux.acc_seg: 81.6288, loss: 0.1105
2026-04-24 05:49:48,078 - mmseg - INFO - Iter [35700/160000]	lr: 1.214e-05, eta: 1 day, 14:00:27, time: 0.546, data_time: 0.004, memory: 14490, decode.loss_seg: 0.0680, decode.acc_seg: 81.3664, aux.loss_seg: 0.0417, aux.acc_seg: 80.0716, loss: 0.1097
2026-04-24 05:50:34,473 - mmseg - INFO - Iter [35750/160000]	lr: 1.213e-05, eta: 1 day, 13:58:37, time: 0.928, data_time: 0.361, memory: 14490, decode.loss_seg: 0.0645, decode.acc_seg: 83.8498, aux.loss_seg: 0.0434, aux.acc_seg: 82.4207, loss: 0.1079
2026-04-24 05:51:21,244 - mmseg - INFO - Iter [35800/160000]	lr: 1.213e-05, eta: 1 day, 13:56:50, time: 0.935, data_time: 0.361, memory: 14490, decode.loss_seg: 0.0678, decode.acc_seg: 82.3282, aux.loss_seg: 0.0396, aux.acc_seg: 81.1284, loss: 0.1075
2026-04-24 05:51:48,584 - mmseg - INFO - Iter [35850/160000]	lr: 1.212e-05, eta: 1 day, 13:53:02, time: 0.547, data_time: 0.004, memory: 14490, decode.loss_seg: 0.0677, decode.acc_seg: 83.5701, aux.loss_seg: 0.0399, aux.acc_seg: 82.3603, loss: 0.1076
2026-04-24 05:52:34,954 - mmseg - INFO - Iter [35900/160000]	lr: 1.212e-05, eta: 1 day, 13:51:14, time: 0.927, data_time: 0.386, memory: 14490, decode.loss_seg: 0.0642, decode.acc_seg: 82.6700, aux.loss_seg: 0.0396, aux.acc_seg: 81.3618, loss: 0.1038
2026-04-24 05:53:20,791 - mmseg - INFO - Iter [35950/160000]	lr: 1.211e-05, eta: 1 day, 13:49:23, time: 0.917, data_time: 0.369, memory: 14490, decode.loss_seg: 0.0654, decode.acc_seg: 82.4097, aux.loss_seg: 0.0399, aux.acc_seg: 81.0544, loss: 0.1052
2026-04-24 05:53:59,886 - mmseg - INFO - per class results:
2026-04-24 05:53:59,886 - mmseg - INFO - 
+------------+-------+-------+
| Class      | IoU   | Acc   |
+------------+-------+-------+
| housing    | 93.88 | 97.13 |
| industrial | 92.91 | 96.38 |
| natural    | 84.56 | 88.13 |
| land_use   | 76.35 | 83.81 |
| water      | 92.85 | 96.96 |
| other      | 97.59 | 99.34 |
+------------+-------+-------+
2026-04-24 05:53:59,886 - mmseg - INFO - Summary:
2026-04-24 05:53:59,886 - mmseg - INFO - 
+--------+-------+-------+-------+
| Scope  | mIoU  | mAcc  | aAcc  |
+--------+-------+-------+-------+
| global | 89.69 | 93.63 | 95.59 |
+--------+-------+-------+-------+
2026-04-24 05:53:59,912 - mmseg - INFO - Exp name: pixel_upernet_itpn_large_12_512_slide_160k_air_polarsar2_amp_linux.py
2026-04-24 05:53:59,912 - mmseg - INFO - Iter [36000/160000]	lr: 1.211e-05, eta: 1 day, 14:46:48, time: 12.388, data_time: 0.000, memory: 14490, mIoU: 0.8969, mAcc: 0.9363, aAcc: 0.9559
2026-04-24 05:54:45,805 - mmseg - INFO - Iter [36050/160000]	lr: 1.210e-05, eta: 1 day, 14:44:47, time: 0.918, data_time: 0.331, memory: 14490, decode.loss_seg: 0.0653, decode.acc_seg: 82.5902, aux.loss_seg: 0.0383, aux.acc_seg: 81.4737, loss: 0.1036
2026-04-24 05:55:31,926 - mmseg - INFO - Iter [36100/160000]	lr: 1.210e-05, eta: 1 day, 14:42:48, time: 0.922, data_time: 0.326, memory: 14490, decode.loss_seg: 0.0675, decode.acc_seg: 83.0517, aux.loss_seg: 0.0399, aux.acc_seg: 81.8333, loss: 0.1074
2026-04-24 05:55:59,227 - mmseg - INFO - Iter [36150/160000]	lr: 1.209e-05, eta: 1 day, 14:38:54, time: 0.546, data_time: 0.004, memory: 14490, decode.loss_seg: 0.0658, decode.acc_seg: 83.0046, aux.loss_seg: 0.0397, aux.acc_seg: 81.7410, loss: 0.1055
2026-04-24 05:56:45,800 - mmseg - INFO - Iter [36200/160000]	lr: 1.209e-05, eta: 1 day, 14:36:59, time: 0.932, data_time: 0.391, memory: 14490, decode.loss_seg: 0.0670, decode.acc_seg: 83.0114, aux.loss_seg: 0.0413, aux.acc_seg: 81.6599, loss: 0.1083
2026-04-24 05:57:12,995 - mmseg - INFO - Iter [36250/160000]	lr: 1.209e-05, eta: 1 day, 14:33:06, time: 0.544, data_time: 0.005, memory: 14490, decode.loss_seg: 0.0646, decode.acc_seg: 83.9460, aux.loss_seg: 0.0388, aux.acc_seg: 82.7443, loss: 0.1034
2026-04-24 05:57:59,798 - mmseg - INFO - Iter [36300/160000]	lr: 1.208e-05, eta: 1 day, 14:31:14, time: 0.936, data_time: 0.398, memory: 14490, decode.loss_seg: 0.0645, decode.acc_seg: 83.6127, aux.loss_seg: 0.0396, aux.acc_seg: 82.2907, loss: 0.1041
2026-04-24 05:58:46,295 - mmseg - INFO - Iter [36350/160000]	lr: 1.208e-05, eta: 1 day, 14:29:20, time: 0.930, data_time: 0.353, memory: 14490, decode.loss_seg: 0.0639, decode.acc_seg: 84.3975, aux.loss_seg: 0.0394, aux.acc_seg: 83.0602, loss: 0.1034
2026-04-24 05:59:13,512 - mmseg - INFO - Iter [36400/160000]	lr: 1.207e-05, eta: 1 day, 14:25:29, time: 0.544, data_time: 0.005, memory: 14490, decode.loss_seg: 0.0674, decode.acc_seg: 83.8200, aux.loss_seg: 0.0401, aux.acc_seg: 82.6073, loss: 0.1074
2026-04-24 05:59:59,300 - mmseg - INFO - Iter [36450/160000]	lr: 1.207e-05, eta: 1 day, 14:23:32, time: 0.916, data_time: 0.339, memory: 14490, decode.loss_seg: 0.0714, decode.acc_seg: 83.0336, aux.loss_seg: 0.0429, aux.acc_seg: 81.6471, loss: 0.1143
2026-04-24 06:00:45,419 - mmseg - INFO - Iter [36500/160000]	lr: 1.206e-05, eta: 1 day, 14:21:37, time: 0.922, data_time: 0.340, memory: 14490, decode.loss_seg: 0.0668, decode.acc_seg: 82.9148, aux.loss_seg: 0.0387, aux.acc_seg: 81.7655, loss: 0.1055
2026-04-24 06:01:12,657 - mmseg - INFO - Iter [36550/160000]	lr: 1.206e-05, eta: 1 day, 14:17:48, time: 0.545, data_time: 0.005, memory: 14490, decode.loss_seg: 0.0715, decode.acc_seg: 83.5785, aux.loss_seg: 0.0443, aux.acc_seg: 82.3083, loss: 0.1158
2026-04-24 06:01:59,690 - mmseg - INFO - Iter [36600/160000]	lr: 1.205e-05, eta: 1 day, 14:16:00, time: 0.941, data_time: 0.402, memory: 14490, decode.loss_seg: 0.0685, decode.acc_seg: 83.6657, aux.loss_seg: 0.0418, aux.acc_seg: 82.3240, loss: 0.1103
2026-04-24 06:02:45,205 - mmseg - INFO - Iter [36650/160000]	lr: 1.205e-05, eta: 1 day, 14:14:02, time: 0.910, data_time: 0.335, memory: 14490, decode.loss_seg: 0.0665, decode.acc_seg: 84.3740, aux.loss_seg: 0.0405, aux.acc_seg: 83.0893, loss: 0.1070
2026-04-24 06:03:12,420 - mmseg - INFO - Iter [36700/160000]	lr: 1.204e-05, eta: 1 day, 14:10:16, time: 0.544, data_time: 0.004, memory: 14490, decode.loss_seg: 0.0704, decode.acc_seg: 83.0691, aux.loss_seg: 0.0433, aux.acc_seg: 81.8589, loss: 0.1138
2026-04-24 06:03:58,899 - mmseg - INFO - Iter [36750/160000]	lr: 1.204e-05, eta: 1 day, 14:08:26, time: 0.929, data_time: 0.332, memory: 14490, decode.loss_seg: 0.0671, decode.acc_seg: 84.5418, aux.loss_seg: 0.0403, aux.acc_seg: 83.2569, loss: 0.1074
2026-04-24 06:04:46,468 - mmseg - INFO - Iter [36800/160000]	lr: 1.203e-05, eta: 1 day, 14:06:42, time: 0.951, data_time: 0.410, memory: 14490, decode.loss_seg: 0.0647, decode.acc_seg: 83.9209, aux.loss_seg: 0.0379, aux.acc_seg: 82.7831, loss: 0.1025
2026-04-24 06:05:13,810 - mmseg - INFO - Iter [36850/160000]	lr: 1.203e-05, eta: 1 day, 14:02:59, time: 0.547, data_time: 0.004, memory: 14490, decode.loss_seg: 0.0671, decode.acc_seg: 83.0441, aux.loss_seg: 0.0401, aux.acc_seg: 81.8231, loss: 0.1072
2026-04-24 06:06:01,102 - mmseg - INFO - Iter [36900/160000]	lr: 1.202e-05, eta: 1 day, 14:01:14, time: 0.946, data_time: 0.363, memory: 14490, decode.loss_seg: 0.0670, decode.acc_seg: 83.6463, aux.loss_seg: 0.0399, aux.acc_seg: 82.4513, loss: 0.1069
2026-04-24 06:06:47,350 - mmseg - INFO - Iter [36950/160000]	lr: 1.202e-05, eta: 1 day, 13:59:24, time: 0.925, data_time: 0.341, memory: 14490, decode.loss_seg: 0.0656, decode.acc_seg: 84.5125, aux.loss_seg: 0.0396, aux.acc_seg: 83.2657, loss: 0.1051
2026-04-24 06:07:14,576 - mmseg - INFO - Exp name: pixel_upernet_itpn_large_12_512_slide_160k_air_polarsar2_amp_linux.py
2026-04-24 06:07:14,576 - mmseg - INFO - Iter [37000/160000]	lr: 1.201e-05, eta: 1 day, 13:55:42, time: 0.545, data_time: 0.004, memory: 14490, decode.loss_seg: 0.0680, decode.acc_seg: 83.9098, aux.loss_seg: 0.0397, aux.acc_seg: 82.7213, loss: 0.1077
2026-04-24 06:08:00,424 - mmseg - INFO - Iter [37050/160000]	lr: 1.201e-05, eta: 1 day, 13:53:50, time: 0.917, data_time: 0.345, memory: 14490, decode.loss_seg: 0.0768, decode.acc_seg: 82.6634, aux.loss_seg: 0.0431, aux.acc_seg: 81.4523, loss: 0.1199
2026-04-24 06:08:46,141 - mmseg - INFO - Iter [37100/160000]	lr: 1.200e-05, eta: 1 day, 13:51:58, time: 0.914, data_time: 0.373, memory: 14490, decode.loss_seg: 0.0704, decode.acc_seg: 82.5404, aux.loss_seg: 0.0403, aux.acc_seg: 81.3836, loss: 0.1107
2026-04-24 06:09:13,381 - mmseg - INFO - Iter [37150/160000]	lr: 1.200e-05, eta: 1 day, 13:48:18, time: 0.545, data_time: 0.003, memory: 14490, decode.loss_seg: 0.0656, decode.acc_seg: 83.3121, aux.loss_seg: 0.0398, aux.acc_seg: 82.0326, loss: 0.1055
2026-04-24 06:09:59,350 - mmseg - INFO - Iter [37200/160000]	lr: 1.199e-05, eta: 1 day, 13:46:28, time: 0.919, data_time: 0.372, memory: 14490, decode.loss_seg: 0.0731, decode.acc_seg: 84.4579, aux.loss_seg: 0.0438, aux.acc_seg: 83.0640, loss: 0.1169
2026-04-24 06:10:26,572 - mmseg - INFO - Iter [37250/160000]	lr: 1.199e-05, eta: 1 day, 13:42:50, time: 0.545, data_time: 0.004, memory: 14490, decode.loss_seg: 0.0678, decode.acc_seg: 82.1633, aux.loss_seg: 0.0396, aux.acc_seg: 80.9747, loss: 0.1074
2026-04-24 06:11:13,583 - mmseg - INFO - Iter [37300/160000]	lr: 1.198e-05, eta: 1 day, 13:41:07, time: 0.940, data_time: 0.388, memory: 14490, decode.loss_seg: 0.0792, decode.acc_seg: 83.1857, aux.loss_seg: 0.0478, aux.acc_seg: 81.9075, loss: 0.1269
2026-04-24 06:12:00,021 - mmseg - INFO - Iter [37350/160000]	lr: 1.198e-05, eta: 1 day, 13:39:21, time: 0.929, data_time: 0.366, memory: 14490, decode.loss_seg: 0.0851, decode.acc_seg: 83.0293, aux.loss_seg: 0.0449, aux.acc_seg: 81.9053, loss: 0.1300
2026-04-24 06:12:27,252 - mmseg - INFO - Iter [37400/160000]	lr: 1.197e-05, eta: 1 day, 13:35:45, time: 0.545, data_time: 0.004, memory: 14490, decode.loss_seg: 0.0882, decode.acc_seg: 82.6461, aux.loss_seg: 0.0482, aux.acc_seg: 81.4430, loss: 0.1365
2026-04-24 06:13:14,229 - mmseg - INFO - Iter [37450/160000]	lr: 1.197e-05, eta: 1 day, 13:34:03, time: 0.939, data_time: 0.389, memory: 14490, decode.loss_seg: 0.0745, decode.acc_seg: 83.5625, aux.loss_seg: 0.0440, aux.acc_seg: 82.2649, loss: 0.1185
2026-04-24 06:14:00,713 - mmseg - INFO - Iter [37500/160000]	lr: 1.196e-05, eta: 1 day, 13:32:18, time: 0.930, data_time: 0.333, memory: 14490, decode.loss_seg: 0.0670, decode.acc_seg: 81.6743, aux.loss_seg: 0.0407, aux.acc_seg: 80.3688, loss: 0.1077
2026-04-24 06:14:27,930 - mmseg - INFO - Iter [37550/160000]	lr: 1.196e-05, eta: 1 day, 13:28:45, time: 0.544, data_time: 0.004, memory: 14490, decode.loss_seg: 0.0658, decode.acc_seg: 83.1623, aux.loss_seg: 0.0389, aux.acc_seg: 81.9523, loss: 0.1047
2026-04-24 06:15:14,868 - mmseg - INFO - Iter [37600/160000]	lr: 1.195e-05, eta: 1 day, 13:27:03, time: 0.939, data_time: 0.340, memory: 14490, decode.loss_seg: 0.0646, decode.acc_seg: 82.9314, aux.loss_seg: 0.0387, aux.acc_seg: 81.6851, loss: 0.1033
2026-04-24 06:16:01,822 - mmseg - INFO - Iter [37650/160000]	lr: 1.195e-05, eta: 1 day, 13:25:22, time: 0.939, data_time: 0.393, memory: 14490, decode.loss_seg: 0.0637, decode.acc_seg: 83.4003, aux.loss_seg: 0.0378, aux.acc_seg: 82.2277, loss: 0.1015
2026-04-24 06:16:29,074 - mmseg - INFO - Iter [37700/160000]	lr: 1.194e-05, eta: 1 day, 13:21:51, time: 0.545, data_time: 0.004, memory: 14490, decode.loss_seg: 0.0649, decode.acc_seg: 82.6757, aux.loss_seg: 0.0388, aux.acc_seg: 81.4466, loss: 0.1037
2026-04-24 06:17:17,016 - mmseg - INFO - Iter [37750/160000]	lr: 1.194e-05, eta: 1 day, 13:20:16, time: 0.959, data_time: 0.367, memory: 14490, decode.loss_seg: 0.0654, decode.acc_seg: 83.5155, aux.loss_seg: 0.0390, aux.acc_seg: 82.3098, loss: 0.1044
2026-04-24 06:18:03,382 - mmseg - INFO - Iter [37800/160000]	lr: 1.193e-05, eta: 1 day, 13:18:33, time: 0.927, data_time: 0.357, memory: 14490, decode.loss_seg: 0.0663, decode.acc_seg: 83.9669, aux.loss_seg: 0.0392, aux.acc_seg: 82.7622, loss: 0.1056
2026-04-24 06:18:30,579 - mmseg - INFO - Iter [37850/160000]	lr: 1.193e-05, eta: 1 day, 13:15:03, time: 0.544, data_time: 0.004, memory: 14490, decode.loss_seg: 0.0669, decode.acc_seg: 83.5358, aux.loss_seg: 0.0410, aux.acc_seg: 82.1435, loss: 0.1079
2026-04-24 06:19:17,305 - mmseg - INFO - Iter [37900/160000]	lr: 1.192e-05, eta: 1 day, 13:13:22, time: 0.934, data_time: 0.356, memory: 14490, decode.loss_seg: 0.0634, decode.acc_seg: 83.7353, aux.loss_seg: 0.0386, aux.acc_seg: 82.4583, loss: 0.1021
2026-04-24 06:20:03,832 - mmseg - INFO - Iter [37950/160000]	lr: 1.192e-05, eta: 1 day, 13:11:41, time: 0.931, data_time: 0.349, memory: 14490, decode.loss_seg: 0.0623, decode.acc_seg: 83.1311, aux.loss_seg: 0.0387, aux.acc_seg: 81.8858, loss: 0.1010
2026-04-24 06:20:42,776 - mmseg - INFO - per class results:
2026-04-24 06:20:42,776 - mmseg - INFO - 
+------------+-------+-------+
| Class      | IoU   | Acc   |
+------------+-------+-------+
| housing    | 94.01 | 96.77 |
| industrial | 93.21 | 96.84 |
| natural    | 87.86 | 91.66 |
| land_use   | 75.31 | 80.44 |
| water      | 92.99 | 97.4  |
| other      | 97.73 | 99.03 |
+------------+-------+-------+
2026-04-24 06:20:42,776 - mmseg - INFO - Summary:
2026-04-24 06:20:42,777 - mmseg - INFO - 
+--------+-------+-------+-------+
| Scope  | mIoU  | mAcc  | aAcc  |
+--------+-------+-------+-------+
| global | 90.18 | 93.69 | 95.71 |
+--------+-------+-------+-------+
2026-04-24 06:20:42,802 - mmseg - INFO - Exp name: pixel_upernet_itpn_large_12_512_slide_160k_air_polarsar2_amp_linux.py
2026-04-24 06:20:42,802 - mmseg - INFO - Iter [38000/160000]	lr: 1.191e-05, eta: 1 day, 14:02:35, time: 12.312, data_time: 0.000, memory: 14490, mIoU: 0.9018, mAcc: 0.9369, aAcc: 0.9571
2026-04-24 06:21:29,686 - mmseg - INFO - Iter [38050/160000]	lr: 1.191e-05, eta: 1 day, 14:00:48, time: 0.937, data_time: 0.383, memory: 14490, decode.loss_seg: 0.0641, decode.acc_seg: 82.3058, aux.loss_seg: 0.0393, aux.acc_seg: 81.0560, loss: 0.1034
2026-04-24 06:22:16,241 - mmseg - INFO - Iter [38100/160000]	lr: 1.190e-05, eta: 1 day, 13:58:59, time: 0.931, data_time: 0.388, memory: 14490, decode.loss_seg: 0.0611, decode.acc_seg: 83.4168, aux.loss_seg: 0.0367, aux.acc_seg: 82.2374, loss: 0.0979
2026-04-24 06:22:43,529 - mmseg - INFO - Iter [38150/160000]	lr: 1.190e-05, eta: 1 day, 13:55:25, time: 0.546, data_time: 0.004, memory: 14490, decode.loss_seg: 0.0639, decode.acc_seg: 84.0925, aux.loss_seg: 0.0390, aux.acc_seg: 82.8888, loss: 0.1028
2026-04-24 06:23:30,319 - mmseg - INFO - Iter [38200/160000]	lr: 1.189e-05, eta: 1 day, 13:53:38, time: 0.936, data_time: 0.391, memory: 14490, decode.loss_seg: 0.0655, decode.acc_seg: 83.5253, aux.loss_seg: 0.0390, aux.acc_seg: 82.3207, loss: 0.1046
2026-04-24 06:23:57,579 - mmseg - INFO - Iter [38250/160000]	lr: 1.189e-05, eta: 1 day, 13:50:05, time: 0.545, data_time: 0.004, memory: 14490, decode.loss_seg: 0.0654, decode.acc_seg: 83.4128, aux.loss_seg: 0.0396, aux.acc_seg: 82.0762, loss: 0.1050
2026-04-24 06:24:43,944 - mmseg - INFO - Iter [38300/160000]	lr: 1.188e-05, eta: 1 day, 13:48:17, time: 0.927, data_time: 0.364, memory: 14490, decode.loss_seg: 0.0623, decode.acc_seg: 84.2397, aux.loss_seg: 0.0377, aux.acc_seg: 83.0400, loss: 0.1000
2026-04-24 06:25:30,317 - mmseg - INFO - Iter [38350/160000]	lr: 1.188e-05, eta: 1 day, 13:46:29, time: 0.927, data_time: 0.341, memory: 14490, decode.loss_seg: 0.0638, decode.acc_seg: 84.7008, aux.loss_seg: 0.0388, aux.acc_seg: 83.4491, loss: 0.1026
2026-04-24 06:25:57,527 - mmseg - INFO - Iter [38400/160000]	lr: 1.188e-05, eta: 1 day, 13:42:57, time: 0.544, data_time: 0.004, memory: 14490, decode.loss_seg: 0.0608, decode.acc_seg: 84.5598, aux.loss_seg: 0.0365, aux.acc_seg: 83.3831, loss: 0.0974
2026-04-24 06:26:43,876 - mmseg - INFO - Iter [38450/160000]	lr: 1.187e-05, eta: 1 day, 13:41:10, time: 0.927, data_time: 0.318, memory: 14490, decode.loss_seg: 0.0672, decode.acc_seg: 83.3279, aux.loss_seg: 0.0389, aux.acc_seg: 82.1396, loss: 0.1061
2026-04-24 06:27:30,646 - mmseg - INFO - Iter [38500/160000]	lr: 1.187e-05, eta: 1 day, 13:39:25, time: 0.935, data_time: 0.380, memory: 14490, decode.loss_seg: 0.0667, decode.acc_seg: 83.4227, aux.loss_seg: 0.0393, aux.acc_seg: 82.2310, loss: 0.1060
2026-04-24 06:27:57,886 - mmseg - INFO - Iter [38550/160000]	lr: 1.186e-05, eta: 1 day, 13:35:56, time: 0.545, data_time: 0.004, memory: 14490, decode.loss_seg: 0.0793, decode.acc_seg: 83.1761, aux.loss_seg: 0.0437, aux.acc_seg: 82.0168, loss: 0.1230
2026-04-24 06:28:43,274 - mmseg - INFO - Iter [38600/160000]	lr: 1.186e-05, eta: 1 day, 13:34:05, time: 0.907, data_time: 0.355, memory: 14490, decode.loss_seg: 0.0644, decode.acc_seg: 83.6653, aux.loss_seg: 0.0380, aux.acc_seg: 82.5224, loss: 0.1024
2026-04-24 06:29:29,850 - mmseg - INFO - Iter [38650/160000]	lr: 1.185e-05, eta: 1 day, 13:32:20, time: 0.932, data_time: 0.359, memory: 14490, decode.loss_seg: 0.0679, decode.acc_seg: 84.6700, aux.loss_seg: 0.0408, aux.acc_seg: 83.3811, loss: 0.1086
2026-04-24 06:29:57,082 - mmseg - INFO - Iter [38700/160000]	lr: 1.185e-05, eta: 1 day, 13:28:52, time: 0.545, data_time: 0.004, memory: 14490, decode.loss_seg: 0.0646, decode.acc_seg: 83.7050, aux.loss_seg: 0.0380, aux.acc_seg: 82.5106, loss: 0.1027
2026-04-24 06:30:42,710 - mmseg - INFO - Iter [38750/160000]	lr: 1.184e-05, eta: 1 day, 13:27:04, time: 0.913, data_time: 0.367, memory: 14490, decode.loss_seg: 0.0640, decode.acc_seg: 84.8087, aux.loss_seg: 0.0376, aux.acc_seg: 83.6527, loss: 0.1015
2026-04-24 06:31:29,218 - mmseg - INFO - Iter [38800/160000]	lr: 1.184e-05, eta: 1 day, 13:25:20, time: 0.930, data_time: 0.375, memory: 14490, decode.loss_seg: 0.0637, decode.acc_seg: 83.5090, aux.loss_seg: 0.0374, aux.acc_seg: 82.3495, loss: 0.1011
2026-04-24 06:31:56,523 - mmseg - INFO - Iter [38850/160000]	lr: 1.183e-05, eta: 1 day, 13:21:54, time: 0.546, data_time: 0.004, memory: 14490, decode.loss_seg: 0.0713, decode.acc_seg: 81.9741, aux.loss_seg: 0.0412, aux.acc_seg: 80.8135, loss: 0.1125
2026-04-24 06:32:44,169 - mmseg - INFO - Iter [38900/160000]	lr: 1.183e-05, eta: 1 day, 13:20:17, time: 0.953, data_time: 0.401, memory: 14490, decode.loss_seg: 0.0654, decode.acc_seg: 83.3904, aux.loss_seg: 0.0398, aux.acc_seg: 82.0758, loss: 0.1052
2026-04-24 06:33:30,968 - mmseg - INFO - Iter [38950/160000]	lr: 1.182e-05, eta: 1 day, 13:18:36, time: 0.936, data_time: 0.337, memory: 14490, decode.loss_seg: 0.0757, decode.acc_seg: 83.7661, aux.loss_seg: 0.0425, aux.acc_seg: 82.5866, loss: 0.1182
2026-04-24 06:33:58,274 - mmseg - INFO - Exp name: pixel_upernet_itpn_large_12_512_slide_160k_air_polarsar2_amp_linux.py
2026-04-24 06:33:58,274 - mmseg - INFO - Iter [39000/160000]	lr: 1.182e-05, eta: 1 day, 13:15:12, time: 0.546, data_time: 0.004, memory: 14490, decode.loss_seg: 0.0632, decode.acc_seg: 82.4119, aux.loss_seg: 0.0378, aux.acc_seg: 81.2045, loss: 0.1010
2026-04-24 06:34:44,752 - mmseg - INFO - Iter [39050/160000]	lr: 1.181e-05, eta: 1 day, 13:13:30, time: 0.930, data_time: 0.350, memory: 14490, decode.loss_seg: 0.0697, decode.acc_seg: 82.1897, aux.loss_seg: 0.0435, aux.acc_seg: 80.7361, loss: 0.1131
2026-04-24 06:35:12,027 - mmseg - INFO - Iter [39100/160000]	lr: 1.181e-05, eta: 1 day, 13:10:07, time: 0.546, data_time: 0.004, memory: 14490, decode.loss_seg: 0.0724, decode.acc_seg: 83.0967, aux.loss_seg: 0.0408, aux.acc_seg: 82.0033, loss: 0.1132
2026-04-24 06:35:57,747 - mmseg - INFO - Iter [39150/160000]	lr: 1.180e-05, eta: 1 day, 13:08:21, time: 0.914, data_time: 0.356, memory: 14490, decode.loss_seg: 0.0775, decode.acc_seg: 82.8531, aux.loss_seg: 0.0437, aux.acc_seg: 81.6027, loss: 0.1212
2026-04-24 06:36:43,477 - mmseg - INFO - Iter [39200/160000]	lr: 1.180e-05, eta: 1 day, 13:06:36, time: 0.914, data_time: 0.345, memory: 14490, decode.loss_seg: 0.0802, decode.acc_seg: 83.0718, aux.loss_seg: 0.0473, aux.acc_seg: 81.7276, loss: 0.1274
2026-04-24 06:37:10,753 - mmseg - INFO - Iter [39250/160000]	lr: 1.179e-05, eta: 1 day, 13:03:15, time: 0.545, data_time: 0.004, memory: 14490, decode.loss_seg: 0.0714, decode.acc_seg: 82.2690, aux.loss_seg: 0.0406, aux.acc_seg: 81.1260, loss: 0.1120
2026-04-24 06:37:57,284 - mmseg - INFO - Iter [39300/160000]	lr: 1.179e-05, eta: 1 day, 13:01:35, time: 0.931, data_time: 0.370, memory: 14490, decode.loss_seg: 0.0643, decode.acc_seg: 84.2848, aux.loss_seg: 0.0383, aux.acc_seg: 83.1069, loss: 0.1027
2026-04-24 06:38:43,834 - mmseg - INFO - Iter [39350/160000]	lr: 1.178e-05, eta: 1 day, 12:59:55, time: 0.931, data_time: 0.388, memory: 14490, decode.loss_seg: 0.0664, decode.acc_seg: 82.0679, aux.loss_seg: 0.0394, aux.acc_seg: 80.8326, loss: 0.1058
2026-04-24 06:39:11,189 - mmseg - INFO - Iter [39400/160000]	lr: 1.178e-05, eta: 1 day, 12:56:36, time: 0.547, data_time: 0.004, memory: 14490, decode.loss_seg: 0.0624, decode.acc_seg: 84.5883, aux.loss_seg: 0.0378, aux.acc_seg: 83.3653, loss: 0.1002
2026-04-24 06:39:57,673 - mmseg - INFO - Iter [39450/160000]	lr: 1.177e-05, eta: 1 day, 12:54:57, time: 0.930, data_time: 0.389, memory: 14490, decode.loss_seg: 0.0618, decode.acc_seg: 82.7492, aux.loss_seg: 0.0373, aux.acc_seg: 81.5425, loss: 0.0991
2026-04-24 06:40:43,845 - mmseg - INFO - Iter [39500/160000]	lr: 1.177e-05, eta: 1 day, 12:53:16, time: 0.923, data_time: 0.365, memory: 14490, decode.loss_seg: 0.0607, decode.acc_seg: 81.2319, aux.loss_seg: 0.0364, aux.acc_seg: 80.0283, loss: 0.0971
2026-04-24 06:41:11,084 - mmseg - INFO - Iter [39550/160000]	lr: 1.176e-05, eta: 1 day, 12:49:58, time: 0.545, data_time: 0.004, memory: 14490, decode.loss_seg: 0.0601, decode.acc_seg: 84.3585, aux.loss_seg: 0.0372, aux.acc_seg: 83.1004, loss: 0.0973
2026-04-24 06:41:57,607 - mmseg - INFO - Iter [39600/160000]	lr: 1.176e-05, eta: 1 day, 12:48:19, time: 0.930, data_time: 0.340, memory: 14490, decode.loss_seg: 0.0636, decode.acc_seg: 83.8292, aux.loss_seg: 0.0375, aux.acc_seg: 82.6663, loss: 0.1011
2026-04-24 06:42:45,182 - mmseg - INFO - Iter [39650/160000]	lr: 1.175e-05, eta: 1 day, 12:46:47, time: 0.951, data_time: 0.410, memory: 14490, decode.loss_seg: 0.0627, decode.acc_seg: 82.6500, aux.loss_seg: 0.0380, aux.acc_seg: 81.3839, loss: 0.1007
2026-04-24 06:43:12,538 - mmseg - INFO - Iter [39700/160000]	lr: 1.175e-05, eta: 1 day, 12:43:31, time: 0.547, data_time: 0.004, memory: 14490, decode.loss_seg: 0.0604, decode.acc_seg: 83.0625, aux.loss_seg: 0.0374, aux.acc_seg: 81.7899, loss: 0.0978
2026-04-24 06:44:00,097 - mmseg - INFO - Iter [39750/160000]	lr: 1.174e-05, eta: 1 day, 12:41:59, time: 0.951, data_time: 0.373, memory: 14490, decode.loss_seg: 0.0644, decode.acc_seg: 82.7418, aux.loss_seg: 0.0379, aux.acc_seg: 81.5694, loss: 0.1023
2026-04-24 06:44:47,219 - mmseg - INFO - Iter [39800/160000]	lr: 1.174e-05, eta: 1 day, 12:40:24, time: 0.942, data_time: 0.401, memory: 14490, decode.loss_seg: 0.0766, decode.acc_seg: 83.2619, aux.loss_seg: 0.0437, aux.acc_seg: 82.1042, loss: 0.1202
2026-04-24 06:45:14,541 - mmseg - INFO - Iter [39850/160000]	lr: 1.173e-05, eta: 1 day, 12:37:10, time: 0.547, data_time: 0.004, memory: 14490, decode.loss_seg: 0.0653, decode.acc_seg: 83.5923, aux.loss_seg: 0.0384, aux.acc_seg: 82.4426, loss: 0.1036
2026-04-24 06:46:00,627 - mmseg - INFO - Iter [39900/160000]	lr: 1.173e-05, eta: 1 day, 12:35:31, time: 0.922, data_time: 0.350, memory: 14490, decode.loss_seg: 0.0636, decode.acc_seg: 82.1938, aux.loss_seg: 0.0379, aux.acc_seg: 81.0011, loss: 0.1015
2026-04-24 06:46:47,144 - mmseg - INFO - Iter [39950/160000]	lr: 1.172e-05, eta: 1 day, 12:33:55, time: 0.930, data_time: 0.390, memory: 14490, decode.loss_seg: 0.0610, decode.acc_seg: 83.8243, aux.loss_seg: 0.0374, aux.acc_seg: 82.5814, loss: 0.0984
2026-04-24 06:47:26,273 - mmseg - INFO - per class results:
2026-04-24 06:47:26,274 - mmseg - INFO - 
+------------+-------+-------+
| Class      | IoU   | Acc   |
+------------+-------+-------+
| housing    | 94.08 | 97.04 |
| industrial | 92.91 | 96.01 |
| natural    | 87.46 | 90.86 |
| land_use   | 76.62 | 82.42 |
| water      | 92.84 | 97.58 |
| other      | 97.3  | 99.51 |
+------------+-------+-------+
2026-04-24 06:47:26,274 - mmseg - INFO - Summary:
2026-04-24 06:47:26,274 - mmseg - INFO - 
+--------+------+------+-------+
| Scope  | mIoU | mAcc | aAcc  |
+--------+------+------+-------+
| global | 90.2 | 93.9 | 95.67 |
+--------+------+------+-------+
2026-04-24 06:47:26,298 - mmseg - INFO - Exp name: pixel_upernet_itpn_large_12_512_slide_160k_air_polarsar2_amp_linux.py
2026-04-24 06:47:26,298 - mmseg - INFO - Iter [40000/160000]	lr: 1.172e-05, eta: 1 day, 13:20:18, time: 12.447, data_time: 0.000, memory: 14490, mIoU: 0.9020, mAcc: 0.9390, aAcc: 0.9567
2026-04-24 06:48:13,667 - mmseg - INFO - Iter [40050/160000]	lr: 1.171e-05, eta: 1 day, 13:18:39, time: 0.947, data_time: 0.406, memory: 14490, decode.loss_seg: 0.0638, decode.acc_seg: 83.6280, aux.loss_seg: 0.0385, aux.acc_seg: 82.3755, loss: 0.1022
2026-04-24 06:48:40,964 - mmseg - INFO - Iter [40100/160000]	lr: 1.171e-05, eta: 1 day, 13:15:20, time: 0.546, data_time: 0.004, memory: 14490, decode.loss_seg: 0.0624, decode.acc_seg: 83.2285, aux.loss_seg: 0.0376, aux.acc_seg: 82.0014, loss: 0.1001
2026-04-24 06:49:26,944 - mmseg - INFO - Iter [40150/160000]	lr: 1.170e-05, eta: 1 day, 13:13:35, time: 0.920, data_time: 0.370, memory: 14490, decode.loss_seg: 0.0640, decode.acc_seg: 84.9246, aux.loss_seg: 0.0400, aux.acc_seg: 83.5619, loss: 0.1040
2026-04-24 06:50:13,120 - mmseg - INFO - Iter [40200/160000]	lr: 1.170e-05, eta: 1 day, 13:11:50, time: 0.923, data_time: 0.347, memory: 14490, decode.loss_seg: 0.0614, decode.acc_seg: 82.1778, aux.loss_seg: 0.0385, aux.acc_seg: 80.8974, loss: 0.0998
2026-04-24 06:50:40,435 - mmseg - INFO - Iter [40250/160000]	lr: 1.169e-05, eta: 1 day, 13:08:33, time: 0.547, data_time: 0.004, memory: 14490, decode.loss_seg: 0.0625, decode.acc_seg: 84.7236, aux.loss_seg: 0.0384, aux.acc_seg: 83.4386, loss: 0.1009
2026-04-24 06:51:27,124 - mmseg - INFO - Iter [40300/160000]	lr: 1.169e-05, eta: 1 day, 13:06:53, time: 0.934, data_time: 0.356, memory: 14490, decode.loss_seg: 0.0598, decode.acc_seg: 83.0521, aux.loss_seg: 0.0362, aux.acc_seg: 81.8350, loss: 0.0960
2026-04-24 06:52:13,984 - mmseg - INFO - Iter [40350/160000]	lr: 1.168e-05, eta: 1 day, 13:05:13, time: 0.937, data_time: 0.345, memory: 14490, decode.loss_seg: 0.0598, decode.acc_seg: 83.1952, aux.loss_seg: 0.0372, aux.acc_seg: 81.9282, loss: 0.0969
2026-04-24 06:52:41,251 - mmseg - INFO - Iter [40400/160000]	lr: 1.168e-05, eta: 1 day, 13:01:57, time: 0.545, data_time: 0.003, memory: 14490, decode.loss_seg: 0.0625, decode.acc_seg: 83.4238, aux.loss_seg: 0.0376, aux.acc_seg: 82.2250, loss: 0.1001
2026-04-24 06:53:27,360 - mmseg - INFO - Iter [40450/160000]	lr: 1.167e-05, eta: 1 day, 13:00:14, time: 0.922, data_time: 0.381, memory: 14490, decode.loss_seg: 0.0602, decode.acc_seg: 83.0819, aux.loss_seg: 0.0363, aux.acc_seg: 81.9203, loss: 0.0964
2026-04-24 06:54:13,697 - mmseg - INFO - Iter [40500/160000]	lr: 1.167e-05, eta: 1 day, 12:58:33, time: 0.927, data_time: 0.383, memory: 14490, decode.loss_seg: 0.0613, decode.acc_seg: 82.7658, aux.loss_seg: 0.0372, aux.acc_seg: 81.5341, loss: 0.0985
2026-04-24 06:54:41,013 - mmseg - INFO - Iter [40550/160000]	lr: 1.167e-05, eta: 1 day, 12:55:19, time: 0.546, data_time: 0.004, memory: 14490, decode.loss_seg: 0.0598, decode.acc_seg: 83.7447, aux.loss_seg: 0.0371, aux.acc_seg: 82.3980, loss: 0.0969
2026-04-24 06:55:28,067 - mmseg - INFO - Iter [40600/160000]	lr: 1.166e-05, eta: 1 day, 12:53:42, time: 0.941, data_time: 0.373, memory: 14490, decode.loss_seg: 0.0609, decode.acc_seg: 84.2078, aux.loss_seg: 0.0363, aux.acc_seg: 83.0438, loss: 0.0972
2026-04-24 06:56:15,101 - mmseg - INFO - Iter [40650/160000]	lr: 1.166e-05, eta: 1 day, 12:52:05, time: 0.941, data_time: 0.387, memory: 14490, decode.loss_seg: 0.0599, decode.acc_seg: 83.9632, aux.loss_seg: 0.0367, aux.acc_seg: 82.7371, loss: 0.0966
2026-04-24 06:56:42,444 - mmseg - INFO - Iter [40700/160000]	lr: 1.165e-05, eta: 1 day, 12:48:52, time: 0.547, data_time: 0.004, memory: 14490, decode.loss_seg: 0.0607, decode.acc_seg: 87.1707, aux.loss_seg: 0.0363, aux.acc_seg: 86.0351, loss: 0.0970
2026-04-24 06:57:29,910 - mmseg - INFO - Iter [40750/160000]	lr: 1.165e-05, eta: 1 day, 12:47:18, time: 0.950, data_time: 0.379, memory: 14490, decode.loss_seg: 0.0593, decode.acc_seg: 83.4362, aux.loss_seg: 0.0361, aux.acc_seg: 82.2379, loss: 0.0955
2026-04-24 06:58:16,464 - mmseg - INFO - Iter [40800/160000]	lr: 1.164e-05, eta: 1 day, 12:45:39, time: 0.931, data_time: 0.376, memory: 14490, decode.loss_seg: 0.0596, decode.acc_seg: 83.3647, aux.loss_seg: 0.0359, aux.acc_seg: 82.1887, loss: 0.0955
2026-04-24 06:58:43,807 - mmseg - INFO - Iter [40850/160000]	lr: 1.164e-05, eta: 1 day, 12:42:29, time: 0.547, data_time: 0.004, memory: 14490, decode.loss_seg: 0.0738, decode.acc_seg: 82.9380, aux.loss_seg: 0.0427, aux.acc_seg: 81.5848, loss: 0.1165
2026-04-24 06:59:29,842 - mmseg - INFO - Iter [40900/160000]	lr: 1.163e-05, eta: 1 day, 12:40:48, time: 0.921, data_time: 0.369, memory: 14490, decode.loss_seg: 0.0673, decode.acc_seg: 83.0430, aux.loss_seg: 0.0394, aux.acc_seg: 81.8723, loss: 0.1066
2026-04-24 07:00:15,598 - mmseg - INFO - Iter [40950/160000]	lr: 1.163e-05, eta: 1 day, 12:39:07, time: 0.915, data_time: 0.348, memory: 14490, decode.loss_seg: 0.0627, decode.acc_seg: 82.4540, aux.loss_seg: 0.0389, aux.acc_seg: 80.9867, loss: 0.1015
2026-04-24 07:00:42,844 - mmseg - INFO - Exp name: pixel_upernet_itpn_large_12_512_slide_160k_air_polarsar2_amp_linux.py
2026-04-24 07:00:42,845 - mmseg - INFO - Iter [41000/160000]	lr: 1.162e-05, eta: 1 day, 12:35:57, time: 0.545, data_time: 0.004, memory: 14490, decode.loss_seg: 0.0605, decode.acc_seg: 83.6512, aux.loss_seg: 0.0375, aux.acc_seg: 82.3495, loss: 0.0980
2026-04-24 07:01:30,155 - mmseg - INFO - Iter [41050/160000]	lr: 1.162e-05, eta: 1 day, 12:34:24, time: 0.946, data_time: 0.405, memory: 14490, decode.loss_seg: 0.0616, decode.acc_seg: 83.0683, aux.loss_seg: 0.0371, aux.acc_seg: 81.8627, loss: 0.0988
2026-04-24 07:01:57,472 - mmseg - INFO - Iter [41100/160000]	lr: 1.161e-05, eta: 1 day, 12:31:15, time: 0.546, data_time: 0.003, memory: 14490, decode.loss_seg: 0.0599, decode.acc_seg: 83.5446, aux.loss_seg: 0.0361, aux.acc_seg: 82.3686, loss: 0.0960
2026-04-24 07:02:44,358 - mmseg - INFO - Iter [41150/160000]	lr: 1.161e-05, eta: 1 day, 12:29:40, time: 0.938, data_time: 0.360, memory: 14490, decode.loss_seg: 0.0617, decode.acc_seg: 83.6894, aux.loss_seg: 0.0388, aux.acc_seg: 82.3786, loss: 0.1005
2026-04-24 07:03:32,311 - mmseg - INFO - Iter [41200/160000]	lr: 1.160e-05, eta: 1 day, 12:28:11, time: 0.959, data_time: 0.361, memory: 14490, decode.loss_seg: 0.0598, decode.acc_seg: 82.4073, aux.loss_seg: 0.0361, aux.acc_seg: 81.2430, loss: 0.0959
2026-04-24 07:03:59,589 - mmseg - INFO - Iter [41250/160000]	lr: 1.160e-05, eta: 1 day, 12:25:04, time: 0.546, data_time: 0.004, memory: 14490, decode.loss_seg: 0.0621, decode.acc_seg: 84.6312, aux.loss_seg: 0.0375, aux.acc_seg: 83.4418, loss: 0.0996
2026-04-24 07:04:46,363 - mmseg - INFO - Iter [41300/160000]	lr: 1.159e-05, eta: 1 day, 12:23:29, time: 0.935, data_time: 0.394, memory: 14490, decode.loss_seg: 0.0764, decode.acc_seg: 82.8112, aux.loss_seg: 0.0415, aux.acc_seg: 81.5899, loss: 0.1178
2026-04-24 07:05:32,665 - mmseg - INFO - Iter [41350/160000]	lr: 1.159e-05, eta: 1 day, 12:21:52, time: 0.926, data_time: 0.382, memory: 14490, decode.loss_seg: 0.0659, decode.acc_seg: 83.4145, aux.loss_seg: 0.0408, aux.acc_seg: 82.0860, loss: 0.1067
2026-04-24 07:06:00,012 - mmseg - INFO - Iter [41400/160000]	lr: 1.158e-05, eta: 1 day, 12:18:47, time: 0.547, data_time: 0.004, memory: 14490, decode.loss_seg: 0.0619, decode.acc_seg: 83.3395, aux.loss_seg: 0.0381, aux.acc_seg: 82.0200, loss: 0.1000
2026-04-24 07:06:47,609 - mmseg - INFO - Iter [41450/160000]	lr: 1.158e-05, eta: 1 day, 12:17:17, time: 0.952, data_time: 0.354, memory: 14490, decode.loss_seg: 0.0617, decode.acc_seg: 84.4219, aux.loss_seg: 0.0373, aux.acc_seg: 83.2112, loss: 0.0990
2026-04-24 07:07:34,107 - mmseg - INFO - Iter [41500/160000]	lr: 1.157e-05, eta: 1 day, 12:15:42, time: 0.930, data_time: 0.349, memory: 14490, decode.loss_seg: 0.0601, decode.acc_seg: 83.9890, aux.loss_seg: 0.0372, aux.acc_seg: 82.7354, loss: 0.0973
2026-04-24 07:08:01,365 - mmseg - INFO - Iter [41550/160000]	lr: 1.157e-05, eta: 1 day, 12:12:38, time: 0.545, data_time: 0.003, memory: 14490, decode.loss_seg: 0.0613, decode.acc_seg: 81.8248, aux.loss_seg: 0.0367, aux.acc_seg: 80.6181, loss: 0.0980
2026-04-24 07:08:47,655 - mmseg - INFO - Iter [41600/160000]	lr: 1.156e-05, eta: 1 day, 12:11:03, time: 0.926, data_time: 0.383, memory: 14490, decode.loss_seg: 0.0621, decode.acc_seg: 83.8472, aux.loss_seg: 0.0376, aux.acc_seg: 82.6617, loss: 0.0997
2026-04-24 07:09:33,582 - mmseg - INFO - Iter [41650/160000]	lr: 1.156e-05, eta: 1 day, 12:09:26, time: 0.919, data_time: 0.344, memory: 14490, decode.loss_seg: 0.0640, decode.acc_seg: 83.2997, aux.loss_seg: 0.0376, aux.acc_seg: 82.1795, loss: 0.1016
2026-04-24 07:10:00,837 - mmseg - INFO - Iter [41700/160000]	lr: 1.155e-05, eta: 1 day, 12:06:23, time: 0.545, data_time: 0.004, memory: 14490, decode.loss_seg: 0.0641, decode.acc_seg: 81.9426, aux.loss_seg: 0.0389, aux.acc_seg: 80.6464, loss: 0.1030
2026-04-24 07:10:47,504 - mmseg - INFO - Iter [41750/160000]	lr: 1.155e-05, eta: 1 day, 12:04:50, time: 0.934, data_time: 0.367, memory: 14490, decode.loss_seg: 0.0652, decode.acc_seg: 83.5702, aux.loss_seg: 0.0382, aux.acc_seg: 82.4410, loss: 0.1034
2026-04-24 07:11:34,090 - mmseg - INFO - Iter [41800/160000]	lr: 1.154e-05, eta: 1 day, 12:03:17, time: 0.932, data_time: 0.376, memory: 14490, decode.loss_seg: 0.0629, decode.acc_seg: 84.3610, aux.loss_seg: 0.0387, aux.acc_seg: 83.0646, loss: 0.1016
2026-04-24 07:12:01,329 - mmseg - INFO - Iter [41850/160000]	lr: 1.154e-05, eta: 1 day, 12:00:16, time: 0.545, data_time: 0.005, memory: 14490, decode.loss_seg: 0.0613, decode.acc_seg: 83.3567, aux.loss_seg: 0.0367, aux.acc_seg: 82.1715, loss: 0.0980
2026-04-24 07:12:47,487 - mmseg - INFO - Iter [41900/160000]	lr: 1.153e-05, eta: 1 day, 11:58:41, time: 0.923, data_time: 0.376, memory: 14490, decode.loss_seg: 0.0619, decode.acc_seg: 83.6694, aux.loss_seg: 0.0408, aux.acc_seg: 82.2599, loss: 0.1027
2026-04-24 07:13:34,357 - mmseg - INFO - Iter [41950/160000]	lr: 1.153e-05, eta: 1 day, 11:57:10, time: 0.937, data_time: 0.390, memory: 14490, decode.loss_seg: 0.0580, decode.acc_seg: 82.0439, aux.loss_seg: 0.0358, aux.acc_seg: 80.8151, loss: 0.0937
2026-04-24 07:14:13,384 - mmseg - INFO - per class results:
2026-04-24 07:14:13,385 - mmseg - INFO - 
+------------+-------+-------+
| Class      | IoU   | Acc   |
+------------+-------+-------+
| housing    | 94.34 | 96.87 |
| industrial | 93.25 | 96.43 |
| natural    | 88.0  | 91.47 |
| land_use   | 78.36 | 85.27 |
| water      | 93.2  | 97.31 |
| other      | 98.04 | 99.15 |
+------------+-------+-------+
2026-04-24 07:14:13,385 - mmseg - INFO - Summary:
2026-04-24 07:14:13,385 - mmseg - INFO - 
+--------+-------+-------+-------+
| Scope  | mIoU  | mAcc  | aAcc  |
+--------+-------+-------+-------+
| global | 90.86 | 94.42 | 95.91 |
+--------+-------+-------+-------+
2026-04-24 07:14:13,404 - mmseg - INFO - Exp name: pixel_upernet_itpn_large_12_512_slide_160k_air_polarsar2_amp_linux.py
2026-04-24 07:14:13,404 - mmseg - INFO - Iter [42000/160000]	lr: 1.152e-05, eta: 1 day, 12:38:45, time: 12.334, data_time: 0.000, memory: 14490, mIoU: 0.9086, mAcc: 0.9442, aAcc: 0.9591
2026-04-24 07:14:59,684 - mmseg - INFO - Iter [42050/160000]	lr: 1.152e-05, eta: 1 day, 12:37:06, time: 0.925, data_time: 0.362, memory: 14490, decode.loss_seg: 0.0595, decode.acc_seg: 84.4617, aux.loss_seg: 0.0369, aux.acc_seg: 83.1935, loss: 0.0964
2026-04-24 07:15:26,941 - mmseg - INFO - Iter [42100/160000]	lr: 1.151e-05, eta: 1 day, 12:34:00, time: 0.545, data_time: 0.005, memory: 14490, decode.loss_seg: 0.0590, decode.acc_seg: 84.3694, aux.loss_seg: 0.0357, aux.acc_seg: 83.1798, loss: 0.0947
2026-04-24 07:16:14,424 - mmseg - INFO - Iter [42150/160000]	lr: 1.151e-05, eta: 1 day, 12:32:27, time: 0.950, data_time: 0.386, memory: 14490, decode.loss_seg: 0.0601, decode.acc_seg: 84.9627, aux.loss_seg: 0.0374, aux.acc_seg: 83.6421, loss: 0.0975
2026-04-24 07:17:01,141 - mmseg - INFO - Iter [42200/160000]	lr: 1.150e-05, eta: 1 day, 12:30:50, time: 0.934, data_time: 0.332, memory: 14490, decode.loss_seg: 0.0593, decode.acc_seg: 82.9858, aux.loss_seg: 0.0360, aux.acc_seg: 81.7723, loss: 0.0954
2026-04-24 07:17:28,432 - mmseg - INFO - Iter [42250/160000]	lr: 1.150e-05, eta: 1 day, 12:27:47, time: 0.546, data_time: 0.005, memory: 14490, decode.loss_seg: 0.0595, decode.acc_seg: 86.1163, aux.loss_seg: 0.0354, aux.acc_seg: 85.0112, loss: 0.0949
2026-04-24 07:18:14,763 - mmseg - INFO - Iter [42300/160000]	lr: 1.149e-05, eta: 1 day, 12:26:09, time: 0.927, data_time: 0.380, memory: 14490, decode.loss_seg: 0.0578, decode.acc_seg: 84.0279, aux.loss_seg: 0.0359, aux.acc_seg: 82.7890, loss: 0.0937
2026-04-24 07:19:01,419 - mmseg - INFO - Iter [42350/160000]	lr: 1.149e-05, eta: 1 day, 12:24:33, time: 0.933, data_time: 0.394, memory: 14490, decode.loss_seg: 0.0639, decode.acc_seg: 84.9406, aux.loss_seg: 0.0397, aux.acc_seg: 83.6438, loss: 0.1036
2026-04-24 07:19:28,674 - mmseg - INFO - Iter [42400/160000]	lr: 1.148e-05, eta: 1 day, 12:21:30, time: 0.545, data_time: 0.005, memory: 14490, decode.loss_seg: 0.0571, decode.acc_seg: 82.4254, aux.loss_seg: 0.0349, aux.acc_seg: 81.2546, loss: 0.0920
2026-04-24 07:20:16,587 - mmseg - INFO - Iter [42450/160000]	lr: 1.148e-05, eta: 1 day, 12:20:00, time: 0.958, data_time: 0.334, memory: 14490, decode.loss_seg: 0.0614, decode.acc_seg: 82.9818, aux.loss_seg: 0.0368, aux.acc_seg: 81.7606, loss: 0.0982
2026-04-24 07:21:02,611 - mmseg - INFO - Iter [42500/160000]	lr: 1.147e-05, eta: 1 day, 12:18:22, time: 0.920, data_time: 0.347, memory: 14490, decode.loss_seg: 0.0573, decode.acc_seg: 84.5501, aux.loss_seg: 0.0352, aux.acc_seg: 83.3788, loss: 0.0924
2026-04-24 07:21:29,871 - mmseg - INFO - Iter [42550/160000]	lr: 1.147e-05, eta: 1 day, 12:15:21, time: 0.545, data_time: 0.005, memory: 14490, decode.loss_seg: 0.0573, decode.acc_seg: 83.6556, aux.loss_seg: 0.0360, aux.acc_seg: 82.3309, loss: 0.0932
2026-04-24 07:22:17,785 - mmseg - INFO - Iter [42600/160000]	lr: 1.147e-05, eta: 1 day, 12:13:51, time: 0.958, data_time: 0.343, memory: 14490, decode.loss_seg: 0.0579, decode.acc_seg: 84.1154, aux.loss_seg: 0.0356, aux.acc_seg: 82.9338, loss: 0.0935
2026-04-24 07:23:04,915 - mmseg - INFO - Iter [42650/160000]	lr: 1.146e-05, eta: 1 day, 12:12:19, time: 0.943, data_time: 0.373, memory: 14490, decode.loss_seg: 0.0608, decode.acc_seg: 84.9247, aux.loss_seg: 0.0366, aux.acc_seg: 83.7544, loss: 0.0974
2026-04-24 07:23:32,195 - mmseg - INFO - Iter [42700/160000]	lr: 1.146e-05, eta: 1 day, 12:09:19, time: 0.546, data_time: 0.005, memory: 14490, decode.loss_seg: 0.0617, decode.acc_seg: 83.8008, aux.loss_seg: 0.0392, aux.acc_seg: 82.5164, loss: 0.1010
2026-04-24 07:24:17,922 - mmseg - INFO - Iter [42750/160000]	lr: 1.145e-05, eta: 1 day, 12:07:41, time: 0.914, data_time: 0.350, memory: 14490, decode.loss_seg: 0.0610, decode.acc_seg: 83.6056, aux.loss_seg: 0.0375, aux.acc_seg: 82.3457, loss: 0.0985
2026-04-24 07:25:04,930 - mmseg - INFO - Iter [42800/160000]	lr: 1.145e-05, eta: 1 day, 12:06:08, time: 0.940, data_time: 0.378, memory: 14490, decode.loss_seg: 0.0600, decode.acc_seg: 82.4165, aux.loss_seg: 0.0374, aux.acc_seg: 81.0006, loss: 0.0974
2026-04-24 07:25:32,215 - mmseg - INFO - Iter [42850/160000]	lr: 1.144e-05, eta: 1 day, 12:03:10, time: 0.546, data_time: 0.004, memory: 14490, decode.loss_seg: 0.0599, decode.acc_seg: 82.9373, aux.loss_seg: 0.0371, aux.acc_seg: 81.6126, loss: 0.0971
2026-04-24 07:26:19,399 - mmseg - INFO - Iter [42900/160000]	lr: 1.144e-05, eta: 1 day, 12:01:39, time: 0.944, data_time: 0.375, memory: 14490, decode.loss_seg: 0.0585, decode.acc_seg: 83.3309, aux.loss_seg: 0.0354, aux.acc_seg: 82.1639, loss: 0.0940
2026-04-24 07:26:46,640 - mmseg - INFO - Iter [42950/160000]	lr: 1.143e-05, eta: 1 day, 11:58:41, time: 0.545, data_time: 0.004, memory: 14490, decode.loss_seg: 0.0567, decode.acc_seg: 83.5576, aux.loss_seg: 0.0350, aux.acc_seg: 82.3808, loss: 0.0917
2026-04-24 07:27:33,227 - mmseg - INFO - Exp name: pixel_upernet_itpn_large_12_512_slide_160k_air_polarsar2_amp_linux.py
2026-04-24 07:27:33,227 - mmseg - INFO - Iter [43000/160000]	lr: 1.143e-05, eta: 1 day, 11:57:08, time: 0.931, data_time: 0.387, memory: 14490, decode.loss_seg: 0.0576, decode.acc_seg: 83.3925, aux.loss_seg: 0.0362, aux.acc_seg: 82.1216, loss: 0.0937
2026-04-24 07:28:20,371 - mmseg - INFO - Iter [43050/160000]	lr: 1.142e-05, eta: 1 day, 11:55:38, time: 0.943, data_time: 0.372, memory: 14490, decode.loss_seg: 0.0600, decode.acc_seg: 83.0503, aux.loss_seg: 0.0363, aux.acc_seg: 81.8905, loss: 0.0964
2026-04-24 07:28:47,686 - mmseg - INFO - Iter [43100/160000]	lr: 1.142e-05, eta: 1 day, 11:52:42, time: 0.547, data_time: 0.004, memory: 14490, decode.loss_seg: 0.0605, decode.acc_seg: 82.7856, aux.loss_seg: 0.0360, aux.acc_seg: 81.6234, loss: 0.0965
2026-04-24 07:29:35,018 - mmseg - INFO - Iter [43150/160000]	lr: 1.141e-05, eta: 1 day, 11:51:12, time: 0.947, data_time: 0.403, memory: 14490, decode.loss_seg: 0.0570, decode.acc_seg: 83.1462, aux.loss_seg: 0.0352, aux.acc_seg: 82.0006, loss: 0.0922
2026-04-24 07:30:21,582 - mmseg - INFO - Iter [43200/160000]	lr: 1.141e-05, eta: 1 day, 11:49:40, time: 0.931, data_time: 0.365, memory: 14490, decode.loss_seg: 0.0603, decode.acc_seg: 83.3481, aux.loss_seg: 0.0373, aux.acc_seg: 82.0488, loss: 0.0975
2026-04-24 07:30:48,881 - mmseg - INFO - Iter [43250/160000]	lr: 1.140e-05, eta: 1 day, 11:46:45, time: 0.546, data_time: 0.004, memory: 14490, decode.loss_seg: 0.0572, decode.acc_seg: 83.0419, aux.loss_seg: 0.0349, aux.acc_seg: 81.8535, loss: 0.0920
2026-04-24 07:31:35,670 - mmseg - INFO - Iter [43300/160000]	lr: 1.140e-05, eta: 1 day, 11:45:14, time: 0.936, data_time: 0.353, memory: 14490, decode.loss_seg: 0.0582, decode.acc_seg: 83.5074, aux.loss_seg: 0.0369, aux.acc_seg: 82.1434, loss: 0.0950
2026-04-24 07:32:22,224 - mmseg - INFO - Iter [43350/160000]	lr: 1.139e-05, eta: 1 day, 11:43:42, time: 0.931, data_time: 0.385, memory: 14490, decode.loss_seg: 0.0591, decode.acc_seg: 84.7224, aux.loss_seg: 0.0354, aux.acc_seg: 83.5911, loss: 0.0945
2026-04-24 07:32:49,532 - mmseg - INFO - Iter [43400/160000]	lr: 1.139e-05, eta: 1 day, 11:40:49, time: 0.546, data_time: 0.004, memory: 14490, decode.loss_seg: 0.0609, decode.acc_seg: 83.7173, aux.loss_seg: 0.0379, aux.acc_seg: 82.3831, loss: 0.0988
2026-04-24 07:33:36,000 - mmseg - INFO - Iter [43450/160000]	lr: 1.138e-05, eta: 1 day, 11:39:17, time: 0.929, data_time: 0.333, memory: 14490, decode.loss_seg: 0.0614, decode.acc_seg: 83.9176, aux.loss_seg: 0.0384, aux.acc_seg: 82.5453, loss: 0.0999
2026-04-24 07:34:21,765 - mmseg - INFO - Iter [43500/160000]	lr: 1.138e-05, eta: 1 day, 11:37:43, time: 0.915, data_time: 0.321, memory: 14490, decode.loss_seg: 0.0589, decode.acc_seg: 83.6812, aux.loss_seg: 0.0356, aux.acc_seg: 82.5311, loss: 0.0945
2026-04-24 07:34:48,998 - mmseg - INFO - Iter [43550/160000]	lr: 1.137e-05, eta: 1 day, 11:34:50, time: 0.545, data_time: 0.003, memory: 14490, decode.loss_seg: 0.0604, decode.acc_seg: 84.9272, aux.loss_seg: 0.0381, aux.acc_seg: 83.5711, loss: 0.0986
2026-04-24 07:35:36,101 - mmseg - INFO - Iter [43600/160000]	lr: 1.137e-05, eta: 1 day, 11:33:22, time: 0.942, data_time: 0.377, memory: 14490, decode.loss_seg: 0.0574, decode.acc_seg: 83.7876, aux.loss_seg: 0.0353, aux.acc_seg: 82.6129, loss: 0.0927
2026-04-24 07:36:21,779 - mmseg - INFO - Iter [43650/160000]	lr: 1.136e-05, eta: 1 day, 11:31:47, time: 0.913, data_time: 0.354, memory: 14490, decode.loss_seg: 0.0553, decode.acc_seg: 82.8896, aux.loss_seg: 0.0340, aux.acc_seg: 81.7363, loss: 0.0893
2026-04-24 07:36:49,080 - mmseg - INFO - Iter [43700/160000]	lr: 1.136e-05, eta: 1 day, 11:28:56, time: 0.546, data_time: 0.003, memory: 14490, decode.loss_seg: 0.0589, decode.acc_seg: 83.2637, aux.loss_seg: 0.0359, aux.acc_seg: 82.0879, loss: 0.0948
2026-04-24 07:37:34,992 - mmseg - INFO - Iter [43750/160000]	lr: 1.135e-05, eta: 1 day, 11:27:24, time: 0.918, data_time: 0.355, memory: 14490, decode.loss_seg: 0.0565, decode.acc_seg: 84.3505, aux.loss_seg: 0.0378, aux.acc_seg: 82.7337, loss: 0.0944
2026-04-24 07:38:21,215 - mmseg - INFO - Iter [43800/160000]	lr: 1.135e-05, eta: 1 day, 11:25:53, time: 0.924, data_time: 0.356, memory: 14490, decode.loss_seg: 0.0582, decode.acc_seg: 84.5084, aux.loss_seg: 0.0357, aux.acc_seg: 83.3046, loss: 0.0939
2026-04-24 07:38:48,540 - mmseg - INFO - Iter [43850/160000]	lr: 1.134e-05, eta: 1 day, 11:23:03, time: 0.547, data_time: 0.004, memory: 14490, decode.loss_seg: 0.0571, decode.acc_seg: 83.6527, aux.loss_seg: 0.0349, aux.acc_seg: 82.4913, loss: 0.0920
2026-04-24 07:39:35,754 - mmseg - INFO - Iter [43900/160000]	lr: 1.134e-05, eta: 1 day, 11:21:36, time: 0.944, data_time: 0.357, memory: 14490, decode.loss_seg: 0.0551, decode.acc_seg: 82.2820, aux.loss_seg: 0.0339, aux.acc_seg: 81.1068, loss: 0.0890
2026-04-24 07:40:03,060 - mmseg - INFO - Iter [43950/160000]	lr: 1.133e-05, eta: 1 day, 11:18:47, time: 0.546, data_time: 0.004, memory: 14490, decode.loss_seg: 0.0578, decode.acc_seg: 84.0812, aux.loss_seg: 0.0355, aux.acc_seg: 82.8928, loss: 0.0933
2026-04-24 07:41:01,685 - mmseg - INFO - per class results:
2026-04-24 07:41:01,686 - mmseg - INFO - 
+------------+-------+-------+
| Class      | IoU   | Acc   |
+------------+-------+-------+
| housing    | 94.3  | 96.56 |
| industrial | 93.39 | 96.59 |
| natural    | 88.44 | 91.9  |
| land_use   | 77.01 | 82.04 |
| water      | 93.35 | 97.83 |
| other      | 97.14 | 99.68 |
+------------+-------+-------+
2026-04-24 07:41:01,686 - mmseg - INFO - Summary:
2026-04-24 07:41:01,686 - mmseg - INFO - 
+--------+------+------+-------+
| Scope  | mIoU | mAcc | aAcc  |
+--------+------+------+-------+
| global | 90.6 | 94.1 | 95.91 |
+--------+------+------+-------+
2026-04-24 07:41:01,712 - mmseg - INFO - Exp name: pixel_upernet_itpn_large_12_512_slide_160k_air_polarsar2_amp_linux.py
2026-04-24 07:41:01,712 - mmseg - INFO - Iter [44000/160000]	lr: 1.133e-05, eta: 1 day, 11:56:24, time: 12.255, data_time: 0.000, memory: 14490, mIoU: 0.9060, mAcc: 0.9410, aAcc: 0.9591
2026-04-24 07:41:49,043 - mmseg - INFO - Iter [44050/160000]	lr: 1.132e-05, eta: 1 day, 11:54:53, time: 0.947, data_time: 0.356, memory: 14490, decode.loss_seg: 0.0584, decode.acc_seg: 83.7204, aux.loss_seg: 0.0373, aux.acc_seg: 82.4390, loss: 0.0957
2026-04-24 07:42:16,285 - mmseg - INFO - Iter [44100/160000]	lr: 1.132e-05, eta: 1 day, 11:52:00, time: 0.545, data_time: 0.004, memory: 14490, decode.loss_seg: 0.0578, decode.acc_seg: 83.9614, aux.loss_seg: 0.0350, aux.acc_seg: 82.7990, loss: 0.0928
2026-04-24 07:43:03,528 - mmseg - INFO - Iter [44150/160000]	lr: 1.131e-05, eta: 1 day, 11:50:30, time: 0.945, data_time: 0.379, memory: 14490, decode.loss_seg: 0.0570, decode.acc_seg: 83.1288, aux.loss_seg: 0.0356, aux.acc_seg: 81.8860, loss: 0.0926
2026-04-24 07:43:51,248 - mmseg - INFO - Iter [44200/160000]	lr: 1.131e-05, eta: 1 day, 11:49:01, time: 0.954, data_time: 0.397, memory: 14490, decode.loss_seg: 0.0887, decode.acc_seg: 82.5300, aux.loss_seg: 0.0501, aux.acc_seg: 81.3428, loss: 0.1388
2026-04-24 07:44:18,475 - mmseg - INFO - Iter [44250/160000]	lr: 1.130e-05, eta: 1 day, 11:46:09, time: 0.545, data_time: 0.004, memory: 14490, decode.loss_seg: 0.0623, decode.acc_seg: 83.5351, aux.loss_seg: 0.0364, aux.acc_seg: 82.4289, loss: 0.0987
2026-04-24 07:45:05,452 - mmseg - INFO - Iter [44300/160000]	lr: 1.130e-05, eta: 1 day, 11:44:38, time: 0.940, data_time: 0.388, memory: 14490, decode.loss_seg: 0.0643, decode.acc_seg: 83.6625, aux.loss_seg: 0.0378, aux.acc_seg: 82.4890, loss: 0.1021
2026-04-24 07:45:52,241 - mmseg - INFO - Iter [44350/160000]	lr: 1.129e-05, eta: 1 day, 11:43:06, time: 0.936, data_time: 0.367, memory: 14490, decode.loss_seg: 0.0575, decode.acc_seg: 82.6519, aux.loss_seg: 0.0358, aux.acc_seg: 81.3769, loss: 0.0933
2026-04-24 07:46:19,483 - mmseg - INFO - Iter [44400/160000]	lr: 1.129e-05, eta: 1 day, 11:40:15, time: 0.545, data_time: 0.004, memory: 14490, decode.loss_seg: 0.0602, decode.acc_seg: 83.0288, aux.loss_seg: 0.0363, aux.acc_seg: 81.8364, loss: 0.0966
2026-04-24 07:47:05,610 - mmseg - INFO - Iter [44450/160000]	lr: 1.128e-05, eta: 1 day, 11:38:41, time: 0.922, data_time: 0.374, memory: 14490, decode.loss_seg: 0.0588, decode.acc_seg: 84.1843, aux.loss_seg: 0.0352, aux.acc_seg: 83.0508, loss: 0.0940
2026-04-24 07:47:51,329 - mmseg - INFO - Iter [44500/160000]	lr: 1.128e-05, eta: 1 day, 11:37:06, time: 0.914, data_time: 0.329, memory: 14490, decode.loss_seg: 0.0624, decode.acc_seg: 85.1222, aux.loss_seg: 0.0380, aux.acc_seg: 83.8621, loss: 0.1005
2026-04-24 07:48:18,546 - mmseg - INFO - Iter [44550/160000]	lr: 1.127e-05, eta: 1 day, 11:34:16, time: 0.544, data_time: 0.003, memory: 14490, decode.loss_seg: 0.0639, decode.acc_seg: 83.3835, aux.loss_seg: 0.0383, aux.acc_seg: 82.1762, loss: 0.1022
2026-04-24 07:49:03,725 - mmseg - INFO - Iter [44600/160000]	lr: 1.127e-05, eta: 1 day, 11:32:39, time: 0.904, data_time: 0.360, memory: 14490, decode.loss_seg: 0.0609, decode.acc_seg: 85.2680, aux.loss_seg: 0.0368, aux.acc_seg: 84.0733, loss: 0.0977
2026-04-24 07:49:50,816 - mmseg - INFO - Iter [44650/160000]	lr: 1.126e-05, eta: 1 day, 11:31:10, time: 0.941, data_time: 0.350, memory: 14490, decode.loss_seg: 0.0569, decode.acc_seg: 84.0943, aux.loss_seg: 0.0349, aux.acc_seg: 82.9002, loss: 0.0918
2026-04-24 07:50:18,022 - mmseg - INFO - Iter [44700/160000]	lr: 1.126e-05, eta: 1 day, 11:28:21, time: 0.544, data_time: 0.004, memory: 14490, decode.loss_seg: 0.0575, decode.acc_seg: 84.4953, aux.loss_seg: 0.0358, aux.acc_seg: 83.1786, loss: 0.0934
2026-04-24 07:51:04,890 - mmseg - INFO - Iter [44750/160000]	lr: 1.126e-05, eta: 1 day, 11:26:52, time: 0.937, data_time: 0.395, memory: 14490, decode.loss_seg: 0.0583, decode.acc_seg: 82.4244, aux.loss_seg: 0.0355, aux.acc_seg: 81.2392, loss: 0.0938
2026-04-24 07:51:52,406 - mmseg - INFO - Iter [44800/160000]	lr: 1.125e-05, eta: 1 day, 11:25:25, time: 0.950, data_time: 0.362, memory: 14490, decode.loss_seg: 0.0541, decode.acc_seg: 82.2403, aux.loss_seg: 0.0333, aux.acc_seg: 81.0994, loss: 0.0873
2026-04-24 07:52:19,625 - mmseg - INFO - Iter [44850/160000]	lr: 1.125e-05, eta: 1 day, 11:22:38, time: 0.545, data_time: 0.005, memory: 14490, decode.loss_seg: 0.0581, decode.acc_seg: 83.8566, aux.loss_seg: 0.0355, aux.acc_seg: 82.6682, loss: 0.0936
2026-04-24 07:53:06,848 - mmseg - INFO - Iter [44900/160000]	lr: 1.124e-05, eta: 1 day, 11:21:10, time: 0.944, data_time: 0.374, memory: 14490, decode.loss_seg: 0.0552, decode.acc_seg: 84.1650, aux.loss_seg: 0.0343, aux.acc_seg: 83.0278, loss: 0.0895
2026-04-24 07:53:34,143 - mmseg - INFO - Iter [44950/160000]	lr: 1.124e-05, eta: 1 day, 11:18:24, time: 0.546, data_time: 0.004, memory: 14490, decode.loss_seg: 0.0552, decode.acc_seg: 83.8708, aux.loss_seg: 0.0350, aux.acc_seg: 82.5866, loss: 0.0902
2026-04-24 07:54:20,870 - mmseg - INFO - Exp name: pixel_upernet_itpn_large_12_512_slide_160k_air_polarsar2_amp_linux.py
2026-04-24 07:54:20,870 - mmseg - INFO - Iter [45000/160000]	lr: 1.123e-05, eta: 1 day, 11:16:55, time: 0.935, data_time: 0.369, memory: 14490, decode.loss_seg: 0.0555, decode.acc_seg: 84.3771, aux.loss_seg: 0.0348, aux.acc_seg: 83.1537, loss: 0.0902
2026-04-24 07:55:07,239 - mmseg - INFO - Iter [45050/160000]	lr: 1.123e-05, eta: 1 day, 11:15:24, time: 0.927, data_time: 0.350, memory: 14490, decode.loss_seg: 0.0545, decode.acc_seg: 83.7666, aux.loss_seg: 0.0334, aux.acc_seg: 82.5858, loss: 0.0879
2026-04-24 07:55:34,467 - mmseg - INFO - Iter [45100/160000]	lr: 1.122e-05, eta: 1 day, 11:12:39, time: 0.545, data_time: 0.004, memory: 14490, decode.loss_seg: 0.0831, decode.acc_seg: 81.7388, aux.loss_seg: 0.0452, aux.acc_seg: 80.5047, loss: 0.1284
2026-04-24 07:56:20,908 - mmseg - INFO - Iter [45150/160000]	lr: 1.122e-05, eta: 1 day, 11:11:09, time: 0.929, data_time: 0.332, memory: 14490, decode.loss_seg: 0.0661, decode.acc_seg: 84.0322, aux.loss_seg: 0.0395, aux.acc_seg: 82.7421, loss: 0.1055
2026-04-24 07:57:08,312 - mmseg - INFO - Iter [45200/160000]	lr: 1.121e-05, eta: 1 day, 11:09:44, time: 0.948, data_time: 0.387, memory: 14490, decode.loss_seg: 0.0657, decode.acc_seg: 82.8413, aux.loss_seg: 0.0400, aux.acc_seg: 81.5841, loss: 0.1057
2026-04-24 07:57:35,604 - mmseg - INFO - Iter [45250/160000]	lr: 1.121e-05, eta: 1 day, 11:06:59, time: 0.546, data_time: 0.004, memory: 14490, decode.loss_seg: 0.0597, decode.acc_seg: 83.0688, aux.loss_seg: 0.0356, aux.acc_seg: 81.9196, loss: 0.0953
2026-04-24 07:58:22,557 - mmseg - INFO - Iter [45300/160000]	lr: 1.120e-05, eta: 1 day, 11:05:32, time: 0.939, data_time: 0.327, memory: 14490, decode.loss_seg: 0.0567, decode.acc_seg: 84.7383, aux.loss_seg: 0.0351, aux.acc_seg: 83.5508, loss: 0.0918
2026-04-24 07:59:08,696 - mmseg - INFO - Iter [45350/160000]	lr: 1.120e-05, eta: 1 day, 11:04:02, time: 0.923, data_time: 0.382, memory: 14490, decode.loss_seg: 0.0545, decode.acc_seg: 83.6196, aux.loss_seg: 0.0338, aux.acc_seg: 82.4215, loss: 0.0883
2026-04-24 07:59:35,878 - mmseg - INFO - Iter [45400/160000]	lr: 1.119e-05, eta: 1 day, 11:01:19, time: 0.544, data_time: 0.004, memory: 14490, decode.loss_seg: 0.0578, decode.acc_seg: 82.8307, aux.loss_seg: 0.0356, aux.acc_seg: 81.5713, loss: 0.0933
2026-04-24 08:00:23,081 - mmseg - INFO - Iter [45450/160000]	lr: 1.119e-05, eta: 1 day, 10:59:53, time: 0.944, data_time: 0.380, memory: 14490, decode.loss_seg: 0.0558, decode.acc_seg: 83.9526, aux.loss_seg: 0.0349, aux.acc_seg: 82.6793, loss: 0.0907
2026-04-24 08:01:10,522 - mmseg - INFO - Iter [45500/160000]	lr: 1.118e-05, eta: 1 day, 10:58:29, time: 0.949, data_time: 0.390, memory: 14490, decode.loss_seg: 0.0551, decode.acc_seg: 82.8813, aux.loss_seg: 0.0339, aux.acc_seg: 81.7069, loss: 0.0889
2026-04-24 08:01:37,774 - mmseg - INFO - Iter [45550/160000]	lr: 1.118e-05, eta: 1 day, 10:55:47, time: 0.545, data_time: 0.005, memory: 14490, decode.loss_seg: 0.0570, decode.acc_seg: 83.6558, aux.loss_seg: 0.0359, aux.acc_seg: 82.4060, loss: 0.0930
2026-04-24 08:02:23,961 - mmseg - INFO - Iter [45600/160000]	lr: 1.117e-05, eta: 1 day, 10:54:18, time: 0.924, data_time: 0.378, memory: 14490, decode.loss_seg: 0.0567, decode.acc_seg: 84.6528, aux.loss_seg: 0.0344, aux.acc_seg: 83.5274, loss: 0.0911
2026-04-24 08:03:09,963 - mmseg - INFO - Iter [45650/160000]	lr: 1.117e-05, eta: 1 day, 10:52:48, time: 0.920, data_time: 0.374, memory: 14490, decode.loss_seg: 0.0551, decode.acc_seg: 83.9950, aux.loss_seg: 0.0340, aux.acc_seg: 82.8509, loss: 0.0891
2026-04-24 08:03:37,194 - mmseg - INFO - Iter [45700/160000]	lr: 1.116e-05, eta: 1 day, 10:50:07, time: 0.545, data_time: 0.004, memory: 14490, decode.loss_seg: 0.0552, decode.acc_seg: 83.8426, aux.loss_seg: 0.0339, aux.acc_seg: 82.6520, loss: 0.0891
2026-04-24 08:04:24,447 - mmseg - INFO - Iter [45750/160000]	lr: 1.116e-05, eta: 1 day, 10:48:43, time: 0.945, data_time: 0.403, memory: 14490, decode.loss_seg: 0.0563, decode.acc_seg: 83.2782, aux.loss_seg: 0.0366, aux.acc_seg: 81.9418, loss: 0.0929
2026-04-24 08:05:11,119 - mmseg - INFO - Iter [45800/160000]	lr: 1.115e-05, eta: 1 day, 10:47:17, time: 0.933, data_time: 0.388, memory: 14490, decode.loss_seg: 0.0554, decode.acc_seg: 83.2522, aux.loss_seg: 0.0351, aux.acc_seg: 81.9794, loss: 0.0905
2026-04-24 08:05:38,374 - mmseg - INFO - Iter [45850/160000]	lr: 1.115e-05, eta: 1 day, 10:44:37, time: 0.545, data_time: 0.004, memory: 14490, decode.loss_seg: 0.0538, decode.acc_seg: 83.3117, aux.loss_seg: 0.0337, aux.acc_seg: 82.1147, loss: 0.0875
2026-04-24 08:06:25,200 - mmseg - INFO - Iter [45900/160000]	lr: 1.114e-05, eta: 1 day, 10:43:11, time: 0.936, data_time: 0.378, memory: 14490, decode.loss_seg: 0.0519, decode.acc_seg: 82.3923, aux.loss_seg: 0.0327, aux.acc_seg: 81.2020, loss: 0.0846
2026-04-24 08:06:52,481 - mmseg - INFO - Iter [45950/160000]	lr: 1.114e-05, eta: 1 day, 10:40:32, time: 0.546, data_time: 0.004, memory: 14490, decode.loss_seg: 0.0546, decode.acc_seg: 83.8114, aux.loss_seg: 0.0337, aux.acc_seg: 82.6474, loss: 0.0883
2026-04-24 08:07:48,958 - mmseg - INFO - per class results:
2026-04-24 08:07:48,959 - mmseg - INFO - 
+------------+-------+-------+
| Class      | IoU   | Acc   |
+------------+-------+-------+
| housing    | 94.5  | 97.29 |
| industrial | 93.59 | 96.93 |
| natural    | 88.24 | 91.68 |
| land_use   | 78.78 | 85.16 |
| water      | 93.63 | 97.24 |
| other      | 97.99 | 99.01 |
+------------+-------+-------+
2026-04-24 08:07:48,959 - mmseg - INFO - Summary:
2026-04-24 08:07:48,959 - mmseg - INFO - 
+--------+-------+-------+------+
| Scope  | mIoU  | mAcc  | aAcc |
+--------+-------+-------+------+
| global | 91.12 | 94.55 | 96.1 |
+--------+-------+-------+------+
2026-04-24 08:07:48,980 - mmseg - INFO - Exp name: pixel_upernet_itpn_large_12_512_slide_160k_air_polarsar2_amp_linux.py
2026-04-24 08:07:48,980 - mmseg - INFO - Iter [46000/160000]	lr: 1.113e-05, eta: 1 day, 11:14:58, time: 12.256, data_time: 0.000, memory: 14490, mIoU: 0.9112, mAcc: 0.9455, aAcc: 0.9610
2026-04-24 08:08:36,543 - mmseg - INFO - Iter [46050/160000]	lr: 1.113e-05, eta: 1 day, 11:13:31, time: 0.951, data_time: 0.410, memory: 14490, decode.loss_seg: 0.0554, decode.acc_seg: 82.6167, aux.loss_seg: 0.0339, aux.acc_seg: 81.4431, loss: 0.0894
2026-04-24 08:09:03,782 - mmseg - INFO - Iter [46100/160000]	lr: 1.112e-05, eta: 1 day, 11:10:48, time: 0.545, data_time: 0.004, memory: 14490, decode.loss_seg: 0.0535, decode.acc_seg: 82.3281, aux.loss_seg: 0.0334, aux.acc_seg: 81.1411, loss: 0.0869
2026-04-24 08:09:50,895 - mmseg - INFO - Iter [46150/160000]	lr: 1.112e-05, eta: 1 day, 11:09:21, time: 0.942, data_time: 0.367, memory: 14490, decode.loss_seg: 0.0561, decode.acc_seg: 85.3414, aux.loss_seg: 0.0340, aux.acc_seg: 84.2411, loss: 0.0900
2026-04-24 08:10:37,334 - mmseg - INFO - Iter [46200/160000]	lr: 1.111e-05, eta: 1 day, 11:07:51, time: 0.929, data_time: 0.388, memory: 14490, decode.loss_seg: 0.0573, decode.acc_seg: 83.1591, aux.loss_seg: 0.0367, aux.acc_seg: 81.8928, loss: 0.0941
2026-04-24 08:11:04,492 - mmseg - INFO - Iter [46250/160000]	lr: 1.111e-05, eta: 1 day, 11:05:08, time: 0.543, data_time: 0.004, memory: 14490, decode.loss_seg: 0.0572, decode.acc_seg: 83.8333, aux.loss_seg: 0.0344, aux.acc_seg: 82.6543, loss: 0.0916
2026-04-24 08:11:51,302 - mmseg - INFO - Iter [46300/160000]	lr: 1.110e-05, eta: 1 day, 11:03:40, time: 0.936, data_time: 0.348, memory: 14490, decode.loss_seg: 0.0552, decode.acc_seg: 84.0452, aux.loss_seg: 0.0335, aux.acc_seg: 82.9171, loss: 0.0887
2026-04-24 08:12:38,253 - mmseg - INFO - Iter [46350/160000]	lr: 1.110e-05, eta: 1 day, 11:02:12, time: 0.939, data_time: 0.397, memory: 14490, decode.loss_seg: 0.0537, decode.acc_seg: 82.3269, aux.loss_seg: 0.0333, aux.acc_seg: 81.1914, loss: 0.0869
2026-04-24 08:13:05,557 - mmseg - INFO - Iter [46400/160000]	lr: 1.109e-05, eta: 1 day, 10:59:32, time: 0.546, data_time: 0.004, memory: 14490, decode.loss_seg: 0.0551, decode.acc_seg: 85.3132, aux.loss_seg: 0.0338, aux.acc_seg: 84.1151, loss: 0.0889
2026-04-24 08:13:53,418 - mmseg - INFO - Iter [46450/160000]	lr: 1.109e-05, eta: 1 day, 10:58:08, time: 0.957, data_time: 0.366, memory: 14490, decode.loss_seg: 0.0531, decode.acc_seg: 82.5836, aux.loss_seg: 0.0332, aux.acc_seg: 81.3916, loss: 0.0863
2026-04-24 08:14:39,738 - mmseg - INFO - Iter [46500/160000]	lr: 1.108e-05, eta: 1 day, 10:56:39, time: 0.926, data_time: 0.362, memory: 14490, decode.loss_seg: 0.0548, decode.acc_seg: 86.0176, aux.loss_seg: 0.0336, aux.acc_seg: 84.8616, loss: 0.0884
2026-04-24 08:15:07,236 - mmseg - INFO - Iter [46550/160000]	lr: 1.108e-05, eta: 1 day, 10:53:59, time: 0.550, data_time: 0.004, memory: 14490, decode.loss_seg: 0.0564, decode.acc_seg: 85.7525, aux.loss_seg: 0.0352, aux.acc_seg: 84.5525, loss: 0.0916
2026-04-24 08:15:53,482 - mmseg - INFO - Iter [46600/160000]	lr: 1.107e-05, eta: 1 day, 10:52:30, time: 0.925, data_time: 0.337, memory: 14490, decode.loss_seg: 0.0558, decode.acc_seg: 83.2301, aux.loss_seg: 0.0342, aux.acc_seg: 82.0774, loss: 0.0900
2026-04-24 08:16:40,687 - mmseg - INFO - Iter [46650/160000]	lr: 1.107e-05, eta: 1 day, 10:51:05, time: 0.944, data_time: 0.400, memory: 14490, decode.loss_seg: 0.0536, decode.acc_seg: 83.1406, aux.loss_seg: 0.0332, aux.acc_seg: 81.9665, loss: 0.0868
2026-04-24 08:17:07,951 - mmseg - INFO - Iter [46700/160000]	lr: 1.106e-05, eta: 1 day, 10:48:26, time: 0.545, data_time: 0.004, memory: 14490, decode.loss_seg: 0.0547, decode.acc_seg: 83.2835, aux.loss_seg: 0.0336, aux.acc_seg: 82.1309, loss: 0.0883
2026-04-24 08:17:54,527 - mmseg - INFO - Iter [46750/160000]	lr: 1.106e-05, eta: 1 day, 10:46:58, time: 0.931, data_time: 0.337, memory: 14490, decode.loss_seg: 0.0586, decode.acc_seg: 83.9703, aux.loss_seg: 0.0383, aux.acc_seg: 82.5623, loss: 0.0969
2026-04-24 08:18:21,857 - mmseg - INFO - Iter [46800/160000]	lr: 1.105e-05, eta: 1 day, 10:44:20, time: 0.547, data_time: 0.004, memory: 14490, decode.loss_seg: 0.0559, decode.acc_seg: 82.7739, aux.loss_seg: 0.0333, aux.acc_seg: 81.6646, loss: 0.0892
2026-04-24 08:19:08,419 - mmseg - INFO - Iter [46850/160000]	lr: 1.105e-05, eta: 1 day, 10:42:53, time: 0.931, data_time: 0.370, memory: 14490, decode.loss_seg: 0.0537, decode.acc_seg: 83.2173, aux.loss_seg: 0.0331, aux.acc_seg: 82.0606, loss: 0.0868
2026-04-24 08:19:54,495 - mmseg - INFO - Iter [46900/160000]	lr: 1.105e-05, eta: 1 day, 10:41:25, time: 0.922, data_time: 0.355, memory: 14490, decode.loss_seg: 0.0548, decode.acc_seg: 82.5560, aux.loss_seg: 0.0363, aux.acc_seg: 81.2286, loss: 0.0911
2026-04-24 08:20:21,781 - mmseg - INFO - Iter [46950/160000]	lr: 1.104e-05, eta: 1 day, 10:38:47, time: 0.546, data_time: 0.005, memory: 14490, decode.loss_seg: 0.0577, decode.acc_seg: 84.7393, aux.loss_seg: 0.0353, aux.acc_seg: 83.4893, loss: 0.0930
2026-04-24 08:21:08,407 - mmseg - INFO - Exp name: pixel_upernet_itpn_large_12_512_slide_160k_air_polarsar2_amp_linux.py
2026-04-24 08:21:08,407 - mmseg - INFO - Iter [47000/160000]	lr: 1.104e-05, eta: 1 day, 10:37:21, time: 0.932, data_time: 0.361, memory: 14490, decode.loss_seg: 0.0566, decode.acc_seg: 84.6186, aux.loss_seg: 0.0341, aux.acc_seg: 83.5069, loss: 0.0906
2026-04-24 08:21:55,778 - mmseg - INFO - Iter [47050/160000]	lr: 1.103e-05, eta: 1 day, 10:35:58, time: 0.947, data_time: 0.332, memory: 14490, decode.loss_seg: 0.0561, decode.acc_seg: 83.7377, aux.loss_seg: 0.0344, aux.acc_seg: 82.5520, loss: 0.0905
2026-04-24 08:22:23,072 - mmseg - INFO - Iter [47100/160000]	lr: 1.103e-05, eta: 1 day, 10:33:21, time: 0.546, data_time: 0.004, memory: 14490, decode.loss_seg: 0.0530, decode.acc_seg: 82.9668, aux.loss_seg: 0.0326, aux.acc_seg: 81.8165, loss: 0.0855
2026-04-24 08:23:09,723 - mmseg - INFO - Iter [47150/160000]	lr: 1.102e-05, eta: 1 day, 10:31:56, time: 0.933, data_time: 0.347, memory: 14490, decode.loss_seg: 0.0627, decode.acc_seg: 83.9533, aux.loss_seg: 0.0363, aux.acc_seg: 82.8427, loss: 0.0990
2026-04-24 08:23:55,465 - mmseg - INFO - Iter [47200/160000]	lr: 1.102e-05, eta: 1 day, 10:30:27, time: 0.915, data_time: 0.356, memory: 14490, decode.loss_seg: 0.0543, decode.acc_seg: 82.6012, aux.loss_seg: 0.0335, aux.acc_seg: 81.4662, loss: 0.0878
2026-04-24 08:24:22,752 - mmseg - INFO - Iter [47250/160000]	lr: 1.101e-05, eta: 1 day, 10:27:52, time: 0.546, data_time: 0.004, memory: 14490, decode.loss_seg: 0.0577, decode.acc_seg: 83.1433, aux.loss_seg: 0.0355, aux.acc_seg: 81.9106, loss: 0.0933
2026-04-24 08:25:09,179 - mmseg - INFO - Iter [47300/160000]	lr: 1.101e-05, eta: 1 day, 10:26:26, time: 0.929, data_time: 0.327, memory: 14490, decode.loss_seg: 0.0542, decode.acc_seg: 83.3483, aux.loss_seg: 0.0331, aux.acc_seg: 82.2064, loss: 0.0873
2026-04-24 08:25:55,131 - mmseg - INFO - Iter [47350/160000]	lr: 1.100e-05, eta: 1 day, 10:24:58, time: 0.919, data_time: 0.362, memory: 14490, decode.loss_seg: 0.0545, decode.acc_seg: 83.6827, aux.loss_seg: 0.0347, aux.acc_seg: 82.3959, loss: 0.0891
2026-04-24 08:26:22,350 - mmseg - INFO - Iter [47400/160000]	lr: 1.100e-05, eta: 1 day, 10:22:23, time: 0.545, data_time: 0.003, memory: 14490, decode.loss_seg: 0.0566, decode.acc_seg: 83.2922, aux.loss_seg: 0.0349, aux.acc_seg: 82.1169, loss: 0.0915
2026-04-24 08:27:08,910 - mmseg - INFO - Iter [47450/160000]	lr: 1.099e-05, eta: 1 day, 10:20:58, time: 0.931, data_time: 0.356, memory: 14490, decode.loss_seg: 0.0515, decode.acc_seg: 83.4330, aux.loss_seg: 0.0319, aux.acc_seg: 82.3103, loss: 0.0834
2026-04-24 08:27:54,725 - mmseg - INFO - Iter [47500/160000]	lr: 1.099e-05, eta: 1 day, 10:19:31, time: 0.916, data_time: 0.318, memory: 14490, decode.loss_seg: 0.0568, decode.acc_seg: 83.6995, aux.loss_seg: 0.0359, aux.acc_seg: 82.3940, loss: 0.0927
2026-04-24 08:28:21,911 - mmseg - INFO - Iter [47550/160000]	lr: 1.098e-05, eta: 1 day, 10:16:57, time: 0.544, data_time: 0.004, memory: 14490, decode.loss_seg: 0.0564, decode.acc_seg: 85.7731, aux.loss_seg: 0.0359, aux.acc_seg: 84.5140, loss: 0.0923
2026-04-24 08:29:06,507 - mmseg - INFO - Iter [47600/160000]	lr: 1.098e-05, eta: 1 day, 10:15:26, time: 0.892, data_time: 0.337, memory: 14490, decode.loss_seg: 0.0560, decode.acc_seg: 84.3915, aux.loss_seg: 0.0368, aux.acc_seg: 83.1282, loss: 0.0928
2026-04-24 08:29:52,573 - mmseg - INFO - Iter [47650/160000]	lr: 1.097e-05, eta: 1 day, 10:14:00, time: 0.921, data_time: 0.345, memory: 14490, decode.loss_seg: 0.0536, decode.acc_seg: 83.7335, aux.loss_seg: 0.0330, aux.acc_seg: 82.5906, loss: 0.0866
2026-04-24 08:30:19,816 - mmseg - INFO - Iter [47700/160000]	lr: 1.097e-05, eta: 1 day, 10:11:27, time: 0.545, data_time: 0.004, memory: 14490, decode.loss_seg: 0.0527, decode.acc_seg: 84.5504, aux.loss_seg: 0.0324, aux.acc_seg: 83.4171, loss: 0.0851
2026-04-24 08:31:07,067 - mmseg - INFO - Iter [47750/160000]	lr: 1.096e-05, eta: 1 day, 10:10:06, time: 0.945, data_time: 0.370, memory: 14490, decode.loss_seg: 0.0535, decode.acc_seg: 83.3957, aux.loss_seg: 0.0332, aux.acc_seg: 82.2143, loss: 0.0867
2026-04-24 08:31:34,329 - mmseg - INFO - Iter [47800/160000]	lr: 1.096e-05, eta: 1 day, 10:07:34, time: 0.545, data_time: 0.004, memory: 14490, decode.loss_seg: 0.0519, decode.acc_seg: 82.9417, aux.loss_seg: 0.0324, aux.acc_seg: 81.7792, loss: 0.0843
2026-04-24 08:32:21,235 - mmseg - INFO - Iter [47850/160000]	lr: 1.095e-05, eta: 1 day, 10:06:11, time: 0.938, data_time: 0.397, memory: 14490, decode.loss_seg: 0.0511, decode.acc_seg: 83.7718, aux.loss_seg: 0.0322, aux.acc_seg: 82.6214, loss: 0.0833
2026-04-24 08:33:08,164 - mmseg - INFO - Iter [47900/160000]	lr: 1.095e-05, eta: 1 day, 10:04:49, time: 0.939, data_time: 0.353, memory: 14490, decode.loss_seg: 0.0527, decode.acc_seg: 82.3123, aux.loss_seg: 0.0331, aux.acc_seg: 81.1279, loss: 0.0858
2026-04-24 08:33:35,395 - mmseg - INFO - Iter [47950/160000]	lr: 1.094e-05, eta: 1 day, 10:02:18, time: 0.544, data_time: 0.004, memory: 14490, decode.loss_seg: 0.0520, decode.acc_seg: 84.5519, aux.loss_seg: 0.0322, aux.acc_seg: 83.4362, loss: 0.0842
2026-04-24 08:34:21,935 - mmseg - INFO - Saving checkpoint at 48000 iterations
2026-04-24 08:34:39,743 - mmseg - INFO - per class results:
2026-04-24 08:34:39,744 - mmseg - INFO - 
+------------+-------+-------+
| Class      | IoU   | Acc   |
+------------+-------+-------+
| housing    | 94.68 | 97.09 |
| industrial | 93.99 | 97.04 |
| natural    | 88.13 | 91.16 |
| land_use   | 79.58 | 85.76 |
| water      | 93.95 | 97.6  |
| other      | 98.11 | 99.04 |
+------------+-------+-------+
2026-04-24 08:34:39,744 - mmseg - INFO - Summary:
2026-04-24 08:34:39,744 - mmseg - INFO - 
+--------+-------+-------+-------+
| Scope  | mIoU  | mAcc  | aAcc  |
+--------+-------+-------+-------+
| global | 91.41 | 94.61 | 96.29 |
+--------+-------+-------+-------+
2026-04-24 08:34:39,769 - mmseg - INFO - Exp name: pixel_upernet_itpn_large_12_512_slide_160k_air_polarsar2_amp_linux.py
2026-04-24 08:34:39,770 - mmseg - INFO - Iter [48000/160000]	lr: 1.094e-05, eta: 1 day, 10:51:51, time: 18.396, data_time: 0.000, memory: 14490, mIoU: 0.9141, mAcc: 0.9461, aAcc: 0.9629
2026-04-24 08:35:25,768 - mmseg - INFO - Iter [48050/160000]	lr: 1.093e-05, eta: 1 day, 10:50:20, time: 0.920, data_time: 0.362, memory: 14490, decode.loss_seg: 0.0521, decode.acc_seg: 84.9502, aux.loss_seg: 0.0321, aux.acc_seg: 83.7936, loss: 0.0842
2026-04-24 08:35:52,956 - mmseg - INFO - Iter [48100/160000]	lr: 1.093e-05, eta: 1 day, 10:47:43, time: 0.544, data_time: 0.004, memory: 14490, decode.loss_seg: 0.0523, decode.acc_seg: 82.9098, aux.loss_seg: 0.0327, aux.acc_seg: 81.7445, loss: 0.0850
2026-04-24 08:36:40,348 - mmseg - INFO - Iter [48150/160000]	lr: 1.092e-05, eta: 1 day, 10:46:18, time: 0.948, data_time: 0.342, memory: 14490, decode.loss_seg: 0.0517, decode.acc_seg: 84.3642, aux.loss_seg: 0.0323, aux.acc_seg: 83.1620, loss: 0.0840
2026-04-24 08:37:26,869 - mmseg - INFO - Iter [48200/160000]	lr: 1.092e-05, eta: 1 day, 10:44:49, time: 0.930, data_time: 0.362, memory: 14490, decode.loss_seg: 0.0570, decode.acc_seg: 84.0088, aux.loss_seg: 0.0349, aux.acc_seg: 82.8424, loss: 0.0920
2026-04-24 08:37:54,142 - mmseg - INFO - Iter [48250/160000]	lr: 1.091e-05, eta: 1 day, 10:42:14, time: 0.545, data_time: 0.005, memory: 14490, decode.loss_seg: 0.0552, decode.acc_seg: 84.1790, aux.loss_seg: 0.0336, aux.acc_seg: 83.0403, loss: 0.0888
2026-04-24 08:38:41,608 - mmseg - INFO - Iter [48300/160000]	lr: 1.091e-05, eta: 1 day, 10:40:49, time: 0.949, data_time: 0.382, memory: 14490, decode.loss_seg: 0.0520, decode.acc_seg: 82.6754, aux.loss_seg: 0.0349, aux.acc_seg: 81.2790, loss: 0.0870
2026-04-24 08:39:28,023 - mmseg - INFO - Iter [48350/160000]	lr: 1.090e-05, eta: 1 day, 10:39:20, time: 0.928, data_time: 0.345, memory: 14490, decode.loss_seg: 0.0549, decode.acc_seg: 84.2827, aux.loss_seg: 0.0330, aux.acc_seg: 83.1784, loss: 0.0879
2026-04-24 08:39:55,244 - mmseg - INFO - Iter [48400/160000]	lr: 1.090e-05, eta: 1 day, 10:36:45, time: 0.544, data_time: 0.005, memory: 14490, decode.loss_seg: 0.0534, decode.acc_seg: 83.5652, aux.loss_seg: 0.0340, aux.acc_seg: 82.2479, loss: 0.0875
2026-04-24 08:40:40,542 - mmseg - INFO - Iter [48450/160000]	lr: 1.089e-05, eta: 1 day, 10:35:13, time: 0.906, data_time: 0.364, memory: 14490, decode.loss_seg: 0.0534, decode.acc_seg: 83.5174, aux.loss_seg: 0.0332, aux.acc_seg: 82.3376, loss: 0.0866
2026-04-24 08:41:26,149 - mmseg - INFO - Iter [48500/160000]	lr: 1.089e-05, eta: 1 day, 10:33:43, time: 0.912, data_time: 0.318, memory: 14490, decode.loss_seg: 0.0517, decode.acc_seg: 84.5055, aux.loss_seg: 0.0329, aux.acc_seg: 83.2927, loss: 0.0846
2026-04-24 08:41:53,319 - mmseg - INFO - Iter [48550/160000]	lr: 1.088e-05, eta: 1 day, 10:31:09, time: 0.543, data_time: 0.005, memory: 14490, decode.loss_seg: 0.0532, decode.acc_seg: 82.8481, aux.loss_seg: 0.0331, aux.acc_seg: 81.7136, loss: 0.0863
2026-04-24 08:42:40,814 - mmseg - INFO - Iter [48600/160000]	lr: 1.088e-05, eta: 1 day, 10:29:45, time: 0.950, data_time: 0.398, memory: 14490, decode.loss_seg: 0.0516, decode.acc_seg: 84.4400, aux.loss_seg: 0.0330, aux.acc_seg: 83.1988, loss: 0.0846
2026-04-24 08:43:27,836 - mmseg - INFO - Iter [48650/160000]	lr: 1.087e-05, eta: 1 day, 10:28:19, time: 0.940, data_time: 0.363, memory: 14490, decode.loss_seg: 0.0512, decode.acc_seg: 84.0166, aux.loss_seg: 0.0321, aux.acc_seg: 82.8554, loss: 0.0833
2026-04-24 08:43:55,051 - mmseg - INFO - Iter [48700/160000]	lr: 1.087e-05, eta: 1 day, 10:25:47, time: 0.544, data_time: 0.005, memory: 14490, decode.loss_seg: 0.0515, decode.acc_seg: 83.7646, aux.loss_seg: 0.0326, aux.acc_seg: 82.6204, loss: 0.0841
2026-04-24 08:44:42,543 - mmseg - INFO - Iter [48750/160000]	lr: 1.086e-05, eta: 1 day, 10:24:23, time: 0.950, data_time: 0.380, memory: 14490, decode.loss_seg: 0.0532, decode.acc_seg: 83.6333, aux.loss_seg: 0.0332, aux.acc_seg: 82.4320, loss: 0.0864
2026-04-24 08:45:09,682 - mmseg - INFO - Iter [48800/160000]	lr: 1.086e-05, eta: 1 day, 10:21:51, time: 0.543, data_time: 0.005, memory: 14490, decode.loss_seg: 0.0504, decode.acc_seg: 83.8364, aux.loss_seg: 0.0325, aux.acc_seg: 82.5755, loss: 0.0829
2026-04-24 08:45:56,456 - mmseg - INFO - Iter [48850/160000]	lr: 1.085e-05, eta: 1 day, 10:20:25, time: 0.936, data_time: 0.364, memory: 14490, decode.loss_seg: 0.0519, decode.acc_seg: 83.5745, aux.loss_seg: 0.0324, aux.acc_seg: 82.4143, loss: 0.0843
2026-04-24 08:46:42,710 - mmseg - INFO - Iter [48900/160000]	lr: 1.085e-05, eta: 1 day, 10:18:58, time: 0.925, data_time: 0.371, memory: 14490, decode.loss_seg: 0.0510, decode.acc_seg: 83.5268, aux.loss_seg: 0.0324, aux.acc_seg: 82.3802, loss: 0.0833
2026-04-24 08:47:09,932 - mmseg - INFO - Iter [48950/160000]	lr: 1.084e-05, eta: 1 day, 10:16:27, time: 0.544, data_time: 0.005, memory: 14490, decode.loss_seg: 0.0532, decode.acc_seg: 83.3938, aux.loss_seg: 0.0333, aux.acc_seg: 82.1943, loss: 0.0866
2026-04-24 08:47:56,748 - mmseg - INFO - Exp name: pixel_upernet_itpn_large_12_512_slide_160k_air_polarsar2_amp_linux.py
2026-04-24 08:47:56,748 - mmseg - INFO - Iter [49000/160000]	lr: 1.084e-05, eta: 1 day, 10:15:02, time: 0.936, data_time: 0.377, memory: 14490, decode.loss_seg: 0.0514, decode.acc_seg: 82.7438, aux.loss_seg: 0.0323, aux.acc_seg: 81.6145, loss: 0.0837
2026-04-24 08:48:44,816 - mmseg - INFO - Iter [49050/160000]	lr: 1.084e-05, eta: 1 day, 10:13:41, time: 0.961, data_time: 0.394, memory: 14490, decode.loss_seg: 0.0523, decode.acc_seg: 83.5409, aux.loss_seg: 0.0324, aux.acc_seg: 82.3806, loss: 0.0847
2026-04-24 08:49:12,050 - mmseg - INFO - Iter [49100/160000]	lr: 1.083e-05, eta: 1 day, 10:11:11, time: 0.545, data_time: 0.004, memory: 14490, decode.loss_seg: 0.0541, decode.acc_seg: 83.4061, aux.loss_seg: 0.0338, aux.acc_seg: 82.2141, loss: 0.0879
2026-04-24 08:49:58,878 - mmseg - INFO - Iter [49150/160000]	lr: 1.083e-05, eta: 1 day, 10:09:46, time: 0.936, data_time: 0.346, memory: 14490, decode.loss_seg: 0.0540, decode.acc_seg: 83.6224, aux.loss_seg: 0.0330, aux.acc_seg: 82.4797, loss: 0.0870
2026-04-24 08:50:45,740 - mmseg - INFO - Iter [49200/160000]	lr: 1.082e-05, eta: 1 day, 10:08:22, time: 0.937, data_time: 0.388, memory: 14490, decode.loss_seg: 0.0521, decode.acc_seg: 83.4918, aux.loss_seg: 0.0323, aux.acc_seg: 82.3672, loss: 0.0844
2026-04-24 08:51:12,876 - mmseg - INFO - Iter [49250/160000]	lr: 1.082e-05, eta: 1 day, 10:05:52, time: 0.543, data_time: 0.005, memory: 14490, decode.loss_seg: 0.0530, decode.acc_seg: 83.8876, aux.loss_seg: 0.0327, aux.acc_seg: 82.7908, loss: 0.0857
2026-04-24 08:52:00,424 - mmseg - INFO - Iter [49300/160000]	lr: 1.081e-05, eta: 1 day, 10:04:31, time: 0.951, data_time: 0.393, memory: 14490, decode.loss_seg: 0.0548, decode.acc_seg: 83.7752, aux.loss_seg: 0.0360, aux.acc_seg: 82.4465, loss: 0.0908
2026-04-24 08:52:46,981 - mmseg - INFO - Iter [49350/160000]	lr: 1.081e-05, eta: 1 day, 10:03:06, time: 0.931, data_time: 0.386, memory: 14490, decode.loss_seg: 0.0526, decode.acc_seg: 85.1741, aux.loss_seg: 0.0343, aux.acc_seg: 83.8880, loss: 0.0868
2026-04-24 08:53:14,251 - mmseg - INFO - Iter [49400/160000]	lr: 1.080e-05, eta: 1 day, 10:00:37, time: 0.545, data_time: 0.005, memory: 14490, decode.loss_seg: 0.0514, decode.acc_seg: 83.9755, aux.loss_seg: 0.0329, aux.acc_seg: 82.6756, loss: 0.0843
2026-04-24 08:54:00,995 - mmseg - INFO - Iter [49450/160000]	lr: 1.080e-05, eta: 1 day, 9:59:14, time: 0.935, data_time: 0.340, memory: 14490, decode.loss_seg: 0.0509, decode.acc_seg: 83.7976, aux.loss_seg: 0.0320, aux.acc_seg: 82.6653, loss: 0.0829
2026-04-24 08:54:47,969 - mmseg - INFO - Iter [49500/160000]	lr: 1.079e-05, eta: 1 day, 9:57:51, time: 0.939, data_time: 0.378, memory: 14490, decode.loss_seg: 0.0538, decode.acc_seg: 85.0330, aux.loss_seg: 0.0341, aux.acc_seg: 83.8094, loss: 0.0878
2026-04-24 08:55:15,167 - mmseg - INFO - Iter [49550/160000]	lr: 1.079e-05, eta: 1 day, 9:55:23, time: 0.544, data_time: 0.005, memory: 14490, decode.loss_seg: 0.0524, decode.acc_seg: 83.9745, aux.loss_seg: 0.0337, aux.acc_seg: 82.7254, loss: 0.0861
2026-04-24 08:56:01,734 - mmseg - INFO - Iter [49600/160000]	lr: 1.078e-05, eta: 1 day, 9:53:59, time: 0.931, data_time: 0.385, memory: 14490, decode.loss_seg: 0.0542, decode.acc_seg: 84.4973, aux.loss_seg: 0.0374, aux.acc_seg: 83.0419, loss: 0.0916
2026-04-24 08:56:47,700 - mmseg - INFO - Iter [49650/160000]	lr: 1.078e-05, eta: 1 day, 9:52:33, time: 0.919, data_time: 0.353, memory: 14490, decode.loss_seg: 0.0523, decode.acc_seg: 84.0294, aux.loss_seg: 0.0326, aux.acc_seg: 82.8648, loss: 0.0849
2026-04-24 08:57:14,925 - mmseg - INFO - Iter [49700/160000]	lr: 1.077e-05, eta: 1 day, 9:50:06, time: 0.545, data_time: 0.005, memory: 14490, decode.loss_seg: 0.0507, decode.acc_seg: 84.9024, aux.loss_seg: 0.0313, aux.acc_seg: 83.8042, loss: 0.0820
2026-04-24 08:58:01,630 - mmseg - INFO - Iter [49750/160000]	lr: 1.077e-05, eta: 1 day, 9:48:43, time: 0.934, data_time: 0.341, memory: 14490, decode.loss_seg: 0.0525, decode.acc_seg: 85.5302, aux.loss_seg: 0.0329, aux.acc_seg: 84.3675, loss: 0.0855
2026-04-24 08:58:28,933 - mmseg - INFO - Iter [49800/160000]	lr: 1.076e-05, eta: 1 day, 9:46:17, time: 0.546, data_time: 0.005, memory: 14490, decode.loss_seg: 0.0498, decode.acc_seg: 84.7067, aux.loss_seg: 0.0320, aux.acc_seg: 83.4832, loss: 0.0817
2026-04-24 08:59:15,133 - mmseg - INFO - Iter [49850/160000]	lr: 1.076e-05, eta: 1 day, 9:44:52, time: 0.924, data_time: 0.338, memory: 14490, decode.loss_seg: 0.0496, decode.acc_seg: 83.1532, aux.loss_seg: 0.0313, aux.acc_seg: 81.9965, loss: 0.0809
2026-04-24 09:00:01,404 - mmseg - INFO - Iter [49900/160000]	lr: 1.075e-05, eta: 1 day, 9:43:29, time: 0.925, data_time: 0.370, memory: 14490, decode.loss_seg: 0.0518, decode.acc_seg: 83.0471, aux.loss_seg: 0.0323, aux.acc_seg: 81.8907, loss: 0.0840
2026-04-24 09:00:28,661 - mmseg - INFO - Iter [49950/160000]	lr: 1.075e-05, eta: 1 day, 9:41:03, time: 0.545, data_time: 0.005, memory: 14490, decode.loss_seg: 0.0508, decode.acc_seg: 84.6759, aux.loss_seg: 0.0325, aux.acc_seg: 83.4749, loss: 0.0833
2026-04-24 09:01:27,841 - mmseg - INFO - per class results:
2026-04-24 09:01:27,841 - mmseg - INFO - 
+------------+-------+-------+
| Class      | IoU   | Acc   |
+------------+-------+-------+
| housing    | 94.63 | 96.53 |
| industrial | 94.25 | 97.2  |
| natural    | 89.47 | 92.57 |
| land_use   | 80.13 | 87.01 |
| water      | 94.07 | 97.53 |
| other      | 98.08 | 99.35 |
+------------+-------+-------+
2026-04-24 09:01:27,841 - mmseg - INFO - Summary:
2026-04-24 09:01:27,842 - mmseg - INFO - 
+--------+-------+-------+------+
| Scope  | mIoU  | mAcc  | aAcc |
+--------+-------+-------+------+
| global | 91.77 | 95.03 | 96.4 |
+--------+-------+-------+------+
2026-04-24 09:01:27,862 - mmseg - INFO - Exp name: pixel_upernet_itpn_large_12_512_slide_160k_air_polarsar2_amp_linux.py
2026-04-24 09:01:27,862 - mmseg - INFO - Iter [50000/160000]	lr: 1.074e-05, eta: 1 day, 10:10:39, time: 12.420, data_time: 0.000, memory: 14490, mIoU: 0.9177, mAcc: 0.9503, aAcc: 0.9640
2026-04-24 09:02:15,490 - mmseg - INFO - Iter [50050/160000]	lr: 1.074e-05, eta: 1 day, 10:09:16, time: 0.952, data_time: 0.392, memory: 14490, decode.loss_seg: 0.0508, decode.acc_seg: 84.3213, aux.loss_seg: 0.0316, aux.acc_seg: 83.1945, loss: 0.0823
2026-04-24 09:02:42,717 - mmseg - INFO - Iter [50100/160000]	lr: 1.073e-05, eta: 1 day, 10:06:48, time: 0.544, data_time: 0.005, memory: 14490, decode.loss_seg: 0.0516, decode.acc_seg: 82.7356, aux.loss_seg: 0.0321, aux.acc_seg: 81.5885, loss: 0.0837
2026-04-24 09:03:29,912 - mmseg - INFO - Iter [50150/160000]	lr: 1.073e-05, eta: 1 day, 10:05:24, time: 0.944, data_time: 0.391, memory: 14490, decode.loss_seg: 0.0515, decode.acc_seg: 83.5459, aux.loss_seg: 0.0340, aux.acc_seg: 82.3469, loss: 0.0855
2026-04-24 09:04:16,322 - mmseg - INFO - Iter [50200/160000]	lr: 1.072e-05, eta: 1 day, 10:03:58, time: 0.928, data_time: 0.360, memory: 14490, decode.loss_seg: 0.0512, decode.acc_seg: 84.6778, aux.loss_seg: 0.0320, aux.acc_seg: 83.5307, loss: 0.0832
2026-04-24 09:04:43,582 - mmseg - INFO - Iter [50250/160000]	lr: 1.072e-05, eta: 1 day, 10:01:30, time: 0.545, data_time: 0.004, memory: 14490, decode.loss_seg: 0.0505, decode.acc_seg: 84.1691, aux.loss_seg: 0.0318, aux.acc_seg: 83.0170, loss: 0.0823
2026-04-24 09:05:29,978 - mmseg - INFO - Iter [50300/160000]	lr: 1.071e-05, eta: 1 day, 10:00:04, time: 0.928, data_time: 0.375, memory: 14490, decode.loss_seg: 0.0486, decode.acc_seg: 83.3746, aux.loss_seg: 0.0311, aux.acc_seg: 82.2109, loss: 0.0797
2026-04-24 09:06:15,618 - mmseg - INFO - Iter [50350/160000]	lr: 1.071e-05, eta: 1 day, 9:58:36, time: 0.913, data_time: 0.332, memory: 14490, decode.loss_seg: 0.0523, decode.acc_seg: 84.7771, aux.loss_seg: 0.0327, aux.acc_seg: 83.6253, loss: 0.0850
2026-04-24 09:06:42,904 - mmseg - INFO - Iter [50400/160000]	lr: 1.070e-05, eta: 1 day, 9:56:10, time: 0.545, data_time: 0.004, memory: 14490, decode.loss_seg: 0.0515, decode.acc_seg: 83.8121, aux.loss_seg: 0.0320, aux.acc_seg: 82.6619, loss: 0.0835
2026-04-24 09:07:28,879 - mmseg - INFO - Iter [50450/160000]	lr: 1.070e-05, eta: 1 day, 9:54:43, time: 0.920, data_time: 0.355, memory: 14490, decode.loss_seg: 0.0499, decode.acc_seg: 84.2586, aux.loss_seg: 0.0308, aux.acc_seg: 83.1678, loss: 0.0808
2026-04-24 09:08:15,314 - mmseg - INFO - Iter [50500/160000]	lr: 1.069e-05, eta: 1 day, 9:53:18, time: 0.929, data_time: 0.357, memory: 14490, decode.loss_seg: 0.0522, decode.acc_seg: 84.3107, aux.loss_seg: 0.0321, aux.acc_seg: 83.2059, loss: 0.0843
2026-04-24 09:08:42,537 - mmseg - INFO - Iter [50550/160000]	lr: 1.069e-05, eta: 1 day, 9:50:52, time: 0.544, data_time: 0.005, memory: 14490, decode.loss_seg: 0.0519, decode.acc_seg: 85.2861, aux.loss_seg: 0.0334, aux.acc_seg: 84.0014, loss: 0.0853
2026-04-24 09:09:29,469 - mmseg - INFO - Iter [50600/160000]	lr: 1.068e-05, eta: 1 day, 9:49:28, time: 0.939, data_time: 0.334, memory: 14490, decode.loss_seg: 0.0528, decode.acc_seg: 83.9740, aux.loss_seg: 0.0329, aux.acc_seg: 82.7990, loss: 0.0856
2026-04-24 09:09:56,646 - mmseg - INFO - Iter [50650/160000]	lr: 1.068e-05, eta: 1 day, 9:47:03, time: 0.544, data_time: 0.005, memory: 14490, decode.loss_seg: 0.0505, decode.acc_seg: 86.1069, aux.loss_seg: 0.0315, aux.acc_seg: 84.9915, loss: 0.0820
2026-04-24 09:10:43,121 - mmseg - INFO - Iter [50700/160000]	lr: 1.067e-05, eta: 1 day, 9:45:39, time: 0.930, data_time: 0.328, memory: 14490, decode.loss_seg: 0.0480, decode.acc_seg: 82.5086, aux.loss_seg: 0.0305, aux.acc_seg: 81.3889, loss: 0.0785
2026-04-24 09:11:29,525 - mmseg - INFO - Iter [50750/160000]	lr: 1.067e-05, eta: 1 day, 9:44:14, time: 0.928, data_time: 0.328, memory: 14490, decode.loss_seg: 0.0534, decode.acc_seg: 84.9150, aux.loss_seg: 0.0333, aux.acc_seg: 83.7427, loss: 0.0867
2026-04-24 09:11:56,794 - mmseg - INFO - Iter [50800/160000]	lr: 1.066e-05, eta: 1 day, 9:41:50, time: 0.546, data_time: 0.005, memory: 14490, decode.loss_seg: 0.0499, decode.acc_seg: 83.7927, aux.loss_seg: 0.0315, aux.acc_seg: 82.6465, loss: 0.0814
2026-04-24 09:12:43,633 - mmseg - INFO - Iter [50850/160000]	lr: 1.066e-05, eta: 1 day, 9:40:27, time: 0.937, data_time: 0.374, memory: 14490, decode.loss_seg: 0.0502, decode.acc_seg: 84.3683, aux.loss_seg: 0.0321, aux.acc_seg: 83.1611, loss: 0.0823
2026-04-24 09:13:29,943 - mmseg - INFO - Iter [50900/160000]	lr: 1.065e-05, eta: 1 day, 9:39:02, time: 0.926, data_time: 0.386, memory: 14490, decode.loss_seg: 0.0506, decode.acc_seg: 84.6112, aux.loss_seg: 0.0319, aux.acc_seg: 83.4791, loss: 0.0825
2026-04-24 09:13:57,183 - mmseg - INFO - Iter [50950/160000]	lr: 1.065e-05, eta: 1 day, 9:36:39, time: 0.545, data_time: 0.004, memory: 14490, decode.loss_seg: 0.0532, decode.acc_seg: 81.4765, aux.loss_seg: 0.0332, aux.acc_seg: 80.2442, loss: 0.0864
2026-04-24 09:14:43,754 - mmseg - INFO - Exp name: pixel_upernet_itpn_large_12_512_slide_160k_air_polarsar2_amp_linux.py
2026-04-24 09:14:43,755 - mmseg - INFO - Iter [51000/160000]	lr: 1.064e-05, eta: 1 day, 9:35:15, time: 0.931, data_time: 0.389, memory: 14490, decode.loss_seg: 0.0547, decode.acc_seg: 82.2794, aux.loss_seg: 0.0331, aux.acc_seg: 81.1415, loss: 0.0879
2026-04-24 09:15:30,601 - mmseg - INFO - Iter [51050/160000]	lr: 1.064e-05, eta: 1 day, 9:33:53, time: 0.937, data_time: 0.389, memory: 14490, decode.loss_seg: 0.0532, decode.acc_seg: 84.7934, aux.loss_seg: 0.0331, aux.acc_seg: 83.6383, loss: 0.0863
2026-04-24 09:15:57,909 - mmseg - INFO - Iter [51100/160000]	lr: 1.063e-05, eta: 1 day, 9:31:30, time: 0.546, data_time: 0.004, memory: 14490, decode.loss_seg: 0.0545, decode.acc_seg: 85.0541, aux.loss_seg: 0.0366, aux.acc_seg: 83.5706, loss: 0.0910
2026-04-24 09:16:44,756 - mmseg - INFO - Iter [51150/160000]	lr: 1.063e-05, eta: 1 day, 9:30:08, time: 0.937, data_time: 0.340, memory: 14490, decode.loss_seg: 0.0511, decode.acc_seg: 83.6965, aux.loss_seg: 0.0318, aux.acc_seg: 82.5806, loss: 0.0829
2026-04-24 09:17:31,887 - mmseg - INFO - Iter [51200/160000]	lr: 1.063e-05, eta: 1 day, 9:28:47, time: 0.943, data_time: 0.358, memory: 14490, decode.loss_seg: 0.0529, decode.acc_seg: 83.9481, aux.loss_seg: 0.0359, aux.acc_seg: 82.5976, loss: 0.0887
2026-04-24 09:17:59,160 - mmseg - INFO - Iter [51250/160000]	lr: 1.062e-05, eta: 1 day, 9:26:25, time: 0.545, data_time: 0.004, memory: 14490, decode.loss_seg: 0.0498, decode.acc_seg: 85.1566, aux.loss_seg: 0.0316, aux.acc_seg: 84.0111, loss: 0.0814
2026-04-24 09:18:45,888 - mmseg - INFO - Iter [51300/160000]	lr: 1.062e-05, eta: 1 day, 9:25:03, time: 0.935, data_time: 0.363, memory: 14490, decode.loss_seg: 0.0510, decode.acc_seg: 83.6900, aux.loss_seg: 0.0319, aux.acc_seg: 82.5618, loss: 0.0829
2026-04-24 09:19:32,496 - mmseg - INFO - Iter [51350/160000]	lr: 1.061e-05, eta: 1 day, 9:23:41, time: 0.932, data_time: 0.338, memory: 14490, decode.loss_seg: 0.0500, decode.acc_seg: 83.2488, aux.loss_seg: 0.0314, aux.acc_seg: 82.0980, loss: 0.0813
2026-04-24 09:19:59,831 - mmseg - INFO - Iter [51400/160000]	lr: 1.061e-05, eta: 1 day, 9:21:20, time: 0.546, data_time: 0.004, memory: 14490, decode.loss_seg: 0.0502, decode.acc_seg: 85.3511, aux.loss_seg: 0.0325, aux.acc_seg: 84.1490, loss: 0.0827
2026-04-24 09:20:47,223 - mmseg - INFO - Iter [51450/160000]	lr: 1.060e-05, eta: 1 day, 9:20:01, time: 0.948, data_time: 0.387, memory: 14490, decode.loss_seg: 0.0527, decode.acc_seg: 83.9730, aux.loss_seg: 0.0327, aux.acc_seg: 82.8196, loss: 0.0854
2026-04-24 09:21:33,496 - mmseg - INFO - Iter [51500/160000]	lr: 1.060e-05, eta: 1 day, 9:18:38, time: 0.926, data_time: 0.375, memory: 14490, decode.loss_seg: 0.0490, decode.acc_seg: 82.1878, aux.loss_seg: 0.0307, aux.acc_seg: 81.0634, loss: 0.0798
2026-04-24 09:22:00,742 - mmseg - INFO - Iter [51550/160000]	lr: 1.059e-05, eta: 1 day, 9:16:17, time: 0.545, data_time: 0.005, memory: 14490, decode.loss_seg: 0.0521, decode.acc_seg: 84.0033, aux.loss_seg: 0.0320, aux.acc_seg: 82.9105, loss: 0.0841
2026-04-24 09:22:47,882 - mmseg - INFO - Iter [51600/160000]	lr: 1.059e-05, eta: 1 day, 9:14:57, time: 0.943, data_time: 0.375, memory: 14490, decode.loss_seg: 0.0517, decode.acc_seg: 84.7573, aux.loss_seg: 0.0318, aux.acc_seg: 83.6445, loss: 0.0835
2026-04-24 09:23:15,118 - mmseg - INFO - Iter [51650/160000]	lr: 1.058e-05, eta: 1 day, 9:12:37, time: 0.545, data_time: 0.005, memory: 14490, decode.loss_seg: 0.0506, decode.acc_seg: 83.6837, aux.loss_seg: 0.0323, aux.acc_seg: 82.4598, loss: 0.0829
2026-04-24 09:24:02,060 - mmseg - INFO - Iter [51700/160000]	lr: 1.058e-05, eta: 1 day, 9:11:17, time: 0.939, data_time: 0.383, memory: 14490, decode.loss_seg: 0.0489, decode.acc_seg: 83.4124, aux.loss_seg: 0.0311, aux.acc_seg: 82.2448, loss: 0.0801
2026-04-24 09:24:48,929 - mmseg - INFO - Iter [51750/160000]	lr: 1.057e-05, eta: 1 day, 9:09:57, time: 0.937, data_time: 0.342, memory: 14490, decode.loss_seg: 0.0504, decode.acc_seg: 83.0451, aux.loss_seg: 0.0316, aux.acc_seg: 81.9035, loss: 0.0820
2026-04-24 09:25:16,223 - mmseg - INFO - Iter [51800/160000]	lr: 1.057e-05, eta: 1 day, 9:07:37, time: 0.546, data_time: 0.005, memory: 14490, decode.loss_seg: 0.0506, decode.acc_seg: 84.5921, aux.loss_seg: 0.0348, aux.acc_seg: 83.2135, loss: 0.0854
2026-04-24 09:26:03,333 - mmseg - INFO - Iter [51850/160000]	lr: 1.056e-05, eta: 1 day, 9:06:18, time: 0.942, data_time: 0.336, memory: 14490, decode.loss_seg: 0.0488, decode.acc_seg: 85.1085, aux.loss_seg: 0.0305, aux.acc_seg: 83.9853, loss: 0.0793
2026-04-24 09:26:49,779 - mmseg - INFO - Iter [51900/160000]	lr: 1.056e-05, eta: 1 day, 9:04:57, time: 0.929, data_time: 0.371, memory: 14490, decode.loss_seg: 0.0479, decode.acc_seg: 82.3942, aux.loss_seg: 0.0305, aux.acc_seg: 81.2483, loss: 0.0784
2026-04-24 09:27:17,075 - mmseg - INFO - Iter [51950/160000]	lr: 1.055e-05, eta: 1 day, 9:02:38, time: 0.546, data_time: 0.005, memory: 14490, decode.loss_seg: 0.0476, decode.acc_seg: 83.7842, aux.loss_seg: 0.0301, aux.acc_seg: 82.6629, loss: 0.0777
2026-04-24 09:28:16,051 - mmseg - INFO - per class results:
2026-04-24 09:28:16,052 - mmseg - INFO - 
+------------+-------+-------+
| Class      | IoU   | Acc   |
+------------+-------+-------+
| housing    | 94.76 | 98.12 |
| industrial | 94.23 | 97.03 |
| natural    | 89.4  | 92.87 |
| land_use   | 79.88 | 85.81 |
| water      | 94.15 | 97.47 |
| other      | 98.14 | 99.4  |
+------------+-------+-------+
2026-04-24 09:28:16,052 - mmseg - INFO - Summary:
2026-04-24 09:28:16,052 - mmseg - INFO - 
+--------+-------+-------+-------+
| Scope  | mIoU  | mAcc  | aAcc  |
+--------+-------+-------+-------+
| global | 91.76 | 95.12 | 96.42 |
+--------+-------+-------+-------+
2026-04-24 09:28:16,075 - mmseg - INFO - Exp name: pixel_upernet_itpn_large_12_512_slide_160k_air_polarsar2_amp_linux.py
2026-04-24 09:28:16,075 - mmseg - INFO - Iter [52000/160000]	lr: 1.055e-05, eta: 1 day, 9:30:38, time: 12.668, data_time: 0.000, memory: 14490, mIoU: 0.9176, mAcc: 0.9512, aAcc: 0.9642
2026-04-24 09:29:03,926 - mmseg - INFO - Iter [52050/160000]	lr: 1.054e-05, eta: 1 day, 9:29:18, time: 0.957, data_time: 0.378, memory: 14490, decode.loss_seg: 0.0477, decode.acc_seg: 84.4419, aux.loss_seg: 0.0319, aux.acc_seg: 83.2402, loss: 0.0796
2026-04-24 09:29:31,208 - mmseg - INFO - Iter [52100/160000]	lr: 1.054e-05, eta: 1 day, 9:26:57, time: 0.546, data_time: 0.005, memory: 14490, decode.loss_seg: 0.0496, decode.acc_seg: 83.7974, aux.loss_seg: 0.0315, aux.acc_seg: 82.6459, loss: 0.0811
2026-04-24 09:30:18,204 - mmseg - INFO - Iter [52150/160000]	lr: 1.053e-05, eta: 1 day, 9:25:35, time: 0.940, data_time: 0.379, memory: 14490, decode.loss_seg: 0.0496, decode.acc_seg: 83.4151, aux.loss_seg: 0.0313, aux.acc_seg: 82.2914, loss: 0.0808
2026-04-24 09:31:04,766 - mmseg - INFO - Iter [52200/160000]	lr: 1.053e-05, eta: 1 day, 9:24:12, time: 0.931, data_time: 0.357, memory: 14490, decode.loss_seg: 0.0494, decode.acc_seg: 83.4508, aux.loss_seg: 0.0316, aux.acc_seg: 82.2826, loss: 0.0810
2026-04-24 09:31:32,045 - mmseg - INFO - Iter [52250/160000]	lr: 1.052e-05, eta: 1 day, 9:21:51, time: 0.546, data_time: 0.005, memory: 14490, decode.loss_seg: 0.0470, decode.acc_seg: 83.0050, aux.loss_seg: 0.0303, aux.acc_seg: 81.8576, loss: 0.0772
2026-04-24 09:32:18,330 - mmseg - INFO - Iter [52300/160000]	lr: 1.052e-05, eta: 1 day, 9:20:28, time: 0.926, data_time: 0.353, memory: 14490, decode.loss_seg: 0.0489, decode.acc_seg: 83.3051, aux.loss_seg: 0.0310, aux.acc_seg: 82.1468, loss: 0.0799
2026-04-24 09:33:05,307 - mmseg - INFO - Iter [52350/160000]	lr: 1.051e-05, eta: 1 day, 9:19:06, time: 0.939, data_time: 0.356, memory: 14490, decode.loss_seg: 0.0476, decode.acc_seg: 83.7099, aux.loss_seg: 0.0315, aux.acc_seg: 82.4656, loss: 0.0791
2026-04-24 09:33:32,522 - mmseg - INFO - Iter [52400/160000]	lr: 1.051e-05, eta: 1 day, 9:16:46, time: 0.545, data_time: 0.004, memory: 14490, decode.loss_seg: 0.0475, decode.acc_seg: 83.1864, aux.loss_seg: 0.0304, aux.acc_seg: 82.0512, loss: 0.0779
2026-04-24 09:34:18,214 - mmseg - INFO - Iter [52450/160000]	lr: 1.050e-05, eta: 1 day, 9:15:21, time: 0.914, data_time: 0.312, memory: 14490, decode.loss_seg: 0.0467, decode.acc_seg: 83.0530, aux.loss_seg: 0.0298, aux.acc_seg: 81.9332, loss: 0.0764
2026-04-24 09:35:05,038 - mmseg - INFO - Iter [52500/160000]	lr: 1.050e-05, eta: 1 day, 9:13:59, time: 0.936, data_time: 0.385, memory: 14490, decode.loss_seg: 0.0474, decode.acc_seg: 82.8505, aux.loss_seg: 0.0303, aux.acc_seg: 81.7524, loss: 0.0777
2026-04-24 09:35:32,252 - mmseg - INFO - Iter [52550/160000]	lr: 1.049e-05, eta: 1 day, 9:11:40, time: 0.544, data_time: 0.004, memory: 14490, decode.loss_seg: 0.0487, decode.acc_seg: 82.9387, aux.loss_seg: 0.0303, aux.acc_seg: 81.8452, loss: 0.0790
2026-04-24 09:36:19,192 - mmseg - INFO - Iter [52600/160000]	lr: 1.049e-05, eta: 1 day, 9:10:19, time: 0.939, data_time: 0.381, memory: 14490, decode.loss_seg: 0.0501, decode.acc_seg: 84.0258, aux.loss_seg: 0.0318, aux.acc_seg: 82.8789, loss: 0.0819
2026-04-24 09:36:46,384 - mmseg - INFO - Iter [52650/160000]	lr: 1.048e-05, eta: 1 day, 9:08:00, time: 0.544, data_time: 0.005, memory: 14490, decode.loss_seg: 0.0467, decode.acc_seg: 83.4079, aux.loss_seg: 0.0301, aux.acc_seg: 82.2767, loss: 0.0768
2026-04-24 09:37:31,753 - mmseg - INFO - Iter [52700/160000]	lr: 1.048e-05, eta: 1 day, 9:06:35, time: 0.907, data_time: 0.354, memory: 14490, decode.loss_seg: 0.0481, decode.acc_seg: 84.4536, aux.loss_seg: 0.0313, aux.acc_seg: 83.1902, loss: 0.0793
2026-04-24 09:38:18,302 - mmseg - INFO - Iter [52750/160000]	lr: 1.047e-05, eta: 1 day, 9:05:13, time: 0.931, data_time: 0.360, memory: 14490, decode.loss_seg: 0.0480, decode.acc_seg: 84.3733, aux.loss_seg: 0.0318, aux.acc_seg: 83.0843, loss: 0.0799
2026-04-24 09:38:45,551 - mmseg - INFO - Iter [52800/160000]	lr: 1.047e-05, eta: 1 day, 9:02:55, time: 0.545, data_time: 0.004, memory: 14490, decode.loss_seg: 0.0478, decode.acc_seg: 82.3877, aux.loss_seg: 0.0317, aux.acc_seg: 81.1422, loss: 0.0795
2026-04-24 09:39:31,822 - mmseg - INFO - Iter [52850/160000]	lr: 1.046e-05, eta: 1 day, 9:01:33, time: 0.926, data_time: 0.385, memory: 14490, decode.loss_seg: 0.0472, decode.acc_seg: 85.2615, aux.loss_seg: 0.0308, aux.acc_seg: 84.1029, loss: 0.0780
2026-04-24 09:40:18,076 - mmseg - INFO - Iter [52900/160000]	lr: 1.046e-05, eta: 1 day, 9:00:11, time: 0.925, data_time: 0.370, memory: 14490, decode.loss_seg: 0.0479, decode.acc_seg: 84.8857, aux.loss_seg: 0.0309, aux.acc_seg: 83.7043, loss: 0.0789
2026-04-24 09:40:45,358 - mmseg - INFO - Iter [52950/160000]	lr: 1.045e-05, eta: 1 day, 8:57:53, time: 0.546, data_time: 0.004, memory: 14490, decode.loss_seg: 0.0477, decode.acc_seg: 84.9129, aux.loss_seg: 0.0303, aux.acc_seg: 83.8039, loss: 0.0780
2026-04-24 09:41:32,359 - mmseg - INFO - Exp name: pixel_upernet_itpn_large_12_512_slide_160k_air_polarsar2_amp_linux.py
2026-04-24 09:41:32,360 - mmseg - INFO - Iter [53000/160000]	lr: 1.045e-05, eta: 1 day, 8:56:34, time: 0.940, data_time: 0.398, memory: 14490, decode.loss_seg: 0.0500, decode.acc_seg: 84.1022, aux.loss_seg: 0.0312, aux.acc_seg: 82.9894, loss: 0.0812
2026-04-24 09:42:19,727 - mmseg - INFO - Iter [53050/160000]	lr: 1.044e-05, eta: 1 day, 8:55:15, time: 0.948, data_time: 0.376, memory: 14490, decode.loss_seg: 0.0503, decode.acc_seg: 83.1398, aux.loss_seg: 0.0311, aux.acc_seg: 82.0685, loss: 0.0814
2026-04-24 09:42:47,014 - mmseg - INFO - Iter [53100/160000]	lr: 1.044e-05, eta: 1 day, 8:52:59, time: 0.546, data_time: 0.004, memory: 14490, decode.loss_seg: 0.0492, decode.acc_seg: 82.8299, aux.loss_seg: 0.0308, aux.acc_seg: 81.6880, loss: 0.0800
2026-04-24 09:43:33,824 - mmseg - INFO - Iter [53150/160000]	lr: 1.043e-05, eta: 1 day, 8:51:39, time: 0.936, data_time: 0.341, memory: 14490, decode.loss_seg: 0.0477, decode.acc_seg: 85.4684, aux.loss_seg: 0.0305, aux.acc_seg: 84.3463, loss: 0.0782
2026-04-24 09:44:20,257 - mmseg - INFO - Iter [53200/160000]	lr: 1.043e-05, eta: 1 day, 8:50:18, time: 0.929, data_time: 0.337, memory: 14490, decode.loss_seg: 0.0490, decode.acc_seg: 84.9688, aux.loss_seg: 0.0324, aux.acc_seg: 83.7278, loss: 0.0815
2026-04-24 09:44:47,537 - mmseg - INFO - Iter [53250/160000]	lr: 1.042e-05, eta: 1 day, 8:48:02, time: 0.546, data_time: 0.004, memory: 14490, decode.loss_seg: 0.0483, decode.acc_seg: 84.6080, aux.loss_seg: 0.0333, aux.acc_seg: 83.2511, loss: 0.0816
2026-04-24 09:45:34,327 - mmseg - INFO - Iter [53300/160000]	lr: 1.042e-05, eta: 1 day, 8:46:42, time: 0.936, data_time: 0.348, memory: 14490, decode.loss_seg: 0.0466, decode.acc_seg: 84.4361, aux.loss_seg: 0.0298, aux.acc_seg: 83.3180, loss: 0.0764
2026-04-24 09:46:22,166 - mmseg - INFO - Iter [53350/160000]	lr: 1.042e-05, eta: 1 day, 8:45:26, time: 0.957, data_time: 0.390, memory: 14490, decode.loss_seg: 0.0468, decode.acc_seg: 83.5661, aux.loss_seg: 0.0305, aux.acc_seg: 82.3564, loss: 0.0773
2026-04-24 09:46:49,473 - mmseg - INFO - Iter [53400/160000]	lr: 1.041e-05, eta: 1 day, 8:43:11, time: 0.546, data_time: 0.004, memory: 14490, decode.loss_seg: 0.0498, decode.acc_seg: 84.0015, aux.loss_seg: 0.0315, aux.acc_seg: 82.8530, loss: 0.0813
2026-04-24 09:47:36,771 - mmseg - INFO - Iter [53450/160000]	lr: 1.041e-05, eta: 1 day, 8:41:53, time: 0.946, data_time: 0.360, memory: 14490, decode.loss_seg: 0.0463, decode.acc_seg: 84.9659, aux.loss_seg: 0.0292, aux.acc_seg: 83.8844, loss: 0.0755
2026-04-24 09:48:23,968 - mmseg - INFO - Iter [53500/160000]	lr: 1.040e-05, eta: 1 day, 8:40:35, time: 0.944, data_time: 0.401, memory: 14490, decode.loss_seg: 0.0487, decode.acc_seg: 84.6007, aux.loss_seg: 0.0309, aux.acc_seg: 83.4726, loss: 0.0795
2026-04-24 09:48:51,292 - mmseg - INFO - Iter [53550/160000]	lr: 1.040e-05, eta: 1 day, 8:38:20, time: 0.546, data_time: 0.004, memory: 14490, decode.loss_seg: 0.0488, decode.acc_seg: 84.5927, aux.loss_seg: 0.0315, aux.acc_seg: 83.4351, loss: 0.0803
2026-04-24 09:49:38,704 - mmseg - INFO - Iter [53600/160000]	lr: 1.039e-05, eta: 1 day, 8:37:03, time: 0.948, data_time: 0.357, memory: 14490, decode.loss_seg: 0.0480, decode.acc_seg: 83.3824, aux.loss_seg: 0.0302, aux.acc_seg: 82.2828, loss: 0.0782
2026-04-24 09:50:05,971 - mmseg - INFO - Iter [53650/160000]	lr: 1.039e-05, eta: 1 day, 8:34:49, time: 0.545, data_time: 0.004, memory: 14490, decode.loss_seg: 0.0481, decode.acc_seg: 83.6938, aux.loss_seg: 0.0301, aux.acc_seg: 82.5854, loss: 0.0782
2026-04-24 09:50:52,779 - mmseg - INFO - Iter [53700/160000]	lr: 1.038e-05, eta: 1 day, 8:33:30, time: 0.936, data_time: 0.346, memory: 14490, decode.loss_seg: 0.0493, decode.acc_seg: 84.4078, aux.loss_seg: 0.0315, aux.acc_seg: 83.1718, loss: 0.0808
2026-04-24 09:51:39,762 - mmseg - INFO - Iter [53750/160000]	lr: 1.038e-05, eta: 1 day, 8:32:12, time: 0.939, data_time: 0.373, memory: 14490, decode.loss_seg: 0.0479, decode.acc_seg: 84.6438, aux.loss_seg: 0.0304, aux.acc_seg: 83.5232, loss: 0.0783
2026-04-24 09:52:07,105 - mmseg - INFO - Iter [53800/160000]	lr: 1.037e-05, eta: 1 day, 8:29:59, time: 0.547, data_time: 0.004, memory: 14490, decode.loss_seg: 0.0465, decode.acc_seg: 84.4357, aux.loss_seg: 0.0296, aux.acc_seg: 83.3499, loss: 0.0761
2026-04-24 09:52:53,073 - mmseg - INFO - Iter [53850/160000]	lr: 1.037e-05, eta: 1 day, 8:28:38, time: 0.919, data_time: 0.339, memory: 14490, decode.loss_seg: 0.0464, decode.acc_seg: 83.8087, aux.loss_seg: 0.0298, aux.acc_seg: 82.6933, loss: 0.0762
2026-04-24 09:53:39,346 - mmseg - INFO - Iter [53900/160000]	lr: 1.036e-05, eta: 1 day, 8:27:19, time: 0.925, data_time: 0.348, memory: 14490, decode.loss_seg: 0.0483, decode.acc_seg: 83.3363, aux.loss_seg: 0.0319, aux.acc_seg: 82.1049, loss: 0.0803
2026-04-24 09:54:06,681 - mmseg - INFO - Iter [53950/160000]	lr: 1.036e-05, eta: 1 day, 8:25:06, time: 0.547, data_time: 0.004, memory: 14490, decode.loss_seg: 0.0466, decode.acc_seg: 84.7671, aux.loss_seg: 0.0299, aux.acc_seg: 83.6474, loss: 0.0765
2026-04-24 09:55:07,819 - mmseg - INFO - per class results:
2026-04-24 09:55:07,819 - mmseg - INFO - 
+------------+-------+-------+
| Class      | IoU   | Acc   |
+------------+-------+-------+
| housing    | 94.95 | 97.07 |
| industrial | 93.78 | 96.43 |
| natural    | 87.82 | 90.34 |
| land_use   | 80.84 | 87.15 |
| water      | 93.91 | 97.94 |
| other      | 98.02 | 99.43 |
+------------+-------+-------+
2026-04-24 09:55:07,820 - mmseg - INFO - Summary:
2026-04-24 09:55:07,820 - mmseg - INFO - 
+--------+-------+-------+-------+
| Scope  | mIoU  | mAcc  | aAcc  |
+--------+-------+-------+-------+
| global | 91.55 | 94.73 | 96.31 |
+--------+-------+-------+-------+
2026-04-24 09:55:07,858 - mmseg - INFO - Exp name: pixel_upernet_itpn_large_12_512_slide_160k_air_polarsar2_amp_linux.py
2026-04-24 09:55:07,858 - mmseg - INFO - Iter [54000/160000]	lr: 1.035e-05, eta: 1 day, 8:53:29, time: 13.702, data_time: 0.000, memory: 14490, mIoU: 0.9155, mAcc: 0.9473, aAcc: 0.9631
2026-04-24 09:55:53,976 - mmseg - INFO - Iter [54050/160000]	lr: 1.035e-05, eta: 1 day, 8:52:06, time: 0.922, data_time: 0.353, memory: 14490, decode.loss_seg: 0.0467, decode.acc_seg: 82.8978, aux.loss_seg: 0.0306, aux.acc_seg: 81.6862, loss: 0.0773
2026-04-24 09:56:21,285 - mmseg - INFO - Iter [54100/160000]	lr: 1.034e-05, eta: 1 day, 8:49:51, time: 0.546, data_time: 0.004, memory: 14490, decode.loss_seg: 0.0462, decode.acc_seg: 83.2654, aux.loss_seg: 0.0303, aux.acc_seg: 82.0320, loss: 0.0765
2026-04-24 09:57:07,753 - mmseg - INFO - Iter [54150/160000]	lr: 1.034e-05, eta: 1 day, 8:48:29, time: 0.929, data_time: 0.388, memory: 14490, decode.loss_seg: 0.0468, decode.acc_seg: 82.5509, aux.loss_seg: 0.0307, aux.acc_seg: 81.3770, loss: 0.0775
2026-04-24 09:57:54,072 - mmseg - INFO - Iter [54200/160000]	lr: 1.033e-05, eta: 1 day, 8:47:07, time: 0.927, data_time: 0.362, memory: 14490, decode.loss_seg: 0.0491, decode.acc_seg: 83.4908, aux.loss_seg: 0.0318, aux.acc_seg: 82.3229, loss: 0.0808
2026-04-24 09:58:21,298 - mmseg - INFO - Iter [54250/160000]	lr: 1.033e-05, eta: 1 day, 8:44:52, time: 0.544, data_time: 0.003, memory: 14490, decode.loss_seg: 0.0486, decode.acc_seg: 84.3550, aux.loss_seg: 0.0303, aux.acc_seg: 83.2492, loss: 0.0790
2026-04-24 09:59:09,003 - mmseg - INFO - Iter [54300/160000]	lr: 1.032e-05, eta: 1 day, 8:43:34, time: 0.954, data_time: 0.380, memory: 14490, decode.loss_seg: 0.0494, decode.acc_seg: 84.7580, aux.loss_seg: 0.0309, aux.acc_seg: 83.6531, loss: 0.0803
2026-04-24 09:59:54,955 - mmseg - INFO - Iter [54350/160000]	lr: 1.032e-05, eta: 1 day, 8:42:12, time: 0.919, data_time: 0.356, memory: 14490, decode.loss_seg: 0.0465, decode.acc_seg: 84.4659, aux.loss_seg: 0.0322, aux.acc_seg: 83.1051, loss: 0.0787
2026-04-24 10:00:22,192 - mmseg - INFO - Iter [54400/160000]	lr: 1.031e-05, eta: 1 day, 8:39:58, time: 0.545, data_time: 0.004, memory: 14490, decode.loss_seg: 0.0470, decode.acc_seg: 83.8764, aux.loss_seg: 0.0304, aux.acc_seg: 82.7187, loss: 0.0773
2026-04-24 10:01:08,794 - mmseg - INFO - Iter [54450/160000]	lr: 1.031e-05, eta: 1 day, 8:38:37, time: 0.932, data_time: 0.368, memory: 14490, decode.loss_seg: 0.0483, decode.acc_seg: 85.2464, aux.loss_seg: 0.0311, aux.acc_seg: 84.0918, loss: 0.0794
2026-04-24 10:01:36,098 - mmseg - INFO - Iter [54500/160000]	lr: 1.030e-05, eta: 1 day, 8:36:24, time: 0.546, data_time: 0.005, memory: 14490, decode.loss_seg: 0.0451, decode.acc_seg: 83.2876, aux.loss_seg: 0.0289, aux.acc_seg: 82.1959, loss: 0.0739
2026-04-24 10:02:23,122 - mmseg - INFO - Iter [54550/160000]	lr: 1.030e-05, eta: 1 day, 8:35:04, time: 0.941, data_time: 0.369, memory: 14490, decode.loss_seg: 0.0467, decode.acc_seg: 83.7249, aux.loss_seg: 0.0298, aux.acc_seg: 82.6033, loss: 0.0765
2026-04-24 10:03:10,240 - mmseg - INFO - Iter [54600/160000]	lr: 1.029e-05, eta: 1 day, 8:33:46, time: 0.942, data_time: 0.384, memory: 14490, decode.loss_seg: 0.0469, decode.acc_seg: 83.9938, aux.loss_seg: 0.0300, aux.acc_seg: 82.8476, loss: 0.0768
2026-04-24 10:03:37,538 - mmseg - INFO - Iter [54650/160000]	lr: 1.029e-05, eta: 1 day, 8:31:33, time: 0.546, data_time: 0.005, memory: 14490, decode.loss_seg: 0.0466, decode.acc_seg: 85.0534, aux.loss_seg: 0.0309, aux.acc_seg: 83.8283, loss: 0.0775
2026-04-24 10:04:23,740 - mmseg - INFO - Iter [54700/160000]	lr: 1.028e-05, eta: 1 day, 8:30:12, time: 0.924, data_time: 0.372, memory: 14490, decode.loss_seg: 0.0499, decode.acc_seg: 83.6325, aux.loss_seg: 0.0312, aux.acc_seg: 82.5329, loss: 0.0811
2026-04-24 10:05:09,991 - mmseg - INFO - Iter [54750/160000]	lr: 1.028e-05, eta: 1 day, 8:28:51, time: 0.925, data_time: 0.342, memory: 14490, decode.loss_seg: 0.0529, decode.acc_seg: 83.3778, aux.loss_seg: 0.0335, aux.acc_seg: 82.1142, loss: 0.0863
2026-04-24 10:05:37,261 - mmseg - INFO - Iter [54800/160000]	lr: 1.027e-05, eta: 1 day, 8:26:39, time: 0.545, data_time: 0.005, memory: 14490, decode.loss_seg: 0.0545, decode.acc_seg: 83.4274, aux.loss_seg: 0.0324, aux.acc_seg: 82.3226, loss: 0.0869
2026-04-24 10:06:23,885 - mmseg - INFO - Iter [54850/160000]	lr: 1.027e-05, eta: 1 day, 8:25:19, time: 0.932, data_time: 0.374, memory: 14490, decode.loss_seg: 0.0522, decode.acc_seg: 84.5351, aux.loss_seg: 0.0319, aux.acc_seg: 83.4376, loss: 0.0841
2026-04-24 10:07:10,984 - mmseg - INFO - Iter [54900/160000]	lr: 1.026e-05, eta: 1 day, 8:24:01, time: 0.942, data_time: 0.396, memory: 14490, decode.loss_seg: 0.0610, decode.acc_seg: 83.6888, aux.loss_seg: 0.0354, aux.acc_seg: 82.5887, loss: 0.0964
2026-04-24 10:07:38,255 - mmseg - INFO - Iter [54950/160000]	lr: 1.026e-05, eta: 1 day, 8:21:49, time: 0.545, data_time: 0.005, memory: 14490, decode.loss_seg: 0.0576, decode.acc_seg: 83.1298, aux.loss_seg: 0.0346, aux.acc_seg: 81.8850, loss: 0.0921
2026-04-24 10:08:25,405 - mmseg - INFO - Exp name: pixel_upernet_itpn_large_12_512_slide_160k_air_polarsar2_amp_linux.py
2026-04-24 10:08:25,406 - mmseg - INFO - Iter [55000/160000]	lr: 1.025e-05, eta: 1 day, 8:20:31, time: 0.943, data_time: 0.352, memory: 14490, decode.loss_seg: 0.0520, decode.acc_seg: 84.3092, aux.loss_seg: 0.0330, aux.acc_seg: 83.1744, loss: 0.0850
2026-04-24 10:09:12,374 - mmseg - INFO - Iter [55050/160000]	lr: 1.025e-05, eta: 1 day, 8:19:13, time: 0.939, data_time: 0.392, memory: 14490, decode.loss_seg: 0.0528, decode.acc_seg: 85.7583, aux.loss_seg: 0.0325, aux.acc_seg: 84.6265, loss: 0.0854
2026-04-24 10:09:39,683 - mmseg - INFO - Iter [55100/160000]	lr: 1.024e-05, eta: 1 day, 8:17:02, time: 0.546, data_time: 0.005, memory: 14490, decode.loss_seg: 0.0484, decode.acc_seg: 84.1965, aux.loss_seg: 0.0306, aux.acc_seg: 83.0803, loss: 0.0790
2026-04-24 10:10:26,703 - mmseg - INFO - Iter [55150/160000]	lr: 1.024e-05, eta: 1 day, 8:15:45, time: 0.940, data_time: 0.383, memory: 14490, decode.loss_seg: 0.0477, decode.acc_seg: 85.2513, aux.loss_seg: 0.0299, aux.acc_seg: 84.1690, loss: 0.0776
2026-04-24 10:11:14,491 - mmseg - INFO - Iter [55200/160000]	lr: 1.023e-05, eta: 1 day, 8:14:29, time: 0.956, data_time: 0.357, memory: 14490, decode.loss_seg: 0.0502, decode.acc_seg: 86.2063, aux.loss_seg: 0.0321, aux.acc_seg: 84.9808, loss: 0.0823
2026-04-24 10:11:41,690 - mmseg - INFO - Iter [55250/160000]	lr: 1.023e-05, eta: 1 day, 8:12:18, time: 0.544, data_time: 0.004, memory: 14490, decode.loss_seg: 0.0454, decode.acc_seg: 84.6449, aux.loss_seg: 0.0293, aux.acc_seg: 83.5341, loss: 0.0748
2026-04-24 10:12:28,012 - mmseg - INFO - Iter [55300/160000]	lr: 1.022e-05, eta: 1 day, 8:10:59, time: 0.926, data_time: 0.351, memory: 14490, decode.loss_seg: 0.0492, decode.acc_seg: 84.4957, aux.loss_seg: 0.0310, aux.acc_seg: 83.3564, loss: 0.0801
2026-04-24 10:13:14,502 - mmseg - INFO - Iter [55350/160000]	lr: 1.022e-05, eta: 1 day, 8:09:40, time: 0.930, data_time: 0.373, memory: 14490, decode.loss_seg: 0.0467, decode.acc_seg: 84.3426, aux.loss_seg: 0.0307, aux.acc_seg: 83.1683, loss: 0.0774
2026-04-24 10:13:41,692 - mmseg - INFO - Iter [55400/160000]	lr: 1.022e-05, eta: 1 day, 8:07:30, time: 0.544, data_time: 0.005, memory: 14490, decode.loss_seg: 0.0459, decode.acc_seg: 85.0763, aux.loss_seg: 0.0295, aux.acc_seg: 83.9475, loss: 0.0754
2026-04-24 10:14:27,901 - mmseg - INFO - Iter [55450/160000]	lr: 1.021e-05, eta: 1 day, 8:06:11, time: 0.924, data_time: 0.377, memory: 14490, decode.loss_seg: 0.0456, decode.acc_seg: 84.1698, aux.loss_seg: 0.0297, aux.acc_seg: 83.0018, loss: 0.0753
2026-04-24 10:14:55,090 - mmseg - INFO - Iter [55500/160000]	lr: 1.021e-05, eta: 1 day, 8:04:01, time: 0.544, data_time: 0.005, memory: 14490, decode.loss_seg: 0.0454, decode.acc_seg: 83.2579, aux.loss_seg: 0.0305, aux.acc_seg: 82.0040, loss: 0.0758
2026-04-24 10:15:40,940 - mmseg - INFO - Iter [55550/160000]	lr: 1.020e-05, eta: 1 day, 8:02:41, time: 0.917, data_time: 0.352, memory: 14490, decode.loss_seg: 0.0451, decode.acc_seg: 82.9388, aux.loss_seg: 0.0298, aux.acc_seg: 81.7270, loss: 0.0749
2026-04-24 10:16:27,655 - mmseg - INFO - Iter [55600/160000]	lr: 1.020e-05, eta: 1 day, 8:01:23, time: 0.934, data_time: 0.378, memory: 14490, decode.loss_seg: 0.0468, decode.acc_seg: 84.1042, aux.loss_seg: 0.0303, aux.acc_seg: 82.9418, loss: 0.0771
2026-04-24 10:16:54,872 - mmseg - INFO - Iter [55650/160000]	lr: 1.019e-05, eta: 1 day, 7:59:15, time: 0.544, data_time: 0.005, memory: 14490, decode.loss_seg: 0.0459, decode.acc_seg: 84.3119, aux.loss_seg: 0.0294, aux.acc_seg: 83.1798, loss: 0.0752
2026-04-24 10:17:41,498 - mmseg - INFO - Iter [55700/160000]	lr: 1.019e-05, eta: 1 day, 7:57:57, time: 0.932, data_time: 0.381, memory: 14490, decode.loss_seg: 0.0468, decode.acc_seg: 83.9141, aux.loss_seg: 0.0298, aux.acc_seg: 82.7880, loss: 0.0765
2026-04-24 10:18:28,341 - mmseg - INFO - Iter [55750/160000]	lr: 1.018e-05, eta: 1 day, 7:56:40, time: 0.937, data_time: 0.382, memory: 14490, decode.loss_seg: 0.0464, decode.acc_seg: 84.3052, aux.loss_seg: 0.0298, aux.acc_seg: 83.1519, loss: 0.0763
2026-04-24 10:18:55,604 - mmseg - INFO - Iter [55800/160000]	lr: 1.018e-05, eta: 1 day, 7:54:32, time: 0.545, data_time: 0.005, memory: 14490, decode.loss_seg: 0.0446, decode.acc_seg: 83.2102, aux.loss_seg: 0.0291, aux.acc_seg: 82.0766, loss: 0.0736
2026-04-24 10:19:42,933 - mmseg - INFO - Iter [55850/160000]	lr: 1.017e-05, eta: 1 day, 7:53:16, time: 0.947, data_time: 0.385, memory: 14490, decode.loss_seg: 0.0459, decode.acc_seg: 84.7455, aux.loss_seg: 0.0303, aux.acc_seg: 83.5065, loss: 0.0762
2026-04-24 10:20:29,726 - mmseg - INFO - Iter [55900/160000]	lr: 1.017e-05, eta: 1 day, 7:51:59, time: 0.936, data_time: 0.379, memory: 14490, decode.loss_seg: 0.0457, decode.acc_seg: 84.0947, aux.loss_seg: 0.0297, aux.acc_seg: 82.9560, loss: 0.0754
2026-04-24 10:20:56,917 - mmseg - INFO - Iter [55950/160000]	lr: 1.016e-05, eta: 1 day, 7:49:52, time: 0.544, data_time: 0.005, memory: 14490, decode.loss_seg: 0.0447, decode.acc_seg: 83.7818, aux.loss_seg: 0.0289, aux.acc_seg: 82.6603, loss: 0.0736
2026-04-24 10:21:55,985 - mmseg - INFO - per class results:
2026-04-24 10:21:55,986 - mmseg - INFO - 
+------------+-------+-------+
| Class      | IoU   | Acc   |
+------------+-------+-------+
| housing    | 95.09 | 97.5  |
| industrial | 94.12 | 97.32 |
| natural    | 88.95 | 91.49 |
| land_use   | 80.05 | 84.95 |
| water      | 94.21 | 97.71 |
| other      | 98.12 | 99.42 |
+------------+-------+-------+
2026-04-24 10:21:55,986 - mmseg - INFO - Summary:
2026-04-24 10:21:55,986 - mmseg - INFO - 
+--------+-------+-------+-------+
| Scope  | mIoU  | mAcc  | aAcc  |
+--------+-------+-------+-------+
| global | 91.76 | 94.73 | 96.44 |
+--------+-------+-------+-------+
2026-04-24 10:21:56,009 - mmseg - INFO - Exp name: pixel_upernet_itpn_large_12_512_slide_160k_air_polarsar2_amp_linux.py
2026-04-24 10:21:56,009 - mmseg - INFO - Iter [56000/160000]	lr: 1.016e-05, eta: 1 day, 8:13:29, time: 12.424, data_time: 0.000, memory: 14490, mIoU: 0.9176, mAcc: 0.9473, aAcc: 0.9644
2026-04-24 10:22:43,764 - mmseg - INFO - Iter [56050/160000]	lr: 1.015e-05, eta: 1 day, 8:12:12, time: 0.955, data_time: 0.353, memory: 14490, decode.loss_seg: 0.0475, decode.acc_seg: 84.1087, aux.loss_seg: 0.0305, aux.acc_seg: 82.9715, loss: 0.0780
2026-04-24 10:23:10,959 - mmseg - INFO - Iter [56100/160000]	lr: 1.015e-05, eta: 1 day, 8:10:02, time: 0.544, data_time: 0.005, memory: 14490, decode.loss_seg: 0.0493, decode.acc_seg: 83.7844, aux.loss_seg: 0.0326, aux.acc_seg: 82.5344, loss: 0.0819
2026-04-24 10:23:57,388 - mmseg - INFO - Iter [56150/160000]	lr: 1.014e-05, eta: 1 day, 8:08:42, time: 0.929, data_time: 0.333, memory: 14490, decode.loss_seg: 0.0454, decode.acc_seg: 83.3065, aux.loss_seg: 0.0293, aux.acc_seg: 82.1712, loss: 0.0747
2026-04-24 10:24:43,830 - mmseg - INFO - Iter [56200/160000]	lr: 1.014e-05, eta: 1 day, 8:07:23, time: 0.929, data_time: 0.388, memory: 14490, decode.loss_seg: 0.0444, decode.acc_seg: 83.1787, aux.loss_seg: 0.0283, aux.acc_seg: 82.1172, loss: 0.0727
2026-04-24 10:25:11,083 - mmseg - INFO - Iter [56250/160000]	lr: 1.013e-05, eta: 1 day, 8:05:14, time: 0.545, data_time: 0.005, memory: 14490, decode.loss_seg: 0.0465, decode.acc_seg: 82.8629, aux.loss_seg: 0.0297, aux.acc_seg: 81.7187, loss: 0.0763
2026-04-24 10:25:58,790 - mmseg - INFO - Iter [56300/160000]	lr: 1.013e-05, eta: 1 day, 8:03:58, time: 0.954, data_time: 0.415, memory: 14490, decode.loss_seg: 0.0460, decode.acc_seg: 83.6245, aux.loss_seg: 0.0299, aux.acc_seg: 82.4694, loss: 0.0759
2026-04-24 10:26:44,874 - mmseg - INFO - Iter [56350/160000]	lr: 1.012e-05, eta: 1 day, 8:02:37, time: 0.922, data_time: 0.337, memory: 14490, decode.loss_seg: 0.0467, decode.acc_seg: 84.8631, aux.loss_seg: 0.0297, aux.acc_seg: 83.6941, loss: 0.0764
2026-04-24 10:27:12,044 - mmseg - INFO - Iter [56400/160000]	lr: 1.012e-05, eta: 1 day, 8:00:29, time: 0.543, data_time: 0.005, memory: 14490, decode.loss_seg: 0.0451, decode.acc_seg: 85.8801, aux.loss_seg: 0.0286, aux.acc_seg: 84.8086, loss: 0.0737
2026-04-24 10:27:58,355 - mmseg - INFO - Iter [56450/160000]	lr: 1.011e-05, eta: 1 day, 7:59:09, time: 0.926, data_time: 0.369, memory: 14490, decode.loss_seg: 0.0507, decode.acc_seg: 84.7260, aux.loss_seg: 0.0341, aux.acc_seg: 83.4517, loss: 0.0848
2026-04-24 10:28:25,529 - mmseg - INFO - Iter [56500/160000]	lr: 1.011e-05, eta: 1 day, 7:57:01, time: 0.543, data_time: 0.005, memory: 14490, decode.loss_seg: 0.0456, decode.acc_seg: 84.5908, aux.loss_seg: 0.0291, aux.acc_seg: 83.5081, loss: 0.0747
2026-04-24 10:29:13,003 - mmseg - INFO - Iter [56550/160000]	lr: 1.010e-05, eta: 1 day, 7:55:45, time: 0.950, data_time: 0.385, memory: 14490, decode.loss_seg: 0.0455, decode.acc_seg: 85.5546, aux.loss_seg: 0.0292, aux.acc_seg: 84.4384, loss: 0.0747
2026-04-24 10:30:00,491 - mmseg - INFO - Iter [56600/160000]	lr: 1.010e-05, eta: 1 day, 7:54:29, time: 0.950, data_time: 0.385, memory: 14490, decode.loss_seg: 0.0463, decode.acc_seg: 86.4391, aux.loss_seg: 0.0299, aux.acc_seg: 85.3304, loss: 0.0762
2026-04-24 10:30:27,710 - mmseg - INFO - Iter [56650/160000]	lr: 1.009e-05, eta: 1 day, 7:52:21, time: 0.544, data_time: 0.005, memory: 14490, decode.loss_seg: 0.0458, decode.acc_seg: 84.4087, aux.loss_seg: 0.0295, aux.acc_seg: 83.2901, loss: 0.0754
2026-04-24 10:31:15,129 - mmseg - INFO - Iter [56700/160000]	lr: 1.009e-05, eta: 1 day, 7:51:05, time: 0.948, data_time: 0.372, memory: 14490, decode.loss_seg: 0.0447, decode.acc_seg: 84.3226, aux.loss_seg: 0.0298, aux.acc_seg: 83.0994, loss: 0.0745
2026-04-24 10:32:03,065 - mmseg - INFO - Iter [56750/160000]	lr: 1.008e-05, eta: 1 day, 7:49:50, time: 0.959, data_time: 0.401, memory: 14490, decode.loss_seg: 0.0448, decode.acc_seg: 84.7135, aux.loss_seg: 0.0288, aux.acc_seg: 83.6149, loss: 0.0736
2026-04-24 10:32:30,323 - mmseg - INFO - Iter [56800/160000]	lr: 1.008e-05, eta: 1 day, 7:47:43, time: 0.545, data_time: 0.005, memory: 14490, decode.loss_seg: 0.0484, decode.acc_seg: 83.4255, aux.loss_seg: 0.0306, aux.acc_seg: 82.3033, loss: 0.0791
2026-04-24 10:33:17,149 - mmseg - INFO - Iter [56850/160000]	lr: 1.007e-05, eta: 1 day, 7:46:26, time: 0.936, data_time: 0.347, memory: 14490, decode.loss_seg: 0.0466, decode.acc_seg: 84.6276, aux.loss_seg: 0.0298, aux.acc_seg: 83.5060, loss: 0.0764
2026-04-24 10:34:04,323 - mmseg - INFO - Iter [56900/160000]	lr: 1.007e-05, eta: 1 day, 7:45:10, time: 0.943, data_time: 0.402, memory: 14490, decode.loss_seg: 0.0432, decode.acc_seg: 83.1982, aux.loss_seg: 0.0284, aux.acc_seg: 82.0771, loss: 0.0716
2026-04-24 10:34:31,620 - mmseg - INFO - Iter [56950/160000]	lr: 1.006e-05, eta: 1 day, 7:43:04, time: 0.546, data_time: 0.005, memory: 14490, decode.loss_seg: 0.0444, decode.acc_seg: 84.3888, aux.loss_seg: 0.0286, aux.acc_seg: 83.3076, loss: 0.0730
2026-04-24 10:35:18,610 - mmseg - INFO - Exp name: pixel_upernet_itpn_large_12_512_slide_160k_air_polarsar2_amp_linux.py
2026-04-24 10:35:18,610 - mmseg - INFO - Iter [57000/160000]	lr: 1.006e-05, eta: 1 day, 7:41:47, time: 0.940, data_time: 0.391, memory: 14490, decode.loss_seg: 0.0444, decode.acc_seg: 84.1527, aux.loss_seg: 0.0299, aux.acc_seg: 82.9433, loss: 0.0743
2026-04-24 10:36:05,393 - mmseg - INFO - Iter [57050/160000]	lr: 1.005e-05, eta: 1 day, 7:40:30, time: 0.936, data_time: 0.365, memory: 14490, decode.loss_seg: 0.0452, decode.acc_seg: 83.6088, aux.loss_seg: 0.0296, aux.acc_seg: 82.4566, loss: 0.0748
2026-04-24 10:36:32,762 - mmseg - INFO - Iter [57100/160000]	lr: 1.005e-05, eta: 1 day, 7:38:25, time: 0.547, data_time: 0.005, memory: 14490, decode.loss_seg: 0.0469, decode.acc_seg: 86.1074, aux.loss_seg: 0.0316, aux.acc_seg: 84.7941, loss: 0.0785
2026-04-24 10:37:19,633 - mmseg - INFO - Iter [57150/160000]	lr: 1.004e-05, eta: 1 day, 7:37:08, time: 0.937, data_time: 0.356, memory: 14490, decode.loss_seg: 0.0483, decode.acc_seg: 84.0105, aux.loss_seg: 0.0308, aux.acc_seg: 82.8887, loss: 0.0791
2026-04-24 10:38:06,249 - mmseg - INFO - Iter [57200/160000]	lr: 1.004e-05, eta: 1 day, 7:35:51, time: 0.932, data_time: 0.394, memory: 14490, decode.loss_seg: 0.0443, decode.acc_seg: 83.6225, aux.loss_seg: 0.0286, aux.acc_seg: 82.5294, loss: 0.0729
2026-04-24 10:38:33,432 - mmseg - INFO - Iter [57250/160000]	lr: 1.003e-05, eta: 1 day, 7:33:46, time: 0.544, data_time: 0.005, memory: 14490, decode.loss_seg: 0.0445, decode.acc_seg: 84.5554, aux.loss_seg: 0.0285, aux.acc_seg: 83.4867, loss: 0.0729
2026-04-24 10:39:20,809 - mmseg - INFO - Iter [57300/160000]	lr: 1.003e-05, eta: 1 day, 7:32:31, time: 0.948, data_time: 0.376, memory: 14490, decode.loss_seg: 0.0465, decode.acc_seg: 84.2240, aux.loss_seg: 0.0310, aux.acc_seg: 82.9777, loss: 0.0775
2026-04-24 10:40:07,291 - mmseg - INFO - Iter [57350/160000]	lr: 1.002e-05, eta: 1 day, 7:31:13, time: 0.930, data_time: 0.379, memory: 14490, decode.loss_seg: 0.0459, decode.acc_seg: 84.4050, aux.loss_seg: 0.0298, aux.acc_seg: 83.2943, loss: 0.0757
2026-04-24 10:40:34,445 - mmseg - INFO - Iter [57400/160000]	lr: 1.002e-05, eta: 1 day, 7:29:08, time: 0.543, data_time: 0.005, memory: 14490, decode.loss_seg: 0.0486, decode.acc_seg: 85.9102, aux.loss_seg: 0.0327, aux.acc_seg: 84.6502, loss: 0.0814
2026-04-24 10:41:21,689 - mmseg - INFO - Iter [57450/160000]	lr: 1.001e-05, eta: 1 day, 7:27:53, time: 0.945, data_time: 0.406, memory: 14490, decode.loss_seg: 0.0441, decode.acc_seg: 83.4793, aux.loss_seg: 0.0286, aux.acc_seg: 82.3724, loss: 0.0727
2026-04-24 10:41:48,835 - mmseg - INFO - Iter [57500/160000]	lr: 1.001e-05, eta: 1 day, 7:25:49, time: 0.543, data_time: 0.004, memory: 14490, decode.loss_seg: 0.0435, decode.acc_seg: 82.4276, aux.loss_seg: 0.0285, aux.acc_seg: 81.2952, loss: 0.0721
2026-04-24 10:42:35,219 - mmseg - INFO - Iter [57550/160000]	lr: 1.001e-05, eta: 1 day, 7:24:32, time: 0.927, data_time: 0.325, memory: 14490, decode.loss_seg: 0.0445, decode.acc_seg: 84.6166, aux.loss_seg: 0.0288, aux.acc_seg: 83.5109, loss: 0.0734
2026-04-24 10:43:21,445 - mmseg - INFO - Iter [57600/160000]	lr: 1.000e-05, eta: 1 day, 7:23:15, time: 0.925, data_time: 0.350, memory: 14490, decode.loss_seg: 0.0450, decode.acc_seg: 84.5150, aux.loss_seg: 0.0290, aux.acc_seg: 83.3955, loss: 0.0740
2026-04-24 10:43:48,632 - mmseg - INFO - Iter [57650/160000]	lr: 9.995e-06, eta: 1 day, 7:21:11, time: 0.544, data_time: 0.004, memory: 14490, decode.loss_seg: 0.0452, decode.acc_seg: 84.6412, aux.loss_seg: 0.0293, aux.acc_seg: 83.5290, loss: 0.0745
2026-04-24 10:44:35,965 - mmseg - INFO - Iter [57700/160000]	lr: 9.990e-06, eta: 1 day, 7:19:56, time: 0.947, data_time: 0.363, memory: 14490, decode.loss_seg: 0.0448, decode.acc_seg: 83.9982, aux.loss_seg: 0.0289, aux.acc_seg: 82.8914, loss: 0.0737
2026-04-24 10:45:23,218 - mmseg - INFO - Iter [57750/160000]	lr: 9.986e-06, eta: 1 day, 7:18:42, time: 0.945, data_time: 0.393, memory: 14490, decode.loss_seg: 0.0427, decode.acc_seg: 82.9193, aux.loss_seg: 0.0292, aux.acc_seg: 81.6973, loss: 0.0719
2026-04-24 10:45:50,408 - mmseg - INFO - Iter [57800/160000]	lr: 9.981e-06, eta: 1 day, 7:16:39, time: 0.544, data_time: 0.005, memory: 14490, decode.loss_seg: 0.0438, decode.acc_seg: 83.4758, aux.loss_seg: 0.0282, aux.acc_seg: 82.3621, loss: 0.0721
2026-04-24 10:46:37,144 - mmseg - INFO - Iter [57850/160000]	lr: 9.976e-06, eta: 1 day, 7:15:23, time: 0.935, data_time: 0.337, memory: 14490, decode.loss_seg: 0.0441, decode.acc_seg: 85.8087, aux.loss_seg: 0.0286, aux.acc_seg: 84.7131, loss: 0.0727
2026-04-24 10:47:24,117 - mmseg - INFO - Iter [57900/160000]	lr: 9.971e-06, eta: 1 day, 7:14:08, time: 0.939, data_time: 0.352, memory: 14490, decode.loss_seg: 0.0447, decode.acc_seg: 84.4119, aux.loss_seg: 0.0289, aux.acc_seg: 83.3229, loss: 0.0735
2026-04-24 10:47:51,307 - mmseg - INFO - Iter [57950/160000]	lr: 9.966e-06, eta: 1 day, 7:12:05, time: 0.544, data_time: 0.005, memory: 14490, decode.loss_seg: 0.0432, decode.acc_seg: 83.1605, aux.loss_seg: 0.0295, aux.acc_seg: 81.9184, loss: 0.0728
2026-04-24 10:48:50,877 - mmseg - INFO - per class results:
2026-04-24 10:48:50,878 - mmseg - INFO - 
+------------+-------+-------+
| Class      | IoU   | Acc   |
+------------+-------+-------+
| housing    | 95.3  | 97.72 |
| industrial | 94.71 | 97.45 |
| natural    | 89.84 | 92.83 |
| land_use   | 81.29 | 86.71 |
| water      | 94.6  | 97.78 |
| other      | 98.37 | 99.39 |
+------------+-------+-------+
2026-04-24 10:48:50,878 - mmseg - INFO - Summary:
2026-04-24 10:48:50,878 - mmseg - INFO - 
+--------+-------+-------+-------+
| Scope  | mIoU  | mAcc  | aAcc  |
+--------+-------+-------+-------+
| global | 92.35 | 95.31 | 96.71 |
+--------+-------+-------+-------+
2026-04-24 10:48:50,914 - mmseg - INFO - Exp name: pixel_upernet_itpn_large_12_512_slide_160k_air_polarsar2_amp_linux.py
2026-04-24 10:48:50,914 - mmseg - INFO - Iter [58000/160000]	lr: 9.961e-06, eta: 1 day, 7:36:43, time: 13.720, data_time: 0.000, memory: 14490, mIoU: 0.9235, mAcc: 0.9531, aAcc: 0.9671
2026-04-24 10:49:37,739 - mmseg - INFO - Iter [58050/160000]	lr: 9.956e-06, eta: 1 day, 7:35:25, time: 0.936, data_time: 0.366, memory: 14490, decode.loss_seg: 0.0447, decode.acc_seg: 84.4982, aux.loss_seg: 0.0309, aux.acc_seg: 83.2026, loss: 0.0756
2026-04-24 10:50:04,981 - mmseg - INFO - Iter [58100/160000]	lr: 9.951e-06, eta: 1 day, 7:33:20, time: 0.545, data_time: 0.005, memory: 14490, decode.loss_seg: 0.0450, decode.acc_seg: 84.7220, aux.loss_seg: 0.0294, aux.acc_seg: 83.5675, loss: 0.0745
2026-04-24 10:50:51,917 - mmseg - INFO - Iter [58150/160000]	lr: 9.946e-06, eta: 1 day, 7:32:03, time: 0.939, data_time: 0.399, memory: 14490, decode.loss_seg: 0.0442, decode.acc_seg: 82.9378, aux.loss_seg: 0.0294, aux.acc_seg: 81.7856, loss: 0.0736
2026-04-24 10:51:38,658 - mmseg - INFO - Iter [58200/160000]	lr: 9.942e-06, eta: 1 day, 7:30:46, time: 0.935, data_time: 0.382, memory: 14490, decode.loss_seg: 0.0430, decode.acc_seg: 83.4539, aux.loss_seg: 0.0276, aux.acc_seg: 82.3982, loss: 0.0706
2026-04-24 10:52:05,803 - mmseg - INFO - Iter [58250/160000]	lr: 9.937e-06, eta: 1 day, 7:28:41, time: 0.543, data_time: 0.005, memory: 14490, decode.loss_seg: 0.0458, decode.acc_seg: 84.5276, aux.loss_seg: 0.0294, aux.acc_seg: 83.4171, loss: 0.0753
2026-04-24 10:52:53,005 - mmseg - INFO - Iter [58300/160000]	lr: 9.932e-06, eta: 1 day, 7:27:25, time: 0.944, data_time: 0.382, memory: 14490, decode.loss_seg: 0.0449, decode.acc_seg: 85.1010, aux.loss_seg: 0.0290, aux.acc_seg: 84.0028, loss: 0.0738
2026-04-24 10:53:20,199 - mmseg - INFO - Iter [58350/160000]	lr: 9.927e-06, eta: 1 day, 7:25:21, time: 0.544, data_time: 0.005, memory: 14490, decode.loss_seg: 0.0453, decode.acc_seg: 82.9396, aux.loss_seg: 0.0305, aux.acc_seg: 81.6262, loss: 0.0758
2026-04-24 10:54:06,583 - mmseg - INFO - Iter [58400/160000]	lr: 9.922e-06, eta: 1 day, 7:24:03, time: 0.928, data_time: 0.373, memory: 14490, decode.loss_seg: 0.0463, decode.acc_seg: 83.8678, aux.loss_seg: 0.0296, aux.acc_seg: 82.7420, loss: 0.0760
2026-04-24 10:54:53,071 - mmseg - INFO - Iter [58450/160000]	lr: 9.917e-06, eta: 1 day, 7:22:46, time: 0.930, data_time: 0.370, memory: 14490, decode.loss_seg: 0.0480, decode.acc_seg: 84.9600, aux.loss_seg: 0.0306, aux.acc_seg: 83.7981, loss: 0.0787
2026-04-24 10:55:20,297 - mmseg - INFO - Iter [58500/160000]	lr: 9.912e-06, eta: 1 day, 7:20:42, time: 0.544, data_time: 0.005, memory: 14490, decode.loss_seg: 0.0446, decode.acc_seg: 83.9568, aux.loss_seg: 0.0283, aux.acc_seg: 82.9024, loss: 0.0729
2026-04-24 10:56:07,148 - mmseg - INFO - Iter [58550/160000]	lr: 9.907e-06, eta: 1 day, 7:19:26, time: 0.937, data_time: 0.390, memory: 14490, decode.loss_seg: 0.0458, decode.acc_seg: 83.7113, aux.loss_seg: 0.0297, aux.acc_seg: 82.5722, loss: 0.0756
2026-04-24 10:56:53,999 - mmseg - INFO - Iter [58600/160000]	lr: 9.903e-06, eta: 1 day, 7:18:10, time: 0.937, data_time: 0.370, memory: 14490, decode.loss_seg: 0.0459, decode.acc_seg: 83.0170, aux.loss_seg: 0.0293, aux.acc_seg: 81.9123, loss: 0.0752
2026-04-24 10:57:21,221 - mmseg - INFO - Iter [58650/160000]	lr: 9.898e-06, eta: 1 day, 7:16:07, time: 0.544, data_time: 0.005, memory: 14490, decode.loss_seg: 0.0453, decode.acc_seg: 85.1862, aux.loss_seg: 0.0291, aux.acc_seg: 84.0972, loss: 0.0745
2026-04-24 10:58:09,079 - mmseg - INFO - Iter [58700/160000]	lr: 9.893e-06, eta: 1 day, 7:14:53, time: 0.957, data_time: 0.369, memory: 14490, decode.loss_seg: 0.0443, decode.acc_seg: 84.2956, aux.loss_seg: 0.0285, aux.acc_seg: 83.2017, loss: 0.0728
2026-04-24 10:58:55,679 - mmseg - INFO - Iter [58750/160000]	lr: 9.888e-06, eta: 1 day, 7:13:36, time: 0.932, data_time: 0.392, memory: 14490, decode.loss_seg: 0.0439, decode.acc_seg: 84.0732, aux.loss_seg: 0.0283, aux.acc_seg: 82.9984, loss: 0.0721
2026-04-24 10:59:22,931 - mmseg - INFO - Iter [58800/160000]	lr: 9.883e-06, eta: 1 day, 7:11:34, time: 0.545, data_time: 0.005, memory: 14490, decode.loss_seg: 0.0437, decode.acc_seg: 84.0981, aux.loss_seg: 0.0282, aux.acc_seg: 83.0326, loss: 0.0719
2026-04-24 11:00:09,185 - mmseg - INFO - Iter [58850/160000]	lr: 9.878e-06, eta: 1 day, 7:10:17, time: 0.925, data_time: 0.372, memory: 14490, decode.loss_seg: 0.0445, decode.acc_seg: 85.0213, aux.loss_seg: 0.0283, aux.acc_seg: 83.9476, loss: 0.0727
2026-04-24 11:00:56,547 - mmseg - INFO - Iter [58900/160000]	lr: 9.873e-06, eta: 1 day, 7:09:02, time: 0.947, data_time: 0.394, memory: 14490, decode.loss_seg: 0.0442, decode.acc_seg: 83.4530, aux.loss_seg: 0.0286, aux.acc_seg: 82.3513, loss: 0.0728
2026-04-24 11:01:23,871 - mmseg - INFO - Iter [58950/160000]	lr: 9.868e-06, eta: 1 day, 7:07:00, time: 0.547, data_time: 0.005, memory: 14490, decode.loss_seg: 0.0444, decode.acc_seg: 83.7311, aux.loss_seg: 0.0287, aux.acc_seg: 82.6612, loss: 0.0731
2026-04-24 11:02:09,566 - mmseg - INFO - Exp name: pixel_upernet_itpn_large_12_512_slide_160k_air_polarsar2_amp_linux.py
2026-04-24 11:02:09,566 - mmseg - INFO - Iter [59000/160000]	lr: 9.863e-06, eta: 1 day, 7:05:42, time: 0.914, data_time: 0.348, memory: 14490, decode.loss_seg: 0.0456, decode.acc_seg: 84.5169, aux.loss_seg: 0.0296, aux.acc_seg: 83.3986, loss: 0.0752
2026-04-24 11:02:56,763 - mmseg - INFO - Iter [59050/160000]	lr: 9.859e-06, eta: 1 day, 7:04:27, time: 0.944, data_time: 0.403, memory: 14490, decode.loss_seg: 0.0460, decode.acc_seg: 86.3182, aux.loss_seg: 0.0311, aux.acc_seg: 85.0535, loss: 0.0771
2026-04-24 11:03:24,033 - mmseg - INFO - Iter [59100/160000]	lr: 9.854e-06, eta: 1 day, 7:02:26, time: 0.545, data_time: 0.005, memory: 14490, decode.loss_seg: 0.0452, decode.acc_seg: 85.9657, aux.loss_seg: 0.0291, aux.acc_seg: 84.8679, loss: 0.0743
2026-04-24 11:04:11,742 - mmseg - INFO - Iter [59150/160000]	lr: 9.849e-06, eta: 1 day, 7:01:13, time: 0.954, data_time: 0.369, memory: 14490, decode.loss_seg: 0.0443, decode.acc_seg: 83.8404, aux.loss_seg: 0.0287, aux.acc_seg: 82.7344, loss: 0.0730
2026-04-24 11:04:57,712 - mmseg - INFO - Iter [59200/160000]	lr: 9.844e-06, eta: 1 day, 6:59:56, time: 0.919, data_time: 0.381, memory: 14490, decode.loss_seg: 0.0422, decode.acc_seg: 83.9949, aux.loss_seg: 0.0274, aux.acc_seg: 82.9130, loss: 0.0696
2026-04-24 11:05:24,930 - mmseg - INFO - Iter [59250/160000]	lr: 9.839e-06, eta: 1 day, 6:57:55, time: 0.544, data_time: 0.005, memory: 14490, decode.loss_seg: 0.0449, decode.acc_seg: 83.2573, aux.loss_seg: 0.0290, aux.acc_seg: 82.1434, loss: 0.0740
2026-04-24 11:06:11,313 - mmseg - INFO - Iter [59300/160000]	lr: 9.834e-06, eta: 1 day, 6:56:39, time: 0.928, data_time: 0.331, memory: 14490, decode.loss_seg: 0.0433, decode.acc_seg: 84.5863, aux.loss_seg: 0.0276, aux.acc_seg: 83.5313, loss: 0.0709
2026-04-24 11:06:38,562 - mmseg - INFO - Iter [59350/160000]	lr: 9.829e-06, eta: 1 day, 6:54:38, time: 0.545, data_time: 0.005, memory: 14490, decode.loss_seg: 0.0434, decode.acc_seg: 82.4613, aux.loss_seg: 0.0311, aux.acc_seg: 81.1360, loss: 0.0745
2026-04-24 11:07:25,785 - mmseg - INFO - Iter [59400/160000]	lr: 9.824e-06, eta: 1 day, 6:53:24, time: 0.945, data_time: 0.374, memory: 14490, decode.loss_seg: 0.0427, decode.acc_seg: 82.8863, aux.loss_seg: 0.0292, aux.acc_seg: 81.6601, loss: 0.0719
2026-04-24 11:08:12,130 - mmseg - INFO - Iter [59450/160000]	lr: 9.820e-06, eta: 1 day, 6:52:08, time: 0.927, data_time: 0.376, memory: 14490, decode.loss_seg: 0.0438, decode.acc_seg: 83.4933, aux.loss_seg: 0.0288, aux.acc_seg: 82.3363, loss: 0.0726
2026-04-24 11:08:39,291 - mmseg - INFO - Iter [59500/160000]	lr: 9.815e-06, eta: 1 day, 6:50:08, time: 0.543, data_time: 0.005, memory: 14490, decode.loss_seg: 0.0535, decode.acc_seg: 85.2061, aux.loss_seg: 0.0323, aux.acc_seg: 84.1438, loss: 0.0858
2026-04-24 11:09:26,346 - mmseg - INFO - Iter [59550/160000]	lr: 9.810e-06, eta: 1 day, 6:48:54, time: 0.941, data_time: 0.377, memory: 14490, decode.loss_seg: 0.0501, decode.acc_seg: 83.7389, aux.loss_seg: 0.0311, aux.acc_seg: 82.6503, loss: 0.0811
2026-04-24 11:10:11,699 - mmseg - INFO - Iter [59600/160000]	lr: 9.805e-06, eta: 1 day, 6:47:36, time: 0.907, data_time: 0.311, memory: 14490, decode.loss_seg: 0.0448, decode.acc_seg: 83.2561, aux.loss_seg: 0.0294, aux.acc_seg: 82.1100, loss: 0.0742
2026-04-24 11:10:38,994 - mmseg - INFO - Iter [59650/160000]	lr: 9.800e-06, eta: 1 day, 6:45:37, time: 0.546, data_time: 0.005, memory: 14490, decode.loss_seg: 0.0447, decode.acc_seg: 82.7170, aux.loss_seg: 0.0301, aux.acc_seg: 81.4687, loss: 0.0748
2026-04-24 11:11:25,801 - mmseg - INFO - Iter [59700/160000]	lr: 9.795e-06, eta: 1 day, 6:44:22, time: 0.936, data_time: 0.383, memory: 14490, decode.loss_seg: 0.0438, decode.acc_seg: 85.8832, aux.loss_seg: 0.0285, aux.acc_seg: 84.7930, loss: 0.0723
2026-04-24 11:12:12,289 - mmseg - INFO - Iter [59750/160000]	lr: 9.790e-06, eta: 1 day, 6:43:07, time: 0.930, data_time: 0.366, memory: 14490, decode.loss_seg: 0.0440, decode.acc_seg: 84.3653, aux.loss_seg: 0.0289, aux.acc_seg: 83.2341, loss: 0.0728
2026-04-24 11:12:39,599 - mmseg - INFO - Iter [59800/160000]	lr: 9.785e-06, eta: 1 day, 6:41:08, time: 0.546, data_time: 0.005, memory: 14490, decode.loss_seg: 0.0427, decode.acc_seg: 84.4905, aux.loss_seg: 0.0278, aux.acc_seg: 83.4087, loss: 0.0705
2026-04-24 11:13:25,258 - mmseg - INFO - Iter [59850/160000]	lr: 9.780e-06, eta: 1 day, 6:39:52, time: 0.913, data_time: 0.341, memory: 14490, decode.loss_seg: 0.0438, decode.acc_seg: 84.8723, aux.loss_seg: 0.0299, aux.acc_seg: 83.6120, loss: 0.0736
2026-04-24 11:14:12,314 - mmseg - INFO - Iter [59900/160000]	lr: 9.776e-06, eta: 1 day, 6:38:38, time: 0.941, data_time: 0.339, memory: 14490, decode.loss_seg: 0.0437, decode.acc_seg: 83.8233, aux.loss_seg: 0.0283, aux.acc_seg: 82.7404, loss: 0.0720
2026-04-24 11:14:39,559 - mmseg - INFO - Iter [59950/160000]	lr: 9.771e-06, eta: 1 day, 6:36:40, time: 0.545, data_time: 0.005, memory: 14490, decode.loss_seg: 0.0424, decode.acc_seg: 83.8876, aux.loss_seg: 0.0277, aux.acc_seg: 82.7899, loss: 0.0701
2026-04-24 11:15:39,149 - mmseg - INFO - per class results:
2026-04-24 11:15:39,150 - mmseg - INFO - 
+------------+-------+-------+
| Class      | IoU   | Acc   |
+------------+-------+-------+
| housing    | 95.35 | 97.59 |
| industrial | 94.74 | 97.57 |
| natural    | 89.68 | 92.09 |
| land_use   | 81.57 | 86.95 |
| water      | 94.65 | 97.79 |
| other      | 98.36 | 99.35 |
+------------+-------+-------+
2026-04-24 11:15:39,150 - mmseg - INFO - Summary:
2026-04-24 11:15:39,150 - mmseg - INFO - 
+--------+-------+-------+-------+
| Scope  | mIoU  | mAcc  | aAcc  |
+--------+-------+-------+-------+
| global | 92.39 | 95.22 | 96.74 |
+--------+-------+-------+-------+
2026-04-24 11:15:39,188 - mmseg - INFO - Exp name: pixel_upernet_itpn_large_12_512_slide_160k_air_polarsar2_amp_linux.py
2026-04-24 11:15:39,189 - mmseg - INFO - Iter [60000/160000]	lr: 9.766e-06, eta: 1 day, 6:59:36, time: 13.701, data_time: 0.000, memory: 14490, mIoU: 0.9239, mAcc: 0.9522, aAcc: 0.9674
2026-04-24 11:16:25,571 - mmseg - INFO - Iter [60050/160000]	lr: 9.761e-06, eta: 1 day, 6:58:19, time: 0.928, data_time: 0.368, memory: 14490, decode.loss_seg: 0.0429, decode.acc_seg: 83.3312, aux.loss_seg: 0.0277, aux.acc_seg: 82.2515, loss: 0.0706
2026-04-24 11:16:52,814 - mmseg - INFO - Iter [60100/160000]	lr: 9.756e-06, eta: 1 day, 6:56:19, time: 0.545, data_time: 0.005, memory: 14490, decode.loss_seg: 0.0428, decode.acc_seg: 84.4938, aux.loss_seg: 0.0293, aux.acc_seg: 83.2970, loss: 0.0721
2026-04-24 11:17:39,477 - mmseg - INFO - Iter [60150/160000]	lr: 9.751e-06, eta: 1 day, 6:55:02, time: 0.933, data_time: 0.391, memory: 14490, decode.loss_seg: 0.0440, decode.acc_seg: 84.9694, aux.loss_seg: 0.0290, aux.acc_seg: 83.8370, loss: 0.0730
2026-04-24 11:18:25,684 - mmseg - INFO - Iter [60200/160000]	lr: 9.746e-06, eta: 1 day, 6:53:45, time: 0.924, data_time: 0.367, memory: 14490, decode.loss_seg: 0.0429, decode.acc_seg: 83.9454, aux.loss_seg: 0.0283, aux.acc_seg: 82.8296, loss: 0.0712
2026-04-24 11:18:52,847 - mmseg - INFO - Iter [60250/160000]	lr: 9.741e-06, eta: 1 day, 6:51:45, time: 0.543, data_time: 0.005, memory: 14490, decode.loss_seg: 0.0460, decode.acc_seg: 85.1337, aux.loss_seg: 0.0296, aux.acc_seg: 84.0073, loss: 0.0756
2026-04-24 11:19:39,825 - mmseg - INFO - Iter [60300/160000]	lr: 9.737e-06, eta: 1 day, 6:50:30, time: 0.940, data_time: 0.366, memory: 14490, decode.loss_seg: 0.0468, decode.acc_seg: 86.2037, aux.loss_seg: 0.0300, aux.acc_seg: 85.0305, loss: 0.0768
2026-04-24 11:20:07,003 - mmseg - INFO - Iter [60350/160000]	lr: 9.732e-06, eta: 1 day, 6:48:30, time: 0.544, data_time: 0.005, memory: 14490, decode.loss_seg: 0.0477, decode.acc_seg: 83.7596, aux.loss_seg: 0.0298, aux.acc_seg: 82.6508, loss: 0.0775
2026-04-24 11:20:53,759 - mmseg - INFO - Iter [60400/160000]	lr: 9.727e-06, eta: 1 day, 6:47:14, time: 0.935, data_time: 0.381, memory: 14490, decode.loss_seg: 0.0456, decode.acc_seg: 84.3554, aux.loss_seg: 0.0294, aux.acc_seg: 83.2488, loss: 0.0750
2026-04-24 11:21:40,243 - mmseg - INFO - Iter [60450/160000]	lr: 9.722e-06, eta: 1 day, 6:45:58, time: 0.930, data_time: 0.360, memory: 14490, decode.loss_seg: 0.0448, decode.acc_seg: 85.8152, aux.loss_seg: 0.0303, aux.acc_seg: 84.5763, loss: 0.0751
2026-04-24 11:22:07,465 - mmseg - INFO - Iter [60500/160000]	lr: 9.717e-06, eta: 1 day, 6:43:59, time: 0.544, data_time: 0.005, memory: 14490, decode.loss_seg: 0.0447, decode.acc_seg: 86.0459, aux.loss_seg: 0.0291, aux.acc_seg: 84.9151, loss: 0.0738
2026-04-24 11:22:55,036 - mmseg - INFO - Iter [60550/160000]	lr: 9.712e-06, eta: 1 day, 6:42:46, time: 0.951, data_time: 0.407, memory: 14490, decode.loss_seg: 0.0460, decode.acc_seg: 83.4718, aux.loss_seg: 0.0296, aux.acc_seg: 82.3551, loss: 0.0756
2026-04-24 11:23:41,604 - mmseg - INFO - Iter [60600/160000]	lr: 9.707e-06, eta: 1 day, 6:41:30, time: 0.931, data_time: 0.391, memory: 14490, decode.loss_seg: 0.0789, decode.acc_seg: 84.6216, aux.loss_seg: 0.0420, aux.acc_seg: 83.6840, loss: 0.1209
2026-04-24 11:24:08,865 - mmseg - INFO - Iter [60650/160000]	lr: 9.702e-06, eta: 1 day, 6:39:31, time: 0.545, data_time: 0.005, memory: 14490, decode.loss_seg: 0.0503, decode.acc_seg: 83.6427, aux.loss_seg: 0.0315, aux.acc_seg: 82.5486, loss: 0.0818
2026-04-24 11:24:55,586 - mmseg - INFO - Iter [60700/160000]	lr: 9.697e-06, eta: 1 day, 6:38:16, time: 0.934, data_time: 0.322, memory: 14490, decode.loss_seg: 0.0475, decode.acc_seg: 84.9743, aux.loss_seg: 0.0301, aux.acc_seg: 83.8698, loss: 0.0775
2026-04-24 11:25:42,447 - mmseg - INFO - Iter [60750/160000]	lr: 9.693e-06, eta: 1 day, 6:37:01, time: 0.937, data_time: 0.380, memory: 14490, decode.loss_seg: 0.0472, decode.acc_seg: 85.0996, aux.loss_seg: 0.0301, aux.acc_seg: 83.9948, loss: 0.0773
2026-04-24 11:26:09,693 - mmseg - INFO - Iter [60800/160000]	lr: 9.688e-06, eta: 1 day, 6:35:03, time: 0.545, data_time: 0.004, memory: 14490, decode.loss_seg: 0.0495, decode.acc_seg: 85.5827, aux.loss_seg: 0.0317, aux.acc_seg: 84.4219, loss: 0.0812
2026-04-24 11:26:56,688 - mmseg - INFO - Iter [60850/160000]	lr: 9.683e-06, eta: 1 day, 6:33:49, time: 0.940, data_time: 0.386, memory: 14490, decode.loss_seg: 0.0459, decode.acc_seg: 84.8661, aux.loss_seg: 0.0301, aux.acc_seg: 83.6236, loss: 0.0760
2026-04-24 11:27:43,590 - mmseg - INFO - Iter [60900/160000]	lr: 9.678e-06, eta: 1 day, 6:32:35, time: 0.938, data_time: 0.388, memory: 14490, decode.loss_seg: 0.0445, decode.acc_seg: 84.2664, aux.loss_seg: 0.0288, aux.acc_seg: 83.1373, loss: 0.0734
2026-04-24 11:28:10,882 - mmseg - INFO - Iter [60950/160000]	lr: 9.673e-06, eta: 1 day, 6:30:37, time: 0.546, data_time: 0.004, memory: 14490, decode.loss_seg: 0.0485, decode.acc_seg: 84.0160, aux.loss_seg: 0.0297, aux.acc_seg: 82.9351, loss: 0.0782
2026-04-24 11:28:58,380 - mmseg - INFO - Exp name: pixel_upernet_itpn_large_12_512_slide_160k_air_polarsar2_amp_linux.py
2026-04-24 11:28:58,380 - mmseg - INFO - Iter [61000/160000]	lr: 9.668e-06, eta: 1 day, 6:29:24, time: 0.950, data_time: 0.370, memory: 14490, decode.loss_seg: 0.0469, decode.acc_seg: 85.2721, aux.loss_seg: 0.0298, aux.acc_seg: 84.1563, loss: 0.0767
2026-04-24 11:29:45,358 - mmseg - INFO - Iter [61050/160000]	lr: 9.663e-06, eta: 1 day, 6:28:10, time: 0.940, data_time: 0.400, memory: 14490, decode.loss_seg: 0.0456, decode.acc_seg: 83.9440, aux.loss_seg: 0.0291, aux.acc_seg: 82.8397, loss: 0.0747
2026-04-24 11:30:12,671 - mmseg - INFO - Iter [61100/160000]	lr: 9.658e-06, eta: 1 day, 6:26:13, time: 0.546, data_time: 0.003, memory: 14490, decode.loss_seg: 0.0427, decode.acc_seg: 82.4611, aux.loss_seg: 0.0281, aux.acc_seg: 81.3208, loss: 0.0708
2026-04-24 11:30:59,331 - mmseg - INFO - Iter [61150/160000]	lr: 9.653e-06, eta: 1 day, 6:24:58, time: 0.933, data_time: 0.391, memory: 14490, decode.loss_seg: 0.0451, decode.acc_seg: 83.7930, aux.loss_seg: 0.0297, aux.acc_seg: 82.5868, loss: 0.0748
2026-04-24 11:31:46,834 - mmseg - INFO - Iter [61200/160000]	lr: 9.649e-06, eta: 1 day, 6:23:46, time: 0.950, data_time: 0.369, memory: 14490, decode.loss_seg: 0.0421, decode.acc_seg: 84.6941, aux.loss_seg: 0.0285, aux.acc_seg: 83.4952, loss: 0.0706
2026-04-24 11:32:14,108 - mmseg - INFO - Iter [61250/160000]	lr: 9.644e-06, eta: 1 day, 6:21:49, time: 0.546, data_time: 0.005, memory: 14490, decode.loss_seg: 0.0425, decode.acc_seg: 85.0721, aux.loss_seg: 0.0277, aux.acc_seg: 83.9629, loss: 0.0703
2026-04-24 11:33:01,339 - mmseg - INFO - Iter [61300/160000]	lr: 9.639e-06, eta: 1 day, 6:20:36, time: 0.945, data_time: 0.386, memory: 14490, decode.loss_seg: 0.0429, decode.acc_seg: 84.9573, aux.loss_seg: 0.0281, aux.acc_seg: 83.8803, loss: 0.0710
2026-04-24 11:33:28,626 - mmseg - INFO - Iter [61350/160000]	lr: 9.634e-06, eta: 1 day, 6:18:40, time: 0.546, data_time: 0.005, memory: 14490, decode.loss_seg: 0.0436, decode.acc_seg: 85.0606, aux.loss_seg: 0.0283, aux.acc_seg: 83.9535, loss: 0.0720
2026-04-24 11:34:15,912 - mmseg - INFO - Iter [61400/160000]	lr: 9.629e-06, eta: 1 day, 6:17:27, time: 0.946, data_time: 0.402, memory: 14490, decode.loss_seg: 0.0427, decode.acc_seg: 84.0839, aux.loss_seg: 0.0278, aux.acc_seg: 82.9621, loss: 0.0705
2026-04-24 11:35:02,683 - mmseg - INFO - Iter [61450/160000]	lr: 9.624e-06, eta: 1 day, 6:16:13, time: 0.935, data_time: 0.389, memory: 14490, decode.loss_seg: 0.0424, decode.acc_seg: 82.9402, aux.loss_seg: 0.0278, aux.acc_seg: 81.8280, loss: 0.0701
2026-04-24 11:35:29,999 - mmseg - INFO - Iter [61500/160000]	lr: 9.619e-06, eta: 1 day, 6:14:17, time: 0.546, data_time: 0.004, memory: 14490, decode.loss_seg: 0.0426, decode.acc_seg: 82.8785, aux.loss_seg: 0.0277, aux.acc_seg: 81.8111, loss: 0.0702
2026-04-24 11:36:17,499 - mmseg - INFO - Iter [61550/160000]	lr: 9.614e-06, eta: 1 day, 6:13:05, time: 0.950, data_time: 0.386, memory: 14490, decode.loss_seg: 0.0429, decode.acc_seg: 83.2337, aux.loss_seg: 0.0300, aux.acc_seg: 81.9741, loss: 0.0729
2026-04-24 11:37:03,213 - mmseg - INFO - Iter [61600/160000]	lr: 9.610e-06, eta: 1 day, 6:11:50, time: 0.914, data_time: 0.334, memory: 14490, decode.loss_seg: 0.0413, decode.acc_seg: 84.5561, aux.loss_seg: 0.0273, aux.acc_seg: 83.4625, loss: 0.0686
2026-04-24 11:37:30,499 - mmseg - INFO - Iter [61650/160000]	lr: 9.605e-06, eta: 1 day, 6:09:54, time: 0.546, data_time: 0.005, memory: 14490, decode.loss_seg: 0.0421, decode.acc_seg: 84.0007, aux.loss_seg: 0.0279, aux.acc_seg: 82.8751, loss: 0.0700
2026-04-24 11:38:17,027 - mmseg - INFO - Iter [61700/160000]	lr: 9.600e-06, eta: 1 day, 6:08:40, time: 0.931, data_time: 0.369, memory: 14490, decode.loss_seg: 0.0418, decode.acc_seg: 84.1664, aux.loss_seg: 0.0282, aux.acc_seg: 82.9671, loss: 0.0700
2026-04-24 11:39:04,433 - mmseg - INFO - Iter [61750/160000]	lr: 9.595e-06, eta: 1 day, 6:07:28, time: 0.948, data_time: 0.395, memory: 14490, decode.loss_seg: 0.0427, decode.acc_seg: 84.4862, aux.loss_seg: 0.0288, aux.acc_seg: 83.2660, loss: 0.0715
2026-04-24 11:39:31,738 - mmseg - INFO - Iter [61800/160000]	lr: 9.590e-06, eta: 1 day, 6:05:33, time: 0.546, data_time: 0.005, memory: 14490, decode.loss_seg: 0.0439, decode.acc_seg: 85.6844, aux.loss_seg: 0.0293, aux.acc_seg: 84.4759, loss: 0.0732
2026-04-24 11:40:19,005 - mmseg - INFO - Iter [61850/160000]	lr: 9.585e-06, eta: 1 day, 6:04:21, time: 0.945, data_time: 0.382, memory: 14490, decode.loss_seg: 0.0428, decode.acc_seg: 84.8002, aux.loss_seg: 0.0286, aux.acc_seg: 83.6462, loss: 0.0714
2026-04-24 11:41:05,788 - mmseg - INFO - Iter [61900/160000]	lr: 9.580e-06, eta: 1 day, 6:03:08, time: 0.936, data_time: 0.372, memory: 14490, decode.loss_seg: 0.0426, decode.acc_seg: 84.7287, aux.loss_seg: 0.0278, aux.acc_seg: 83.6356, loss: 0.0704
2026-04-24 11:41:33,045 - mmseg - INFO - Iter [61950/160000]	lr: 9.575e-06, eta: 1 day, 6:01:14, time: 0.545, data_time: 0.005, memory: 14490, decode.loss_seg: 0.0438, decode.acc_seg: 84.6947, aux.loss_seg: 0.0295, aux.acc_seg: 83.4555, loss: 0.0733
2026-04-24 11:42:33,258 - mmseg - INFO - per class results:
2026-04-24 11:42:33,259 - mmseg - INFO - 
+------------+-------+-------+
| Class      | IoU   | Acc   |
+------------+-------+-------+
| housing    | 95.33 | 97.99 |
| industrial | 94.73 | 97.24 |
| natural    | 90.18 | 92.6  |
| land_use   | 81.84 | 87.36 |
| water      | 94.71 | 97.93 |
| other      | 98.29 | 99.07 |
+------------+-------+-------+
2026-04-24 11:42:33,259 - mmseg - INFO - Summary:
2026-04-24 11:42:33,259 - mmseg - INFO - 
+--------+-------+-------+-------+
| Scope  | mIoU  | mAcc  | aAcc  |
+--------+-------+-------+-------+
| global | 92.51 | 95.36 | 96.77 |
+--------+-------+-------+-------+
2026-04-24 11:42:33,297 - mmseg - INFO - Exp name: pixel_upernet_itpn_large_12_512_slide_160k_air_polarsar2_amp_linux.py
2026-04-24 11:42:33,298 - mmseg - INFO - Iter [62000/160000]	lr: 9.570e-06, eta: 1 day, 6:22:55, time: 13.835, data_time: 0.000, memory: 14490, mIoU: 0.9251, mAcc: 0.9536, aAcc: 0.9677
2026-04-24 11:43:21,044 - mmseg - INFO - Iter [62050/160000]	lr: 9.566e-06, eta: 1 day, 6:21:42, time: 0.955, data_time: 0.381, memory: 14490, decode.loss_seg: 0.0445, decode.acc_seg: 83.7076, aux.loss_seg: 0.0296, aux.acc_seg: 82.5310, loss: 0.0741
2026-04-24 11:43:48,292 - mmseg - INFO - Iter [62100/160000]	lr: 9.561e-06, eta: 1 day, 6:19:45, time: 0.545, data_time: 0.004, memory: 14490, decode.loss_seg: 0.0436, decode.acc_seg: 83.3766, aux.loss_seg: 0.0285, aux.acc_seg: 82.2539, loss: 0.0721
2026-04-24 11:44:35,540 - mmseg - INFO - Iter [62150/160000]	lr: 9.556e-06, eta: 1 day, 6:18:31, time: 0.945, data_time: 0.363, memory: 14490, decode.loss_seg: 0.0437, decode.acc_seg: 85.9618, aux.loss_seg: 0.0292, aux.acc_seg: 84.7847, loss: 0.0730
2026-04-24 11:45:02,717 - mmseg - INFO - Iter [62200/160000]	lr: 9.551e-06, eta: 1 day, 6:16:35, time: 0.543, data_time: 0.004, memory: 14490, decode.loss_seg: 0.0420, decode.acc_seg: 84.0512, aux.loss_seg: 0.0278, aux.acc_seg: 82.9428, loss: 0.0699
2026-04-24 11:45:48,660 - mmseg - INFO - Iter [62250/160000]	lr: 9.546e-06, eta: 1 day, 6:15:19, time: 0.919, data_time: 0.372, memory: 14490, decode.loss_seg: 0.0424, decode.acc_seg: 85.2063, aux.loss_seg: 0.0279, aux.acc_seg: 84.1133, loss: 0.0703
2026-04-24 11:46:35,076 - mmseg - INFO - Iter [62300/160000]	lr: 9.541e-06, eta: 1 day, 6:14:04, time: 0.928, data_time: 0.332, memory: 14490, decode.loss_seg: 0.0416, decode.acc_seg: 85.0000, aux.loss_seg: 0.0273, aux.acc_seg: 83.9328, loss: 0.0689
2026-04-24 11:47:02,234 - mmseg - INFO - Iter [62350/160000]	lr: 9.536e-06, eta: 1 day, 6:12:08, time: 0.543, data_time: 0.005, memory: 14490, decode.loss_seg: 0.0427, decode.acc_seg: 83.1592, aux.loss_seg: 0.0285, aux.acc_seg: 82.0029, loss: 0.0711
2026-04-24 11:47:48,335 - mmseg - INFO - Iter [62400/160000]	lr: 9.531e-06, eta: 1 day, 6:10:52, time: 0.922, data_time: 0.338, memory: 14490, decode.loss_seg: 0.0407, decode.acc_seg: 83.7889, aux.loss_seg: 0.0268, aux.acc_seg: 82.6978, loss: 0.0675
2026-04-24 11:48:35,215 - mmseg - INFO - Iter [62450/160000]	lr: 9.527e-06, eta: 1 day, 6:09:38, time: 0.938, data_time: 0.359, memory: 14490, decode.loss_seg: 0.0417, decode.acc_seg: 85.6709, aux.loss_seg: 0.0280, aux.acc_seg: 84.4898, loss: 0.0698
2026-04-24 11:49:02,406 - mmseg - INFO - Iter [62500/160000]	lr: 9.522e-06, eta: 1 day, 6:07:42, time: 0.544, data_time: 0.004, memory: 14490, decode.loss_seg: 0.0409, decode.acc_seg: 82.9137, aux.loss_seg: 0.0272, aux.acc_seg: 81.8130, loss: 0.0682
2026-04-24 11:49:48,655 - mmseg - INFO - Iter [62550/160000]	lr: 9.517e-06, eta: 1 day, 6:06:27, time: 0.925, data_time: 0.332, memory: 14490, decode.loss_seg: 0.0410, decode.acc_seg: 84.4505, aux.loss_seg: 0.0278, aux.acc_seg: 83.2596, loss: 0.0688
2026-04-24 11:50:35,577 - mmseg - INFO - Iter [62600/160000]	lr: 9.512e-06, eta: 1 day, 6:05:13, time: 0.938, data_time: 0.392, memory: 14490, decode.loss_seg: 0.0412, decode.acc_seg: 84.9671, aux.loss_seg: 0.0280, aux.acc_seg: 83.7592, loss: 0.0692
2026-04-24 11:51:02,724 - mmseg - INFO - Iter [62650/160000]	lr: 9.507e-06, eta: 1 day, 6:03:18, time: 0.543, data_time: 0.005, memory: 14490, decode.loss_seg: 0.0413, decode.acc_seg: 84.8557, aux.loss_seg: 0.0272, aux.acc_seg: 83.7584, loss: 0.0685
2026-04-24 11:51:49,801 - mmseg - INFO - Iter [62700/160000]	lr: 9.502e-06, eta: 1 day, 6:02:05, time: 0.941, data_time: 0.396, memory: 14490, decode.loss_seg: 0.0412, decode.acc_seg: 84.1632, aux.loss_seg: 0.0271, aux.acc_seg: 83.0683, loss: 0.0683
2026-04-24 11:52:36,245 - mmseg - INFO - Iter [62750/160000]	lr: 9.497e-06, eta: 1 day, 6:00:51, time: 0.929, data_time: 0.338, memory: 14490, decode.loss_seg: 0.0403, decode.acc_seg: 84.2867, aux.loss_seg: 0.0263, aux.acc_seg: 83.2488, loss: 0.0666
2026-04-24 11:53:03,515 - mmseg - INFO - Iter [62800/160000]	lr: 9.492e-06, eta: 1 day, 5:58:56, time: 0.545, data_time: 0.004, memory: 14490, decode.loss_seg: 0.0430, decode.acc_seg: 85.4387, aux.loss_seg: 0.0283, aux.acc_seg: 84.3150, loss: 0.0713
2026-04-24 11:53:48,889 - mmseg - INFO - Iter [62850/160000]	lr: 9.487e-06, eta: 1 day, 5:57:40, time: 0.908, data_time: 0.336, memory: 14490, decode.loss_seg: 0.0402, decode.acc_seg: 84.6747, aux.loss_seg: 0.0270, aux.acc_seg: 83.5567, loss: 0.0672
2026-04-24 11:54:35,266 - mmseg - INFO - Iter [62900/160000]	lr: 9.483e-06, eta: 1 day, 5:56:25, time: 0.928, data_time: 0.368, memory: 14490, decode.loss_seg: 0.0412, decode.acc_seg: 82.9975, aux.loss_seg: 0.0272, aux.acc_seg: 81.9074, loss: 0.0684
2026-04-24 11:55:02,502 - mmseg - INFO - Iter [62950/160000]	lr: 9.478e-06, eta: 1 day, 5:54:31, time: 0.545, data_time: 0.005, memory: 14490, decode.loss_seg: 0.0418, decode.acc_seg: 84.9416, aux.loss_seg: 0.0274, aux.acc_seg: 83.8566, loss: 0.0692
2026-04-24 11:55:49,729 - mmseg - INFO - Exp name: pixel_upernet_itpn_large_12_512_slide_160k_air_polarsar2_amp_linux.py
2026-04-24 11:55:49,729 - mmseg - INFO - Iter [63000/160000]	lr: 9.473e-06, eta: 1 day, 5:53:19, time: 0.945, data_time: 0.351, memory: 14490, decode.loss_seg: 0.0431, decode.acc_seg: 84.2641, aux.loss_seg: 0.0310, aux.acc_seg: 83.0110, loss: 0.0741
2026-04-24 11:56:37,078 - mmseg - INFO - Iter [63050/160000]	lr: 9.468e-06, eta: 1 day, 5:52:07, time: 0.947, data_time: 0.344, memory: 14490, decode.loss_seg: 0.0414, decode.acc_seg: 83.6252, aux.loss_seg: 0.0274, aux.acc_seg: 82.5227, loss: 0.0688
2026-04-24 11:57:04,393 - mmseg - INFO - Iter [63100/160000]	lr: 9.463e-06, eta: 1 day, 5:50:13, time: 0.546, data_time: 0.005, memory: 14490, decode.loss_seg: 0.0415, decode.acc_seg: 84.7017, aux.loss_seg: 0.0276, aux.acc_seg: 83.5493, loss: 0.0692
2026-04-24 11:57:51,399 - mmseg - INFO - Iter [63150/160000]	lr: 9.458e-06, eta: 1 day, 5:49:01, time: 0.940, data_time: 0.323, memory: 14490, decode.loss_seg: 0.0424, decode.acc_seg: 86.2434, aux.loss_seg: 0.0287, aux.acc_seg: 84.9671, loss: 0.0712
2026-04-24 11:58:18,653 - mmseg - INFO - Iter [63200/160000]	lr: 9.453e-06, eta: 1 day, 5:47:07, time: 0.545, data_time: 0.005, memory: 14490, decode.loss_seg: 0.0413, decode.acc_seg: 83.3489, aux.loss_seg: 0.0291, aux.acc_seg: 82.0818, loss: 0.0704
2026-04-24 11:59:05,256 - mmseg - INFO - Iter [63250/160000]	lr: 9.448e-06, eta: 1 day, 5:45:54, time: 0.932, data_time: 0.373, memory: 14490, decode.loss_seg: 0.0420, decode.acc_seg: 85.0766, aux.loss_seg: 0.0279, aux.acc_seg: 83.9860, loss: 0.0699
2026-04-24 11:59:51,494 - mmseg - INFO - Iter [63300/160000]	lr: 9.444e-06, eta: 1 day, 5:44:40, time: 0.925, data_time: 0.349, memory: 14490, decode.loss_seg: 0.0411, decode.acc_seg: 85.4504, aux.loss_seg: 0.0275, aux.acc_seg: 84.3369, loss: 0.0686
2026-04-24 12:00:18,712 - mmseg - INFO - Iter [63350/160000]	lr: 9.439e-06, eta: 1 day, 5:42:47, time: 0.544, data_time: 0.005, memory: 14490, decode.loss_seg: 0.0418, decode.acc_seg: 85.2406, aux.loss_seg: 0.0276, aux.acc_seg: 84.1397, loss: 0.0694
2026-04-24 12:01:05,294 - mmseg - INFO - Iter [63400/160000]	lr: 9.434e-06, eta: 1 day, 5:41:34, time: 0.932, data_time: 0.341, memory: 14490, decode.loss_seg: 0.0395, decode.acc_seg: 82.2636, aux.loss_seg: 0.0269, aux.acc_seg: 81.0946, loss: 0.0664
2026-04-24 12:01:52,428 - mmseg - INFO - Iter [63450/160000]	lr: 9.429e-06, eta: 1 day, 5:40:22, time: 0.943, data_time: 0.375, memory: 14490, decode.loss_seg: 0.0431, decode.acc_seg: 84.6261, aux.loss_seg: 0.0284, aux.acc_seg: 83.5117, loss: 0.0714
2026-04-24 12:02:19,585 - mmseg - INFO - Iter [63500/160000]	lr: 9.424e-06, eta: 1 day, 5:38:30, time: 0.543, data_time: 0.005, memory: 14490, decode.loss_seg: 0.0410, decode.acc_seg: 83.3069, aux.loss_seg: 0.0277, aux.acc_seg: 82.1153, loss: 0.0686
2026-04-24 12:03:06,776 - mmseg - INFO - Iter [63550/160000]	lr: 9.419e-06, eta: 1 day, 5:37:18, time: 0.944, data_time: 0.343, memory: 14490, decode.loss_seg: 0.0401, decode.acc_seg: 84.8432, aux.loss_seg: 0.0263, aux.acc_seg: 83.7948, loss: 0.0663
2026-04-24 12:03:53,777 - mmseg - INFO - Iter [63600/160000]	lr: 9.414e-06, eta: 1 day, 5:36:06, time: 0.940, data_time: 0.371, memory: 14490, decode.loss_seg: 0.0406, decode.acc_seg: 83.6014, aux.loss_seg: 0.0272, aux.acc_seg: 82.4602, loss: 0.0678
2026-04-24 12:04:20,991 - mmseg - INFO - Iter [63650/160000]	lr: 9.409e-06, eta: 1 day, 5:34:14, time: 0.544, data_time: 0.004, memory: 14490, decode.loss_seg: 0.0441, decode.acc_seg: 84.7395, aux.loss_seg: 0.0316, aux.acc_seg: 83.6057, loss: 0.0757
2026-04-24 12:05:06,734 - mmseg - INFO - Iter [63700/160000]	lr: 9.404e-06, eta: 1 day, 5:32:59, time: 0.915, data_time: 0.366, memory: 14490, decode.loss_seg: 0.0422, decode.acc_seg: 85.2717, aux.loss_seg: 0.0274, aux.acc_seg: 84.2058, loss: 0.0696
2026-04-24 12:05:52,779 - mmseg - INFO - Iter [63750/160000]	lr: 9.400e-06, eta: 1 day, 5:31:46, time: 0.921, data_time: 0.356, memory: 14490, decode.loss_seg: 0.0400, decode.acc_seg: 85.5061, aux.loss_seg: 0.0265, aux.acc_seg: 84.4472, loss: 0.0665
2026-04-24 12:06:19,985 - mmseg - INFO - Iter [63800/160000]	lr: 9.395e-06, eta: 1 day, 5:29:54, time: 0.544, data_time: 0.005, memory: 14490, decode.loss_seg: 0.0418, decode.acc_seg: 84.8801, aux.loss_seg: 0.0274, aux.acc_seg: 83.7866, loss: 0.0692
2026-04-24 12:07:06,797 - mmseg - INFO - Iter [63850/160000]	lr: 9.390e-06, eta: 1 day, 5:28:42, time: 0.936, data_time: 0.347, memory: 14490, decode.loss_seg: 0.0418, decode.acc_seg: 84.8072, aux.loss_seg: 0.0275, aux.acc_seg: 83.7105, loss: 0.0693
2026-04-24 12:07:53,478 - mmseg - INFO - Iter [63900/160000]	lr: 9.385e-06, eta: 1 day, 5:27:30, time: 0.934, data_time: 0.372, memory: 14490, decode.loss_seg: 0.0443, decode.acc_seg: 84.1690, aux.loss_seg: 0.0283, aux.acc_seg: 83.1105, loss: 0.0726
2026-04-24 12:08:20,676 - mmseg - INFO - Iter [63950/160000]	lr: 9.380e-06, eta: 1 day, 5:25:38, time: 0.544, data_time: 0.004, memory: 14490, decode.loss_seg: 0.0452, decode.acc_seg: 84.6770, aux.loss_seg: 0.0295, aux.acc_seg: 83.5339, loss: 0.0747
2026-04-24 12:09:07,839 - mmseg - INFO - Saving checkpoint at 64000 iterations
2026-04-24 12:09:25,486 - mmseg - INFO - per class results:
2026-04-24 12:09:25,487 - mmseg - INFO - 
+------------+-------+-------+
| Class      | IoU   | Acc   |
+------------+-------+-------+
| housing    | 95.17 | 97.37 |
| industrial | 94.74 | 97.39 |
| natural    | 90.78 | 93.52 |
| land_use   | 82.58 | 88.23 |
| water      | 94.82 | 97.88 |
| other      | 97.22 | 98.7  |
+------------+-------+-------+
2026-04-24 12:09:25,487 - mmseg - INFO - Summary:
2026-04-24 12:09:25,487 - mmseg - INFO - 
+--------+-------+-------+-------+
| Scope  | mIoU  | mAcc  | aAcc  |
+--------+-------+-------+-------+
| global | 92.55 | 95.51 | 96.81 |
+--------+-------+-------+-------+
2026-04-24 12:09:25,508 - mmseg - INFO - Exp name: pixel_upernet_itpn_large_12_512_slide_160k_air_polarsar2_amp_linux.py
2026-04-24 12:09:25,508 - mmseg - INFO - Iter [64000/160000]	lr: 9.375e-06, eta: 1 day, 5:53:14, time: 18.212, data_time: 0.000, memory: 14490, mIoU: 0.9255, mAcc: 0.9551, aAcc: 0.9681
2026-04-24 12:10:11,803 - mmseg - INFO - Iter [64050/160000]	lr: 9.370e-06, eta: 1 day, 5:51:59, time: 0.926, data_time: 0.373, memory: 14490, decode.loss_seg: 0.0423, decode.acc_seg: 85.0390, aux.loss_seg: 0.0280, aux.acc_seg: 83.8918, loss: 0.0703
2026-04-24 12:10:38,929 - mmseg - INFO - Iter [64100/160000]	lr: 9.365e-06, eta: 1 day, 5:50:05, time: 0.543, data_time: 0.005, memory: 14490, decode.loss_seg: 0.0398, decode.acc_seg: 83.5459, aux.loss_seg: 0.0265, aux.acc_seg: 82.4420, loss: 0.0663
2026-04-24 12:11:25,299 - mmseg - INFO - Iter [64150/160000]	lr: 9.361e-06, eta: 1 day, 5:48:50, time: 0.927, data_time: 0.333, memory: 14490, decode.loss_seg: 0.0411, decode.acc_seg: 86.0931, aux.loss_seg: 0.0272, aux.acc_seg: 84.9968, loss: 0.0682
2026-04-24 12:11:52,441 - mmseg - INFO - Iter [64200/160000]	lr: 9.356e-06, eta: 1 day, 5:46:56, time: 0.543, data_time: 0.005, memory: 14490, decode.loss_seg: 0.0417, decode.acc_seg: 84.7717, aux.loss_seg: 0.0274, aux.acc_seg: 83.6811, loss: 0.0690
2026-04-24 12:12:38,200 - mmseg - INFO - Iter [64250/160000]	lr: 9.351e-06, eta: 1 day, 5:45:40, time: 0.915, data_time: 0.351, memory: 14490, decode.loss_seg: 0.0405, decode.acc_seg: 82.9971, aux.loss_seg: 0.0270, aux.acc_seg: 81.9009, loss: 0.0675
2026-04-24 12:13:24,171 - mmseg - INFO - Iter [64300/160000]	lr: 9.346e-06, eta: 1 day, 5:44:25, time: 0.919, data_time: 0.351, memory: 14490, decode.loss_seg: 0.0408, decode.acc_seg: 85.0218, aux.loss_seg: 0.0286, aux.acc_seg: 83.7267, loss: 0.0693
2026-04-24 12:13:51,447 - mmseg - INFO - Iter [64350/160000]	lr: 9.341e-06, eta: 1 day, 5:42:32, time: 0.545, data_time: 0.004, memory: 14490, decode.loss_seg: 0.0416, decode.acc_seg: 84.2199, aux.loss_seg: 0.0274, aux.acc_seg: 83.1308, loss: 0.0690
2026-04-24 12:14:37,231 - mmseg - INFO - Iter [64400/160000]	lr: 9.336e-06, eta: 1 day, 5:41:16, time: 0.916, data_time: 0.345, memory: 14490, decode.loss_seg: 0.0401, decode.acc_seg: 84.7151, aux.loss_seg: 0.0269, aux.acc_seg: 83.6144, loss: 0.0669
2026-04-24 12:15:24,355 - mmseg - INFO - Iter [64450/160000]	lr: 9.331e-06, eta: 1 day, 5:40:03, time: 0.942, data_time: 0.394, memory: 14490, decode.loss_seg: 0.0415, decode.acc_seg: 84.3802, aux.loss_seg: 0.0275, aux.acc_seg: 83.2511, loss: 0.0690
2026-04-24 12:15:51,626 - mmseg - INFO - Iter [64500/160000]	lr: 9.326e-06, eta: 1 day, 5:38:11, time: 0.545, data_time: 0.004, memory: 14490, decode.loss_seg: 0.0413, decode.acc_seg: 83.5118, aux.loss_seg: 0.0275, aux.acc_seg: 82.3893, loss: 0.0688
2026-04-24 12:16:37,135 - mmseg - INFO - Iter [64550/160000]	lr: 9.321e-06, eta: 1 day, 5:36:54, time: 0.910, data_time: 0.349, memory: 14490, decode.loss_seg: 0.0388, decode.acc_seg: 82.9358, aux.loss_seg: 0.0269, aux.acc_seg: 81.7688, loss: 0.0657
2026-04-24 12:17:23,849 - mmseg - INFO - Iter [64600/160000]	lr: 9.317e-06, eta: 1 day, 5:35:41, time: 0.934, data_time: 0.349, memory: 14490, decode.loss_seg: 0.0421, decode.acc_seg: 84.7984, aux.loss_seg: 0.0277, aux.acc_seg: 83.6833, loss: 0.0698
2026-04-24 12:17:51,131 - mmseg - INFO - Iter [64650/160000]	lr: 9.312e-06, eta: 1 day, 5:33:49, time: 0.546, data_time: 0.003, memory: 14490, decode.loss_seg: 0.0403, decode.acc_seg: 84.7945, aux.loss_seg: 0.0267, aux.acc_seg: 83.7348, loss: 0.0670
2026-04-24 12:18:37,871 - mmseg - INFO - Iter [64700/160000]	lr: 9.307e-06, eta: 1 day, 5:32:35, time: 0.935, data_time: 0.375, memory: 14490, decode.loss_seg: 0.0405, decode.acc_seg: 84.2922, aux.loss_seg: 0.0268, aux.acc_seg: 83.2030, loss: 0.0673
2026-04-24 12:19:24,282 - mmseg - INFO - Iter [64750/160000]	lr: 9.302e-06, eta: 1 day, 5:31:21, time: 0.928, data_time: 0.379, memory: 14490, decode.loss_seg: 0.0392, decode.acc_seg: 83.6332, aux.loss_seg: 0.0262, aux.acc_seg: 82.5567, loss: 0.0654
2026-04-24 12:19:51,529 - mmseg - INFO - Iter [64800/160000]	lr: 9.297e-06, eta: 1 day, 5:29:30, time: 0.545, data_time: 0.004, memory: 14490, decode.loss_seg: 0.0423, decode.acc_seg: 86.0345, aux.loss_seg: 0.0276, aux.acc_seg: 84.9439, loss: 0.0699
2026-04-24 12:20:38,078 - mmseg - INFO - Iter [64850/160000]	lr: 9.292e-06, eta: 1 day, 5:28:16, time: 0.931, data_time: 0.364, memory: 14490, decode.loss_seg: 0.0403, decode.acc_seg: 85.1011, aux.loss_seg: 0.0267, aux.acc_seg: 84.0079, loss: 0.0670
2026-04-24 12:21:24,689 - mmseg - INFO - Iter [64900/160000]	lr: 9.287e-06, eta: 1 day, 5:27:02, time: 0.932, data_time: 0.357, memory: 14490, decode.loss_seg: 0.0413, decode.acc_seg: 85.1219, aux.loss_seg: 0.0268, aux.acc_seg: 84.0633, loss: 0.0681
2026-04-24 12:21:51,925 - mmseg - INFO - Iter [64950/160000]	lr: 9.282e-06, eta: 1 day, 5:25:11, time: 0.544, data_time: 0.003, memory: 14490, decode.loss_seg: 0.0403, decode.acc_seg: 85.1165, aux.loss_seg: 0.0271, aux.acc_seg: 83.9925, loss: 0.0674
2026-04-24 12:22:38,933 - mmseg - INFO - Exp name: pixel_upernet_itpn_large_12_512_slide_160k_air_polarsar2_amp_linux.py
2026-04-24 12:22:38,934 - mmseg - INFO - Iter [65000/160000]	lr: 9.278e-06, eta: 1 day, 5:23:59, time: 0.940, data_time: 0.383, memory: 14490, decode.loss_seg: 0.0399, decode.acc_seg: 84.7390, aux.loss_seg: 0.0270, aux.acc_seg: 83.6253, loss: 0.0669
2026-04-24 12:23:25,021 - mmseg - INFO - Iter [65050/160000]	lr: 9.273e-06, eta: 1 day, 5:22:44, time: 0.922, data_time: 0.369, memory: 14490, decode.loss_seg: 0.0402, decode.acc_seg: 83.7117, aux.loss_seg: 0.0272, aux.acc_seg: 82.5729, loss: 0.0673
2026-04-24 12:23:52,242 - mmseg - INFO - Iter [65100/160000]	lr: 9.268e-06, eta: 1 day, 5:20:54, time: 0.544, data_time: 0.004, memory: 14490, decode.loss_seg: 0.0409, decode.acc_seg: 84.3125, aux.loss_seg: 0.0273, aux.acc_seg: 83.1863, loss: 0.0681
2026-04-24 12:24:38,966 - mmseg - INFO - Iter [65150/160000]	lr: 9.263e-06, eta: 1 day, 5:19:41, time: 0.935, data_time: 0.394, memory: 14490, decode.loss_seg: 0.0397, decode.acc_seg: 83.0789, aux.loss_seg: 0.0264, aux.acc_seg: 81.9919, loss: 0.0661
2026-04-24 12:25:06,256 - mmseg - INFO - Iter [65200/160000]	lr: 9.258e-06, eta: 1 day, 5:17:50, time: 0.546, data_time: 0.004, memory: 14490, decode.loss_seg: 0.0406, decode.acc_seg: 84.1941, aux.loss_seg: 0.0268, aux.acc_seg: 83.1070, loss: 0.0674
2026-04-24 12:25:53,770 - mmseg - INFO - Iter [65250/160000]	lr: 9.253e-06, eta: 1 day, 5:16:39, time: 0.950, data_time: 0.392, memory: 14490, decode.loss_seg: 0.0393, decode.acc_seg: 83.4969, aux.loss_seg: 0.0261, aux.acc_seg: 82.4157, loss: 0.0654
2026-04-24 12:26:40,013 - mmseg - INFO - Iter [65300/160000]	lr: 9.248e-06, eta: 1 day, 5:15:26, time: 0.925, data_time: 0.369, memory: 14490, decode.loss_seg: 0.0415, decode.acc_seg: 84.9366, aux.loss_seg: 0.0271, aux.acc_seg: 83.8537, loss: 0.0686
2026-04-24 12:27:07,309 - mmseg - INFO - Iter [65350/160000]	lr: 9.243e-06, eta: 1 day, 5:13:36, time: 0.546, data_time: 0.004, memory: 14490, decode.loss_seg: 0.0396, decode.acc_seg: 84.9180, aux.loss_seg: 0.0262, aux.acc_seg: 83.8573, loss: 0.0659
2026-04-24 12:27:52,882 - mmseg - INFO - Iter [65400/160000]	lr: 9.238e-06, eta: 1 day, 5:12:21, time: 0.911, data_time: 0.350, memory: 14490, decode.loss_seg: 0.0390, decode.acc_seg: 83.0569, aux.loss_seg: 0.0261, aux.acc_seg: 81.9628, loss: 0.0651
2026-04-24 12:28:39,496 - mmseg - INFO - Iter [65450/160000]	lr: 9.234e-06, eta: 1 day, 5:11:08, time: 0.932, data_time: 0.363, memory: 14490, decode.loss_seg: 0.0394, decode.acc_seg: 83.8926, aux.loss_seg: 0.0263, aux.acc_seg: 82.7950, loss: 0.0657
2026-04-24 12:29:06,789 - mmseg - INFO - Iter [65500/160000]	lr: 9.229e-06, eta: 1 day, 5:09:19, time: 0.546, data_time: 0.004, memory: 14490, decode.loss_seg: 0.0410, decode.acc_seg: 83.4039, aux.loss_seg: 0.0276, aux.acc_seg: 82.2925, loss: 0.0686
2026-04-24 12:29:53,201 - mmseg - INFO - Iter [65550/160000]	lr: 9.224e-06, eta: 1 day, 5:08:06, time: 0.928, data_time: 0.358, memory: 14490, decode.loss_seg: 0.0409, decode.acc_seg: 86.7373, aux.loss_seg: 0.0269, aux.acc_seg: 85.6697, loss: 0.0678
2026-04-24 12:30:40,724 - mmseg - INFO - Iter [65600/160000]	lr: 9.219e-06, eta: 1 day, 5:06:55, time: 0.950, data_time: 0.398, memory: 14490, decode.loss_seg: 0.0402, decode.acc_seg: 85.7910, aux.loss_seg: 0.0264, aux.acc_seg: 84.7438, loss: 0.0666
2026-04-24 12:31:08,055 - mmseg - INFO - Iter [65650/160000]	lr: 9.214e-06, eta: 1 day, 5:05:06, time: 0.547, data_time: 0.004, memory: 14490, decode.loss_seg: 0.0402, decode.acc_seg: 84.7827, aux.loss_seg: 0.0290, aux.acc_seg: 83.4950, loss: 0.0692
2026-04-24 12:31:55,553 - mmseg - INFO - Iter [65700/160000]	lr: 9.209e-06, eta: 1 day, 5:03:55, time: 0.950, data_time: 0.348, memory: 14490, decode.loss_seg: 0.0452, decode.acc_seg: 85.8826, aux.loss_seg: 0.0300, aux.acc_seg: 84.7191, loss: 0.0752
2026-04-24 12:32:42,808 - mmseg - INFO - Iter [65750/160000]	lr: 9.204e-06, eta: 1 day, 5:02:44, time: 0.945, data_time: 0.341, memory: 14490, decode.loss_seg: 0.0427, decode.acc_seg: 84.9594, aux.loss_seg: 0.0280, aux.acc_seg: 83.8915, loss: 0.0706
2026-04-24 12:33:10,110 - mmseg - INFO - Iter [65800/160000]	lr: 9.199e-06, eta: 1 day, 5:00:55, time: 0.546, data_time: 0.004, memory: 14490, decode.loss_seg: 0.0409, decode.acc_seg: 86.2533, aux.loss_seg: 0.0267, aux.acc_seg: 85.2079, loss: 0.0675
2026-04-24 12:33:57,421 - mmseg - INFO - Iter [65850/160000]	lr: 9.195e-06, eta: 1 day, 4:59:45, time: 0.946, data_time: 0.361, memory: 14490, decode.loss_seg: 0.0409, decode.acc_seg: 85.3762, aux.loss_seg: 0.0273, aux.acc_seg: 84.2615, loss: 0.0682
2026-04-24 12:34:44,626 - mmseg - INFO - Iter [65900/160000]	lr: 9.190e-06, eta: 1 day, 4:58:34, time: 0.944, data_time: 0.313, memory: 14490, decode.loss_seg: 0.0418, decode.acc_seg: 84.4478, aux.loss_seg: 0.0314, aux.acc_seg: 83.1672, loss: 0.0733
2026-04-24 12:35:11,891 - mmseg - INFO - Iter [65950/160000]	lr: 9.185e-06, eta: 1 day, 4:56:45, time: 0.546, data_time: 0.005, memory: 14490, decode.loss_seg: 0.0415, decode.acc_seg: 85.9391, aux.loss_seg: 0.0270, aux.acc_seg: 84.8988, loss: 0.0685
2026-04-24 12:36:11,239 - mmseg - INFO - per class results:
2026-04-24 12:36:11,239 - mmseg - INFO - 
+------------+-------+-------+
| Class      | IoU   | Acc   |
+------------+-------+-------+
| housing    | 95.34 | 97.05 |
| industrial | 94.99 | 97.55 |
| natural    | 90.86 | 94.1  |
| land_use   | 81.66 | 86.27 |
| water      | 94.85 | 98.25 |
| other      | 98.21 | 99.26 |
+------------+-------+-------+
2026-04-24 12:36:11,239 - mmseg - INFO - Summary:
2026-04-24 12:36:11,239 - mmseg - INFO - 
+--------+-------+-------+-------+
| Scope  | mIoU  | mAcc  | aAcc  |
+--------+-------+-------+-------+
| global | 92.65 | 95.41 | 96.85 |
+--------+-------+-------+-------+
2026-04-24 12:36:11,263 - mmseg - INFO - Exp name: pixel_upernet_itpn_large_12_512_slide_160k_air_polarsar2_amp_linux.py
2026-04-24 12:36:11,263 - mmseg - INFO - Iter [66000/160000]	lr: 9.180e-06, eta: 1 day, 5:13:17, time: 12.249, data_time: 0.000, memory: 14490, mIoU: 0.9265, mAcc: 0.9541, aAcc: 0.9685
2026-04-24 12:36:38,536 - mmseg - INFO - Iter [66050/160000]	lr: 9.175e-06, eta: 1 day, 5:11:27, time: 0.545, data_time: 0.004, memory: 14490, decode.loss_seg: 0.0411, decode.acc_seg: 85.3437, aux.loss_seg: 0.0274, aux.acc_seg: 84.2352, loss: 0.0685
2026-04-24 12:37:25,295 - mmseg - INFO - Iter [66100/160000]	lr: 9.170e-06, eta: 1 day, 5:10:14, time: 0.935, data_time: 0.351, memory: 14490, decode.loss_seg: 0.0390, decode.acc_seg: 85.1402, aux.loss_seg: 0.0264, aux.acc_seg: 84.0455, loss: 0.0654
2026-04-24 12:38:12,527 - mmseg - INFO - Iter [66150/160000]	lr: 9.165e-06, eta: 1 day, 5:09:02, time: 0.945, data_time: 0.367, memory: 14490, decode.loss_seg: 0.0397, decode.acc_seg: 84.2585, aux.loss_seg: 0.0265, aux.acc_seg: 83.1559, loss: 0.0662
2026-04-24 12:38:39,751 - mmseg - INFO - Iter [66200/160000]	lr: 9.160e-06, eta: 1 day, 5:07:12, time: 0.544, data_time: 0.004, memory: 14490, decode.loss_seg: 0.0407, decode.acc_seg: 85.1153, aux.loss_seg: 0.0280, aux.acc_seg: 83.9074, loss: 0.0687
2026-04-24 12:39:25,242 - mmseg - INFO - Iter [66250/160000]	lr: 9.155e-06, eta: 1 day, 5:05:57, time: 0.910, data_time: 0.363, memory: 14490, decode.loss_seg: 0.0391, decode.acc_seg: 83.7554, aux.loss_seg: 0.0258, aux.acc_seg: 82.7073, loss: 0.0649
2026-04-24 12:40:12,879 - mmseg - INFO - Iter [66300/160000]	lr: 9.151e-06, eta: 1 day, 5:04:46, time: 0.953, data_time: 0.371, memory: 14490, decode.loss_seg: 0.0394, decode.acc_seg: 83.4984, aux.loss_seg: 0.0266, aux.acc_seg: 82.3747, loss: 0.0661
2026-04-24 12:40:40,132 - mmseg - INFO - Iter [66350/160000]	lr: 9.146e-06, eta: 1 day, 5:02:57, time: 0.545, data_time: 0.004, memory: 14490, decode.loss_seg: 0.0403, decode.acc_seg: 84.0215, aux.loss_seg: 0.0266, aux.acc_seg: 82.9636, loss: 0.0669
2026-04-24 12:41:25,144 - mmseg - INFO - Iter [66400/160000]	lr: 9.141e-06, eta: 1 day, 5:01:41, time: 0.900, data_time: 0.323, memory: 14490, decode.loss_seg: 0.0402, decode.acc_seg: 83.7491, aux.loss_seg: 0.0270, aux.acc_seg: 82.6223, loss: 0.0672
2026-04-24 12:42:10,856 - mmseg - INFO - Iter [66450/160000]	lr: 9.136e-06, eta: 1 day, 5:00:26, time: 0.914, data_time: 0.358, memory: 14490, decode.loss_seg: 0.0574, decode.acc_seg: 84.0679, aux.loss_seg: 0.0325, aux.acc_seg: 83.0327, loss: 0.0899
2026-04-24 12:42:38,200 - mmseg - INFO - Iter [66500/160000]	lr: 9.131e-06, eta: 1 day, 4:58:38, time: 0.547, data_time: 0.004, memory: 14490, decode.loss_seg: 0.0535, decode.acc_seg: 84.9498, aux.loss_seg: 0.0325, aux.acc_seg: 83.7610, loss: 0.0860
2026-04-24 12:43:25,961 - mmseg - INFO - Iter [66550/160000]	lr: 9.126e-06, eta: 1 day, 4:57:27, time: 0.955, data_time: 0.355, memory: 14490, decode.loss_seg: 0.0446, decode.acc_seg: 85.1487, aux.loss_seg: 0.0293, aux.acc_seg: 83.9119, loss: 0.0739
2026-04-24 12:44:12,479 - mmseg - INFO - Iter [66600/160000]	lr: 9.121e-06, eta: 1 day, 4:56:14, time: 0.931, data_time: 0.390, memory: 14490, decode.loss_seg: 0.0433, decode.acc_seg: 84.0642, aux.loss_seg: 0.0281, aux.acc_seg: 82.9850, loss: 0.0715
2026-04-24 12:44:39,710 - mmseg - INFO - Iter [66650/160000]	lr: 9.116e-06, eta: 1 day, 4:54:26, time: 0.544, data_time: 0.004, memory: 14490, decode.loss_seg: 0.0423, decode.acc_seg: 85.1172, aux.loss_seg: 0.0279, aux.acc_seg: 84.0039, loss: 0.0702
2026-04-24 12:45:25,196 - mmseg - INFO - Iter [66700/160000]	lr: 9.112e-06, eta: 1 day, 4:53:11, time: 0.910, data_time: 0.365, memory: 14490, decode.loss_seg: 0.0401, decode.acc_seg: 84.3719, aux.loss_seg: 0.0265, aux.acc_seg: 83.2933, loss: 0.0666
2026-04-24 12:46:11,742 - mmseg - INFO - Iter [66750/160000]	lr: 9.107e-06, eta: 1 day, 4:51:59, time: 0.931, data_time: 0.357, memory: 14490, decode.loss_seg: 0.0400, decode.acc_seg: 83.1945, aux.loss_seg: 0.0270, aux.acc_seg: 82.0754, loss: 0.0671
2026-04-24 12:46:39,003 - mmseg - INFO - Iter [66800/160000]	lr: 9.102e-06, eta: 1 day, 4:50:11, time: 0.545, data_time: 0.004, memory: 14490, decode.loss_seg: 0.0412, decode.acc_seg: 83.1117, aux.loss_seg: 0.0274, aux.acc_seg: 81.9821, loss: 0.0686
2026-04-24 12:47:24,899 - mmseg - INFO - Iter [66850/160000]	lr: 9.097e-06, eta: 1 day, 4:48:57, time: 0.918, data_time: 0.331, memory: 14490, decode.loss_seg: 0.0385, decode.acc_seg: 85.1553, aux.loss_seg: 0.0254, aux.acc_seg: 84.1226, loss: 0.0638
2026-04-24 12:48:11,831 - mmseg - INFO - Iter [66900/160000]	lr: 9.092e-06, eta: 1 day, 4:47:46, time: 0.939, data_time: 0.398, memory: 14490, decode.loss_seg: 0.0402, decode.acc_seg: 84.7783, aux.loss_seg: 0.0267, aux.acc_seg: 83.6767, loss: 0.0669
2026-04-24 12:48:39,049 - mmseg - INFO - Iter [66950/160000]	lr: 9.087e-06, eta: 1 day, 4:45:58, time: 0.544, data_time: 0.004, memory: 14490, decode.loss_seg: 0.0397, decode.acc_seg: 84.5092, aux.loss_seg: 0.0272, aux.acc_seg: 83.3568, loss: 0.0669
2026-04-24 12:49:25,449 - mmseg - INFO - Exp name: pixel_upernet_itpn_large_12_512_slide_160k_air_polarsar2_amp_linux.py
2026-04-24 12:49:25,449 - mmseg - INFO - Iter [67000/160000]	lr: 9.082e-06, eta: 1 day, 4:44:45, time: 0.928, data_time: 0.360, memory: 14490, decode.loss_seg: 0.0396, decode.acc_seg: 83.8646, aux.loss_seg: 0.0264, aux.acc_seg: 82.7686, loss: 0.0660
2026-04-24 12:49:52,681 - mmseg - INFO - Iter [67050/160000]	lr: 9.077e-06, eta: 1 day, 4:42:58, time: 0.544, data_time: 0.004, memory: 14490, decode.loss_seg: 0.0389, decode.acc_seg: 82.2765, aux.loss_seg: 0.0263, aux.acc_seg: 81.1514, loss: 0.0652
2026-04-24 12:50:38,547 - mmseg - INFO - Iter [67100/160000]	lr: 9.072e-06, eta: 1 day, 4:41:45, time: 0.917, data_time: 0.348, memory: 14490, decode.loss_seg: 0.0396, decode.acc_seg: 83.0767, aux.loss_seg: 0.0260, aux.acc_seg: 82.0126, loss: 0.0656
2026-04-24 12:51:24,836 - mmseg - INFO - Iter [67150/160000]	lr: 9.068e-06, eta: 1 day, 4:40:32, time: 0.926, data_time: 0.379, memory: 14490, decode.loss_seg: 0.0387, decode.acc_seg: 84.1092, aux.loss_seg: 0.0258, aux.acc_seg: 83.0343, loss: 0.0646
2026-04-24 12:51:52,081 - mmseg - INFO - Iter [67200/160000]	lr: 9.063e-06, eta: 1 day, 4:38:45, time: 0.545, data_time: 0.004, memory: 14490, decode.loss_seg: 0.0410, decode.acc_seg: 83.8763, aux.loss_seg: 0.0276, aux.acc_seg: 82.6798, loss: 0.0686
2026-04-24 12:52:38,328 - mmseg - INFO - Iter [67250/160000]	lr: 9.058e-06, eta: 1 day, 4:37:33, time: 0.925, data_time: 0.348, memory: 14490, decode.loss_seg: 0.0412, decode.acc_seg: 84.5768, aux.loss_seg: 0.0274, aux.acc_seg: 83.4874, loss: 0.0686
2026-04-24 12:53:24,383 - mmseg - INFO - Iter [67300/160000]	lr: 9.053e-06, eta: 1 day, 4:36:20, time: 0.921, data_time: 0.363, memory: 14490, decode.loss_seg: 0.0395, decode.acc_seg: 84.4576, aux.loss_seg: 0.0265, aux.acc_seg: 83.3684, loss: 0.0660
2026-04-24 12:53:51,713 - mmseg - INFO - Iter [67350/160000]	lr: 9.048e-06, eta: 1 day, 4:34:34, time: 0.547, data_time: 0.004, memory: 14490, decode.loss_seg: 0.0385, decode.acc_seg: 83.8446, aux.loss_seg: 0.0259, aux.acc_seg: 82.7661, loss: 0.0644
2026-04-24 12:54:38,535 - mmseg - INFO - Iter [67400/160000]	lr: 9.043e-06, eta: 1 day, 4:33:22, time: 0.936, data_time: 0.396, memory: 14490, decode.loss_seg: 0.0407, decode.acc_seg: 84.6061, aux.loss_seg: 0.0274, aux.acc_seg: 83.4317, loss: 0.0681
2026-04-24 12:55:25,928 - mmseg - INFO - Iter [67450/160000]	lr: 9.038e-06, eta: 1 day, 4:32:12, time: 0.948, data_time: 0.383, memory: 14490, decode.loss_seg: 0.0397, decode.acc_seg: 83.4460, aux.loss_seg: 0.0265, aux.acc_seg: 82.3403, loss: 0.0662
2026-04-24 12:55:53,175 - mmseg - INFO - Iter [67500/160000]	lr: 9.033e-06, eta: 1 day, 4:30:26, time: 0.545, data_time: 0.004, memory: 14490, decode.loss_seg: 0.0391, decode.acc_seg: 85.4757, aux.loss_seg: 0.0261, aux.acc_seg: 84.4130, loss: 0.0651
2026-04-24 12:56:40,144 - mmseg - INFO - Iter [67550/160000]	lr: 9.028e-06, eta: 1 day, 4:29:15, time: 0.939, data_time: 0.392, memory: 14490, decode.loss_seg: 0.0399, decode.acc_seg: 84.4676, aux.loss_seg: 0.0265, aux.acc_seg: 83.3851, loss: 0.0664
2026-04-24 12:57:26,304 - mmseg - INFO - Iter [67600/160000]	lr: 9.024e-06, eta: 1 day, 4:28:03, time: 0.923, data_time: 0.382, memory: 14490, decode.loss_seg: 0.0422, decode.acc_seg: 85.4441, aux.loss_seg: 0.0296, aux.acc_seg: 84.0815, loss: 0.0718
2026-04-24 12:57:53,534 - mmseg - INFO - Iter [67650/160000]	lr: 9.019e-06, eta: 1 day, 4:26:17, time: 0.545, data_time: 0.005, memory: 14490, decode.loss_seg: 0.0389, decode.acc_seg: 85.2670, aux.loss_seg: 0.0256, aux.acc_seg: 84.2333, loss: 0.0645
2026-04-24 12:58:40,129 - mmseg - INFO - Iter [67700/160000]	lr: 9.014e-06, eta: 1 day, 4:25:06, time: 0.932, data_time: 0.391, memory: 14490, decode.loss_seg: 0.0393, decode.acc_seg: 85.1778, aux.loss_seg: 0.0264, aux.acc_seg: 84.0721, loss: 0.0657
2026-04-24 12:59:27,627 - mmseg - INFO - Iter [67750/160000]	lr: 9.009e-06, eta: 1 day, 4:23:57, time: 0.950, data_time: 0.348, memory: 14490, decode.loss_seg: 0.0404, decode.acc_seg: 83.7013, aux.loss_seg: 0.0275, aux.acc_seg: 82.5162, loss: 0.0680
2026-04-24 12:59:54,853 - mmseg - INFO - Iter [67800/160000]	lr: 9.004e-06, eta: 1 day, 4:22:11, time: 0.545, data_time: 0.005, memory: 14490, decode.loss_seg: 0.0404, decode.acc_seg: 85.7990, aux.loss_seg: 0.0276, aux.acc_seg: 84.5549, loss: 0.0680
2026-04-24 13:00:40,545 - mmseg - INFO - Iter [67850/160000]	lr: 8.999e-06, eta: 1 day, 4:20:58, time: 0.914, data_time: 0.347, memory: 14490, decode.loss_seg: 0.0387, decode.acc_seg: 83.7082, aux.loss_seg: 0.0261, aux.acc_seg: 82.6148, loss: 0.0648
2026-04-24 13:01:27,803 - mmseg - INFO - Iter [67900/160000]	lr: 8.994e-06, eta: 1 day, 4:19:49, time: 0.945, data_time: 0.367, memory: 14490, decode.loss_seg: 0.0394, decode.acc_seg: 84.0763, aux.loss_seg: 0.0267, aux.acc_seg: 82.9357, loss: 0.0661
2026-04-24 13:01:55,043 - mmseg - INFO - Iter [67950/160000]	lr: 8.989e-06, eta: 1 day, 4:18:03, time: 0.545, data_time: 0.004, memory: 14490, decode.loss_seg: 0.0380, decode.acc_seg: 84.5198, aux.loss_seg: 0.0261, aux.acc_seg: 83.4208, loss: 0.0641
2026-04-24 13:02:55,534 - mmseg - INFO - per class results:
2026-04-24 13:02:55,535 - mmseg - INFO - 
+------------+-------+-------+
| Class      | IoU   | Acc   |
+------------+-------+-------+
| housing    | 95.5  | 97.52 |
| industrial | 95.09 | 97.65 |
| natural    | 91.24 | 93.23 |
| land_use   | 82.85 | 87.51 |
| water      | 95.0  | 98.14 |
| other      | 98.59 | 99.23 |
+------------+-------+-------+
2026-04-24 13:02:55,535 - mmseg - INFO - Summary:
2026-04-24 13:02:55,535 - mmseg - INFO - 
+--------+-------+-------+-------+
| Scope  | mIoU  | mAcc  | aAcc  |
+--------+-------+-------+-------+
| global | 93.04 | 95.55 | 96.97 |
+--------+-------+-------+-------+
2026-04-24 13:02:55,577 - mmseg - INFO - Exp name: pixel_upernet_itpn_large_12_512_slide_160k_air_polarsar2_amp_linux.py
2026-04-24 13:02:55,578 - mmseg - INFO - Iter [68000/160000]	lr: 8.985e-06, eta: 1 day, 4:35:37, time: 13.648, data_time: 0.000, memory: 14490, mIoU: 0.9304, mAcc: 0.9555, aAcc: 0.9697
2026-04-24 13:03:22,881 - mmseg - INFO - Iter [68050/160000]	lr: 8.980e-06, eta: 1 day, 4:33:51, time: 0.546, data_time: 0.005, memory: 14490, decode.loss_seg: 0.0386, decode.acc_seg: 82.8579, aux.loss_seg: 0.0260, aux.acc_seg: 81.7601, loss: 0.0646
2026-04-24 13:04:10,050 - mmseg - INFO - Iter [68100/160000]	lr: 8.975e-06, eta: 1 day, 4:32:40, time: 0.943, data_time: 0.363, memory: 14490, decode.loss_seg: 0.0412, decode.acc_seg: 85.9746, aux.loss_seg: 0.0280, aux.acc_seg: 84.7640, loss: 0.0692
2026-04-24 13:04:57,001 - mmseg - INFO - Iter [68150/160000]	lr: 8.970e-06, eta: 1 day, 4:31:28, time: 0.939, data_time: 0.374, memory: 14490, decode.loss_seg: 0.0403, decode.acc_seg: 86.7394, aux.loss_seg: 0.0267, aux.acc_seg: 85.6855, loss: 0.0669
2026-04-24 13:05:24,288 - mmseg - INFO - Iter [68200/160000]	lr: 8.965e-06, eta: 1 day, 4:29:42, time: 0.546, data_time: 0.004, memory: 14490, decode.loss_seg: 0.0398, decode.acc_seg: 85.8176, aux.loss_seg: 0.0265, aux.acc_seg: 84.7249, loss: 0.0663
2026-04-24 13:06:10,436 - mmseg - INFO - Iter [68250/160000]	lr: 8.960e-06, eta: 1 day, 4:28:29, time: 0.923, data_time: 0.361, memory: 14490, decode.loss_seg: 0.0389, decode.acc_seg: 84.8040, aux.loss_seg: 0.0264, aux.acc_seg: 83.6952, loss: 0.0653
2026-04-24 13:06:58,434 - mmseg - INFO - Iter [68300/160000]	lr: 8.955e-06, eta: 1 day, 4:27:19, time: 0.960, data_time: 0.398, memory: 14490, decode.loss_seg: 0.0380, decode.acc_seg: 84.5307, aux.loss_seg: 0.0262, aux.acc_seg: 83.3634, loss: 0.0642
2026-04-24 13:07:25,782 - mmseg - INFO - Iter [68350/160000]	lr: 8.950e-06, eta: 1 day, 4:25:33, time: 0.547, data_time: 0.004, memory: 14490, decode.loss_seg: 0.0396, decode.acc_seg: 84.8753, aux.loss_seg: 0.0261, aux.acc_seg: 83.8303, loss: 0.0657
2026-04-24 13:08:11,451 - mmseg - INFO - Iter [68400/160000]	lr: 8.945e-06, eta: 1 day, 4:24:20, time: 0.913, data_time: 0.324, memory: 14490, decode.loss_seg: 0.0388, decode.acc_seg: 83.9854, aux.loss_seg: 0.0263, aux.acc_seg: 82.8864, loss: 0.0650
2026-04-24 13:08:58,734 - mmseg - INFO - Iter [68450/160000]	lr: 8.941e-06, eta: 1 day, 4:23:09, time: 0.946, data_time: 0.379, memory: 14490, decode.loss_seg: 0.0391, decode.acc_seg: 84.7437, aux.loss_seg: 0.0260, aux.acc_seg: 83.6783, loss: 0.0651
2026-04-24 13:09:26,072 - mmseg - INFO - Iter [68500/160000]	lr: 8.936e-06, eta: 1 day, 4:21:24, time: 0.547, data_time: 0.004, memory: 14490, decode.loss_seg: 0.0374, decode.acc_seg: 82.9073, aux.loss_seg: 0.0256, aux.acc_seg: 81.8361, loss: 0.0630
2026-04-24 13:10:13,275 - mmseg - INFO - Iter [68550/160000]	lr: 8.931e-06, eta: 1 day, 4:20:13, time: 0.944, data_time: 0.373, memory: 14490, decode.loss_seg: 0.0398, decode.acc_seg: 85.3471, aux.loss_seg: 0.0264, aux.acc_seg: 84.2655, loss: 0.0662
2026-04-24 13:11:00,389 - mmseg - INFO - Iter [68600/160000]	lr: 8.926e-06, eta: 1 day, 4:19:02, time: 0.942, data_time: 0.368, memory: 14490, decode.loss_seg: 0.0384, decode.acc_seg: 84.8955, aux.loss_seg: 0.0257, aux.acc_seg: 83.8364, loss: 0.0641
2026-04-24 13:11:27,741 - mmseg - INFO - Iter [68650/160000]	lr: 8.921e-06, eta: 1 day, 4:17:17, time: 0.547, data_time: 0.005, memory: 14490, decode.loss_seg: 0.0380, decode.acc_seg: 84.0638, aux.loss_seg: 0.0259, aux.acc_seg: 82.9568, loss: 0.0639
2026-04-24 13:12:15,339 - mmseg - INFO - Iter [68700/160000]	lr: 8.916e-06, eta: 1 day, 4:16:07, time: 0.952, data_time: 0.340, memory: 14490, decode.loss_seg: 0.0377, decode.acc_seg: 83.3946, aux.loss_seg: 0.0252, aux.acc_seg: 82.3376, loss: 0.0629
2026-04-24 13:13:01,929 - mmseg - INFO - Iter [68750/160000]	lr: 8.911e-06, eta: 1 day, 4:14:55, time: 0.932, data_time: 0.358, memory: 14490, decode.loss_seg: 0.0407, decode.acc_seg: 85.1731, aux.loss_seg: 0.0265, aux.acc_seg: 84.1235, loss: 0.0672
2026-04-24 13:13:29,240 - mmseg - INFO - Iter [68800/160000]	lr: 8.906e-06, eta: 1 day, 4:13:11, time: 0.546, data_time: 0.004, memory: 14490, decode.loss_seg: 0.0385, decode.acc_seg: 83.9007, aux.loss_seg: 0.0262, aux.acc_seg: 82.7941, loss: 0.0647
2026-04-24 13:14:15,465 - mmseg - INFO - Iter [68850/160000]	lr: 8.902e-06, eta: 1 day, 4:11:59, time: 0.924, data_time: 0.378, memory: 14490, decode.loss_seg: 0.0378, decode.acc_seg: 84.5497, aux.loss_seg: 0.0256, aux.acc_seg: 83.4613, loss: 0.0634
2026-04-24 13:15:02,367 - mmseg - INFO - Iter [68900/160000]	lr: 8.897e-06, eta: 1 day, 4:10:48, time: 0.938, data_time: 0.351, memory: 14490, decode.loss_seg: 0.0373, decode.acc_seg: 84.0274, aux.loss_seg: 0.0253, aux.acc_seg: 82.9482, loss: 0.0626
2026-04-24 13:15:29,663 - mmseg - INFO - Iter [68950/160000]	lr: 8.892e-06, eta: 1 day, 4:09:03, time: 0.546, data_time: 0.004, memory: 14490, decode.loss_seg: 0.0378, decode.acc_seg: 84.3468, aux.loss_seg: 0.0257, aux.acc_seg: 83.2489, loss: 0.0635
2026-04-24 13:16:15,307 - mmseg - INFO - Exp name: pixel_upernet_itpn_large_12_512_slide_160k_air_polarsar2_amp_linux.py
2026-04-24 13:16:15,307 - mmseg - INFO - Iter [69000/160000]	lr: 8.887e-06, eta: 1 day, 4:07:51, time: 0.913, data_time: 0.361, memory: 14490, decode.loss_seg: 0.0375, decode.acc_seg: 85.2622, aux.loss_seg: 0.0252, aux.acc_seg: 84.2026, loss: 0.0627
2026-04-24 13:16:42,550 - mmseg - INFO - Iter [69050/160000]	lr: 8.882e-06, eta: 1 day, 4:06:06, time: 0.545, data_time: 0.004, memory: 14490, decode.loss_seg: 0.0392, decode.acc_seg: 83.8748, aux.loss_seg: 0.0266, aux.acc_seg: 82.7653, loss: 0.0658
2026-04-24 13:17:28,701 - mmseg - INFO - Iter [69100/160000]	lr: 8.877e-06, eta: 1 day, 4:04:54, time: 0.923, data_time: 0.354, memory: 14490, decode.loss_seg: 0.0392, decode.acc_seg: 84.3293, aux.loss_seg: 0.0269, aux.acc_seg: 83.1414, loss: 0.0662
2026-04-24 13:18:15,347 - mmseg - INFO - Iter [69150/160000]	lr: 8.872e-06, eta: 1 day, 4:03:43, time: 0.933, data_time: 0.387, memory: 14490, decode.loss_seg: 0.0386, decode.acc_seg: 84.8283, aux.loss_seg: 0.0259, aux.acc_seg: 83.7766, loss: 0.0645
2026-04-24 13:18:42,589 - mmseg - INFO - Iter [69200/160000]	lr: 8.867e-06, eta: 1 day, 4:01:59, time: 0.545, data_time: 0.003, memory: 14490, decode.loss_seg: 0.0392, decode.acc_seg: 86.5721, aux.loss_seg: 0.0263, aux.acc_seg: 85.4982, loss: 0.0655
2026-04-24 13:19:28,630 - mmseg - INFO - Iter [69250/160000]	lr: 8.862e-06, eta: 1 day, 4:00:48, time: 0.921, data_time: 0.352, memory: 14490, decode.loss_seg: 0.0391, decode.acc_seg: 84.1548, aux.loss_seg: 0.0263, aux.acc_seg: 83.0780, loss: 0.0653
2026-04-24 13:20:14,991 - mmseg - INFO - Iter [69300/160000]	lr: 8.858e-06, eta: 1 day, 3:59:36, time: 0.927, data_time: 0.373, memory: 14490, decode.loss_seg: 0.0402, decode.acc_seg: 84.3375, aux.loss_seg: 0.0284, aux.acc_seg: 83.1038, loss: 0.0686
2026-04-24 13:20:42,271 - mmseg - INFO - Iter [69350/160000]	lr: 8.853e-06, eta: 1 day, 3:57:53, time: 0.546, data_time: 0.005, memory: 14490, decode.loss_seg: 0.0377, decode.acc_seg: 83.6987, aux.loss_seg: 0.0255, aux.acc_seg: 82.6007, loss: 0.0632
2026-04-24 13:21:29,163 - mmseg - INFO - Iter [69400/160000]	lr: 8.848e-06, eta: 1 day, 3:56:43, time: 0.938, data_time: 0.376, memory: 14490, decode.loss_seg: 0.0380, decode.acc_seg: 84.1424, aux.loss_seg: 0.0256, aux.acc_seg: 83.0918, loss: 0.0636
2026-04-24 13:22:15,804 - mmseg - INFO - Iter [69450/160000]	lr: 8.843e-06, eta: 1 day, 3:55:32, time: 0.933, data_time: 0.386, memory: 14490, decode.loss_seg: 0.0389, decode.acc_seg: 83.1564, aux.loss_seg: 0.0263, aux.acc_seg: 82.0481, loss: 0.0652
2026-04-24 13:22:43,028 - mmseg - INFO - Iter [69500/160000]	lr: 8.838e-06, eta: 1 day, 3:53:49, time: 0.545, data_time: 0.004, memory: 14490, decode.loss_seg: 0.0372, decode.acc_seg: 83.2301, aux.loss_seg: 0.0253, aux.acc_seg: 82.1392, loss: 0.0625
2026-04-24 13:23:30,084 - mmseg - INFO - Iter [69550/160000]	lr: 8.833e-06, eta: 1 day, 3:52:39, time: 0.941, data_time: 0.392, memory: 14490, decode.loss_seg: 0.0382, decode.acc_seg: 83.8745, aux.loss_seg: 0.0257, aux.acc_seg: 82.8137, loss: 0.0639
2026-04-24 13:24:17,509 - mmseg - INFO - Iter [69600/160000]	lr: 8.828e-06, eta: 1 day, 3:51:30, time: 0.949, data_time: 0.408, memory: 14490, decode.loss_seg: 0.0386, decode.acc_seg: 85.1314, aux.loss_seg: 0.0257, aux.acc_seg: 84.0672, loss: 0.0643
2026-04-24 13:24:44,739 - mmseg - INFO - Iter [69650/160000]	lr: 8.823e-06, eta: 1 day, 3:49:47, time: 0.545, data_time: 0.004, memory: 14490, decode.loss_seg: 0.0378, decode.acc_seg: 84.5558, aux.loss_seg: 0.0257, aux.acc_seg: 83.4531, loss: 0.0635
2026-04-24 13:25:31,764 - mmseg - INFO - Iter [69700/160000]	lr: 8.819e-06, eta: 1 day, 3:48:37, time: 0.940, data_time: 0.402, memory: 14490, decode.loss_seg: 0.0377, decode.acc_seg: 83.6863, aux.loss_seg: 0.0252, aux.acc_seg: 82.6321, loss: 0.0629
2026-04-24 13:26:18,670 - mmseg - INFO - Iter [69750/160000]	lr: 8.814e-06, eta: 1 day, 3:47:28, time: 0.938, data_time: 0.393, memory: 14490, decode.loss_seg: 0.0395, decode.acc_seg: 84.4144, aux.loss_seg: 0.0266, aux.acc_seg: 83.2834, loss: 0.0661
2026-04-24 13:26:45,870 - mmseg - INFO - Iter [69800/160000]	lr: 8.809e-06, eta: 1 day, 3:45:45, time: 0.544, data_time: 0.005, memory: 14490, decode.loss_seg: 0.0416, decode.acc_seg: 84.8975, aux.loss_seg: 0.0313, aux.acc_seg: 83.5270, loss: 0.0729
2026-04-24 13:27:31,921 - mmseg - INFO - Iter [69850/160000]	lr: 8.804e-06, eta: 1 day, 3:44:34, time: 0.921, data_time: 0.343, memory: 14490, decode.loss_seg: 0.0388, decode.acc_seg: 84.2502, aux.loss_seg: 0.0258, aux.acc_seg: 83.1831, loss: 0.0646
2026-04-24 13:27:59,191 - mmseg - INFO - Iter [69900/160000]	lr: 8.799e-06, eta: 1 day, 3:42:51, time: 0.545, data_time: 0.005, memory: 14490, decode.loss_seg: 0.0394, decode.acc_seg: 85.8271, aux.loss_seg: 0.0263, aux.acc_seg: 84.7564, loss: 0.0658
2026-04-24 13:28:46,430 - mmseg - INFO - Iter [69950/160000]	lr: 8.794e-06, eta: 1 day, 3:41:42, time: 0.945, data_time: 0.316, memory: 14490, decode.loss_seg: 0.0376, decode.acc_seg: 82.7080, aux.loss_seg: 0.0258, aux.acc_seg: 81.6089, loss: 0.0634
2026-04-24 13:29:45,695 - mmseg - INFO - per class results:
2026-04-24 13:29:45,696 - mmseg - INFO - 
+------------+-------+-------+
| Class      | IoU   | Acc   |
+------------+-------+-------+
| housing    | 95.67 | 97.65 |
| industrial | 95.47 | 97.76 |
| natural    | 91.2  | 93.57 |
| land_use   | 83.79 | 88.7  |
| water      | 95.35 | 98.23 |
| other      | 98.67 | 99.46 |
+------------+-------+-------+
2026-04-24 13:29:45,696 - mmseg - INFO - Summary:
2026-04-24 13:29:45,697 - mmseg - INFO - 
+--------+-------+-------+-------+
| Scope  | mIoU  | mAcc  | aAcc  |
+--------+-------+-------+-------+
| global | 93.36 | 95.89 | 97.17 |
+--------+-------+-------+-------+
2026-04-24 13:29:45,733 - mmseg - INFO - Exp name: pixel_upernet_itpn_large_12_512_slide_160k_air_polarsar2_amp_linux.py
2026-04-24 13:29:45,733 - mmseg - INFO - Iter [70000/160000]	lr: 8.789e-06, eta: 1 day, 3:58:00, time: 13.505, data_time: 0.000, memory: 14490, mIoU: 0.9336, mAcc: 0.9589, aAcc: 0.9717
2026-04-24 13:30:13,101 - mmseg - INFO - Iter [70050/160000]	lr: 8.784e-06, eta: 1 day, 3:56:17, time: 0.547, data_time: 0.004, memory: 14490, decode.loss_seg: 0.0395, decode.acc_seg: 84.0351, aux.loss_seg: 0.0286, aux.acc_seg: 82.7996, loss: 0.0681
2026-04-24 13:30:59,574 - mmseg - INFO - Iter [70100/160000]	lr: 8.779e-06, eta: 1 day, 3:55:05, time: 0.929, data_time: 0.387, memory: 14490, decode.loss_seg: 0.0376, decode.acc_seg: 85.0011, aux.loss_seg: 0.0256, aux.acc_seg: 83.9217, loss: 0.0632
2026-04-24 13:31:45,916 - mmseg - INFO - Iter [70150/160000]	lr: 8.775e-06, eta: 1 day, 3:53:53, time: 0.927, data_time: 0.355, memory: 14490, decode.loss_seg: 0.0390, decode.acc_seg: 83.6299, aux.loss_seg: 0.0261, aux.acc_seg: 82.5333, loss: 0.0651
2026-04-24 13:32:13,264 - mmseg - INFO - Iter [70200/160000]	lr: 8.770e-06, eta: 1 day, 3:52:10, time: 0.547, data_time: 0.004, memory: 14490, decode.loss_seg: 0.0393, decode.acc_seg: 84.9200, aux.loss_seg: 0.0261, aux.acc_seg: 83.8082, loss: 0.0654
2026-04-24 13:33:00,356 - mmseg - INFO - Iter [70250/160000]	lr: 8.765e-06, eta: 1 day, 3:51:00, time: 0.942, data_time: 0.400, memory: 14490, decode.loss_seg: 0.0368, decode.acc_seg: 84.0400, aux.loss_seg: 0.0253, aux.acc_seg: 82.9381, loss: 0.0620
2026-04-24 13:33:46,885 - mmseg - INFO - Iter [70300/160000]	lr: 8.760e-06, eta: 1 day, 3:49:49, time: 0.930, data_time: 0.390, memory: 14490, decode.loss_seg: 0.0383, decode.acc_seg: 84.2194, aux.loss_seg: 0.0257, aux.acc_seg: 83.1453, loss: 0.0640
2026-04-24 13:34:14,124 - mmseg - INFO - Iter [70350/160000]	lr: 8.755e-06, eta: 1 day, 3:48:05, time: 0.545, data_time: 0.004, memory: 14490, decode.loss_seg: 0.0389, decode.acc_seg: 84.0839, aux.loss_seg: 0.0266, aux.acc_seg: 82.9665, loss: 0.0654
2026-04-24 13:35:00,111 - mmseg - INFO - Iter [70400/160000]	lr: 8.750e-06, eta: 1 day, 3:46:53, time: 0.920, data_time: 0.346, memory: 14490, decode.loss_seg: 0.0379, decode.acc_seg: 85.8486, aux.loss_seg: 0.0255, aux.acc_seg: 84.8069, loss: 0.0635
2026-04-24 13:35:47,098 - mmseg - INFO - Iter [70450/160000]	lr: 8.745e-06, eta: 1 day, 3:45:43, time: 0.940, data_time: 0.369, memory: 14490, decode.loss_seg: 0.0386, decode.acc_seg: 83.3507, aux.loss_seg: 0.0259, aux.acc_seg: 82.2466, loss: 0.0645
2026-04-24 13:36:14,336 - mmseg - INFO - Iter [70500/160000]	lr: 8.740e-06, eta: 1 day, 3:44:00, time: 0.545, data_time: 0.004, memory: 14490, decode.loss_seg: 0.0379, decode.acc_seg: 85.3882, aux.loss_seg: 0.0258, aux.acc_seg: 84.3003, loss: 0.0636
2026-04-24 13:36:58,885 - mmseg - INFO - Iter [70550/160000]	lr: 8.736e-06, eta: 1 day, 3:42:46, time: 0.891, data_time: 0.330, memory: 14490, decode.loss_seg: 0.0375, decode.acc_seg: 84.6924, aux.loss_seg: 0.0256, aux.acc_seg: 83.5930, loss: 0.0631
2026-04-24 13:37:45,457 - mmseg - INFO - Iter [70600/160000]	lr: 8.731e-06, eta: 1 day, 3:41:35, time: 0.931, data_time: 0.352, memory: 14490, decode.loss_seg: 0.0368, decode.acc_seg: 84.8399, aux.loss_seg: 0.0246, aux.acc_seg: 83.8235, loss: 0.0614
2026-04-24 13:38:12,654 - mmseg - INFO - Iter [70650/160000]	lr: 8.726e-06, eta: 1 day, 3:39:53, time: 0.544, data_time: 0.004, memory: 14490, decode.loss_seg: 0.0383, decode.acc_seg: 84.8202, aux.loss_seg: 0.0257, aux.acc_seg: 83.7420, loss: 0.0639
2026-04-24 13:38:58,392 - mmseg - INFO - Iter [70700/160000]	lr: 8.721e-06, eta: 1 day, 3:38:41, time: 0.915, data_time: 0.324, memory: 14490, decode.loss_seg: 0.0383, decode.acc_seg: 84.3832, aux.loss_seg: 0.0264, aux.acc_seg: 83.2291, loss: 0.0647
2026-04-24 13:39:45,550 - mmseg - INFO - Iter [70750/160000]	lr: 8.716e-06, eta: 1 day, 3:37:31, time: 0.943, data_time: 0.357, memory: 14490, decode.loss_seg: 0.0387, decode.acc_seg: 86.1869, aux.loss_seg: 0.0256, aux.acc_seg: 85.1571, loss: 0.0644
2026-04-24 13:40:12,781 - mmseg - INFO - Iter [70800/160000]	lr: 8.711e-06, eta: 1 day, 3:35:49, time: 0.545, data_time: 0.004, memory: 14490, decode.loss_seg: 0.0378, decode.acc_seg: 83.8941, aux.loss_seg: 0.0254, aux.acc_seg: 82.8285, loss: 0.0632
2026-04-24 13:40:58,829 - mmseg - INFO - Iter [70850/160000]	lr: 8.706e-06, eta: 1 day, 3:34:38, time: 0.921, data_time: 0.381, memory: 14490, decode.loss_seg: 0.0386, decode.acc_seg: 83.8437, aux.loss_seg: 0.0288, aux.acc_seg: 82.6404, loss: 0.0674
2026-04-24 13:41:26,098 - mmseg - INFO - Iter [70900/160000]	lr: 8.701e-06, eta: 1 day, 3:32:56, time: 0.545, data_time: 0.004, memory: 14490, decode.loss_seg: 0.0376, decode.acc_seg: 84.9539, aux.loss_seg: 0.0255, aux.acc_seg: 83.8788, loss: 0.0631
2026-04-24 13:42:12,693 - mmseg - INFO - Iter [70950/160000]	lr: 8.696e-06, eta: 1 day, 3:31:46, time: 0.932, data_time: 0.375, memory: 14490, decode.loss_seg: 0.0384, decode.acc_seg: 83.8352, aux.loss_seg: 0.0261, aux.acc_seg: 82.7372, loss: 0.0644
2026-04-24 13:42:59,258 - mmseg - INFO - Exp name: pixel_upernet_itpn_large_12_512_slide_160k_air_polarsar2_amp_linux.py
2026-04-24 13:42:59,258 - mmseg - INFO - Iter [71000/160000]	lr: 8.692e-06, eta: 1 day, 3:30:35, time: 0.931, data_time: 0.364, memory: 14490, decode.loss_seg: 0.0382, decode.acc_seg: 85.3864, aux.loss_seg: 0.0261, aux.acc_seg: 84.2779, loss: 0.0643
2026-04-24 13:43:26,507 - mmseg - INFO - Iter [71050/160000]	lr: 8.687e-06, eta: 1 day, 3:28:54, time: 0.545, data_time: 0.004, memory: 14490, decode.loss_seg: 0.0373, decode.acc_seg: 84.5380, aux.loss_seg: 0.0260, aux.acc_seg: 83.3894, loss: 0.0633
2026-04-24 13:44:12,537 - mmseg - INFO - Iter [71100/160000]	lr: 8.682e-06, eta: 1 day, 3:27:43, time: 0.921, data_time: 0.380, memory: 14490, decode.loss_seg: 0.0387, decode.acc_seg: 85.2559, aux.loss_seg: 0.0259, aux.acc_seg: 84.1864, loss: 0.0645
2026-04-24 13:44:59,577 - mmseg - INFO - Iter [71150/160000]	lr: 8.677e-06, eta: 1 day, 3:26:33, time: 0.941, data_time: 0.400, memory: 14490, decode.loss_seg: 0.0375, decode.acc_seg: 83.5222, aux.loss_seg: 0.0263, aux.acc_seg: 82.3951, loss: 0.0638
2026-04-24 13:45:26,840 - mmseg - INFO - Iter [71200/160000]	lr: 8.672e-06, eta: 1 day, 3:24:52, time: 0.545, data_time: 0.004, memory: 14490, decode.loss_seg: 0.0379, decode.acc_seg: 83.8491, aux.loss_seg: 0.0282, aux.acc_seg: 82.6615, loss: 0.0662
2026-04-24 13:46:14,138 - mmseg - INFO - Iter [71250/160000]	lr: 8.667e-06, eta: 1 day, 3:23:43, time: 0.946, data_time: 0.391, memory: 14490, decode.loss_seg: 0.0374, decode.acc_seg: 85.2926, aux.loss_seg: 0.0268, aux.acc_seg: 84.1317, loss: 0.0642
2026-04-24 13:47:00,708 - mmseg - INFO - Iter [71300/160000]	lr: 8.662e-06, eta: 1 day, 3:22:33, time: 0.932, data_time: 0.387, memory: 14490, decode.loss_seg: 0.0400, decode.acc_seg: 86.0394, aux.loss_seg: 0.0265, aux.acc_seg: 85.0067, loss: 0.0664
2026-04-24 13:47:27,972 - mmseg - INFO - Iter [71350/160000]	lr: 8.657e-06, eta: 1 day, 3:20:52, time: 0.545, data_time: 0.003, memory: 14490, decode.loss_seg: 0.0380, decode.acc_seg: 83.9442, aux.loss_seg: 0.0256, aux.acc_seg: 82.8803, loss: 0.0636
2026-04-24 13:48:14,537 - mmseg - INFO - Iter [71400/160000]	lr: 8.653e-06, eta: 1 day, 3:19:43, time: 0.931, data_time: 0.391, memory: 14490, decode.loss_seg: 0.0369, decode.acc_seg: 85.2396, aux.loss_seg: 0.0255, aux.acc_seg: 84.1667, loss: 0.0624
2026-04-24 13:49:01,343 - mmseg - INFO - Iter [71450/160000]	lr: 8.648e-06, eta: 1 day, 3:18:33, time: 0.936, data_time: 0.372, memory: 14490, decode.loss_seg: 0.0381, decode.acc_seg: 84.3076, aux.loss_seg: 0.0256, aux.acc_seg: 83.2488, loss: 0.0637
2026-04-24 13:49:28,643 - mmseg - INFO - Iter [71500/160000]	lr: 8.643e-06, eta: 1 day, 3:16:53, time: 0.546, data_time: 0.004, memory: 14490, decode.loss_seg: 0.0379, decode.acc_seg: 84.3682, aux.loss_seg: 0.0258, aux.acc_seg: 83.2660, loss: 0.0637
2026-04-24 13:50:15,441 - mmseg - INFO - Iter [71550/160000]	lr: 8.638e-06, eta: 1 day, 3:15:43, time: 0.936, data_time: 0.395, memory: 14490, decode.loss_seg: 0.0376, decode.acc_seg: 83.7051, aux.loss_seg: 0.0257, aux.acc_seg: 82.5973, loss: 0.0633
2026-04-24 13:51:01,609 - mmseg - INFO - Iter [71600/160000]	lr: 8.633e-06, eta: 1 day, 3:14:33, time: 0.923, data_time: 0.369, memory: 14490, decode.loss_seg: 0.0367, decode.acc_seg: 85.1322, aux.loss_seg: 0.0247, aux.acc_seg: 84.1009, loss: 0.0614
2026-04-24 13:51:28,917 - mmseg - INFO - Iter [71650/160000]	lr: 8.628e-06, eta: 1 day, 3:12:53, time: 0.546, data_time: 0.004, memory: 14490, decode.loss_seg: 0.0427, decode.acc_seg: 84.0997, aux.loss_seg: 0.0271, aux.acc_seg: 83.0241, loss: 0.0698
2026-04-24 13:52:15,182 - mmseg - INFO - Iter [71700/160000]	lr: 8.623e-06, eta: 1 day, 3:11:43, time: 0.925, data_time: 0.384, memory: 14490, decode.loss_seg: 0.0427, decode.acc_seg: 84.0231, aux.loss_seg: 0.0274, aux.acc_seg: 82.9696, loss: 0.0701
2026-04-24 13:53:02,994 - mmseg - INFO - Iter [71750/160000]	lr: 8.618e-06, eta: 1 day, 3:10:35, time: 0.956, data_time: 0.367, memory: 14490, decode.loss_seg: 0.0443, decode.acc_seg: 84.4620, aux.loss_seg: 0.0281, aux.acc_seg: 83.4119, loss: 0.0723
2026-04-24 13:53:30,217 - mmseg - INFO - Iter [71800/160000]	lr: 8.613e-06, eta: 1 day, 3:08:55, time: 0.545, data_time: 0.004, memory: 14490, decode.loss_seg: 0.0404, decode.acc_seg: 84.7446, aux.loss_seg: 0.0277, aux.acc_seg: 83.5694, loss: 0.0680
2026-04-24 13:54:17,191 - mmseg - INFO - Iter [71850/160000]	lr: 8.609e-06, eta: 1 day, 3:07:47, time: 0.939, data_time: 0.379, memory: 14490, decode.loss_seg: 0.0414, decode.acc_seg: 85.7227, aux.loss_seg: 0.0281, aux.acc_seg: 84.5592, loss: 0.0696
2026-04-24 13:54:44,433 - mmseg - INFO - Iter [71900/160000]	lr: 8.604e-06, eta: 1 day, 3:06:07, time: 0.545, data_time: 0.004, memory: 14490, decode.loss_seg: 0.0377, decode.acc_seg: 83.4482, aux.loss_seg: 0.0256, aux.acc_seg: 82.3617, loss: 0.0633
2026-04-24 13:55:31,929 - mmseg - INFO - Iter [71950/160000]	lr: 8.599e-06, eta: 1 day, 3:04:59, time: 0.950, data_time: 0.349, memory: 14490, decode.loss_seg: 0.0375, decode.acc_seg: 82.8293, aux.loss_seg: 0.0257, aux.acc_seg: 81.7253, loss: 0.0632
2026-04-24 13:56:28,738 - mmseg - INFO - per class results:
2026-04-24 13:56:28,738 - mmseg - INFO - 
+------------+-------+-------+
| Class      | IoU   | Acc   |
+------------+-------+-------+
| housing    | 95.61 | 97.62 |
| industrial | 95.26 | 97.59 |
| natural    | 90.62 | 93.01 |
| land_use   | 83.03 | 87.98 |
| water      | 95.22 | 98.27 |
| other      | 98.64 | 99.54 |
+------------+-------+-------+
2026-04-24 13:56:28,738 - mmseg - INFO - Summary:
2026-04-24 13:56:28,738 - mmseg - INFO - 
+--------+-------+-------+-------+
| Scope  | mIoU  | mAcc  | aAcc  |
+--------+-------+-------+-------+
| global | 93.06 | 95.67 | 97.06 |
+--------+-------+-------+-------+
2026-04-24 13:56:28,763 - mmseg - INFO - Exp name: pixel_upernet_itpn_large_12_512_slide_160k_air_polarsar2_amp_linux.py
2026-04-24 13:56:28,763 - mmseg - INFO - Iter [72000/160000]	lr: 8.594e-06, eta: 1 day, 3:18:34, time: 12.179, data_time: 0.000, memory: 14490, mIoU: 0.9306, mAcc: 0.9567, aAcc: 0.9706
2026-04-24 13:56:55,973 - mmseg - INFO - Iter [72050/160000]	lr: 8.589e-06, eta: 1 day, 3:16:53, time: 0.544, data_time: 0.004, memory: 14490, decode.loss_seg: 0.0375, decode.acc_seg: 83.2252, aux.loss_seg: 0.0251, aux.acc_seg: 82.1874, loss: 0.0626
2026-04-24 13:57:42,403 - mmseg - INFO - Iter [72100/160000]	lr: 8.584e-06, eta: 1 day, 3:15:42, time: 0.929, data_time: 0.358, memory: 14490, decode.loss_seg: 0.0401, decode.acc_seg: 84.9538, aux.loss_seg: 0.0280, aux.acc_seg: 83.7106, loss: 0.0681
2026-04-24 13:58:28,127 - mmseg - INFO - Iter [72150/160000]	lr: 8.579e-06, eta: 1 day, 3:14:31, time: 0.914, data_time: 0.353, memory: 14490, decode.loss_seg: 0.0393, decode.acc_seg: 84.0146, aux.loss_seg: 0.0258, aux.acc_seg: 82.9778, loss: 0.0651
2026-04-24 13:58:55,370 - mmseg - INFO - Iter [72200/160000]	lr: 8.574e-06, eta: 1 day, 3:12:50, time: 0.545, data_time: 0.004, memory: 14490, decode.loss_seg: 0.0382, decode.acc_seg: 86.2065, aux.loss_seg: 0.0257, aux.acc_seg: 85.1333, loss: 0.0639
2026-04-24 13:59:42,634 - mmseg - INFO - Iter [72250/160000]	lr: 8.570e-06, eta: 1 day, 3:11:41, time: 0.945, data_time: 0.349, memory: 14490, decode.loss_seg: 0.0389, decode.acc_seg: 84.9937, aux.loss_seg: 0.0261, aux.acc_seg: 83.9115, loss: 0.0651
2026-04-24 14:00:29,850 - mmseg - INFO - Iter [72300/160000]	lr: 8.565e-06, eta: 1 day, 3:10:32, time: 0.944, data_time: 0.384, memory: 14490, decode.loss_seg: 0.0376, decode.acc_seg: 82.9224, aux.loss_seg: 0.0255, aux.acc_seg: 81.8255, loss: 0.0630
2026-04-24 14:00:57,191 - mmseg - INFO - Iter [72350/160000]	lr: 8.560e-06, eta: 1 day, 3:08:52, time: 0.547, data_time: 0.004, memory: 14490, decode.loss_seg: 0.0368, decode.acc_seg: 84.2907, aux.loss_seg: 0.0251, aux.acc_seg: 83.2105, loss: 0.0619
2026-04-24 14:01:42,964 - mmseg - INFO - Iter [72400/160000]	lr: 8.555e-06, eta: 1 day, 3:07:41, time: 0.916, data_time: 0.356, memory: 14490, decode.loss_seg: 0.0377, decode.acc_seg: 85.2163, aux.loss_seg: 0.0257, aux.acc_seg: 84.1527, loss: 0.0634
2026-04-24 14:02:28,953 - mmseg - INFO - Iter [72450/160000]	lr: 8.550e-06, eta: 1 day, 3:06:30, time: 0.920, data_time: 0.356, memory: 14490, decode.loss_seg: 0.0371, decode.acc_seg: 86.3297, aux.loss_seg: 0.0258, aux.acc_seg: 85.2189, loss: 0.0629
2026-04-24 14:02:56,268 - mmseg - INFO - Iter [72500/160000]	lr: 8.545e-06, eta: 1 day, 3:04:50, time: 0.546, data_time: 0.004, memory: 14490, decode.loss_seg: 0.0381, decode.acc_seg: 84.9096, aux.loss_seg: 0.0258, aux.acc_seg: 83.8341, loss: 0.0639
2026-04-24 14:03:43,516 - mmseg - INFO - Iter [72550/160000]	lr: 8.540e-06, eta: 1 day, 3:03:41, time: 0.945, data_time: 0.343, memory: 14490, decode.loss_seg: 0.0376, decode.acc_seg: 84.9810, aux.loss_seg: 0.0260, aux.acc_seg: 83.8301, loss: 0.0636
2026-04-24 14:04:31,234 - mmseg - INFO - Iter [72600/160000]	lr: 8.535e-06, eta: 1 day, 3:02:33, time: 0.955, data_time: 0.340, memory: 14490, decode.loss_seg: 0.0363, decode.acc_seg: 84.4813, aux.loss_seg: 0.0249, aux.acc_seg: 83.4129, loss: 0.0611
2026-04-24 14:04:58,460 - mmseg - INFO - Iter [72650/160000]	lr: 8.530e-06, eta: 1 day, 3:00:54, time: 0.544, data_time: 0.004, memory: 14490, decode.loss_seg: 0.0372, decode.acc_seg: 84.7286, aux.loss_seg: 0.0262, aux.acc_seg: 83.5323, loss: 0.0634
2026-04-24 14:05:44,667 - mmseg - INFO - Iter [72700/160000]	lr: 8.526e-06, eta: 1 day, 2:59:43, time: 0.924, data_time: 0.343, memory: 14490, decode.loss_seg: 0.0358, decode.acc_seg: 82.8433, aux.loss_seg: 0.0246, aux.acc_seg: 81.7611, loss: 0.0605
2026-04-24 14:06:30,107 - mmseg - INFO - Iter [72750/160000]	lr: 8.521e-06, eta: 1 day, 2:58:32, time: 0.909, data_time: 0.333, memory: 14490, decode.loss_seg: 0.0365, decode.acc_seg: 83.6689, aux.loss_seg: 0.0250, aux.acc_seg: 82.5258, loss: 0.0615
2026-04-24 14:06:57,349 - mmseg - INFO - Iter [72800/160000]	lr: 8.516e-06, eta: 1 day, 2:56:53, time: 0.545, data_time: 0.004, memory: 14490, decode.loss_seg: 0.0367, decode.acc_seg: 84.4400, aux.loss_seg: 0.0253, aux.acc_seg: 83.3300, loss: 0.0620
2026-04-24 14:07:43,479 - mmseg - INFO - Iter [72850/160000]	lr: 8.511e-06, eta: 1 day, 2:55:43, time: 0.923, data_time: 0.364, memory: 14490, decode.loss_seg: 0.0360, decode.acc_seg: 82.9535, aux.loss_seg: 0.0244, aux.acc_seg: 81.9028, loss: 0.0605
2026-04-24 14:08:10,766 - mmseg - INFO - Iter [72900/160000]	lr: 8.506e-06, eta: 1 day, 2:54:04, time: 0.546, data_time: 0.004, memory: 14490, decode.loss_seg: 0.0370, decode.acc_seg: 85.6844, aux.loss_seg: 0.0251, aux.acc_seg: 84.6378, loss: 0.0621
2026-04-24 14:08:57,620 - mmseg - INFO - Iter [72950/160000]	lr: 8.501e-06, eta: 1 day, 2:52:55, time: 0.937, data_time: 0.354, memory: 14490, decode.loss_seg: 0.0372, decode.acc_seg: 84.8913, aux.loss_seg: 0.0252, aux.acc_seg: 83.8117, loss: 0.0624
2026-04-24 14:09:44,390 - mmseg - INFO - Exp name: pixel_upernet_itpn_large_12_512_slide_160k_air_polarsar2_amp_linux.py
2026-04-24 14:09:44,391 - mmseg - INFO - Iter [73000/160000]	lr: 8.496e-06, eta: 1 day, 2:51:46, time: 0.935, data_time: 0.351, memory: 14490, decode.loss_seg: 0.0364, decode.acc_seg: 85.7721, aux.loss_seg: 0.0249, aux.acc_seg: 84.7044, loss: 0.0613
2026-04-24 14:10:11,628 - mmseg - INFO - Iter [73050/160000]	lr: 8.491e-06, eta: 1 day, 2:50:07, time: 0.545, data_time: 0.004, memory: 14490, decode.loss_seg: 0.0378, decode.acc_seg: 84.4118, aux.loss_seg: 0.0257, aux.acc_seg: 83.3026, loss: 0.0635
2026-04-24 14:10:58,530 - mmseg - INFO - Iter [73100/160000]	lr: 8.486e-06, eta: 1 day, 2:48:58, time: 0.938, data_time: 0.342, memory: 14490, decode.loss_seg: 0.0404, decode.acc_seg: 84.4800, aux.loss_seg: 0.0264, aux.acc_seg: 83.4309, loss: 0.0668
2026-04-24 14:11:45,627 - mmseg - INFO - Iter [73150/160000]	lr: 8.482e-06, eta: 1 day, 2:47:50, time: 0.942, data_time: 0.393, memory: 14490, decode.loss_seg: 0.0368, decode.acc_seg: 83.8296, aux.loss_seg: 0.0261, aux.acc_seg: 82.6790, loss: 0.0629
2026-04-24 14:12:12,852 - mmseg - INFO - Iter [73200/160000]	lr: 8.477e-06, eta: 1 day, 2:46:11, time: 0.544, data_time: 0.005, memory: 14490, decode.loss_seg: 0.0366, decode.acc_seg: 85.2077, aux.loss_seg: 0.0251, aux.acc_seg: 84.1045, loss: 0.0618
2026-04-24 14:12:57,998 - mmseg - INFO - Iter [73250/160000]	lr: 8.472e-06, eta: 1 day, 2:45:00, time: 0.903, data_time: 0.323, memory: 14490, decode.loss_seg: 0.0375, decode.acc_seg: 84.6800, aux.loss_seg: 0.0256, aux.acc_seg: 83.5878, loss: 0.0630
2026-04-24 14:13:44,141 - mmseg - INFO - Iter [73300/160000]	lr: 8.467e-06, eta: 1 day, 2:43:50, time: 0.923, data_time: 0.356, memory: 14490, decode.loss_seg: 0.0362, decode.acc_seg: 83.8527, aux.loss_seg: 0.0249, aux.acc_seg: 82.7744, loss: 0.0611
2026-04-24 14:14:11,351 - mmseg - INFO - Iter [73350/160000]	lr: 8.462e-06, eta: 1 day, 2:42:12, time: 0.544, data_time: 0.005, memory: 14490, decode.loss_seg: 0.0382, decode.acc_seg: 84.5955, aux.loss_seg: 0.0274, aux.acc_seg: 83.3259, loss: 0.0655
2026-04-24 14:14:57,696 - mmseg - INFO - Iter [73400/160000]	lr: 8.457e-06, eta: 1 day, 2:41:03, time: 0.927, data_time: 0.338, memory: 14490, decode.loss_seg: 0.0354, decode.acc_seg: 84.4134, aux.loss_seg: 0.0246, aux.acc_seg: 83.3399, loss: 0.0600
2026-04-24 14:15:43,712 - mmseg - INFO - Iter [73450/160000]	lr: 8.452e-06, eta: 1 day, 2:39:53, time: 0.920, data_time: 0.326, memory: 14490, decode.loss_seg: 0.0372, decode.acc_seg: 84.9176, aux.loss_seg: 0.0256, aux.acc_seg: 83.8133, loss: 0.0628
2026-04-24 14:16:10,902 - mmseg - INFO - Iter [73500/160000]	lr: 8.447e-06, eta: 1 day, 2:38:15, time: 0.544, data_time: 0.004, memory: 14490, decode.loss_seg: 0.0368, decode.acc_seg: 85.0933, aux.loss_seg: 0.0252, aux.acc_seg: 84.0183, loss: 0.0620
2026-04-24 14:16:57,728 - mmseg - INFO - Iter [73550/160000]	lr: 8.443e-06, eta: 1 day, 2:37:07, time: 0.936, data_time: 0.344, memory: 14490, decode.loss_seg: 0.0354, decode.acc_seg: 83.6694, aux.loss_seg: 0.0248, aux.acc_seg: 82.5982, loss: 0.0602
2026-04-24 14:17:44,432 - mmseg - INFO - Iter [73600/160000]	lr: 8.438e-06, eta: 1 day, 2:35:58, time: 0.934, data_time: 0.372, memory: 14490, decode.loss_seg: 0.0378, decode.acc_seg: 83.7920, aux.loss_seg: 0.0257, aux.acc_seg: 82.7024, loss: 0.0635
2026-04-24 14:18:11,627 - mmseg - INFO - Iter [73650/160000]	lr: 8.433e-06, eta: 1 day, 2:34:21, time: 0.544, data_time: 0.004, memory: 14490, decode.loss_seg: 0.0363, decode.acc_seg: 84.4126, aux.loss_seg: 0.0254, aux.acc_seg: 83.3163, loss: 0.0617
2026-04-24 14:18:57,082 - mmseg - INFO - Iter [73700/160000]	lr: 8.428e-06, eta: 1 day, 2:33:10, time: 0.909, data_time: 0.346, memory: 14490, decode.loss_seg: 0.0364, decode.acc_seg: 83.7635, aux.loss_seg: 0.0250, aux.acc_seg: 82.6448, loss: 0.0614
2026-04-24 14:19:24,286 - mmseg - INFO - Iter [73750/160000]	lr: 8.423e-06, eta: 1 day, 2:31:33, time: 0.544, data_time: 0.004, memory: 14490, decode.loss_seg: 0.0372, decode.acc_seg: 84.3299, aux.loss_seg: 0.0260, aux.acc_seg: 83.2137, loss: 0.0632
2026-04-24 14:20:10,781 - mmseg - INFO - Iter [73800/160000]	lr: 8.418e-06, eta: 1 day, 2:30:24, time: 0.930, data_time: 0.372, memory: 14490, decode.loss_seg: 0.0351, decode.acc_seg: 84.3642, aux.loss_seg: 0.0243, aux.acc_seg: 83.2920, loss: 0.0595
2026-04-24 14:20:57,624 - mmseg - INFO - Iter [73850/160000]	lr: 8.413e-06, eta: 1 day, 2:29:16, time: 0.937, data_time: 0.397, memory: 14490, decode.loss_seg: 0.0383, decode.acc_seg: 85.1167, aux.loss_seg: 0.0264, aux.acc_seg: 84.0055, loss: 0.0646
2026-04-24 14:21:24,947 - mmseg - INFO - Iter [73900/160000]	lr: 8.408e-06, eta: 1 day, 2:27:39, time: 0.546, data_time: 0.004, memory: 14490, decode.loss_seg: 0.0356, decode.acc_seg: 84.0682, aux.loss_seg: 0.0246, aux.acc_seg: 82.9858, loss: 0.0602
2026-04-24 14:22:10,629 - mmseg - INFO - Iter [73950/160000]	lr: 8.403e-06, eta: 1 day, 2:26:30, time: 0.913, data_time: 0.350, memory: 14490, decode.loss_seg: 0.0373, decode.acc_seg: 84.6091, aux.loss_seg: 0.0259, aux.acc_seg: 83.4866, loss: 0.0632
2026-04-24 14:23:08,784 - mmseg - INFO - per class results:
2026-04-24 14:23:08,785 - mmseg - INFO - 
+------------+-------+-------+
| Class      | IoU   | Acc   |
+------------+-------+-------+
| housing    | 95.39 | 97.35 |
| industrial | 94.74 | 96.95 |
| natural    | 90.08 | 92.66 |
| land_use   | 82.34 | 87.33 |
| water      | 94.57 | 98.4  |
| other      | 98.4  | 98.81 |
+------------+-------+-------+
2026-04-24 14:23:08,785 - mmseg - INFO - Summary:
2026-04-24 14:23:08,785 - mmseg - INFO - 
+--------+-------+-------+-------+
| Scope  | mIoU  | mAcc  | aAcc  |
+--------+-------+-------+-------+
| global | 92.59 | 95.25 | 96.77 |
+--------+-------+-------+-------+
2026-04-24 14:23:08,811 - mmseg - INFO - Exp name: pixel_upernet_itpn_large_12_512_slide_160k_air_polarsar2_amp_linux.py
2026-04-24 14:23:08,811 - mmseg - INFO - Iter [74000/160000]	lr: 8.399e-06, eta: 1 day, 2:39:24, time: 12.300, data_time: 0.000, memory: 14490, mIoU: 0.9259, mAcc: 0.9525, aAcc: 0.9677
2026-04-24 14:23:36,083 - mmseg - INFO - Iter [74050/160000]	lr: 8.394e-06, eta: 1 day, 2:37:46, time: 0.545, data_time: 0.004, memory: 14490, decode.loss_seg: 0.0387, decode.acc_seg: 83.3100, aux.loss_seg: 0.0259, aux.acc_seg: 82.2532, loss: 0.0646
2026-04-24 14:24:21,703 - mmseg - INFO - Iter [74100/160000]	lr: 8.389e-06, eta: 1 day, 2:36:35, time: 0.913, data_time: 0.361, memory: 14490, decode.loss_seg: 0.0399, decode.acc_seg: 85.6437, aux.loss_seg: 0.0276, aux.acc_seg: 84.4280, loss: 0.0675
2026-04-24 14:25:07,367 - mmseg - INFO - Iter [74150/160000]	lr: 8.384e-06, eta: 1 day, 2:35:25, time: 0.913, data_time: 0.336, memory: 14490, decode.loss_seg: 0.0375, decode.acc_seg: 84.5089, aux.loss_seg: 0.0250, aux.acc_seg: 83.4621, loss: 0.0625
2026-04-24 14:25:34,642 - mmseg - INFO - Iter [74200/160000]	lr: 8.379e-06, eta: 1 day, 2:33:47, time: 0.546, data_time: 0.004, memory: 14490, decode.loss_seg: 0.0381, decode.acc_seg: 85.3126, aux.loss_seg: 0.0265, aux.acc_seg: 84.1178, loss: 0.0646
2026-04-24 14:26:20,768 - mmseg - INFO - Iter [74250/160000]	lr: 8.374e-06, eta: 1 day, 2:32:37, time: 0.922, data_time: 0.349, memory: 14490, decode.loss_seg: 0.0364, decode.acc_seg: 84.1905, aux.loss_seg: 0.0246, aux.acc_seg: 83.1333, loss: 0.0610
2026-04-24 14:27:07,020 - mmseg - INFO - Iter [74300/160000]	lr: 8.369e-06, eta: 1 day, 2:31:27, time: 0.925, data_time: 0.358, memory: 14490, decode.loss_seg: 0.0369, decode.acc_seg: 85.2160, aux.loss_seg: 0.0249, aux.acc_seg: 84.1585, loss: 0.0617
2026-04-24 14:27:34,316 - mmseg - INFO - Iter [74350/160000]	lr: 8.364e-06, eta: 1 day, 2:29:50, time: 0.546, data_time: 0.005, memory: 14490, decode.loss_seg: 0.0372, decode.acc_seg: 82.5766, aux.loss_seg: 0.0271, aux.acc_seg: 81.3679, loss: 0.0643
2026-04-24 14:28:21,286 - mmseg - INFO - Iter [74400/160000]	lr: 8.360e-06, eta: 1 day, 2:28:42, time: 0.939, data_time: 0.356, memory: 14490, decode.loss_seg: 0.0375, decode.acc_seg: 85.2219, aux.loss_seg: 0.0263, aux.acc_seg: 84.0285, loss: 0.0638
2026-04-24 14:29:08,792 - mmseg - INFO - Iter [74450/160000]	lr: 8.355e-06, eta: 1 day, 2:27:34, time: 0.950, data_time: 0.372, memory: 14490, decode.loss_seg: 0.0376, decode.acc_seg: 84.6562, aux.loss_seg: 0.0261, aux.acc_seg: 83.5066, loss: 0.0637
2026-04-24 14:29:36,095 - mmseg - INFO - Iter [74500/160000]	lr: 8.350e-06, eta: 1 day, 2:25:57, time: 0.546, data_time: 0.004, memory: 14490, decode.loss_seg: 0.0361, decode.acc_seg: 83.5684, aux.loss_seg: 0.0248, aux.acc_seg: 82.4896, loss: 0.0609
2026-04-24 14:30:23,609 - mmseg - INFO - Iter [74550/160000]	lr: 8.345e-06, eta: 1 day, 2:24:49, time: 0.950, data_time: 0.405, memory: 14490, decode.loss_seg: 0.0379, decode.acc_seg: 84.3735, aux.loss_seg: 0.0275, aux.acc_seg: 83.1033, loss: 0.0654
2026-04-24 14:31:11,305 - mmseg - INFO - Iter [74600/160000]	lr: 8.340e-06, eta: 1 day, 2:23:42, time: 0.954, data_time: 0.374, memory: 14490, decode.loss_seg: 0.0359, decode.acc_seg: 84.0850, aux.loss_seg: 0.0249, aux.acc_seg: 83.0034, loss: 0.0608
2026-04-24 14:31:38,491 - mmseg - INFO - Iter [74650/160000]	lr: 8.335e-06, eta: 1 day, 2:22:05, time: 0.544, data_time: 0.004, memory: 14490, decode.loss_seg: 0.0363, decode.acc_seg: 85.3488, aux.loss_seg: 0.0248, aux.acc_seg: 84.2826, loss: 0.0611
2026-04-24 14:32:25,522 - mmseg - INFO - Iter [74700/160000]	lr: 8.330e-06, eta: 1 day, 2:20:57, time: 0.941, data_time: 0.375, memory: 14490, decode.loss_seg: 0.0353, decode.acc_seg: 83.7417, aux.loss_seg: 0.0243, aux.acc_seg: 82.6890, loss: 0.0595
2026-04-24 14:32:52,692 - mmseg - INFO - Iter [74750/160000]	lr: 8.325e-06, eta: 1 day, 2:19:20, time: 0.543, data_time: 0.003, memory: 14490, decode.loss_seg: 0.0361, decode.acc_seg: 84.6267, aux.loss_seg: 0.0249, aux.acc_seg: 83.5313, loss: 0.0610
2026-04-24 14:33:40,190 - mmseg - INFO - Iter [74800/160000]	lr: 8.320e-06, eta: 1 day, 2:18:13, time: 0.950, data_time: 0.340, memory: 14490, decode.loss_seg: 0.0364, decode.acc_seg: 84.8301, aux.loss_seg: 0.0246, aux.acc_seg: 83.7750, loss: 0.0611
2026-04-24 14:34:26,604 - mmseg - INFO - Iter [74850/160000]	lr: 8.316e-06, eta: 1 day, 2:17:04, time: 0.928, data_time: 0.384, memory: 14490, decode.loss_seg: 0.0368, decode.acc_seg: 83.8633, aux.loss_seg: 0.0248, aux.acc_seg: 82.8090, loss: 0.0616
2026-04-24 14:34:53,829 - mmseg - INFO - Iter [74900/160000]	lr: 8.311e-06, eta: 1 day, 2:15:28, time: 0.544, data_time: 0.004, memory: 14490, decode.loss_seg: 0.0369, decode.acc_seg: 85.4289, aux.loss_seg: 0.0254, aux.acc_seg: 84.2976, loss: 0.0623
2026-04-24 14:35:40,057 - mmseg - INFO - Iter [74950/160000]	lr: 8.306e-06, eta: 1 day, 2:14:19, time: 0.925, data_time: 0.385, memory: 14490, decode.loss_seg: 0.0360, decode.acc_seg: 84.8370, aux.loss_seg: 0.0247, aux.acc_seg: 83.7788, loss: 0.0607
2026-04-24 14:36:27,376 - mmseg - INFO - Exp name: pixel_upernet_itpn_large_12_512_slide_160k_air_polarsar2_amp_linux.py
2026-04-24 14:36:27,376 - mmseg - INFO - Iter [75000/160000]	lr: 8.301e-06, eta: 1 day, 2:13:11, time: 0.946, data_time: 0.384, memory: 14490, decode.loss_seg: 0.0361, decode.acc_seg: 84.7891, aux.loss_seg: 0.0247, aux.acc_seg: 83.7241, loss: 0.0608
2026-04-24 14:36:54,595 - mmseg - INFO - Iter [75050/160000]	lr: 8.296e-06, eta: 1 day, 2:11:35, time: 0.544, data_time: 0.004, memory: 14490, decode.loss_seg: 0.0369, decode.acc_seg: 84.1233, aux.loss_seg: 0.0259, aux.acc_seg: 82.9748, loss: 0.0628
2026-04-24 14:37:41,817 - mmseg - INFO - Iter [75100/160000]	lr: 8.291e-06, eta: 1 day, 2:10:28, time: 0.944, data_time: 0.368, memory: 14490, decode.loss_seg: 0.0357, decode.acc_seg: 85.3488, aux.loss_seg: 0.0253, aux.acc_seg: 84.2137, loss: 0.0610
2026-04-24 14:38:27,827 - mmseg - INFO - Iter [75150/160000]	lr: 8.286e-06, eta: 1 day, 2:09:18, time: 0.920, data_time: 0.369, memory: 14490, decode.loss_seg: 0.0368, decode.acc_seg: 84.2698, aux.loss_seg: 0.0248, aux.acc_seg: 83.2285, loss: 0.0616
2026-04-24 14:38:54,991 - mmseg - INFO - Iter [75200/160000]	lr: 8.281e-06, eta: 1 day, 2:07:42, time: 0.543, data_time: 0.004, memory: 14490, decode.loss_seg: 0.0355, decode.acc_seg: 85.6813, aux.loss_seg: 0.0243, aux.acc_seg: 84.6407, loss: 0.0598
2026-04-24 14:39:41,649 - mmseg - INFO - Iter [75250/160000]	lr: 8.277e-06, eta: 1 day, 2:06:34, time: 0.933, data_time: 0.366, memory: 14490, decode.loss_seg: 0.0356, decode.acc_seg: 84.7207, aux.loss_seg: 0.0278, aux.acc_seg: 83.3511, loss: 0.0635
2026-04-24 14:40:28,731 - mmseg - INFO - Iter [75300/160000]	lr: 8.272e-06, eta: 1 day, 2:05:27, time: 0.942, data_time: 0.375, memory: 14490, decode.loss_seg: 0.0364, decode.acc_seg: 84.8735, aux.loss_seg: 0.0254, aux.acc_seg: 83.7953, loss: 0.0617
2026-04-24 14:40:55,996 - mmseg - INFO - Iter [75350/160000]	lr: 8.267e-06, eta: 1 day, 2:03:51, time: 0.545, data_time: 0.004, memory: 14490, decode.loss_seg: 0.0345, decode.acc_seg: 83.5725, aux.loss_seg: 0.0242, aux.acc_seg: 82.4986, loss: 0.0587
2026-04-24 14:41:42,882 - mmseg - INFO - Iter [75400/160000]	lr: 8.262e-06, eta: 1 day, 2:02:44, time: 0.938, data_time: 0.377, memory: 14490, decode.loss_seg: 0.0367, decode.acc_seg: 84.0541, aux.loss_seg: 0.0270, aux.acc_seg: 82.8973, loss: 0.0637
2026-04-24 14:42:30,225 - mmseg - INFO - Iter [75450/160000]	lr: 8.257e-06, eta: 1 day, 2:01:37, time: 0.947, data_time: 0.380, memory: 14490, decode.loss_seg: 0.0366, decode.acc_seg: 84.6653, aux.loss_seg: 0.0251, aux.acc_seg: 83.5642, loss: 0.0616
2026-04-24 14:42:57,607 - mmseg - INFO - Iter [75500/160000]	lr: 8.252e-06, eta: 1 day, 2:00:02, time: 0.548, data_time: 0.004, memory: 14490, decode.loss_seg: 0.0352, decode.acc_seg: 83.7139, aux.loss_seg: 0.0242, aux.acc_seg: 82.6543, loss: 0.0594
2026-04-24 14:43:43,919 - mmseg - INFO - Iter [75550/160000]	lr: 8.247e-06, eta: 1 day, 1:58:53, time: 0.926, data_time: 0.371, memory: 14490, decode.loss_seg: 0.0353, decode.acc_seg: 85.0089, aux.loss_seg: 0.0242, aux.acc_seg: 83.9469, loss: 0.0595
2026-04-24 14:44:31,170 - mmseg - INFO - Iter [75600/160000]	lr: 8.242e-06, eta: 1 day, 1:57:46, time: 0.945, data_time: 0.403, memory: 14490, decode.loss_seg: 0.0362, decode.acc_seg: 84.1180, aux.loss_seg: 0.0247, aux.acc_seg: 83.0524, loss: 0.0610
2026-04-24 14:44:58,347 - mmseg - INFO - Iter [75650/160000]	lr: 8.237e-06, eta: 1 day, 1:56:11, time: 0.544, data_time: 0.003, memory: 14490, decode.loss_seg: 0.0365, decode.acc_seg: 85.7645, aux.loss_seg: 0.0251, aux.acc_seg: 84.6591, loss: 0.0617
2026-04-24 14:45:45,103 - mmseg - INFO - Iter [75700/160000]	lr: 8.233e-06, eta: 1 day, 1:55:04, time: 0.935, data_time: 0.334, memory: 14490, decode.loss_seg: 0.0348, decode.acc_seg: 84.5053, aux.loss_seg: 0.0240, aux.acc_seg: 83.4451, loss: 0.0588
2026-04-24 14:46:12,319 - mmseg - INFO - Iter [75750/160000]	lr: 8.228e-06, eta: 1 day, 1:53:29, time: 0.544, data_time: 0.003, memory: 14490, decode.loss_seg: 0.0361, decode.acc_seg: 84.1087, aux.loss_seg: 0.0247, aux.acc_seg: 83.0497, loss: 0.0608
2026-04-24 14:46:58,734 - mmseg - INFO - Iter [75800/160000]	lr: 8.223e-06, eta: 1 day, 1:52:21, time: 0.928, data_time: 0.368, memory: 14490, decode.loss_seg: 0.0363, decode.acc_seg: 86.1906, aux.loss_seg: 0.0252, aux.acc_seg: 85.1154, loss: 0.0615
2026-04-24 14:47:45,955 - mmseg - INFO - Iter [75850/160000]	lr: 8.218e-06, eta: 1 day, 1:51:14, time: 0.945, data_time: 0.347, memory: 14490, decode.loss_seg: 0.0351, decode.acc_seg: 83.0629, aux.loss_seg: 0.0242, aux.acc_seg: 81.9874, loss: 0.0593
2026-04-24 14:48:13,230 - mmseg - INFO - Iter [75900/160000]	lr: 8.213e-06, eta: 1 day, 1:49:40, time: 0.545, data_time: 0.004, memory: 14490, decode.loss_seg: 0.0362, decode.acc_seg: 84.0615, aux.loss_seg: 0.0265, aux.acc_seg: 82.8003, loss: 0.0627
2026-04-24 14:48:59,634 - mmseg - INFO - Iter [75950/160000]	lr: 8.208e-06, eta: 1 day, 1:48:32, time: 0.928, data_time: 0.340, memory: 14490, decode.loss_seg: 0.0372, decode.acc_seg: 84.5113, aux.loss_seg: 0.0268, aux.acc_seg: 83.2915, loss: 0.0639
2026-04-24 14:49:56,792 - mmseg - INFO - per class results:
2026-04-24 14:49:56,793 - mmseg - INFO - 
+------------+-------+-------+
| Class      | IoU   | Acc   |
+------------+-------+-------+
| housing    | 95.74 | 98.15 |
| industrial | 95.5  | 97.75 |
| natural    | 91.58 | 93.86 |
| land_use   | 84.22 | 88.73 |
| water      | 95.48 | 98.23 |
| other      | 98.62 | 99.3  |
+------------+-------+-------+
2026-04-24 14:49:56,793 - mmseg - INFO - Summary:
2026-04-24 14:49:56,793 - mmseg - INFO - 
+--------+-------+------+-------+
| Scope  | mIoU  | mAcc | aAcc  |
+--------+-------+------+-------+
| global | 93.53 | 96.0 | 97.23 |
+--------+-------+------+-------+
2026-04-24 14:49:56,822 - mmseg - INFO - Exp name: pixel_upernet_itpn_large_12_512_slide_160k_air_polarsar2_amp_linux.py
2026-04-24 14:49:56,822 - mmseg - INFO - Iter [76000/160000]	lr: 8.203e-06, eta: 1 day, 2:00:41, time: 12.306, data_time: 0.000, memory: 14490, mIoU: 0.9353, mAcc: 0.9600, aAcc: 0.9723
2026-04-24 14:50:24,020 - mmseg - INFO - Iter [76050/160000]	lr: 8.198e-06, eta: 1 day, 1:59:05, time: 0.544, data_time: 0.004, memory: 14490, decode.loss_seg: 0.0362, decode.acc_seg: 85.1787, aux.loss_seg: 0.0246, aux.acc_seg: 84.1229, loss: 0.0607
2026-04-24 14:51:10,533 - mmseg - INFO - Iter [76100/160000]	lr: 8.194e-06, eta: 1 day, 1:57:56, time: 0.930, data_time: 0.353, memory: 14490, decode.loss_seg: 0.0355, decode.acc_seg: 84.7336, aux.loss_seg: 0.0241, aux.acc_seg: 83.6957, loss: 0.0596
2026-04-24 14:51:56,484 - mmseg - INFO - Iter [76150/160000]	lr: 8.189e-06, eta: 1 day, 1:56:47, time: 0.919, data_time: 0.364, memory: 14490, decode.loss_seg: 0.0363, decode.acc_seg: 84.7079, aux.loss_seg: 0.0247, aux.acc_seg: 83.6609, loss: 0.0610
2026-04-24 14:52:23,728 - mmseg - INFO - Iter [76200/160000]	lr: 8.184e-06, eta: 1 day, 1:55:12, time: 0.545, data_time: 0.003, memory: 14490, decode.loss_seg: 0.0356, decode.acc_seg: 84.2528, aux.loss_seg: 0.0246, aux.acc_seg: 83.1687, loss: 0.0601
2026-04-24 14:53:09,985 - mmseg - INFO - Iter [76250/160000]	lr: 8.179e-06, eta: 1 day, 1:54:03, time: 0.925, data_time: 0.385, memory: 14490, decode.loss_seg: 0.0360, decode.acc_seg: 85.1567, aux.loss_seg: 0.0257, aux.acc_seg: 83.9852, loss: 0.0617
2026-04-24 14:53:55,550 - mmseg - INFO - Iter [76300/160000]	lr: 8.174e-06, eta: 1 day, 1:52:53, time: 0.911, data_time: 0.371, memory: 14490, decode.loss_seg: 0.0357, decode.acc_seg: 84.8372, aux.loss_seg: 0.0247, aux.acc_seg: 83.7543, loss: 0.0604
2026-04-24 14:54:22,767 - mmseg - INFO - Iter [76350/160000]	lr: 8.169e-06, eta: 1 day, 1:51:18, time: 0.544, data_time: 0.004, memory: 14490, decode.loss_seg: 0.0358, decode.acc_seg: 83.7735, aux.loss_seg: 0.0247, aux.acc_seg: 82.6861, loss: 0.0606
2026-04-24 14:55:08,198 - mmseg - INFO - Iter [76400/160000]	lr: 8.164e-06, eta: 1 day, 1:50:08, time: 0.909, data_time: 0.347, memory: 14490, decode.loss_seg: 0.0357, decode.acc_seg: 84.8835, aux.loss_seg: 0.0250, aux.acc_seg: 83.7795, loss: 0.0607
2026-04-24 14:55:54,650 - mmseg - INFO - Iter [76450/160000]	lr: 8.159e-06, eta: 1 day, 1:49:00, time: 0.929, data_time: 0.357, memory: 14490, decode.loss_seg: 0.0354, decode.acc_seg: 84.8471, aux.loss_seg: 0.0241, aux.acc_seg: 83.7983, loss: 0.0595
2026-04-24 14:56:21,875 - mmseg - INFO - Iter [76500/160000]	lr: 8.154e-06, eta: 1 day, 1:47:25, time: 0.544, data_time: 0.004, memory: 14490, decode.loss_seg: 0.0352, decode.acc_seg: 84.3821, aux.loss_seg: 0.0243, aux.acc_seg: 83.3128, loss: 0.0595
2026-04-24 14:57:08,353 - mmseg - INFO - Iter [76550/160000]	lr: 8.150e-06, eta: 1 day, 1:46:17, time: 0.930, data_time: 0.346, memory: 14490, decode.loss_seg: 0.0333, decode.acc_seg: 84.7779, aux.loss_seg: 0.0232, aux.acc_seg: 83.7770, loss: 0.0564
2026-04-24 14:57:55,487 - mmseg - INFO - Iter [76600/160000]	lr: 8.145e-06, eta: 1 day, 1:45:10, time: 0.943, data_time: 0.401, memory: 14490, decode.loss_seg: 0.0366, decode.acc_seg: 84.2081, aux.loss_seg: 0.0252, aux.acc_seg: 83.1136, loss: 0.0619
2026-04-24 14:58:22,683 - mmseg - INFO - Iter [76650/160000]	lr: 8.140e-06, eta: 1 day, 1:43:35, time: 0.544, data_time: 0.004, memory: 14490, decode.loss_seg: 0.0340, decode.acc_seg: 85.1331, aux.loss_seg: 0.0236, aux.acc_seg: 84.0962, loss: 0.0576
2026-04-24 14:59:09,656 - mmseg - INFO - Iter [76700/160000]	lr: 8.135e-06, eta: 1 day, 1:42:28, time: 0.939, data_time: 0.351, memory: 14490, decode.loss_seg: 0.0373, decode.acc_seg: 84.0367, aux.loss_seg: 0.0254, aux.acc_seg: 82.9419, loss: 0.0626
2026-04-24 14:59:36,867 - mmseg - INFO - Iter [76750/160000]	lr: 8.130e-06, eta: 1 day, 1:40:54, time: 0.544, data_time: 0.004, memory: 14490, decode.loss_seg: 0.0349, decode.acc_seg: 84.1723, aux.loss_seg: 0.0242, aux.acc_seg: 83.1005, loss: 0.0590
2026-04-24 15:00:22,858 - mmseg - INFO - Iter [76800/160000]	lr: 8.125e-06, eta: 1 day, 1:39:45, time: 0.920, data_time: 0.355, memory: 14490, decode.loss_seg: 0.0363, decode.acc_seg: 83.7835, aux.loss_seg: 0.0262, aux.acc_seg: 82.5419, loss: 0.0625
2026-04-24 15:01:08,876 - mmseg - INFO - Iter [76850/160000]	lr: 8.120e-06, eta: 1 day, 1:38:37, time: 0.920, data_time: 0.372, memory: 14490, decode.loss_seg: 0.0372, decode.acc_seg: 84.7433, aux.loss_seg: 0.0258, aux.acc_seg: 83.6170, loss: 0.0630
2026-04-24 15:01:36,111 - mmseg - INFO - Iter [76900/160000]	lr: 8.115e-06, eta: 1 day, 1:37:02, time: 0.544, data_time: 0.003, memory: 14490, decode.loss_seg: 0.0379, decode.acc_seg: 83.2832, aux.loss_seg: 0.0270, aux.acc_seg: 82.1304, loss: 0.0649
2026-04-24 15:02:22,924 - mmseg - INFO - Iter [76950/160000]	lr: 8.111e-06, eta: 1 day, 1:35:55, time: 0.936, data_time: 0.396, memory: 14490, decode.loss_seg: 0.0392, decode.acc_seg: 82.4707, aux.loss_seg: 0.0278, aux.acc_seg: 81.2299, loss: 0.0670
2026-04-24 15:03:09,994 - mmseg - INFO - Exp name: pixel_upernet_itpn_large_12_512_slide_160k_air_polarsar2_amp_linux.py
2026-04-24 15:03:09,994 - mmseg - INFO - Iter [77000/160000]	lr: 8.106e-06, eta: 1 day, 1:34:48, time: 0.942, data_time: 0.386, memory: 14490, decode.loss_seg: 0.0364, decode.acc_seg: 84.4282, aux.loss_seg: 0.0254, aux.acc_seg: 83.2848, loss: 0.0618
2026-04-24 15:03:37,208 - mmseg - INFO - Iter [77050/160000]	lr: 8.101e-06, eta: 1 day, 1:33:14, time: 0.544, data_time: 0.004, memory: 14490, decode.loss_seg: 0.0360, decode.acc_seg: 85.9916, aux.loss_seg: 0.0246, aux.acc_seg: 84.9438, loss: 0.0606
2026-04-24 15:04:23,775 - mmseg - INFO - Iter [77100/160000]	lr: 8.096e-06, eta: 1 day, 1:32:07, time: 0.931, data_time: 0.354, memory: 14490, decode.loss_seg: 0.0347, decode.acc_seg: 84.4273, aux.loss_seg: 0.0244, aux.acc_seg: 83.2723, loss: 0.0592
2026-04-24 15:05:09,897 - mmseg - INFO - Iter [77150/160000]	lr: 8.091e-06, eta: 1 day, 1:30:59, time: 0.922, data_time: 0.382, memory: 14490, decode.loss_seg: 0.0359, decode.acc_seg: 85.0611, aux.loss_seg: 0.0246, aux.acc_seg: 84.0026, loss: 0.0604
2026-04-24 15:05:37,182 - mmseg - INFO - Iter [77200/160000]	lr: 8.086e-06, eta: 1 day, 1:29:25, time: 0.546, data_time: 0.004, memory: 14490, decode.loss_seg: 0.0354, decode.acc_seg: 83.7364, aux.loss_seg: 0.0257, aux.acc_seg: 82.5577, loss: 0.0611
2026-04-24 15:06:24,409 - mmseg - INFO - Iter [77250/160000]	lr: 8.081e-06, eta: 1 day, 1:28:19, time: 0.945, data_time: 0.382, memory: 14490, decode.loss_seg: 0.0351, decode.acc_seg: 85.1555, aux.loss_seg: 0.0241, aux.acc_seg: 84.1050, loss: 0.0592
2026-04-24 15:07:11,156 - mmseg - INFO - Iter [77300/160000]	lr: 8.076e-06, eta: 1 day, 1:27:12, time: 0.935, data_time: 0.382, memory: 14490, decode.loss_seg: 0.0362, decode.acc_seg: 84.0279, aux.loss_seg: 0.0260, aux.acc_seg: 82.8040, loss: 0.0623
2026-04-24 15:07:38,326 - mmseg - INFO - Iter [77350/160000]	lr: 8.071e-06, eta: 1 day, 1:25:38, time: 0.543, data_time: 0.004, memory: 14490, decode.loss_seg: 0.0358, decode.acc_seg: 84.6313, aux.loss_seg: 0.0247, aux.acc_seg: 83.5411, loss: 0.0605
2026-04-24 15:08:24,551 - mmseg - INFO - Iter [77400/160000]	lr: 8.067e-06, eta: 1 day, 1:24:31, time: 0.925, data_time: 0.365, memory: 14490, decode.loss_seg: 0.0353, decode.acc_seg: 83.7697, aux.loss_seg: 0.0251, aux.acc_seg: 82.6211, loss: 0.0603
2026-04-24 15:09:10,937 - mmseg - INFO - Iter [77450/160000]	lr: 8.062e-06, eta: 1 day, 1:23:23, time: 0.928, data_time: 0.356, memory: 14490, decode.loss_seg: 0.0348, decode.acc_seg: 83.4240, aux.loss_seg: 0.0240, aux.acc_seg: 82.3846, loss: 0.0588
2026-04-24 15:09:38,121 - mmseg - INFO - Iter [77500/160000]	lr: 8.057e-06, eta: 1 day, 1:21:50, time: 0.544, data_time: 0.004, memory: 14490, decode.loss_seg: 0.0344, decode.acc_seg: 84.3203, aux.loss_seg: 0.0241, aux.acc_seg: 83.2476, loss: 0.0585
2026-04-24 15:10:24,061 - mmseg - INFO - Iter [77550/160000]	lr: 8.052e-06, eta: 1 day, 1:20:42, time: 0.919, data_time: 0.374, memory: 14490, decode.loss_seg: 0.0352, decode.acc_seg: 85.6620, aux.loss_seg: 0.0240, aux.acc_seg: 84.6313, loss: 0.0592
2026-04-24 15:10:51,225 - mmseg - INFO - Iter [77600/160000]	lr: 8.047e-06, eta: 1 day, 1:19:09, time: 0.543, data_time: 0.004, memory: 14490, decode.loss_seg: 0.0353, decode.acc_seg: 84.6534, aux.loss_seg: 0.0242, aux.acc_seg: 83.6001, loss: 0.0595
2026-04-24 15:11:38,484 - mmseg - INFO - Iter [77650/160000]	lr: 8.042e-06, eta: 1 day, 1:18:03, time: 0.945, data_time: 0.396, memory: 14490, decode.loss_seg: 0.0341, decode.acc_seg: 84.1003, aux.loss_seg: 0.0238, aux.acc_seg: 83.0367, loss: 0.0579
2026-04-24 15:12:25,528 - mmseg - INFO - Iter [77700/160000]	lr: 8.037e-06, eta: 1 day, 1:16:57, time: 0.941, data_time: 0.361, memory: 14490, decode.loss_seg: 0.0347, decode.acc_seg: 84.1235, aux.loss_seg: 0.0245, aux.acc_seg: 82.9959, loss: 0.0591
2026-04-24 15:12:52,759 - mmseg - INFO - Iter [77750/160000]	lr: 8.032e-06, eta: 1 day, 1:15:24, time: 0.544, data_time: 0.004, memory: 14490, decode.loss_seg: 0.0341, decode.acc_seg: 84.7564, aux.loss_seg: 0.0234, aux.acc_seg: 83.7295, loss: 0.0575
2026-04-24 15:13:38,759 - mmseg - INFO - Iter [77800/160000]	lr: 8.028e-06, eta: 1 day, 1:14:16, time: 0.920, data_time: 0.366, memory: 14490, decode.loss_seg: 0.0355, decode.acc_seg: 84.0799, aux.loss_seg: 0.0245, aux.acc_seg: 83.0048, loss: 0.0600
2026-04-24 15:14:26,542 - mmseg - INFO - Iter [77850/160000]	lr: 8.023e-06, eta: 1 day, 1:13:11, time: 0.955, data_time: 0.362, memory: 14490, decode.loss_seg: 0.0339, decode.acc_seg: 82.6736, aux.loss_seg: 0.0236, aux.acc_seg: 81.6128, loss: 0.0575
2026-04-24 15:14:53,785 - mmseg - INFO - Iter [77900/160000]	lr: 8.018e-06, eta: 1 day, 1:11:39, time: 0.545, data_time: 0.004, memory: 14490, decode.loss_seg: 0.0335, decode.acc_seg: 82.6389, aux.loss_seg: 0.0235, aux.acc_seg: 81.5817, loss: 0.0570
2026-04-24 15:15:40,999 - mmseg - INFO - Iter [77950/160000]	lr: 8.013e-06, eta: 1 day, 1:10:33, time: 0.944, data_time: 0.357, memory: 14490, decode.loss_seg: 0.0360, decode.acc_seg: 85.9584, aux.loss_seg: 0.0257, aux.acc_seg: 84.7769, loss: 0.0617
2026-04-24 15:16:40,335 - mmseg - INFO - per class results:
2026-04-24 15:16:40,336 - mmseg - INFO - 
+------------+-------+-------+
| Class      | IoU   | Acc   |
+------------+-------+-------+
| housing    | 95.88 | 97.91 |
| industrial | 95.63 | 97.96 |
| natural    | 91.77 | 94.22 |
| land_use   | 84.24 | 88.33 |
| water      | 95.59 | 98.29 |
| other      | 98.63 | 99.63 |
+------------+-------+-------+
2026-04-24 15:16:40,336 - mmseg - INFO - Summary:
2026-04-24 15:16:40,336 - mmseg - INFO - 
+--------+-------+-------+-------+
| Scope  | mIoU  | mAcc  | aAcc  |
+--------+-------+-------+-------+
| global | 93.62 | 96.06 | 97.29 |
+--------+-------+-------+-------+
2026-04-24 15:16:40,360 - mmseg - INFO - Exp name: pixel_upernet_itpn_large_12_512_slide_160k_air_polarsar2_amp_linux.py
2026-04-24 15:16:40,360 - mmseg - INFO - Iter [78000/160000]	lr: 8.008e-06, eta: 1 day, 1:21:59, time: 12.312, data_time: 0.000, memory: 14490, mIoU: 0.9362, mAcc: 0.9606, aAcc: 0.9729
2026-04-24 15:17:07,729 - mmseg - INFO - Iter [78050/160000]	lr: 8.003e-06, eta: 1 day, 1:20:26, time: 0.547, data_time: 0.004, memory: 14490, decode.loss_seg: 0.0365, decode.acc_seg: 84.3328, aux.loss_seg: 0.0283, aux.acc_seg: 83.0437, loss: 0.0649
2026-04-24 15:17:54,873 - mmseg - INFO - Iter [78100/160000]	lr: 7.998e-06, eta: 1 day, 1:19:19, time: 0.943, data_time: 0.389, memory: 14490, decode.loss_seg: 0.0352, decode.acc_seg: 83.3302, aux.loss_seg: 0.0256, aux.acc_seg: 82.1049, loss: 0.0608
2026-04-24 15:18:41,367 - mmseg - INFO - Iter [78150/160000]	lr: 7.993e-06, eta: 1 day, 1:18:11, time: 0.930, data_time: 0.322, memory: 14490, decode.loss_seg: 0.0345, decode.acc_seg: 84.6325, aux.loss_seg: 0.0259, aux.acc_seg: 83.3965, loss: 0.0604
2026-04-24 15:19:08,721 - mmseg - INFO - Iter [78200/160000]	lr: 7.988e-06, eta: 1 day, 1:16:38, time: 0.547, data_time: 0.005, memory: 14490, decode.loss_seg: 0.0350, decode.acc_seg: 84.7136, aux.loss_seg: 0.0254, aux.acc_seg: 83.5490, loss: 0.0604
2026-04-24 15:19:56,387 - mmseg - INFO - Iter [78250/160000]	lr: 7.984e-06, eta: 1 day, 1:15:32, time: 0.954, data_time: 0.381, memory: 14490, decode.loss_seg: 0.0357, decode.acc_seg: 85.4122, aux.loss_seg: 0.0243, aux.acc_seg: 84.3704, loss: 0.0600
2026-04-24 15:20:43,458 - mmseg - INFO - Iter [78300/160000]	lr: 7.979e-06, eta: 1 day, 1:14:25, time: 0.941, data_time: 0.377, memory: 14490, decode.loss_seg: 0.0345, decode.acc_seg: 84.4621, aux.loss_seg: 0.0239, aux.acc_seg: 83.4151, loss: 0.0584
2026-04-24 15:21:10,692 - mmseg - INFO - Iter [78350/160000]	lr: 7.974e-06, eta: 1 day, 1:12:53, time: 0.545, data_time: 0.004, memory: 14490, decode.loss_seg: 0.0345, decode.acc_seg: 83.0920, aux.loss_seg: 0.0238, aux.acc_seg: 82.0504, loss: 0.0582
2026-04-24 15:21:56,847 - mmseg - INFO - Iter [78400/160000]	lr: 7.969e-06, eta: 1 day, 1:11:45, time: 0.923, data_time: 0.360, memory: 14490, decode.loss_seg: 0.0341, decode.acc_seg: 84.5061, aux.loss_seg: 0.0233, aux.acc_seg: 83.5144, loss: 0.0574
2026-04-24 15:22:43,423 - mmseg - INFO - Iter [78450/160000]	lr: 7.964e-06, eta: 1 day, 1:10:37, time: 0.932, data_time: 0.342, memory: 14490, decode.loss_seg: 0.0351, decode.acc_seg: 84.4500, aux.loss_seg: 0.0251, aux.acc_seg: 83.3348, loss: 0.0602
2026-04-24 15:23:10,725 - mmseg - INFO - Iter [78500/160000]	lr: 7.959e-06, eta: 1 day, 1:09:05, time: 0.546, data_time: 0.005, memory: 14490, decode.loss_seg: 0.0347, decode.acc_seg: 83.3404, aux.loss_seg: 0.0242, aux.acc_seg: 82.2639, loss: 0.0588
2026-04-24 15:23:58,075 - mmseg - INFO - Iter [78550/160000]	lr: 7.954e-06, eta: 1 day, 1:07:59, time: 0.947, data_time: 0.339, memory: 14490, decode.loss_seg: 0.0348, decode.acc_seg: 84.6116, aux.loss_seg: 0.0243, aux.acc_seg: 83.5513, loss: 0.0592
2026-04-24 15:24:25,366 - mmseg - INFO - Iter [78600/160000]	lr: 7.949e-06, eta: 1 day, 1:06:26, time: 0.546, data_time: 0.004, memory: 14490, decode.loss_seg: 0.0340, decode.acc_seg: 83.9654, aux.loss_seg: 0.0240, aux.acc_seg: 82.8961, loss: 0.0580
2026-04-24 15:25:12,555 - mmseg - INFO - Iter [78650/160000]	lr: 7.944e-06, eta: 1 day, 1:05:20, time: 0.944, data_time: 0.342, memory: 14490, decode.loss_seg: 0.0345, decode.acc_seg: 84.2980, aux.loss_seg: 0.0242, aux.acc_seg: 83.2107, loss: 0.0587
2026-04-24 15:25:59,251 - mmseg - INFO - Iter [78700/160000]	lr: 7.940e-06, eta: 1 day, 1:04:13, time: 0.934, data_time: 0.363, memory: 14490, decode.loss_seg: 0.0350, decode.acc_seg: 84.5018, aux.loss_seg: 0.0242, aux.acc_seg: 83.4591, loss: 0.0592
2026-04-24 15:26:26,547 - mmseg - INFO - Iter [78750/160000]	lr: 7.935e-06, eta: 1 day, 1:02:41, time: 0.546, data_time: 0.004, memory: 14490, decode.loss_seg: 0.0340, decode.acc_seg: 84.6708, aux.loss_seg: 0.0240, aux.acc_seg: 83.5911, loss: 0.0581
2026-04-24 15:27:14,132 - mmseg - INFO - Iter [78800/160000]	lr: 7.930e-06, eta: 1 day, 1:01:35, time: 0.952, data_time: 0.405, memory: 14490, decode.loss_seg: 0.0348, decode.acc_seg: 84.6883, aux.loss_seg: 0.0242, aux.acc_seg: 83.6125, loss: 0.0590
2026-04-24 15:28:00,742 - mmseg - INFO - Iter [78850/160000]	lr: 7.925e-06, eta: 1 day, 1:00:28, time: 0.932, data_time: 0.344, memory: 14490, decode.loss_seg: 0.0341, decode.acc_seg: 84.4311, aux.loss_seg: 0.0235, aux.acc_seg: 83.4157, loss: 0.0576
2026-04-24 15:28:28,068 - mmseg - INFO - Iter [78900/160000]	lr: 7.920e-06, eta: 1 day, 0:58:57, time: 0.547, data_time: 0.004, memory: 14490, decode.loss_seg: 0.0347, decode.acc_seg: 84.5942, aux.loss_seg: 0.0242, aux.acc_seg: 83.5022, loss: 0.0589
2026-04-24 15:29:14,997 - mmseg - INFO - Iter [78950/160000]	lr: 7.915e-06, eta: 1 day, 0:57:50, time: 0.938, data_time: 0.369, memory: 14490, decode.loss_seg: 0.0345, decode.acc_seg: 84.1277, aux.loss_seg: 0.0287, aux.acc_seg: 82.7753, loss: 0.0633
2026-04-24 15:30:01,229 - mmseg - INFO - Exp name: pixel_upernet_itpn_large_12_512_slide_160k_air_polarsar2_amp_linux.py
2026-04-24 15:30:01,229 - mmseg - INFO - Iter [79000/160000]	lr: 7.910e-06, eta: 1 day, 0:56:43, time: 0.925, data_time: 0.360, memory: 14490, decode.loss_seg: 0.0339, decode.acc_seg: 83.9150, aux.loss_seg: 0.0233, aux.acc_seg: 82.8959, loss: 0.0572
2026-04-24 15:30:28,530 - mmseg - INFO - Iter [79050/160000]	lr: 7.905e-06, eta: 1 day, 0:55:11, time: 0.546, data_time: 0.004, memory: 14490, decode.loss_seg: 0.0345, decode.acc_seg: 85.3457, aux.loss_seg: 0.0241, aux.acc_seg: 84.2827, loss: 0.0587
2026-04-24 15:31:14,777 - mmseg - INFO - Iter [79100/160000]	lr: 7.901e-06, eta: 1 day, 0:54:04, time: 0.925, data_time: 0.368, memory: 14490, decode.loss_seg: 0.0353, decode.acc_seg: 84.0876, aux.loss_seg: 0.0247, aux.acc_seg: 82.9965, loss: 0.0600
2026-04-24 15:32:02,230 - mmseg - INFO - Iter [79150/160000]	lr: 7.896e-06, eta: 1 day, 0:52:59, time: 0.949, data_time: 0.356, memory: 14490, decode.loss_seg: 0.0341, decode.acc_seg: 84.3294, aux.loss_seg: 0.0239, aux.acc_seg: 83.2754, loss: 0.0580
2026-04-24 15:32:29,554 - mmseg - INFO - Iter [79200/160000]	lr: 7.891e-06, eta: 1 day, 0:51:27, time: 0.546, data_time: 0.004, memory: 14490, decode.loss_seg: 0.0342, decode.acc_seg: 83.6992, aux.loss_seg: 0.0236, aux.acc_seg: 82.6743, loss: 0.0578
2026-04-24 15:33:16,380 - mmseg - INFO - Iter [79250/160000]	lr: 7.886e-06, eta: 1 day, 0:50:21, time: 0.937, data_time: 0.388, memory: 14490, decode.loss_seg: 0.0342, decode.acc_seg: 84.1513, aux.loss_seg: 0.0237, aux.acc_seg: 83.0826, loss: 0.0579
2026-04-24 15:34:03,141 - mmseg - INFO - Iter [79300/160000]	lr: 7.881e-06, eta: 1 day, 0:49:15, time: 0.935, data_time: 0.367, memory: 14490, decode.loss_seg: 0.0347, decode.acc_seg: 84.8313, aux.loss_seg: 0.0240, aux.acc_seg: 83.7906, loss: 0.0587
2026-04-24 15:34:30,375 - mmseg - INFO - Iter [79350/160000]	lr: 7.876e-06, eta: 1 day, 0:47:44, time: 0.545, data_time: 0.004, memory: 14490, decode.loss_seg: 0.0346, decode.acc_seg: 84.8799, aux.loss_seg: 0.0243, aux.acc_seg: 83.7777, loss: 0.0589
2026-04-24 15:35:18,121 - mmseg - INFO - Iter [79400/160000]	lr: 7.871e-06, eta: 1 day, 0:46:39, time: 0.955, data_time: 0.360, memory: 14490, decode.loss_seg: 0.0346, decode.acc_seg: 83.0699, aux.loss_seg: 0.0246, aux.acc_seg: 81.9054, loss: 0.0591
2026-04-24 15:36:05,409 - mmseg - INFO - Iter [79450/160000]	lr: 7.866e-06, eta: 1 day, 0:45:33, time: 0.946, data_time: 0.400, memory: 14490, decode.loss_seg: 0.0350, decode.acc_seg: 84.5052, aux.loss_seg: 0.0241, aux.acc_seg: 83.4587, loss: 0.0591
2026-04-24 15:36:32,664 - mmseg - INFO - Iter [79500/160000]	lr: 7.861e-06, eta: 1 day, 0:44:02, time: 0.545, data_time: 0.004, memory: 14490, decode.loss_seg: 0.0335, decode.acc_seg: 85.0530, aux.loss_seg: 0.0234, aux.acc_seg: 84.0119, loss: 0.0568
2026-04-24 15:37:18,974 - mmseg - INFO - Iter [79550/160000]	lr: 7.857e-06, eta: 1 day, 0:42:55, time: 0.926, data_time: 0.337, memory: 14490, decode.loss_seg: 0.0349, decode.acc_seg: 85.3233, aux.loss_seg: 0.0238, aux.acc_seg: 84.3023, loss: 0.0587
2026-04-24 15:37:46,253 - mmseg - INFO - Iter [79600/160000]	lr: 7.852e-06, eta: 1 day, 0:41:25, time: 0.545, data_time: 0.003, memory: 14490, decode.loss_seg: 0.0349, decode.acc_seg: 83.7441, aux.loss_seg: 0.0267, aux.acc_seg: 82.5533, loss: 0.0616
2026-04-24 15:38:33,168 - mmseg - INFO - Iter [79650/160000]	lr: 7.847e-06, eta: 1 day, 0:40:19, time: 0.938, data_time: 0.376, memory: 14490, decode.loss_seg: 0.0343, decode.acc_seg: 84.5233, aux.loss_seg: 0.0239, aux.acc_seg: 83.4709, loss: 0.0581
2026-04-24 15:39:20,279 - mmseg - INFO - Iter [79700/160000]	lr: 7.842e-06, eta: 1 day, 0:39:13, time: 0.942, data_time: 0.332, memory: 14490, decode.loss_seg: 0.0348, decode.acc_seg: 84.7783, aux.loss_seg: 0.0239, aux.acc_seg: 83.7376, loss: 0.0587
2026-04-24 15:39:47,534 - mmseg - INFO - Iter [79750/160000]	lr: 7.837e-06, eta: 1 day, 0:37:43, time: 0.545, data_time: 0.003, memory: 14490, decode.loss_seg: 0.0333, decode.acc_seg: 84.0989, aux.loss_seg: 0.0238, aux.acc_seg: 83.0137, loss: 0.0571
2026-04-24 15:40:34,125 - mmseg - INFO - Iter [79800/160000]	lr: 7.832e-06, eta: 1 day, 0:36:37, time: 0.932, data_time: 0.378, memory: 14490, decode.loss_seg: 0.0343, decode.acc_seg: 83.5215, aux.loss_seg: 0.0239, aux.acc_seg: 82.4485, loss: 0.0583
2026-04-24 15:41:20,907 - mmseg - INFO - Iter [79850/160000]	lr: 7.827e-06, eta: 1 day, 0:35:31, time: 0.936, data_time: 0.353, memory: 14490, decode.loss_seg: 0.0343, decode.acc_seg: 85.4012, aux.loss_seg: 0.0238, aux.acc_seg: 84.3492, loss: 0.0581
2026-04-24 15:41:48,166 - mmseg - INFO - Iter [79900/160000]	lr: 7.822e-06, eta: 1 day, 0:34:00, time: 0.545, data_time: 0.004, memory: 14490, decode.loss_seg: 0.0334, decode.acc_seg: 83.5196, aux.loss_seg: 0.0233, aux.acc_seg: 82.4748, loss: 0.0567
2026-04-24 15:42:35,265 - mmseg - INFO - Iter [79950/160000]	lr: 7.818e-06, eta: 1 day, 0:32:55, time: 0.942, data_time: 0.337, memory: 14490, decode.loss_seg: 0.0348, decode.acc_seg: 85.1421, aux.loss_seg: 0.0240, aux.acc_seg: 84.0874, loss: 0.0589
2026-04-24 15:43:21,891 - mmseg - INFO - Saving checkpoint at 80000 iterations
2026-04-24 15:43:40,508 - mmseg - INFO - per class results:
2026-04-24 15:43:40,509 - mmseg - INFO - 
+------------+-------+-------+
| Class      | IoU   | Acc   |
+------------+-------+-------+
| housing    | 95.9  | 97.8  |
| industrial | 95.69 | 97.92 |
| natural    | 91.85 | 94.2  |
| land_use   | 84.3  | 88.48 |
| water      | 95.59 | 98.4  |
| other      | 98.63 | 99.28 |
+------------+-------+-------+
2026-04-24 15:43:40,509 - mmseg - INFO - Summary:
2026-04-24 15:43:40,509 - mmseg - INFO - 
+--------+-------+-------+------+
| Scope  | mIoU  | mAcc  | aAcc |
+--------+-------+-------+------+
| global | 93.66 | 96.01 | 97.3 |
+--------+-------+-------+------+
2026-04-24 15:43:40,546 - mmseg - INFO - Exp name: pixel_upernet_itpn_large_12_512_slide_160k_air_polarsar2_amp_linux.py
2026-04-24 15:43:40,546 - mmseg - INFO - Iter [80000/160000]	lr: 7.813e-06, eta: 1 day, 0:50:51, time: 19.193, data_time: 0.000, memory: 14490, mIoU: 0.9366, mAcc: 0.9601, aAcc: 0.9730
2026-04-24 15:44:07,828 - mmseg - INFO - Iter [80050/160000]	lr: 7.808e-06, eta: 1 day, 0:49:19, time: 0.546, data_time: 0.004, memory: 14490, decode.loss_seg: 0.0339, decode.acc_seg: 85.0887, aux.loss_seg: 0.0237, aux.acc_seg: 84.0356, loss: 0.0575
2026-04-24 15:44:54,785 - mmseg - INFO - Iter [80100/160000]	lr: 7.803e-06, eta: 1 day, 0:48:12, time: 0.939, data_time: 0.346, memory: 14490, decode.loss_seg: 0.0357, decode.acc_seg: 85.6464, aux.loss_seg: 0.0247, aux.acc_seg: 84.5687, loss: 0.0604
2026-04-24 15:45:42,228 - mmseg - INFO - Iter [80150/160000]	lr: 7.798e-06, eta: 1 day, 0:47:05, time: 0.949, data_time: 0.391, memory: 14490, decode.loss_seg: 0.0325, decode.acc_seg: 84.9383, aux.loss_seg: 0.0225, aux.acc_seg: 83.9437, loss: 0.0550
2026-04-24 15:46:09,459 - mmseg - INFO - Iter [80200/160000]	lr: 7.793e-06, eta: 1 day, 0:45:34, time: 0.545, data_time: 0.004, memory: 14490, decode.loss_seg: 0.0338, decode.acc_seg: 84.0078, aux.loss_seg: 0.0235, aux.acc_seg: 82.9609, loss: 0.0573
2026-04-24 15:46:55,920 - mmseg - INFO - Iter [80250/160000]	lr: 7.788e-06, eta: 1 day, 0:44:27, time: 0.929, data_time: 0.375, memory: 14490, decode.loss_seg: 0.0337, decode.acc_seg: 84.9002, aux.loss_seg: 0.0240, aux.acc_seg: 83.7888, loss: 0.0576
2026-04-24 15:47:44,021 - mmseg - INFO - Iter [80300/160000]	lr: 7.783e-06, eta: 1 day, 0:43:21, time: 0.962, data_time: 0.371, memory: 14490, decode.loss_seg: 0.0341, decode.acc_seg: 83.7410, aux.loss_seg: 0.0240, aux.acc_seg: 82.6458, loss: 0.0580
2026-04-24 15:48:11,260 - mmseg - INFO - Iter [80350/160000]	lr: 7.778e-06, eta: 1 day, 0:41:50, time: 0.545, data_time: 0.004, memory: 14490, decode.loss_seg: 0.0341, decode.acc_seg: 83.5987, aux.loss_seg: 0.0235, aux.acc_seg: 82.5652, loss: 0.0575
2026-04-24 15:48:57,834 - mmseg - INFO - Iter [80400/160000]	lr: 7.774e-06, eta: 1 day, 0:40:43, time: 0.931, data_time: 0.358, memory: 14490, decode.loss_seg: 0.0339, decode.acc_seg: 83.8661, aux.loss_seg: 0.0243, aux.acc_seg: 82.7520, loss: 0.0581
2026-04-24 15:49:44,789 - mmseg - INFO - Iter [80450/160000]	lr: 7.769e-06, eta: 1 day, 0:39:36, time: 0.939, data_time: 0.380, memory: 14490, decode.loss_seg: 0.0350, decode.acc_seg: 84.3276, aux.loss_seg: 0.0255, aux.acc_seg: 83.0940, loss: 0.0605
2026-04-24 15:50:11,999 - mmseg - INFO - Iter [80500/160000]	lr: 7.764e-06, eta: 1 day, 0:38:05, time: 0.544, data_time: 0.005, memory: 14490, decode.loss_seg: 0.0335, decode.acc_seg: 85.0707, aux.loss_seg: 0.0232, aux.acc_seg: 84.0478, loss: 0.0567
2026-04-24 15:50:58,471 - mmseg - INFO - Iter [80550/160000]	lr: 7.759e-06, eta: 1 day, 0:36:58, time: 0.929, data_time: 0.386, memory: 14490, decode.loss_seg: 0.0347, decode.acc_seg: 85.6194, aux.loss_seg: 0.0243, aux.acc_seg: 84.5468, loss: 0.0590
2026-04-24 15:51:25,722 - mmseg - INFO - Iter [80600/160000]	lr: 7.754e-06, eta: 1 day, 0:35:27, time: 0.545, data_time: 0.005, memory: 14490, decode.loss_seg: 0.0341, decode.acc_seg: 84.3995, aux.loss_seg: 0.0240, aux.acc_seg: 83.3378, loss: 0.0581
2026-04-24 15:52:12,617 - mmseg - INFO - Iter [80650/160000]	lr: 7.749e-06, eta: 1 day, 0:34:20, time: 0.938, data_time: 0.319, memory: 14490, decode.loss_seg: 0.0328, decode.acc_seg: 84.6893, aux.loss_seg: 0.0231, aux.acc_seg: 83.6401, loss: 0.0559
2026-04-24 15:52:59,966 - mmseg - INFO - Iter [80700/160000]	lr: 7.744e-06, eta: 1 day, 0:33:14, time: 0.947, data_time: 0.396, memory: 14490, decode.loss_seg: 0.0344, decode.acc_seg: 83.9886, aux.loss_seg: 0.0238, aux.acc_seg: 82.9239, loss: 0.0582
2026-04-24 15:53:27,235 - mmseg - INFO - Iter [80750/160000]	lr: 7.739e-06, eta: 1 day, 0:31:44, time: 0.545, data_time: 0.004, memory: 14490, decode.loss_seg: 0.0342, decode.acc_seg: 85.5445, aux.loss_seg: 0.0239, aux.acc_seg: 84.4783, loss: 0.0581
2026-04-24 15:54:13,602 - mmseg - INFO - Iter [80800/160000]	lr: 7.735e-06, eta: 1 day, 0:30:36, time: 0.928, data_time: 0.388, memory: 14490, decode.loss_seg: 0.0332, decode.acc_seg: 83.6245, aux.loss_seg: 0.0234, aux.acc_seg: 82.5747, loss: 0.0566
2026-04-24 15:55:01,153 - mmseg - INFO - Iter [80850/160000]	lr: 7.730e-06, eta: 1 day, 0:29:31, time: 0.951, data_time: 0.384, memory: 14490, decode.loss_seg: 0.0340, decode.acc_seg: 86.6366, aux.loss_seg: 0.0234, aux.acc_seg: 85.6158, loss: 0.0574
2026-04-24 15:55:28,401 - mmseg - INFO - Iter [80900/160000]	lr: 7.725e-06, eta: 1 day, 0:28:00, time: 0.545, data_time: 0.005, memory: 14490, decode.loss_seg: 0.0334, decode.acc_seg: 84.7493, aux.loss_seg: 0.0239, aux.acc_seg: 83.6708, loss: 0.0573
2026-04-24 15:56:15,174 - mmseg - INFO - Iter [80950/160000]	lr: 7.720e-06, eta: 1 day, 0:26:54, time: 0.936, data_time: 0.369, memory: 14490, decode.loss_seg: 0.0348, decode.acc_seg: 85.0010, aux.loss_seg: 0.0246, aux.acc_seg: 83.8572, loss: 0.0594
2026-04-24 15:57:02,173 - mmseg - INFO - Exp name: pixel_upernet_itpn_large_12_512_slide_160k_air_polarsar2_amp_linux.py
2026-04-24 15:57:02,174 - mmseg - INFO - Iter [81000/160000]	lr: 7.715e-06, eta: 1 day, 0:25:48, time: 0.940, data_time: 0.401, memory: 14490, decode.loss_seg: 0.0341, decode.acc_seg: 84.5341, aux.loss_seg: 0.0254, aux.acc_seg: 83.3846, loss: 0.0595
2026-04-24 15:57:29,413 - mmseg - INFO - Iter [81050/160000]	lr: 7.710e-06, eta: 1 day, 0:24:18, time: 0.545, data_time: 0.005, memory: 14490, decode.loss_seg: 0.0348, decode.acc_seg: 84.5946, aux.loss_seg: 0.0247, aux.acc_seg: 83.4446, loss: 0.0595
2026-04-24 15:58:17,275 - mmseg - INFO - Iter [81100/160000]	lr: 7.705e-06, eta: 1 day, 0:23:12, time: 0.957, data_time: 0.366, memory: 14490, decode.loss_seg: 0.0328, decode.acc_seg: 85.0590, aux.loss_seg: 0.0228, aux.acc_seg: 84.0520, loss: 0.0556
2026-04-24 15:59:02,973 - mmseg - INFO - Iter [81150/160000]	lr: 7.700e-06, eta: 1 day, 0:22:05, time: 0.914, data_time: 0.367, memory: 14490, decode.loss_seg: 0.0349, decode.acc_seg: 84.6309, aux.loss_seg: 0.0250, aux.acc_seg: 83.4545, loss: 0.0599
2026-04-24 15:59:30,191 - mmseg - INFO - Iter [81200/160000]	lr: 7.695e-06, eta: 1 day, 0:20:35, time: 0.544, data_time: 0.005, memory: 14490, decode.loss_seg: 0.0347, decode.acc_seg: 85.9638, aux.loss_seg: 0.0246, aux.acc_seg: 84.8311, loss: 0.0593
2026-04-24 16:00:17,073 - mmseg - INFO - Iter [81250/160000]	lr: 7.691e-06, eta: 1 day, 0:19:29, time: 0.938, data_time: 0.351, memory: 14490, decode.loss_seg: 0.0330, decode.acc_seg: 85.0870, aux.loss_seg: 0.0233, aux.acc_seg: 84.0348, loss: 0.0563
2026-04-24 16:01:04,899 - mmseg - INFO - Iter [81300/160000]	lr: 7.686e-06, eta: 1 day, 0:18:24, time: 0.957, data_time: 0.406, memory: 14490, decode.loss_seg: 0.0339, decode.acc_seg: 83.8851, aux.loss_seg: 0.0237, aux.acc_seg: 82.8286, loss: 0.0575
2026-04-24 16:01:32,143 - mmseg - INFO - Iter [81350/160000]	lr: 7.681e-06, eta: 1 day, 0:16:54, time: 0.545, data_time: 0.005, memory: 14490, decode.loss_seg: 0.0333, decode.acc_seg: 84.8357, aux.loss_seg: 0.0232, aux.acc_seg: 83.8303, loss: 0.0564
2026-04-24 16:02:19,722 - mmseg - INFO - Iter [81400/160000]	lr: 7.676e-06, eta: 1 day, 0:15:49, time: 0.951, data_time: 0.410, memory: 14490, decode.loss_seg: 0.0342, decode.acc_seg: 83.4509, aux.loss_seg: 0.0240, aux.acc_seg: 82.3673, loss: 0.0581
2026-04-24 16:02:47,025 - mmseg - INFO - Iter [81450/160000]	lr: 7.671e-06, eta: 1 day, 0:14:19, time: 0.546, data_time: 0.004, memory: 14490, decode.loss_seg: 0.0348, decode.acc_seg: 83.3753, aux.loss_seg: 0.0240, aux.acc_seg: 82.3457, loss: 0.0588
2026-04-24 16:03:33,615 - mmseg - INFO - Iter [81500/160000]	lr: 7.666e-06, eta: 1 day, 0:13:13, time: 0.932, data_time: 0.392, memory: 14490, decode.loss_seg: 0.0335, decode.acc_seg: 85.2873, aux.loss_seg: 0.0227, aux.acc_seg: 84.3091, loss: 0.0562
2026-04-24 16:04:20,627 - mmseg - INFO - Iter [81550/160000]	lr: 7.661e-06, eta: 1 day, 0:12:07, time: 0.940, data_time: 0.375, memory: 14490, decode.loss_seg: 0.0346, decode.acc_seg: 83.7124, aux.loss_seg: 0.0239, aux.acc_seg: 82.6363, loss: 0.0585
2026-04-24 16:04:47,846 - mmseg - INFO - Iter [81600/160000]	lr: 7.656e-06, eta: 1 day, 0:10:38, time: 0.544, data_time: 0.005, memory: 14490, decode.loss_seg: 0.0351, decode.acc_seg: 85.0508, aux.loss_seg: 0.0237, aux.acc_seg: 84.0385, loss: 0.0588
2026-04-24 16:05:33,528 - mmseg - INFO - Iter [81650/160000]	lr: 7.652e-06, eta: 1 day, 0:09:31, time: 0.914, data_time: 0.374, memory: 14490, decode.loss_seg: 0.0349, decode.acc_seg: 85.5182, aux.loss_seg: 0.0239, aux.acc_seg: 84.4777, loss: 0.0588
2026-04-24 16:06:20,407 - mmseg - INFO - Iter [81700/160000]	lr: 7.647e-06, eta: 1 day, 0:08:25, time: 0.938, data_time: 0.372, memory: 14490, decode.loss_seg: 0.0335, decode.acc_seg: 84.6332, aux.loss_seg: 0.0232, aux.acc_seg: 83.6001, loss: 0.0567
2026-04-24 16:06:47,644 - mmseg - INFO - Iter [81750/160000]	lr: 7.642e-06, eta: 1 day, 0:06:56, time: 0.545, data_time: 0.004, memory: 14490, decode.loss_seg: 0.0344, decode.acc_seg: 85.6790, aux.loss_seg: 0.0238, aux.acc_seg: 84.6149, loss: 0.0582
2026-04-24 16:07:35,079 - mmseg - INFO - Iter [81800/160000]	lr: 7.637e-06, eta: 1 day, 0:05:51, time: 0.949, data_time: 0.409, memory: 14490, decode.loss_seg: 0.0337, decode.acc_seg: 82.7657, aux.loss_seg: 0.0234, aux.acc_seg: 81.7122, loss: 0.0571
2026-04-24 16:08:21,325 - mmseg - INFO - Iter [81850/160000]	lr: 7.632e-06, eta: 1 day, 0:04:44, time: 0.925, data_time: 0.372, memory: 14490, decode.loss_seg: 0.0324, decode.acc_seg: 84.4209, aux.loss_seg: 0.0231, aux.acc_seg: 83.3674, loss: 0.0555
2026-04-24 16:08:48,573 - mmseg - INFO - Iter [81900/160000]	lr: 7.627e-06, eta: 1 day, 0:03:15, time: 0.545, data_time: 0.005, memory: 14490, decode.loss_seg: 0.0338, decode.acc_seg: 84.2902, aux.loss_seg: 0.0236, aux.acc_seg: 83.2583, loss: 0.0575
2026-04-24 16:09:35,132 - mmseg - INFO - Iter [81950/160000]	lr: 7.622e-06, eta: 1 day, 0:02:10, time: 0.931, data_time: 0.339, memory: 14490, decode.loss_seg: 0.0336, decode.acc_seg: 85.0488, aux.loss_seg: 0.0237, aux.acc_seg: 83.9813, loss: 0.0573
2026-04-24 16:10:33,436 - mmseg - INFO - per class results:
2026-04-24 16:10:33,437 - mmseg - INFO - 
+------------+-------+-------+
| Class      | IoU   | Acc   |
+------------+-------+-------+
| housing    | 95.93 | 97.83 |
| industrial | 95.64 | 97.77 |
| natural    | 92.15 | 95.02 |
| land_use   | 84.51 | 89.25 |
| water      | 95.58 | 98.31 |
| other      | 98.71 | 99.44 |
+------------+-------+-------+
2026-04-24 16:10:33,437 - mmseg - INFO - Summary:
2026-04-24 16:10:33,437 - mmseg - INFO - 
+--------+-------+-------+-------+
| Scope  | mIoU  | mAcc  | aAcc  |
+--------+-------+-------+-------+
| global | 93.75 | 96.27 | 97.31 |
+--------+-------+-------+-------+
2026-04-24 16:10:33,460 - mmseg - INFO - Exp name: pixel_upernet_itpn_large_12_512_slide_160k_air_polarsar2_amp_linux.py
2026-04-24 16:10:33,460 - mmseg - INFO - Iter [82000/160000]	lr: 7.617e-06, eta: 1 day, 0:12:23, time: 12.426, data_time: 0.000, memory: 14490, mIoU: 0.9375, mAcc: 0.9627, aAcc: 0.9731
2026-04-24 16:11:00,729 - mmseg - INFO - Iter [82050/160000]	lr: 7.612e-06, eta: 1 day, 0:10:53, time: 0.545, data_time: 0.005, memory: 14490, decode.loss_seg: 0.0340, decode.acc_seg: 85.7063, aux.loss_seg: 0.0249, aux.acc_seg: 84.5388, loss: 0.0589
2026-04-24 16:11:47,938 - mmseg - INFO - Iter [82100/160000]	lr: 7.608e-06, eta: 1 day, 0:09:47, time: 0.944, data_time: 0.365, memory: 14490, decode.loss_seg: 0.0338, decode.acc_seg: 85.1238, aux.loss_seg: 0.0236, aux.acc_seg: 84.0900, loss: 0.0573
2026-04-24 16:12:32,248 - mmseg - INFO - Iter [82150/160000]	lr: 7.603e-06, eta: 1 day, 0:08:38, time: 0.886, data_time: 0.305, memory: 14490, decode.loss_seg: 0.0487, decode.acc_seg: 83.9126, aux.loss_seg: 0.0277, aux.acc_seg: 83.0689, loss: 0.0764
2026-04-24 16:12:59,543 - mmseg - INFO - Iter [82200/160000]	lr: 7.598e-06, eta: 1 day, 0:07:08, time: 0.546, data_time: 0.004, memory: 14490, decode.loss_seg: 0.0416, decode.acc_seg: 84.4066, aux.loss_seg: 0.0260, aux.acc_seg: 83.4206, loss: 0.0676
2026-04-24 16:13:45,918 - mmseg - INFO - Iter [82250/160000]	lr: 7.593e-06, eta: 1 day, 0:06:02, time: 0.928, data_time: 0.385, memory: 14490, decode.loss_seg: 0.0364, decode.acc_seg: 84.2197, aux.loss_seg: 0.0242, aux.acc_seg: 83.1961, loss: 0.0606
2026-04-24 16:14:32,783 - mmseg - INFO - Iter [82300/160000]	lr: 7.588e-06, eta: 1 day, 0:04:55, time: 0.937, data_time: 0.339, memory: 14490, decode.loss_seg: 0.0352, decode.acc_seg: 83.9102, aux.loss_seg: 0.0255, aux.acc_seg: 82.7097, loss: 0.0607
2026-04-24 16:15:00,065 - mmseg - INFO - Iter [82350/160000]	lr: 7.583e-06, eta: 1 day, 0:03:26, time: 0.546, data_time: 0.005, memory: 14490, decode.loss_seg: 0.0347, decode.acc_seg: 85.4308, aux.loss_seg: 0.0240, aux.acc_seg: 84.3701, loss: 0.0587
2026-04-24 16:15:46,909 - mmseg - INFO - Iter [82400/160000]	lr: 7.578e-06, eta: 1 day, 0:02:20, time: 0.937, data_time: 0.396, memory: 14490, decode.loss_seg: 0.0350, decode.acc_seg: 85.5816, aux.loss_seg: 0.0239, aux.acc_seg: 84.5482, loss: 0.0589
2026-04-24 16:16:14,201 - mmseg - INFO - Iter [82450/160000]	lr: 7.573e-06, eta: 1 day, 0:00:51, time: 0.546, data_time: 0.005, memory: 14490, decode.loss_seg: 0.0343, decode.acc_seg: 85.4995, aux.loss_seg: 0.0238, aux.acc_seg: 84.4266, loss: 0.0582
2026-04-24 16:17:01,643 - mmseg - INFO - Iter [82500/160000]	lr: 7.569e-06, eta: 23:59:46, time: 0.949, data_time: 0.346, memory: 14490, decode.loss_seg: 0.0340, decode.acc_seg: 83.8775, aux.loss_seg: 0.0237, aux.acc_seg: 82.8177, loss: 0.0577
2026-04-24 16:17:48,965 - mmseg - INFO - Iter [82550/160000]	lr: 7.564e-06, eta: 23:58:40, time: 0.947, data_time: 0.383, memory: 14490, decode.loss_seg: 0.0337, decode.acc_seg: 84.5235, aux.loss_seg: 0.0234, aux.acc_seg: 83.4767, loss: 0.0571
2026-04-24 16:18:16,197 - mmseg - INFO - Iter [82600/160000]	lr: 7.559e-06, eta: 23:57:11, time: 0.545, data_time: 0.005, memory: 14490, decode.loss_seg: 0.0344, decode.acc_seg: 86.1206, aux.loss_seg: 0.0264, aux.acc_seg: 84.7948, loss: 0.0608
2026-04-24 16:19:03,331 - mmseg - INFO - Iter [82650/160000]	lr: 7.554e-06, eta: 23:56:06, time: 0.942, data_time: 0.379, memory: 14490, decode.loss_seg: 0.0314, decode.acc_seg: 84.4430, aux.loss_seg: 0.0227, aux.acc_seg: 83.3967, loss: 0.0542
2026-04-24 16:19:51,434 - mmseg - INFO - Iter [82700/160000]	lr: 7.549e-06, eta: 23:55:01, time: 0.962, data_time: 0.395, memory: 14490, decode.loss_seg: 0.0338, decode.acc_seg: 84.3304, aux.loss_seg: 0.0237, aux.acc_seg: 83.2617, loss: 0.0576
2026-04-24 16:20:18,661 - mmseg - INFO - Iter [82750/160000]	lr: 7.544e-06, eta: 23:53:32, time: 0.545, data_time: 0.004, memory: 14490, decode.loss_seg: 0.0339, decode.acc_seg: 85.4698, aux.loss_seg: 0.0235, aux.acc_seg: 84.4167, loss: 0.0574
2026-04-24 16:21:05,864 - mmseg - INFO - Iter [82800/160000]	lr: 7.539e-06, eta: 23:52:27, time: 0.944, data_time: 0.394, memory: 14490, decode.loss_seg: 0.0334, decode.acc_seg: 84.3911, aux.loss_seg: 0.0236, aux.acc_seg: 83.3219, loss: 0.0571
2026-04-24 16:21:53,225 - mmseg - INFO - Iter [82850/160000]	lr: 7.534e-06, eta: 23:51:22, time: 0.947, data_time: 0.380, memory: 14490, decode.loss_seg: 0.0342, decode.acc_seg: 87.7140, aux.loss_seg: 0.0236, aux.acc_seg: 86.6912, loss: 0.0578
2026-04-24 16:22:20,488 - mmseg - INFO - Iter [82900/160000]	lr: 7.529e-06, eta: 23:49:53, time: 0.545, data_time: 0.004, memory: 14490, decode.loss_seg: 0.0322, decode.acc_seg: 82.3921, aux.loss_seg: 0.0234, aux.acc_seg: 81.2776, loss: 0.0556
2026-04-24 16:23:07,600 - mmseg - INFO - Iter [82950/160000]	lr: 7.525e-06, eta: 23:48:48, time: 0.942, data_time: 0.403, memory: 14490, decode.loss_seg: 0.0331, decode.acc_seg: 84.8624, aux.loss_seg: 0.0234, aux.acc_seg: 83.7878, loss: 0.0565
2026-04-24 16:23:54,111 - mmseg - INFO - Exp name: pixel_upernet_itpn_large_12_512_slide_160k_air_polarsar2_amp_linux.py
2026-04-24 16:23:54,112 - mmseg - INFO - Iter [83000/160000]	lr: 7.520e-06, eta: 23:47:42, time: 0.930, data_time: 0.324, memory: 14490, decode.loss_seg: 0.0333, decode.acc_seg: 83.9157, aux.loss_seg: 0.0232, aux.acc_seg: 82.8753, loss: 0.0565
2026-04-24 16:24:21,303 - mmseg - INFO - Iter [83050/160000]	lr: 7.515e-06, eta: 23:46:14, time: 0.544, data_time: 0.004, memory: 14490, decode.loss_seg: 0.0331, decode.acc_seg: 85.6215, aux.loss_seg: 0.0240, aux.acc_seg: 84.4405, loss: 0.0571
2026-04-24 16:25:08,059 - mmseg - INFO - Iter [83100/160000]	lr: 7.510e-06, eta: 23:45:08, time: 0.935, data_time: 0.365, memory: 14490, decode.loss_seg: 0.0334, decode.acc_seg: 84.4790, aux.loss_seg: 0.0236, aux.acc_seg: 83.3883, loss: 0.0570
2026-04-24 16:25:56,005 - mmseg - INFO - Iter [83150/160000]	lr: 7.505e-06, eta: 23:44:03, time: 0.959, data_time: 0.363, memory: 14490, decode.loss_seg: 0.0334, decode.acc_seg: 85.8656, aux.loss_seg: 0.0237, aux.acc_seg: 84.8117, loss: 0.0570
2026-04-24 16:26:23,172 - mmseg - INFO - Iter [83200/160000]	lr: 7.500e-06, eta: 23:42:35, time: 0.544, data_time: 0.005, memory: 14490, decode.loss_seg: 0.0325, decode.acc_seg: 84.8493, aux.loss_seg: 0.0225, aux.acc_seg: 83.8499, loss: 0.0550
2026-04-24 16:27:10,523 - mmseg - INFO - Iter [83250/160000]	lr: 7.495e-06, eta: 23:41:30, time: 0.947, data_time: 0.345, memory: 14490, decode.loss_seg: 0.0323, decode.acc_seg: 83.4423, aux.loss_seg: 0.0231, aux.acc_seg: 82.3372, loss: 0.0554
2026-04-24 16:27:57,116 - mmseg - INFO - Iter [83300/160000]	lr: 7.490e-06, eta: 23:40:25, time: 0.932, data_time: 0.354, memory: 14490, decode.loss_seg: 0.0340, decode.acc_seg: 86.0299, aux.loss_seg: 0.0234, aux.acc_seg: 85.0108, loss: 0.0575
2026-04-24 16:28:24,324 - mmseg - INFO - Iter [83350/160000]	lr: 7.486e-06, eta: 23:38:57, time: 0.544, data_time: 0.004, memory: 14490, decode.loss_seg: 0.0333, decode.acc_seg: 84.8672, aux.loss_seg: 0.0237, aux.acc_seg: 83.7982, loss: 0.0570
2026-04-24 16:29:11,395 - mmseg - INFO - Iter [83400/160000]	lr: 7.481e-06, eta: 23:37:52, time: 0.941, data_time: 0.373, memory: 14490, decode.loss_seg: 0.0326, decode.acc_seg: 84.8862, aux.loss_seg: 0.0229, aux.acc_seg: 83.8621, loss: 0.0554
2026-04-24 16:29:38,664 - mmseg - INFO - Iter [83450/160000]	lr: 7.476e-06, eta: 23:36:24, time: 0.545, data_time: 0.004, memory: 14490, decode.loss_seg: 0.0333, decode.acc_seg: 84.8029, aux.loss_seg: 0.0235, aux.acc_seg: 83.7408, loss: 0.0568
2026-04-24 16:30:25,848 - mmseg - INFO - Iter [83500/160000]	lr: 7.471e-06, eta: 23:35:19, time: 0.944, data_time: 0.402, memory: 14490, decode.loss_seg: 0.0346, decode.acc_seg: 85.5056, aux.loss_seg: 0.0239, aux.acc_seg: 84.4626, loss: 0.0585
2026-04-24 16:31:13,066 - mmseg - INFO - Iter [83550/160000]	lr: 7.466e-06, eta: 23:34:14, time: 0.944, data_time: 0.358, memory: 14490, decode.loss_seg: 0.0343, decode.acc_seg: 85.5839, aux.loss_seg: 0.0239, aux.acc_seg: 84.5134, loss: 0.0582
2026-04-24 16:31:40,264 - mmseg - INFO - Iter [83600/160000]	lr: 7.461e-06, eta: 23:32:47, time: 0.544, data_time: 0.004, memory: 14490, decode.loss_seg: 0.0334, decode.acc_seg: 84.2477, aux.loss_seg: 0.0230, aux.acc_seg: 83.2288, loss: 0.0565
2026-04-24 16:32:27,032 - mmseg - INFO - Iter [83650/160000]	lr: 7.456e-06, eta: 23:31:41, time: 0.935, data_time: 0.377, memory: 14490, decode.loss_seg: 0.0330, decode.acc_seg: 84.0509, aux.loss_seg: 0.0232, aux.acc_seg: 82.9979, loss: 0.0562
2026-04-24 16:33:13,977 - mmseg - INFO - Iter [83700/160000]	lr: 7.451e-06, eta: 23:30:36, time: 0.939, data_time: 0.387, memory: 14490, decode.loss_seg: 0.0339, decode.acc_seg: 85.4741, aux.loss_seg: 0.0235, aux.acc_seg: 84.4394, loss: 0.0573
2026-04-24 16:33:41,224 - mmseg - INFO - Iter [83750/160000]	lr: 7.446e-06, eta: 23:29:09, time: 0.545, data_time: 0.005, memory: 14490, decode.loss_seg: 0.0336, decode.acc_seg: 85.8173, aux.loss_seg: 0.0236, aux.acc_seg: 84.7832, loss: 0.0572
2026-04-24 16:34:26,551 - mmseg - INFO - Iter [83800/160000]	lr: 7.442e-06, eta: 23:28:02, time: 0.906, data_time: 0.362, memory: 14490, decode.loss_seg: 0.0334, decode.acc_seg: 83.8279, aux.loss_seg: 0.0257, aux.acc_seg: 82.6283, loss: 0.0591
2026-04-24 16:35:12,706 - mmseg - INFO - Iter [83850/160000]	lr: 7.437e-06, eta: 23:26:56, time: 0.923, data_time: 0.382, memory: 14490, decode.loss_seg: 0.0327, decode.acc_seg: 84.5339, aux.loss_seg: 0.0233, aux.acc_seg: 83.4589, loss: 0.0561
2026-04-24 16:35:39,965 - mmseg - INFO - Iter [83900/160000]	lr: 7.432e-06, eta: 23:25:29, time: 0.545, data_time: 0.004, memory: 14490, decode.loss_seg: 0.0344, decode.acc_seg: 85.0066, aux.loss_seg: 0.0247, aux.acc_seg: 83.8343, loss: 0.0591
2026-04-24 16:36:26,629 - mmseg - INFO - Iter [83950/160000]	lr: 7.427e-06, eta: 23:24:24, time: 0.933, data_time: 0.359, memory: 14490, decode.loss_seg: 0.0330, decode.acc_seg: 85.2788, aux.loss_seg: 0.0228, aux.acc_seg: 84.2652, loss: 0.0558
2026-04-24 16:37:25,293 - mmseg - INFO - per class results:
2026-04-24 16:37:25,293 - mmseg - INFO - 
+------------+-------+-------+
| Class      | IoU   | Acc   |
+------------+-------+-------+
| housing    | 95.93 | 98.16 |
| industrial | 95.65 | 97.91 |
| natural    | 92.08 | 94.32 |
| land_use   | 84.69 | 89.25 |
| water      | 95.66 | 98.2  |
| other      | 98.62 | 99.58 |
+------------+-------+-------+
2026-04-24 16:37:25,293 - mmseg - INFO - Summary:
2026-04-24 16:37:25,294 - mmseg - INFO - 
+--------+-------+-------+-------+
| Scope  | mIoU  | mAcc  | aAcc  |
+--------+-------+-------+-------+
| global | 93.77 | 96.23 | 97.33 |
+--------+-------+-------+-------+
2026-04-24 16:37:25,320 - mmseg - INFO - Exp name: pixel_upernet_itpn_large_12_512_slide_160k_air_polarsar2_amp_linux.py
2026-04-24 16:37:25,320 - mmseg - INFO - Iter [84000/160000]	lr: 7.422e-06, eta: 23:34:11, time: 12.606, data_time: 0.000, memory: 14490, mIoU: 0.9377, mAcc: 0.9623, aAcc: 0.9733
2026-04-24 16:37:52,638 - mmseg - INFO - Iter [84050/160000]	lr: 7.417e-06, eta: 23:32:44, time: 0.546, data_time: 0.004, memory: 14490, decode.loss_seg: 0.0332, decode.acc_seg: 84.4193, aux.loss_seg: 0.0235, aux.acc_seg: 83.3550, loss: 0.0567
2026-04-24 16:38:39,709 - mmseg - INFO - Iter [84100/160000]	lr: 7.412e-06, eta: 23:31:38, time: 0.942, data_time: 0.384, memory: 14490, decode.loss_seg: 0.0334, decode.acc_seg: 85.5913, aux.loss_seg: 0.0238, aux.acc_seg: 84.5069, loss: 0.0572
2026-04-24 16:39:27,278 - mmseg - INFO - Iter [84150/160000]	lr: 7.407e-06, eta: 23:30:33, time: 0.951, data_time: 0.367, memory: 14490, decode.loss_seg: 0.0332, decode.acc_seg: 85.9512, aux.loss_seg: 0.0232, aux.acc_seg: 84.9070, loss: 0.0565
2026-04-24 16:39:54,523 - mmseg - INFO - Iter [84200/160000]	lr: 7.403e-06, eta: 23:29:06, time: 0.545, data_time: 0.004, memory: 14490, decode.loss_seg: 0.0333, decode.acc_seg: 84.4484, aux.loss_seg: 0.0239, aux.acc_seg: 83.3325, loss: 0.0572
2026-04-24 16:40:40,614 - mmseg - INFO - Iter [84250/160000]	lr: 7.398e-06, eta: 23:27:59, time: 0.922, data_time: 0.379, memory: 14490, decode.loss_seg: 0.0335, decode.acc_seg: 84.2050, aux.loss_seg: 0.0283, aux.acc_seg: 82.9106, loss: 0.0618
2026-04-24 16:41:28,165 - mmseg - INFO - Iter [84300/160000]	lr: 7.393e-06, eta: 23:26:54, time: 0.951, data_time: 0.388, memory: 14490, decode.loss_seg: 0.0336, decode.acc_seg: 85.3410, aux.loss_seg: 0.0234, aux.acc_seg: 84.3072, loss: 0.0570
2026-04-24 16:41:55,406 - mmseg - INFO - Iter [84350/160000]	lr: 7.388e-06, eta: 23:25:27, time: 0.545, data_time: 0.004, memory: 14490, decode.loss_seg: 0.0325, decode.acc_seg: 86.0970, aux.loss_seg: 0.0227, aux.acc_seg: 85.0943, loss: 0.0552
2026-04-24 16:42:42,029 - mmseg - INFO - Iter [84400/160000]	lr: 7.383e-06, eta: 23:24:21, time: 0.932, data_time: 0.366, memory: 14490, decode.loss_seg: 0.0333, decode.acc_seg: 83.9198, aux.loss_seg: 0.0239, aux.acc_seg: 82.8267, loss: 0.0572
2026-04-24 16:43:09,285 - mmseg - INFO - Iter [84450/160000]	lr: 7.378e-06, eta: 23:22:54, time: 0.545, data_time: 0.003, memory: 14490, decode.loss_seg: 0.0324, decode.acc_seg: 84.6960, aux.loss_seg: 0.0228, aux.acc_seg: 83.6628, loss: 0.0552
2026-04-24 16:43:56,134 - mmseg - INFO - Iter [84500/160000]	lr: 7.373e-06, eta: 23:21:49, time: 0.937, data_time: 0.370, memory: 14490, decode.loss_seg: 0.0327, decode.acc_seg: 84.6027, aux.loss_seg: 0.0230, aux.acc_seg: 83.5595, loss: 0.0557
2026-04-24 16:44:43,566 - mmseg - INFO - Iter [84550/160000]	lr: 7.368e-06, eta: 23:20:44, time: 0.949, data_time: 0.396, memory: 14490, decode.loss_seg: 0.0331, decode.acc_seg: 85.9561, aux.loss_seg: 0.0237, aux.acc_seg: 84.8596, loss: 0.0568
2026-04-24 16:45:10,829 - mmseg - INFO - Iter [84600/160000]	lr: 7.363e-06, eta: 23:19:17, time: 0.545, data_time: 0.003, memory: 14490, decode.loss_seg: 0.0331, decode.acc_seg: 85.0879, aux.loss_seg: 0.0238, aux.acc_seg: 84.0016, loss: 0.0568
2026-04-24 16:45:56,962 - mmseg - INFO - Iter [84650/160000]	lr: 7.359e-06, eta: 23:18:11, time: 0.923, data_time: 0.363, memory: 14490, decode.loss_seg: 0.0329, decode.acc_seg: 85.6381, aux.loss_seg: 0.0234, aux.acc_seg: 84.5902, loss: 0.0563
2026-04-24 16:46:42,849 - mmseg - INFO - Iter [84700/160000]	lr: 7.354e-06, eta: 23:17:04, time: 0.918, data_time: 0.376, memory: 14490, decode.loss_seg: 0.0317, decode.acc_seg: 82.4384, aux.loss_seg: 0.0228, aux.acc_seg: 81.3577, loss: 0.0546
2026-04-24 16:47:10,165 - mmseg - INFO - Iter [84750/160000]	lr: 7.349e-06, eta: 23:15:38, time: 0.546, data_time: 0.005, memory: 14490, decode.loss_seg: 0.0317, decode.acc_seg: 84.7808, aux.loss_seg: 0.0226, aux.acc_seg: 83.7299, loss: 0.0542
2026-04-24 16:47:57,406 - mmseg - INFO - Iter [84800/160000]	lr: 7.344e-06, eta: 23:14:33, time: 0.945, data_time: 0.374, memory: 14490, decode.loss_seg: 0.0326, decode.acc_seg: 85.0913, aux.loss_seg: 0.0231, aux.acc_seg: 84.0521, loss: 0.0556
2026-04-24 16:48:44,470 - mmseg - INFO - Iter [84850/160000]	lr: 7.339e-06, eta: 23:13:28, time: 0.941, data_time: 0.359, memory: 14490, decode.loss_seg: 0.0325, decode.acc_seg: 84.6292, aux.loss_seg: 0.0231, aux.acc_seg: 83.5771, loss: 0.0556
2026-04-24 16:49:11,698 - mmseg - INFO - Iter [84900/160000]	lr: 7.334e-06, eta: 23:12:01, time: 0.544, data_time: 0.005, memory: 14490, decode.loss_seg: 0.0344, decode.acc_seg: 85.9783, aux.loss_seg: 0.0268, aux.acc_seg: 84.8241, loss: 0.0612
2026-04-24 16:49:58,900 - mmseg - INFO - Iter [84950/160000]	lr: 7.329e-06, eta: 23:10:57, time: 0.944, data_time: 0.334, memory: 14490, decode.loss_seg: 0.0329, decode.acc_seg: 86.1944, aux.loss_seg: 0.0243, aux.acc_seg: 84.9839, loss: 0.0572
2026-04-24 16:50:45,522 - mmseg - INFO - Exp name: pixel_upernet_itpn_large_12_512_slide_160k_air_polarsar2_amp_linux.py
2026-04-24 16:50:45,522 - mmseg - INFO - Iter [85000/160000]	lr: 7.324e-06, eta: 23:09:51, time: 0.932, data_time: 0.371, memory: 14490, decode.loss_seg: 0.0322, decode.acc_seg: 84.9262, aux.loss_seg: 0.0241, aux.acc_seg: 83.7507, loss: 0.0563
2026-04-24 16:51:12,791 - mmseg - INFO - Iter [85050/160000]	lr: 7.319e-06, eta: 23:08:25, time: 0.545, data_time: 0.005, memory: 14490, decode.loss_seg: 0.0347, decode.acc_seg: 85.3545, aux.loss_seg: 0.0263, aux.acc_seg: 84.1121, loss: 0.0611
2026-04-24 16:51:58,788 - mmseg - INFO - Iter [85100/160000]	lr: 7.315e-06, eta: 23:07:19, time: 0.920, data_time: 0.379, memory: 14490, decode.loss_seg: 0.0333, decode.acc_seg: 83.7967, aux.loss_seg: 0.0238, aux.acc_seg: 82.7057, loss: 0.0571
2026-04-24 16:52:46,391 - mmseg - INFO - Iter [85150/160000]	lr: 7.310e-06, eta: 23:06:15, time: 0.952, data_time: 0.364, memory: 14490, decode.loss_seg: 0.0323, decode.acc_seg: 84.2242, aux.loss_seg: 0.0233, aux.acc_seg: 83.1549, loss: 0.0556
2026-04-24 16:53:13,625 - mmseg - INFO - Iter [85200/160000]	lr: 7.305e-06, eta: 23:04:48, time: 0.545, data_time: 0.005, memory: 14490, decode.loss_seg: 0.0324, decode.acc_seg: 84.6079, aux.loss_seg: 0.0229, aux.acc_seg: 83.5814, loss: 0.0552
2026-04-24 16:54:00,618 - mmseg - INFO - Iter [85250/160000]	lr: 7.300e-06, eta: 23:03:44, time: 0.940, data_time: 0.343, memory: 14490, decode.loss_seg: 0.0320, decode.acc_seg: 84.8903, aux.loss_seg: 0.0224, aux.acc_seg: 83.8804, loss: 0.0544
2026-04-24 16:54:27,841 - mmseg - INFO - Iter [85300/160000]	lr: 7.295e-06, eta: 23:02:18, time: 0.545, data_time: 0.004, memory: 14490, decode.loss_seg: 0.0325, decode.acc_seg: 83.1562, aux.loss_seg: 0.0236, aux.acc_seg: 82.0378, loss: 0.0561
2026-04-24 16:55:14,606 - mmseg - INFO - Iter [85350/160000]	lr: 7.290e-06, eta: 23:01:13, time: 0.935, data_time: 0.361, memory: 14490, decode.loss_seg: 0.0322, decode.acc_seg: 84.4947, aux.loss_seg: 0.0241, aux.acc_seg: 83.2987, loss: 0.0563
2026-04-24 16:56:00,215 - mmseg - INFO - Iter [85400/160000]	lr: 7.285e-06, eta: 23:00:07, time: 0.912, data_time: 0.359, memory: 14490, decode.loss_seg: 0.0317, decode.acc_seg: 84.3909, aux.loss_seg: 0.0224, aux.acc_seg: 83.3694, loss: 0.0541
2026-04-24 16:56:27,451 - mmseg - INFO - Iter [85450/160000]	lr: 7.280e-06, eta: 22:58:41, time: 0.544, data_time: 0.004, memory: 14490, decode.loss_seg: 0.0329, decode.acc_seg: 83.7659, aux.loss_seg: 0.0232, aux.acc_seg: 82.7108, loss: 0.0561
2026-04-24 16:57:14,066 - mmseg - INFO - Iter [85500/160000]	lr: 7.276e-06, eta: 22:57:36, time: 0.932, data_time: 0.358, memory: 14490, decode.loss_seg: 0.0316, decode.acc_seg: 84.0563, aux.loss_seg: 0.0226, aux.acc_seg: 83.0230, loss: 0.0542
2026-04-24 16:58:00,864 - mmseg - INFO - Iter [85550/160000]	lr: 7.271e-06, eta: 22:56:31, time: 0.936, data_time: 0.338, memory: 14490, decode.loss_seg: 0.0337, decode.acc_seg: 85.9450, aux.loss_seg: 0.0240, aux.acc_seg: 84.8192, loss: 0.0577
2026-04-24 16:58:28,080 - mmseg - INFO - Iter [85600/160000]	lr: 7.266e-06, eta: 22:55:05, time: 0.544, data_time: 0.004, memory: 14490, decode.loss_seg: 0.0320, decode.acc_seg: 84.6290, aux.loss_seg: 0.0227, aux.acc_seg: 83.5933, loss: 0.0547
2026-04-24 16:59:15,458 - mmseg - INFO - Iter [85650/160000]	lr: 7.261e-06, eta: 22:54:01, time: 0.947, data_time: 0.359, memory: 14490, decode.loss_seg: 0.0328, decode.acc_seg: 85.1609, aux.loss_seg: 0.0234, aux.acc_seg: 84.1106, loss: 0.0561
2026-04-24 17:00:02,468 - mmseg - INFO - Iter [85700/160000]	lr: 7.256e-06, eta: 22:52:57, time: 0.940, data_time: 0.399, memory: 14490, decode.loss_seg: 0.0317, decode.acc_seg: 82.9750, aux.loss_seg: 0.0226, aux.acc_seg: 81.9163, loss: 0.0543
2026-04-24 17:00:29,746 - mmseg - INFO - Iter [85750/160000]	lr: 7.251e-06, eta: 22:51:31, time: 0.546, data_time: 0.004, memory: 14490, decode.loss_seg: 0.0323, decode.acc_seg: 82.2024, aux.loss_seg: 0.0237, aux.acc_seg: 81.1047, loss: 0.0560
2026-04-24 17:01:16,716 - mmseg - INFO - Iter [85800/160000]	lr: 7.246e-06, eta: 22:50:27, time: 0.940, data_time: 0.340, memory: 14490, decode.loss_seg: 0.0328, decode.acc_seg: 85.9473, aux.loss_seg: 0.0231, aux.acc_seg: 84.9042, loss: 0.0560
2026-04-24 17:02:04,151 - mmseg - INFO - Iter [85850/160000]	lr: 7.241e-06, eta: 22:49:23, time: 0.948, data_time: 0.353, memory: 14490, decode.loss_seg: 0.0311, decode.acc_seg: 84.6646, aux.loss_seg: 0.0223, aux.acc_seg: 83.6422, loss: 0.0534
2026-04-24 17:02:31,423 - mmseg - INFO - Iter [85900/160000]	lr: 7.236e-06, eta: 22:47:58, time: 0.546, data_time: 0.003, memory: 14490, decode.loss_seg: 0.0320, decode.acc_seg: 84.8550, aux.loss_seg: 0.0227, aux.acc_seg: 83.8071, loss: 0.0548
2026-04-24 17:03:18,096 - mmseg - INFO - Iter [85950/160000]	lr: 7.232e-06, eta: 22:46:53, time: 0.933, data_time: 0.358, memory: 14490, decode.loss_seg: 0.0325, decode.acc_seg: 86.7046, aux.loss_seg: 0.0228, aux.acc_seg: 85.6809, loss: 0.0553
2026-04-24 17:04:15,766 - mmseg - INFO - per class results:
2026-04-24 17:04:15,767 - mmseg - INFO - 
+------------+-------+-------+
| Class      | IoU   | Acc   |
+------------+-------+-------+
| housing    | 96.11 | 97.9  |
| industrial | 95.82 | 97.84 |
| natural    | 92.5  | 95.02 |
| land_use   | 84.68 | 89.33 |
| water      | 95.68 | 98.41 |
| other      | 98.67 | 99.51 |
+------------+-------+-------+
2026-04-24 17:04:15,767 - mmseg - INFO - Summary:
2026-04-24 17:04:15,767 - mmseg - INFO - 
+--------+-------+-------+-------+
| Scope  | mIoU  | mAcc  | aAcc  |
+--------+-------+-------+-------+
| global | 93.91 | 96.33 | 97.38 |
+--------+-------+-------+-------+
2026-04-24 17:04:15,808 - mmseg - INFO - Exp name: pixel_upernet_itpn_large_12_512_slide_160k_air_polarsar2_amp_linux.py
2026-04-24 17:04:15,808 - mmseg - INFO - Iter [86000/160000]	lr: 7.227e-06, eta: 22:56:38, time: 13.218, data_time: 0.000, memory: 14490, mIoU: 0.9391, mAcc: 0.9633, aAcc: 0.9738
2026-04-24 17:04:43,160 - mmseg - INFO - Iter [86050/160000]	lr: 7.222e-06, eta: 22:55:12, time: 0.547, data_time: 0.004, memory: 14490, decode.loss_seg: 0.0334, decode.acc_seg: 85.6284, aux.loss_seg: 0.0237, aux.acc_seg: 84.5685, loss: 0.0571
2026-04-24 17:05:30,997 - mmseg - INFO - Iter [86100/160000]	lr: 7.217e-06, eta: 22:54:08, time: 0.957, data_time: 0.363, memory: 14490, decode.loss_seg: 0.0326, decode.acc_seg: 83.9639, aux.loss_seg: 0.0232, aux.acc_seg: 82.8954, loss: 0.0558
2026-04-24 17:06:18,264 - mmseg - INFO - Iter [86150/160000]	lr: 7.212e-06, eta: 22:53:03, time: 0.945, data_time: 0.366, memory: 14490, decode.loss_seg: 0.0317, decode.acc_seg: 84.5406, aux.loss_seg: 0.0223, aux.acc_seg: 83.5222, loss: 0.0541
2026-04-24 17:06:45,578 - mmseg - INFO - Iter [86200/160000]	lr: 7.207e-06, eta: 22:51:38, time: 0.547, data_time: 0.004, memory: 14490, decode.loss_seg: 0.0316, decode.acc_seg: 84.0815, aux.loss_seg: 0.0225, aux.acc_seg: 83.0506, loss: 0.0541
2026-04-24 17:07:32,231 - mmseg - INFO - Iter [86250/160000]	lr: 7.202e-06, eta: 22:50:32, time: 0.933, data_time: 0.365, memory: 14490, decode.loss_seg: 0.0322, decode.acc_seg: 85.3122, aux.loss_seg: 0.0226, aux.acc_seg: 84.3071, loss: 0.0548
2026-04-24 17:07:59,492 - mmseg - INFO - Iter [86300/160000]	lr: 7.197e-06, eta: 22:49:07, time: 0.545, data_time: 0.004, memory: 14490, decode.loss_seg: 0.0329, decode.acc_seg: 85.7185, aux.loss_seg: 0.0231, aux.acc_seg: 84.6938, loss: 0.0560
2026-04-24 17:08:46,744 - mmseg - INFO - Iter [86350/160000]	lr: 7.193e-06, eta: 22:48:02, time: 0.945, data_time: 0.391, memory: 14490, decode.loss_seg: 0.0316, decode.acc_seg: 85.1216, aux.loss_seg: 0.0226, aux.acc_seg: 84.0840, loss: 0.0542
2026-04-24 17:09:33,736 - mmseg - INFO - Iter [86400/160000]	lr: 7.188e-06, eta: 22:46:57, time: 0.940, data_time: 0.380, memory: 14490, decode.loss_seg: 0.0319, decode.acc_seg: 84.2393, aux.loss_seg: 0.0225, aux.acc_seg: 83.2108, loss: 0.0544
2026-04-24 17:10:01,044 - mmseg - INFO - Iter [86450/160000]	lr: 7.183e-06, eta: 22:45:32, time: 0.546, data_time: 0.004, memory: 14490, decode.loss_seg: 0.0322, decode.acc_seg: 83.3884, aux.loss_seg: 0.0231, aux.acc_seg: 82.3082, loss: 0.0553
2026-04-24 17:10:48,255 - mmseg - INFO - Iter [86500/160000]	lr: 7.178e-06, eta: 22:44:27, time: 0.944, data_time: 0.402, memory: 14490, decode.loss_seg: 0.0326, decode.acc_seg: 85.5088, aux.loss_seg: 0.0228, aux.acc_seg: 84.4902, loss: 0.0554
2026-04-24 17:11:35,043 - mmseg - INFO - Iter [86550/160000]	lr: 7.173e-06, eta: 22:43:22, time: 0.936, data_time: 0.360, memory: 14490, decode.loss_seg: 0.0325, decode.acc_seg: 84.8580, aux.loss_seg: 0.0228, aux.acc_seg: 83.8486, loss: 0.0553
2026-04-24 17:12:02,358 - mmseg - INFO - Iter [86600/160000]	lr: 7.168e-06, eta: 22:41:57, time: 0.546, data_time: 0.004, memory: 14490, decode.loss_seg: 0.0339, decode.acc_seg: 82.1801, aux.loss_seg: 0.0237, aux.acc_seg: 81.1086, loss: 0.0576
2026-04-24 17:12:48,834 - mmseg - INFO - Iter [86650/160000]	lr: 7.163e-06, eta: 22:40:52, time: 0.930, data_time: 0.369, memory: 14490, decode.loss_seg: 0.0317, decode.acc_seg: 84.2684, aux.loss_seg: 0.0227, aux.acc_seg: 83.2001, loss: 0.0545
2026-04-24 17:13:35,321 - mmseg - INFO - Iter [86700/160000]	lr: 7.158e-06, eta: 22:39:47, time: 0.930, data_time: 0.362, memory: 14490, decode.loss_seg: 0.0330, decode.acc_seg: 85.8653, aux.loss_seg: 0.0229, aux.acc_seg: 84.8503, loss: 0.0559
2026-04-24 17:14:02,611 - mmseg - INFO - Iter [86750/160000]	lr: 7.153e-06, eta: 22:38:22, time: 0.546, data_time: 0.004, memory: 14490, decode.loss_seg: 0.0332, decode.acc_seg: 86.2786, aux.loss_seg: 0.0235, aux.acc_seg: 85.2431, loss: 0.0567
2026-04-24 17:14:49,140 - mmseg - INFO - Iter [86800/160000]	lr: 7.149e-06, eta: 22:37:17, time: 0.930, data_time: 0.337, memory: 14490, decode.loss_seg: 0.0328, decode.acc_seg: 85.7946, aux.loss_seg: 0.0236, aux.acc_seg: 84.7332, loss: 0.0564
2026-04-24 17:15:36,257 - mmseg - INFO - Iter [86850/160000]	lr: 7.144e-06, eta: 22:36:12, time: 0.943, data_time: 0.372, memory: 14490, decode.loss_seg: 0.0319, decode.acc_seg: 85.5228, aux.loss_seg: 0.0229, aux.acc_seg: 84.4634, loss: 0.0548
2026-04-24 17:16:03,490 - mmseg - INFO - Iter [86900/160000]	lr: 7.139e-06, eta: 22:34:47, time: 0.544, data_time: 0.003, memory: 14490, decode.loss_seg: 0.0325, decode.acc_seg: 83.5557, aux.loss_seg: 0.0243, aux.acc_seg: 82.3151, loss: 0.0569
2026-04-24 17:16:50,782 - mmseg - INFO - Iter [86950/160000]	lr: 7.134e-06, eta: 22:33:43, time: 0.946, data_time: 0.372, memory: 14490, decode.loss_seg: 0.0317, decode.acc_seg: 85.5804, aux.loss_seg: 0.0222, aux.acc_seg: 84.5893, loss: 0.0539
2026-04-24 17:17:37,225 - mmseg - INFO - Exp name: pixel_upernet_itpn_large_12_512_slide_160k_air_polarsar2_amp_linux.py
2026-04-24 17:17:37,226 - mmseg - INFO - Iter [87000/160000]	lr: 7.129e-06, eta: 22:32:38, time: 0.929, data_time: 0.359, memory: 14490, decode.loss_seg: 0.0343, decode.acc_seg: 85.8930, aux.loss_seg: 0.0240, aux.acc_seg: 84.8602, loss: 0.0583
2026-04-24 17:18:04,481 - mmseg - INFO - Iter [87050/160000]	lr: 7.124e-06, eta: 22:31:14, time: 0.545, data_time: 0.004, memory: 14490, decode.loss_seg: 0.0399, decode.acc_seg: 84.4699, aux.loss_seg: 0.0254, aux.acc_seg: 83.4641, loss: 0.0654
2026-04-24 17:18:52,512 - mmseg - INFO - Iter [87100/160000]	lr: 7.119e-06, eta: 22:30:10, time: 0.961, data_time: 0.374, memory: 14490, decode.loss_seg: 0.0477, decode.acc_seg: 83.6143, aux.loss_seg: 0.0292, aux.acc_seg: 82.5780, loss: 0.0769
2026-04-24 17:19:40,039 - mmseg - INFO - Iter [87150/160000]	lr: 7.114e-06, eta: 22:29:06, time: 0.950, data_time: 0.403, memory: 14490, decode.loss_seg: 0.0384, decode.acc_seg: 85.3943, aux.loss_seg: 0.0254, aux.acc_seg: 84.3521, loss: 0.0639
2026-04-24 17:20:07,221 - mmseg - INFO - Iter [87200/160000]	lr: 7.110e-06, eta: 22:27:42, time: 0.544, data_time: 0.003, memory: 14490, decode.loss_seg: 0.0342, decode.acc_seg: 83.0098, aux.loss_seg: 0.0236, aux.acc_seg: 81.9617, loss: 0.0578
2026-04-24 17:20:53,970 - mmseg - INFO - Iter [87250/160000]	lr: 7.105e-06, eta: 22:26:37, time: 0.935, data_time: 0.380, memory: 14490, decode.loss_seg: 0.0335, decode.acc_seg: 85.5007, aux.loss_seg: 0.0236, aux.acc_seg: 84.4646, loss: 0.0572
2026-04-24 17:21:21,244 - mmseg - INFO - Iter [87300/160000]	lr: 7.100e-06, eta: 22:25:13, time: 0.546, data_time: 0.004, memory: 14490, decode.loss_seg: 0.0338, decode.acc_seg: 84.3881, aux.loss_seg: 0.0241, aux.acc_seg: 83.2843, loss: 0.0580
2026-04-24 17:22:07,868 - mmseg - INFO - Iter [87350/160000]	lr: 7.095e-06, eta: 22:24:08, time: 0.932, data_time: 0.359, memory: 14490, decode.loss_seg: 0.0321, decode.acc_seg: 84.2038, aux.loss_seg: 0.0228, aux.acc_seg: 83.1723, loss: 0.0549
2026-04-24 17:22:54,778 - mmseg - INFO - Iter [87400/160000]	lr: 7.090e-06, eta: 22:23:04, time: 0.938, data_time: 0.394, memory: 14490, decode.loss_seg: 0.0337, decode.acc_seg: 83.8548, aux.loss_seg: 0.0237, aux.acc_seg: 82.7839, loss: 0.0574
2026-04-24 17:23:21,975 - mmseg - INFO - Iter [87450/160000]	lr: 7.085e-06, eta: 22:21:40, time: 0.544, data_time: 0.005, memory: 14490, decode.loss_seg: 0.0326, decode.acc_seg: 84.2728, aux.loss_seg: 0.0235, aux.acc_seg: 83.1413, loss: 0.0561
2026-04-24 17:24:08,673 - mmseg - INFO - Iter [87500/160000]	lr: 7.080e-06, eta: 22:20:36, time: 0.934, data_time: 0.367, memory: 14490, decode.loss_seg: 0.0327, decode.acc_seg: 83.7583, aux.loss_seg: 0.0230, aux.acc_seg: 82.7136, loss: 0.0557
2026-04-24 17:24:55,095 - mmseg - INFO - Iter [87550/160000]	lr: 7.075e-06, eta: 22:19:31, time: 0.928, data_time: 0.366, memory: 14490, decode.loss_seg: 0.0334, decode.acc_seg: 86.6486, aux.loss_seg: 0.0236, aux.acc_seg: 85.5396, loss: 0.0569
2026-04-24 17:25:22,295 - mmseg - INFO - Iter [87600/160000]	lr: 7.070e-06, eta: 22:18:07, time: 0.544, data_time: 0.005, memory: 14490, decode.loss_seg: 0.0318, decode.acc_seg: 84.0010, aux.loss_seg: 0.0231, aux.acc_seg: 82.9016, loss: 0.0548
2026-04-24 17:26:08,682 - mmseg - INFO - Iter [87650/160000]	lr: 7.066e-06, eta: 22:17:02, time: 0.928, data_time: 0.359, memory: 14490, decode.loss_seg: 0.0339, decode.acc_seg: 85.6374, aux.loss_seg: 0.0248, aux.acc_seg: 84.4856, loss: 0.0587
2026-04-24 17:26:55,165 - mmseg - INFO - Iter [87700/160000]	lr: 7.061e-06, eta: 22:15:58, time: 0.930, data_time: 0.352, memory: 14490, decode.loss_seg: 0.0329, decode.acc_seg: 84.3810, aux.loss_seg: 0.0231, aux.acc_seg: 83.3319, loss: 0.0560
2026-04-24 17:27:22,379 - mmseg - INFO - Iter [87750/160000]	lr: 7.056e-06, eta: 22:14:34, time: 0.544, data_time: 0.005, memory: 14490, decode.loss_seg: 0.0320, decode.acc_seg: 85.0619, aux.loss_seg: 0.0229, aux.acc_seg: 84.0012, loss: 0.0549
2026-04-24 17:28:09,104 - mmseg - INFO - Iter [87800/160000]	lr: 7.051e-06, eta: 22:13:30, time: 0.935, data_time: 0.382, memory: 14490, decode.loss_seg: 0.0328, decode.acc_seg: 84.4510, aux.loss_seg: 0.0231, aux.acc_seg: 83.4123, loss: 0.0558
2026-04-24 17:28:55,908 - mmseg - INFO - Iter [87850/160000]	lr: 7.046e-06, eta: 22:12:26, time: 0.936, data_time: 0.366, memory: 14490, decode.loss_seg: 0.0317, decode.acc_seg: 85.2895, aux.loss_seg: 0.0224, aux.acc_seg: 84.2661, loss: 0.0541
2026-04-24 17:29:23,054 - mmseg - INFO - Iter [87900/160000]	lr: 7.041e-06, eta: 22:11:02, time: 0.543, data_time: 0.005, memory: 14490, decode.loss_seg: 0.0326, decode.acc_seg: 84.4629, aux.loss_seg: 0.0231, aux.acc_seg: 83.3976, loss: 0.0557
2026-04-24 17:30:10,684 - mmseg - INFO - Iter [87950/160000]	lr: 7.036e-06, eta: 22:09:59, time: 0.953, data_time: 0.388, memory: 14490, decode.loss_seg: 0.0317, decode.acc_seg: 83.9909, aux.loss_seg: 0.0225, aux.acc_seg: 82.9522, loss: 0.0542
2026-04-24 17:31:09,409 - mmseg - INFO - per class results:
2026-04-24 17:31:09,409 - mmseg - INFO - 
+------------+-------+-------+
| Class      | IoU   | Acc   |
+------------+-------+-------+
| housing    | 96.1  | 98.05 |
| industrial | 95.89 | 98.03 |
| natural    | 92.5  | 94.67 |
| land_use   | 85.0  | 89.45 |
| water      | 95.81 | 98.33 |
| other      | 98.7  | 99.44 |
+------------+-------+-------+
2026-04-24 17:31:09,409 - mmseg - INFO - Summary:
2026-04-24 17:31:09,410 - mmseg - INFO - 
+--------+------+-------+-------+
| Scope  | mIoU | mAcc  | aAcc  |
+--------+------+-------+-------+
| global | 94.0 | 96.33 | 97.44 |
+--------+------+-------+-------+
2026-04-24 17:31:09,435 - mmseg - INFO - Exp name: pixel_upernet_itpn_large_12_512_slide_160k_air_polarsar2_amp_linux.py
2026-04-24 17:31:09,435 - mmseg - INFO - Iter [88000/160000]	lr: 7.031e-06, eta: 22:18:38, time: 12.603, data_time: 0.000, memory: 14490, mIoU: 0.9400, mAcc: 0.9633, aAcc: 0.9744
2026-04-24 17:31:36,717 - mmseg - INFO - Iter [88050/160000]	lr: 7.027e-06, eta: 22:17:14, time: 0.546, data_time: 0.004, memory: 14490, decode.loss_seg: 0.0310, decode.acc_seg: 83.8317, aux.loss_seg: 0.0223, aux.acc_seg: 82.8067, loss: 0.0533
2026-04-24 17:32:24,005 - mmseg - INFO - Iter [88100/160000]	lr: 7.022e-06, eta: 22:16:10, time: 0.946, data_time: 0.389, memory: 14490, decode.loss_seg: 0.0348, decode.acc_seg: 84.6926, aux.loss_seg: 0.0243, aux.acc_seg: 83.5996, loss: 0.0590
2026-04-24 17:33:10,699 - mmseg - INFO - Iter [88150/160000]	lr: 7.017e-06, eta: 22:15:05, time: 0.934, data_time: 0.379, memory: 14490, decode.loss_seg: 0.0326, decode.acc_seg: 84.2297, aux.loss_seg: 0.0231, aux.acc_seg: 83.1788, loss: 0.0557
2026-04-24 17:33:37,948 - mmseg - INFO - Iter [88200/160000]	lr: 7.012e-06, eta: 22:13:41, time: 0.545, data_time: 0.005, memory: 14490, decode.loss_seg: 0.0329, decode.acc_seg: 84.1494, aux.loss_seg: 0.0238, aux.acc_seg: 83.0600, loss: 0.0567
2026-04-24 17:34:24,155 - mmseg - INFO - Iter [88250/160000]	lr: 7.007e-06, eta: 22:12:36, time: 0.924, data_time: 0.374, memory: 14490, decode.loss_seg: 0.0317, decode.acc_seg: 84.3727, aux.loss_seg: 0.0230, aux.acc_seg: 83.2797, loss: 0.0547
2026-04-24 17:34:51,392 - mmseg - INFO - Iter [88300/160000]	lr: 7.002e-06, eta: 22:11:12, time: 0.545, data_time: 0.004, memory: 14490, decode.loss_seg: 0.0322, decode.acc_seg: 84.9542, aux.loss_seg: 0.0232, aux.acc_seg: 83.8915, loss: 0.0555
2026-04-24 17:35:38,041 - mmseg - INFO - Iter [88350/160000]	lr: 6.997e-06, eta: 22:10:07, time: 0.933, data_time: 0.393, memory: 14490, decode.loss_seg: 0.0324, decode.acc_seg: 84.8584, aux.loss_seg: 0.0229, aux.acc_seg: 83.8138, loss: 0.0553
2026-04-24 17:36:23,993 - mmseg - INFO - Iter [88400/160000]	lr: 6.992e-06, eta: 22:09:02, time: 0.919, data_time: 0.375, memory: 14490, decode.loss_seg: 0.0358, decode.acc_seg: 84.5801, aux.loss_seg: 0.0252, aux.acc_seg: 83.4694, loss: 0.0610
2026-04-24 17:36:51,255 - mmseg - INFO - Iter [88450/160000]	lr: 6.987e-06, eta: 22:07:38, time: 0.545, data_time: 0.004, memory: 14490, decode.loss_seg: 0.0324, decode.acc_seg: 85.3557, aux.loss_seg: 0.0236, aux.acc_seg: 84.2950, loss: 0.0560
2026-04-24 17:37:38,440 - mmseg - INFO - Iter [88500/160000]	lr: 6.983e-06, eta: 22:06:34, time: 0.944, data_time: 0.393, memory: 14490, decode.loss_seg: 0.0325, decode.acc_seg: 85.2410, aux.loss_seg: 0.0235, aux.acc_seg: 84.1570, loss: 0.0559
2026-04-24 17:38:24,937 - mmseg - INFO - Iter [88550/160000]	lr: 6.978e-06, eta: 22:05:29, time: 0.930, data_time: 0.378, memory: 14490, decode.loss_seg: 0.0331, decode.acc_seg: 85.0818, aux.loss_seg: 0.0238, aux.acc_seg: 83.9815, loss: 0.0569
2026-04-24 17:38:52,182 - mmseg - INFO - Iter [88600/160000]	lr: 6.973e-06, eta: 22:04:06, time: 0.545, data_time: 0.004, memory: 14490, decode.loss_seg: 0.0311, decode.acc_seg: 84.2454, aux.loss_seg: 0.0226, aux.acc_seg: 83.1815, loss: 0.0537
2026-04-24 17:39:38,980 - mmseg - INFO - Iter [88650/160000]	lr: 6.968e-06, eta: 22:03:02, time: 0.936, data_time: 0.372, memory: 14490, decode.loss_seg: 0.0317, decode.acc_seg: 84.5250, aux.loss_seg: 0.0227, aux.acc_seg: 83.4738, loss: 0.0544
2026-04-24 17:40:26,118 - mmseg - INFO - Iter [88700/160000]	lr: 6.963e-06, eta: 22:01:58, time: 0.943, data_time: 0.366, memory: 14490, decode.loss_seg: 0.0317, decode.acc_seg: 84.9131, aux.loss_seg: 0.0226, aux.acc_seg: 83.8717, loss: 0.0543
2026-04-24 17:40:53,449 - mmseg - INFO - Iter [88750/160000]	lr: 6.958e-06, eta: 22:00:34, time: 0.546, data_time: 0.005, memory: 14490, decode.loss_seg: 0.0312, decode.acc_seg: 83.9581, aux.loss_seg: 0.0226, aux.acc_seg: 82.9241, loss: 0.0539
2026-04-24 17:41:39,636 - mmseg - INFO - Iter [88800/160000]	lr: 6.953e-06, eta: 21:59:29, time: 0.924, data_time: 0.335, memory: 14490, decode.loss_seg: 0.0316, decode.acc_seg: 85.2761, aux.loss_seg: 0.0224, aux.acc_seg: 84.2594, loss: 0.0540
2026-04-24 17:42:26,661 - mmseg - INFO - Iter [88850/160000]	lr: 6.948e-06, eta: 21:58:25, time: 0.941, data_time: 0.356, memory: 14490, decode.loss_seg: 0.0326, decode.acc_seg: 84.9411, aux.loss_seg: 0.0234, aux.acc_seg: 83.8589, loss: 0.0560
2026-04-24 17:42:53,900 - mmseg - INFO - Iter [88900/160000]	lr: 6.944e-06, eta: 21:57:02, time: 0.545, data_time: 0.003, memory: 14490, decode.loss_seg: 0.0310, decode.acc_seg: 84.2271, aux.loss_seg: 0.0228, aux.acc_seg: 83.1311, loss: 0.0538
2026-04-24 17:43:39,743 - mmseg - INFO - Iter [88950/160000]	lr: 6.939e-06, eta: 21:55:57, time: 0.917, data_time: 0.331, memory: 14490, decode.loss_seg: 0.0325, decode.acc_seg: 84.5490, aux.loss_seg: 0.0238, aux.acc_seg: 83.3743, loss: 0.0563
2026-04-24 17:44:26,303 - mmseg - INFO - Exp name: pixel_upernet_itpn_large_12_512_slide_160k_air_polarsar2_amp_linux.py
2026-04-24 17:44:26,304 - mmseg - INFO - Iter [89000/160000]	lr: 6.934e-06, eta: 21:54:53, time: 0.931, data_time: 0.390, memory: 14490, decode.loss_seg: 0.0319, decode.acc_seg: 84.6976, aux.loss_seg: 0.0234, aux.acc_seg: 83.5793, loss: 0.0553
2026-04-24 17:44:53,526 - mmseg - INFO - Iter [89050/160000]	lr: 6.929e-06, eta: 21:53:30, time: 0.544, data_time: 0.004, memory: 14490, decode.loss_seg: 0.0316, decode.acc_seg: 83.8855, aux.loss_seg: 0.0224, aux.acc_seg: 82.8501, loss: 0.0541
2026-04-24 17:45:40,742 - mmseg - INFO - Iter [89100/160000]	lr: 6.924e-06, eta: 21:52:26, time: 0.944, data_time: 0.391, memory: 14490, decode.loss_seg: 0.0317, decode.acc_seg: 85.0477, aux.loss_seg: 0.0227, aux.acc_seg: 83.9949, loss: 0.0544
2026-04-24 17:46:08,047 - mmseg - INFO - Iter [89150/160000]	lr: 6.919e-06, eta: 21:51:03, time: 0.546, data_time: 0.004, memory: 14490, decode.loss_seg: 0.0319, decode.acc_seg: 85.1012, aux.loss_seg: 0.0228, aux.acc_seg: 84.0541, loss: 0.0547
2026-04-24 17:46:55,155 - mmseg - INFO - Iter [89200/160000]	lr: 6.914e-06, eta: 21:50:00, time: 0.942, data_time: 0.388, memory: 14490, decode.loss_seg: 0.0313, decode.acc_seg: 84.5609, aux.loss_seg: 0.0223, aux.acc_seg: 83.5318, loss: 0.0536
2026-04-24 17:47:42,117 - mmseg - INFO - Iter [89250/160000]	lr: 6.909e-06, eta: 21:48:56, time: 0.939, data_time: 0.365, memory: 14490, decode.loss_seg: 0.0320, decode.acc_seg: 84.9895, aux.loss_seg: 0.0228, aux.acc_seg: 83.9387, loss: 0.0547
2026-04-24 17:48:09,412 - mmseg - INFO - Iter [89300/160000]	lr: 6.904e-06, eta: 21:47:33, time: 0.546, data_time: 0.004, memory: 14490, decode.loss_seg: 0.0323, decode.acc_seg: 86.1564, aux.loss_seg: 0.0229, aux.acc_seg: 85.1149, loss: 0.0552
2026-04-24 17:48:56,406 - mmseg - INFO - Iter [89350/160000]	lr: 6.900e-06, eta: 21:46:29, time: 0.940, data_time: 0.368, memory: 14490, decode.loss_seg: 0.0317, decode.acc_seg: 85.7296, aux.loss_seg: 0.0236, aux.acc_seg: 84.5728, loss: 0.0553
2026-04-24 17:49:43,480 - mmseg - INFO - Iter [89400/160000]	lr: 6.895e-06, eta: 21:45:26, time: 0.941, data_time: 0.338, memory: 14490, decode.loss_seg: 0.0324, decode.acc_seg: 84.5345, aux.loss_seg: 0.0243, aux.acc_seg: 83.3656, loss: 0.0567
2026-04-24 17:50:10,810 - mmseg - INFO - Iter [89450/160000]	lr: 6.890e-06, eta: 21:44:03, time: 0.547, data_time: 0.004, memory: 14490, decode.loss_seg: 0.0327, decode.acc_seg: 85.9380, aux.loss_seg: 0.0232, aux.acc_seg: 84.8954, loss: 0.0559
2026-04-24 17:50:57,326 - mmseg - INFO - Iter [89500/160000]	lr: 6.885e-06, eta: 21:42:59, time: 0.931, data_time: 0.375, memory: 14490, decode.loss_seg: 0.0311, decode.acc_seg: 83.2004, aux.loss_seg: 0.0223, aux.acc_seg: 82.1589, loss: 0.0534
2026-04-24 17:51:42,521 - mmseg - INFO - Iter [89550/160000]	lr: 6.880e-06, eta: 21:41:54, time: 0.904, data_time: 0.333, memory: 14490, decode.loss_seg: 0.0319, decode.acc_seg: 85.1122, aux.loss_seg: 0.0227, aux.acc_seg: 84.0656, loss: 0.0546
2026-04-24 17:52:09,788 - mmseg - INFO - Iter [89600/160000]	lr: 6.875e-06, eta: 21:40:32, time: 0.545, data_time: 0.004, memory: 14490, decode.loss_seg: 0.0314, decode.acc_seg: 84.5401, aux.loss_seg: 0.0229, aux.acc_seg: 83.4544, loss: 0.0543
2026-04-24 17:52:56,958 - mmseg - INFO - Iter [89650/160000]	lr: 6.870e-06, eta: 21:39:28, time: 0.943, data_time: 0.396, memory: 14490, decode.loss_seg: 0.0316, decode.acc_seg: 83.7986, aux.loss_seg: 0.0231, aux.acc_seg: 82.7150, loss: 0.0547
2026-04-24 17:53:43,514 - mmseg - INFO - Iter [89700/160000]	lr: 6.865e-06, eta: 21:38:25, time: 0.931, data_time: 0.352, memory: 14490, decode.loss_seg: 0.0311, decode.acc_seg: 84.5970, aux.loss_seg: 0.0221, aux.acc_seg: 83.5615, loss: 0.0533
2026-04-24 17:54:10,829 - mmseg - INFO - Iter [89750/160000]	lr: 6.861e-06, eta: 21:37:02, time: 0.546, data_time: 0.005, memory: 14490, decode.loss_seg: 0.0311, decode.acc_seg: 83.8752, aux.loss_seg: 0.0224, aux.acc_seg: 82.8341, loss: 0.0536
2026-04-24 17:54:57,578 - mmseg - INFO - Iter [89800/160000]	lr: 6.856e-06, eta: 21:35:59, time: 0.935, data_time: 0.361, memory: 14490, decode.loss_seg: 0.0309, decode.acc_seg: 84.3638, aux.loss_seg: 0.0221, aux.acc_seg: 83.3520, loss: 0.0529
2026-04-24 17:55:44,650 - mmseg - INFO - Iter [89850/160000]	lr: 6.851e-06, eta: 21:34:56, time: 0.941, data_time: 0.367, memory: 14490, decode.loss_seg: 0.0314, decode.acc_seg: 84.0289, aux.loss_seg: 0.0229, aux.acc_seg: 82.9481, loss: 0.0543
2026-04-24 17:56:11,900 - mmseg - INFO - Iter [89900/160000]	lr: 6.846e-06, eta: 21:33:33, time: 0.545, data_time: 0.004, memory: 14490, decode.loss_seg: 0.0314, decode.acc_seg: 83.2262, aux.loss_seg: 0.0225, aux.acc_seg: 82.1659, loss: 0.0539
2026-04-24 17:56:59,080 - mmseg - INFO - Iter [89950/160000]	lr: 6.841e-06, eta: 21:32:30, time: 0.944, data_time: 0.343, memory: 14490, decode.loss_seg: 0.0311, decode.acc_seg: 85.1963, aux.loss_seg: 0.0223, aux.acc_seg: 84.1553, loss: 0.0534
2026-04-24 17:57:59,096 - mmseg - INFO - per class results:
2026-04-24 17:57:59,096 - mmseg - INFO - 
+------------+-------+-------+
| Class      | IoU   | Acc   |
+------------+-------+-------+
| housing    | 96.19 | 98.04 |
| industrial | 95.83 | 97.8  |
| natural    | 92.46 | 94.87 |
| land_use   | 85.3  | 89.23 |
| water      | 95.85 | 98.56 |
| other      | 97.56 | 99.58 |
+------------+-------+-------+
2026-04-24 17:57:59,096 - mmseg - INFO - Summary:
2026-04-24 17:57:59,096 - mmseg - INFO - 
+--------+-------+-------+-------+
| Scope  | mIoU  | mAcc  | aAcc  |
+--------+-------+-------+-------+
| global | 93.86 | 96.35 | 97.44 |
+--------+-------+-------+-------+
2026-04-24 17:57:59,139 - mmseg - INFO - Exp name: pixel_upernet_itpn_large_12_512_slide_160k_air_polarsar2_amp_linux.py
2026-04-24 17:57:59,139 - mmseg - INFO - Iter [90000/160000]	lr: 6.836e-06, eta: 21:41:33, time: 13.750, data_time: 0.000, memory: 14490, mIoU: 0.9386, mAcc: 0.9635, aAcc: 0.9744
2026-04-24 17:58:26,493 - mmseg - INFO - Iter [90050/160000]	lr: 6.831e-06, eta: 21:40:10, time: 0.547, data_time: 0.004, memory: 14490, decode.loss_seg: 0.0325, decode.acc_seg: 84.4300, aux.loss_seg: 0.0229, aux.acc_seg: 83.3802, loss: 0.0554
2026-04-24 17:59:13,738 - mmseg - INFO - Iter [90100/160000]	lr: 6.826e-06, eta: 21:39:07, time: 0.945, data_time: 0.365, memory: 14490, decode.loss_seg: 0.0313, decode.acc_seg: 85.0811, aux.loss_seg: 0.0221, aux.acc_seg: 84.0778, loss: 0.0534
2026-04-24 17:59:41,069 - mmseg - INFO - Iter [90150/160000]	lr: 6.821e-06, eta: 21:37:44, time: 0.546, data_time: 0.004, memory: 14490, decode.loss_seg: 0.0322, decode.acc_seg: 84.0320, aux.loss_seg: 0.0226, aux.acc_seg: 83.0099, loss: 0.0548
2026-04-24 18:00:28,047 - mmseg - INFO - Iter [90200/160000]	lr: 6.817e-06, eta: 21:36:40, time: 0.940, data_time: 0.373, memory: 14490, decode.loss_seg: 0.0320, decode.acc_seg: 87.3637, aux.loss_seg: 0.0227, aux.acc_seg: 86.3539, loss: 0.0547
2026-04-24 18:01:14,304 - mmseg - INFO - Iter [90250/160000]	lr: 6.812e-06, eta: 21:35:35, time: 0.925, data_time: 0.355, memory: 14490, decode.loss_seg: 0.0331, decode.acc_seg: 85.6884, aux.loss_seg: 0.0251, aux.acc_seg: 84.3690, loss: 0.0582
2026-04-24 18:01:41,630 - mmseg - INFO - Iter [90300/160000]	lr: 6.807e-06, eta: 21:34:13, time: 0.546, data_time: 0.004, memory: 14490, decode.loss_seg: 0.0316, decode.acc_seg: 85.5152, aux.loss_seg: 0.0224, aux.acc_seg: 84.5015, loss: 0.0540
2026-04-24 18:02:29,502 - mmseg - INFO - Iter [90350/160000]	lr: 6.802e-06, eta: 21:33:10, time: 0.957, data_time: 0.373, memory: 14490, decode.loss_seg: 0.0316, decode.acc_seg: 83.1470, aux.loss_seg: 0.0227, aux.acc_seg: 82.0835, loss: 0.0543
2026-04-24 18:03:15,866 - mmseg - INFO - Iter [90400/160000]	lr: 6.797e-06, eta: 21:32:06, time: 0.927, data_time: 0.383, memory: 14490, decode.loss_seg: 0.0305, decode.acc_seg: 84.8454, aux.loss_seg: 0.0221, aux.acc_seg: 83.8010, loss: 0.0526
2026-04-24 18:03:43,215 - mmseg - INFO - Iter [90450/160000]	lr: 6.792e-06, eta: 21:30:43, time: 0.547, data_time: 0.004, memory: 14490, decode.loss_seg: 0.0304, decode.acc_seg: 83.3871, aux.loss_seg: 0.0221, aux.acc_seg: 82.3428, loss: 0.0525
2026-04-24 18:04:29,570 - mmseg - INFO - Iter [90500/160000]	lr: 6.787e-06, eta: 21:29:39, time: 0.927, data_time: 0.356, memory: 14490, decode.loss_seg: 0.0316, decode.acc_seg: 86.7801, aux.loss_seg: 0.0226, aux.acc_seg: 85.7606, loss: 0.0542
2026-04-24 18:05:16,393 - mmseg - INFO - Iter [90550/160000]	lr: 6.782e-06, eta: 21:28:35, time: 0.936, data_time: 0.367, memory: 14490, decode.loss_seg: 0.0316, decode.acc_seg: 86.1132, aux.loss_seg: 0.0229, aux.acc_seg: 85.0834, loss: 0.0544
2026-04-24 18:05:43,709 - mmseg - INFO - Iter [90600/160000]	lr: 6.777e-06, eta: 21:27:13, time: 0.546, data_time: 0.005, memory: 14490, decode.loss_seg: 0.0323, decode.acc_seg: 86.0799, aux.loss_seg: 0.0230, aux.acc_seg: 85.0164, loss: 0.0554
2026-04-24 18:06:30,570 - mmseg - INFO - Iter [90650/160000]	lr: 6.773e-06, eta: 21:26:09, time: 0.937, data_time: 0.358, memory: 14490, decode.loss_seg: 0.0317, decode.acc_seg: 85.0033, aux.loss_seg: 0.0223, aux.acc_seg: 83.9786, loss: 0.0540
2026-04-24 18:07:17,895 - mmseg - INFO - Iter [90700/160000]	lr: 6.768e-06, eta: 21:25:06, time: 0.946, data_time: 0.378, memory: 14490, decode.loss_seg: 0.0302, decode.acc_seg: 83.6124, aux.loss_seg: 0.0218, aux.acc_seg: 82.5907, loss: 0.0520
2026-04-24 18:07:45,190 - mmseg - INFO - Iter [90750/160000]	lr: 6.763e-06, eta: 21:23:44, time: 0.546, data_time: 0.004, memory: 14490, decode.loss_seg: 0.0312, decode.acc_seg: 84.7089, aux.loss_seg: 0.0221, aux.acc_seg: 83.6903, loss: 0.0533
2026-04-24 18:08:32,916 - mmseg - INFO - Iter [90800/160000]	lr: 6.758e-06, eta: 21:22:41, time: 0.954, data_time: 0.386, memory: 14490, decode.loss_seg: 0.0313, decode.acc_seg: 85.7248, aux.loss_seg: 0.0236, aux.acc_seg: 84.5828, loss: 0.0550
2026-04-24 18:09:19,427 - mmseg - INFO - Iter [90850/160000]	lr: 6.753e-06, eta: 21:21:37, time: 0.930, data_time: 0.376, memory: 14490, decode.loss_seg: 0.0320, decode.acc_seg: 85.1059, aux.loss_seg: 0.0229, aux.acc_seg: 84.0364, loss: 0.0549
2026-04-24 18:09:46,739 - mmseg - INFO - Iter [90900/160000]	lr: 6.748e-06, eta: 21:20:15, time: 0.546, data_time: 0.004, memory: 14490, decode.loss_seg: 0.0308, decode.acc_seg: 85.5201, aux.loss_seg: 0.0220, aux.acc_seg: 84.5206, loss: 0.0528
2026-04-24 18:10:33,005 - mmseg - INFO - Iter [90950/160000]	lr: 6.743e-06, eta: 21:19:11, time: 0.925, data_time: 0.344, memory: 14490, decode.loss_seg: 0.0306, decode.acc_seg: 84.0362, aux.loss_seg: 0.0222, aux.acc_seg: 82.9956, loss: 0.0528
2026-04-24 18:11:20,043 - mmseg - INFO - Exp name: pixel_upernet_itpn_large_12_512_slide_160k_air_polarsar2_amp_linux.py
2026-04-24 18:11:20,044 - mmseg - INFO - Iter [91000/160000]	lr: 6.738e-06, eta: 21:18:08, time: 0.941, data_time: 0.369, memory: 14490, decode.loss_seg: 0.0305, decode.acc_seg: 83.8180, aux.loss_seg: 0.0218, aux.acc_seg: 82.7980, loss: 0.0523
2026-04-24 18:11:47,308 - mmseg - INFO - Iter [91050/160000]	lr: 6.734e-06, eta: 21:16:46, time: 0.545, data_time: 0.003, memory: 14490, decode.loss_seg: 0.0315, decode.acc_seg: 84.6997, aux.loss_seg: 0.0225, aux.acc_seg: 83.6675, loss: 0.0540
2026-04-24 18:12:34,005 - mmseg - INFO - Iter [91100/160000]	lr: 6.729e-06, eta: 21:15:43, time: 0.934, data_time: 0.377, memory: 14490, decode.loss_seg: 0.0309, decode.acc_seg: 85.0505, aux.loss_seg: 0.0222, aux.acc_seg: 84.0108, loss: 0.0531
2026-04-24 18:13:01,290 - mmseg - INFO - Iter [91150/160000]	lr: 6.724e-06, eta: 21:14:21, time: 0.546, data_time: 0.004, memory: 14490, decode.loss_seg: 0.0307, decode.acc_seg: 84.9032, aux.loss_seg: 0.0221, aux.acc_seg: 83.8621, loss: 0.0528
2026-04-24 18:13:47,735 - mmseg - INFO - Iter [91200/160000]	lr: 6.719e-06, eta: 21:13:17, time: 0.929, data_time: 0.388, memory: 14490, decode.loss_seg: 0.0309, decode.acc_seg: 84.4021, aux.loss_seg: 0.0234, aux.acc_seg: 83.2652, loss: 0.0543
2026-04-24 18:14:34,375 - mmseg - INFO - Iter [91250/160000]	lr: 6.714e-06, eta: 21:12:14, time: 0.933, data_time: 0.343, memory: 14490, decode.loss_seg: 0.0322, decode.acc_seg: 85.7010, aux.loss_seg: 0.0227, aux.acc_seg: 84.6799, loss: 0.0549
2026-04-24 18:15:01,612 - mmseg - INFO - Iter [91300/160000]	lr: 6.709e-06, eta: 21:10:52, time: 0.545, data_time: 0.004, memory: 14490, decode.loss_seg: 0.0309, decode.acc_seg: 84.7545, aux.loss_seg: 0.0225, aux.acc_seg: 83.7253, loss: 0.0533
2026-04-24 18:15:49,232 - mmseg - INFO - Iter [91350/160000]	lr: 6.704e-06, eta: 21:09:50, time: 0.952, data_time: 0.368, memory: 14490, decode.loss_seg: 0.0311, decode.acc_seg: 83.7783, aux.loss_seg: 0.0224, aux.acc_seg: 82.7327, loss: 0.0535
2026-04-24 18:16:35,741 - mmseg - INFO - Iter [91400/160000]	lr: 6.699e-06, eta: 21:08:46, time: 0.930, data_time: 0.354, memory: 14490, decode.loss_seg: 0.0324, decode.acc_seg: 85.3833, aux.loss_seg: 0.0227, aux.acc_seg: 84.3514, loss: 0.0550
2026-04-24 18:17:02,975 - mmseg - INFO - Iter [91450/160000]	lr: 6.694e-06, eta: 21:07:25, time: 0.545, data_time: 0.004, memory: 14490, decode.loss_seg: 0.0312, decode.acc_seg: 83.5240, aux.loss_seg: 0.0221, aux.acc_seg: 82.5070, loss: 0.0533
2026-04-24 18:17:50,113 - mmseg - INFO - Iter [91500/160000]	lr: 6.690e-06, eta: 21:06:22, time: 0.943, data_time: 0.363, memory: 14490, decode.loss_seg: 0.0312, decode.acc_seg: 85.6018, aux.loss_seg: 0.0223, aux.acc_seg: 84.5576, loss: 0.0535
2026-04-24 18:18:37,322 - mmseg - INFO - Iter [91550/160000]	lr: 6.685e-06, eta: 21:05:19, time: 0.944, data_time: 0.377, memory: 14490, decode.loss_seg: 0.0322, decode.acc_seg: 84.6132, aux.loss_seg: 0.0233, aux.acc_seg: 83.5074, loss: 0.0555
2026-04-24 18:19:04,576 - mmseg - INFO - Iter [91600/160000]	lr: 6.680e-06, eta: 21:03:58, time: 0.545, data_time: 0.004, memory: 14490, decode.loss_seg: 0.0304, decode.acc_seg: 84.8572, aux.loss_seg: 0.0217, aux.acc_seg: 83.8494, loss: 0.0521
2026-04-24 18:19:51,361 - mmseg - INFO - Iter [91650/160000]	lr: 6.675e-06, eta: 21:02:55, time: 0.936, data_time: 0.359, memory: 14490, decode.loss_seg: 0.0311, decode.acc_seg: 84.1119, aux.loss_seg: 0.0226, aux.acc_seg: 83.0389, loss: 0.0538
2026-04-24 18:20:38,848 - mmseg - INFO - Iter [91700/160000]	lr: 6.670e-06, eta: 21:01:52, time: 0.950, data_time: 0.352, memory: 14490, decode.loss_seg: 0.0314, decode.acc_seg: 85.7853, aux.loss_seg: 0.0224, aux.acc_seg: 84.7602, loss: 0.0539
2026-04-24 18:21:06,103 - mmseg - INFO - Iter [91750/160000]	lr: 6.665e-06, eta: 21:00:31, time: 0.545, data_time: 0.004, memory: 14490, decode.loss_seg: 0.0308, decode.acc_seg: 85.3517, aux.loss_seg: 0.0236, aux.acc_seg: 84.1475, loss: 0.0545
2026-04-24 18:21:53,817 - mmseg - INFO - Iter [91800/160000]	lr: 6.660e-06, eta: 20:59:29, time: 0.954, data_time: 0.383, memory: 14490, decode.loss_seg: 0.0312, decode.acc_seg: 85.3131, aux.loss_seg: 0.0226, aux.acc_seg: 84.2431, loss: 0.0537
2026-04-24 18:22:40,436 - mmseg - INFO - Iter [91850/160000]	lr: 6.655e-06, eta: 20:58:26, time: 0.933, data_time: 0.356, memory: 14490, decode.loss_seg: 0.0311, decode.acc_seg: 84.1697, aux.loss_seg: 0.0223, aux.acc_seg: 83.1379, loss: 0.0534
2026-04-24 18:23:07,716 - mmseg - INFO - Iter [91900/160000]	lr: 6.651e-06, eta: 20:57:05, time: 0.546, data_time: 0.004, memory: 14490, decode.loss_seg: 0.0306, decode.acc_seg: 84.9292, aux.loss_seg: 0.0224, aux.acc_seg: 83.8884, loss: 0.0530
2026-04-24 18:23:54,221 - mmseg - INFO - Iter [91950/160000]	lr: 6.646e-06, eta: 20:56:02, time: 0.930, data_time: 0.362, memory: 14490, decode.loss_seg: 0.0308, decode.acc_seg: 83.6240, aux.loss_seg: 0.0225, aux.acc_seg: 82.5547, loss: 0.0532
2026-04-24 18:24:52,966 - mmseg - INFO - per class results:
2026-04-24 18:24:52,967 - mmseg - INFO - 
+------------+-------+-------+
| Class      | IoU   | Acc   |
+------------+-------+-------+
| housing    | 95.96 | 97.92 |
| industrial | 95.89 | 98.0  |
| natural    | 92.42 | 94.79 |
| land_use   | 85.22 | 89.34 |
| water      | 95.87 | 98.44 |
| other      | 98.64 | 99.51 |
+------------+-------+-------+
2026-04-24 18:24:52,967 - mmseg - INFO - Summary:
2026-04-24 18:24:52,967 - mmseg - INFO - 
+--------+------+-------+-------+
| Scope  | mIoU | mAcc  | aAcc  |
+--------+------+-------+-------+
| global | 94.0 | 96.33 | 97.45 |
+--------+------+-------+-------+
2026-04-24 18:24:52,990 - mmseg - INFO - Exp name: pixel_upernet_itpn_large_12_512_slide_160k_air_polarsar2_amp_linux.py
2026-04-24 18:24:52,990 - mmseg - INFO - Iter [92000/160000]	lr: 6.641e-06, eta: 21:18:10, time: 32.044, data_time: 0.000, memory: 14490, mIoU: 0.9400, mAcc: 0.9633, aAcc: 0.9745
2026-04-24 18:25:20,210 - mmseg - INFO - Iter [92050/160000]	lr: 6.636e-06, eta: 21:16:48, time: 0.544, data_time: 0.004, memory: 14490, decode.loss_seg: 0.0311, decode.acc_seg: 84.4660, aux.loss_seg: 0.0226, aux.acc_seg: 83.3798, loss: 0.0537
2026-04-24 18:26:06,219 - mmseg - INFO - Iter [92100/160000]	lr: 6.631e-06, eta: 21:15:42, time: 0.920, data_time: 0.340, memory: 14490, decode.loss_seg: 0.0311, decode.acc_seg: 85.1197, aux.loss_seg: 0.0223, aux.acc_seg: 84.0951, loss: 0.0535
2026-04-24 18:26:33,453 - mmseg - INFO - Iter [92150/160000]	lr: 6.626e-06, eta: 21:14:20, time: 0.544, data_time: 0.003, memory: 14490, decode.loss_seg: 0.0312, decode.acc_seg: 85.4801, aux.loss_seg: 0.0225, aux.acc_seg: 84.4651, loss: 0.0537
2026-04-24 18:27:20,758 - mmseg - INFO - Iter [92200/160000]	lr: 6.621e-06, eta: 21:13:15, time: 0.946, data_time: 0.405, memory: 14490, decode.loss_seg: 0.0311, decode.acc_seg: 84.3460, aux.loss_seg: 0.0231, aux.acc_seg: 83.2028, loss: 0.0542
2026-04-24 18:28:06,908 - mmseg - INFO - Iter [92250/160000]	lr: 6.616e-06, eta: 21:12:10, time: 0.923, data_time: 0.335, memory: 14490, decode.loss_seg: 0.0304, decode.acc_seg: 84.4718, aux.loss_seg: 0.0219, aux.acc_seg: 83.4269, loss: 0.0523
2026-04-24 18:28:34,108 - mmseg - INFO - Iter [92300/160000]	lr: 6.611e-06, eta: 21:10:48, time: 0.544, data_time: 0.004, memory: 14490, decode.loss_seg: 0.0305, decode.acc_seg: 85.4420, aux.loss_seg: 0.0219, aux.acc_seg: 84.4219, loss: 0.0524
2026-04-24 18:29:20,177 - mmseg - INFO - Iter [92350/160000]	lr: 6.607e-06, eta: 21:09:43, time: 0.921, data_time: 0.359, memory: 14490, decode.loss_seg: 0.0318, decode.acc_seg: 84.7035, aux.loss_seg: 0.0228, aux.acc_seg: 83.6568, loss: 0.0546
2026-04-24 18:30:06,729 - mmseg - INFO - Iter [92400/160000]	lr: 6.602e-06, eta: 21:08:38, time: 0.931, data_time: 0.353, memory: 14490, decode.loss_seg: 0.0305, decode.acc_seg: 84.7472, aux.loss_seg: 0.0217, aux.acc_seg: 83.7471, loss: 0.0522
2026-04-24 18:30:33,973 - mmseg - INFO - Iter [92450/160000]	lr: 6.597e-06, eta: 21:07:16, time: 0.545, data_time: 0.004, memory: 14490, decode.loss_seg: 0.0305, decode.acc_seg: 84.2278, aux.loss_seg: 0.0223, aux.acc_seg: 83.1596, loss: 0.0527
2026-04-24 18:31:20,238 - mmseg - INFO - Iter [92500/160000]	lr: 6.592e-06, eta: 21:06:10, time: 0.925, data_time: 0.372, memory: 14490, decode.loss_seg: 0.0310, decode.acc_seg: 85.6217, aux.loss_seg: 0.0219, aux.acc_seg: 84.6317, loss: 0.0529
2026-04-24 18:32:06,610 - mmseg - INFO - Iter [92550/160000]	lr: 6.587e-06, eta: 21:05:05, time: 0.928, data_time: 0.317, memory: 14490, decode.loss_seg: 0.0306, decode.acc_seg: 84.7175, aux.loss_seg: 0.0219, aux.acc_seg: 83.6919, loss: 0.0525
2026-04-24 18:32:33,893 - mmseg - INFO - Iter [92600/160000]	lr: 6.582e-06, eta: 21:03:44, time: 0.546, data_time: 0.004, memory: 14490, decode.loss_seg: 0.0303, decode.acc_seg: 83.5452, aux.loss_seg: 0.0221, aux.acc_seg: 82.4936, loss: 0.0524
2026-04-24 18:33:21,368 - mmseg - INFO - Iter [92650/160000]	lr: 6.577e-06, eta: 21:02:40, time: 0.950, data_time: 0.377, memory: 14490, decode.loss_seg: 0.0303, decode.acc_seg: 85.1130, aux.loss_seg: 0.0220, aux.acc_seg: 84.0687, loss: 0.0523
2026-04-24 18:34:08,551 - mmseg - INFO - Iter [92700/160000]	lr: 6.572e-06, eta: 21:01:36, time: 0.944, data_time: 0.366, memory: 14490, decode.loss_seg: 0.0295, decode.acc_seg: 85.0801, aux.loss_seg: 0.0214, aux.acc_seg: 84.0830, loss: 0.0510
2026-04-24 18:34:35,870 - mmseg - INFO - Iter [92750/160000]	lr: 6.568e-06, eta: 21:00:14, time: 0.546, data_time: 0.004, memory: 14490, decode.loss_seg: 0.0304, decode.acc_seg: 84.3845, aux.loss_seg: 0.0221, aux.acc_seg: 83.3289, loss: 0.0525
2026-04-24 18:35:23,101 - mmseg - INFO - Iter [92800/160000]	lr: 6.563e-06, eta: 20:59:10, time: 0.945, data_time: 0.354, memory: 14490, decode.loss_seg: 0.0300, decode.acc_seg: 85.2102, aux.loss_seg: 0.0216, aux.acc_seg: 84.1936, loss: 0.0516
2026-04-24 18:36:09,540 - mmseg - INFO - Iter [92850/160000]	lr: 6.558e-06, eta: 20:58:05, time: 0.929, data_time: 0.387, memory: 14490, decode.loss_seg: 0.0305, decode.acc_seg: 84.0580, aux.loss_seg: 0.0218, aux.acc_seg: 83.0460, loss: 0.0524
2026-04-24 18:36:36,795 - mmseg - INFO - Iter [92900/160000]	lr: 6.553e-06, eta: 20:56:44, time: 0.545, data_time: 0.003, memory: 14490, decode.loss_seg: 0.0309, decode.acc_seg: 85.2227, aux.loss_seg: 0.0222, aux.acc_seg: 84.2007, loss: 0.0531
2026-04-24 18:37:23,214 - mmseg - INFO - Iter [92950/160000]	lr: 6.548e-06, eta: 20:55:39, time: 0.928, data_time: 0.364, memory: 14490, decode.loss_seg: 0.0319, decode.acc_seg: 85.1671, aux.loss_seg: 0.0229, aux.acc_seg: 84.1216, loss: 0.0548
2026-04-24 18:37:50,467 - mmseg - INFO - Exp name: pixel_upernet_itpn_large_12_512_slide_160k_air_polarsar2_amp_linux.py
2026-04-24 18:37:50,468 - mmseg - INFO - Iter [93000/160000]	lr: 6.543e-06, eta: 20:54:18, time: 0.545, data_time: 0.005, memory: 14490, decode.loss_seg: 0.0300, decode.acc_seg: 84.3626, aux.loss_seg: 0.0217, aux.acc_seg: 83.3410, loss: 0.0517
2026-04-24 18:38:36,756 - mmseg - INFO - Iter [93050/160000]	lr: 6.538e-06, eta: 20:53:13, time: 0.926, data_time: 0.337, memory: 14490, decode.loss_seg: 0.0306, decode.acc_seg: 84.5368, aux.loss_seg: 0.0218, aux.acc_seg: 83.5408, loss: 0.0523
2026-04-24 18:39:22,378 - mmseg - INFO - Iter [93100/160000]	lr: 6.533e-06, eta: 20:52:08, time: 0.913, data_time: 0.332, memory: 14490, decode.loss_seg: 0.0304, decode.acc_seg: 85.4178, aux.loss_seg: 0.0220, aux.acc_seg: 84.3775, loss: 0.0525
2026-04-24 18:39:49,593 - mmseg - INFO - Iter [93150/160000]	lr: 6.528e-06, eta: 20:50:46, time: 0.544, data_time: 0.004, memory: 14490, decode.loss_seg: 0.0306, decode.acc_seg: 84.6914, aux.loss_seg: 0.0219, aux.acc_seg: 83.6587, loss: 0.0525
2026-04-24 18:40:36,118 - mmseg - INFO - Iter [93200/160000]	lr: 6.524e-06, eta: 20:49:42, time: 0.931, data_time: 0.346, memory: 14490, decode.loss_seg: 0.0302, decode.acc_seg: 84.3413, aux.loss_seg: 0.0218, aux.acc_seg: 83.3093, loss: 0.0519
2026-04-24 18:41:22,984 - mmseg - INFO - Iter [93250/160000]	lr: 6.519e-06, eta: 20:48:38, time: 0.937, data_time: 0.391, memory: 14490, decode.loss_seg: 0.0304, decode.acc_seg: 85.5299, aux.loss_seg: 0.0219, aux.acc_seg: 84.4883, loss: 0.0524
2026-04-24 18:41:50,209 - mmseg - INFO - Iter [93300/160000]	lr: 6.514e-06, eta: 20:47:17, time: 0.544, data_time: 0.004, memory: 14490, decode.loss_seg: 0.0306, decode.acc_seg: 84.3632, aux.loss_seg: 0.0218, aux.acc_seg: 83.3608, loss: 0.0523
2026-04-24 18:42:37,215 - mmseg - INFO - Iter [93350/160000]	lr: 6.509e-06, eta: 20:46:13, time: 0.940, data_time: 0.363, memory: 14490, decode.loss_seg: 0.0309, decode.acc_seg: 85.2183, aux.loss_seg: 0.0223, aux.acc_seg: 84.1755, loss: 0.0532
2026-04-24 18:43:22,782 - mmseg - INFO - Iter [93400/160000]	lr: 6.504e-06, eta: 20:45:08, time: 0.911, data_time: 0.353, memory: 14490, decode.loss_seg: 0.0324, decode.acc_seg: 85.1524, aux.loss_seg: 0.0226, aux.acc_seg: 84.1317, loss: 0.0550
2026-04-24 18:43:49,988 - mmseg - INFO - Iter [93450/160000]	lr: 6.499e-06, eta: 20:43:47, time: 0.544, data_time: 0.004, memory: 14490, decode.loss_seg: 0.0312, decode.acc_seg: 84.8378, aux.loss_seg: 0.0220, aux.acc_seg: 83.8185, loss: 0.0533
2026-04-24 18:44:35,288 - mmseg - INFO - Iter [93500/160000]	lr: 6.494e-06, eta: 20:42:41, time: 0.906, data_time: 0.362, memory: 14490, decode.loss_seg: 0.0311, decode.acc_seg: 83.8212, aux.loss_seg: 0.0227, aux.acc_seg: 82.7406, loss: 0.0538
2026-04-24 18:45:21,531 - mmseg - INFO - Iter [93550/160000]	lr: 6.489e-06, eta: 20:41:37, time: 0.925, data_time: 0.335, memory: 14490, decode.loss_seg: 0.0302, decode.acc_seg: 85.0260, aux.loss_seg: 0.0216, aux.acc_seg: 84.0440, loss: 0.0518
2026-04-24 18:45:48,825 - mmseg - INFO - Iter [93600/160000]	lr: 6.485e-06, eta: 20:40:16, time: 0.546, data_time: 0.004, memory: 14490, decode.loss_seg: 0.0319, decode.acc_seg: 85.1727, aux.loss_seg: 0.0248, aux.acc_seg: 83.9770, loss: 0.0567
2026-04-24 18:46:36,101 - mmseg - INFO - Iter [93650/160000]	lr: 6.480e-06, eta: 20:39:13, time: 0.945, data_time: 0.342, memory: 14490, decode.loss_seg: 0.0322, decode.acc_seg: 85.7591, aux.loss_seg: 0.0231, aux.acc_seg: 84.7401, loss: 0.0553
2026-04-24 18:47:22,810 - mmseg - INFO - Iter [93700/160000]	lr: 6.475e-06, eta: 20:38:09, time: 0.934, data_time: 0.373, memory: 14490, decode.loss_seg: 0.0327, decode.acc_seg: 83.4927, aux.loss_seg: 0.0231, aux.acc_seg: 82.4462, loss: 0.0557
2026-04-24 18:47:50,108 - mmseg - INFO - Iter [93750/160000]	lr: 6.470e-06, eta: 20:36:48, time: 0.546, data_time: 0.004, memory: 14490, decode.loss_seg: 0.0334, decode.acc_seg: 84.5016, aux.loss_seg: 0.0234, aux.acc_seg: 83.4475, loss: 0.0568
2026-04-24 18:48:36,938 - mmseg - INFO - Iter [93800/160000]	lr: 6.465e-06, eta: 20:35:44, time: 0.936, data_time: 0.336, memory: 14490, decode.loss_seg: 0.0315, decode.acc_seg: 84.4538, aux.loss_seg: 0.0225, aux.acc_seg: 83.4243, loss: 0.0540
2026-04-24 18:49:24,028 - mmseg - INFO - Iter [93850/160000]	lr: 6.460e-06, eta: 20:34:41, time: 0.942, data_time: 0.392, memory: 14490, decode.loss_seg: 0.0308, decode.acc_seg: 84.0679, aux.loss_seg: 0.0220, aux.acc_seg: 83.0452, loss: 0.0528
2026-04-24 18:49:51,243 - mmseg - INFO - Iter [93900/160000]	lr: 6.455e-06, eta: 20:33:20, time: 0.545, data_time: 0.004, memory: 14490, decode.loss_seg: 0.0310, decode.acc_seg: 85.0251, aux.loss_seg: 0.0221, aux.acc_seg: 84.0038, loss: 0.0531
2026-04-24 18:50:36,271 - mmseg - INFO - Iter [93950/160000]	lr: 6.450e-06, eta: 20:32:15, time: 0.900, data_time: 0.360, memory: 14490, decode.loss_seg: 0.0302, decode.acc_seg: 83.7126, aux.loss_seg: 0.0221, aux.acc_seg: 82.6520, loss: 0.0522
2026-04-24 18:51:15,268 - mmseg - INFO - per class results:
2026-04-24 18:51:15,269 - mmseg - INFO - 
+------------+-------+-------+
| Class      | IoU   | Acc   |
+------------+-------+-------+
| housing    | 96.19 | 98.23 |
| industrial | 95.99 | 98.03 |
| natural    | 92.52 | 94.99 |
| land_use   | 85.25 | 89.34 |
| water      | 95.98 | 98.47 |
| other      | 98.76 | 99.35 |
+------------+-------+-------+
2026-04-24 18:51:15,269 - mmseg - INFO - Summary:
2026-04-24 18:51:15,269 - mmseg - INFO - 
+--------+-------+------+-------+
| Scope  | mIoU  | mAcc | aAcc  |
+--------+-------+------+-------+
| global | 94.12 | 96.4 | 97.51 |
+--------+-------+------+-------+
2026-04-24 18:51:15,294 - mmseg - INFO - Exp name: pixel_upernet_itpn_large_12_512_slide_160k_air_polarsar2_amp_linux.py
2026-04-24 18:51:15,295 - mmseg - INFO - Iter [94000/160000]	lr: 6.445e-06, eta: 20:39:13, time: 12.316, data_time: 0.000, memory: 14490, mIoU: 0.9412, mAcc: 0.9640, aAcc: 0.9751
2026-04-24 18:52:02,325 - mmseg - INFO - Iter [94050/160000]	lr: 6.441e-06, eta: 20:38:09, time: 0.940, data_time: 0.338, memory: 14490, decode.loss_seg: 0.0293, decode.acc_seg: 83.2264, aux.loss_seg: 0.0215, aux.acc_seg: 82.1820, loss: 0.0508
2026-04-24 18:52:48,571 - mmseg - INFO - Iter [94100/160000]	lr: 6.436e-06, eta: 20:37:04, time: 0.925, data_time: 0.347, memory: 14490, decode.loss_seg: 0.0301, decode.acc_seg: 84.1341, aux.loss_seg: 0.0220, aux.acc_seg: 83.1090, loss: 0.0520
2026-04-24 18:53:15,813 - mmseg - INFO - Iter [94150/160000]	lr: 6.431e-06, eta: 20:35:43, time: 0.545, data_time: 0.004, memory: 14490, decode.loss_seg: 0.0313, decode.acc_seg: 85.6842, aux.loss_seg: 0.0225, aux.acc_seg: 84.6293, loss: 0.0537
2026-04-24 18:54:03,593 - mmseg - INFO - Iter [94200/160000]	lr: 6.426e-06, eta: 20:34:40, time: 0.956, data_time: 0.388, memory: 14490, decode.loss_seg: 0.0306, decode.acc_seg: 84.9905, aux.loss_seg: 0.0223, aux.acc_seg: 83.9405, loss: 0.0529
2026-04-24 18:54:51,067 - mmseg - INFO - Iter [94250/160000]	lr: 6.421e-06, eta: 20:33:36, time: 0.950, data_time: 0.336, memory: 14490, decode.loss_seg: 0.0298, decode.acc_seg: 84.6981, aux.loss_seg: 0.0215, aux.acc_seg: 83.6954, loss: 0.0513
2026-04-24 18:55:18,324 - mmseg - INFO - Iter [94300/160000]	lr: 6.416e-06, eta: 20:32:15, time: 0.545, data_time: 0.004, memory: 14490, decode.loss_seg: 0.0302, decode.acc_seg: 82.0716, aux.loss_seg: 0.0243, aux.acc_seg: 80.8731, loss: 0.0545
2026-04-24 18:56:04,148 - mmseg - INFO - Iter [94350/160000]	lr: 6.411e-06, eta: 20:31:10, time: 0.916, data_time: 0.358, memory: 14490, decode.loss_seg: 0.0308, decode.acc_seg: 85.4615, aux.loss_seg: 0.0220, aux.acc_seg: 84.4492, loss: 0.0528
2026-04-24 18:56:50,106 - mmseg - INFO - Iter [94400/160000]	lr: 6.406e-06, eta: 20:30:05, time: 0.919, data_time: 0.371, memory: 14490, decode.loss_seg: 0.0306, decode.acc_seg: 84.8539, aux.loss_seg: 0.0237, aux.acc_seg: 83.6812, loss: 0.0543
2026-04-24 18:57:17,368 - mmseg - INFO - Iter [94450/160000]	lr: 6.402e-06, eta: 20:28:45, time: 0.545, data_time: 0.004, memory: 14490, decode.loss_seg: 0.0305, decode.acc_seg: 84.6657, aux.loss_seg: 0.0221, aux.acc_seg: 83.6152, loss: 0.0526
2026-04-24 18:58:02,850 - mmseg - INFO - Iter [94500/160000]	lr: 6.397e-06, eta: 20:27:40, time: 0.909, data_time: 0.315, memory: 14490, decode.loss_seg: 0.0309, decode.acc_seg: 86.0961, aux.loss_seg: 0.0219, aux.acc_seg: 85.1082, loss: 0.0527
2026-04-24 18:58:49,304 - mmseg - INFO - Iter [94550/160000]	lr: 6.392e-06, eta: 20:26:35, time: 0.929, data_time: 0.390, memory: 14490, decode.loss_seg: 0.0301, decode.acc_seg: 84.2750, aux.loss_seg: 0.0218, aux.acc_seg: 83.2414, loss: 0.0519
2026-04-24 18:59:16,568 - mmseg - INFO - Iter [94600/160000]	lr: 6.387e-06, eta: 20:25:15, time: 0.545, data_time: 0.004, memory: 14490, decode.loss_seg: 0.0301, decode.acc_seg: 85.1828, aux.loss_seg: 0.0216, aux.acc_seg: 84.1706, loss: 0.0517
2026-04-24 19:00:03,196 - mmseg - INFO - Iter [94650/160000]	lr: 6.382e-06, eta: 20:24:11, time: 0.933, data_time: 0.384, memory: 14490, decode.loss_seg: 0.0307, decode.acc_seg: 83.4932, aux.loss_seg: 0.0220, aux.acc_seg: 82.4537, loss: 0.0528
2026-04-24 19:00:49,737 - mmseg - INFO - Iter [94700/160000]	lr: 6.377e-06, eta: 20:23:07, time: 0.931, data_time: 0.364, memory: 14490, decode.loss_seg: 0.0300, decode.acc_seg: 85.0488, aux.loss_seg: 0.0216, aux.acc_seg: 84.0371, loss: 0.0516
2026-04-24 19:01:16,963 - mmseg - INFO - Iter [94750/160000]	lr: 6.372e-06, eta: 20:21:46, time: 0.544, data_time: 0.004, memory: 14490, decode.loss_seg: 0.0296, decode.acc_seg: 84.7213, aux.loss_seg: 0.0216, aux.acc_seg: 83.6850, loss: 0.0512
2026-04-24 19:02:03,257 - mmseg - INFO - Iter [94800/160000]	lr: 6.367e-06, eta: 20:20:42, time: 0.926, data_time: 0.373, memory: 14490, decode.loss_seg: 0.0297, decode.acc_seg: 84.8705, aux.loss_seg: 0.0215, aux.acc_seg: 83.8614, loss: 0.0513
2026-04-24 19:02:49,901 - mmseg - INFO - Iter [94850/160000]	lr: 6.362e-06, eta: 20:19:38, time: 0.933, data_time: 0.350, memory: 14490, decode.loss_seg: 0.0310, decode.acc_seg: 85.1249, aux.loss_seg: 0.0223, aux.acc_seg: 84.0978, loss: 0.0533
2026-04-24 19:03:17,088 - mmseg - INFO - Iter [94900/160000]	lr: 6.358e-06, eta: 20:18:18, time: 0.544, data_time: 0.004, memory: 14490, decode.loss_seg: 0.0297, decode.acc_seg: 83.5116, aux.loss_seg: 0.0216, aux.acc_seg: 82.4897, loss: 0.0513
2026-04-24 19:04:04,041 - mmseg - INFO - Iter [94950/160000]	lr: 6.353e-06, eta: 20:17:14, time: 0.939, data_time: 0.378, memory: 14490, decode.loss_seg: 0.0298, decode.acc_seg: 83.9106, aux.loss_seg: 0.0214, aux.acc_seg: 82.9082, loss: 0.0512
2026-04-24 19:04:31,357 - mmseg - INFO - Exp name: pixel_upernet_itpn_large_12_512_slide_160k_air_polarsar2_amp_linux.py
2026-04-24 19:04:31,357 - mmseg - INFO - Iter [95000/160000]	lr: 6.348e-06, eta: 20:15:54, time: 0.546, data_time: 0.004, memory: 14490, decode.loss_seg: 0.0305, decode.acc_seg: 83.7499, aux.loss_seg: 0.0222, aux.acc_seg: 82.7050, loss: 0.0527
2026-04-24 19:05:17,490 - mmseg - INFO - Iter [95050/160000]	lr: 6.343e-06, eta: 20:14:50, time: 0.922, data_time: 0.381, memory: 14490, decode.loss_seg: 0.0299, decode.acc_seg: 83.6794, aux.loss_seg: 0.0217, aux.acc_seg: 82.6520, loss: 0.0516
2026-04-24 19:06:04,253 - mmseg - INFO - Iter [95100/160000]	lr: 6.338e-06, eta: 20:13:46, time: 0.935, data_time: 0.375, memory: 14490, decode.loss_seg: 0.0297, decode.acc_seg: 84.4405, aux.loss_seg: 0.0222, aux.acc_seg: 83.3110, loss: 0.0520
2026-04-24 19:06:31,552 - mmseg - INFO - Iter [95150/160000]	lr: 6.333e-06, eta: 20:12:27, time: 0.546, data_time: 0.004, memory: 14490, decode.loss_seg: 0.0299, decode.acc_seg: 84.0074, aux.loss_seg: 0.0217, aux.acc_seg: 82.9836, loss: 0.0516
2026-04-24 19:07:19,078 - mmseg - INFO - Iter [95200/160000]	lr: 6.328e-06, eta: 20:11:23, time: 0.950, data_time: 0.360, memory: 14490, decode.loss_seg: 0.0304, decode.acc_seg: 84.8208, aux.loss_seg: 0.0220, aux.acc_seg: 83.7912, loss: 0.0524
2026-04-24 19:08:05,199 - mmseg - INFO - Iter [95250/160000]	lr: 6.323e-06, eta: 20:10:19, time: 0.923, data_time: 0.374, memory: 14490, decode.loss_seg: 0.0301, decode.acc_seg: 84.9293, aux.loss_seg: 0.0220, aux.acc_seg: 83.8706, loss: 0.0520
2026-04-24 19:08:32,457 - mmseg - INFO - Iter [95300/160000]	lr: 6.319e-06, eta: 20:09:00, time: 0.545, data_time: 0.003, memory: 14490, decode.loss_seg: 0.0305, decode.acc_seg: 85.0648, aux.loss_seg: 0.0219, aux.acc_seg: 84.0338, loss: 0.0524
2026-04-24 19:09:19,128 - mmseg - INFO - Iter [95350/160000]	lr: 6.314e-06, eta: 20:07:56, time: 0.934, data_time: 0.349, memory: 14490, decode.loss_seg: 0.0332, decode.acc_seg: 85.8740, aux.loss_seg: 0.0236, aux.acc_seg: 84.7861, loss: 0.0568
2026-04-24 19:10:05,987 - mmseg - INFO - Iter [95400/160000]	lr: 6.309e-06, eta: 20:06:52, time: 0.937, data_time: 0.364, memory: 14490, decode.loss_seg: 0.0494, decode.acc_seg: 84.3173, aux.loss_seg: 0.0274, aux.acc_seg: 83.2715, loss: 0.0768
2026-04-24 19:10:33,227 - mmseg - INFO - Iter [95450/160000]	lr: 6.304e-06, eta: 20:05:33, time: 0.545, data_time: 0.004, memory: 14490, decode.loss_seg: 0.0336, decode.acc_seg: 84.3498, aux.loss_seg: 0.0234, aux.acc_seg: 83.3141, loss: 0.0570
2026-04-24 19:11:20,326 - mmseg - INFO - Iter [95500/160000]	lr: 6.299e-06, eta: 20:04:30, time: 0.942, data_time: 0.349, memory: 14490, decode.loss_seg: 0.0291, decode.acc_seg: 83.4135, aux.loss_seg: 0.0209, aux.acc_seg: 82.4257, loss: 0.0500
2026-04-24 19:12:07,723 - mmseg - INFO - Iter [95550/160000]	lr: 6.294e-06, eta: 20:03:27, time: 0.948, data_time: 0.399, memory: 14490, decode.loss_seg: 0.0328, decode.acc_seg: 85.6056, aux.loss_seg: 0.0246, aux.acc_seg: 84.3669, loss: 0.0574
2026-04-24 19:12:34,953 - mmseg - INFO - Iter [95600/160000]	lr: 6.289e-06, eta: 20:02:07, time: 0.545, data_time: 0.003, memory: 14490, decode.loss_seg: 0.0310, decode.acc_seg: 83.8123, aux.loss_seg: 0.0232, aux.acc_seg: 82.6518, loss: 0.0542
2026-04-24 19:13:21,371 - mmseg - INFO - Iter [95650/160000]	lr: 6.284e-06, eta: 20:01:04, time: 0.928, data_time: 0.366, memory: 14490, decode.loss_seg: 0.0317, decode.acc_seg: 85.8932, aux.loss_seg: 0.0228, aux.acc_seg: 84.8618, loss: 0.0545
2026-04-24 19:14:07,460 - mmseg - INFO - Iter [95700/160000]	lr: 6.279e-06, eta: 20:00:00, time: 0.922, data_time: 0.327, memory: 14490, decode.loss_seg: 0.0311, decode.acc_seg: 84.7377, aux.loss_seg: 0.0222, aux.acc_seg: 83.7194, loss: 0.0533
2026-04-24 19:14:34,657 - mmseg - INFO - Iter [95750/160000]	lr: 6.275e-06, eta: 19:58:40, time: 0.544, data_time: 0.004, memory: 14490, decode.loss_seg: 0.0307, decode.acc_seg: 85.6789, aux.loss_seg: 0.0220, aux.acc_seg: 84.6634, loss: 0.0526
2026-04-24 19:15:21,086 - mmseg - INFO - Iter [95800/160000]	lr: 6.270e-06, eta: 19:57:37, time: 0.929, data_time: 0.371, memory: 14490, decode.loss_seg: 0.0295, decode.acc_seg: 85.1083, aux.loss_seg: 0.0215, aux.acc_seg: 84.0973, loss: 0.0510
2026-04-24 19:16:07,148 - mmseg - INFO - Iter [95850/160000]	lr: 6.265e-06, eta: 19:56:33, time: 0.921, data_time: 0.364, memory: 14490, decode.loss_seg: 0.0302, decode.acc_seg: 84.4080, aux.loss_seg: 0.0222, aux.acc_seg: 83.3412, loss: 0.0524
2026-04-24 19:16:34,365 - mmseg - INFO - Iter [95900/160000]	lr: 6.260e-06, eta: 19:55:14, time: 0.544, data_time: 0.004, memory: 14490, decode.loss_seg: 0.0305, decode.acc_seg: 84.6518, aux.loss_seg: 0.0217, aux.acc_seg: 83.6593, loss: 0.0521
2026-04-24 19:17:20,914 - mmseg - INFO - Iter [95950/160000]	lr: 6.255e-06, eta: 19:54:10, time: 0.931, data_time: 0.357, memory: 14490, decode.loss_seg: 0.0310, decode.acc_seg: 84.5840, aux.loss_seg: 0.0223, aux.acc_seg: 83.5409, loss: 0.0532
2026-04-24 19:17:48,126 - mmseg - INFO - Saving checkpoint at 96000 iterations
2026-04-24 19:18:07,097 - mmseg - INFO - per class results:
2026-04-24 19:18:07,097 - mmseg - INFO - 
+------------+-------+-------+
| Class      | IoU   | Acc   |
+------------+-------+-------+
| housing    | 96.0  | 98.72 |
| industrial | 96.03 | 98.05 |
| natural    | 92.34 | 94.78 |
| land_use   | 86.08 | 90.55 |
| water      | 96.07 | 98.18 |
| other      | 98.76 | 99.62 |
+------------+-------+-------+
2026-04-24 19:18:07,097 - mmseg - INFO - Summary:
2026-04-24 19:18:07,097 - mmseg - INFO - 
+--------+-------+-------+-------+
| Scope  | mIoU  | mAcc  | aAcc  |
+--------+-------+-------+-------+
| global | 94.21 | 96.65 | 97.55 |
+--------+-------+-------+-------+
2026-04-24 19:18:07,140 - mmseg - INFO - Exp name: pixel_upernet_itpn_large_12_512_slide_160k_air_polarsar2_amp_linux.py
2026-04-24 19:18:07,140 - mmseg - INFO - Iter [96000/160000]	lr: 6.250e-06, eta: 20:05:32, time: 19.559, data_time: 0.000, memory: 14490, mIoU: 0.9421, mAcc: 0.9665, aAcc: 0.9755
2026-04-24 19:18:54,586 - mmseg - INFO - Iter [96050/160000]	lr: 6.245e-06, eta: 20:04:28, time: 0.949, data_time: 0.346, memory: 14490, decode.loss_seg: 0.0326, decode.acc_seg: 85.8008, aux.loss_seg: 0.0226, aux.acc_seg: 84.7799, loss: 0.0552
2026-04-24 19:19:41,501 - mmseg - INFO - Iter [96100/160000]	lr: 6.240e-06, eta: 20:03:24, time: 0.938, data_time: 0.395, memory: 14490, decode.loss_seg: 0.0306, decode.acc_seg: 85.2728, aux.loss_seg: 0.0234, aux.acc_seg: 84.1249, loss: 0.0541
2026-04-24 19:20:08,791 - mmseg - INFO - Iter [96150/160000]	lr: 6.236e-06, eta: 20:02:04, time: 0.546, data_time: 0.004, memory: 14490, decode.loss_seg: 0.0302, decode.acc_seg: 84.5220, aux.loss_seg: 0.0219, aux.acc_seg: 83.4833, loss: 0.0521
2026-04-24 19:20:55,856 - mmseg - INFO - Iter [96200/160000]	lr: 6.231e-06, eta: 20:01:00, time: 0.941, data_time: 0.377, memory: 14490, decode.loss_seg: 0.0302, decode.acc_seg: 84.7207, aux.loss_seg: 0.0219, aux.acc_seg: 83.6954, loss: 0.0522
2026-04-24 19:21:42,801 - mmseg - INFO - Iter [96250/160000]	lr: 6.226e-06, eta: 19:59:56, time: 0.939, data_time: 0.356, memory: 14490, decode.loss_seg: 0.0301, decode.acc_seg: 84.0457, aux.loss_seg: 0.0227, aux.acc_seg: 82.9260, loss: 0.0528
2026-04-24 19:22:09,998 - mmseg - INFO - Iter [96300/160000]	lr: 6.221e-06, eta: 19:58:37, time: 0.544, data_time: 0.003, memory: 14490, decode.loss_seg: 0.0306, decode.acc_seg: 84.5949, aux.loss_seg: 0.0221, aux.acc_seg: 83.5503, loss: 0.0527
2026-04-24 19:22:57,690 - mmseg - INFO - Iter [96350/160000]	lr: 6.216e-06, eta: 19:57:33, time: 0.954, data_time: 0.361, memory: 14490, decode.loss_seg: 0.0291, decode.acc_seg: 85.3185, aux.loss_seg: 0.0212, aux.acc_seg: 84.3124, loss: 0.0503
2026-04-24 19:23:44,678 - mmseg - INFO - Iter [96400/160000]	lr: 6.211e-06, eta: 19:56:29, time: 0.940, data_time: 0.397, memory: 14490, decode.loss_seg: 0.0306, decode.acc_seg: 86.1318, aux.loss_seg: 0.0224, aux.acc_seg: 85.0645, loss: 0.0530
2026-04-24 19:24:11,912 - mmseg - INFO - Iter [96450/160000]	lr: 6.206e-06, eta: 19:55:10, time: 0.544, data_time: 0.004, memory: 14490, decode.loss_seg: 0.0300, decode.acc_seg: 84.9762, aux.loss_seg: 0.0222, aux.acc_seg: 83.9095, loss: 0.0522
2026-04-24 19:24:59,285 - mmseg - INFO - Iter [96500/160000]	lr: 6.201e-06, eta: 19:54:06, time: 0.947, data_time: 0.344, memory: 14490, decode.loss_seg: 0.0296, decode.acc_seg: 85.4869, aux.loss_seg: 0.0216, aux.acc_seg: 84.4682, loss: 0.0512
2026-04-24 19:25:45,449 - mmseg - INFO - Iter [96550/160000]	lr: 6.196e-06, eta: 19:53:02, time: 0.923, data_time: 0.379, memory: 14490, decode.loss_seg: 0.0308, decode.acc_seg: 84.5960, aux.loss_seg: 0.0236, aux.acc_seg: 83.4473, loss: 0.0543
2026-04-24 19:26:12,684 - mmseg - INFO - Iter [96600/160000]	lr: 6.192e-06, eta: 19:51:43, time: 0.544, data_time: 0.004, memory: 14490, decode.loss_seg: 0.0292, decode.acc_seg: 84.6827, aux.loss_seg: 0.0209, aux.acc_seg: 83.7001, loss: 0.0501
2026-04-24 19:26:59,242 - mmseg - INFO - Iter [96650/160000]	lr: 6.187e-06, eta: 19:50:38, time: 0.931, data_time: 0.344, memory: 14490, decode.loss_seg: 0.0294, decode.acc_seg: 83.9046, aux.loss_seg: 0.0218, aux.acc_seg: 82.8103, loss: 0.0512
2026-04-24 19:27:46,389 - mmseg - INFO - Iter [96700/160000]	lr: 6.182e-06, eta: 19:49:35, time: 0.943, data_time: 0.321, memory: 14490, decode.loss_seg: 0.0308, decode.acc_seg: 84.8483, aux.loss_seg: 0.0223, aux.acc_seg: 83.8109, loss: 0.0530
2026-04-24 19:28:13,626 - mmseg - INFO - Iter [96750/160000]	lr: 6.177e-06, eta: 19:48:16, time: 0.545, data_time: 0.005, memory: 14490, decode.loss_seg: 0.0290, decode.acc_seg: 83.4845, aux.loss_seg: 0.0213, aux.acc_seg: 82.4506, loss: 0.0503
2026-04-24 19:29:00,083 - mmseg - INFO - Iter [96800/160000]	lr: 6.172e-06, eta: 19:47:11, time: 0.929, data_time: 0.362, memory: 14490, decode.loss_seg: 0.0301, decode.acc_seg: 84.5319, aux.loss_seg: 0.0216, aux.acc_seg: 83.5412, loss: 0.0517
2026-04-24 19:29:27,333 - mmseg - INFO - Iter [96850/160000]	lr: 6.167e-06, eta: 19:45:52, time: 0.545, data_time: 0.004, memory: 14490, decode.loss_seg: 0.0303, decode.acc_seg: 84.8457, aux.loss_seg: 0.0219, aux.acc_seg: 83.8086, loss: 0.0522
2026-04-24 19:30:13,762 - mmseg - INFO - Iter [96900/160000]	lr: 6.162e-06, eta: 19:44:48, time: 0.929, data_time: 0.363, memory: 14490, decode.loss_seg: 0.0296, decode.acc_seg: 83.8003, aux.loss_seg: 0.0219, aux.acc_seg: 82.7480, loss: 0.0516
2026-04-24 19:30:59,553 - mmseg - INFO - Iter [96950/160000]	lr: 6.157e-06, eta: 19:43:44, time: 0.916, data_time: 0.357, memory: 14490, decode.loss_seg: 0.0307, decode.acc_seg: 84.2156, aux.loss_seg: 0.0228, aux.acc_seg: 83.0836, loss: 0.0534
2026-04-24 19:31:26,806 - mmseg - INFO - Exp name: pixel_upernet_itpn_large_12_512_slide_160k_air_polarsar2_amp_linux.py
2026-04-24 19:31:26,806 - mmseg - INFO - Iter [97000/160000]	lr: 6.152e-06, eta: 19:42:25, time: 0.545, data_time: 0.005, memory: 14490, decode.loss_seg: 0.0304, decode.acc_seg: 84.6499, aux.loss_seg: 0.0220, aux.acc_seg: 83.6272, loss: 0.0523
2026-04-24 19:32:13,423 - mmseg - INFO - Iter [97050/160000]	lr: 6.148e-06, eta: 19:41:21, time: 0.932, data_time: 0.332, memory: 14490, decode.loss_seg: 0.0300, decode.acc_seg: 85.0414, aux.loss_seg: 0.0216, aux.acc_seg: 84.0265, loss: 0.0516
2026-04-24 19:33:00,288 - mmseg - INFO - Iter [97100/160000]	lr: 6.143e-06, eta: 19:40:17, time: 0.937, data_time: 0.374, memory: 14490, decode.loss_seg: 0.0303, decode.acc_seg: 84.7233, aux.loss_seg: 0.0234, aux.acc_seg: 83.5291, loss: 0.0537
2026-04-24 19:33:27,595 - mmseg - INFO - Iter [97150/160000]	lr: 6.138e-06, eta: 19:38:59, time: 0.546, data_time: 0.004, memory: 14490, decode.loss_seg: 0.0294, decode.acc_seg: 84.9166, aux.loss_seg: 0.0213, aux.acc_seg: 83.9017, loss: 0.0506
2026-04-24 19:34:13,987 - mmseg - INFO - Iter [97200/160000]	lr: 6.133e-06, eta: 19:37:55, time: 0.928, data_time: 0.349, memory: 14490, decode.loss_seg: 0.0298, decode.acc_seg: 86.0650, aux.loss_seg: 0.0218, aux.acc_seg: 85.0275, loss: 0.0516
2026-04-24 19:34:59,998 - mmseg - INFO - Iter [97250/160000]	lr: 6.128e-06, eta: 19:36:51, time: 0.920, data_time: 0.362, memory: 14490, decode.loss_seg: 0.0300, decode.acc_seg: 84.7459, aux.loss_seg: 0.0218, aux.acc_seg: 83.7089, loss: 0.0518
2026-04-24 19:35:27,178 - mmseg - INFO - Iter [97300/160000]	lr: 6.123e-06, eta: 19:35:32, time: 0.544, data_time: 0.004, memory: 14490, decode.loss_seg: 0.0289, decode.acc_seg: 85.1295, aux.loss_seg: 0.0210, aux.acc_seg: 84.1440, loss: 0.0499
2026-04-24 19:36:13,119 - mmseg - INFO - Iter [97350/160000]	lr: 6.118e-06, eta: 19:34:28, time: 0.919, data_time: 0.364, memory: 14490, decode.loss_seg: 0.0304, decode.acc_seg: 84.0997, aux.loss_seg: 0.0221, aux.acc_seg: 83.0477, loss: 0.0525
2026-04-24 19:37:00,230 - mmseg - INFO - Iter [97400/160000]	lr: 6.113e-06, eta: 19:33:24, time: 0.942, data_time: 0.371, memory: 14490, decode.loss_seg: 0.0293, decode.acc_seg: 84.5647, aux.loss_seg: 0.0213, aux.acc_seg: 83.5644, loss: 0.0506
2026-04-24 19:37:27,444 - mmseg - INFO - Iter [97450/160000]	lr: 6.109e-06, eta: 19:32:06, time: 0.544, data_time: 0.004, memory: 14490, decode.loss_seg: 0.0293, decode.acc_seg: 84.1091, aux.loss_seg: 0.0214, aux.acc_seg: 83.0869, loss: 0.0506
2026-04-24 19:38:14,388 - mmseg - INFO - Iter [97500/160000]	lr: 6.104e-06, eta: 19:31:03, time: 0.939, data_time: 0.397, memory: 14490, decode.loss_seg: 0.0297, decode.acc_seg: 84.9784, aux.loss_seg: 0.0217, aux.acc_seg: 83.9537, loss: 0.0514
2026-04-24 19:39:01,301 - mmseg - INFO - Iter [97550/160000]	lr: 6.099e-06, eta: 19:29:59, time: 0.938, data_time: 0.377, memory: 14490, decode.loss_seg: 0.0308, decode.acc_seg: 86.0244, aux.loss_seg: 0.0222, aux.acc_seg: 84.9757, loss: 0.0530
2026-04-24 19:39:28,639 - mmseg - INFO - Iter [97600/160000]	lr: 6.094e-06, eta: 19:28:41, time: 0.547, data_time: 0.004, memory: 14490, decode.loss_seg: 0.0299, decode.acc_seg: 85.8485, aux.loss_seg: 0.0220, aux.acc_seg: 84.7970, loss: 0.0518
2026-04-24 19:40:15,028 - mmseg - INFO - Iter [97650/160000]	lr: 6.089e-06, eta: 19:27:37, time: 0.928, data_time: 0.379, memory: 14490, decode.loss_seg: 0.0297, decode.acc_seg: 85.2619, aux.loss_seg: 0.0219, aux.acc_seg: 84.2112, loss: 0.0516
2026-04-24 19:41:02,498 - mmseg - INFO - Iter [97700/160000]	lr: 6.084e-06, eta: 19:26:34, time: 0.950, data_time: 0.360, memory: 14490, decode.loss_seg: 0.0294, decode.acc_seg: 84.7135, aux.loss_seg: 0.0215, aux.acc_seg: 83.6718, loss: 0.0509
2026-04-24 19:41:29,863 - mmseg - INFO - Iter [97750/160000]	lr: 6.079e-06, eta: 19:25:16, time: 0.547, data_time: 0.004, memory: 14490, decode.loss_seg: 0.0289, decode.acc_seg: 84.1136, aux.loss_seg: 0.0213, aux.acc_seg: 83.0826, loss: 0.0502
2026-04-24 19:42:17,031 - mmseg - INFO - Iter [97800/160000]	lr: 6.074e-06, eta: 19:24:13, time: 0.943, data_time: 0.340, memory: 14490, decode.loss_seg: 0.0293, decode.acc_seg: 84.5109, aux.loss_seg: 0.0224, aux.acc_seg: 83.3608, loss: 0.0517
2026-04-24 19:42:44,359 - mmseg - INFO - Iter [97850/160000]	lr: 6.069e-06, eta: 19:22:55, time: 0.547, data_time: 0.004, memory: 14490, decode.loss_seg: 0.0293, decode.acc_seg: 85.2001, aux.loss_seg: 0.0220, aux.acc_seg: 84.0960, loss: 0.0514
2026-04-24 19:43:30,517 - mmseg - INFO - Iter [97900/160000]	lr: 6.065e-06, eta: 19:21:52, time: 0.923, data_time: 0.344, memory: 14490, decode.loss_seg: 0.0294, decode.acc_seg: 83.8174, aux.loss_seg: 0.0216, aux.acc_seg: 82.7730, loss: 0.0509
2026-04-24 19:44:18,208 - mmseg - INFO - Iter [97950/160000]	lr: 6.060e-06, eta: 19:20:49, time: 0.954, data_time: 0.358, memory: 14490, decode.loss_seg: 0.0297, decode.acc_seg: 84.2216, aux.loss_seg: 0.0218, aux.acc_seg: 83.1820, loss: 0.0515
2026-04-24 19:44:57,211 - mmseg - INFO - per class results:
2026-04-24 19:44:57,211 - mmseg - INFO - 
+------------+-------+-------+
| Class      | IoU   | Acc   |
+------------+-------+-------+
| housing    | 96.28 | 98.18 |
| industrial | 96.09 | 98.05 |
| natural    | 92.54 | 95.38 |
| land_use   | 85.44 | 89.33 |
| water      | 96.03 | 98.54 |
| other      | 98.81 | 99.48 |
+------------+-------+-------+
2026-04-24 19:44:57,211 - mmseg - INFO - Summary:
2026-04-24 19:44:57,211 - mmseg - INFO - 
+--------+------+-------+-------+
| Scope  | mIoU | mAcc  | aAcc  |
+--------+------+-------+-------+
| global | 94.2 | 96.49 | 97.56 |
+--------+------+-------+-------+
2026-04-24 19:44:57,236 - mmseg - INFO - Exp name: pixel_upernet_itpn_large_12_512_slide_160k_air_polarsar2_amp_linux.py
2026-04-24 19:44:57,236 - mmseg - INFO - Iter [98000/160000]	lr: 6.055e-06, eta: 19:26:52, time: 12.205, data_time: 0.000, memory: 14490, mIoU: 0.9420, mAcc: 0.9649, aAcc: 0.9756
2026-04-24 19:45:43,706 - mmseg - INFO - Iter [98050/160000]	lr: 6.050e-06, eta: 19:25:48, time: 0.929, data_time: 0.349, memory: 14490, decode.loss_seg: 0.0293, decode.acc_seg: 84.3376, aux.loss_seg: 0.0211, aux.acc_seg: 83.3390, loss: 0.0504
2026-04-24 19:46:30,145 - mmseg - INFO - Iter [98100/160000]	lr: 6.045e-06, eta: 19:24:44, time: 0.929, data_time: 0.374, memory: 14490, decode.loss_seg: 0.0298, decode.acc_seg: 84.9242, aux.loss_seg: 0.0217, aux.acc_seg: 83.8914, loss: 0.0514
2026-04-24 19:46:57,478 - mmseg - INFO - Iter [98150/160000]	lr: 6.040e-06, eta: 19:23:26, time: 0.547, data_time: 0.004, memory: 14490, decode.loss_seg: 0.0289, decode.acc_seg: 84.7165, aux.loss_seg: 0.0212, aux.acc_seg: 83.6983, loss: 0.0501
2026-04-24 19:47:44,945 - mmseg - INFO - Iter [98200/160000]	lr: 6.035e-06, eta: 19:22:22, time: 0.949, data_time: 0.341, memory: 14490, decode.loss_seg: 0.0302, decode.acc_seg: 84.7238, aux.loss_seg: 0.0225, aux.acc_seg: 83.5994, loss: 0.0527
2026-04-24 19:48:31,239 - mmseg - INFO - Iter [98250/160000]	lr: 6.030e-06, eta: 19:21:18, time: 0.926, data_time: 0.366, memory: 14490, decode.loss_seg: 0.0287, decode.acc_seg: 83.7861, aux.loss_seg: 0.0211, aux.acc_seg: 82.7752, loss: 0.0498
2026-04-24 19:48:58,572 - mmseg - INFO - Iter [98300/160000]	lr: 6.026e-06, eta: 19:20:00, time: 0.547, data_time: 0.003, memory: 14490, decode.loss_seg: 0.0289, decode.acc_seg: 84.1813, aux.loss_seg: 0.0213, aux.acc_seg: 83.1565, loss: 0.0502
2026-04-24 19:49:45,889 - mmseg - INFO - Iter [98350/160000]	lr: 6.021e-06, eta: 19:18:57, time: 0.946, data_time: 0.404, memory: 14490, decode.loss_seg: 0.0296, decode.acc_seg: 85.3102, aux.loss_seg: 0.0218, aux.acc_seg: 84.2604, loss: 0.0514
2026-04-24 19:50:32,165 - mmseg - INFO - Iter [98400/160000]	lr: 6.016e-06, eta: 19:17:53, time: 0.925, data_time: 0.378, memory: 14490, decode.loss_seg: 0.0299, decode.acc_seg: 84.7593, aux.loss_seg: 0.0218, aux.acc_seg: 83.7171, loss: 0.0517
2026-04-24 19:50:59,577 - mmseg - INFO - Iter [98450/160000]	lr: 6.011e-06, eta: 19:16:35, time: 0.548, data_time: 0.004, memory: 14490, decode.loss_seg: 0.0291, decode.acc_seg: 85.2839, aux.loss_seg: 0.0214, aux.acc_seg: 84.2594, loss: 0.0505
2026-04-24 19:51:46,731 - mmseg - INFO - Iter [98500/160000]	lr: 6.006e-06, eta: 19:15:32, time: 0.943, data_time: 0.349, memory: 14490, decode.loss_seg: 0.0302, decode.acc_seg: 84.1566, aux.loss_seg: 0.0222, aux.acc_seg: 83.0859, loss: 0.0524
2026-04-24 19:52:33,157 - mmseg - INFO - Iter [98550/160000]	lr: 6.001e-06, eta: 19:14:28, time: 0.928, data_time: 0.342, memory: 14490, decode.loss_seg: 0.0289, decode.acc_seg: 85.9705, aux.loss_seg: 0.0210, aux.acc_seg: 84.9832, loss: 0.0499
2026-04-24 19:53:00,556 - mmseg - INFO - Iter [98600/160000]	lr: 5.996e-06, eta: 19:13:10, time: 0.548, data_time: 0.004, memory: 14490, decode.loss_seg: 0.0299, decode.acc_seg: 85.1488, aux.loss_seg: 0.0223, aux.acc_seg: 84.0326, loss: 0.0522
2026-04-24 19:53:46,412 - mmseg - INFO - Iter [98650/160000]	lr: 5.991e-06, eta: 19:12:06, time: 0.917, data_time: 0.355, memory: 14490, decode.loss_seg: 0.0295, decode.acc_seg: 83.8570, aux.loss_seg: 0.0218, aux.acc_seg: 82.8053, loss: 0.0513
2026-04-24 19:54:33,109 - mmseg - INFO - Iter [98700/160000]	lr: 5.986e-06, eta: 19:11:02, time: 0.934, data_time: 0.391, memory: 14490, decode.loss_seg: 0.0298, decode.acc_seg: 84.3931, aux.loss_seg: 0.0216, aux.acc_seg: 83.3849, loss: 0.0514
2026-04-24 19:55:00,451 - mmseg - INFO - Iter [98750/160000]	lr: 5.982e-06, eta: 19:09:45, time: 0.547, data_time: 0.004, memory: 14490, decode.loss_seg: 0.0312, decode.acc_seg: 85.3967, aux.loss_seg: 0.0221, aux.acc_seg: 84.3711, loss: 0.0533
2026-04-24 19:55:48,559 - mmseg - INFO - Iter [98800/160000]	lr: 5.977e-06, eta: 19:08:42, time: 0.962, data_time: 0.393, memory: 14490, decode.loss_seg: 0.0292, decode.acc_seg: 84.2300, aux.loss_seg: 0.0213, aux.acc_seg: 83.1935, loss: 0.0506
2026-04-24 19:56:15,861 - mmseg - INFO - Iter [98850/160000]	lr: 5.972e-06, eta: 19:07:25, time: 0.546, data_time: 0.004, memory: 14490, decode.loss_seg: 0.0292, decode.acc_seg: 85.0222, aux.loss_seg: 0.0212, aux.acc_seg: 84.0271, loss: 0.0504
2026-04-24 19:57:01,953 - mmseg - INFO - Iter [98900/160000]	lr: 5.967e-06, eta: 19:06:21, time: 0.922, data_time: 0.351, memory: 14490, decode.loss_seg: 0.0298, decode.acc_seg: 83.8456, aux.loss_seg: 0.0217, aux.acc_seg: 82.7991, loss: 0.0514
2026-04-24 19:57:48,220 - mmseg - INFO - Iter [98950/160000]	lr: 5.962e-06, eta: 19:05:17, time: 0.925, data_time: 0.375, memory: 14490, decode.loss_seg: 0.0288, decode.acc_seg: 84.4158, aux.loss_seg: 0.0211, aux.acc_seg: 83.3984, loss: 0.0499
2026-04-24 19:58:15,554 - mmseg - INFO - Exp name: pixel_upernet_itpn_large_12_512_slide_160k_air_polarsar2_amp_linux.py
2026-04-24 19:58:15,555 - mmseg - INFO - Iter [99000/160000]	lr: 5.957e-06, eta: 19:03:59, time: 0.547, data_time: 0.004, memory: 14490, decode.loss_seg: 0.0288, decode.acc_seg: 85.0528, aux.loss_seg: 0.0208, aux.acc_seg: 84.0537, loss: 0.0497
2026-04-24 19:59:01,760 - mmseg - INFO - Iter [99050/160000]	lr: 5.952e-06, eta: 19:02:56, time: 0.924, data_time: 0.356, memory: 14490, decode.loss_seg: 0.0289, decode.acc_seg: 84.4149, aux.loss_seg: 0.0215, aux.acc_seg: 83.3821, loss: 0.0504
2026-04-24 19:59:49,364 - mmseg - INFO - Iter [99100/160000]	lr: 5.947e-06, eta: 19:01:53, time: 0.952, data_time: 0.358, memory: 14490, decode.loss_seg: 0.0296, decode.acc_seg: 84.3544, aux.loss_seg: 0.0231, aux.acc_seg: 83.2059, loss: 0.0527
2026-04-24 20:00:16,675 - mmseg - INFO - Iter [99150/160000]	lr: 5.943e-06, eta: 19:00:36, time: 0.546, data_time: 0.004, memory: 14490, decode.loss_seg: 0.0289, decode.acc_seg: 85.1492, aux.loss_seg: 0.0211, aux.acc_seg: 84.1379, loss: 0.0501
2026-04-24 20:01:03,266 - mmseg - INFO - Iter [99200/160000]	lr: 5.938e-06, eta: 18:59:33, time: 0.932, data_time: 0.386, memory: 14490, decode.loss_seg: 0.0287, decode.acc_seg: 84.6892, aux.loss_seg: 0.0214, aux.acc_seg: 83.6454, loss: 0.0501
2026-04-24 20:01:50,371 - mmseg - INFO - Iter [99250/160000]	lr: 5.933e-06, eta: 18:58:30, time: 0.942, data_time: 0.395, memory: 14490, decode.loss_seg: 0.0298, decode.acc_seg: 84.7352, aux.loss_seg: 0.0219, aux.acc_seg: 83.7003, loss: 0.0517
2026-04-24 20:02:17,696 - mmseg - INFO - Iter [99300/160000]	lr: 5.928e-06, eta: 18:57:12, time: 0.546, data_time: 0.004, memory: 14490, decode.loss_seg: 0.0293, decode.acc_seg: 84.6377, aux.loss_seg: 0.0215, aux.acc_seg: 83.6198, loss: 0.0508
2026-04-24 20:03:04,532 - mmseg - INFO - Iter [99350/160000]	lr: 5.923e-06, eta: 18:56:09, time: 0.937, data_time: 0.395, memory: 14490, decode.loss_seg: 0.0290, decode.acc_seg: 84.1381, aux.loss_seg: 0.0212, aux.acc_seg: 83.1209, loss: 0.0502
2026-04-24 20:03:51,130 - mmseg - INFO - Iter [99400/160000]	lr: 5.918e-06, eta: 18:55:06, time: 0.932, data_time: 0.370, memory: 14490, decode.loss_seg: 0.0294, decode.acc_seg: 85.7632, aux.loss_seg: 0.0214, aux.acc_seg: 84.7401, loss: 0.0508
2026-04-24 20:04:18,503 - mmseg - INFO - Iter [99450/160000]	lr: 5.913e-06, eta: 18:53:49, time: 0.547, data_time: 0.004, memory: 14490, decode.loss_seg: 0.0292, decode.acc_seg: 84.2741, aux.loss_seg: 0.0214, aux.acc_seg: 83.2578, loss: 0.0506
2026-04-24 20:05:05,388 - mmseg - INFO - Iter [99500/160000]	lr: 5.908e-06, eta: 18:52:46, time: 0.938, data_time: 0.368, memory: 14490, decode.loss_seg: 0.0292, decode.acc_seg: 84.6217, aux.loss_seg: 0.0215, aux.acc_seg: 83.5761, loss: 0.0507
2026-04-24 20:05:51,501 - mmseg - INFO - Iter [99550/160000]	lr: 5.903e-06, eta: 18:51:43, time: 0.922, data_time: 0.340, memory: 14490, decode.loss_seg: 0.0294, decode.acc_seg: 85.5865, aux.loss_seg: 0.0214, aux.acc_seg: 84.5812, loss: 0.0508
2026-04-24 20:06:18,843 - mmseg - INFO - Iter [99600/160000]	lr: 5.899e-06, eta: 18:50:26, time: 0.547, data_time: 0.004, memory: 14490, decode.loss_seg: 0.0297, decode.acc_seg: 84.4703, aux.loss_seg: 0.0212, aux.acc_seg: 83.4709, loss: 0.0509
2026-04-24 20:07:06,800 - mmseg - INFO - Iter [99650/160000]	lr: 5.894e-06, eta: 18:49:24, time: 0.959, data_time: 0.325, memory: 14490, decode.loss_seg: 0.0292, decode.acc_seg: 83.6113, aux.loss_seg: 0.0217, aux.acc_seg: 82.5569, loss: 0.0509
2026-04-24 20:07:52,787 - mmseg - INFO - Iter [99700/160000]	lr: 5.889e-06, eta: 18:48:20, time: 0.920, data_time: 0.353, memory: 14490, decode.loss_seg: 0.0304, decode.acc_seg: 84.9127, aux.loss_seg: 0.0230, aux.acc_seg: 83.7926, loss: 0.0534
2026-04-24 20:08:20,057 - mmseg - INFO - Iter [99750/160000]	lr: 5.884e-06, eta: 18:47:03, time: 0.545, data_time: 0.004, memory: 14490, decode.loss_seg: 0.0296, decode.acc_seg: 84.5503, aux.loss_seg: 0.0215, aux.acc_seg: 83.5359, loss: 0.0511
2026-04-24 20:09:06,280 - mmseg - INFO - Iter [99800/160000]	lr: 5.879e-06, eta: 18:46:00, time: 0.925, data_time: 0.368, memory: 14490, decode.loss_seg: 0.0294, decode.acc_seg: 84.5893, aux.loss_seg: 0.0214, aux.acc_seg: 83.5672, loss: 0.0508
2026-04-24 20:09:33,532 - mmseg - INFO - Iter [99850/160000]	lr: 5.874e-06, eta: 18:44:43, time: 0.545, data_time: 0.004, memory: 14490, decode.loss_seg: 0.0300, decode.acc_seg: 84.7193, aux.loss_seg: 0.0218, aux.acc_seg: 83.7092, loss: 0.0518
2026-04-24 20:10:20,342 - mmseg - INFO - Iter [99900/160000]	lr: 5.869e-06, eta: 18:43:41, time: 0.936, data_time: 0.388, memory: 14490, decode.loss_seg: 0.0305, decode.acc_seg: 84.7656, aux.loss_seg: 0.0221, aux.acc_seg: 83.7250, loss: 0.0526
2026-04-24 20:11:07,615 - mmseg - INFO - Iter [99950/160000]	lr: 5.864e-06, eta: 18:42:38, time: 0.945, data_time: 0.363, memory: 14490, decode.loss_seg: 0.0296, decode.acc_seg: 85.2290, aux.loss_seg: 0.0215, aux.acc_seg: 84.2183, loss: 0.0511
2026-04-24 20:11:47,898 - mmseg - INFO - per class results:
2026-04-24 20:11:47,899 - mmseg - INFO - 
+------------+-------+-------+
| Class      | IoU   | Acc   |
+------------+-------+-------+
| housing    | 96.34 | 98.09 |
| industrial | 96.14 | 98.11 |
| natural    | 92.75 | 94.98 |
| land_use   | 85.76 | 89.85 |
| water      | 96.07 | 98.53 |
| other      | 98.86 | 99.53 |
+------------+-------+-------+
2026-04-24 20:11:47,899 - mmseg - INFO - Summary:
2026-04-24 20:11:47,899 - mmseg - INFO - 
+--------+-------+-------+-------+
| Scope  | mIoU  | mAcc  | aAcc  |
+--------+-------+-------+-------+
| global | 94.32 | 96.52 | 97.59 |
+--------+-------+-------+-------+
2026-04-24 20:11:47,939 - mmseg - INFO - Exp name: pixel_upernet_itpn_large_12_512_slide_160k_air_polarsar2_amp_linux.py
2026-04-24 20:11:47,939 - mmseg - INFO - Iter [100000/160000]	lr: 5.860e-06, eta: 18:49:08, time: 13.601, data_time: 0.000, memory: 14490, mIoU: 0.9432, mAcc: 0.9652, aAcc: 0.9759
2026-04-24 20:12:34,785 - mmseg - INFO - Iter [100050/160000]	lr: 5.855e-06, eta: 18:48:04, time: 0.937, data_time: 0.396, memory: 14490, decode.loss_seg: 0.0284, decode.acc_seg: 82.3195, aux.loss_seg: 0.0211, aux.acc_seg: 81.2754, loss: 0.0495
2026-04-24 20:13:20,327 - mmseg - INFO - Iter [100100/160000]	lr: 5.850e-06, eta: 18:47:00, time: 0.911, data_time: 0.332, memory: 14490, decode.loss_seg: 0.0297, decode.acc_seg: 84.9047, aux.loss_seg: 0.0229, aux.acc_seg: 83.7216, loss: 0.0526
2026-04-24 20:13:47,486 - mmseg - INFO - Iter [100150/160000]	lr: 5.845e-06, eta: 18:45:43, time: 0.543, data_time: 0.004, memory: 14490, decode.loss_seg: 0.0296, decode.acc_seg: 83.9457, aux.loss_seg: 0.0218, aux.acc_seg: 82.9197, loss: 0.0514
2026-04-24 20:14:34,422 - mmseg - INFO - Iter [100200/160000]	lr: 5.840e-06, eta: 18:44:40, time: 0.939, data_time: 0.384, memory: 14490, decode.loss_seg: 0.0289, decode.acc_seg: 84.7195, aux.loss_seg: 0.0210, aux.acc_seg: 83.7125, loss: 0.0499
2026-04-24 20:15:21,866 - mmseg - INFO - Iter [100250/160000]	lr: 5.835e-06, eta: 18:43:37, time: 0.949, data_time: 0.375, memory: 14490, decode.loss_seg: 0.0285, decode.acc_seg: 85.1336, aux.loss_seg: 0.0208, aux.acc_seg: 84.1290, loss: 0.0493
2026-04-24 20:15:49,107 - mmseg - INFO - Iter [100300/160000]	lr: 5.830e-06, eta: 18:42:20, time: 0.545, data_time: 0.004, memory: 14490, decode.loss_seg: 0.0285, decode.acc_seg: 84.4414, aux.loss_seg: 0.0212, aux.acc_seg: 83.4253, loss: 0.0497
2026-04-24 20:16:35,769 - mmseg - INFO - Iter [100350/160000]	lr: 5.825e-06, eta: 18:41:17, time: 0.933, data_time: 0.365, memory: 14490, decode.loss_seg: 0.0300, decode.acc_seg: 83.5453, aux.loss_seg: 0.0220, aux.acc_seg: 82.4810, loss: 0.0519
2026-04-24 20:17:22,828 - mmseg - INFO - Iter [100400/160000]	lr: 5.820e-06, eta: 18:40:14, time: 0.941, data_time: 0.366, memory: 14490, decode.loss_seg: 0.0294, decode.acc_seg: 84.8936, aux.loss_seg: 0.0220, aux.acc_seg: 83.7803, loss: 0.0515
2026-04-24 20:17:50,015 - mmseg - INFO - Iter [100450/160000]	lr: 5.816e-06, eta: 18:38:57, time: 0.544, data_time: 0.004, memory: 14490, decode.loss_seg: 0.0290, decode.acc_seg: 83.9667, aux.loss_seg: 0.0215, aux.acc_seg: 82.9149, loss: 0.0505
2026-04-24 20:18:37,042 - mmseg - INFO - Iter [100500/160000]	lr: 5.811e-06, eta: 18:37:54, time: 0.940, data_time: 0.387, memory: 14490, decode.loss_seg: 0.0307, decode.acc_seg: 84.0804, aux.loss_seg: 0.0225, aux.acc_seg: 83.0112, loss: 0.0532
2026-04-24 20:19:23,371 - mmseg - INFO - Iter [100550/160000]	lr: 5.806e-06, eta: 18:36:50, time: 0.927, data_time: 0.329, memory: 14490, decode.loss_seg: 0.0295, decode.acc_seg: 85.2582, aux.loss_seg: 0.0214, aux.acc_seg: 84.2536, loss: 0.0510
2026-04-24 20:19:50,561 - mmseg - INFO - Iter [100600/160000]	lr: 5.801e-06, eta: 18:35:33, time: 0.544, data_time: 0.004, memory: 14490, decode.loss_seg: 0.0297, decode.acc_seg: 85.1821, aux.loss_seg: 0.0216, aux.acc_seg: 84.1595, loss: 0.0513
2026-04-24 20:20:37,814 - mmseg - INFO - Iter [100650/160000]	lr: 5.796e-06, eta: 18:34:31, time: 0.945, data_time: 0.365, memory: 14490, decode.loss_seg: 0.0289, decode.acc_seg: 86.3479, aux.loss_seg: 0.0210, aux.acc_seg: 85.3529, loss: 0.0500
2026-04-24 20:21:04,931 - mmseg - INFO - Iter [100700/160000]	lr: 5.791e-06, eta: 18:33:14, time: 0.542, data_time: 0.005, memory: 14490, decode.loss_seg: 0.0294, decode.acc_seg: 84.6129, aux.loss_seg: 0.0214, aux.acc_seg: 83.5978, loss: 0.0508
2026-04-24 20:21:52,259 - mmseg - INFO - Iter [100750/160000]	lr: 5.786e-06, eta: 18:32:11, time: 0.947, data_time: 0.352, memory: 14490, decode.loss_seg: 0.0295, decode.acc_seg: 84.3759, aux.loss_seg: 0.0233, aux.acc_seg: 83.1908, loss: 0.0528
2026-04-24 20:22:39,499 - mmseg - INFO - Iter [100800/160000]	lr: 5.781e-06, eta: 18:31:09, time: 0.945, data_time: 0.380, memory: 14490, decode.loss_seg: 0.0313, decode.acc_seg: 83.5860, aux.loss_seg: 0.0227, aux.acc_seg: 82.5164, loss: 0.0540
2026-04-24 20:23:06,681 - mmseg - INFO - Iter [100850/160000]	lr: 5.777e-06, eta: 18:29:52, time: 0.544, data_time: 0.006, memory: 14490, decode.loss_seg: 0.0299, decode.acc_seg: 85.1612, aux.loss_seg: 0.0217, aux.acc_seg: 84.1297, loss: 0.0517
2026-04-24 20:23:53,294 - mmseg - INFO - Iter [100900/160000]	lr: 5.772e-06, eta: 18:28:49, time: 0.932, data_time: 0.346, memory: 14490, decode.loss_seg: 0.0289, decode.acc_seg: 84.2716, aux.loss_seg: 0.0213, aux.acc_seg: 83.2378, loss: 0.0503
2026-04-24 20:24:40,334 - mmseg - INFO - Iter [100950/160000]	lr: 5.767e-06, eta: 18:27:46, time: 0.941, data_time: 0.403, memory: 14490, decode.loss_seg: 0.0297, decode.acc_seg: 83.8952, aux.loss_seg: 0.0218, aux.acc_seg: 82.8581, loss: 0.0514
2026-04-24 20:25:07,532 - mmseg - INFO - Exp name: pixel_upernet_itpn_large_12_512_slide_160k_air_polarsar2_amp_linux.py
2026-04-24 20:25:07,533 - mmseg - INFO - Iter [101000/160000]	lr: 5.762e-06, eta: 18:26:30, time: 0.544, data_time: 0.005, memory: 14490, decode.loss_seg: 0.0294, decode.acc_seg: 84.8514, aux.loss_seg: 0.0221, aux.acc_seg: 83.7731, loss: 0.0515
2026-04-24 20:25:54,648 - mmseg - INFO - Iter [101050/160000]	lr: 5.757e-06, eta: 18:25:27, time: 0.942, data_time: 0.375, memory: 14490, decode.loss_seg: 0.0296, decode.acc_seg: 84.2675, aux.loss_seg: 0.0216, aux.acc_seg: 83.2462, loss: 0.0512
2026-04-24 20:26:41,527 - mmseg - INFO - Iter [101100/160000]	lr: 5.752e-06, eta: 18:24:24, time: 0.938, data_time: 0.382, memory: 14490, decode.loss_seg: 0.0291, decode.acc_seg: 85.3752, aux.loss_seg: 0.0209, aux.acc_seg: 84.3981, loss: 0.0500
2026-04-24 20:27:08,684 - mmseg - INFO - Iter [101150/160000]	lr: 5.747e-06, eta: 18:23:08, time: 0.543, data_time: 0.005, memory: 14490, decode.loss_seg: 0.0290, decode.acc_seg: 84.2588, aux.loss_seg: 0.0212, aux.acc_seg: 83.2365, loss: 0.0502
2026-04-24 20:27:55,221 - mmseg - INFO - Iter [101200/160000]	lr: 5.742e-06, eta: 18:22:05, time: 0.931, data_time: 0.389, memory: 14490, decode.loss_seg: 0.0292, decode.acc_seg: 84.1074, aux.loss_seg: 0.0213, aux.acc_seg: 83.0976, loss: 0.0505
2026-04-24 20:28:41,306 - mmseg - INFO - Iter [101250/160000]	lr: 5.737e-06, eta: 18:21:02, time: 0.922, data_time: 0.357, memory: 14490, decode.loss_seg: 0.0285, decode.acc_seg: 84.5083, aux.loss_seg: 0.0210, aux.acc_seg: 83.5006, loss: 0.0495
2026-04-24 20:29:08,447 - mmseg - INFO - Iter [101300/160000]	lr: 5.733e-06, eta: 18:19:46, time: 0.543, data_time: 0.005, memory: 14490, decode.loss_seg: 0.0290, decode.acc_seg: 84.1817, aux.loss_seg: 0.0214, aux.acc_seg: 83.1631, loss: 0.0504
2026-04-24 20:29:55,522 - mmseg - INFO - Iter [101350/160000]	lr: 5.728e-06, eta: 18:18:43, time: 0.941, data_time: 0.377, memory: 14490, decode.loss_seg: 0.0291, decode.acc_seg: 85.0304, aux.loss_seg: 0.0214, aux.acc_seg: 84.0161, loss: 0.0505
2026-04-24 20:30:41,337 - mmseg - INFO - Iter [101400/160000]	lr: 5.723e-06, eta: 18:17:40, time: 0.916, data_time: 0.344, memory: 14490, decode.loss_seg: 0.0284, decode.acc_seg: 85.1167, aux.loss_seg: 0.0208, aux.acc_seg: 84.1232, loss: 0.0492
2026-04-24 20:31:08,537 - mmseg - INFO - Iter [101450/160000]	lr: 5.718e-06, eta: 18:16:24, time: 0.544, data_time: 0.005, memory: 14490, decode.loss_seg: 0.0297, decode.acc_seg: 85.3120, aux.loss_seg: 0.0215, aux.acc_seg: 84.2908, loss: 0.0512
2026-04-24 20:31:56,184 - mmseg - INFO - Iter [101500/160000]	lr: 5.713e-06, eta: 18:15:22, time: 0.953, data_time: 0.362, memory: 14490, decode.loss_seg: 0.0291, decode.acc_seg: 85.7096, aux.loss_seg: 0.0220, aux.acc_seg: 84.5632, loss: 0.0512
2026-04-24 20:32:43,208 - mmseg - INFO - Iter [101550/160000]	lr: 5.708e-06, eta: 18:14:19, time: 0.940, data_time: 0.381, memory: 14490, decode.loss_seg: 0.0297, decode.acc_seg: 85.0223, aux.loss_seg: 0.0225, aux.acc_seg: 83.8272, loss: 0.0522
2026-04-24 20:33:10,430 - mmseg - INFO - Iter [101600/160000]	lr: 5.703e-06, eta: 18:13:04, time: 0.545, data_time: 0.006, memory: 14490, decode.loss_seg: 0.0288, decode.acc_seg: 85.7208, aux.loss_seg: 0.0209, aux.acc_seg: 84.7329, loss: 0.0497
2026-04-24 20:33:57,833 - mmseg - INFO - Iter [101650/160000]	lr: 5.698e-06, eta: 18:12:01, time: 0.948, data_time: 0.389, memory: 14490, decode.loss_seg: 0.0302, decode.acc_seg: 84.9960, aux.loss_seg: 0.0244, aux.acc_seg: 83.8374, loss: 0.0546
2026-04-24 20:34:24,991 - mmseg - INFO - Iter [101700/160000]	lr: 5.694e-06, eta: 18:10:46, time: 0.543, data_time: 0.005, memory: 14490, decode.loss_seg: 0.0283, decode.acc_seg: 85.5488, aux.loss_seg: 0.0208, aux.acc_seg: 84.5461, loss: 0.0491
2026-04-24 20:35:12,403 - mmseg - INFO - Iter [101750/160000]	lr: 5.689e-06, eta: 18:09:43, time: 0.948, data_time: 0.405, memory: 14490, decode.loss_seg: 0.0289, decode.acc_seg: 85.1407, aux.loss_seg: 0.0211, aux.acc_seg: 84.1452, loss: 0.0500
2026-04-24 20:35:58,923 - mmseg - INFO - Iter [101800/160000]	lr: 5.684e-06, eta: 18:08:41, time: 0.930, data_time: 0.368, memory: 14490, decode.loss_seg: 0.0287, decode.acc_seg: 84.0502, aux.loss_seg: 0.0221, aux.acc_seg: 82.9203, loss: 0.0508
2026-04-24 20:36:26,063 - mmseg - INFO - Iter [101850/160000]	lr: 5.679e-06, eta: 18:07:25, time: 0.543, data_time: 0.005, memory: 14490, decode.loss_seg: 0.0292, decode.acc_seg: 84.3560, aux.loss_seg: 0.0230, aux.acc_seg: 83.2102, loss: 0.0521
2026-04-24 20:37:13,170 - mmseg - INFO - Iter [101900/160000]	lr: 5.674e-06, eta: 18:06:23, time: 0.942, data_time: 0.364, memory: 14490, decode.loss_seg: 0.0278, decode.acc_seg: 84.2814, aux.loss_seg: 0.0206, aux.acc_seg: 83.2678, loss: 0.0484
2026-04-24 20:37:59,437 - mmseg - INFO - Iter [101950/160000]	lr: 5.669e-06, eta: 18:05:20, time: 0.926, data_time: 0.370, memory: 14490, decode.loss_seg: 0.0287, decode.acc_seg: 84.7577, aux.loss_seg: 0.0215, aux.acc_seg: 83.7152, loss: 0.0502
2026-04-24 20:38:38,515 - mmseg - INFO - per class results:
2026-04-24 20:38:38,516 - mmseg - INFO - 
+------------+-------+-------+
| Class      | IoU   | Acc   |
+------------+-------+-------+
| housing    | 96.29 | 98.37 |
| industrial | 96.14 | 98.07 |
| natural    | 92.8  | 95.02 |
| land_use   | 85.37 | 88.77 |
| water      | 96.05 | 98.64 |
| other      | 98.78 | 99.55 |
+------------+-------+-------+
2026-04-24 20:38:38,516 - mmseg - INFO - Summary:
2026-04-24 20:38:38,516 - mmseg - INFO - 
+--------+-------+------+-------+
| Scope  | mIoU  | mAcc | aAcc  |
+--------+-------+------+-------+
| global | 94.24 | 96.4 | 97.57 |
+--------+-------+------+-------+
2026-04-24 20:38:38,539 - mmseg - INFO - Exp name: pixel_upernet_itpn_large_12_512_slide_160k_air_polarsar2_amp_linux.py
2026-04-24 20:38:38,539 - mmseg - INFO - Iter [102000/160000]	lr: 5.664e-06, eta: 18:10:46, time: 12.445, data_time: 0.000, memory: 14490, mIoU: 0.9424, mAcc: 0.9640, aAcc: 0.9757
2026-04-24 20:39:25,396 - mmseg - INFO - Iter [102050/160000]	lr: 5.659e-06, eta: 18:09:43, time: 0.937, data_time: 0.380, memory: 14490, decode.loss_seg: 0.0290, decode.acc_seg: 83.9239, aux.loss_seg: 0.0216, aux.acc_seg: 82.8882, loss: 0.0506
2026-04-24 20:40:11,461 - mmseg - INFO - Iter [102100/160000]	lr: 5.654e-06, eta: 18:08:40, time: 0.921, data_time: 0.354, memory: 14490, decode.loss_seg: 0.0285, decode.acc_seg: 85.4216, aux.loss_seg: 0.0207, aux.acc_seg: 84.4376, loss: 0.0493
2026-04-24 20:40:38,685 - mmseg - INFO - Iter [102150/160000]	lr: 5.650e-06, eta: 18:07:24, time: 0.544, data_time: 0.005, memory: 14490, decode.loss_seg: 0.0290, decode.acc_seg: 85.4540, aux.loss_seg: 0.0218, aux.acc_seg: 84.3734, loss: 0.0508
2026-04-24 20:41:25,653 - mmseg - INFO - Iter [102200/160000]	lr: 5.645e-06, eta: 18:06:21, time: 0.939, data_time: 0.365, memory: 14490, decode.loss_seg: 0.0290, decode.acc_seg: 84.5409, aux.loss_seg: 0.0213, aux.acc_seg: 83.5079, loss: 0.0502
2026-04-24 20:42:12,828 - mmseg - INFO - Iter [102250/160000]	lr: 5.640e-06, eta: 18:05:18, time: 0.944, data_time: 0.363, memory: 14490, decode.loss_seg: 0.0283, decode.acc_seg: 84.2985, aux.loss_seg: 0.0207, aux.acc_seg: 83.3286, loss: 0.0490
2026-04-24 20:42:40,006 - mmseg - INFO - Iter [102300/160000]	lr: 5.635e-06, eta: 18:04:03, time: 0.543, data_time: 0.005, memory: 14490, decode.loss_seg: 0.0288, decode.acc_seg: 84.2458, aux.loss_seg: 0.0216, aux.acc_seg: 83.1986, loss: 0.0504
2026-04-24 20:43:26,080 - mmseg - INFO - Iter [102350/160000]	lr: 5.630e-06, eta: 18:02:59, time: 0.921, data_time: 0.380, memory: 14490, decode.loss_seg: 0.0272, decode.acc_seg: 82.3000, aux.loss_seg: 0.0206, aux.acc_seg: 81.2461, loss: 0.0478
2026-04-24 20:44:13,119 - mmseg - INFO - Iter [102400/160000]	lr: 5.625e-06, eta: 18:01:57, time: 0.941, data_time: 0.355, memory: 14490, decode.loss_seg: 0.0296, decode.acc_seg: 85.4604, aux.loss_seg: 0.0216, aux.acc_seg: 84.4301, loss: 0.0511
2026-04-24 20:44:40,302 - mmseg - INFO - Iter [102450/160000]	lr: 5.620e-06, eta: 18:00:41, time: 0.544, data_time: 0.005, memory: 14490, decode.loss_seg: 0.0273, decode.acc_seg: 84.3634, aux.loss_seg: 0.0201, aux.acc_seg: 83.3883, loss: 0.0475
2026-04-24 20:45:26,920 - mmseg - INFO - Iter [102500/160000]	lr: 5.615e-06, eta: 17:59:38, time: 0.932, data_time: 0.348, memory: 14490, decode.loss_seg: 0.0295, decode.acc_seg: 85.4109, aux.loss_seg: 0.0219, aux.acc_seg: 84.3486, loss: 0.0514
2026-04-24 20:46:14,012 - mmseg - INFO - Iter [102550/160000]	lr: 5.610e-06, eta: 17:58:36, time: 0.942, data_time: 0.346, memory: 14490, decode.loss_seg: 0.0287, decode.acc_seg: 85.7342, aux.loss_seg: 0.0211, aux.acc_seg: 84.7266, loss: 0.0498
2026-04-24 20:46:41,230 - mmseg - INFO - Iter [102600/160000]	lr: 5.606e-06, eta: 17:57:20, time: 0.544, data_time: 0.004, memory: 14490, decode.loss_seg: 0.0290, decode.acc_seg: 84.0148, aux.loss_seg: 0.0223, aux.acc_seg: 82.8864, loss: 0.0513
2026-04-24 20:47:28,215 - mmseg - INFO - Iter [102650/160000]	lr: 5.601e-06, eta: 17:56:18, time: 0.940, data_time: 0.370, memory: 14490, decode.loss_seg: 0.0278, decode.acc_seg: 84.1445, aux.loss_seg: 0.0210, aux.acc_seg: 83.1274, loss: 0.0488
2026-04-24 20:47:55,416 - mmseg - INFO - Iter [102700/160000]	lr: 5.596e-06, eta: 17:55:02, time: 0.544, data_time: 0.005, memory: 14490, decode.loss_seg: 0.0292, decode.acc_seg: 86.4706, aux.loss_seg: 0.0219, aux.acc_seg: 85.3987, loss: 0.0511
2026-04-24 20:48:41,529 - mmseg - INFO - Iter [102750/160000]	lr: 5.591e-06, eta: 17:53:59, time: 0.922, data_time: 0.368, memory: 14490, decode.loss_seg: 0.0290, decode.acc_seg: 83.1257, aux.loss_seg: 0.0217, aux.acc_seg: 82.0659, loss: 0.0507
2026-04-24 20:49:28,952 - mmseg - INFO - Iter [102800/160000]	lr: 5.586e-06, eta: 17:52:57, time: 0.948, data_time: 0.362, memory: 14490, decode.loss_seg: 0.0287, decode.acc_seg: 85.0913, aux.loss_seg: 0.0211, aux.acc_seg: 84.0789, loss: 0.0498
2026-04-24 20:49:56,137 - mmseg - INFO - Iter [102850/160000]	lr: 5.581e-06, eta: 17:51:42, time: 0.544, data_time: 0.005, memory: 14490, decode.loss_seg: 0.0285, decode.acc_seg: 85.9294, aux.loss_seg: 0.0207, aux.acc_seg: 84.9437, loss: 0.0492
2026-04-24 20:50:42,919 - mmseg - INFO - Iter [102900/160000]	lr: 5.576e-06, eta: 17:50:39, time: 0.936, data_time: 0.370, memory: 14490, decode.loss_seg: 0.0284, decode.acc_seg: 85.3608, aux.loss_seg: 0.0207, aux.acc_seg: 84.3635, loss: 0.0491
2026-04-24 20:51:29,880 - mmseg - INFO - Iter [102950/160000]	lr: 5.571e-06, eta: 17:49:37, time: 0.939, data_time: 0.389, memory: 14490, decode.loss_seg: 0.0293, decode.acc_seg: 85.3086, aux.loss_seg: 0.0215, aux.acc_seg: 84.2735, loss: 0.0508
2026-04-24 20:51:57,196 - mmseg - INFO - Exp name: pixel_upernet_itpn_large_12_512_slide_160k_air_polarsar2_amp_linux.py
2026-04-24 20:51:57,196 - mmseg - INFO - Iter [103000/160000]	lr: 5.567e-06, eta: 17:48:21, time: 0.546, data_time: 0.005, memory: 14490, decode.loss_seg: 0.0285, decode.acc_seg: 84.9064, aux.loss_seg: 0.0209, aux.acc_seg: 83.9121, loss: 0.0494
2026-04-24 20:52:44,634 - mmseg - INFO - Iter [103050/160000]	lr: 5.562e-06, eta: 17:47:20, time: 0.949, data_time: 0.393, memory: 14490, decode.loss_seg: 0.0290, decode.acc_seg: 84.7505, aux.loss_seg: 0.0216, aux.acc_seg: 83.6864, loss: 0.0506
2026-04-24 20:53:31,159 - mmseg - INFO - Iter [103100/160000]	lr: 5.557e-06, eta: 17:46:17, time: 0.930, data_time: 0.387, memory: 14490, decode.loss_seg: 0.0290, decode.acc_seg: 85.0559, aux.loss_seg: 0.0228, aux.acc_seg: 83.9420, loss: 0.0518
2026-04-24 20:53:58,379 - mmseg - INFO - Iter [103150/160000]	lr: 5.552e-06, eta: 17:45:02, time: 0.545, data_time: 0.005, memory: 14490, decode.loss_seg: 0.0292, decode.acc_seg: 84.3319, aux.loss_seg: 0.0218, aux.acc_seg: 83.2983, loss: 0.0510
2026-04-24 20:54:45,729 - mmseg - INFO - Iter [103200/160000]	lr: 5.547e-06, eta: 17:44:00, time: 0.947, data_time: 0.329, memory: 14490, decode.loss_seg: 0.0287, decode.acc_seg: 85.3966, aux.loss_seg: 0.0210, aux.acc_seg: 84.4031, loss: 0.0497
2026-04-24 20:55:33,380 - mmseg - INFO - Iter [103250/160000]	lr: 5.542e-06, eta: 17:42:58, time: 0.953, data_time: 0.380, memory: 14490, decode.loss_seg: 0.0295, decode.acc_seg: 85.2754, aux.loss_seg: 0.0215, aux.acc_seg: 84.2637, loss: 0.0510
2026-04-24 20:56:00,473 - mmseg - INFO - Iter [103300/160000]	lr: 5.537e-06, eta: 17:41:43, time: 0.542, data_time: 0.005, memory: 14490, decode.loss_seg: 0.0290, decode.acc_seg: 84.3818, aux.loss_seg: 0.0212, aux.acc_seg: 83.3508, loss: 0.0502
2026-04-24 20:56:47,842 - mmseg - INFO - Iter [103350/160000]	lr: 5.532e-06, eta: 17:40:41, time: 0.947, data_time: 0.329, memory: 14490, decode.loss_seg: 0.0290, decode.acc_seg: 84.3369, aux.loss_seg: 0.0214, aux.acc_seg: 83.2901, loss: 0.0504
2026-04-24 20:57:34,750 - mmseg - INFO - Iter [103400/160000]	lr: 5.527e-06, eta: 17:39:39, time: 0.938, data_time: 0.399, memory: 14490, decode.loss_seg: 0.0280, decode.acc_seg: 84.9325, aux.loss_seg: 0.0207, aux.acc_seg: 83.9251, loss: 0.0487
2026-04-24 20:58:01,981 - mmseg - INFO - Iter [103450/160000]	lr: 5.523e-06, eta: 17:38:24, time: 0.545, data_time: 0.004, memory: 14490, decode.loss_seg: 0.0287, decode.acc_seg: 85.7483, aux.loss_seg: 0.0208, aux.acc_seg: 84.7676, loss: 0.0495
2026-04-24 20:58:48,848 - mmseg - INFO - Iter [103500/160000]	lr: 5.518e-06, eta: 17:37:22, time: 0.937, data_time: 0.356, memory: 14490, decode.loss_seg: 0.0286, decode.acc_seg: 85.0009, aux.loss_seg: 0.0212, aux.acc_seg: 83.9680, loss: 0.0498
2026-04-24 20:59:35,543 - mmseg - INFO - Iter [103550/160000]	lr: 5.513e-06, eta: 17:36:20, time: 0.934, data_time: 0.370, memory: 14490, decode.loss_seg: 0.0281, decode.acc_seg: 84.1473, aux.loss_seg: 0.0219, aux.acc_seg: 82.9562, loss: 0.0500
2026-04-24 21:00:02,700 - mmseg - INFO - Iter [103600/160000]	lr: 5.508e-06, eta: 17:35:05, time: 0.543, data_time: 0.005, memory: 14490, decode.loss_seg: 0.0291, decode.acc_seg: 85.0439, aux.loss_seg: 0.0216, aux.acc_seg: 83.9818, loss: 0.0507
2026-04-24 21:00:49,731 - mmseg - INFO - Iter [103650/160000]	lr: 5.503e-06, eta: 17:34:03, time: 0.940, data_time: 0.346, memory: 14490, decode.loss_seg: 0.0277, decode.acc_seg: 84.3486, aux.loss_seg: 0.0220, aux.acc_seg: 83.1716, loss: 0.0496
2026-04-24 21:01:16,950 - mmseg - INFO - Iter [103700/160000]	lr: 5.498e-06, eta: 17:32:48, time: 0.545, data_time: 0.005, memory: 14490, decode.loss_seg: 0.0287, decode.acc_seg: 84.5791, aux.loss_seg: 0.0212, aux.acc_seg: 83.5723, loss: 0.0498
2026-04-24 21:02:03,989 - mmseg - INFO - Iter [103750/160000]	lr: 5.493e-06, eta: 17:31:46, time: 0.941, data_time: 0.369, memory: 14490, decode.loss_seg: 0.0285, decode.acc_seg: 84.7269, aux.loss_seg: 0.0211, aux.acc_seg: 83.7018, loss: 0.0496
2026-04-24 21:02:51,133 - mmseg - INFO - Iter [103800/160000]	lr: 5.488e-06, eta: 17:30:45, time: 0.943, data_time: 0.368, memory: 14490, decode.loss_seg: 0.0280, decode.acc_seg: 83.5937, aux.loss_seg: 0.0206, aux.acc_seg: 82.5951, loss: 0.0486
2026-04-24 21:03:18,387 - mmseg - INFO - Iter [103850/160000]	lr: 5.484e-06, eta: 17:29:30, time: 0.545, data_time: 0.005, memory: 14490, decode.loss_seg: 0.0289, decode.acc_seg: 84.0287, aux.loss_seg: 0.0217, aux.acc_seg: 82.9710, loss: 0.0505
2026-04-24 21:04:05,582 - mmseg - INFO - Iter [103900/160000]	lr: 5.479e-06, eta: 17:28:28, time: 0.944, data_time: 0.359, memory: 14490, decode.loss_seg: 0.0283, decode.acc_seg: 84.3471, aux.loss_seg: 0.0212, aux.acc_seg: 83.3249, loss: 0.0494
2026-04-24 21:04:52,389 - mmseg - INFO - Iter [103950/160000]	lr: 5.474e-06, eta: 17:27:26, time: 0.936, data_time: 0.393, memory: 14490, decode.loss_seg: 0.0289, decode.acc_seg: 85.3365, aux.loss_seg: 0.0217, aux.acc_seg: 84.2838, loss: 0.0506
2026-04-24 21:05:31,571 - mmseg - INFO - per class results:
2026-04-24 21:05:31,572 - mmseg - INFO - 
+------------+-------+-------+
| Class      | IoU   | Acc   |
+------------+-------+-------+
| housing    | 96.29 | 98.07 |
| industrial | 96.24 | 98.17 |
| natural    | 92.94 | 95.39 |
| land_use   | 85.85 | 89.78 |
| water      | 96.15 | 98.57 |
| other      | 98.86 | 99.51 |
+------------+-------+-------+
2026-04-24 21:05:31,572 - mmseg - INFO - Summary:
2026-04-24 21:05:31,572 - mmseg - INFO - 
+--------+-------+-------+-------+
| Scope  | mIoU  | mAcc  | aAcc  |
+--------+-------+-------+-------+
| global | 94.39 | 96.58 | 97.63 |
+--------+-------+-------+-------+
2026-04-24 21:05:31,597 - mmseg - INFO - Exp name: pixel_upernet_itpn_large_12_512_slide_160k_air_polarsar2_amp_linux.py
2026-04-24 21:05:31,598 - mmseg - INFO - Iter [104000/160000]	lr: 5.469e-06, eta: 17:32:33, time: 12.516, data_time: 0.000, memory: 14490, mIoU: 0.9439, mAcc: 0.9658, aAcc: 0.9763
2026-04-24 21:06:17,149 - mmseg - INFO - Iter [104050/160000]	lr: 5.464e-06, eta: 17:31:29, time: 0.911, data_time: 0.349, memory: 14490, decode.loss_seg: 0.0290, decode.acc_seg: 84.8575, aux.loss_seg: 0.0229, aux.acc_seg: 83.7015, loss: 0.0519
2026-04-24 21:07:03,605 - mmseg - INFO - Iter [104100/160000]	lr: 5.459e-06, eta: 17:30:27, time: 0.929, data_time: 0.360, memory: 14490, decode.loss_seg: 0.0283, decode.acc_seg: 84.7488, aux.loss_seg: 0.0211, aux.acc_seg: 83.7218, loss: 0.0494
2026-04-24 21:07:30,819 - mmseg - INFO - Iter [104150/160000]	lr: 5.454e-06, eta: 17:29:12, time: 0.544, data_time: 0.004, memory: 14490, decode.loss_seg: 0.0287, decode.acc_seg: 85.4333, aux.loss_seg: 0.0211, aux.acc_seg: 84.4446, loss: 0.0498
2026-04-24 21:08:17,629 - mmseg - INFO - Iter [104200/160000]	lr: 5.449e-06, eta: 17:28:10, time: 0.936, data_time: 0.366, memory: 14490, decode.loss_seg: 0.0272, decode.acc_seg: 83.8505, aux.loss_seg: 0.0205, aux.acc_seg: 82.8151, loss: 0.0478
2026-04-24 21:09:04,052 - mmseg - INFO - Iter [104250/160000]	lr: 5.444e-06, eta: 17:27:07, time: 0.929, data_time: 0.367, memory: 14490, decode.loss_seg: 0.0286, decode.acc_seg: 84.6713, aux.loss_seg: 0.0212, aux.acc_seg: 83.6353, loss: 0.0497
2026-04-24 21:09:31,271 - mmseg - INFO - Iter [104300/160000]	lr: 5.440e-06, eta: 17:25:52, time: 0.544, data_time: 0.005, memory: 14490, decode.loss_seg: 0.0284, decode.acc_seg: 84.7768, aux.loss_seg: 0.0212, aux.acc_seg: 83.7340, loss: 0.0496
2026-04-24 21:10:18,848 - mmseg - INFO - Iter [104350/160000]	lr: 5.435e-06, eta: 17:24:50, time: 0.951, data_time: 0.342, memory: 14490, decode.loss_seg: 0.0278, decode.acc_seg: 85.5521, aux.loss_seg: 0.0206, aux.acc_seg: 84.5477, loss: 0.0484
2026-04-24 21:11:05,027 - mmseg - INFO - Iter [104400/160000]	lr: 5.430e-06, eta: 17:23:48, time: 0.924, data_time: 0.359, memory: 14490, decode.loss_seg: 0.0285, decode.acc_seg: 84.4204, aux.loss_seg: 0.0214, aux.acc_seg: 83.3597, loss: 0.0499
2026-04-24 21:11:32,254 - mmseg - INFO - Iter [104450/160000]	lr: 5.425e-06, eta: 17:22:33, time: 0.544, data_time: 0.004, memory: 14490, decode.loss_seg: 0.0276, decode.acc_seg: 83.7785, aux.loss_seg: 0.0204, aux.acc_seg: 82.7771, loss: 0.0481
2026-04-24 21:12:19,082 - mmseg - INFO - Iter [104500/160000]	lr: 5.420e-06, eta: 17:21:31, time: 0.937, data_time: 0.374, memory: 14490, decode.loss_seg: 0.0285, decode.acc_seg: 84.8346, aux.loss_seg: 0.0209, aux.acc_seg: 83.8223, loss: 0.0494
2026-04-24 21:12:46,262 - mmseg - INFO - Iter [104550/160000]	lr: 5.415e-06, eta: 17:20:16, time: 0.544, data_time: 0.004, memory: 14490, decode.loss_seg: 0.0293, decode.acc_seg: 86.5178, aux.loss_seg: 0.0213, aux.acc_seg: 85.5052, loss: 0.0506
2026-04-24 21:13:33,017 - mmseg - INFO - Iter [104600/160000]	lr: 5.410e-06, eta: 17:19:14, time: 0.935, data_time: 0.360, memory: 14490, decode.loss_seg: 0.0283, decode.acc_seg: 85.5937, aux.loss_seg: 0.0217, aux.acc_seg: 84.4991, loss: 0.0500
2026-04-24 21:14:20,580 - mmseg - INFO - Iter [104650/160000]	lr: 5.405e-06, eta: 17:18:12, time: 0.952, data_time: 0.367, memory: 14490, decode.loss_seg: 0.0286, decode.acc_seg: 84.6515, aux.loss_seg: 0.0218, aux.acc_seg: 83.5121, loss: 0.0504
2026-04-24 21:14:47,766 - mmseg - INFO - Iter [104700/160000]	lr: 5.401e-06, eta: 17:16:58, time: 0.544, data_time: 0.003, memory: 14490, decode.loss_seg: 0.0287, decode.acc_seg: 84.3162, aux.loss_seg: 0.0210, aux.acc_seg: 83.3116, loss: 0.0496
2026-04-24 21:15:34,323 - mmseg - INFO - Iter [104750/160000]	lr: 5.396e-06, eta: 17:15:56, time: 0.931, data_time: 0.366, memory: 14490, decode.loss_seg: 0.0287, decode.acc_seg: 86.0396, aux.loss_seg: 0.0208, aux.acc_seg: 85.0740, loss: 0.0496
2026-04-24 21:16:21,311 - mmseg - INFO - Iter [104800/160000]	lr: 5.391e-06, eta: 17:14:54, time: 0.940, data_time: 0.400, memory: 14490, decode.loss_seg: 0.0285, decode.acc_seg: 84.5106, aux.loss_seg: 0.0208, aux.acc_seg: 83.5133, loss: 0.0493
2026-04-24 21:16:48,544 - mmseg - INFO - Iter [104850/160000]	lr: 5.386e-06, eta: 17:13:39, time: 0.544, data_time: 0.004, memory: 14490, decode.loss_seg: 0.0287, decode.acc_seg: 85.5390, aux.loss_seg: 0.0211, aux.acc_seg: 84.5178, loss: 0.0497
2026-04-24 21:17:36,270 - mmseg - INFO - Iter [104900/160000]	lr: 5.381e-06, eta: 17:12:38, time: 0.955, data_time: 0.340, memory: 14490, decode.loss_seg: 0.0288, decode.acc_seg: 84.9155, aux.loss_seg: 0.0230, aux.acc_seg: 83.7059, loss: 0.0519
2026-04-24 21:18:22,917 - mmseg - INFO - Iter [104950/160000]	lr: 5.376e-06, eta: 17:11:36, time: 0.933, data_time: 0.374, memory: 14490, decode.loss_seg: 0.0288, decode.acc_seg: 85.9711, aux.loss_seg: 0.0210, aux.acc_seg: 84.9864, loss: 0.0498
2026-04-24 21:18:50,146 - mmseg - INFO - Exp name: pixel_upernet_itpn_large_12_512_slide_160k_air_polarsar2_amp_linux.py
2026-04-24 21:18:50,146 - mmseg - INFO - Iter [105000/160000]	lr: 5.371e-06, eta: 17:10:22, time: 0.544, data_time: 0.004, memory: 14490, decode.loss_seg: 0.0288, decode.acc_seg: 85.7994, aux.loss_seg: 0.0213, aux.acc_seg: 84.7702, loss: 0.0500
2026-04-24 21:19:36,513 - mmseg - INFO - Iter [105050/160000]	lr: 5.366e-06, eta: 17:09:19, time: 0.928, data_time: 0.358, memory: 14490, decode.loss_seg: 0.0273, decode.acc_seg: 84.5600, aux.loss_seg: 0.0199, aux.acc_seg: 83.6053, loss: 0.0472
2026-04-24 21:20:23,388 - mmseg - INFO - Iter [105100/160000]	lr: 5.361e-06, eta: 17:08:17, time: 0.937, data_time: 0.335, memory: 14490, decode.loss_seg: 0.0283, decode.acc_seg: 85.0926, aux.loss_seg: 0.0208, aux.acc_seg: 84.1056, loss: 0.0491
2026-04-24 21:20:50,620 - mmseg - INFO - Iter [105150/160000]	lr: 5.357e-06, eta: 17:07:03, time: 0.545, data_time: 0.003, memory: 14490, decode.loss_seg: 0.0345, decode.acc_seg: 83.7970, aux.loss_seg: 0.0239, aux.acc_seg: 82.6793, loss: 0.0585
2026-04-24 21:21:36,750 - mmseg - INFO - Iter [105200/160000]	lr: 5.352e-06, eta: 17:06:01, time: 0.923, data_time: 0.381, memory: 14490, decode.loss_seg: 0.0305, decode.acc_seg: 84.8210, aux.loss_seg: 0.0215, aux.acc_seg: 83.8074, loss: 0.0520
2026-04-24 21:22:23,398 - mmseg - INFO - Iter [105250/160000]	lr: 5.347e-06, eta: 17:04:59, time: 0.933, data_time: 0.347, memory: 14490, decode.loss_seg: 0.0286, decode.acc_seg: 86.0116, aux.loss_seg: 0.0210, aux.acc_seg: 85.0098, loss: 0.0495
2026-04-24 21:22:50,682 - mmseg - INFO - Iter [105300/160000]	lr: 5.342e-06, eta: 17:03:45, time: 0.546, data_time: 0.005, memory: 14490, decode.loss_seg: 0.0283, decode.acc_seg: 85.5199, aux.loss_seg: 0.0206, aux.acc_seg: 84.5437, loss: 0.0489
2026-04-24 21:23:37,199 - mmseg - INFO - Iter [105350/160000]	lr: 5.337e-06, eta: 17:02:43, time: 0.930, data_time: 0.336, memory: 14490, decode.loss_seg: 0.0284, decode.acc_seg: 83.5315, aux.loss_seg: 0.0215, aux.acc_seg: 82.4699, loss: 0.0499
2026-04-24 21:24:24,151 - mmseg - INFO - Iter [105400/160000]	lr: 5.332e-06, eta: 17:01:41, time: 0.939, data_time: 0.382, memory: 14490, decode.loss_seg: 0.0288, decode.acc_seg: 84.6716, aux.loss_seg: 0.0212, aux.acc_seg: 83.6534, loss: 0.0499
2026-04-24 21:24:51,330 - mmseg - INFO - Iter [105450/160000]	lr: 5.327e-06, eta: 17:00:28, time: 0.543, data_time: 0.003, memory: 14490, decode.loss_seg: 0.0277, decode.acc_seg: 85.4447, aux.loss_seg: 0.0207, aux.acc_seg: 84.4293, loss: 0.0485
2026-04-24 21:25:38,147 - mmseg - INFO - Iter [105500/160000]	lr: 5.322e-06, eta: 16:59:26, time: 0.937, data_time: 0.378, memory: 14490, decode.loss_seg: 0.0292, decode.acc_seg: 85.0636, aux.loss_seg: 0.0214, aux.acc_seg: 84.0332, loss: 0.0506
2026-04-24 21:26:05,423 - mmseg - INFO - Iter [105550/160000]	lr: 5.318e-06, eta: 16:58:12, time: 0.546, data_time: 0.004, memory: 14490, decode.loss_seg: 0.0270, decode.acc_seg: 83.9578, aux.loss_seg: 0.0201, aux.acc_seg: 82.9619, loss: 0.0470
2026-04-24 21:26:52,587 - mmseg - INFO - Iter [105600/160000]	lr: 5.313e-06, eta: 16:57:11, time: 0.943, data_time: 0.340, memory: 14490, decode.loss_seg: 0.0285, decode.acc_seg: 85.3381, aux.loss_seg: 0.0212, aux.acc_seg: 84.3061, loss: 0.0497
2026-04-24 21:27:38,611 - mmseg - INFO - Iter [105650/160000]	lr: 5.308e-06, eta: 16:56:08, time: 0.921, data_time: 0.367, memory: 14490, decode.loss_seg: 0.0296, decode.acc_seg: 84.8912, aux.loss_seg: 0.0216, aux.acc_seg: 83.8602, loss: 0.0511
2026-04-24 21:28:05,903 - mmseg - INFO - Iter [105700/160000]	lr: 5.303e-06, eta: 16:54:55, time: 0.546, data_time: 0.004, memory: 14490, decode.loss_seg: 0.0281, decode.acc_seg: 85.1998, aux.loss_seg: 0.0205, aux.acc_seg: 84.2199, loss: 0.0485
2026-04-24 21:28:52,426 - mmseg - INFO - Iter [105750/160000]	lr: 5.298e-06, eta: 16:53:53, time: 0.931, data_time: 0.357, memory: 14490, decode.loss_seg: 0.0288, decode.acc_seg: 85.4059, aux.loss_seg: 0.0210, aux.acc_seg: 84.4107, loss: 0.0498
2026-04-24 21:29:39,404 - mmseg - INFO - Iter [105800/160000]	lr: 5.293e-06, eta: 16:52:51, time: 0.939, data_time: 0.376, memory: 14490, decode.loss_seg: 0.0268, decode.acc_seg: 84.2930, aux.loss_seg: 0.0202, aux.acc_seg: 83.2920, loss: 0.0470
2026-04-24 21:30:06,661 - mmseg - INFO - Iter [105850/160000]	lr: 5.288e-06, eta: 16:51:38, time: 0.545, data_time: 0.005, memory: 14490, decode.loss_seg: 0.0287, decode.acc_seg: 85.4957, aux.loss_seg: 0.0212, aux.acc_seg: 84.4610, loss: 0.0499
2026-04-24 21:30:53,649 - mmseg - INFO - Iter [105900/160000]	lr: 5.283e-06, eta: 16:50:37, time: 0.940, data_time: 0.396, memory: 14490, decode.loss_seg: 0.0278, decode.acc_seg: 86.5254, aux.loss_seg: 0.0210, aux.acc_seg: 85.4621, loss: 0.0488
2026-04-24 21:31:41,340 - mmseg - INFO - Iter [105950/160000]	lr: 5.278e-06, eta: 16:49:35, time: 0.954, data_time: 0.414, memory: 14490, decode.loss_seg: 0.0284, decode.acc_seg: 84.4843, aux.loss_seg: 0.0211, aux.acc_seg: 83.4388, loss: 0.0495
2026-04-24 21:32:20,362 - mmseg - INFO - per class results:
2026-04-24 21:32:20,362 - mmseg - INFO - 
+------------+-------+-------+
| Class      | IoU   | Acc   |
+------------+-------+-------+
| housing    | 96.42 | 98.01 |
| industrial | 96.33 | 98.29 |
| natural    | 93.12 | 95.16 |
| land_use   | 86.14 | 89.67 |
| water      | 96.26 | 98.68 |
| other      | 98.88 | 99.53 |
+------------+-------+-------+
2026-04-24 21:32:20,362 - mmseg - INFO - Summary:
2026-04-24 21:32:20,362 - mmseg - INFO - 
+--------+-------+-------+------+
| Scope  | mIoU  | mAcc  | aAcc |
+--------+-------+-------+------+
| global | 94.52 | 96.56 | 97.7 |
+--------+-------+-------+------+
2026-04-24 21:32:20,392 - mmseg - INFO - Exp name: pixel_upernet_itpn_large_12_512_slide_160k_air_polarsar2_amp_linux.py
2026-04-24 21:32:20,392 - mmseg - INFO - Iter [106000/160000]	lr: 5.274e-06, eta: 16:54:17, time: 12.364, data_time: 0.000, memory: 14490, mIoU: 0.9452, mAcc: 0.9656, aAcc: 0.9770
2026-04-24 21:33:07,144 - mmseg - INFO - Iter [106050/160000]	lr: 5.269e-06, eta: 16:53:15, time: 0.935, data_time: 0.395, memory: 14490, decode.loss_seg: 0.0286, decode.acc_seg: 86.2377, aux.loss_seg: 0.0221, aux.acc_seg: 85.1114, loss: 0.0507
2026-04-24 21:33:53,489 - mmseg - INFO - Iter [106100/160000]	lr: 5.264e-06, eta: 16:52:12, time: 0.927, data_time: 0.376, memory: 14490, decode.loss_seg: 0.0276, decode.acc_seg: 83.7208, aux.loss_seg: 0.0207, aux.acc_seg: 82.6779, loss: 0.0483
2026-04-24 21:34:20,725 - mmseg - INFO - Iter [106150/160000]	lr: 5.259e-06, eta: 16:50:59, time: 0.544, data_time: 0.004, memory: 14490, decode.loss_seg: 0.0286, decode.acc_seg: 83.6224, aux.loss_seg: 0.0212, aux.acc_seg: 82.5946, loss: 0.0499
2026-04-24 21:35:07,848 - mmseg - INFO - Iter [106200/160000]	lr: 5.254e-06, eta: 16:49:57, time: 0.943, data_time: 0.392, memory: 14490, decode.loss_seg: 0.0273, decode.acc_seg: 84.7719, aux.loss_seg: 0.0208, aux.acc_seg: 83.7485, loss: 0.0482
2026-04-24 21:35:54,426 - mmseg - INFO - Iter [106250/160000]	lr: 5.249e-06, eta: 16:48:55, time: 0.931, data_time: 0.354, memory: 14490, decode.loss_seg: 0.0275, decode.acc_seg: 84.6829, aux.loss_seg: 0.0203, aux.acc_seg: 83.6820, loss: 0.0478
2026-04-24 21:36:21,672 - mmseg - INFO - Iter [106300/160000]	lr: 5.244e-06, eta: 16:47:41, time: 0.545, data_time: 0.004, memory: 14490, decode.loss_seg: 0.0277, decode.acc_seg: 84.5845, aux.loss_seg: 0.0204, aux.acc_seg: 83.5856, loss: 0.0481
2026-04-24 21:37:08,779 - mmseg - INFO - Iter [106350/160000]	lr: 5.239e-06, eta: 16:46:39, time: 0.942, data_time: 0.368, memory: 14490, decode.loss_seg: 0.0282, decode.acc_seg: 84.3138, aux.loss_seg: 0.0208, aux.acc_seg: 83.3113, loss: 0.0490
2026-04-24 21:37:55,670 - mmseg - INFO - Iter [106400/160000]	lr: 5.235e-06, eta: 16:45:37, time: 0.938, data_time: 0.345, memory: 14490, decode.loss_seg: 0.0291, decode.acc_seg: 85.2323, aux.loss_seg: 0.0211, aux.acc_seg: 84.2427, loss: 0.0502
2026-04-24 21:38:22,889 - mmseg - INFO - Iter [106450/160000]	lr: 5.230e-06, eta: 16:44:24, time: 0.544, data_time: 0.004, memory: 14490, decode.loss_seg: 0.0275, decode.acc_seg: 84.8441, aux.loss_seg: 0.0208, aux.acc_seg: 83.8062, loss: 0.0483
2026-04-24 21:39:10,145 - mmseg - INFO - Iter [106500/160000]	lr: 5.225e-06, eta: 16:43:22, time: 0.945, data_time: 0.382, memory: 14490, decode.loss_seg: 0.0284, decode.acc_seg: 84.3751, aux.loss_seg: 0.0211, aux.acc_seg: 83.3363, loss: 0.0495
2026-04-24 21:39:37,401 - mmseg - INFO - Iter [106550/160000]	lr: 5.220e-06, eta: 16:42:09, time: 0.545, data_time: 0.004, memory: 14490, decode.loss_seg: 0.0275, decode.acc_seg: 84.8196, aux.loss_seg: 0.0203, aux.acc_seg: 83.8226, loss: 0.0479
2026-04-24 21:40:24,103 - mmseg - INFO - Iter [106600/160000]	lr: 5.215e-06, eta: 16:41:07, time: 0.934, data_time: 0.372, memory: 14490, decode.loss_seg: 0.0281, decode.acc_seg: 85.5136, aux.loss_seg: 0.0210, aux.acc_seg: 84.4491, loss: 0.0491
2026-04-24 21:41:11,504 - mmseg - INFO - Iter [106650/160000]	lr: 5.210e-06, eta: 16:40:06, time: 0.948, data_time: 0.405, memory: 14490, decode.loss_seg: 0.0288, decode.acc_seg: 86.1727, aux.loss_seg: 0.0212, aux.acc_seg: 85.1482, loss: 0.0500
2026-04-24 21:41:38,714 - mmseg - INFO - Iter [106700/160000]	lr: 5.205e-06, eta: 16:38:52, time: 0.544, data_time: 0.004, memory: 14490, decode.loss_seg: 0.0284, decode.acc_seg: 85.3052, aux.loss_seg: 0.0208, aux.acc_seg: 84.3163, loss: 0.0492
2026-04-24 21:42:24,365 - mmseg - INFO - Iter [106750/160000]	lr: 5.200e-06, eta: 16:37:50, time: 0.913, data_time: 0.356, memory: 14490, decode.loss_seg: 0.0272, decode.acc_seg: 84.5256, aux.loss_seg: 0.0202, aux.acc_seg: 83.5299, loss: 0.0474
2026-04-24 21:43:10,792 - mmseg - INFO - Iter [106800/160000]	lr: 5.195e-06, eta: 16:36:48, time: 0.929, data_time: 0.340, memory: 14490, decode.loss_seg: 0.0284, decode.acc_seg: 84.9098, aux.loss_seg: 0.0211, aux.acc_seg: 83.8777, loss: 0.0495
2026-04-24 21:43:38,071 - mmseg - INFO - Iter [106850/160000]	lr: 5.191e-06, eta: 16:35:35, time: 0.545, data_time: 0.004, memory: 14490, decode.loss_seg: 0.0286, decode.acc_seg: 85.4009, aux.loss_seg: 0.0220, aux.acc_seg: 84.2762, loss: 0.0506
2026-04-24 21:44:24,446 - mmseg - INFO - Iter [106900/160000]	lr: 5.186e-06, eta: 16:34:33, time: 0.928, data_time: 0.382, memory: 14490, decode.loss_seg: 0.0277, decode.acc_seg: 85.1852, aux.loss_seg: 0.0206, aux.acc_seg: 84.1779, loss: 0.0484
2026-04-24 21:45:09,898 - mmseg - INFO - Iter [106950/160000]	lr: 5.181e-06, eta: 16:33:30, time: 0.909, data_time: 0.367, memory: 14490, decode.loss_seg: 0.0272, decode.acc_seg: 83.3535, aux.loss_seg: 0.0204, aux.acc_seg: 82.3343, loss: 0.0476
2026-04-24 21:45:37,151 - mmseg - INFO - Exp name: pixel_upernet_itpn_large_12_512_slide_160k_air_polarsar2_amp_linux.py
2026-04-24 21:45:37,152 - mmseg - INFO - Iter [107000/160000]	lr: 5.176e-06, eta: 16:32:17, time: 0.545, data_time: 0.004, memory: 14490, decode.loss_seg: 0.0282, decode.acc_seg: 86.0400, aux.loss_seg: 0.0210, aux.acc_seg: 85.0206, loss: 0.0492
2026-04-24 21:46:24,058 - mmseg - INFO - Iter [107050/160000]	lr: 5.171e-06, eta: 16:31:16, time: 0.938, data_time: 0.349, memory: 14490, decode.loss_seg: 0.0281, decode.acc_seg: 85.1565, aux.loss_seg: 0.0214, aux.acc_seg: 84.0756, loss: 0.0494
2026-04-24 21:47:11,425 - mmseg - INFO - Iter [107100/160000]	lr: 5.166e-06, eta: 16:30:15, time: 0.947, data_time: 0.385, memory: 14490, decode.loss_seg: 0.0288, decode.acc_seg: 86.2635, aux.loss_seg: 0.0210, aux.acc_seg: 85.2668, loss: 0.0498
2026-04-24 21:47:38,668 - mmseg - INFO - Iter [107150/160000]	lr: 5.161e-06, eta: 16:29:02, time: 0.545, data_time: 0.004, memory: 14490, decode.loss_seg: 0.0277, decode.acc_seg: 83.8786, aux.loss_seg: 0.0207, aux.acc_seg: 82.8495, loss: 0.0484
2026-04-24 21:48:24,132 - mmseg - INFO - Iter [107200/160000]	lr: 5.156e-06, eta: 16:27:59, time: 0.909, data_time: 0.365, memory: 14490, decode.loss_seg: 0.0275, decode.acc_seg: 85.6809, aux.loss_seg: 0.0203, aux.acc_seg: 84.6955, loss: 0.0478
2026-04-24 21:49:11,526 - mmseg - INFO - Iter [107250/160000]	lr: 5.152e-06, eta: 16:26:58, time: 0.948, data_time: 0.342, memory: 14490, decode.loss_seg: 0.0273, decode.acc_seg: 83.5633, aux.loss_seg: 0.0203, aux.acc_seg: 82.5584, loss: 0.0476
2026-04-24 21:49:38,753 - mmseg - INFO - Iter [107300/160000]	lr: 5.147e-06, eta: 16:25:45, time: 0.545, data_time: 0.004, memory: 14490, decode.loss_seg: 0.0283, decode.acc_seg: 86.4827, aux.loss_seg: 0.0210, aux.acc_seg: 85.4651, loss: 0.0493
2026-04-24 21:50:25,433 - mmseg - INFO - Iter [107350/160000]	lr: 5.142e-06, eta: 16:24:44, time: 0.934, data_time: 0.371, memory: 14490, decode.loss_seg: 0.0273, decode.acc_seg: 83.8629, aux.loss_seg: 0.0204, aux.acc_seg: 82.8501, loss: 0.0476
2026-04-24 21:51:12,210 - mmseg - INFO - Iter [107400/160000]	lr: 5.137e-06, eta: 16:23:42, time: 0.935, data_time: 0.383, memory: 14490, decode.loss_seg: 0.0274, decode.acc_seg: 85.7241, aux.loss_seg: 0.0200, aux.acc_seg: 84.7683, loss: 0.0474
2026-04-24 21:51:39,505 - mmseg - INFO - Iter [107450/160000]	lr: 5.132e-06, eta: 16:22:30, time: 0.546, data_time: 0.005, memory: 14490, decode.loss_seg: 0.0277, decode.acc_seg: 84.3388, aux.loss_seg: 0.0215, aux.acc_seg: 83.2053, loss: 0.0492
2026-04-24 21:52:27,108 - mmseg - INFO - Iter [107500/160000]	lr: 5.127e-06, eta: 16:21:29, time: 0.952, data_time: 0.340, memory: 14490, decode.loss_seg: 0.0281, decode.acc_seg: 84.1369, aux.loss_seg: 0.0208, aux.acc_seg: 83.1127, loss: 0.0488
2026-04-24 21:52:54,358 - mmseg - INFO - Iter [107550/160000]	lr: 5.122e-06, eta: 16:20:16, time: 0.545, data_time: 0.004, memory: 14490, decode.loss_seg: 0.0273, decode.acc_seg: 85.4783, aux.loss_seg: 0.0202, aux.acc_seg: 84.4846, loss: 0.0475
2026-04-24 21:53:41,459 - mmseg - INFO - Iter [107600/160000]	lr: 5.117e-06, eta: 16:19:15, time: 0.942, data_time: 0.390, memory: 14490, decode.loss_seg: 0.0270, decode.acc_seg: 84.4485, aux.loss_seg: 0.0200, aux.acc_seg: 83.4647, loss: 0.0470
2026-04-24 21:54:28,199 - mmseg - INFO - Iter [107650/160000]	lr: 5.112e-06, eta: 16:18:13, time: 0.935, data_time: 0.375, memory: 14490, decode.loss_seg: 0.0278, decode.acc_seg: 84.7246, aux.loss_seg: 0.0210, aux.acc_seg: 83.6921, loss: 0.0488
2026-04-24 21:54:55,424 - mmseg - INFO - Iter [107700/160000]	lr: 5.108e-06, eta: 16:17:01, time: 0.544, data_time: 0.004, memory: 14490, decode.loss_seg: 0.0277, decode.acc_seg: 84.7136, aux.loss_seg: 0.0208, aux.acc_seg: 83.6730, loss: 0.0485
2026-04-24 21:55:42,660 - mmseg - INFO - Iter [107750/160000]	lr: 5.103e-06, eta: 16:16:00, time: 0.945, data_time: 0.327, memory: 14490, decode.loss_seg: 0.0276, decode.acc_seg: 85.8908, aux.loss_seg: 0.0204, aux.acc_seg: 84.9041, loss: 0.0480
2026-04-24 21:56:28,709 - mmseg - INFO - Iter [107800/160000]	lr: 5.098e-06, eta: 16:14:58, time: 0.921, data_time: 0.359, memory: 14490, decode.loss_seg: 0.0282, decode.acc_seg: 84.3072, aux.loss_seg: 0.0222, aux.acc_seg: 83.1616, loss: 0.0504
2026-04-24 21:56:55,935 - mmseg - INFO - Iter [107850/160000]	lr: 5.093e-06, eta: 16:13:46, time: 0.544, data_time: 0.004, memory: 14490, decode.loss_seg: 0.0269, decode.acc_seg: 83.5453, aux.loss_seg: 0.0203, aux.acc_seg: 82.5087, loss: 0.0473
2026-04-24 21:57:43,332 - mmseg - INFO - Iter [107900/160000]	lr: 5.088e-06, eta: 16:12:45, time: 0.948, data_time: 0.408, memory: 14490, decode.loss_seg: 0.0269, decode.acc_seg: 84.9120, aux.loss_seg: 0.0198, aux.acc_seg: 83.9540, loss: 0.0467
2026-04-24 21:58:29,098 - mmseg - INFO - Iter [107950/160000]	lr: 5.083e-06, eta: 16:11:43, time: 0.916, data_time: 0.365, memory: 14490, decode.loss_seg: 0.0279, decode.acc_seg: 85.1561, aux.loss_seg: 0.0204, aux.acc_seg: 84.1814, loss: 0.0483
2026-04-24 21:59:07,960 - mmseg - INFO - per class results:
2026-04-24 21:59:07,961 - mmseg - INFO - 
+------------+-------+-------+
| Class      | IoU   | Acc   |
+------------+-------+-------+
| housing    | 96.52 | 98.11 |
| industrial | 96.41 | 98.21 |
| natural    | 93.27 | 95.5  |
| land_use   | 86.86 | 90.8  |
| water      | 96.34 | 98.65 |
| other      | 98.87 | 99.54 |
+------------+-------+-------+
2026-04-24 21:59:07,961 - mmseg - INFO - Summary:
2026-04-24 21:59:07,961 - mmseg - INFO - 
+--------+-------+------+-------+
| Scope  | mIoU  | mAcc | aAcc  |
+--------+-------+------+-------+
| global | 94.71 | 96.8 | 97.76 |
+--------+-------+------+-------+
2026-04-24 21:59:07,984 - mmseg - INFO - Exp name: pixel_upernet_itpn_large_12_512_slide_160k_air_polarsar2_amp_linux.py
2026-04-24 21:59:07,985 - mmseg - INFO - Iter [108000/160000]	lr: 5.078e-06, eta: 16:16:01, time: 12.224, data_time: 0.000, memory: 14490, mIoU: 0.9471, mAcc: 0.9680, aAcc: 0.9776
2026-04-24 21:59:53,946 - mmseg - INFO - Iter [108050/160000]	lr: 5.073e-06, eta: 16:14:59, time: 0.919, data_time: 0.375, memory: 14490, decode.loss_seg: 0.0278, decode.acc_seg: 85.2016, aux.loss_seg: 0.0204, aux.acc_seg: 84.2098, loss: 0.0482
2026-04-24 22:00:40,858 - mmseg - INFO - Iter [108100/160000]	lr: 5.068e-06, eta: 16:13:57, time: 0.938, data_time: 0.367, memory: 14490, decode.loss_seg: 0.0274, decode.acc_seg: 84.6677, aux.loss_seg: 0.0205, aux.acc_seg: 83.6517, loss: 0.0479
2026-04-24 22:01:08,116 - mmseg - INFO - Iter [108150/160000]	lr: 5.064e-06, eta: 16:12:45, time: 0.545, data_time: 0.005, memory: 14490, decode.loss_seg: 0.0284, decode.acc_seg: 86.1063, aux.loss_seg: 0.0208, aux.acc_seg: 85.1023, loss: 0.0492
2026-04-24 22:01:55,997 - mmseg - INFO - Iter [108200/160000]	lr: 5.059e-06, eta: 16:11:44, time: 0.957, data_time: 0.378, memory: 14490, decode.loss_seg: 0.0275, decode.acc_seg: 84.3282, aux.loss_seg: 0.0205, aux.acc_seg: 83.3167, loss: 0.0480
2026-04-24 22:02:43,168 - mmseg - INFO - Iter [108250/160000]	lr: 5.054e-06, eta: 16:10:42, time: 0.944, data_time: 0.337, memory: 14490, decode.loss_seg: 0.0283, decode.acc_seg: 86.2592, aux.loss_seg: 0.0209, aux.acc_seg: 85.2694, loss: 0.0492
2026-04-24 22:03:10,429 - mmseg - INFO - Iter [108300/160000]	lr: 5.049e-06, eta: 16:09:30, time: 0.545, data_time: 0.004, memory: 14490, decode.loss_seg: 0.0276, decode.acc_seg: 85.4350, aux.loss_seg: 0.0206, aux.acc_seg: 84.4233, loss: 0.0482
2026-04-24 22:03:57,311 - mmseg - INFO - Iter [108350/160000]	lr: 5.044e-06, eta: 16:08:28, time: 0.938, data_time: 0.341, memory: 14490, decode.loss_seg: 0.0276, decode.acc_seg: 85.6057, aux.loss_seg: 0.0208, aux.acc_seg: 84.5739, loss: 0.0484
2026-04-24 22:04:24,526 - mmseg - INFO - Iter [108400/160000]	lr: 5.039e-06, eta: 16:07:16, time: 0.545, data_time: 0.004, memory: 14490, decode.loss_seg: 0.0269, decode.acc_seg: 84.8558, aux.loss_seg: 0.0202, aux.acc_seg: 83.8527, loss: 0.0470
2026-04-24 22:05:10,574 - mmseg - INFO - Iter [108450/160000]	lr: 5.034e-06, eta: 16:06:14, time: 0.921, data_time: 0.357, memory: 14490, decode.loss_seg: 0.0281, decode.acc_seg: 85.4443, aux.loss_seg: 0.0211, aux.acc_seg: 84.4020, loss: 0.0492
2026-04-24 22:05:57,088 - mmseg - INFO - Iter [108500/160000]	lr: 5.029e-06, eta: 16:05:12, time: 0.930, data_time: 0.376, memory: 14490, decode.loss_seg: 0.0278, decode.acc_seg: 85.4822, aux.loss_seg: 0.0207, aux.acc_seg: 84.4852, loss: 0.0485
2026-04-24 22:06:24,313 - mmseg - INFO - Iter [108550/160000]	lr: 5.025e-06, eta: 16:04:00, time: 0.545, data_time: 0.004, memory: 14490, decode.loss_seg: 0.0274, decode.acc_seg: 84.9176, aux.loss_seg: 0.0203, aux.acc_seg: 83.9307, loss: 0.0477
2026-04-24 22:07:11,987 - mmseg - INFO - Iter [108600/160000]	lr: 5.020e-06, eta: 16:02:59, time: 0.953, data_time: 0.333, memory: 14490, decode.loss_seg: 0.0278, decode.acc_seg: 83.0661, aux.loss_seg: 0.0206, aux.acc_seg: 82.0487, loss: 0.0484
2026-04-24 22:07:58,718 - mmseg - INFO - Iter [108650/160000]	lr: 5.015e-06, eta: 16:01:57, time: 0.935, data_time: 0.393, memory: 14490, decode.loss_seg: 0.0303, decode.acc_seg: 85.3406, aux.loss_seg: 0.0215, aux.acc_seg: 84.3619, loss: 0.0518
2026-04-24 22:08:26,030 - mmseg - INFO - Iter [108700/160000]	lr: 5.010e-06, eta: 16:00:45, time: 0.546, data_time: 0.003, memory: 14490, decode.loss_seg: 0.0288, decode.acc_seg: 85.0076, aux.loss_seg: 0.0212, aux.acc_seg: 83.9922, loss: 0.0500
2026-04-24 22:09:13,580 - mmseg - INFO - Iter [108750/160000]	lr: 5.005e-06, eta: 15:59:44, time: 0.951, data_time: 0.370, memory: 14490, decode.loss_seg: 0.0282, decode.acc_seg: 84.9600, aux.loss_seg: 0.0209, aux.acc_seg: 83.9363, loss: 0.0491
2026-04-24 22:10:00,421 - mmseg - INFO - Iter [108800/160000]	lr: 5.000e-06, eta: 15:58:43, time: 0.937, data_time: 0.372, memory: 14490, decode.loss_seg: 0.0284, decode.acc_seg: 84.4949, aux.loss_seg: 0.0209, aux.acc_seg: 83.4898, loss: 0.0493
2026-04-24 22:10:27,660 - mmseg - INFO - Iter [108850/160000]	lr: 4.995e-06, eta: 15:57:31, time: 0.545, data_time: 0.004, memory: 14490, decode.loss_seg: 0.0275, decode.acc_seg: 84.3470, aux.loss_seg: 0.0206, aux.acc_seg: 83.3256, loss: 0.0480
2026-04-24 22:11:15,232 - mmseg - INFO - Iter [108900/160000]	lr: 4.990e-06, eta: 15:56:30, time: 0.952, data_time: 0.348, memory: 14490, decode.loss_seg: 0.0283, decode.acc_seg: 83.9266, aux.loss_seg: 0.0212, aux.acc_seg: 82.8939, loss: 0.0495
2026-04-24 22:12:01,891 - mmseg - INFO - Iter [108950/160000]	lr: 4.985e-06, eta: 15:55:28, time: 0.933, data_time: 0.376, memory: 14490, decode.loss_seg: 0.0278, decode.acc_seg: 85.7033, aux.loss_seg: 0.0208, aux.acc_seg: 84.6694, loss: 0.0487
2026-04-24 22:12:29,204 - mmseg - INFO - Exp name: pixel_upernet_itpn_large_12_512_slide_160k_air_polarsar2_amp_linux.py
2026-04-24 22:12:29,204 - mmseg - INFO - Iter [109000/160000]	lr: 4.981e-06, eta: 15:54:16, time: 0.546, data_time: 0.004, memory: 14490, decode.loss_seg: 0.0277, decode.acc_seg: 84.6378, aux.loss_seg: 0.0213, aux.acc_seg: 83.5035, loss: 0.0490
2026-04-24 22:13:15,816 - mmseg - INFO - Iter [109050/160000]	lr: 4.976e-06, eta: 15:53:15, time: 0.933, data_time: 0.390, memory: 14490, decode.loss_seg: 0.0268, decode.acc_seg: 83.4329, aux.loss_seg: 0.0204, aux.acc_seg: 82.4061, loss: 0.0471
2026-04-24 22:14:02,076 - mmseg - INFO - Iter [109100/160000]	lr: 4.971e-06, eta: 15:52:14, time: 0.925, data_time: 0.363, memory: 14490, decode.loss_seg: 0.0285, decode.acc_seg: 84.0598, aux.loss_seg: 0.0214, aux.acc_seg: 83.0154, loss: 0.0499
2026-04-24 22:14:29,370 - mmseg - INFO - Iter [109150/160000]	lr: 4.966e-06, eta: 15:51:02, time: 0.546, data_time: 0.004, memory: 14490, decode.loss_seg: 0.0273, decode.acc_seg: 86.2262, aux.loss_seg: 0.0204, aux.acc_seg: 85.2323, loss: 0.0477
2026-04-24 22:15:15,404 - mmseg - INFO - Iter [109200/160000]	lr: 4.961e-06, eta: 15:50:00, time: 0.921, data_time: 0.351, memory: 14490, decode.loss_seg: 0.0280, decode.acc_seg: 85.8090, aux.loss_seg: 0.0206, aux.acc_seg: 84.8063, loss: 0.0486
2026-04-24 22:16:01,904 - mmseg - INFO - Iter [109250/160000]	lr: 4.956e-06, eta: 15:48:59, time: 0.930, data_time: 0.381, memory: 14490, decode.loss_seg: 0.0265, decode.acc_seg: 85.1716, aux.loss_seg: 0.0199, aux.acc_seg: 84.1785, loss: 0.0464
2026-04-24 22:16:29,175 - mmseg - INFO - Iter [109300/160000]	lr: 4.951e-06, eta: 15:47:47, time: 0.546, data_time: 0.005, memory: 14490, decode.loss_seg: 0.0273, decode.acc_seg: 84.3287, aux.loss_seg: 0.0206, aux.acc_seg: 83.2972, loss: 0.0478
2026-04-24 22:17:15,746 - mmseg - INFO - Iter [109350/160000]	lr: 4.946e-06, eta: 15:46:46, time: 0.931, data_time: 0.378, memory: 14490, decode.loss_seg: 0.0276, decode.acc_seg: 84.7406, aux.loss_seg: 0.0208, aux.acc_seg: 83.7023, loss: 0.0484
2026-04-24 22:17:43,015 - mmseg - INFO - Iter [109400/160000]	lr: 4.942e-06, eta: 15:45:34, time: 0.545, data_time: 0.004, memory: 14490, decode.loss_seg: 0.0281, decode.acc_seg: 86.3831, aux.loss_seg: 0.0213, aux.acc_seg: 85.3077, loss: 0.0494
2026-04-24 22:18:28,622 - mmseg - INFO - Iter [109450/160000]	lr: 4.937e-06, eta: 15:44:32, time: 0.912, data_time: 0.349, memory: 14490, decode.loss_seg: 0.0277, decode.acc_seg: 84.9085, aux.loss_seg: 0.0209, aux.acc_seg: 83.8713, loss: 0.0487
2026-04-24 22:19:15,389 - mmseg - INFO - Iter [109500/160000]	lr: 4.932e-06, eta: 15:43:31, time: 0.935, data_time: 0.383, memory: 14490, decode.loss_seg: 0.0276, decode.acc_seg: 86.4172, aux.loss_seg: 0.0204, aux.acc_seg: 85.4219, loss: 0.0480
2026-04-24 22:19:42,632 - mmseg - INFO - Iter [109550/160000]	lr: 4.927e-06, eta: 15:42:20, time: 0.545, data_time: 0.004, memory: 14490, decode.loss_seg: 0.0277, decode.acc_seg: 84.9159, aux.loss_seg: 0.0207, aux.acc_seg: 83.8886, loss: 0.0484
2026-04-24 22:20:28,878 - mmseg - INFO - Iter [109600/160000]	lr: 4.922e-06, eta: 15:41:18, time: 0.925, data_time: 0.343, memory: 14490, decode.loss_seg: 0.0273, decode.acc_seg: 84.4386, aux.loss_seg: 0.0205, aux.acc_seg: 83.4157, loss: 0.0478
2026-04-24 22:21:13,692 - mmseg - INFO - Iter [109650/160000]	lr: 4.917e-06, eta: 15:40:16, time: 0.896, data_time: 0.325, memory: 14490, decode.loss_seg: 0.0280, decode.acc_seg: 85.0556, aux.loss_seg: 0.0218, aux.acc_seg: 83.9513, loss: 0.0497
2026-04-24 22:21:41,001 - mmseg - INFO - Iter [109700/160000]	lr: 4.912e-06, eta: 15:39:05, time: 0.546, data_time: 0.004, memory: 14490, decode.loss_seg: 0.0270, decode.acc_seg: 84.6474, aux.loss_seg: 0.0205, aux.acc_seg: 83.6246, loss: 0.0475
2026-04-24 22:22:27,491 - mmseg - INFO - Iter [109750/160000]	lr: 4.907e-06, eta: 15:38:04, time: 0.930, data_time: 0.385, memory: 14490, decode.loss_seg: 0.0267, decode.acc_seg: 83.4798, aux.loss_seg: 0.0212, aux.acc_seg: 82.3606, loss: 0.0479
2026-04-24 22:23:14,858 - mmseg - INFO - Iter [109800/160000]	lr: 4.902e-06, eta: 15:37:03, time: 0.947, data_time: 0.356, memory: 14490, decode.loss_seg: 0.0276, decode.acc_seg: 85.9582, aux.loss_seg: 0.0201, aux.acc_seg: 85.0043, loss: 0.0477
2026-04-24 22:23:42,018 - mmseg - INFO - Iter [109850/160000]	lr: 4.898e-06, eta: 15:35:52, time: 0.543, data_time: 0.004, memory: 14490, decode.loss_seg: 0.0279, decode.acc_seg: 84.9159, aux.loss_seg: 0.0206, aux.acc_seg: 83.9069, loss: 0.0485
2026-04-24 22:24:27,609 - mmseg - INFO - Iter [109900/160000]	lr: 4.893e-06, eta: 15:34:50, time: 0.912, data_time: 0.367, memory: 14490, decode.loss_seg: 0.0268, decode.acc_seg: 85.2131, aux.loss_seg: 0.0200, aux.acc_seg: 84.2410, loss: 0.0468
2026-04-24 22:25:14,307 - mmseg - INFO - Iter [109950/160000]	lr: 4.888e-06, eta: 15:33:49, time: 0.934, data_time: 0.335, memory: 14490, decode.loss_seg: 0.0278, decode.acc_seg: 85.2086, aux.loss_seg: 0.0206, aux.acc_seg: 84.1954, loss: 0.0484
2026-04-24 22:25:53,365 - mmseg - INFO - per class results:
2026-04-24 22:25:53,365 - mmseg - INFO - 
+------------+-------+-------+
| Class      | IoU   | Acc   |
+------------+-------+-------+
| housing    | 96.45 | 98.26 |
| industrial | 96.44 | 98.36 |
| natural    | 93.3  | 95.23 |
| land_use   | 86.84 | 90.85 |
| water      | 96.37 | 98.49 |
| other      | 99.01 | 99.57 |
+------------+-------+-------+
2026-04-24 22:25:53,366 - mmseg - INFO - Summary:
2026-04-24 22:25:53,366 - mmseg - INFO - 
+--------+-------+-------+-------+
| Scope  | mIoU  | mAcc  | aAcc  |
+--------+-------+-------+-------+
| global | 94.73 | 96.79 | 97.77 |
+--------+-------+-------+-------+
2026-04-24 22:25:53,391 - mmseg - INFO - Exp name: pixel_upernet_itpn_large_12_512_slide_160k_air_polarsar2_amp_linux.py
2026-04-24 22:25:53,391 - mmseg - INFO - Iter [110000/160000]	lr: 4.883e-06, eta: 15:37:51, time: 12.308, data_time: 0.000, memory: 14490, mIoU: 0.9473, mAcc: 0.9679, aAcc: 0.9777
2026-04-24 22:26:39,856 - mmseg - INFO - Iter [110050/160000]	lr: 4.878e-06, eta: 15:36:49, time: 0.929, data_time: 0.347, memory: 14490, decode.loss_seg: 0.0268, decode.acc_seg: 83.7641, aux.loss_seg: 0.0203, aux.acc_seg: 82.7386, loss: 0.0472
2026-04-24 22:27:25,227 - mmseg - INFO - Iter [110100/160000]	lr: 4.873e-06, eta: 15:35:47, time: 0.907, data_time: 0.344, memory: 14490, decode.loss_seg: 0.0274, decode.acc_seg: 84.4456, aux.loss_seg: 0.0206, aux.acc_seg: 83.4111, loss: 0.0480
2026-04-24 22:27:52,427 - mmseg - INFO - Iter [110150/160000]	lr: 4.868e-06, eta: 15:34:36, time: 0.544, data_time: 0.004, memory: 14490, decode.loss_seg: 0.0269, decode.acc_seg: 85.6334, aux.loss_seg: 0.0200, aux.acc_seg: 84.6533, loss: 0.0469
2026-04-24 22:28:39,078 - mmseg - INFO - Iter [110200/160000]	lr: 4.863e-06, eta: 15:33:34, time: 0.933, data_time: 0.371, memory: 14490, decode.loss_seg: 0.0283, decode.acc_seg: 84.7746, aux.loss_seg: 0.0210, aux.acc_seg: 83.7359, loss: 0.0493
2026-04-24 22:29:24,432 - mmseg - INFO - Iter [110250/160000]	lr: 4.859e-06, eta: 15:32:32, time: 0.907, data_time: 0.356, memory: 14490, decode.loss_seg: 0.0269, decode.acc_seg: 85.1567, aux.loss_seg: 0.0199, aux.acc_seg: 84.1794, loss: 0.0469
2026-04-24 22:29:51,725 - mmseg - INFO - Iter [110300/160000]	lr: 4.854e-06, eta: 15:31:21, time: 0.546, data_time: 0.004, memory: 14490, decode.loss_seg: 0.0274, decode.acc_seg: 85.5664, aux.loss_seg: 0.0224, aux.acc_seg: 84.4317, loss: 0.0498
2026-04-24 22:30:38,741 - mmseg - INFO - Iter [110350/160000]	lr: 4.849e-06, eta: 15:30:20, time: 0.940, data_time: 0.380, memory: 14490, decode.loss_seg: 0.0275, decode.acc_seg: 86.0758, aux.loss_seg: 0.0207, aux.acc_seg: 85.0708, loss: 0.0481
2026-04-24 22:31:06,101 - mmseg - INFO - Iter [110400/160000]	lr: 4.844e-06, eta: 15:29:09, time: 0.547, data_time: 0.004, memory: 14490, decode.loss_seg: 0.0273, decode.acc_seg: 84.5019, aux.loss_seg: 0.0203, aux.acc_seg: 83.4981, loss: 0.0476
2026-04-24 22:31:52,647 - mmseg - INFO - Iter [110450/160000]	lr: 4.839e-06, eta: 15:28:07, time: 0.931, data_time: 0.384, memory: 14490, decode.loss_seg: 0.0282, decode.acc_seg: 85.1954, aux.loss_seg: 0.0209, aux.acc_seg: 84.1917, loss: 0.0491
2026-04-24 22:32:38,766 - mmseg - INFO - Iter [110500/160000]	lr: 4.834e-06, eta: 15:27:06, time: 0.922, data_time: 0.366, memory: 14490, decode.loss_seg: 0.0258, decode.acc_seg: 85.2352, aux.loss_seg: 0.0197, aux.acc_seg: 84.2581, loss: 0.0455
2026-04-24 22:33:06,052 - mmseg - INFO - Iter [110550/160000]	lr: 4.829e-06, eta: 15:25:55, time: 0.546, data_time: 0.004, memory: 14490, decode.loss_seg: 0.0273, decode.acc_seg: 84.4594, aux.loss_seg: 0.0207, aux.acc_seg: 83.4323, loss: 0.0481
2026-04-24 22:33:53,127 - mmseg - INFO - Iter [110600/160000]	lr: 4.824e-06, eta: 15:24:54, time: 0.941, data_time: 0.365, memory: 14490, decode.loss_seg: 0.0272, decode.acc_seg: 86.4958, aux.loss_seg: 0.0200, aux.acc_seg: 85.5320, loss: 0.0472
2026-04-24 22:34:39,621 - mmseg - INFO - Iter [110650/160000]	lr: 4.819e-06, eta: 15:23:52, time: 0.930, data_time: 0.390, memory: 14490, decode.loss_seg: 0.0273, decode.acc_seg: 85.1802, aux.loss_seg: 0.0206, aux.acc_seg: 84.1627, loss: 0.0479
2026-04-24 22:35:06,800 - mmseg - INFO - Iter [110700/160000]	lr: 4.815e-06, eta: 15:22:41, time: 0.544, data_time: 0.004, memory: 14490, decode.loss_seg: 0.0273, decode.acc_seg: 85.3156, aux.loss_seg: 0.0206, aux.acc_seg: 84.3018, loss: 0.0480
2026-04-24 22:35:53,439 - mmseg - INFO - Iter [110750/160000]	lr: 4.810e-06, eta: 15:21:40, time: 0.933, data_time: 0.332, memory: 14490, decode.loss_seg: 0.0273, decode.acc_seg: 84.7227, aux.loss_seg: 0.0208, aux.acc_seg: 83.6892, loss: 0.0481
2026-04-24 22:36:39,848 - mmseg - INFO - Iter [110800/160000]	lr: 4.805e-06, eta: 15:20:39, time: 0.928, data_time: 0.362, memory: 14490, decode.loss_seg: 0.0276, decode.acc_seg: 84.5185, aux.loss_seg: 0.0232, aux.acc_seg: 83.2936, loss: 0.0509
2026-04-24 22:37:07,081 - mmseg - INFO - Iter [110850/160000]	lr: 4.800e-06, eta: 15:19:28, time: 0.544, data_time: 0.004, memory: 14490, decode.loss_seg: 0.0265, decode.acc_seg: 84.0106, aux.loss_seg: 0.0199, aux.acc_seg: 83.0137, loss: 0.0465
2026-04-24 22:37:54,683 - mmseg - INFO - Iter [110900/160000]	lr: 4.795e-06, eta: 15:18:27, time: 0.952, data_time: 0.408, memory: 14490, decode.loss_seg: 0.0282, decode.acc_seg: 86.7788, aux.loss_seg: 0.0208, aux.acc_seg: 85.7666, loss: 0.0490
2026-04-24 22:38:42,083 - mmseg - INFO - Iter [110950/160000]	lr: 4.790e-06, eta: 15:17:27, time: 0.948, data_time: 0.408, memory: 14490, decode.loss_seg: 0.0263, decode.acc_seg: 83.9433, aux.loss_seg: 0.0201, aux.acc_seg: 82.9128, loss: 0.0464
2026-04-24 22:39:09,380 - mmseg - INFO - Exp name: pixel_upernet_itpn_large_12_512_slide_160k_air_polarsar2_amp_linux.py
2026-04-24 22:39:09,381 - mmseg - INFO - Iter [111000/160000]	lr: 4.785e-06, eta: 15:16:16, time: 0.546, data_time: 0.004, memory: 14490, decode.loss_seg: 0.0271, decode.acc_seg: 84.3158, aux.loss_seg: 0.0205, aux.acc_seg: 83.2867, loss: 0.0476
2026-04-24 22:39:56,752 - mmseg - INFO - Iter [111050/160000]	lr: 4.780e-06, eta: 15:15:15, time: 0.947, data_time: 0.372, memory: 14490, decode.loss_seg: 0.0270, decode.acc_seg: 85.2151, aux.loss_seg: 0.0200, aux.acc_seg: 84.2404, loss: 0.0471
2026-04-24 22:40:43,611 - mmseg - INFO - Iter [111100/160000]	lr: 4.776e-06, eta: 15:14:14, time: 0.937, data_time: 0.348, memory: 14490, decode.loss_seg: 0.0278, decode.acc_seg: 86.0493, aux.loss_seg: 0.0206, aux.acc_seg: 85.0315, loss: 0.0484
2026-04-24 22:41:10,977 - mmseg - INFO - Iter [111150/160000]	lr: 4.771e-06, eta: 15:13:03, time: 0.547, data_time: 0.004, memory: 14490, decode.loss_seg: 0.0270, decode.acc_seg: 85.1992, aux.loss_seg: 0.0202, aux.acc_seg: 84.2055, loss: 0.0472
2026-04-24 22:41:57,550 - mmseg - INFO - Iter [111200/160000]	lr: 4.766e-06, eta: 15:12:02, time: 0.931, data_time: 0.371, memory: 14490, decode.loss_seg: 0.0286, decode.acc_seg: 84.6507, aux.loss_seg: 0.0211, aux.acc_seg: 83.6169, loss: 0.0497
2026-04-24 22:42:44,662 - mmseg - INFO - Iter [111250/160000]	lr: 4.761e-06, eta: 15:11:02, time: 0.942, data_time: 0.370, memory: 14490, decode.loss_seg: 0.0282, decode.acc_seg: 85.6499, aux.loss_seg: 0.0207, aux.acc_seg: 84.6686, loss: 0.0489
2026-04-24 22:43:11,890 - mmseg - INFO - Iter [111300/160000]	lr: 4.756e-06, eta: 15:09:51, time: 0.545, data_time: 0.004, memory: 14490, decode.loss_seg: 0.0276, decode.acc_seg: 84.8772, aux.loss_seg: 0.0204, aux.acc_seg: 83.8742, loss: 0.0480
2026-04-24 22:43:58,700 - mmseg - INFO - Iter [111350/160000]	lr: 4.751e-06, eta: 15:08:50, time: 0.936, data_time: 0.386, memory: 14490, decode.loss_seg: 0.0262, decode.acc_seg: 84.4909, aux.loss_seg: 0.0197, aux.acc_seg: 83.5041, loss: 0.0460
2026-04-24 22:44:25,968 - mmseg - INFO - Iter [111400/160000]	lr: 4.746e-06, eta: 15:07:39, time: 0.545, data_time: 0.004, memory: 14490, decode.loss_seg: 0.0286, decode.acc_seg: 87.4082, aux.loss_seg: 0.0209, aux.acc_seg: 86.4205, loss: 0.0495
2026-04-24 22:45:12,480 - mmseg - INFO - Iter [111450/160000]	lr: 4.741e-06, eta: 15:06:39, time: 0.930, data_time: 0.389, memory: 14490, decode.loss_seg: 0.0271, decode.acc_seg: 86.2437, aux.loss_seg: 0.0201, aux.acc_seg: 85.2650, loss: 0.0472
2026-04-24 22:45:59,655 - mmseg - INFO - Iter [111500/160000]	lr: 4.736e-06, eta: 15:05:38, time: 0.943, data_time: 0.352, memory: 14490, decode.loss_seg: 0.0275, decode.acc_seg: 84.5188, aux.loss_seg: 0.0207, aux.acc_seg: 83.4697, loss: 0.0482
2026-04-24 22:46:26,930 - mmseg - INFO - Iter [111550/160000]	lr: 4.732e-06, eta: 15:04:27, time: 0.545, data_time: 0.004, memory: 14490, decode.loss_seg: 0.0265, decode.acc_seg: 86.9876, aux.loss_seg: 0.0197, aux.acc_seg: 86.0179, loss: 0.0462
2026-04-24 22:47:13,955 - mmseg - INFO - Iter [111600/160000]	lr: 4.727e-06, eta: 15:03:27, time: 0.940, data_time: 0.399, memory: 14490, decode.loss_seg: 0.0270, decode.acc_seg: 85.2635, aux.loss_seg: 0.0204, aux.acc_seg: 84.2393, loss: 0.0474
2026-04-24 22:48:00,379 - mmseg - INFO - Iter [111650/160000]	lr: 4.722e-06, eta: 15:02:26, time: 0.929, data_time: 0.373, memory: 14490, decode.loss_seg: 0.0271, decode.acc_seg: 84.5039, aux.loss_seg: 0.0206, aux.acc_seg: 83.4548, loss: 0.0477
2026-04-24 22:48:27,684 - mmseg - INFO - Iter [111700/160000]	lr: 4.717e-06, eta: 15:01:16, time: 0.546, data_time: 0.004, memory: 14490, decode.loss_seg: 0.0266, decode.acc_seg: 83.7464, aux.loss_seg: 0.0201, aux.acc_seg: 82.7342, loss: 0.0468
2026-04-24 22:49:13,216 - mmseg - INFO - Iter [111750/160000]	lr: 4.712e-06, eta: 15:00:14, time: 0.911, data_time: 0.316, memory: 14490, decode.loss_seg: 0.0267, decode.acc_seg: 84.9402, aux.loss_seg: 0.0202, aux.acc_seg: 83.9108, loss: 0.0470
2026-04-24 22:50:00,449 - mmseg - INFO - Iter [111800/160000]	lr: 4.707e-06, eta: 14:59:14, time: 0.945, data_time: 0.393, memory: 14490, decode.loss_seg: 0.0279, decode.acc_seg: 86.2550, aux.loss_seg: 0.0205, aux.acc_seg: 85.2719, loss: 0.0484
2026-04-24 22:50:27,680 - mmseg - INFO - Iter [111850/160000]	lr: 4.702e-06, eta: 14:58:04, time: 0.545, data_time: 0.004, memory: 14490, decode.loss_seg: 0.0271, decode.acc_seg: 85.0268, aux.loss_seg: 0.0203, aux.acc_seg: 84.0294, loss: 0.0474
2026-04-24 22:51:15,327 - mmseg - INFO - Iter [111900/160000]	lr: 4.697e-06, eta: 14:57:03, time: 0.953, data_time: 0.382, memory: 14490, decode.loss_seg: 0.0270, decode.acc_seg: 85.4268, aux.loss_seg: 0.0199, aux.acc_seg: 84.4542, loss: 0.0469
2026-04-24 22:52:03,310 - mmseg - INFO - Iter [111950/160000]	lr: 4.693e-06, eta: 14:56:04, time: 0.960, data_time: 0.419, memory: 14490, decode.loss_seg: 0.0270, decode.acc_seg: 85.3610, aux.loss_seg: 0.0200, aux.acc_seg: 84.3841, loss: 0.0470
2026-04-24 22:52:30,528 - mmseg - INFO - Saving checkpoint at 112000 iterations
2026-04-24 22:52:49,481 - mmseg - INFO - per class results:
2026-04-24 22:52:49,481 - mmseg - INFO - 
+------------+-------+-------+
| Class      | IoU   | Acc   |
+------------+-------+-------+
| housing    | 96.61 | 98.23 |
| industrial | 96.47 | 98.34 |
| natural    | 93.24 | 95.32 |
| land_use   | 87.18 | 91.33 |
| water      | 96.41 | 98.53 |
| other      | 99.0  | 99.45 |
+------------+-------+-------+
2026-04-24 22:52:49,481 - mmseg - INFO - Summary:
2026-04-24 22:52:49,482 - mmseg - INFO - 
+--------+-------+-------+-------+
| Scope  | mIoU  | mAcc  | aAcc  |
+--------+-------+-------+-------+
| global | 94.82 | 96.86 | 97.81 |
+--------+-------+-------+-------+
2026-04-24 22:52:49,519 - mmseg - INFO - Exp name: pixel_upernet_itpn_large_12_512_slide_160k_air_polarsar2_amp_linux.py
2026-04-24 22:52:49,519 - mmseg - INFO - Iter [112000/160000]	lr: 4.688e-06, eta: 15:02:48, time: 19.529, data_time: 0.000, memory: 14490, mIoU: 0.9482, mAcc: 0.9686, aAcc: 0.9781
2026-04-24 22:53:36,986 - mmseg - INFO - Iter [112050/160000]	lr: 4.683e-06, eta: 15:01:47, time: 0.949, data_time: 0.397, memory: 14490, decode.loss_seg: 0.0262, decode.acc_seg: 84.0613, aux.loss_seg: 0.0199, aux.acc_seg: 83.0536, loss: 0.0461
2026-04-24 22:54:24,495 - mmseg - INFO - Iter [112100/160000]	lr: 4.678e-06, eta: 15:00:46, time: 0.950, data_time: 0.356, memory: 14490, decode.loss_seg: 0.0271, decode.acc_seg: 86.4492, aux.loss_seg: 0.0201, aux.acc_seg: 85.4544, loss: 0.0472
2026-04-24 22:54:51,760 - mmseg - INFO - Iter [112150/160000]	lr: 4.673e-06, eta: 14:59:35, time: 0.545, data_time: 0.004, memory: 14490, decode.loss_seg: 0.0273, decode.acc_seg: 85.3074, aux.loss_seg: 0.0204, aux.acc_seg: 84.2921, loss: 0.0478
2026-04-24 22:55:39,199 - mmseg - INFO - Iter [112200/160000]	lr: 4.668e-06, eta: 14:58:34, time: 0.949, data_time: 0.389, memory: 14490, decode.loss_seg: 0.0273, decode.acc_seg: 85.8353, aux.loss_seg: 0.0203, aux.acc_seg: 84.8323, loss: 0.0477
2026-04-24 22:56:06,436 - mmseg - INFO - Iter [112250/160000]	lr: 4.663e-06, eta: 14:57:23, time: 0.545, data_time: 0.005, memory: 14490, decode.loss_seg: 0.0267, decode.acc_seg: 85.6616, aux.loss_seg: 0.0202, aux.acc_seg: 84.6493, loss: 0.0468
2026-04-24 22:56:53,294 - mmseg - INFO - Iter [112300/160000]	lr: 4.658e-06, eta: 14:56:22, time: 0.937, data_time: 0.395, memory: 14490, decode.loss_seg: 0.0267, decode.acc_seg: 85.3218, aux.loss_seg: 0.0202, aux.acc_seg: 84.3294, loss: 0.0469
2026-04-24 22:57:39,950 - mmseg - INFO - Iter [112350/160000]	lr: 4.653e-06, eta: 14:55:21, time: 0.933, data_time: 0.361, memory: 14490, decode.loss_seg: 0.0283, decode.acc_seg: 84.0742, aux.loss_seg: 0.0208, aux.acc_seg: 83.0618, loss: 0.0491
2026-04-24 22:58:07,206 - mmseg - INFO - Iter [112400/160000]	lr: 4.649e-06, eta: 14:54:10, time: 0.545, data_time: 0.004, memory: 14490, decode.loss_seg: 0.0271, decode.acc_seg: 84.8093, aux.loss_seg: 0.0203, aux.acc_seg: 83.8023, loss: 0.0474
2026-04-24 22:58:53,780 - mmseg - INFO - Iter [112450/160000]	lr: 4.644e-06, eta: 14:53:09, time: 0.931, data_time: 0.364, memory: 14490, decode.loss_seg: 0.0267, decode.acc_seg: 83.8765, aux.loss_seg: 0.0206, aux.acc_seg: 82.8248, loss: 0.0474
2026-04-24 22:59:39,852 - mmseg - INFO - Iter [112500/160000]	lr: 4.639e-06, eta: 14:52:08, time: 0.922, data_time: 0.338, memory: 14490, decode.loss_seg: 0.0267, decode.acc_seg: 85.0885, aux.loss_seg: 0.0204, aux.acc_seg: 84.0669, loss: 0.0471
2026-04-24 23:00:07,152 - mmseg - INFO - Iter [112550/160000]	lr: 4.634e-06, eta: 14:50:57, time: 0.546, data_time: 0.004, memory: 14490, decode.loss_seg: 0.0280, decode.acc_seg: 86.2347, aux.loss_seg: 0.0206, aux.acc_seg: 85.2411, loss: 0.0485
2026-04-24 23:00:53,778 - mmseg - INFO - Iter [112600/160000]	lr: 4.629e-06, eta: 14:49:56, time: 0.933, data_time: 0.371, memory: 14490, decode.loss_seg: 0.0275, decode.acc_seg: 85.0455, aux.loss_seg: 0.0206, aux.acc_seg: 84.0159, loss: 0.0481
2026-04-24 23:01:40,335 - mmseg - INFO - Iter [112650/160000]	lr: 4.624e-06, eta: 14:48:55, time: 0.931, data_time: 0.332, memory: 14490, decode.loss_seg: 0.0273, decode.acc_seg: 85.2327, aux.loss_seg: 0.0204, aux.acc_seg: 84.2174, loss: 0.0477
2026-04-24 23:02:07,564 - mmseg - INFO - Iter [112700/160000]	lr: 4.619e-06, eta: 14:47:44, time: 0.545, data_time: 0.005, memory: 14490, decode.loss_seg: 0.0269, decode.acc_seg: 85.3423, aux.loss_seg: 0.0198, aux.acc_seg: 84.3841, loss: 0.0467
2026-04-24 23:02:54,587 - mmseg - INFO - Iter [112750/160000]	lr: 4.614e-06, eta: 14:46:44, time: 0.941, data_time: 0.378, memory: 14490, decode.loss_seg: 0.0268, decode.acc_seg: 84.5764, aux.loss_seg: 0.0201, aux.acc_seg: 83.5849, loss: 0.0469
2026-04-24 23:03:41,831 - mmseg - INFO - Iter [112800/160000]	lr: 4.610e-06, eta: 14:45:43, time: 0.945, data_time: 0.391, memory: 14490, decode.loss_seg: 0.0277, decode.acc_seg: 84.9349, aux.loss_seg: 0.0207, aux.acc_seg: 83.9000, loss: 0.0484
2026-04-24 23:04:09,040 - mmseg - INFO - Iter [112850/160000]	lr: 4.605e-06, eta: 14:44:32, time: 0.544, data_time: 0.004, memory: 14490, decode.loss_seg: 0.0275, decode.acc_seg: 85.2151, aux.loss_seg: 0.0203, aux.acc_seg: 84.2212, loss: 0.0479
2026-04-24 23:04:55,210 - mmseg - INFO - Iter [112900/160000]	lr: 4.600e-06, eta: 14:43:31, time: 0.923, data_time: 0.376, memory: 14490, decode.loss_seg: 0.0279, decode.acc_seg: 85.6535, aux.loss_seg: 0.0205, aux.acc_seg: 84.6567, loss: 0.0484
2026-04-24 23:05:41,365 - mmseg - INFO - Iter [112950/160000]	lr: 4.595e-06, eta: 14:42:30, time: 0.923, data_time: 0.339, memory: 14490, decode.loss_seg: 0.0269, decode.acc_seg: 84.4253, aux.loss_seg: 0.0207, aux.acc_seg: 83.3915, loss: 0.0476
2026-04-24 23:06:08,570 - mmseg - INFO - Exp name: pixel_upernet_itpn_large_12_512_slide_160k_air_polarsar2_amp_linux.py
2026-04-24 23:06:08,571 - mmseg - INFO - Iter [113000/160000]	lr: 4.590e-06, eta: 14:41:20, time: 0.544, data_time: 0.004, memory: 14490, decode.loss_seg: 0.0270, decode.acc_seg: 86.1434, aux.loss_seg: 0.0202, aux.acc_seg: 85.1502, loss: 0.0471
2026-04-24 23:06:55,342 - mmseg - INFO - Iter [113050/160000]	lr: 4.585e-06, eta: 14:40:19, time: 0.935, data_time: 0.334, memory: 14490, decode.loss_seg: 0.0274, decode.acc_seg: 85.0361, aux.loss_seg: 0.0204, aux.acc_seg: 84.0270, loss: 0.0478
2026-04-24 23:07:41,062 - mmseg - INFO - Iter [113100/160000]	lr: 4.580e-06, eta: 14:39:17, time: 0.914, data_time: 0.336, memory: 14490, decode.loss_seg: 0.0266, decode.acc_seg: 85.5790, aux.loss_seg: 0.0202, aux.acc_seg: 84.5547, loss: 0.0467
2026-04-24 23:08:08,364 - mmseg - INFO - Iter [113150/160000]	lr: 4.575e-06, eta: 14:38:07, time: 0.546, data_time: 0.004, memory: 14490, decode.loss_seg: 0.0270, decode.acc_seg: 85.8273, aux.loss_seg: 0.0205, aux.acc_seg: 84.8069, loss: 0.0476
2026-04-24 23:08:55,017 - mmseg - INFO - Iter [113200/160000]	lr: 4.570e-06, eta: 14:37:06, time: 0.933, data_time: 0.392, memory: 14490, decode.loss_seg: 0.0271, decode.acc_seg: 85.3908, aux.loss_seg: 0.0203, aux.acc_seg: 84.3890, loss: 0.0474
2026-04-24 23:09:22,219 - mmseg - INFO - Iter [113250/160000]	lr: 4.566e-06, eta: 14:35:56, time: 0.544, data_time: 0.004, memory: 14490, decode.loss_seg: 0.0269, decode.acc_seg: 84.6617, aux.loss_seg: 0.0203, aux.acc_seg: 83.6482, loss: 0.0471
2026-04-24 23:10:08,106 - mmseg - INFO - Iter [113300/160000]	lr: 4.561e-06, eta: 14:34:55, time: 0.918, data_time: 0.349, memory: 14490, decode.loss_seg: 0.0261, decode.acc_seg: 85.1517, aux.loss_seg: 0.0200, aux.acc_seg: 84.1216, loss: 0.0461
2026-04-24 23:10:54,968 - mmseg - INFO - Iter [113350/160000]	lr: 4.556e-06, eta: 14:33:54, time: 0.937, data_time: 0.379, memory: 14490, decode.loss_seg: 0.0262, decode.acc_seg: 84.7010, aux.loss_seg: 0.0202, aux.acc_seg: 83.6673, loss: 0.0464
2026-04-24 23:11:22,162 - mmseg - INFO - Iter [113400/160000]	lr: 4.551e-06, eta: 14:32:44, time: 0.544, data_time: 0.004, memory: 14490, decode.loss_seg: 0.0272, decode.acc_seg: 84.8820, aux.loss_seg: 0.0212, aux.acc_seg: 83.7645, loss: 0.0484
2026-04-24 23:12:09,133 - mmseg - INFO - Iter [113450/160000]	lr: 4.546e-06, eta: 14:31:44, time: 0.939, data_time: 0.349, memory: 14490, decode.loss_seg: 0.0271, decode.acc_seg: 85.5539, aux.loss_seg: 0.0206, aux.acc_seg: 84.5066, loss: 0.0477
2026-04-24 23:12:56,050 - mmseg - INFO - Iter [113500/160000]	lr: 4.541e-06, eta: 14:30:43, time: 0.939, data_time: 0.339, memory: 14490, decode.loss_seg: 0.0269, decode.acc_seg: 85.0497, aux.loss_seg: 0.0200, aux.acc_seg: 84.0690, loss: 0.0469
2026-04-24 23:13:23,332 - mmseg - INFO - Iter [113550/160000]	lr: 4.536e-06, eta: 14:29:33, time: 0.545, data_time: 0.004, memory: 14490, decode.loss_seg: 0.0256, decode.acc_seg: 83.8381, aux.loss_seg: 0.0197, aux.acc_seg: 82.8291, loss: 0.0453
2026-04-24 23:14:09,532 - mmseg - INFO - Iter [113600/160000]	lr: 4.531e-06, eta: 14:28:32, time: 0.924, data_time: 0.355, memory: 14490, decode.loss_seg: 0.0275, decode.acc_seg: 84.4018, aux.loss_seg: 0.0220, aux.acc_seg: 83.2339, loss: 0.0494
2026-04-24 23:14:55,436 - mmseg - INFO - Iter [113650/160000]	lr: 4.527e-06, eta: 14:27:31, time: 0.918, data_time: 0.377, memory: 14490, decode.loss_seg: 0.0261, decode.acc_seg: 85.7571, aux.loss_seg: 0.0193, aux.acc_seg: 84.8067, loss: 0.0453
2026-04-24 23:15:22,703 - mmseg - INFO - Iter [113700/160000]	lr: 4.522e-06, eta: 14:26:21, time: 0.545, data_time: 0.004, memory: 14490, decode.loss_seg: 0.0280, decode.acc_seg: 85.2992, aux.loss_seg: 0.0209, aux.acc_seg: 84.2722, loss: 0.0489
2026-04-24 23:16:09,103 - mmseg - INFO - Iter [113750/160000]	lr: 4.517e-06, eta: 14:25:21, time: 0.928, data_time: 0.387, memory: 14490, decode.loss_seg: 0.0274, decode.acc_seg: 85.3594, aux.loss_seg: 0.0202, aux.acc_seg: 84.3742, loss: 0.0476
2026-04-24 23:16:55,753 - mmseg - INFO - Iter [113800/160000]	lr: 4.512e-06, eta: 14:24:20, time: 0.933, data_time: 0.389, memory: 14490, decode.loss_seg: 0.0260, decode.acc_seg: 82.4720, aux.loss_seg: 0.0196, aux.acc_seg: 81.4915, loss: 0.0456
2026-04-24 23:17:23,016 - mmseg - INFO - Iter [113850/160000]	lr: 4.507e-06, eta: 14:23:10, time: 0.546, data_time: 0.004, memory: 14490, decode.loss_seg: 0.0274, decode.acc_seg: 84.8681, aux.loss_seg: 0.0207, aux.acc_seg: 83.8218, loss: 0.0481
2026-04-24 23:18:08,464 - mmseg - INFO - Iter [113900/160000]	lr: 4.502e-06, eta: 14:22:09, time: 0.909, data_time: 0.356, memory: 14490, decode.loss_seg: 0.0266, decode.acc_seg: 84.2575, aux.loss_seg: 0.0205, aux.acc_seg: 83.2406, loss: 0.0471
2026-04-24 23:18:56,132 - mmseg - INFO - Iter [113950/160000]	lr: 4.497e-06, eta: 14:21:09, time: 0.953, data_time: 0.388, memory: 14490, decode.loss_seg: 0.0266, decode.acc_seg: 84.3483, aux.loss_seg: 0.0202, aux.acc_seg: 83.3254, loss: 0.0469
2026-04-24 23:19:35,936 - mmseg - INFO - per class results:
2026-04-24 23:19:35,937 - mmseg - INFO - 
+------------+-------+-------+
| Class      | IoU   | Acc   |
+------------+-------+-------+
| housing    | 96.46 | 98.44 |
| industrial | 96.38 | 98.25 |
| natural    | 93.45 | 95.51 |
| land_use   | 86.78 | 90.49 |
| water      | 96.38 | 98.57 |
| other      | 98.93 | 99.62 |
+------------+-------+-------+
2026-04-24 23:19:35,937 - mmseg - INFO - Summary:
2026-04-24 23:19:35,937 - mmseg - INFO - 
+--------+-------+-------+-------+
| Scope  | mIoU  | mAcc  | aAcc  |
+--------+-------+-------+-------+
| global | 94.73 | 96.81 | 97.76 |
+--------+-------+-------+-------+
2026-04-24 23:19:35,968 - mmseg - INFO - Exp name: pixel_upernet_itpn_large_12_512_slide_160k_air_polarsar2_amp_linux.py
2026-04-24 23:19:35,968 - mmseg - INFO - Iter [114000/160000]	lr: 4.492e-06, eta: 14:24:54, time: 13.105, data_time: 0.000, memory: 14490, mIoU: 0.9473, mAcc: 0.9681, aAcc: 0.9776
2026-04-24 23:20:22,627 - mmseg - INFO - Iter [114050/160000]	lr: 4.487e-06, eta: 14:23:53, time: 0.933, data_time: 0.359, memory: 14490, decode.loss_seg: 0.0273, decode.acc_seg: 85.4552, aux.loss_seg: 0.0207, aux.acc_seg: 84.4437, loss: 0.0480
2026-04-24 23:21:08,553 - mmseg - INFO - Iter [114100/160000]	lr: 4.483e-06, eta: 14:22:52, time: 0.919, data_time: 0.370, memory: 14490, decode.loss_seg: 0.0268, decode.acc_seg: 85.3063, aux.loss_seg: 0.0200, aux.acc_seg: 84.3374, loss: 0.0468
2026-04-24 23:21:35,787 - mmseg - INFO - Iter [114150/160000]	lr: 4.478e-06, eta: 14:21:42, time: 0.545, data_time: 0.004, memory: 14490, decode.loss_seg: 0.0262, decode.acc_seg: 84.6901, aux.loss_seg: 0.0197, aux.acc_seg: 83.7038, loss: 0.0460
2026-04-24 23:22:22,100 - mmseg - INFO - Iter [114200/160000]	lr: 4.473e-06, eta: 14:20:41, time: 0.926, data_time: 0.381, memory: 14490, decode.loss_seg: 0.0273, decode.acc_seg: 85.1810, aux.loss_seg: 0.0207, aux.acc_seg: 84.1170, loss: 0.0480
2026-04-24 23:22:49,326 - mmseg - INFO - Iter [114250/160000]	lr: 4.468e-06, eta: 14:19:31, time: 0.545, data_time: 0.004, memory: 14490, decode.loss_seg: 0.0269, decode.acc_seg: 85.3704, aux.loss_seg: 0.0200, aux.acc_seg: 84.3854, loss: 0.0469
2026-04-24 23:23:35,843 - mmseg - INFO - Iter [114300/160000]	lr: 4.463e-06, eta: 14:18:30, time: 0.930, data_time: 0.334, memory: 14490, decode.loss_seg: 0.0287, decode.acc_seg: 85.0527, aux.loss_seg: 0.0237, aux.acc_seg: 83.9201, loss: 0.0524
2026-04-24 23:24:22,860 - mmseg - INFO - Iter [114350/160000]	lr: 4.458e-06, eta: 14:17:29, time: 0.941, data_time: 0.379, memory: 14490, decode.loss_seg: 0.0278, decode.acc_seg: 85.2428, aux.loss_seg: 0.0206, aux.acc_seg: 84.2376, loss: 0.0484
2026-04-24 23:24:50,087 - mmseg - INFO - Iter [114400/160000]	lr: 4.453e-06, eta: 14:16:19, time: 0.544, data_time: 0.004, memory: 14490, decode.loss_seg: 0.0273, decode.acc_seg: 84.6741, aux.loss_seg: 0.0209, aux.acc_seg: 83.6556, loss: 0.0482
2026-04-24 23:25:37,099 - mmseg - INFO - Iter [114450/160000]	lr: 4.448e-06, eta: 14:15:19, time: 0.940, data_time: 0.329, memory: 14490, decode.loss_seg: 0.0270, decode.acc_seg: 84.7736, aux.loss_seg: 0.0205, aux.acc_seg: 83.7397, loss: 0.0475
2026-04-24 23:26:24,264 - mmseg - INFO - Iter [114500/160000]	lr: 4.443e-06, eta: 14:14:18, time: 0.943, data_time: 0.372, memory: 14490, decode.loss_seg: 0.0263, decode.acc_seg: 83.2799, aux.loss_seg: 0.0198, aux.acc_seg: 82.2761, loss: 0.0462
2026-04-24 23:26:51,513 - mmseg - INFO - Iter [114550/160000]	lr: 4.439e-06, eta: 14:13:09, time: 0.545, data_time: 0.004, memory: 14490, decode.loss_seg: 0.0271, decode.acc_seg: 84.9639, aux.loss_seg: 0.0205, aux.acc_seg: 83.9383, loss: 0.0476
2026-04-24 23:27:38,050 - mmseg - INFO - Iter [114600/160000]	lr: 4.434e-06, eta: 14:12:08, time: 0.931, data_time: 0.386, memory: 14490, decode.loss_seg: 0.0279, decode.acc_seg: 83.9749, aux.loss_seg: 0.0208, aux.acc_seg: 82.9568, loss: 0.0486
2026-04-24 23:28:24,193 - mmseg - INFO - Iter [114650/160000]	lr: 4.429e-06, eta: 14:11:07, time: 0.923, data_time: 0.375, memory: 14490, decode.loss_seg: 0.0255, decode.acc_seg: 84.6036, aux.loss_seg: 0.0195, aux.acc_seg: 83.6080, loss: 0.0450
2026-04-24 23:28:51,428 - mmseg - INFO - Iter [114700/160000]	lr: 4.424e-06, eta: 14:09:57, time: 0.544, data_time: 0.004, memory: 14490, decode.loss_seg: 0.0268, decode.acc_seg: 84.7088, aux.loss_seg: 0.0215, aux.acc_seg: 83.5220, loss: 0.0483
2026-04-24 23:29:38,597 - mmseg - INFO - Iter [114750/160000]	lr: 4.419e-06, eta: 14:08:57, time: 0.943, data_time: 0.342, memory: 14490, decode.loss_seg: 0.0262, decode.acc_seg: 86.0215, aux.loss_seg: 0.0196, aux.acc_seg: 85.0517, loss: 0.0458
2026-04-24 23:30:24,845 - mmseg - INFO - Iter [114800/160000]	lr: 4.414e-06, eta: 14:07:56, time: 0.925, data_time: 0.353, memory: 14490, decode.loss_seg: 0.0275, decode.acc_seg: 85.2303, aux.loss_seg: 0.0209, aux.acc_seg: 84.1805, loss: 0.0484
2026-04-24 23:30:52,097 - mmseg - INFO - Iter [114850/160000]	lr: 4.409e-06, eta: 14:06:46, time: 0.545, data_time: 0.004, memory: 14490, decode.loss_seg: 0.0262, decode.acc_seg: 83.4775, aux.loss_seg: 0.0205, aux.acc_seg: 82.4079, loss: 0.0467
2026-04-24 23:31:38,370 - mmseg - INFO - Iter [114900/160000]	lr: 4.404e-06, eta: 14:05:45, time: 0.926, data_time: 0.328, memory: 14490, decode.loss_seg: 0.0256, decode.acc_seg: 84.8677, aux.loss_seg: 0.0194, aux.acc_seg: 83.8927, loss: 0.0450
2026-04-24 23:32:25,308 - mmseg - INFO - Iter [114950/160000]	lr: 4.400e-06, eta: 14:04:45, time: 0.939, data_time: 0.372, memory: 14490, decode.loss_seg: 0.0262, decode.acc_seg: 84.8148, aux.loss_seg: 0.0199, aux.acc_seg: 83.8070, loss: 0.0462
2026-04-24 23:32:52,584 - mmseg - INFO - Exp name: pixel_upernet_itpn_large_12_512_slide_160k_air_polarsar2_amp_linux.py
2026-04-24 23:32:52,584 - mmseg - INFO - Iter [115000/160000]	lr: 4.395e-06, eta: 14:03:35, time: 0.546, data_time: 0.004, memory: 14490, decode.loss_seg: 0.0258, decode.acc_seg: 83.4702, aux.loss_seg: 0.0198, aux.acc_seg: 82.4915, loss: 0.0457
2026-04-24 23:33:38,999 - mmseg - INFO - Iter [115050/160000]	lr: 4.390e-06, eta: 14:02:35, time: 0.928, data_time: 0.364, memory: 14490, decode.loss_seg: 0.0269, decode.acc_seg: 85.9026, aux.loss_seg: 0.0205, aux.acc_seg: 84.8738, loss: 0.0474
2026-04-24 23:34:26,219 - mmseg - INFO - Iter [115100/160000]	lr: 4.385e-06, eta: 14:01:34, time: 0.944, data_time: 0.355, memory: 14490, decode.loss_seg: 0.0274, decode.acc_seg: 85.7216, aux.loss_seg: 0.0205, aux.acc_seg: 84.7209, loss: 0.0479
2026-04-24 23:34:53,440 - mmseg - INFO - Iter [115150/160000]	lr: 4.380e-06, eta: 14:00:25, time: 0.544, data_time: 0.004, memory: 14490, decode.loss_seg: 0.0262, decode.acc_seg: 84.6669, aux.loss_seg: 0.0198, aux.acc_seg: 83.6755, loss: 0.0460
2026-04-24 23:35:40,585 - mmseg - INFO - Iter [115200/160000]	lr: 4.375e-06, eta: 13:59:25, time: 0.943, data_time: 0.369, memory: 14490, decode.loss_seg: 0.0267, decode.acc_seg: 84.7546, aux.loss_seg: 0.0202, aux.acc_seg: 83.7279, loss: 0.0468
2026-04-24 23:36:07,774 - mmseg - INFO - Iter [115250/160000]	lr: 4.370e-06, eta: 13:58:15, time: 0.544, data_time: 0.004, memory: 14490, decode.loss_seg: 0.0265, decode.acc_seg: 85.5789, aux.loss_seg: 0.0206, aux.acc_seg: 84.5544, loss: 0.0471
2026-04-24 23:36:55,642 - mmseg - INFO - Iter [115300/160000]	lr: 4.365e-06, eta: 13:57:16, time: 0.958, data_time: 0.374, memory: 14490, decode.loss_seg: 0.0274, decode.acc_seg: 85.7194, aux.loss_seg: 0.0202, aux.acc_seg: 84.7383, loss: 0.0475
2026-04-24 23:37:42,195 - mmseg - INFO - Iter [115350/160000]	lr: 4.360e-06, eta: 13:56:15, time: 0.931, data_time: 0.336, memory: 14490, decode.loss_seg: 0.0272, decode.acc_seg: 86.1847, aux.loss_seg: 0.0202, aux.acc_seg: 85.1852, loss: 0.0474
2026-04-24 23:38:09,376 - mmseg - INFO - Iter [115400/160000]	lr: 4.356e-06, eta: 13:55:06, time: 0.544, data_time: 0.003, memory: 14490, decode.loss_seg: 0.0268, decode.acc_seg: 85.2225, aux.loss_seg: 0.0204, aux.acc_seg: 84.1912, loss: 0.0472
2026-04-24 23:38:56,190 - mmseg - INFO - Iter [115450/160000]	lr: 4.351e-06, eta: 13:54:05, time: 0.936, data_time: 0.367, memory: 14490, decode.loss_seg: 0.0264, decode.acc_seg: 85.6543, aux.loss_seg: 0.0213, aux.acc_seg: 84.5715, loss: 0.0477
2026-04-24 23:39:42,228 - mmseg - INFO - Iter [115500/160000]	lr: 4.346e-06, eta: 13:53:05, time: 0.921, data_time: 0.352, memory: 14490, decode.loss_seg: 0.0270, decode.acc_seg: 83.9812, aux.loss_seg: 0.0209, aux.acc_seg: 82.9080, loss: 0.0479
2026-04-24 23:40:09,492 - mmseg - INFO - Iter [115550/160000]	lr: 4.341e-06, eta: 13:51:56, time: 0.545, data_time: 0.004, memory: 14490, decode.loss_seg: 0.0261, decode.acc_seg: 84.7813, aux.loss_seg: 0.0196, aux.acc_seg: 83.7977, loss: 0.0458
2026-04-24 23:40:55,925 - mmseg - INFO - Iter [115600/160000]	lr: 4.336e-06, eta: 13:50:55, time: 0.929, data_time: 0.320, memory: 14490, decode.loss_seg: 0.0278, decode.acc_seg: 87.0188, aux.loss_seg: 0.0208, aux.acc_seg: 85.9904, loss: 0.0486
2026-04-24 23:41:42,048 - mmseg - INFO - Iter [115650/160000]	lr: 4.331e-06, eta: 13:49:55, time: 0.922, data_time: 0.348, memory: 14490, decode.loss_seg: 0.0260, decode.acc_seg: 85.0186, aux.loss_seg: 0.0197, aux.acc_seg: 84.0393, loss: 0.0456
2026-04-24 23:42:09,282 - mmseg - INFO - Iter [115700/160000]	lr: 4.326e-06, eta: 13:48:46, time: 0.545, data_time: 0.004, memory: 14490, decode.loss_seg: 0.0269, decode.acc_seg: 86.3453, aux.loss_seg: 0.0212, aux.acc_seg: 85.2396, loss: 0.0481
2026-04-24 23:42:56,295 - mmseg - INFO - Iter [115750/160000]	lr: 4.321e-06, eta: 13:47:45, time: 0.940, data_time: 0.384, memory: 14490, decode.loss_seg: 0.0260, decode.acc_seg: 84.3591, aux.loss_seg: 0.0197, aux.acc_seg: 83.3633, loss: 0.0457
2026-04-24 23:43:43,423 - mmseg - INFO - Iter [115800/160000]	lr: 4.317e-06, eta: 13:46:45, time: 0.943, data_time: 0.380, memory: 14490, decode.loss_seg: 0.0265, decode.acc_seg: 85.7026, aux.loss_seg: 0.0203, aux.acc_seg: 84.6669, loss: 0.0468
2026-04-24 23:44:10,665 - mmseg - INFO - Iter [115850/160000]	lr: 4.312e-06, eta: 13:45:36, time: 0.545, data_time: 0.004, memory: 14490, decode.loss_seg: 0.0267, decode.acc_seg: 85.0264, aux.loss_seg: 0.0202, aux.acc_seg: 84.0183, loss: 0.0470
2026-04-24 23:44:57,745 - mmseg - INFO - Iter [115900/160000]	lr: 4.307e-06, eta: 13:44:36, time: 0.942, data_time: 0.358, memory: 14490, decode.loss_seg: 0.0261, decode.acc_seg: 85.1902, aux.loss_seg: 0.0196, aux.acc_seg: 84.2221, loss: 0.0458
2026-04-24 23:45:45,707 - mmseg - INFO - Iter [115950/160000]	lr: 4.302e-06, eta: 13:43:37, time: 0.959, data_time: 0.395, memory: 14490, decode.loss_seg: 0.0261, decode.acc_seg: 84.7284, aux.loss_seg: 0.0216, aux.acc_seg: 83.4988, loss: 0.0477
2026-04-24 23:46:24,640 - mmseg - INFO - per class results:
2026-04-24 23:46:24,641 - mmseg - INFO - 
+------------+-------+-------+
| Class      | IoU   | Acc   |
+------------+-------+-------+
| housing    | 96.47 | 97.99 |
| industrial | 96.49 | 98.34 |
| natural    | 93.47 | 95.64 |
| land_use   | 86.86 | 90.3  |
| water      | 96.44 | 98.76 |
| other      | 98.87 | 99.49 |
+------------+-------+-------+
2026-04-24 23:46:24,641 - mmseg - INFO - Summary:
2026-04-24 23:46:24,641 - mmseg - INFO - 
+--------+-------+-------+------+
| Scope  | mIoU  | mAcc  | aAcc |
+--------+-------+-------+------+
| global | 94.77 | 96.75 | 97.8 |
+--------+-------+-------+------+
2026-04-24 23:46:24,665 - mmseg - INFO - Exp name: pixel_upernet_itpn_large_12_512_slide_160k_air_polarsar2_amp_linux.py
2026-04-24 23:46:24,665 - mmseg - INFO - Iter [116000/160000]	lr: 4.297e-06, eta: 13:46:46, time: 12.270, data_time: 0.000, memory: 14490, mIoU: 0.9477, mAcc: 0.9675, aAcc: 0.9780
2026-04-24 23:47:11,735 - mmseg - INFO - Iter [116050/160000]	lr: 4.292e-06, eta: 13:45:45, time: 0.941, data_time: 0.322, memory: 14490, decode.loss_seg: 0.0266, decode.acc_seg: 85.0507, aux.loss_seg: 0.0201, aux.acc_seg: 84.0345, loss: 0.0467
2026-04-24 23:47:39,002 - mmseg - INFO - Iter [116100/160000]	lr: 4.287e-06, eta: 13:44:36, time: 0.545, data_time: 0.004, memory: 14490, decode.loss_seg: 0.0265, decode.acc_seg: 85.0361, aux.loss_seg: 0.0198, aux.acc_seg: 84.0654, loss: 0.0463
2026-04-24 23:48:26,750 - mmseg - INFO - Iter [116150/160000]	lr: 4.282e-06, eta: 13:43:36, time: 0.955, data_time: 0.397, memory: 14490, decode.loss_seg: 0.0265, decode.acc_seg: 84.4981, aux.loss_seg: 0.0204, aux.acc_seg: 83.4641, loss: 0.0469
2026-04-24 23:49:12,808 - mmseg - INFO - Iter [116200/160000]	lr: 4.277e-06, eta: 13:42:35, time: 0.921, data_time: 0.326, memory: 14490, decode.loss_seg: 0.0263, decode.acc_seg: 85.0028, aux.loss_seg: 0.0202, aux.acc_seg: 83.9570, loss: 0.0466
2026-04-24 23:49:40,066 - mmseg - INFO - Iter [116250/160000]	lr: 4.273e-06, eta: 13:41:26, time: 0.545, data_time: 0.004, memory: 14490, decode.loss_seg: 0.0260, decode.acc_seg: 85.4080, aux.loss_seg: 0.0197, aux.acc_seg: 84.4038, loss: 0.0457
2026-04-24 23:50:26,916 - mmseg - INFO - Iter [116300/160000]	lr: 4.268e-06, eta: 13:40:26, time: 0.937, data_time: 0.348, memory: 14490, decode.loss_seg: 0.0261, decode.acc_seg: 85.2212, aux.loss_seg: 0.0199, aux.acc_seg: 84.2314, loss: 0.0460
2026-04-24 23:51:13,288 - mmseg - INFO - Iter [116350/160000]	lr: 4.263e-06, eta: 13:39:25, time: 0.927, data_time: 0.386, memory: 14490, decode.loss_seg: 0.0268, decode.acc_seg: 85.5330, aux.loss_seg: 0.0202, aux.acc_seg: 84.5235, loss: 0.0470
2026-04-24 23:51:40,502 - mmseg - INFO - Iter [116400/160000]	lr: 4.258e-06, eta: 13:38:16, time: 0.545, data_time: 0.004, memory: 14490, decode.loss_seg: 0.0260, decode.acc_seg: 84.1464, aux.loss_seg: 0.0195, aux.acc_seg: 83.1641, loss: 0.0455
2026-04-24 23:52:27,736 - mmseg - INFO - Iter [116450/160000]	lr: 4.253e-06, eta: 13:37:16, time: 0.945, data_time: 0.362, memory: 14490, decode.loss_seg: 0.0261, decode.acc_seg: 84.2255, aux.loss_seg: 0.0198, aux.acc_seg: 83.2069, loss: 0.0460
2026-04-24 23:53:14,430 - mmseg - INFO - Iter [116500/160000]	lr: 4.248e-06, eta: 13:36:16, time: 0.934, data_time: 0.380, memory: 14490, decode.loss_seg: 0.0257, decode.acc_seg: 84.0199, aux.loss_seg: 0.0197, aux.acc_seg: 83.0217, loss: 0.0454
2026-04-24 23:53:41,644 - mmseg - INFO - Iter [116550/160000]	lr: 4.243e-06, eta: 13:35:07, time: 0.544, data_time: 0.004, memory: 14490, decode.loss_seg: 0.0268, decode.acc_seg: 84.6399, aux.loss_seg: 0.0202, aux.acc_seg: 83.6254, loss: 0.0470
2026-04-24 23:54:28,791 - mmseg - INFO - Iter [116600/160000]	lr: 4.238e-06, eta: 13:34:06, time: 0.943, data_time: 0.403, memory: 14490, decode.loss_seg: 0.0251, decode.acc_seg: 84.0044, aux.loss_seg: 0.0191, aux.acc_seg: 83.0368, loss: 0.0443
2026-04-24 23:55:15,395 - mmseg - INFO - Iter [116650/160000]	lr: 4.234e-06, eta: 13:33:06, time: 0.932, data_time: 0.383, memory: 14490, decode.loss_seg: 0.0279, decode.acc_seg: 84.8849, aux.loss_seg: 0.0209, aux.acc_seg: 83.8491, loss: 0.0488
2026-04-24 23:55:42,566 - mmseg - INFO - Iter [116700/160000]	lr: 4.229e-06, eta: 13:31:57, time: 0.543, data_time: 0.003, memory: 14490, decode.loss_seg: 0.0258, decode.acc_seg: 84.2149, aux.loss_seg: 0.0196, aux.acc_seg: 83.2194, loss: 0.0454
2026-04-24 23:56:29,682 - mmseg - INFO - Iter [116750/160000]	lr: 4.224e-06, eta: 13:30:57, time: 0.942, data_time: 0.374, memory: 14490, decode.loss_seg: 0.0263, decode.acc_seg: 85.1771, aux.loss_seg: 0.0197, aux.acc_seg: 84.1925, loss: 0.0460
2026-04-24 23:57:16,924 - mmseg - INFO - Iter [116800/160000]	lr: 4.219e-06, eta: 13:29:57, time: 0.945, data_time: 0.370, memory: 14490, decode.loss_seg: 0.0270, decode.acc_seg: 85.3308, aux.loss_seg: 0.0218, aux.acc_seg: 84.1622, loss: 0.0488
2026-04-24 23:57:44,082 - mmseg - INFO - Iter [116850/160000]	lr: 4.214e-06, eta: 13:28:48, time: 0.543, data_time: 0.004, memory: 14490, decode.loss_seg: 0.0264, decode.acc_seg: 84.8758, aux.loss_seg: 0.0201, aux.acc_seg: 83.8724, loss: 0.0465
2026-04-24 23:58:31,379 - mmseg - INFO - Iter [116900/160000]	lr: 4.209e-06, eta: 13:27:48, time: 0.946, data_time: 0.385, memory: 14490, decode.loss_seg: 0.0258, decode.acc_seg: 84.6316, aux.loss_seg: 0.0195, aux.acc_seg: 83.6471, loss: 0.0454
2026-04-24 23:59:19,105 - mmseg - INFO - Iter [116950/160000]	lr: 4.204e-06, eta: 13:26:48, time: 0.955, data_time: 0.360, memory: 14490, decode.loss_seg: 0.0257, decode.acc_seg: 84.5716, aux.loss_seg: 0.0197, aux.acc_seg: 83.5616, loss: 0.0455
2026-04-24 23:59:46,315 - mmseg - INFO - Exp name: pixel_upernet_itpn_large_12_512_slide_160k_air_polarsar2_amp_linux.py
2026-04-24 23:59:46,316 - mmseg - INFO - Iter [117000/160000]	lr: 4.199e-06, eta: 13:25:40, time: 0.544, data_time: 0.004, memory: 14490, decode.loss_seg: 0.0268, decode.acc_seg: 86.1964, aux.loss_seg: 0.0200, aux.acc_seg: 85.2140, loss: 0.0469
2026-04-25 00:00:32,775 - mmseg - INFO - Iter [117050/160000]	lr: 4.194e-06, eta: 13:24:39, time: 0.929, data_time: 0.388, memory: 14490, decode.loss_seg: 0.0257, decode.acc_seg: 84.4814, aux.loss_seg: 0.0193, aux.acc_seg: 83.5168, loss: 0.0450
2026-04-25 00:01:00,051 - mmseg - INFO - Iter [117100/160000]	lr: 4.190e-06, eta: 13:23:31, time: 0.545, data_time: 0.004, memory: 14490, decode.loss_seg: 0.0266, decode.acc_seg: 84.7065, aux.loss_seg: 0.0202, aux.acc_seg: 83.6902, loss: 0.0468
2026-04-25 00:01:46,829 - mmseg - INFO - Iter [117150/160000]	lr: 4.185e-06, eta: 13:22:31, time: 0.936, data_time: 0.368, memory: 14490, decode.loss_seg: 0.0267, decode.acc_seg: 85.7802, aux.loss_seg: 0.0211, aux.acc_seg: 84.7072, loss: 0.0478
2026-04-25 00:02:33,483 - mmseg - INFO - Iter [117200/160000]	lr: 4.180e-06, eta: 13:21:31, time: 0.933, data_time: 0.314, memory: 14490, decode.loss_seg: 0.0263, decode.acc_seg: 84.8004, aux.loss_seg: 0.0202, aux.acc_seg: 83.7946, loss: 0.0465
2026-04-25 00:03:00,650 - mmseg - INFO - Iter [117250/160000]	lr: 4.175e-06, eta: 13:20:22, time: 0.543, data_time: 0.004, memory: 14490, decode.loss_seg: 0.0264, decode.acc_seg: 85.8046, aux.loss_seg: 0.0204, aux.acc_seg: 84.7597, loss: 0.0468
2026-04-25 00:03:48,080 - mmseg - INFO - Iter [117300/160000]	lr: 4.170e-06, eta: 13:19:22, time: 0.949, data_time: 0.388, memory: 14490, decode.loss_seg: 0.0318, decode.acc_seg: 83.9757, aux.loss_seg: 0.0243, aux.acc_seg: 82.9138, loss: 0.0561
2026-04-25 00:04:34,425 - mmseg - INFO - Iter [117350/160000]	lr: 4.165e-06, eta: 13:18:22, time: 0.927, data_time: 0.368, memory: 14490, decode.loss_seg: 0.0270, decode.acc_seg: 84.8569, aux.loss_seg: 0.0205, aux.acc_seg: 83.8425, loss: 0.0476
2026-04-25 00:05:01,627 - mmseg - INFO - Iter [117400/160000]	lr: 4.160e-06, eta: 13:17:14, time: 0.544, data_time: 0.004, memory: 14490, decode.loss_seg: 0.0268, decode.acc_seg: 86.1252, aux.loss_seg: 0.0212, aux.acc_seg: 85.0235, loss: 0.0480
2026-04-25 00:05:48,297 - mmseg - INFO - Iter [117450/160000]	lr: 4.155e-06, eta: 13:16:14, time: 0.934, data_time: 0.379, memory: 14490, decode.loss_seg: 0.0263, decode.acc_seg: 84.9166, aux.loss_seg: 0.0197, aux.acc_seg: 83.9483, loss: 0.0460
2026-04-25 00:06:35,123 - mmseg - INFO - Iter [117500/160000]	lr: 4.151e-06, eta: 13:15:13, time: 0.937, data_time: 0.387, memory: 14490, decode.loss_seg: 0.0270, decode.acc_seg: 84.5498, aux.loss_seg: 0.0205, aux.acc_seg: 83.5116, loss: 0.0475
2026-04-25 00:07:02,293 - mmseg - INFO - Iter [117550/160000]	lr: 4.146e-06, eta: 13:14:05, time: 0.543, data_time: 0.005, memory: 14490, decode.loss_seg: 0.0264, decode.acc_seg: 84.7027, aux.loss_seg: 0.0207, aux.acc_seg: 83.6165, loss: 0.0471
2026-04-25 00:07:48,264 - mmseg - INFO - Iter [117600/160000]	lr: 4.141e-06, eta: 13:13:05, time: 0.919, data_time: 0.381, memory: 14490, decode.loss_seg: 0.0267, decode.acc_seg: 85.6927, aux.loss_seg: 0.0202, aux.acc_seg: 84.6778, loss: 0.0469
2026-04-25 00:08:34,720 - mmseg - INFO - Iter [117650/160000]	lr: 4.136e-06, eta: 13:12:05, time: 0.929, data_time: 0.364, memory: 14490, decode.loss_seg: 0.0263, decode.acc_seg: 85.2474, aux.loss_seg: 0.0197, aux.acc_seg: 84.2725, loss: 0.0460
2026-04-25 00:09:01,837 - mmseg - INFO - Iter [117700/160000]	lr: 4.131e-06, eta: 13:10:57, time: 0.543, data_time: 0.005, memory: 14490, decode.loss_seg: 0.0257, decode.acc_seg: 85.0574, aux.loss_seg: 0.0197, aux.acc_seg: 84.0533, loss: 0.0454
2026-04-25 00:09:47,960 - mmseg - INFO - Iter [117750/160000]	lr: 4.126e-06, eta: 13:09:56, time: 0.922, data_time: 0.367, memory: 14490, decode.loss_seg: 0.0265, decode.acc_seg: 85.4070, aux.loss_seg: 0.0202, aux.acc_seg: 84.3778, loss: 0.0468
2026-04-25 00:10:34,078 - mmseg - INFO - Iter [117800/160000]	lr: 4.121e-06, eta: 13:08:56, time: 0.922, data_time: 0.376, memory: 14490, decode.loss_seg: 0.0254, decode.acc_seg: 84.6777, aux.loss_seg: 0.0192, aux.acc_seg: 83.7054, loss: 0.0446
2026-04-25 00:11:01,225 - mmseg - INFO - Iter [117850/160000]	lr: 4.116e-06, eta: 13:07:48, time: 0.543, data_time: 0.005, memory: 14490, decode.loss_seg: 0.0263, decode.acc_seg: 83.9284, aux.loss_seg: 0.0203, aux.acc_seg: 82.8809, loss: 0.0466
2026-04-25 00:11:47,431 - mmseg - INFO - Iter [117900/160000]	lr: 4.111e-06, eta: 13:06:48, time: 0.924, data_time: 0.386, memory: 14490, decode.loss_seg: 0.0261, decode.acc_seg: 84.8033, aux.loss_seg: 0.0200, aux.acc_seg: 83.7745, loss: 0.0461
2026-04-25 00:12:34,423 - mmseg - INFO - Iter [117950/160000]	lr: 4.107e-06, eta: 13:05:48, time: 0.940, data_time: 0.373, memory: 14490, decode.loss_seg: 0.0258, decode.acc_seg: 85.1925, aux.loss_seg: 0.0196, aux.acc_seg: 84.2094, loss: 0.0453
2026-04-25 00:13:13,304 - mmseg - INFO - per class results:
2026-04-25 00:13:13,304 - mmseg - INFO - 
+------------+-------+-------+
| Class      | IoU   | Acc   |
+------------+-------+-------+
| housing    | 96.6  | 98.39 |
| industrial | 96.5  | 98.3  |
| natural    | 93.44 | 95.35 |
| land_use   | 87.31 | 91.45 |
| water      | 96.48 | 98.55 |
| other      | 99.03 | 99.46 |
+------------+-------+-------+
2026-04-25 00:13:13,304 - mmseg - INFO - Summary:
2026-04-25 00:13:13,304 - mmseg - INFO - 
+--------+-------+-------+-------+
| Scope  | mIoU  | mAcc  | aAcc  |
+--------+-------+-------+-------+
| global | 94.89 | 96.92 | 97.83 |
+--------+-------+-------+-------+
2026-04-25 00:13:13,328 - mmseg - INFO - Exp name: pixel_upernet_itpn_large_12_512_slide_160k_air_polarsar2_amp_linux.py
2026-04-25 00:13:13,328 - mmseg - INFO - Iter [118000/160000]	lr: 4.102e-06, eta: 13:08:43, time: 12.321, data_time: 0.000, memory: 14490, mIoU: 0.9489, mAcc: 0.9692, aAcc: 0.9783
2026-04-25 00:14:00,214 - mmseg - INFO - Iter [118050/160000]	lr: 4.097e-06, eta: 13:07:42, time: 0.938, data_time: 0.365, memory: 14490, decode.loss_seg: 0.0259, decode.acc_seg: 85.4323, aux.loss_seg: 0.0201, aux.acc_seg: 84.4377, loss: 0.0460
2026-04-25 00:14:27,330 - mmseg - INFO - Iter [118100/160000]	lr: 4.092e-06, eta: 13:06:34, time: 0.542, data_time: 0.005, memory: 14490, decode.loss_seg: 0.0256, decode.acc_seg: 84.5504, aux.loss_seg: 0.0195, aux.acc_seg: 83.5592, loss: 0.0451
2026-04-25 00:15:14,067 - mmseg - INFO - Iter [118150/160000]	lr: 4.087e-06, eta: 13:05:34, time: 0.935, data_time: 0.374, memory: 14490, decode.loss_seg: 0.0261, decode.acc_seg: 83.1192, aux.loss_seg: 0.0201, aux.acc_seg: 82.0914, loss: 0.0461
2026-04-25 00:16:01,634 - mmseg - INFO - Iter [118200/160000]	lr: 4.082e-06, eta: 13:04:34, time: 0.951, data_time: 0.368, memory: 14490, decode.loss_seg: 0.0257, decode.acc_seg: 84.9802, aux.loss_seg: 0.0196, aux.acc_seg: 83.9898, loss: 0.0453
2026-04-25 00:16:28,737 - mmseg - INFO - Iter [118250/160000]	lr: 4.077e-06, eta: 13:03:26, time: 0.542, data_time: 0.005, memory: 14490, decode.loss_seg: 0.0260, decode.acc_seg: 84.8170, aux.loss_seg: 0.0195, aux.acc_seg: 83.8364, loss: 0.0455
2026-04-25 00:17:14,736 - mmseg - INFO - Iter [118300/160000]	lr: 4.072e-06, eta: 13:02:25, time: 0.920, data_time: 0.349, memory: 14490, decode.loss_seg: 0.0264, decode.acc_seg: 85.1772, aux.loss_seg: 0.0201, aux.acc_seg: 84.1582, loss: 0.0465
2026-04-25 00:18:01,579 - mmseg - INFO - Iter [118350/160000]	lr: 4.068e-06, eta: 13:01:25, time: 0.937, data_time: 0.361, memory: 14490, decode.loss_seg: 0.0259, decode.acc_seg: 84.8363, aux.loss_seg: 0.0195, aux.acc_seg: 83.8534, loss: 0.0455
2026-04-25 00:18:28,854 - mmseg - INFO - Iter [118400/160000]	lr: 4.063e-06, eta: 13:00:17, time: 0.546, data_time: 0.005, memory: 14490, decode.loss_seg: 0.0269, decode.acc_seg: 85.1130, aux.loss_seg: 0.0206, aux.acc_seg: 84.0867, loss: 0.0475
2026-04-25 00:19:15,801 - mmseg - INFO - Iter [118450/160000]	lr: 4.058e-06, eta: 12:59:17, time: 0.939, data_time: 0.368, memory: 14490, decode.loss_seg: 0.0259, decode.acc_seg: 84.9375, aux.loss_seg: 0.0198, aux.acc_seg: 83.9362, loss: 0.0457
2026-04-25 00:20:02,391 - mmseg - INFO - Iter [118500/160000]	lr: 4.053e-06, eta: 12:58:17, time: 0.932, data_time: 0.392, memory: 14490, decode.loss_seg: 0.0264, decode.acc_seg: 85.0910, aux.loss_seg: 0.0202, aux.acc_seg: 84.0596, loss: 0.0466
2026-04-25 00:20:29,585 - mmseg - INFO - Iter [118550/160000]	lr: 4.048e-06, eta: 12:57:09, time: 0.544, data_time: 0.005, memory: 14490, decode.loss_seg: 0.0253, decode.acc_seg: 84.5503, aux.loss_seg: 0.0191, aux.acc_seg: 83.5890, loss: 0.0444
2026-04-25 00:21:16,088 - mmseg - INFO - Iter [118600/160000]	lr: 4.043e-06, eta: 12:56:09, time: 0.930, data_time: 0.338, memory: 14490, decode.loss_seg: 0.0273, decode.acc_seg: 85.2902, aux.loss_seg: 0.0220, aux.acc_seg: 84.1508, loss: 0.0493
2026-04-25 00:22:02,867 - mmseg - INFO - Iter [118650/160000]	lr: 4.038e-06, eta: 12:55:09, time: 0.936, data_time: 0.381, memory: 14490, decode.loss_seg: 0.0273, decode.acc_seg: 85.0552, aux.loss_seg: 0.0209, aux.acc_seg: 83.9879, loss: 0.0482
2026-04-25 00:22:30,062 - mmseg - INFO - Iter [118700/160000]	lr: 4.033e-06, eta: 12:54:01, time: 0.544, data_time: 0.005, memory: 14490, decode.loss_seg: 0.0271, decode.acc_seg: 86.4672, aux.loss_seg: 0.0208, aux.acc_seg: 85.4216, loss: 0.0479
2026-04-25 00:23:16,883 - mmseg - INFO - Iter [118750/160000]	lr: 4.028e-06, eta: 12:53:01, time: 0.936, data_time: 0.379, memory: 14490, decode.loss_seg: 0.0257, decode.acc_seg: 83.8075, aux.loss_seg: 0.0198, aux.acc_seg: 82.7930, loss: 0.0455
2026-04-25 00:24:03,422 - mmseg - INFO - Iter [118800/160000]	lr: 4.024e-06, eta: 12:52:00, time: 0.931, data_time: 0.374, memory: 14490, decode.loss_seg: 0.0259, decode.acc_seg: 84.7977, aux.loss_seg: 0.0195, aux.acc_seg: 83.8214, loss: 0.0454
2026-04-25 00:24:30,611 - mmseg - INFO - Iter [118850/160000]	lr: 4.019e-06, eta: 12:50:53, time: 0.544, data_time: 0.005, memory: 14490, decode.loss_seg: 0.0261, decode.acc_seg: 83.9220, aux.loss_seg: 0.0199, aux.acc_seg: 82.9040, loss: 0.0460
2026-04-25 00:25:17,183 - mmseg - INFO - Iter [118900/160000]	lr: 4.014e-06, eta: 12:49:53, time: 0.931, data_time: 0.351, memory: 14490, decode.loss_seg: 0.0263, decode.acc_seg: 86.3839, aux.loss_seg: 0.0199, aux.acc_seg: 85.3913, loss: 0.0462
2026-04-25 00:26:04,004 - mmseg - INFO - Iter [118950/160000]	lr: 4.009e-06, eta: 12:48:53, time: 0.936, data_time: 0.349, memory: 14490, decode.loss_seg: 0.0260, decode.acc_seg: 85.0654, aux.loss_seg: 0.0200, aux.acc_seg: 84.0300, loss: 0.0460
2026-04-25 00:26:31,234 - mmseg - INFO - Exp name: pixel_upernet_itpn_large_12_512_slide_160k_air_polarsar2_amp_linux.py
2026-04-25 00:26:31,235 - mmseg - INFO - Iter [119000/160000]	lr: 4.004e-06, eta: 12:47:45, time: 0.545, data_time: 0.005, memory: 14490, decode.loss_seg: 0.0271, decode.acc_seg: 85.6766, aux.loss_seg: 0.0202, aux.acc_seg: 84.6897, loss: 0.0473
2026-04-25 00:27:17,759 - mmseg - INFO - Iter [119050/160000]	lr: 3.999e-06, eta: 12:46:45, time: 0.931, data_time: 0.336, memory: 14490, decode.loss_seg: 0.0266, decode.acc_seg: 84.6329, aux.loss_seg: 0.0207, aux.acc_seg: 83.5896, loss: 0.0473
2026-04-25 00:27:44,981 - mmseg - INFO - Iter [119100/160000]	lr: 3.994e-06, eta: 12:45:37, time: 0.544, data_time: 0.005, memory: 14490, decode.loss_seg: 0.0256, decode.acc_seg: 85.0595, aux.loss_seg: 0.0193, aux.acc_seg: 84.0818, loss: 0.0449
2026-04-25 00:28:31,455 - mmseg - INFO - Iter [119150/160000]	lr: 3.989e-06, eta: 12:44:37, time: 0.930, data_time: 0.363, memory: 14490, decode.loss_seg: 0.0264, decode.acc_seg: 85.4935, aux.loss_seg: 0.0207, aux.acc_seg: 84.4067, loss: 0.0471
2026-04-25 00:29:18,048 - mmseg - INFO - Iter [119200/160000]	lr: 3.985e-06, eta: 12:43:37, time: 0.932, data_time: 0.388, memory: 14490, decode.loss_seg: 0.0261, decode.acc_seg: 84.6621, aux.loss_seg: 0.0206, aux.acc_seg: 83.6076, loss: 0.0468
2026-04-25 00:29:45,267 - mmseg - INFO - Iter [119250/160000]	lr: 3.980e-06, eta: 12:42:30, time: 0.544, data_time: 0.005, memory: 14490, decode.loss_seg: 0.0261, decode.acc_seg: 84.7019, aux.loss_seg: 0.0197, aux.acc_seg: 83.7092, loss: 0.0458
2026-04-25 00:30:32,457 - mmseg - INFO - Iter [119300/160000]	lr: 3.975e-06, eta: 12:41:30, time: 0.944, data_time: 0.374, memory: 14490, decode.loss_seg: 0.0249, decode.acc_seg: 83.9077, aux.loss_seg: 0.0191, aux.acc_seg: 82.9423, loss: 0.0440
2026-04-25 00:31:18,801 - mmseg - INFO - Iter [119350/160000]	lr: 3.970e-06, eta: 12:40:30, time: 0.927, data_time: 0.389, memory: 14490, decode.loss_seg: 0.0271, decode.acc_seg: 84.8746, aux.loss_seg: 0.0204, aux.acc_seg: 83.8586, loss: 0.0474
2026-04-25 00:31:45,988 - mmseg - INFO - Iter [119400/160000]	lr: 3.965e-06, eta: 12:39:23, time: 0.544, data_time: 0.005, memory: 14490, decode.loss_seg: 0.0267, decode.acc_seg: 85.1385, aux.loss_seg: 0.0203, aux.acc_seg: 84.1090, loss: 0.0470
2026-04-25 00:32:33,342 - mmseg - INFO - Iter [119450/160000]	lr: 3.960e-06, eta: 12:38:23, time: 0.947, data_time: 0.376, memory: 14490, decode.loss_seg: 0.0271, decode.acc_seg: 86.4226, aux.loss_seg: 0.0205, aux.acc_seg: 85.4040, loss: 0.0476
2026-04-25 00:33:20,148 - mmseg - INFO - Iter [119500/160000]	lr: 3.955e-06, eta: 12:37:23, time: 0.936, data_time: 0.385, memory: 14490, decode.loss_seg: 0.0262, decode.acc_seg: 86.0216, aux.loss_seg: 0.0195, aux.acc_seg: 85.0634, loss: 0.0456
2026-04-25 00:33:47,376 - mmseg - INFO - Iter [119550/160000]	lr: 3.950e-06, eta: 12:36:16, time: 0.545, data_time: 0.005, memory: 14490, decode.loss_seg: 0.0263, decode.acc_seg: 85.5511, aux.loss_seg: 0.0198, aux.acc_seg: 84.5653, loss: 0.0461
2026-04-25 00:34:34,861 - mmseg - INFO - Iter [119600/160000]	lr: 3.945e-06, eta: 12:35:17, time: 0.950, data_time: 0.336, memory: 14490, decode.loss_seg: 0.0250, decode.acc_seg: 85.4338, aux.loss_seg: 0.0201, aux.acc_seg: 84.4011, loss: 0.0451
2026-04-25 00:35:21,457 - mmseg - INFO - Iter [119650/160000]	lr: 3.941e-06, eta: 12:34:17, time: 0.932, data_time: 0.350, memory: 14490, decode.loss_seg: 0.0265, decode.acc_seg: 84.0655, aux.loss_seg: 0.0208, aux.acc_seg: 83.0033, loss: 0.0473
2026-04-25 00:35:48,684 - mmseg - INFO - Iter [119700/160000]	lr: 3.936e-06, eta: 12:33:09, time: 0.545, data_time: 0.005, memory: 14490, decode.loss_seg: 0.0258, decode.acc_seg: 84.2021, aux.loss_seg: 0.0197, aux.acc_seg: 83.1974, loss: 0.0456
2026-04-25 00:36:36,030 - mmseg - INFO - Iter [119750/160000]	lr: 3.931e-06, eta: 12:32:10, time: 0.947, data_time: 0.408, memory: 14490, decode.loss_seg: 0.0260, decode.acc_seg: 85.1052, aux.loss_seg: 0.0199, aux.acc_seg: 84.1038, loss: 0.0458
2026-04-25 00:37:21,949 - mmseg - INFO - Iter [119800/160000]	lr: 3.926e-06, eta: 12:31:10, time: 0.918, data_time: 0.380, memory: 14490, decode.loss_seg: 0.0255, decode.acc_seg: 84.0124, aux.loss_seg: 0.0196, aux.acc_seg: 83.0073, loss: 0.0451
2026-04-25 00:37:49,099 - mmseg - INFO - Iter [119850/160000]	lr: 3.921e-06, eta: 12:30:03, time: 0.543, data_time: 0.005, memory: 14490, decode.loss_seg: 0.0261, decode.acc_seg: 84.3079, aux.loss_seg: 0.0202, aux.acc_seg: 83.2821, loss: 0.0463
2026-04-25 00:38:35,682 - mmseg - INFO - Iter [119900/160000]	lr: 3.916e-06, eta: 12:29:03, time: 0.932, data_time: 0.377, memory: 14490, decode.loss_seg: 0.0259, decode.acc_seg: 84.6744, aux.loss_seg: 0.0205, aux.acc_seg: 83.6235, loss: 0.0464
2026-04-25 00:39:02,872 - mmseg - INFO - Iter [119950/160000]	lr: 3.911e-06, eta: 12:27:56, time: 0.544, data_time: 0.005, memory: 14490, decode.loss_seg: 0.0254, decode.acc_seg: 84.3351, aux.loss_seg: 0.0193, aux.acc_seg: 83.3588, loss: 0.0447
2026-04-25 00:40:02,109 - mmseg - INFO - per class results:
2026-04-25 00:40:02,109 - mmseg - INFO - 
+------------+-------+-------+
| Class      | IoU   | Acc   |
+------------+-------+-------+
| housing    | 96.61 | 98.3  |
| industrial | 96.57 | 98.33 |
| natural    | 93.61 | 95.73 |
| land_use   | 87.29 | 90.89 |
| water      | 96.53 | 98.7  |
| other      | 99.0  | 99.52 |
+------------+-------+-------+
2026-04-25 00:40:02,110 - mmseg - INFO - Summary:
2026-04-25 00:40:02,110 - mmseg - INFO - 
+--------+-------+-------+-------+
| Scope  | mIoU  | mAcc  | aAcc  |
+--------+-------+-------+-------+
| global | 94.93 | 96.91 | 97.86 |
+--------+-------+-------+-------+
2026-04-25 00:40:02,133 - mmseg - INFO - Exp name: pixel_upernet_itpn_large_12_512_slide_160k_air_polarsar2_amp_linux.py
2026-04-25 00:40:02,133 - mmseg - INFO - Iter [120000/160000]	lr: 3.906e-06, eta: 12:30:39, time: 12.492, data_time: 0.000, memory: 14490, mIoU: 0.9493, mAcc: 0.9691, aAcc: 0.9786
2026-04-25 00:40:49,127 - mmseg - INFO - Iter [120050/160000]	lr: 3.901e-06, eta: 12:29:39, time: 0.940, data_time: 0.401, memory: 14490, decode.loss_seg: 0.0261, decode.acc_seg: 86.1737, aux.loss_seg: 0.0196, aux.acc_seg: 85.1911, loss: 0.0457
2026-04-25 00:41:16,343 - mmseg - INFO - Iter [120100/160000]	lr: 3.897e-06, eta: 12:28:31, time: 0.544, data_time: 0.005, memory: 14490, decode.loss_seg: 0.0262, decode.acc_seg: 85.6272, aux.loss_seg: 0.0202, aux.acc_seg: 84.6191, loss: 0.0464
2026-04-25 00:42:04,204 - mmseg - INFO - Iter [120150/160000]	lr: 3.892e-06, eta: 12:27:32, time: 0.957, data_time: 0.386, memory: 14490, decode.loss_seg: 0.0260, decode.acc_seg: 85.5727, aux.loss_seg: 0.0198, aux.acc_seg: 84.5638, loss: 0.0458
2026-04-25 00:42:48,554 - mmseg - INFO - Iter [120200/160000]	lr: 3.887e-06, eta: 12:26:31, time: 0.887, data_time: 0.324, memory: 14490, decode.loss_seg: 0.0257, decode.acc_seg: 84.3709, aux.loss_seg: 0.0196, aux.acc_seg: 83.3788, loss: 0.0453
2026-04-25 00:43:15,790 - mmseg - INFO - Iter [120250/160000]	lr: 3.882e-06, eta: 12:25:24, time: 0.545, data_time: 0.005, memory: 14490, decode.loss_seg: 0.0256, decode.acc_seg: 85.5656, aux.loss_seg: 0.0198, aux.acc_seg: 84.5662, loss: 0.0454
2026-04-25 00:44:02,334 - mmseg - INFO - Iter [120300/160000]	lr: 3.877e-06, eta: 12:24:24, time: 0.931, data_time: 0.365, memory: 14490, decode.loss_seg: 0.0261, decode.acc_seg: 85.8855, aux.loss_seg: 0.0198, aux.acc_seg: 84.8917, loss: 0.0458
2026-04-25 00:44:48,243 - mmseg - INFO - Iter [120350/160000]	lr: 3.872e-06, eta: 12:23:23, time: 0.918, data_time: 0.351, memory: 14490, decode.loss_seg: 0.0261, decode.acc_seg: 85.2291, aux.loss_seg: 0.0209, aux.acc_seg: 84.1134, loss: 0.0470
2026-04-25 00:45:15,472 - mmseg - INFO - Iter [120400/160000]	lr: 3.867e-06, eta: 12:22:16, time: 0.544, data_time: 0.005, memory: 14490, decode.loss_seg: 0.0263, decode.acc_seg: 85.8494, aux.loss_seg: 0.0198, aux.acc_seg: 84.8734, loss: 0.0460
2026-04-25 00:46:02,327 - mmseg - INFO - Iter [120450/160000]	lr: 3.862e-06, eta: 12:21:16, time: 0.937, data_time: 0.397, memory: 14490, decode.loss_seg: 0.0257, decode.acc_seg: 84.7011, aux.loss_seg: 0.0194, aux.acc_seg: 83.7325, loss: 0.0451
2026-04-25 00:46:49,966 - mmseg - INFO - Iter [120500/160000]	lr: 3.858e-06, eta: 12:20:17, time: 0.953, data_time: 0.343, memory: 14490, decode.loss_seg: 0.0259, decode.acc_seg: 84.6935, aux.loss_seg: 0.0202, aux.acc_seg: 83.6405, loss: 0.0462
2026-04-25 00:47:17,249 - mmseg - INFO - Iter [120550/160000]	lr: 3.853e-06, eta: 12:19:10, time: 0.546, data_time: 0.004, memory: 14490, decode.loss_seg: 0.0257, decode.acc_seg: 85.5151, aux.loss_seg: 0.0196, aux.acc_seg: 84.5331, loss: 0.0452
2026-04-25 00:48:04,873 - mmseg - INFO - Iter [120600/160000]	lr: 3.848e-06, eta: 12:18:10, time: 0.952, data_time: 0.411, memory: 14490, decode.loss_seg: 0.0259, decode.acc_seg: 84.9997, aux.loss_seg: 0.0197, aux.acc_seg: 84.0043, loss: 0.0457
2026-04-25 00:48:51,400 - mmseg - INFO - Iter [120650/160000]	lr: 3.843e-06, eta: 12:17:11, time: 0.931, data_time: 0.382, memory: 14490, decode.loss_seg: 0.0257, decode.acc_seg: 83.6768, aux.loss_seg: 0.0200, aux.acc_seg: 82.6381, loss: 0.0457
2026-04-25 00:49:18,690 - mmseg - INFO - Iter [120700/160000]	lr: 3.838e-06, eta: 12:16:03, time: 0.546, data_time: 0.005, memory: 14490, decode.loss_seg: 0.0252, decode.acc_seg: 85.4237, aux.loss_seg: 0.0194, aux.acc_seg: 84.4455, loss: 0.0446
2026-04-25 00:50:06,570 - mmseg - INFO - Iter [120750/160000]	lr: 3.833e-06, eta: 12:15:04, time: 0.957, data_time: 0.396, memory: 14490, decode.loss_seg: 0.0258, decode.acc_seg: 85.3012, aux.loss_seg: 0.0195, aux.acc_seg: 84.3289, loss: 0.0454
2026-04-25 00:50:53,954 - mmseg - INFO - Iter [120800/160000]	lr: 3.828e-06, eta: 12:14:05, time: 0.948, data_time: 0.319, memory: 14490, decode.loss_seg: 0.0257, decode.acc_seg: 85.2265, aux.loss_seg: 0.0196, aux.acc_seg: 84.2329, loss: 0.0453
2026-04-25 00:51:21,176 - mmseg - INFO - Iter [120850/160000]	lr: 3.823e-06, eta: 12:12:58, time: 0.544, data_time: 0.005, memory: 14490, decode.loss_seg: 0.0249, decode.acc_seg: 85.4803, aux.loss_seg: 0.0193, aux.acc_seg: 84.4879, loss: 0.0442
2026-04-25 00:52:08,038 - mmseg - INFO - Iter [120900/160000]	lr: 3.818e-06, eta: 12:11:58, time: 0.937, data_time: 0.330, memory: 14490, decode.loss_seg: 0.0259, decode.acc_seg: 85.4811, aux.loss_seg: 0.0196, aux.acc_seg: 84.4976, loss: 0.0455
2026-04-25 00:52:35,253 - mmseg - INFO - Iter [120950/160000]	lr: 3.814e-06, eta: 12:10:51, time: 0.544, data_time: 0.004, memory: 14490, decode.loss_seg: 0.0256, decode.acc_seg: 83.4186, aux.loss_seg: 0.0198, aux.acc_seg: 82.3945, loss: 0.0454
2026-04-25 00:53:22,631 - mmseg - INFO - Exp name: pixel_upernet_itpn_large_12_512_slide_160k_air_polarsar2_amp_linux.py
2026-04-25 00:53:22,631 - mmseg - INFO - Iter [121000/160000]	lr: 3.809e-06, eta: 12:09:52, time: 0.948, data_time: 0.405, memory: 14490, decode.loss_seg: 0.0262, decode.acc_seg: 84.7691, aux.loss_seg: 0.0200, aux.acc_seg: 83.7655, loss: 0.0463
2026-04-25 00:54:10,145 - mmseg - INFO - Iter [121050/160000]	lr: 3.804e-06, eta: 12:08:52, time: 0.950, data_time: 0.398, memory: 14490, decode.loss_seg: 0.0260, decode.acc_seg: 84.3679, aux.loss_seg: 0.0195, aux.acc_seg: 83.3923, loss: 0.0455
2026-04-25 00:54:37,394 - mmseg - INFO - Iter [121100/160000]	lr: 3.799e-06, eta: 12:07:46, time: 0.545, data_time: 0.005, memory: 14490, decode.loss_seg: 0.0260, decode.acc_seg: 85.7435, aux.loss_seg: 0.0197, aux.acc_seg: 84.7511, loss: 0.0457
2026-04-25 00:55:24,043 - mmseg - INFO - Iter [121150/160000]	lr: 3.794e-06, eta: 12:06:46, time: 0.933, data_time: 0.338, memory: 14490, decode.loss_seg: 0.0258, decode.acc_seg: 84.6137, aux.loss_seg: 0.0199, aux.acc_seg: 83.6149, loss: 0.0457
2026-04-25 00:56:10,976 - mmseg - INFO - Iter [121200/160000]	lr: 3.789e-06, eta: 12:05:46, time: 0.939, data_time: 0.363, memory: 14490, decode.loss_seg: 0.0268, decode.acc_seg: 85.1140, aux.loss_seg: 0.0200, aux.acc_seg: 84.1144, loss: 0.0468
2026-04-25 00:56:38,190 - mmseg - INFO - Iter [121250/160000]	lr: 3.784e-06, eta: 12:04:40, time: 0.544, data_time: 0.005, memory: 14490, decode.loss_seg: 0.0257, decode.acc_seg: 85.4016, aux.loss_seg: 0.0194, aux.acc_seg: 84.4266, loss: 0.0452
2026-04-25 00:57:26,009 - mmseg - INFO - Iter [121300/160000]	lr: 3.779e-06, eta: 12:03:40, time: 0.956, data_time: 0.354, memory: 14490, decode.loss_seg: 0.0257, decode.acc_seg: 84.8991, aux.loss_seg: 0.0196, aux.acc_seg: 83.9141, loss: 0.0453
2026-04-25 00:58:13,325 - mmseg - INFO - Iter [121350/160000]	lr: 3.775e-06, eta: 12:02:41, time: 0.947, data_time: 0.361, memory: 14490, decode.loss_seg: 0.0255, decode.acc_seg: 85.4125, aux.loss_seg: 0.0193, aux.acc_seg: 84.4398, loss: 0.0448
2026-04-25 00:58:40,568 - mmseg - INFO - Iter [121400/160000]	lr: 3.770e-06, eta: 12:01:35, time: 0.545, data_time: 0.004, memory: 14490, decode.loss_seg: 0.0257, decode.acc_seg: 83.7192, aux.loss_seg: 0.0200, aux.acc_seg: 82.6997, loss: 0.0456
2026-04-25 00:59:27,884 - mmseg - INFO - Iter [121450/160000]	lr: 3.765e-06, eta: 12:00:35, time: 0.946, data_time: 0.355, memory: 14490, decode.loss_seg: 0.0261, decode.acc_seg: 83.8461, aux.loss_seg: 0.0203, aux.acc_seg: 82.8090, loss: 0.0464
2026-04-25 01:00:15,697 - mmseg - INFO - Iter [121500/160000]	lr: 3.760e-06, eta: 11:59:36, time: 0.957, data_time: 0.352, memory: 14490, decode.loss_seg: 0.0257, decode.acc_seg: 84.2478, aux.loss_seg: 0.0197, aux.acc_seg: 83.2434, loss: 0.0454
2026-04-25 01:00:42,874 - mmseg - INFO - Iter [121550/160000]	lr: 3.755e-06, eta: 11:58:30, time: 0.544, data_time: 0.005, memory: 14490, decode.loss_seg: 0.0254, decode.acc_seg: 85.5852, aux.loss_seg: 0.0193, aux.acc_seg: 84.6079, loss: 0.0447
2026-04-25 01:01:30,067 - mmseg - INFO - Iter [121600/160000]	lr: 3.750e-06, eta: 11:57:30, time: 0.944, data_time: 0.404, memory: 14490, decode.loss_seg: 0.0257, decode.acc_seg: 83.9262, aux.loss_seg: 0.0198, aux.acc_seg: 82.9057, loss: 0.0456
2026-04-25 01:02:16,935 - mmseg - INFO - Iter [121650/160000]	lr: 3.745e-06, eta: 11:56:31, time: 0.938, data_time: 0.347, memory: 14490, decode.loss_seg: 0.0255, decode.acc_seg: 83.4991, aux.loss_seg: 0.0211, aux.acc_seg: 82.2959, loss: 0.0467
2026-04-25 01:02:44,100 - mmseg - INFO - Iter [121700/160000]	lr: 3.740e-06, eta: 11:55:24, time: 0.543, data_time: 0.005, memory: 14490, decode.loss_seg: 0.0252, decode.acc_seg: 85.3704, aux.loss_seg: 0.0195, aux.acc_seg: 84.3685, loss: 0.0447
2026-04-25 01:03:30,738 - mmseg - INFO - Iter [121750/160000]	lr: 3.735e-06, eta: 11:54:25, time: 0.933, data_time: 0.361, memory: 14490, decode.loss_seg: 0.0256, decode.acc_seg: 85.0057, aux.loss_seg: 0.0195, aux.acc_seg: 84.0235, loss: 0.0452
2026-04-25 01:04:17,211 - mmseg - INFO - Iter [121800/160000]	lr: 3.731e-06, eta: 11:53:25, time: 0.929, data_time: 0.345, memory: 14490, decode.loss_seg: 0.0258, decode.acc_seg: 84.0257, aux.loss_seg: 0.0197, aux.acc_seg: 83.0210, loss: 0.0455
2026-04-25 01:04:44,441 - mmseg - INFO - Iter [121850/160000]	lr: 3.726e-06, eta: 11:52:19, time: 0.545, data_time: 0.005, memory: 14490, decode.loss_seg: 0.0258, decode.acc_seg: 84.0974, aux.loss_seg: 0.0201, aux.acc_seg: 83.0512, loss: 0.0458
2026-04-25 01:05:31,624 - mmseg - INFO - Iter [121900/160000]	lr: 3.721e-06, eta: 11:51:20, time: 0.944, data_time: 0.349, memory: 14490, decode.loss_seg: 0.0258, decode.acc_seg: 86.7182, aux.loss_seg: 0.0196, aux.acc_seg: 85.7232, loss: 0.0453
2026-04-25 01:05:58,802 - mmseg - INFO - Iter [121950/160000]	lr: 3.716e-06, eta: 11:50:13, time: 0.543, data_time: 0.005, memory: 14490, decode.loss_seg: 0.0253, decode.acc_seg: 84.8094, aux.loss_seg: 0.0195, aux.acc_seg: 83.7987, loss: 0.0448
2026-04-25 01:06:57,064 - mmseg - INFO - per class results:
2026-04-25 01:06:57,064 - mmseg - INFO - 
+------------+-------+-------+
| Class      | IoU   | Acc   |
+------------+-------+-------+
| housing    | 96.62 | 98.18 |
| industrial | 96.51 | 98.26 |
| natural    | 93.54 | 95.35 |
| land_use   | 87.05 | 90.35 |
| water      | 96.43 | 98.83 |
| other      | 98.95 | 99.51 |
+------------+-------+-------+
2026-04-25 01:06:57,064 - mmseg - INFO - Summary:
2026-04-25 01:06:57,065 - mmseg - INFO - 
+--------+-------+-------+-------+
| Scope  | mIoU  | mAcc  | aAcc  |
+--------+-------+-------+-------+
| global | 94.85 | 96.75 | 97.82 |
+--------+-------+-------+-------+
2026-04-25 01:06:57,087 - mmseg - INFO - Exp name: pixel_upernet_itpn_large_12_512_slide_160k_air_polarsar2_amp_linux.py
2026-04-25 01:06:57,087 - mmseg - INFO - Iter [122000/160000]	lr: 3.711e-06, eta: 11:52:41, time: 12.452, data_time: 0.000, memory: 14490, mIoU: 0.9485, mAcc: 0.9675, aAcc: 0.9782
2026-04-25 01:07:43,661 - mmseg - INFO - Iter [122050/160000]	lr: 3.706e-06, eta: 11:51:41, time: 0.931, data_time: 0.384, memory: 14490, decode.loss_seg: 0.0260, decode.acc_seg: 85.7959, aux.loss_seg: 0.0193, aux.acc_seg: 84.8485, loss: 0.0453
2026-04-25 01:08:10,825 - mmseg - INFO - Iter [122100/160000]	lr: 3.701e-06, eta: 11:50:34, time: 0.543, data_time: 0.005, memory: 14490, decode.loss_seg: 0.0258, decode.acc_seg: 84.1319, aux.loss_seg: 0.0199, aux.acc_seg: 83.1085, loss: 0.0457
2026-04-25 01:08:57,807 - mmseg - INFO - Iter [122150/160000]	lr: 3.696e-06, eta: 11:49:35, time: 0.940, data_time: 0.347, memory: 14490, decode.loss_seg: 0.0257, decode.acc_seg: 85.2294, aux.loss_seg: 0.0204, aux.acc_seg: 84.1707, loss: 0.0461
2026-04-25 01:09:45,693 - mmseg - INFO - Iter [122200/160000]	lr: 3.692e-06, eta: 11:48:35, time: 0.958, data_time: 0.371, memory: 14490, decode.loss_seg: 0.0254, decode.acc_seg: 84.1231, aux.loss_seg: 0.0194, aux.acc_seg: 83.1404, loss: 0.0447
2026-04-25 01:10:12,825 - mmseg - INFO - Iter [122250/160000]	lr: 3.687e-06, eta: 11:47:29, time: 0.543, data_time: 0.005, memory: 14490, decode.loss_seg: 0.0256, decode.acc_seg: 84.1090, aux.loss_seg: 0.0198, aux.acc_seg: 83.0926, loss: 0.0454
2026-04-25 01:11:00,575 - mmseg - INFO - Iter [122300/160000]	lr: 3.682e-06, eta: 11:46:30, time: 0.955, data_time: 0.417, memory: 14490, decode.loss_seg: 0.0254, decode.acc_seg: 84.2642, aux.loss_seg: 0.0193, aux.acc_seg: 83.2727, loss: 0.0447
2026-04-25 01:11:47,761 - mmseg - INFO - Iter [122350/160000]	lr: 3.677e-06, eta: 11:45:30, time: 0.944, data_time: 0.382, memory: 14490, decode.loss_seg: 0.0259, decode.acc_seg: 87.1574, aux.loss_seg: 0.0198, aux.acc_seg: 86.1467, loss: 0.0457
2026-04-25 01:12:14,958 - mmseg - INFO - Iter [122400/160000]	lr: 3.672e-06, eta: 11:44:24, time: 0.544, data_time: 0.005, memory: 14490, decode.loss_seg: 0.0260, decode.acc_seg: 86.1708, aux.loss_seg: 0.0195, aux.acc_seg: 85.2182, loss: 0.0455
2026-04-25 01:13:01,139 - mmseg - INFO - Iter [122450/160000]	lr: 3.667e-06, eta: 11:43:24, time: 0.924, data_time: 0.352, memory: 14490, decode.loss_seg: 0.0252, decode.acc_seg: 84.5485, aux.loss_seg: 0.0192, aux.acc_seg: 83.5635, loss: 0.0445
2026-04-25 01:13:48,522 - mmseg - INFO - Iter [122500/160000]	lr: 3.662e-06, eta: 11:42:25, time: 0.948, data_time: 0.409, memory: 14490, decode.loss_seg: 0.0266, decode.acc_seg: 85.6715, aux.loss_seg: 0.0202, aux.acc_seg: 84.6591, loss: 0.0467
2026-04-25 01:14:15,694 - mmseg - INFO - Iter [122550/160000]	lr: 3.657e-06, eta: 11:41:18, time: 0.543, data_time: 0.005, memory: 14490, decode.loss_seg: 0.0259, decode.acc_seg: 84.5534, aux.loss_seg: 0.0200, aux.acc_seg: 83.5391, loss: 0.0459
2026-04-25 01:15:02,957 - mmseg - INFO - Iter [122600/160000]	lr: 3.652e-06, eta: 11:40:19, time: 0.945, data_time: 0.406, memory: 14490, decode.loss_seg: 0.0249, decode.acc_seg: 85.1223, aux.loss_seg: 0.0193, aux.acc_seg: 84.1387, loss: 0.0442
2026-04-25 01:15:48,788 - mmseg - INFO - Iter [122650/160000]	lr: 3.648e-06, eta: 11:39:19, time: 0.917, data_time: 0.372, memory: 14490, decode.loss_seg: 0.0261, decode.acc_seg: 85.5852, aux.loss_seg: 0.0199, aux.acc_seg: 84.5731, loss: 0.0460
2026-04-25 01:16:15,931 - mmseg - INFO - Iter [122700/160000]	lr: 3.643e-06, eta: 11:38:13, time: 0.543, data_time: 0.005, memory: 14490, decode.loss_seg: 0.0263, decode.acc_seg: 85.6665, aux.loss_seg: 0.0198, aux.acc_seg: 84.6776, loss: 0.0461
2026-04-25 01:17:03,299 - mmseg - INFO - Iter [122750/160000]	lr: 3.638e-06, eta: 11:37:14, time: 0.947, data_time: 0.366, memory: 14490, decode.loss_seg: 0.0254, decode.acc_seg: 84.4318, aux.loss_seg: 0.0194, aux.acc_seg: 83.4446, loss: 0.0447
2026-04-25 01:17:49,400 - mmseg - INFO - Iter [122800/160000]	lr: 3.633e-06, eta: 11:36:14, time: 0.922, data_time: 0.357, memory: 14490, decode.loss_seg: 0.0258, decode.acc_seg: 83.9113, aux.loss_seg: 0.0197, aux.acc_seg: 82.8969, loss: 0.0455
2026-04-25 01:18:16,612 - mmseg - INFO - Iter [122850/160000]	lr: 3.628e-06, eta: 11:35:08, time: 0.544, data_time: 0.005, memory: 14490, decode.loss_seg: 0.0262, decode.acc_seg: 85.6980, aux.loss_seg: 0.0202, aux.acc_seg: 84.6965, loss: 0.0464
2026-04-25 01:19:03,928 - mmseg - INFO - Iter [122900/160000]	lr: 3.623e-06, eta: 11:34:09, time: 0.946, data_time: 0.381, memory: 14490, decode.loss_seg: 0.0256, decode.acc_seg: 85.2036, aux.loss_seg: 0.0196, aux.acc_seg: 84.2071, loss: 0.0451
2026-04-25 01:19:31,130 - mmseg - INFO - Iter [122950/160000]	lr: 3.618e-06, eta: 11:33:02, time: 0.544, data_time: 0.005, memory: 14490, decode.loss_seg: 0.0257, decode.acc_seg: 84.7714, aux.loss_seg: 0.0196, aux.acc_seg: 83.7965, loss: 0.0453
2026-04-25 01:20:17,480 - mmseg - INFO - Exp name: pixel_upernet_itpn_large_12_512_slide_160k_air_polarsar2_amp_linux.py
2026-04-25 01:20:17,480 - mmseg - INFO - Iter [123000/160000]	lr: 3.613e-06, eta: 11:32:03, time: 0.927, data_time: 0.360, memory: 14490, decode.loss_seg: 0.0256, decode.acc_seg: 84.8658, aux.loss_seg: 0.0195, aux.acc_seg: 83.8848, loss: 0.0451
2026-04-25 01:21:05,164 - mmseg - INFO - Iter [123050/160000]	lr: 3.609e-06, eta: 11:31:04, time: 0.954, data_time: 0.389, memory: 14490, decode.loss_seg: 0.0260, decode.acc_seg: 84.6818, aux.loss_seg: 0.0199, aux.acc_seg: 83.6866, loss: 0.0459
2026-04-25 01:21:32,369 - mmseg - INFO - Iter [123100/160000]	lr: 3.604e-06, eta: 11:29:58, time: 0.544, data_time: 0.005, memory: 14490, decode.loss_seg: 0.0258, decode.acc_seg: 86.2922, aux.loss_seg: 0.0196, aux.acc_seg: 85.3070, loss: 0.0454
2026-04-25 01:22:19,182 - mmseg - INFO - Iter [123150/160000]	lr: 3.599e-06, eta: 11:28:59, time: 0.936, data_time: 0.355, memory: 14490, decode.loss_seg: 0.0262, decode.acc_seg: 86.1670, aux.loss_seg: 0.0209, aux.acc_seg: 85.0207, loss: 0.0471
2026-04-25 01:23:06,725 - mmseg - INFO - Iter [123200/160000]	lr: 3.594e-06, eta: 11:28:00, time: 0.951, data_time: 0.370, memory: 14490, decode.loss_seg: 0.0257, decode.acc_seg: 85.6185, aux.loss_seg: 0.0193, aux.acc_seg: 84.6560, loss: 0.0450
2026-04-25 01:23:33,950 - mmseg - INFO - Iter [123250/160000]	lr: 3.589e-06, eta: 11:26:54, time: 0.544, data_time: 0.005, memory: 14490, decode.loss_seg: 0.0258, decode.acc_seg: 85.1927, aux.loss_seg: 0.0196, aux.acc_seg: 84.1979, loss: 0.0454
2026-04-25 01:24:21,849 - mmseg - INFO - Iter [123300/160000]	lr: 3.584e-06, eta: 11:25:55, time: 0.958, data_time: 0.403, memory: 14490, decode.loss_seg: 0.0253, decode.acc_seg: 85.3405, aux.loss_seg: 0.0193, aux.acc_seg: 84.3735, loss: 0.0445
2026-04-25 01:25:08,820 - mmseg - INFO - Iter [123350/160000]	lr: 3.579e-06, eta: 11:24:55, time: 0.939, data_time: 0.369, memory: 14490, decode.loss_seg: 0.0263, decode.acc_seg: 84.9902, aux.loss_seg: 0.0198, aux.acc_seg: 83.9891, loss: 0.0462
2026-04-25 01:25:35,982 - mmseg - INFO - Iter [123400/160000]	lr: 3.574e-06, eta: 11:23:50, time: 0.543, data_time: 0.005, memory: 14490, decode.loss_seg: 0.0254, decode.acc_seg: 83.8655, aux.loss_seg: 0.0198, aux.acc_seg: 82.8447, loss: 0.0452
2026-04-25 01:26:22,864 - mmseg - INFO - Iter [123450/160000]	lr: 3.569e-06, eta: 11:22:50, time: 0.938, data_time: 0.399, memory: 14490, decode.loss_seg: 0.0252, decode.acc_seg: 85.7114, aux.loss_seg: 0.0190, aux.acc_seg: 84.7469, loss: 0.0442
2026-04-25 01:27:08,693 - mmseg - INFO - Iter [123500/160000]	lr: 3.565e-06, eta: 11:21:51, time: 0.916, data_time: 0.328, memory: 14490, decode.loss_seg: 0.0260, decode.acc_seg: 85.1655, aux.loss_seg: 0.0198, aux.acc_seg: 84.1519, loss: 0.0458
2026-04-25 01:27:35,930 - mmseg - INFO - Iter [123550/160000]	lr: 3.560e-06, eta: 11:20:45, time: 0.545, data_time: 0.005, memory: 14490, decode.loss_seg: 0.0252, decode.acc_seg: 85.2062, aux.loss_seg: 0.0192, aux.acc_seg: 84.2482, loss: 0.0443
2026-04-25 01:28:22,589 - mmseg - INFO - Iter [123600/160000]	lr: 3.555e-06, eta: 11:19:46, time: 0.933, data_time: 0.354, memory: 14490, decode.loss_seg: 0.0261, decode.acc_seg: 85.8718, aux.loss_seg: 0.0196, aux.acc_seg: 84.8833, loss: 0.0457
2026-04-25 01:29:09,013 - mmseg - INFO - Iter [123650/160000]	lr: 3.550e-06, eta: 11:18:47, time: 0.928, data_time: 0.381, memory: 14490, decode.loss_seg: 0.0248, decode.acc_seg: 84.1615, aux.loss_seg: 0.0199, aux.acc_seg: 83.0906, loss: 0.0447
2026-04-25 01:29:36,270 - mmseg - INFO - Iter [123700/160000]	lr: 3.545e-06, eta: 11:17:41, time: 0.545, data_time: 0.004, memory: 14490, decode.loss_seg: 0.0254, decode.acc_seg: 85.7036, aux.loss_seg: 0.0190, aux.acc_seg: 84.7558, loss: 0.0444
2026-04-25 01:30:23,278 - mmseg - INFO - Iter [123750/160000]	lr: 3.540e-06, eta: 11:16:42, time: 0.940, data_time: 0.389, memory: 14490, decode.loss_seg: 0.0267, decode.acc_seg: 85.0803, aux.loss_seg: 0.0202, aux.acc_seg: 84.0606, loss: 0.0470
2026-04-25 01:30:50,407 - mmseg - INFO - Iter [123800/160000]	lr: 3.535e-06, eta: 11:15:36, time: 0.542, data_time: 0.004, memory: 14490, decode.loss_seg: 0.0248, decode.acc_seg: 84.6758, aux.loss_seg: 0.0193, aux.acc_seg: 83.6870, loss: 0.0441
2026-04-25 01:31:36,597 - mmseg - INFO - Iter [123850/160000]	lr: 3.530e-06, eta: 11:14:37, time: 0.924, data_time: 0.364, memory: 14490, decode.loss_seg: 0.0251, decode.acc_seg: 84.2440, aux.loss_seg: 0.0197, aux.acc_seg: 83.2067, loss: 0.0448
2026-04-25 01:32:24,145 - mmseg - INFO - Iter [123900/160000]	lr: 3.526e-06, eta: 11:13:38, time: 0.951, data_time: 0.364, memory: 14490, decode.loss_seg: 0.0252, decode.acc_seg: 84.4988, aux.loss_seg: 0.0205, aux.acc_seg: 83.3818, loss: 0.0457
2026-04-25 01:32:51,329 - mmseg - INFO - Iter [123950/160000]	lr: 3.521e-06, eta: 11:12:32, time: 0.544, data_time: 0.005, memory: 14490, decode.loss_seg: 0.0251, decode.acc_seg: 84.3174, aux.loss_seg: 0.0195, aux.acc_seg: 83.3047, loss: 0.0446
2026-04-25 01:33:50,134 - mmseg - INFO - per class results:
2026-04-25 01:33:50,134 - mmseg - INFO - 
+------------+-------+-------+
| Class      | IoU   | Acc   |
+------------+-------+-------+
| housing    | 96.63 | 98.32 |
| industrial | 96.54 | 98.2  |
| natural    | 93.75 | 95.78 |
| land_use   | 87.41 | 91.23 |
| water      | 96.5  | 98.72 |
| other      | 98.97 | 99.6  |
+------------+-------+-------+
2026-04-25 01:33:50,134 - mmseg - INFO - Summary:
2026-04-25 01:33:50,134 - mmseg - INFO - 
+--------+-------+-------+-------+
| Scope  | mIoU  | mAcc  | aAcc  |
+--------+-------+-------+-------+
| global | 94.97 | 96.98 | 97.86 |
+--------+-------+-------+-------+
2026-04-25 01:33:50,161 - mmseg - INFO - Exp name: pixel_upernet_itpn_large_12_512_slide_160k_air_polarsar2_amp_linux.py
2026-04-25 01:33:50,161 - mmseg - INFO - Iter [124000/160000]	lr: 3.516e-06, eta: 11:14:45, time: 12.458, data_time: 0.000, memory: 14490, mIoU: 0.9497, mAcc: 0.9698, aAcc: 0.9786
2026-04-25 01:34:37,423 - mmseg - INFO - Iter [124050/160000]	lr: 3.511e-06, eta: 11:13:46, time: 0.945, data_time: 0.387, memory: 14490, decode.loss_seg: 0.0254, decode.acc_seg: 84.2466, aux.loss_seg: 0.0197, aux.acc_seg: 83.2170, loss: 0.0452
2026-04-25 01:35:04,575 - mmseg - INFO - Iter [124100/160000]	lr: 3.506e-06, eta: 11:12:40, time: 0.543, data_time: 0.005, memory: 14490, decode.loss_seg: 0.0255, decode.acc_seg: 86.1502, aux.loss_seg: 0.0193, aux.acc_seg: 85.1794, loss: 0.0447
2026-04-25 01:35:51,279 - mmseg - INFO - Iter [124150/160000]	lr: 3.501e-06, eta: 11:11:41, time: 0.934, data_time: 0.363, memory: 14490, decode.loss_seg: 0.0256, decode.acc_seg: 86.2763, aux.loss_seg: 0.0195, aux.acc_seg: 85.2987, loss: 0.0451
2026-04-25 01:36:37,894 - mmseg - INFO - Iter [124200/160000]	lr: 3.496e-06, eta: 11:10:42, time: 0.932, data_time: 0.383, memory: 14490, decode.loss_seg: 0.0254, decode.acc_seg: 84.9444, aux.loss_seg: 0.0193, aux.acc_seg: 83.9625, loss: 0.0447
2026-04-25 01:37:05,044 - mmseg - INFO - Iter [124250/160000]	lr: 3.491e-06, eta: 11:09:36, time: 0.543, data_time: 0.004, memory: 14490, decode.loss_seg: 0.0246, decode.acc_seg: 85.0926, aux.loss_seg: 0.0192, aux.acc_seg: 84.0932, loss: 0.0438
2026-04-25 01:37:51,359 - mmseg - INFO - Iter [124300/160000]	lr: 3.486e-06, eta: 11:08:36, time: 0.926, data_time: 0.363, memory: 14490, decode.loss_seg: 0.0266, decode.acc_seg: 86.4650, aux.loss_seg: 0.0206, aux.acc_seg: 85.3958, loss: 0.0472
2026-04-25 01:38:38,082 - mmseg - INFO - Iter [124350/160000]	lr: 3.482e-06, eta: 11:07:37, time: 0.934, data_time: 0.381, memory: 14490, decode.loss_seg: 0.0250, decode.acc_seg: 84.7018, aux.loss_seg: 0.0192, aux.acc_seg: 83.7214, loss: 0.0441
2026-04-25 01:39:05,250 - mmseg - INFO - Iter [124400/160000]	lr: 3.477e-06, eta: 11:06:31, time: 0.543, data_time: 0.005, memory: 14490, decode.loss_seg: 0.0257, decode.acc_seg: 85.9683, aux.loss_seg: 0.0195, aux.acc_seg: 84.9845, loss: 0.0452
2026-04-25 01:39:51,916 - mmseg - INFO - Iter [124450/160000]	lr: 3.472e-06, eta: 11:05:32, time: 0.933, data_time: 0.367, memory: 14490, decode.loss_seg: 0.0257, decode.acc_seg: 85.7245, aux.loss_seg: 0.0195, aux.acc_seg: 84.7355, loss: 0.0452
2026-04-25 01:40:38,752 - mmseg - INFO - Iter [124500/160000]	lr: 3.467e-06, eta: 11:04:33, time: 0.937, data_time: 0.363, memory: 14490, decode.loss_seg: 0.0255, decode.acc_seg: 85.8305, aux.loss_seg: 0.0198, aux.acc_seg: 84.7921, loss: 0.0453
2026-04-25 01:41:05,966 - mmseg - INFO - Iter [124550/160000]	lr: 3.462e-06, eta: 11:03:27, time: 0.544, data_time: 0.005, memory: 14490, decode.loss_seg: 0.0255, decode.acc_seg: 84.8367, aux.loss_seg: 0.0195, aux.acc_seg: 83.8393, loss: 0.0450
2026-04-25 01:41:53,198 - mmseg - INFO - Iter [124600/160000]	lr: 3.457e-06, eta: 11:02:28, time: 0.945, data_time: 0.401, memory: 14490, decode.loss_seg: 0.0253, decode.acc_seg: 84.7930, aux.loss_seg: 0.0204, aux.acc_seg: 83.7105, loss: 0.0457
2026-04-25 01:42:40,082 - mmseg - INFO - Iter [124650/160000]	lr: 3.452e-06, eta: 11:01:29, time: 0.938, data_time: 0.375, memory: 14490, decode.loss_seg: 0.0255, decode.acc_seg: 84.9591, aux.loss_seg: 0.0197, aux.acc_seg: 83.9593, loss: 0.0452
2026-04-25 01:43:07,216 - mmseg - INFO - Iter [124700/160000]	lr: 3.447e-06, eta: 11:00:24, time: 0.543, data_time: 0.005, memory: 14490, decode.loss_seg: 0.0256, decode.acc_seg: 85.5089, aux.loss_seg: 0.0196, aux.acc_seg: 84.5077, loss: 0.0452
2026-04-25 01:43:54,303 - mmseg - INFO - Iter [124750/160000]	lr: 3.443e-06, eta: 10:59:24, time: 0.942, data_time: 0.363, memory: 14490, decode.loss_seg: 0.0250, decode.acc_seg: 86.0513, aux.loss_seg: 0.0191, aux.acc_seg: 85.0834, loss: 0.0440
2026-04-25 01:44:21,409 - mmseg - INFO - Iter [124800/160000]	lr: 3.438e-06, eta: 10:58:19, time: 0.542, data_time: 0.005, memory: 14490, decode.loss_seg: 0.0251, decode.acc_seg: 85.1244, aux.loss_seg: 0.0195, aux.acc_seg: 84.1216, loss: 0.0446
2026-04-25 01:45:07,039 - mmseg - INFO - Iter [124850/160000]	lr: 3.433e-06, eta: 10:57:19, time: 0.913, data_time: 0.317, memory: 14490, decode.loss_seg: 0.0250, decode.acc_seg: 85.4075, aux.loss_seg: 0.0193, aux.acc_seg: 84.4127, loss: 0.0443
2026-04-25 01:45:53,409 - mmseg - INFO - Iter [124900/160000]	lr: 3.428e-06, eta: 10:56:20, time: 0.927, data_time: 0.362, memory: 14490, decode.loss_seg: 0.0255, decode.acc_seg: 85.6789, aux.loss_seg: 0.0200, aux.acc_seg: 84.6407, loss: 0.0454
2026-04-25 01:46:20,608 - mmseg - INFO - Iter [124950/160000]	lr: 3.423e-06, eta: 10:55:15, time: 0.544, data_time: 0.004, memory: 14490, decode.loss_seg: 0.0255, decode.acc_seg: 84.3032, aux.loss_seg: 0.0196, aux.acc_seg: 83.2959, loss: 0.0451
2026-04-25 01:47:08,259 - mmseg - INFO - Exp name: pixel_upernet_itpn_large_12_512_slide_160k_air_polarsar2_amp_linux.py
2026-04-25 01:47:08,259 - mmseg - INFO - Iter [125000/160000]	lr: 3.418e-06, eta: 10:54:16, time: 0.953, data_time: 0.358, memory: 14490, decode.loss_seg: 0.0257, decode.acc_seg: 86.3317, aux.loss_seg: 0.0195, aux.acc_seg: 85.3376, loss: 0.0452
2026-04-25 01:47:54,629 - mmseg - INFO - Iter [125050/160000]	lr: 3.413e-06, eta: 10:53:17, time: 0.927, data_time: 0.372, memory: 14490, decode.loss_seg: 0.0256, decode.acc_seg: 85.5283, aux.loss_seg: 0.0206, aux.acc_seg: 84.4121, loss: 0.0462
2026-04-25 01:48:21,732 - mmseg - INFO - Iter [125100/160000]	lr: 3.408e-06, eta: 10:52:11, time: 0.542, data_time: 0.005, memory: 14490, decode.loss_seg: 0.0249, decode.acc_seg: 83.9045, aux.loss_seg: 0.0194, aux.acc_seg: 82.8902, loss: 0.0443
2026-04-25 01:49:08,828 - mmseg - INFO - Iter [125150/160000]	lr: 3.403e-06, eta: 10:51:13, time: 0.942, data_time: 0.392, memory: 14490, decode.loss_seg: 0.0249, decode.acc_seg: 84.2371, aux.loss_seg: 0.0204, aux.acc_seg: 83.1364, loss: 0.0453
2026-04-25 01:49:55,369 - mmseg - INFO - Iter [125200/160000]	lr: 3.399e-06, eta: 10:50:13, time: 0.931, data_time: 0.382, memory: 14490, decode.loss_seg: 0.0258, decode.acc_seg: 84.7013, aux.loss_seg: 0.0201, aux.acc_seg: 83.6457, loss: 0.0459
2026-04-25 01:50:22,586 - mmseg - INFO - Iter [125250/160000]	lr: 3.394e-06, eta: 10:49:08, time: 0.544, data_time: 0.005, memory: 14490, decode.loss_seg: 0.0252, decode.acc_seg: 85.8730, aux.loss_seg: 0.0192, aux.acc_seg: 84.8873, loss: 0.0444
2026-04-25 01:51:08,772 - mmseg - INFO - Iter [125300/160000]	lr: 3.389e-06, eta: 10:48:09, time: 0.924, data_time: 0.374, memory: 14490, decode.loss_seg: 0.0250, decode.acc_seg: 84.5878, aux.loss_seg: 0.0193, aux.acc_seg: 83.5977, loss: 0.0443
2026-04-25 01:51:55,797 - mmseg - INFO - Iter [125350/160000]	lr: 3.384e-06, eta: 10:47:10, time: 0.940, data_time: 0.402, memory: 14490, decode.loss_seg: 0.0254, decode.acc_seg: 85.4475, aux.loss_seg: 0.0195, aux.acc_seg: 84.4465, loss: 0.0449
2026-04-25 01:52:23,023 - mmseg - INFO - Iter [125400/160000]	lr: 3.379e-06, eta: 10:46:05, time: 0.545, data_time: 0.005, memory: 14490, decode.loss_seg: 0.0245, decode.acc_seg: 84.2941, aux.loss_seg: 0.0193, aux.acc_seg: 83.2781, loss: 0.0438
2026-04-25 01:53:09,818 - mmseg - INFO - Iter [125450/160000]	lr: 3.374e-06, eta: 10:45:06, time: 0.936, data_time: 0.352, memory: 14490, decode.loss_seg: 0.0255, decode.acc_seg: 85.1049, aux.loss_seg: 0.0193, aux.acc_seg: 84.1272, loss: 0.0448
2026-04-25 01:53:56,316 - mmseg - INFO - Iter [125500/160000]	lr: 3.369e-06, eta: 10:44:07, time: 0.930, data_time: 0.343, memory: 14490, decode.loss_seg: 0.0259, decode.acc_seg: 84.6978, aux.loss_seg: 0.0202, aux.acc_seg: 83.6674, loss: 0.0461
2026-04-25 01:54:23,519 - mmseg - INFO - Iter [125550/160000]	lr: 3.364e-06, eta: 10:43:02, time: 0.544, data_time: 0.005, memory: 14490, decode.loss_seg: 0.0257, decode.acc_seg: 84.4761, aux.loss_seg: 0.0197, aux.acc_seg: 83.4747, loss: 0.0454
2026-04-25 01:55:10,696 - mmseg - INFO - Iter [125600/160000]	lr: 3.360e-06, eta: 10:42:03, time: 0.943, data_time: 0.352, memory: 14490, decode.loss_seg: 0.0255, decode.acc_seg: 85.9845, aux.loss_seg: 0.0193, aux.acc_seg: 85.0357, loss: 0.0448
2026-04-25 01:55:57,194 - mmseg - INFO - Iter [125650/160000]	lr: 3.355e-06, eta: 10:41:04, time: 0.930, data_time: 0.389, memory: 14490, decode.loss_seg: 0.0252, decode.acc_seg: 85.3033, aux.loss_seg: 0.0196, aux.acc_seg: 84.2967, loss: 0.0448
2026-04-25 01:56:24,481 - mmseg - INFO - Iter [125700/160000]	lr: 3.350e-06, eta: 10:39:59, time: 0.546, data_time: 0.005, memory: 14490, decode.loss_seg: 0.0256, decode.acc_seg: 84.3563, aux.loss_seg: 0.0198, aux.acc_seg: 83.3298, loss: 0.0454
2026-04-25 01:57:11,053 - mmseg - INFO - Iter [125750/160000]	lr: 3.345e-06, eta: 10:39:00, time: 0.931, data_time: 0.391, memory: 14490, decode.loss_seg: 0.0243, decode.acc_seg: 85.9193, aux.loss_seg: 0.0186, aux.acc_seg: 84.9716, loss: 0.0430
2026-04-25 01:57:38,302 - mmseg - INFO - Iter [125800/160000]	lr: 3.340e-06, eta: 10:37:55, time: 0.545, data_time: 0.005, memory: 14490, decode.loss_seg: 0.0254, decode.acc_seg: 84.0867, aux.loss_seg: 0.0200, aux.acc_seg: 83.0349, loss: 0.0454
2026-04-25 01:58:25,273 - mmseg - INFO - Iter [125850/160000]	lr: 3.335e-06, eta: 10:36:57, time: 0.939, data_time: 0.363, memory: 14490, decode.loss_seg: 0.0257, decode.acc_seg: 84.4039, aux.loss_seg: 0.0196, aux.acc_seg: 83.4089, loss: 0.0452
2026-04-25 01:59:11,847 - mmseg - INFO - Iter [125900/160000]	lr: 3.330e-06, eta: 10:35:58, time: 0.931, data_time: 0.384, memory: 14490, decode.loss_seg: 0.0248, decode.acc_seg: 85.1630, aux.loss_seg: 0.0190, aux.acc_seg: 84.1838, loss: 0.0438
2026-04-25 01:59:39,145 - mmseg - INFO - Iter [125950/160000]	lr: 3.325e-06, eta: 10:34:53, time: 0.546, data_time: 0.005, memory: 14490, decode.loss_seg: 0.0252, decode.acc_seg: 84.2165, aux.loss_seg: 0.0194, aux.acc_seg: 83.2153, loss: 0.0447
2026-04-25 02:00:37,842 - mmseg - INFO - per class results:
2026-04-25 02:00:37,843 - mmseg - INFO - 
+------------+-------+-------+
| Class      | IoU   | Acc   |
+------------+-------+-------+
| housing    | 96.62 | 98.35 |
| industrial | 96.55 | 98.28 |
| natural    | 93.55 | 95.49 |
| land_use   | 87.43 | 91.27 |
| water      | 96.53 | 98.68 |
| other      | 99.07 | 99.58 |
+------------+-------+-------+
2026-04-25 02:00:37,843 - mmseg - INFO - Summary:
2026-04-25 02:00:37,843 - mmseg - INFO - 
+--------+-------+-------+-------+
| Scope  | mIoU  | mAcc  | aAcc  |
+--------+-------+-------+-------+
| global | 94.96 | 96.94 | 97.87 |
+--------+-------+-------+-------+
2026-04-25 02:00:37,867 - mmseg - INFO - Exp name: pixel_upernet_itpn_large_12_512_slide_160k_air_polarsar2_amp_linux.py
2026-04-25 02:00:37,867 - mmseg - INFO - Iter [126000/160000]	lr: 3.320e-06, eta: 10:36:48, time: 12.144, data_time: 0.000, memory: 14490, mIoU: 0.9496, mAcc: 0.9694, aAcc: 0.9787
2026-04-25 02:01:25,016 - mmseg - INFO - Iter [126050/160000]	lr: 3.316e-06, eta: 10:35:49, time: 0.943, data_time: 0.352, memory: 14490, decode.loss_seg: 0.0248, decode.acc_seg: 84.2721, aux.loss_seg: 0.0193, aux.acc_seg: 83.2580, loss: 0.0441
2026-04-25 02:01:52,285 - mmseg - INFO - Iter [126100/160000]	lr: 3.311e-06, eta: 10:34:43, time: 0.546, data_time: 0.004, memory: 14490, decode.loss_seg: 0.0253, decode.acc_seg: 86.1905, aux.loss_seg: 0.0195, aux.acc_seg: 85.2051, loss: 0.0448
2026-04-25 02:02:38,337 - mmseg - INFO - Iter [126150/160000]	lr: 3.306e-06, eta: 10:33:44, time: 0.921, data_time: 0.379, memory: 14490, decode.loss_seg: 0.0255, decode.acc_seg: 84.8918, aux.loss_seg: 0.0198, aux.acc_seg: 83.8552, loss: 0.0453
2026-04-25 02:03:24,390 - mmseg - INFO - Iter [126200/160000]	lr: 3.301e-06, eta: 10:32:45, time: 0.921, data_time: 0.329, memory: 14490, decode.loss_seg: 0.0251, decode.acc_seg: 84.1559, aux.loss_seg: 0.0194, aux.acc_seg: 83.1474, loss: 0.0445
2026-04-25 02:03:51,691 - mmseg - INFO - Iter [126250/160000]	lr: 3.296e-06, eta: 10:31:40, time: 0.546, data_time: 0.004, memory: 14490, decode.loss_seg: 0.0259, decode.acc_seg: 83.8546, aux.loss_seg: 0.0207, aux.acc_seg: 82.7463, loss: 0.0466
2026-04-25 02:04:36,839 - mmseg - INFO - Iter [126300/160000]	lr: 3.291e-06, eta: 10:30:40, time: 0.903, data_time: 0.349, memory: 14490, decode.loss_seg: 0.0283, decode.acc_seg: 84.0891, aux.loss_seg: 0.0215, aux.acc_seg: 83.0669, loss: 0.0498
2026-04-25 02:05:23,450 - mmseg - INFO - Iter [126350/160000]	lr: 3.286e-06, eta: 10:29:41, time: 0.932, data_time: 0.390, memory: 14490, decode.loss_seg: 0.0262, decode.acc_seg: 87.8874, aux.loss_seg: 0.0197, aux.acc_seg: 86.9214, loss: 0.0459
2026-04-25 02:05:50,792 - mmseg - INFO - Iter [126400/160000]	lr: 3.281e-06, eta: 10:28:36, time: 0.547, data_time: 0.004, memory: 14490, decode.loss_seg: 0.0257, decode.acc_seg: 84.1858, aux.loss_seg: 0.0198, aux.acc_seg: 83.1743, loss: 0.0455
2026-04-25 02:06:38,260 - mmseg - INFO - Iter [126450/160000]	lr: 3.276e-06, eta: 10:27:38, time: 0.949, data_time: 0.406, memory: 14490, decode.loss_seg: 0.0257, decode.acc_seg: 86.2512, aux.loss_seg: 0.0197, aux.acc_seg: 85.2396, loss: 0.0454
2026-04-25 02:07:25,817 - mmseg - INFO - Iter [126500/160000]	lr: 3.272e-06, eta: 10:26:39, time: 0.951, data_time: 0.344, memory: 14490, decode.loss_seg: 0.0252, decode.acc_seg: 86.2957, aux.loss_seg: 0.0192, aux.acc_seg: 85.3217, loss: 0.0445
2026-04-25 02:07:53,133 - mmseg - INFO - Iter [126550/160000]	lr: 3.267e-06, eta: 10:25:34, time: 0.546, data_time: 0.004, memory: 14490, decode.loss_seg: 0.0246, decode.acc_seg: 84.2179, aux.loss_seg: 0.0188, aux.acc_seg: 83.2450, loss: 0.0435
2026-04-25 02:08:39,756 - mmseg - INFO - Iter [126600/160000]	lr: 3.262e-06, eta: 10:24:35, time: 0.933, data_time: 0.356, memory: 14490, decode.loss_seg: 0.0265, decode.acc_seg: 85.9911, aux.loss_seg: 0.0201, aux.acc_seg: 84.9900, loss: 0.0466
2026-04-25 02:09:25,991 - mmseg - INFO - Iter [126650/160000]	lr: 3.257e-06, eta: 10:23:36, time: 0.924, data_time: 0.361, memory: 14490, decode.loss_seg: 0.0249, decode.acc_seg: 84.4897, aux.loss_seg: 0.0190, aux.acc_seg: 83.5199, loss: 0.0438
2026-04-25 02:09:53,293 - mmseg - INFO - Iter [126700/160000]	lr: 3.252e-06, eta: 10:22:31, time: 0.546, data_time: 0.004, memory: 14490, decode.loss_seg: 0.0247, decode.acc_seg: 85.1269, aux.loss_seg: 0.0189, aux.acc_seg: 84.1574, loss: 0.0435
2026-04-25 02:10:39,476 - mmseg - INFO - Iter [126750/160000]	lr: 3.247e-06, eta: 10:21:32, time: 0.924, data_time: 0.349, memory: 14490, decode.loss_seg: 0.0251, decode.acc_seg: 85.0799, aux.loss_seg: 0.0194, aux.acc_seg: 84.0740, loss: 0.0445
2026-04-25 02:11:06,699 - mmseg - INFO - Iter [126800/160000]	lr: 3.242e-06, eta: 10:20:28, time: 0.544, data_time: 0.004, memory: 14490, decode.loss_seg: 0.0253, decode.acc_seg: 84.6882, aux.loss_seg: 0.0194, aux.acc_seg: 83.6885, loss: 0.0448
2026-04-25 02:11:52,952 - mmseg - INFO - Iter [126850/160000]	lr: 3.237e-06, eta: 10:19:29, time: 0.925, data_time: 0.332, memory: 14490, decode.loss_seg: 0.0255, decode.acc_seg: 85.5367, aux.loss_seg: 0.0197, aux.acc_seg: 84.5487, loss: 0.0452
2026-04-25 02:12:39,185 - mmseg - INFO - Iter [126900/160000]	lr: 3.233e-06, eta: 10:18:30, time: 0.925, data_time: 0.371, memory: 14490, decode.loss_seg: 0.0257, decode.acc_seg: 85.3085, aux.loss_seg: 0.0198, aux.acc_seg: 84.2936, loss: 0.0455
2026-04-25 02:13:06,531 - mmseg - INFO - Iter [126950/160000]	lr: 3.228e-06, eta: 10:17:25, time: 0.547, data_time: 0.004, memory: 14490, decode.loss_seg: 0.0249, decode.acc_seg: 84.2097, aux.loss_seg: 0.0193, aux.acc_seg: 83.2085, loss: 0.0442
2026-04-25 02:13:51,944 - mmseg - INFO - Exp name: pixel_upernet_itpn_large_12_512_slide_160k_air_polarsar2_amp_linux.py
2026-04-25 02:13:51,945 - mmseg - INFO - Iter [127000/160000]	lr: 3.223e-06, eta: 10:16:26, time: 0.908, data_time: 0.364, memory: 14490, decode.loss_seg: 0.0248, decode.acc_seg: 84.1538, aux.loss_seg: 0.0194, aux.acc_seg: 83.1472, loss: 0.0442
2026-04-25 02:14:38,202 - mmseg - INFO - Iter [127050/160000]	lr: 3.218e-06, eta: 10:15:27, time: 0.925, data_time: 0.382, memory: 14490, decode.loss_seg: 0.0256, decode.acc_seg: 85.3388, aux.loss_seg: 0.0196, aux.acc_seg: 84.3432, loss: 0.0452
2026-04-25 02:15:05,431 - mmseg - INFO - Iter [127100/160000]	lr: 3.213e-06, eta: 10:14:22, time: 0.545, data_time: 0.004, memory: 14490, decode.loss_seg: 0.0257, decode.acc_seg: 86.2321, aux.loss_seg: 0.0198, aux.acc_seg: 85.2552, loss: 0.0455
2026-04-25 02:15:52,540 - mmseg - INFO - Iter [127150/160000]	lr: 3.208e-06, eta: 10:13:24, time: 0.942, data_time: 0.368, memory: 14490, decode.loss_seg: 0.0249, decode.acc_seg: 84.4050, aux.loss_seg: 0.0193, aux.acc_seg: 83.3997, loss: 0.0443
2026-04-25 02:16:37,678 - mmseg - INFO - Iter [127200/160000]	lr: 3.203e-06, eta: 10:12:24, time: 0.903, data_time: 0.357, memory: 14490, decode.loss_seg: 0.0257, decode.acc_seg: 85.6047, aux.loss_seg: 0.0217, aux.acc_seg: 84.4254, loss: 0.0474
2026-04-25 02:17:04,792 - mmseg - INFO - Iter [127250/160000]	lr: 3.198e-06, eta: 10:11:20, time: 0.542, data_time: 0.003, memory: 14490, decode.loss_seg: 0.0251, decode.acc_seg: 85.1573, aux.loss_seg: 0.0194, aux.acc_seg: 84.1698, loss: 0.0445
2026-04-25 02:17:52,147 - mmseg - INFO - Iter [127300/160000]	lr: 3.193e-06, eta: 10:10:21, time: 0.947, data_time: 0.351, memory: 14490, decode.loss_seg: 0.0252, decode.acc_seg: 84.4920, aux.loss_seg: 0.0203, aux.acc_seg: 83.3527, loss: 0.0455
2026-04-25 02:18:39,303 - mmseg - INFO - Iter [127350/160000]	lr: 3.189e-06, eta: 10:09:23, time: 0.943, data_time: 0.377, memory: 14490, decode.loss_seg: 0.0248, decode.acc_seg: 83.4752, aux.loss_seg: 0.0190, aux.acc_seg: 82.5053, loss: 0.0437
2026-04-25 02:19:06,606 - mmseg - INFO - Iter [127400/160000]	lr: 3.184e-06, eta: 10:08:18, time: 0.546, data_time: 0.004, memory: 14490, decode.loss_seg: 0.0252, decode.acc_seg: 85.7059, aux.loss_seg: 0.0194, aux.acc_seg: 84.7034, loss: 0.0446
2026-04-25 02:19:52,613 - mmseg - INFO - Iter [127450/160000]	lr: 3.179e-06, eta: 10:07:19, time: 0.920, data_time: 0.353, memory: 14490, decode.loss_seg: 0.0253, decode.acc_seg: 84.9774, aux.loss_seg: 0.0199, aux.acc_seg: 83.9443, loss: 0.0453
2026-04-25 02:20:39,126 - mmseg - INFO - Iter [127500/160000]	lr: 3.174e-06, eta: 10:06:21, time: 0.930, data_time: 0.375, memory: 14490, decode.loss_seg: 0.0247, decode.acc_seg: 86.2413, aux.loss_seg: 0.0191, aux.acc_seg: 85.2623, loss: 0.0438
2026-04-25 02:21:06,375 - mmseg - INFO - Iter [127550/160000]	lr: 3.169e-06, eta: 10:05:16, time: 0.545, data_time: 0.004, memory: 14490, decode.loss_seg: 0.0250, decode.acc_seg: 85.5243, aux.loss_seg: 0.0193, aux.acc_seg: 84.5486, loss: 0.0442
2026-04-25 02:21:53,313 - mmseg - INFO - Iter [127600/160000]	lr: 3.164e-06, eta: 10:04:18, time: 0.939, data_time: 0.387, memory: 14490, decode.loss_seg: 0.0255, decode.acc_seg: 86.2995, aux.loss_seg: 0.0196, aux.acc_seg: 85.2940, loss: 0.0451
2026-04-25 02:22:20,557 - mmseg - INFO - Iter [127650/160000]	lr: 3.159e-06, eta: 10:03:13, time: 0.545, data_time: 0.004, memory: 14490, decode.loss_seg: 0.0257, decode.acc_seg: 84.9744, aux.loss_seg: 0.0194, aux.acc_seg: 83.9942, loss: 0.0451
2026-04-25 02:23:07,638 - mmseg - INFO - Iter [127700/160000]	lr: 3.154e-06, eta: 10:02:15, time: 0.941, data_time: 0.362, memory: 14490, decode.loss_seg: 0.0250, decode.acc_seg: 85.5219, aux.loss_seg: 0.0193, aux.acc_seg: 84.5345, loss: 0.0443
2026-04-25 02:23:55,253 - mmseg - INFO - Iter [127750/160000]	lr: 3.150e-06, eta: 10:01:17, time: 0.952, data_time: 0.355, memory: 14490, decode.loss_seg: 0.0247, decode.acc_seg: 84.4875, aux.loss_seg: 0.0194, aux.acc_seg: 83.4737, loss: 0.0441
2026-04-25 02:24:22,480 - mmseg - INFO - Iter [127800/160000]	lr: 3.145e-06, eta: 10:00:12, time: 0.545, data_time: 0.004, memory: 14490, decode.loss_seg: 0.0250, decode.acc_seg: 83.6074, aux.loss_seg: 0.0193, aux.acc_seg: 82.6134, loss: 0.0443
2026-04-25 02:25:10,004 - mmseg - INFO - Iter [127850/160000]	lr: 3.140e-06, eta: 9:59:14, time: 0.950, data_time: 0.403, memory: 14490, decode.loss_seg: 0.0250, decode.acc_seg: 85.2447, aux.loss_seg: 0.0198, aux.acc_seg: 84.2496, loss: 0.0448
2026-04-25 02:25:56,928 - mmseg - INFO - Iter [127900/160000]	lr: 3.135e-06, eta: 9:58:16, time: 0.939, data_time: 0.355, memory: 14490, decode.loss_seg: 0.0241, decode.acc_seg: 83.9709, aux.loss_seg: 0.0188, aux.acc_seg: 82.9812, loss: 0.0429
2026-04-25 02:26:24,143 - mmseg - INFO - Iter [127950/160000]	lr: 3.130e-06, eta: 9:57:11, time: 0.544, data_time: 0.003, memory: 14490, decode.loss_seg: 0.0249, decode.acc_seg: 84.4878, aux.loss_seg: 0.0197, aux.acc_seg: 83.4606, loss: 0.0446
2026-04-25 02:27:10,634 - mmseg - INFO - Saving checkpoint at 128000 iterations
2026-04-25 02:27:29,417 - mmseg - INFO - per class results:
2026-04-25 02:27:29,417 - mmseg - INFO - 
+------------+-------+-------+
| Class      | IoU   | Acc   |
+------------+-------+-------+
| housing    | 96.75 | 98.39 |
| industrial | 96.58 | 98.33 |
| natural    | 93.76 | 95.84 |
| land_use   | 87.58 | 91.27 |
| water      | 96.59 | 98.69 |
| other      | 99.02 | 99.56 |
+------------+-------+-------+
2026-04-25 02:27:29,417 - mmseg - INFO - Summary:
2026-04-25 02:27:29,418 - mmseg - INFO - 
+--------+-------+-------+------+
| Scope  | mIoU  | mAcc  | aAcc |
+--------+-------+-------+------+
| global | 95.05 | 97.01 | 97.9 |
+--------+-------+-------+------+
2026-04-25 02:27:29,461 - mmseg - INFO - Exp name: pixel_upernet_itpn_large_12_512_slide_160k_air_polarsar2_amp_linux.py
2026-04-25 02:27:29,461 - mmseg - INFO - Iter [128000/160000]	lr: 3.125e-06, eta: 10:00:36, time: 19.363, data_time: 0.000, memory: 14490, mIoU: 0.9505, mAcc: 0.9701, aAcc: 0.9790
2026-04-25 02:28:16,789 - mmseg - INFO - Iter [128050/160000]	lr: 3.120e-06, eta: 9:59:37, time: 0.946, data_time: 0.399, memory: 14490, decode.loss_seg: 0.0257, decode.acc_seg: 86.2020, aux.loss_seg: 0.0204, aux.acc_seg: 85.1096, loss: 0.0461
2026-04-25 02:28:43,995 - mmseg - INFO - Iter [128100/160000]	lr: 3.115e-06, eta: 9:58:33, time: 0.544, data_time: 0.004, memory: 14490, decode.loss_seg: 0.0250, decode.acc_seg: 84.8541, aux.loss_seg: 0.0189, aux.acc_seg: 83.8930, loss: 0.0439
2026-04-25 02:29:31,150 - mmseg - INFO - Iter [128150/160000]	lr: 3.110e-06, eta: 9:57:34, time: 0.943, data_time: 0.402, memory: 14490, decode.loss_seg: 0.0242, decode.acc_seg: 83.9714, aux.loss_seg: 0.0187, aux.acc_seg: 83.0023, loss: 0.0429
2026-04-25 02:30:16,856 - mmseg - INFO - Iter [128200/160000]	lr: 3.106e-06, eta: 9:56:35, time: 0.914, data_time: 0.309, memory: 14490, decode.loss_seg: 0.0261, decode.acc_seg: 85.7445, aux.loss_seg: 0.0199, aux.acc_seg: 84.7322, loss: 0.0460
2026-04-25 02:30:44,104 - mmseg - INFO - Iter [128250/160000]	lr: 3.101e-06, eta: 9:55:30, time: 0.545, data_time: 0.004, memory: 14490, decode.loss_seg: 0.0249, decode.acc_seg: 85.8062, aux.loss_seg: 0.0191, aux.acc_seg: 84.8362, loss: 0.0440
2026-04-25 02:31:31,393 - mmseg - INFO - Iter [128300/160000]	lr: 3.096e-06, eta: 9:54:31, time: 0.946, data_time: 0.383, memory: 14490, decode.loss_seg: 0.0250, decode.acc_seg: 85.9361, aux.loss_seg: 0.0196, aux.acc_seg: 84.9137, loss: 0.0446
2026-04-25 02:32:18,164 - mmseg - INFO - Iter [128350/160000]	lr: 3.091e-06, eta: 9:53:32, time: 0.935, data_time: 0.395, memory: 14490, decode.loss_seg: 0.0251, decode.acc_seg: 85.1279, aux.loss_seg: 0.0194, aux.acc_seg: 84.1268, loss: 0.0445
2026-04-25 02:32:45,447 - mmseg - INFO - Iter [128400/160000]	lr: 3.086e-06, eta: 9:52:28, time: 0.546, data_time: 0.004, memory: 14490, decode.loss_seg: 0.0247, decode.acc_seg: 84.8231, aux.loss_seg: 0.0205, aux.acc_seg: 83.7111, loss: 0.0452
2026-04-25 02:33:32,701 - mmseg - INFO - Iter [128450/160000]	lr: 3.081e-06, eta: 9:51:29, time: 0.945, data_time: 0.380, memory: 14490, decode.loss_seg: 0.0254, decode.acc_seg: 84.9360, aux.loss_seg: 0.0198, aux.acc_seg: 83.9105, loss: 0.0452
2026-04-25 02:34:19,325 - mmseg - INFO - Iter [128500/160000]	lr: 3.076e-06, eta: 9:50:30, time: 0.932, data_time: 0.361, memory: 14490, decode.loss_seg: 0.0249, decode.acc_seg: 84.4464, aux.loss_seg: 0.0193, aux.acc_seg: 83.4387, loss: 0.0442
2026-04-25 02:34:46,588 - mmseg - INFO - Iter [128550/160000]	lr: 3.071e-06, eta: 9:49:26, time: 0.545, data_time: 0.004, memory: 14490, decode.loss_seg: 0.0244, decode.acc_seg: 83.9038, aux.loss_seg: 0.0191, aux.acc_seg: 82.9018, loss: 0.0435
2026-04-25 02:35:33,128 - mmseg - INFO - Iter [128600/160000]	lr: 3.067e-06, eta: 9:48:27, time: 0.931, data_time: 0.363, memory: 14490, decode.loss_seg: 0.0246, decode.acc_seg: 85.0212, aux.loss_seg: 0.0194, aux.acc_seg: 84.0242, loss: 0.0439
2026-04-25 02:36:00,424 - mmseg - INFO - Iter [128650/160000]	lr: 3.062e-06, eta: 9:47:23, time: 0.546, data_time: 0.004, memory: 14490, decode.loss_seg: 0.0255, decode.acc_seg: 85.5772, aux.loss_seg: 0.0213, aux.acc_seg: 84.3527, loss: 0.0469
2026-04-25 02:36:46,923 - mmseg - INFO - Iter [128700/160000]	lr: 3.057e-06, eta: 9:46:24, time: 0.930, data_time: 0.331, memory: 14490, decode.loss_seg: 0.0251, decode.acc_seg: 85.4384, aux.loss_seg: 0.0194, aux.acc_seg: 84.4485, loss: 0.0445
2026-04-25 02:37:34,247 - mmseg - INFO - Iter [128750/160000]	lr: 3.052e-06, eta: 9:45:25, time: 0.946, data_time: 0.375, memory: 14490, decode.loss_seg: 0.0253, decode.acc_seg: 85.0248, aux.loss_seg: 0.0194, aux.acc_seg: 84.0356, loss: 0.0447
2026-04-25 02:38:01,506 - mmseg - INFO - Iter [128800/160000]	lr: 3.047e-06, eta: 9:44:21, time: 0.545, data_time: 0.004, memory: 14490, decode.loss_seg: 0.0249, decode.acc_seg: 86.1371, aux.loss_seg: 0.0191, aux.acc_seg: 85.1568, loss: 0.0440
2026-04-25 02:38:48,490 - mmseg - INFO - Iter [128850/160000]	lr: 3.042e-06, eta: 9:43:22, time: 0.940, data_time: 0.330, memory: 14490, decode.loss_seg: 0.0246, decode.acc_seg: 84.8486, aux.loss_seg: 0.0193, aux.acc_seg: 83.8386, loss: 0.0439
2026-04-25 02:39:35,371 - mmseg - INFO - Iter [128900/160000]	lr: 3.037e-06, eta: 9:42:23, time: 0.938, data_time: 0.361, memory: 14490, decode.loss_seg: 0.0248, decode.acc_seg: 84.4643, aux.loss_seg: 0.0194, aux.acc_seg: 83.4451, loss: 0.0442
2026-04-25 02:40:02,632 - mmseg - INFO - Iter [128950/160000]	lr: 3.032e-06, eta: 9:41:19, time: 0.545, data_time: 0.004, memory: 14490, decode.loss_seg: 0.0252, decode.acc_seg: 86.1186, aux.loss_seg: 0.0195, aux.acc_seg: 85.1124, loss: 0.0447
2026-04-25 02:40:50,180 - mmseg - INFO - Exp name: pixel_upernet_itpn_large_12_512_slide_160k_air_polarsar2_amp_linux.py
2026-04-25 02:40:50,180 - mmseg - INFO - Iter [129000/160000]	lr: 3.027e-06, eta: 9:40:21, time: 0.951, data_time: 0.358, memory: 14490, decode.loss_seg: 0.0249, decode.acc_seg: 84.9330, aux.loss_seg: 0.0199, aux.acc_seg: 83.8612, loss: 0.0448
2026-04-25 02:41:38,002 - mmseg - INFO - Iter [129050/160000]	lr: 3.023e-06, eta: 9:39:22, time: 0.956, data_time: 0.378, memory: 14490, decode.loss_seg: 0.0239, decode.acc_seg: 84.6238, aux.loss_seg: 0.0184, aux.acc_seg: 83.6747, loss: 0.0423
2026-04-25 02:42:05,224 - mmseg - INFO - Iter [129100/160000]	lr: 3.018e-06, eta: 9:38:18, time: 0.545, data_time: 0.004, memory: 14490, decode.loss_seg: 0.0251, decode.acc_seg: 86.6650, aux.loss_seg: 0.0194, aux.acc_seg: 85.6726, loss: 0.0445
2026-04-25 02:42:51,426 - mmseg - INFO - Iter [129150/160000]	lr: 3.013e-06, eta: 9:37:19, time: 0.924, data_time: 0.367, memory: 14490, decode.loss_seg: 0.0248, decode.acc_seg: 84.8898, aux.loss_seg: 0.0191, aux.acc_seg: 83.8988, loss: 0.0439
2026-04-25 02:43:37,624 - mmseg - INFO - Iter [129200/160000]	lr: 3.008e-06, eta: 9:36:21, time: 0.924, data_time: 0.354, memory: 14490, decode.loss_seg: 0.0247, decode.acc_seg: 84.9837, aux.loss_seg: 0.0194, aux.acc_seg: 83.9523, loss: 0.0441
2026-04-25 02:44:04,892 - mmseg - INFO - Iter [129250/160000]	lr: 3.003e-06, eta: 9:35:17, time: 0.546, data_time: 0.004, memory: 14490, decode.loss_seg: 0.0251, decode.acc_seg: 84.6007, aux.loss_seg: 0.0195, aux.acc_seg: 83.5860, loss: 0.0446
2026-04-25 02:44:50,783 - mmseg - INFO - Iter [129300/160000]	lr: 2.998e-06, eta: 9:34:18, time: 0.918, data_time: 0.330, memory: 14490, decode.loss_seg: 0.0252, decode.acc_seg: 85.3183, aux.loss_seg: 0.0193, aux.acc_seg: 84.3244, loss: 0.0446
2026-04-25 02:45:37,231 - mmseg - INFO - Iter [129350/160000]	lr: 2.993e-06, eta: 9:33:19, time: 0.929, data_time: 0.374, memory: 14490, decode.loss_seg: 0.0247, decode.acc_seg: 84.7750, aux.loss_seg: 0.0189, aux.acc_seg: 83.7981, loss: 0.0437
2026-04-25 02:46:04,496 - mmseg - INFO - Iter [129400/160000]	lr: 2.988e-06, eta: 9:32:15, time: 0.545, data_time: 0.004, memory: 14490, decode.loss_seg: 0.0245, decode.acc_seg: 85.1017, aux.loss_seg: 0.0191, aux.acc_seg: 84.1073, loss: 0.0435
2026-04-25 02:46:50,939 - mmseg - INFO - Iter [129450/160000]	lr: 2.984e-06, eta: 9:31:16, time: 0.929, data_time: 0.359, memory: 14490, decode.loss_seg: 0.0250, decode.acc_seg: 84.7181, aux.loss_seg: 0.0193, aux.acc_seg: 83.7195, loss: 0.0443
2026-04-25 02:47:37,502 - mmseg - INFO - Iter [129500/160000]	lr: 2.979e-06, eta: 9:30:18, time: 0.931, data_time: 0.386, memory: 14490, decode.loss_seg: 0.0247, decode.acc_seg: 85.7687, aux.loss_seg: 0.0193, aux.acc_seg: 84.7553, loss: 0.0440
2026-04-25 02:48:04,791 - mmseg - INFO - Iter [129550/160000]	lr: 2.974e-06, eta: 9:29:14, time: 0.546, data_time: 0.004, memory: 14490, decode.loss_seg: 0.0249, decode.acc_seg: 85.6138, aux.loss_seg: 0.0192, aux.acc_seg: 84.6213, loss: 0.0441
2026-04-25 02:48:51,556 - mmseg - INFO - Iter [129600/160000]	lr: 2.969e-06, eta: 9:28:15, time: 0.935, data_time: 0.388, memory: 14490, decode.loss_seg: 0.0246, decode.acc_seg: 84.3282, aux.loss_seg: 0.0195, aux.acc_seg: 83.2843, loss: 0.0441
2026-04-25 02:49:18,912 - mmseg - INFO - Iter [129650/160000]	lr: 2.964e-06, eta: 9:27:12, time: 0.547, data_time: 0.004, memory: 14490, decode.loss_seg: 0.0245, decode.acc_seg: 84.5132, aux.loss_seg: 0.0190, aux.acc_seg: 83.5246, loss: 0.0435
2026-04-25 02:50:06,893 - mmseg - INFO - Iter [129700/160000]	lr: 2.959e-06, eta: 9:26:13, time: 0.960, data_time: 0.402, memory: 14490, decode.loss_seg: 0.0253, decode.acc_seg: 85.5345, aux.loss_seg: 0.0194, aux.acc_seg: 84.5560, loss: 0.0447
2026-04-25 02:50:53,852 - mmseg - INFO - Iter [129750/160000]	lr: 2.954e-06, eta: 9:25:15, time: 0.939, data_time: 0.379, memory: 14490, decode.loss_seg: 0.0247, decode.acc_seg: 85.4550, aux.loss_seg: 0.0190, aux.acc_seg: 84.4890, loss: 0.0437
2026-04-25 02:51:21,186 - mmseg - INFO - Iter [129800/160000]	lr: 2.949e-06, eta: 9:24:11, time: 0.547, data_time: 0.004, memory: 14490, decode.loss_seg: 0.0250, decode.acc_seg: 85.2591, aux.loss_seg: 0.0190, aux.acc_seg: 84.2907, loss: 0.0440
2026-04-25 02:52:08,511 - mmseg - INFO - Iter [129850/160000]	lr: 2.944e-06, eta: 9:23:13, time: 0.947, data_time: 0.361, memory: 14490, decode.loss_seg: 0.0248, decode.acc_seg: 84.6256, aux.loss_seg: 0.0192, aux.acc_seg: 83.6196, loss: 0.0440
2026-04-25 02:52:55,560 - mmseg - INFO - Iter [129900/160000]	lr: 2.940e-06, eta: 9:22:14, time: 0.941, data_time: 0.399, memory: 14490, decode.loss_seg: 0.0246, decode.acc_seg: 85.3564, aux.loss_seg: 0.0191, aux.acc_seg: 84.3549, loss: 0.0437
2026-04-25 02:53:22,862 - mmseg - INFO - Iter [129950/160000]	lr: 2.935e-06, eta: 9:21:11, time: 0.546, data_time: 0.005, memory: 14490, decode.loss_seg: 0.0252, decode.acc_seg: 85.6198, aux.loss_seg: 0.0198, aux.acc_seg: 84.5816, loss: 0.0450
2026-04-25 02:54:22,784 - mmseg - INFO - per class results:
2026-04-25 02:54:22,785 - mmseg - INFO - 
+------------+-------+-------+
| Class      | IoU   | Acc   |
+------------+-------+-------+
| housing    | 96.67 | 98.45 |
| industrial | 96.58 | 98.32 |
| natural    | 93.61 | 95.71 |
| land_use   | 87.58 | 91.18 |
| water      | 96.62 | 98.69 |
| other      | 98.98 | 99.64 |
+------------+-------+-------+
2026-04-25 02:54:22,785 - mmseg - INFO - Summary:
2026-04-25 02:54:22,785 - mmseg - INFO - 
+--------+-------+------+------+
| Scope  | mIoU  | mAcc | aAcc |
+--------+-------+------+------+
| global | 95.01 | 97.0 | 97.9 |
+--------+-------+------+------+
2026-04-25 02:54:22,827 - mmseg - INFO - Exp name: pixel_upernet_itpn_large_12_512_slide_160k_air_polarsar2_amp_linux.py
2026-04-25 02:54:22,827 - mmseg - INFO - Iter [130000/160000]	lr: 2.930e-06, eta: 9:22:58, time: 13.566, data_time: 0.000, memory: 14490, mIoU: 0.9501, mAcc: 0.9700, aAcc: 0.9790
2026-04-25 02:55:10,208 - mmseg - INFO - Iter [130050/160000]	lr: 2.925e-06, eta: 9:22:00, time: 0.947, data_time: 0.359, memory: 14490, decode.loss_seg: 0.0247, decode.acc_seg: 85.5421, aux.loss_seg: 0.0191, aux.acc_seg: 84.5396, loss: 0.0438
2026-04-25 02:55:37,365 - mmseg - INFO - Iter [130100/160000]	lr: 2.920e-06, eta: 9:20:56, time: 0.543, data_time: 0.004, memory: 14490, decode.loss_seg: 0.0249, decode.acc_seg: 84.7654, aux.loss_seg: 0.0201, aux.acc_seg: 83.6578, loss: 0.0450
2026-04-25 02:56:24,704 - mmseg - INFO - Iter [130150/160000]	lr: 2.915e-06, eta: 9:19:57, time: 0.947, data_time: 0.404, memory: 14490, decode.loss_seg: 0.0249, decode.acc_seg: 85.8058, aux.loss_seg: 0.0196, aux.acc_seg: 84.8052, loss: 0.0444
2026-04-25 02:57:11,827 - mmseg - INFO - Iter [130200/160000]	lr: 2.910e-06, eta: 9:18:59, time: 0.942, data_time: 0.339, memory: 14490, decode.loss_seg: 0.0245, decode.acc_seg: 84.2304, aux.loss_seg: 0.0196, aux.acc_seg: 83.1897, loss: 0.0441
2026-04-25 02:57:39,148 - mmseg - INFO - Iter [130250/160000]	lr: 2.905e-06, eta: 9:17:55, time: 0.547, data_time: 0.004, memory: 14490, decode.loss_seg: 0.0254, decode.acc_seg: 85.7325, aux.loss_seg: 0.0195, aux.acc_seg: 84.7331, loss: 0.0449
2026-04-25 02:58:26,718 - mmseg - INFO - Iter [130300/160000]	lr: 2.901e-06, eta: 9:16:56, time: 0.951, data_time: 0.381, memory: 14490, decode.loss_seg: 0.0250, decode.acc_seg: 83.6037, aux.loss_seg: 0.0194, aux.acc_seg: 82.5943, loss: 0.0443
2026-04-25 02:59:13,556 - mmseg - INFO - Iter [130350/160000]	lr: 2.896e-06, eta: 9:15:58, time: 0.937, data_time: 0.372, memory: 14490, decode.loss_seg: 0.0246, decode.acc_seg: 85.1068, aux.loss_seg: 0.0191, aux.acc_seg: 84.1226, loss: 0.0438
2026-04-25 02:59:40,816 - mmseg - INFO - Iter [130400/160000]	lr: 2.891e-06, eta: 9:14:54, time: 0.545, data_time: 0.005, memory: 14490, decode.loss_seg: 0.0247, decode.acc_seg: 84.6711, aux.loss_seg: 0.0189, aux.acc_seg: 83.7027, loss: 0.0436
2026-04-25 03:00:27,414 - mmseg - INFO - Iter [130450/160000]	lr: 2.886e-06, eta: 9:13:55, time: 0.932, data_time: 0.364, memory: 14490, decode.loss_seg: 0.0249, decode.acc_seg: 84.8444, aux.loss_seg: 0.0195, aux.acc_seg: 83.8200, loss: 0.0444
2026-04-25 03:01:15,001 - mmseg - INFO - Iter [130500/160000]	lr: 2.881e-06, eta: 9:12:57, time: 0.952, data_time: 0.381, memory: 14490, decode.loss_seg: 0.0245, decode.acc_seg: 85.0233, aux.loss_seg: 0.0187, aux.acc_seg: 84.0607, loss: 0.0432
2026-04-25 03:01:42,322 - mmseg - INFO - Iter [130550/160000]	lr: 2.876e-06, eta: 9:11:53, time: 0.546, data_time: 0.004, memory: 14490, decode.loss_seg: 0.0250, decode.acc_seg: 85.6476, aux.loss_seg: 0.0190, aux.acc_seg: 84.6767, loss: 0.0441
2026-04-25 03:02:28,551 - mmseg - INFO - Iter [130600/160000]	lr: 2.871e-06, eta: 9:10:54, time: 0.925, data_time: 0.382, memory: 14490, decode.loss_seg: 0.0238, decode.acc_seg: 84.9640, aux.loss_seg: 0.0188, aux.acc_seg: 83.9670, loss: 0.0426
2026-04-25 03:02:55,778 - mmseg - INFO - Iter [130650/160000]	lr: 2.866e-06, eta: 9:09:51, time: 0.544, data_time: 0.004, memory: 14490, decode.loss_seg: 0.0252, decode.acc_seg: 85.3004, aux.loss_seg: 0.0193, aux.acc_seg: 84.3150, loss: 0.0445
2026-04-25 03:03:43,147 - mmseg - INFO - Iter [130700/160000]	lr: 2.861e-06, eta: 9:08:52, time: 0.948, data_time: 0.378, memory: 14490, decode.loss_seg: 0.0254, decode.acc_seg: 84.8800, aux.loss_seg: 0.0200, aux.acc_seg: 83.8183, loss: 0.0454
2026-04-25 03:04:30,295 - mmseg - INFO - Iter [130750/160000]	lr: 2.857e-06, eta: 9:07:54, time: 0.943, data_time: 0.376, memory: 14490, decode.loss_seg: 0.0244, decode.acc_seg: 84.5595, aux.loss_seg: 0.0190, aux.acc_seg: 83.5755, loss: 0.0434
2026-04-25 03:04:57,622 - mmseg - INFO - Iter [130800/160000]	lr: 2.852e-06, eta: 9:06:50, time: 0.547, data_time: 0.005, memory: 14490, decode.loss_seg: 0.0252, decode.acc_seg: 84.9452, aux.loss_seg: 0.0194, aux.acc_seg: 83.9508, loss: 0.0446
2026-04-25 03:05:45,096 - mmseg - INFO - Iter [130850/160000]	lr: 2.847e-06, eta: 9:05:52, time: 0.949, data_time: 0.360, memory: 14490, decode.loss_seg: 0.0247, decode.acc_seg: 84.9679, aux.loss_seg: 0.0220, aux.acc_seg: 83.6951, loss: 0.0467
2026-04-25 03:06:32,347 - mmseg - INFO - Iter [130900/160000]	lr: 2.842e-06, eta: 9:04:53, time: 0.945, data_time: 0.390, memory: 14490, decode.loss_seg: 0.0251, decode.acc_seg: 85.0608, aux.loss_seg: 0.0195, aux.acc_seg: 84.0383, loss: 0.0446
2026-04-25 03:06:59,558 - mmseg - INFO - Iter [130950/160000]	lr: 2.837e-06, eta: 9:03:50, time: 0.544, data_time: 0.005, memory: 14490, decode.loss_seg: 0.0246, decode.acc_seg: 85.8852, aux.loss_seg: 0.0191, aux.acc_seg: 84.8958, loss: 0.0437
2026-04-25 03:07:47,073 - mmseg - INFO - Exp name: pixel_upernet_itpn_large_12_512_slide_160k_air_polarsar2_amp_linux.py
2026-04-25 03:07:47,073 - mmseg - INFO - Iter [131000/160000]	lr: 2.832e-06, eta: 9:02:51, time: 0.950, data_time: 0.349, memory: 14490, decode.loss_seg: 0.0251, decode.acc_seg: 85.6013, aux.loss_seg: 0.0195, aux.acc_seg: 84.5898, loss: 0.0446
2026-04-25 03:08:33,854 - mmseg - INFO - Iter [131050/160000]	lr: 2.827e-06, eta: 9:01:53, time: 0.936, data_time: 0.351, memory: 14490, decode.loss_seg: 0.0245, decode.acc_seg: 85.5204, aux.loss_seg: 0.0196, aux.acc_seg: 84.4629, loss: 0.0441
2026-04-25 03:09:01,164 - mmseg - INFO - Iter [131100/160000]	lr: 2.822e-06, eta: 9:00:49, time: 0.546, data_time: 0.003, memory: 14490, decode.loss_seg: 0.0251, decode.acc_seg: 84.7301, aux.loss_seg: 0.0193, aux.acc_seg: 83.7465, loss: 0.0444
2026-04-25 03:09:47,191 - mmseg - INFO - Iter [131150/160000]	lr: 2.818e-06, eta: 8:59:51, time: 0.921, data_time: 0.358, memory: 14490, decode.loss_seg: 0.0245, decode.acc_seg: 86.1834, aux.loss_seg: 0.0190, aux.acc_seg: 85.2008, loss: 0.0436
2026-04-25 03:10:33,786 - mmseg - INFO - Iter [131200/160000]	lr: 2.813e-06, eta: 8:58:52, time: 0.932, data_time: 0.368, memory: 14490, decode.loss_seg: 0.0247, decode.acc_seg: 84.8327, aux.loss_seg: 0.0194, aux.acc_seg: 83.8012, loss: 0.0442
2026-04-25 03:11:01,079 - mmseg - INFO - Iter [131250/160000]	lr: 2.808e-06, eta: 8:57:49, time: 0.546, data_time: 0.004, memory: 14490, decode.loss_seg: 0.0247, decode.acc_seg: 85.3076, aux.loss_seg: 0.0193, aux.acc_seg: 84.3233, loss: 0.0440
2026-04-25 03:11:47,768 - mmseg - INFO - Iter [131300/160000]	lr: 2.803e-06, eta: 8:56:50, time: 0.934, data_time: 0.394, memory: 14490, decode.loss_seg: 0.0244, decode.acc_seg: 84.9596, aux.loss_seg: 0.0190, aux.acc_seg: 83.9764, loss: 0.0433
2026-04-25 03:12:34,155 - mmseg - INFO - Iter [131350/160000]	lr: 2.798e-06, eta: 8:55:52, time: 0.928, data_time: 0.360, memory: 14490, decode.loss_seg: 0.0249, decode.acc_seg: 84.0377, aux.loss_seg: 0.0194, aux.acc_seg: 83.0321, loss: 0.0443
2026-04-25 03:13:01,443 - mmseg - INFO - Iter [131400/160000]	lr: 2.793e-06, eta: 8:54:49, time: 0.546, data_time: 0.005, memory: 14490, decode.loss_seg: 0.0248, decode.acc_seg: 84.4963, aux.loss_seg: 0.0193, aux.acc_seg: 83.5015, loss: 0.0441
2026-04-25 03:13:48,416 - mmseg - INFO - Iter [131450/160000]	lr: 2.788e-06, eta: 8:53:50, time: 0.939, data_time: 0.399, memory: 14490, decode.loss_seg: 0.0246, decode.acc_seg: 84.2224, aux.loss_seg: 0.0192, aux.acc_seg: 83.2136, loss: 0.0438
2026-04-25 03:14:15,615 - mmseg - INFO - Iter [131500/160000]	lr: 2.783e-06, eta: 8:52:47, time: 0.544, data_time: 0.004, memory: 14490, decode.loss_seg: 0.0246, decode.acc_seg: 84.8943, aux.loss_seg: 0.0192, aux.acc_seg: 83.8877, loss: 0.0439
2026-04-25 03:15:02,552 - mmseg - INFO - Iter [131550/160000]	lr: 2.778e-06, eta: 8:51:49, time: 0.939, data_time: 0.356, memory: 14490, decode.loss_seg: 0.0247, decode.acc_seg: 85.2915, aux.loss_seg: 0.0192, aux.acc_seg: 84.3049, loss: 0.0439
2026-04-25 03:15:49,747 - mmseg - INFO - Iter [131600/160000]	lr: 2.774e-06, eta: 8:50:51, time: 0.944, data_time: 0.395, memory: 14490, decode.loss_seg: 0.0248, decode.acc_seg: 85.1781, aux.loss_seg: 0.0191, aux.acc_seg: 84.1910, loss: 0.0439
2026-04-25 03:16:17,069 - mmseg - INFO - Iter [131650/160000]	lr: 2.769e-06, eta: 8:49:47, time: 0.546, data_time: 0.004, memory: 14490, decode.loss_seg: 0.0241, decode.acc_seg: 85.6966, aux.loss_seg: 0.0186, aux.acc_seg: 84.7657, loss: 0.0427
2026-04-25 03:17:03,501 - mmseg - INFO - Iter [131700/160000]	lr: 2.764e-06, eta: 8:48:49, time: 0.929, data_time: 0.355, memory: 14490, decode.loss_seg: 0.0242, decode.acc_seg: 84.8589, aux.loss_seg: 0.0190, aux.acc_seg: 83.8690, loss: 0.0433
2026-04-25 03:17:49,987 - mmseg - INFO - Iter [131750/160000]	lr: 2.759e-06, eta: 8:47:51, time: 0.930, data_time: 0.355, memory: 14490, decode.loss_seg: 0.0249, decode.acc_seg: 84.9389, aux.loss_seg: 0.0193, aux.acc_seg: 83.9445, loss: 0.0442
2026-04-25 03:18:17,266 - mmseg - INFO - Iter [131800/160000]	lr: 2.754e-06, eta: 8:46:48, time: 0.546, data_time: 0.004, memory: 14490, decode.loss_seg: 0.0251, decode.acc_seg: 86.5405, aux.loss_seg: 0.0193, aux.acc_seg: 85.5503, loss: 0.0444
2026-04-25 03:19:04,938 - mmseg - INFO - Iter [131850/160000]	lr: 2.749e-06, eta: 8:45:49, time: 0.953, data_time: 0.355, memory: 14490, decode.loss_seg: 0.0252, decode.acc_seg: 85.8377, aux.loss_seg: 0.0196, aux.acc_seg: 84.8281, loss: 0.0448
2026-04-25 03:19:51,654 - mmseg - INFO - Iter [131900/160000]	lr: 2.744e-06, eta: 8:44:51, time: 0.934, data_time: 0.362, memory: 14490, decode.loss_seg: 0.0253, decode.acc_seg: 86.1760, aux.loss_seg: 0.0192, aux.acc_seg: 85.2125, loss: 0.0445
2026-04-25 03:20:18,985 - mmseg - INFO - Iter [131950/160000]	lr: 2.739e-06, eta: 8:43:48, time: 0.547, data_time: 0.004, memory: 14490, decode.loss_seg: 0.0236, decode.acc_seg: 83.1045, aux.loss_seg: 0.0187, aux.acc_seg: 82.1092, loss: 0.0423
2026-04-25 03:21:18,184 - mmseg - INFO - per class results:
2026-04-25 03:21:18,185 - mmseg - INFO - 
+------------+-------+-------+
| Class      | IoU   | Acc   |
+------------+-------+-------+
| housing    | 96.75 | 98.27 |
| industrial | 96.63 | 98.47 |
| natural    | 93.68 | 95.52 |
| land_use   | 87.84 | 91.45 |
| water      | 96.63 | 98.64 |
| other      | 99.02 | 99.64 |
+------------+-------+-------+
2026-04-25 03:21:18,185 - mmseg - INFO - Summary:
2026-04-25 03:21:18,185 - mmseg - INFO - 
+--------+-------+------+-------+
| Scope  | mIoU  | mAcc | aAcc  |
+--------+-------+------+-------+
| global | 95.09 | 97.0 | 97.93 |
+--------+-------+------+-------+
2026-04-25 03:21:18,211 - mmseg - INFO - Exp name: pixel_upernet_itpn_large_12_512_slide_160k_air_polarsar2_amp_linux.py
2026-04-25 03:21:18,211 - mmseg - INFO - Iter [132000/160000]	lr: 2.734e-06, eta: 8:45:08, time: 12.386, data_time: 0.000, memory: 14490, mIoU: 0.9509, mAcc: 0.9700, aAcc: 0.9793
2026-04-25 03:22:04,725 - mmseg - INFO - Iter [132050/160000]	lr: 2.730e-06, eta: 8:44:09, time: 0.930, data_time: 0.343, memory: 14490, decode.loss_seg: 0.0247, decode.acc_seg: 85.6310, aux.loss_seg: 0.0193, aux.acc_seg: 84.6204, loss: 0.0440
2026-04-25 03:22:31,969 - mmseg - INFO - Iter [132100/160000]	lr: 2.725e-06, eta: 8:43:06, time: 0.545, data_time: 0.004, memory: 14490, decode.loss_seg: 0.0239, decode.acc_seg: 84.6761, aux.loss_seg: 0.0189, aux.acc_seg: 83.6806, loss: 0.0428
2026-04-25 03:23:19,319 - mmseg - INFO - Iter [132150/160000]	lr: 2.720e-06, eta: 8:42:08, time: 0.947, data_time: 0.365, memory: 14490, decode.loss_seg: 0.0239, decode.acc_seg: 85.4928, aux.loss_seg: 0.0185, aux.acc_seg: 84.5330, loss: 0.0423
2026-04-25 03:24:06,114 - mmseg - INFO - Iter [132200/160000]	lr: 2.715e-06, eta: 8:41:09, time: 0.936, data_time: 0.365, memory: 14490, decode.loss_seg: 0.0246, decode.acc_seg: 85.5585, aux.loss_seg: 0.0194, aux.acc_seg: 84.5311, loss: 0.0440
2026-04-25 03:24:33,398 - mmseg - INFO - Iter [132250/160000]	lr: 2.710e-06, eta: 8:40:06, time: 0.546, data_time: 0.004, memory: 14490, decode.loss_seg: 0.0242, decode.acc_seg: 85.2140, aux.loss_seg: 0.0189, aux.acc_seg: 84.2243, loss: 0.0431
2026-04-25 03:25:20,732 - mmseg - INFO - Iter [132300/160000]	lr: 2.705e-06, eta: 8:39:08, time: 0.946, data_time: 0.399, memory: 14490, decode.loss_seg: 0.0249, decode.acc_seg: 85.0301, aux.loss_seg: 0.0193, aux.acc_seg: 84.0345, loss: 0.0442
2026-04-25 03:26:07,285 - mmseg - INFO - Iter [132350/160000]	lr: 2.700e-06, eta: 8:38:09, time: 0.931, data_time: 0.362, memory: 14490, decode.loss_seg: 0.0252, decode.acc_seg: 85.6937, aux.loss_seg: 0.0194, aux.acc_seg: 84.6864, loss: 0.0447
2026-04-25 03:26:34,510 - mmseg - INFO - Iter [132400/160000]	lr: 2.695e-06, eta: 8:37:06, time: 0.544, data_time: 0.004, memory: 14490, decode.loss_seg: 0.0249, decode.acc_seg: 84.6821, aux.loss_seg: 0.0204, aux.acc_seg: 83.5481, loss: 0.0452
2026-04-25 03:27:20,868 - mmseg - INFO - Iter [132450/160000]	lr: 2.691e-06, eta: 8:36:08, time: 0.927, data_time: 0.379, memory: 14490, decode.loss_seg: 0.0260, decode.acc_seg: 84.4619, aux.loss_seg: 0.0192, aux.acc_seg: 83.4854, loss: 0.0452
2026-04-25 03:27:48,077 - mmseg - INFO - Iter [132500/160000]	lr: 2.686e-06, eta: 8:35:05, time: 0.544, data_time: 0.004, memory: 14490, decode.loss_seg: 0.0258, decode.acc_seg: 84.3220, aux.loss_seg: 0.0194, aux.acc_seg: 83.3421, loss: 0.0452
2026-04-25 03:28:34,418 - mmseg - INFO - Iter [132550/160000]	lr: 2.681e-06, eta: 8:34:06, time: 0.927, data_time: 0.375, memory: 14490, decode.loss_seg: 0.0248, decode.acc_seg: 86.7268, aux.loss_seg: 0.0189, aux.acc_seg: 85.7694, loss: 0.0437
2026-04-25 03:29:22,051 - mmseg - INFO - Iter [132600/160000]	lr: 2.676e-06, eta: 8:33:08, time: 0.953, data_time: 0.364, memory: 14490, decode.loss_seg: 0.0253, decode.acc_seg: 86.5243, aux.loss_seg: 0.0193, aux.acc_seg: 85.5419, loss: 0.0445
2026-04-25 03:29:49,292 - mmseg - INFO - Iter [132650/160000]	lr: 2.671e-06, eta: 8:32:05, time: 0.545, data_time: 0.004, memory: 14490, decode.loss_seg: 0.0249, decode.acc_seg: 84.4840, aux.loss_seg: 0.0192, aux.acc_seg: 83.4941, loss: 0.0440
2026-04-25 03:30:36,622 - mmseg - INFO - Iter [132700/160000]	lr: 2.666e-06, eta: 8:31:07, time: 0.947, data_time: 0.363, memory: 14490, decode.loss_seg: 0.0248, decode.acc_seg: 85.0795, aux.loss_seg: 0.0191, aux.acc_seg: 84.0927, loss: 0.0438
2026-04-25 03:31:22,593 - mmseg - INFO - Iter [132750/160000]	lr: 2.661e-06, eta: 8:30:08, time: 0.919, data_time: 0.339, memory: 14490, decode.loss_seg: 0.0243, decode.acc_seg: 85.2624, aux.loss_seg: 0.0187, aux.acc_seg: 84.2951, loss: 0.0431
2026-04-25 03:31:49,826 - mmseg - INFO - Iter [132800/160000]	lr: 2.656e-06, eta: 8:29:05, time: 0.544, data_time: 0.004, memory: 14490, decode.loss_seg: 0.0242, decode.acc_seg: 84.2676, aux.loss_seg: 0.0190, aux.acc_seg: 83.2654, loss: 0.0432
2026-04-25 03:32:37,371 - mmseg - INFO - Iter [132850/160000]	lr: 2.651e-06, eta: 8:28:07, time: 0.951, data_time: 0.347, memory: 14490, decode.loss_seg: 0.0242, decode.acc_seg: 84.7357, aux.loss_seg: 0.0189, aux.acc_seg: 83.7520, loss: 0.0431
2026-04-25 03:33:24,739 - mmseg - INFO - Iter [132900/160000]	lr: 2.647e-06, eta: 8:27:09, time: 0.947, data_time: 0.349, memory: 14490, decode.loss_seg: 0.0250, decode.acc_seg: 85.8591, aux.loss_seg: 0.0192, aux.acc_seg: 84.8758, loss: 0.0442
2026-04-25 03:33:51,943 - mmseg - INFO - Iter [132950/160000]	lr: 2.642e-06, eta: 8:26:06, time: 0.544, data_time: 0.004, memory: 14490, decode.loss_seg: 0.0248, decode.acc_seg: 85.3247, aux.loss_seg: 0.0195, aux.acc_seg: 84.3079, loss: 0.0443
2026-04-25 03:34:38,242 - mmseg - INFO - Exp name: pixel_upernet_itpn_large_12_512_slide_160k_air_polarsar2_amp_linux.py
2026-04-25 03:34:38,242 - mmseg - INFO - Iter [133000/160000]	lr: 2.637e-06, eta: 8:25:08, time: 0.926, data_time: 0.368, memory: 14490, decode.loss_seg: 0.0244, decode.acc_seg: 85.4504, aux.loss_seg: 0.0190, aux.acc_seg: 84.4581, loss: 0.0433
2026-04-25 03:35:25,750 - mmseg - INFO - Iter [133050/160000]	lr: 2.632e-06, eta: 8:24:10, time: 0.950, data_time: 0.342, memory: 14490, decode.loss_seg: 0.0244, decode.acc_seg: 84.0240, aux.loss_seg: 0.0189, aux.acc_seg: 83.0309, loss: 0.0433
2026-04-25 03:35:52,988 - mmseg - INFO - Iter [133100/160000]	lr: 2.627e-06, eta: 8:23:07, time: 0.545, data_time: 0.003, memory: 14490, decode.loss_seg: 0.0248, decode.acc_seg: 86.4828, aux.loss_seg: 0.0190, aux.acc_seg: 85.5192, loss: 0.0439
2026-04-25 03:36:39,096 - mmseg - INFO - Iter [133150/160000]	lr: 2.622e-06, eta: 8:22:08, time: 0.922, data_time: 0.356, memory: 14490, decode.loss_seg: 0.0244, decode.acc_seg: 84.6751, aux.loss_seg: 0.0196, aux.acc_seg: 83.6368, loss: 0.0439
2026-04-25 03:37:25,702 - mmseg - INFO - Iter [133200/160000]	lr: 2.617e-06, eta: 8:21:10, time: 0.932, data_time: 0.333, memory: 14490, decode.loss_seg: 0.0248, decode.acc_seg: 86.3719, aux.loss_seg: 0.0204, aux.acc_seg: 85.2861, loss: 0.0452
2026-04-25 03:37:52,928 - mmseg - INFO - Iter [133250/160000]	lr: 2.612e-06, eta: 8:20:07, time: 0.544, data_time: 0.004, memory: 14490, decode.loss_seg: 0.0251, decode.acc_seg: 84.7020, aux.loss_seg: 0.0195, aux.acc_seg: 83.6772, loss: 0.0445
2026-04-25 03:38:39,716 - mmseg - INFO - Iter [133300/160000]	lr: 2.608e-06, eta: 8:19:09, time: 0.936, data_time: 0.395, memory: 14490, decode.loss_seg: 0.0251, decode.acc_seg: 86.7060, aux.loss_seg: 0.0193, aux.acc_seg: 85.7224, loss: 0.0444
2026-04-25 03:39:26,696 - mmseg - INFO - Iter [133350/160000]	lr: 2.603e-06, eta: 8:18:11, time: 0.939, data_time: 0.378, memory: 14490, decode.loss_seg: 0.0240, decode.acc_seg: 84.5083, aux.loss_seg: 0.0187, aux.acc_seg: 83.5281, loss: 0.0426
2026-04-25 03:39:53,930 - mmseg - INFO - Iter [133400/160000]	lr: 2.598e-06, eta: 8:17:09, time: 0.545, data_time: 0.005, memory: 14490, decode.loss_seg: 0.0242, decode.acc_seg: 85.1382, aux.loss_seg: 0.0189, aux.acc_seg: 84.1517, loss: 0.0431
2026-04-25 03:40:40,606 - mmseg - INFO - Iter [133450/160000]	lr: 2.593e-06, eta: 8:16:10, time: 0.933, data_time: 0.392, memory: 14490, decode.loss_seg: 0.0240, decode.acc_seg: 84.0038, aux.loss_seg: 0.0189, aux.acc_seg: 83.0060, loss: 0.0429
2026-04-25 03:41:07,837 - mmseg - INFO - Iter [133500/160000]	lr: 2.588e-06, eta: 8:15:08, time: 0.545, data_time: 0.004, memory: 14490, decode.loss_seg: 0.0243, decode.acc_seg: 83.9890, aux.loss_seg: 0.0188, aux.acc_seg: 83.0108, loss: 0.0430
2026-04-25 03:41:54,718 - mmseg - INFO - Iter [133550/160000]	lr: 2.583e-06, eta: 8:14:10, time: 0.937, data_time: 0.390, memory: 14490, decode.loss_seg: 0.0246, decode.acc_seg: 84.4516, aux.loss_seg: 0.0200, aux.acc_seg: 83.3703, loss: 0.0446
2026-04-25 03:42:41,069 - mmseg - INFO - Iter [133600/160000]	lr: 2.578e-06, eta: 8:13:11, time: 0.927, data_time: 0.351, memory: 14490, decode.loss_seg: 0.0242, decode.acc_seg: 85.3483, aux.loss_seg: 0.0187, aux.acc_seg: 84.3926, loss: 0.0429
2026-04-25 03:43:08,350 - mmseg - INFO - Iter [133650/160000]	lr: 2.573e-06, eta: 8:12:09, time: 0.546, data_time: 0.005, memory: 14490, decode.loss_seg: 0.0249, decode.acc_seg: 86.1705, aux.loss_seg: 0.0193, aux.acc_seg: 85.1814, loss: 0.0442
2026-04-25 03:43:54,031 - mmseg - INFO - Iter [133700/160000]	lr: 2.568e-06, eta: 8:11:11, time: 0.913, data_time: 0.353, memory: 14490, decode.loss_seg: 0.0249, decode.acc_seg: 85.4234, aux.loss_seg: 0.0194, aux.acc_seg: 84.4110, loss: 0.0444
2026-04-25 03:44:41,531 - mmseg - INFO - Iter [133750/160000]	lr: 2.564e-06, eta: 8:10:13, time: 0.950, data_time: 0.368, memory: 14490, decode.loss_seg: 0.0244, decode.acc_seg: 84.6381, aux.loss_seg: 0.0190, aux.acc_seg: 83.6540, loss: 0.0434
2026-04-25 03:45:08,782 - mmseg - INFO - Iter [133800/160000]	lr: 2.559e-06, eta: 8:09:10, time: 0.545, data_time: 0.004, memory: 14490, decode.loss_seg: 0.0245, decode.acc_seg: 85.8610, aux.loss_seg: 0.0194, aux.acc_seg: 84.8607, loss: 0.0439
2026-04-25 03:45:56,072 - mmseg - INFO - Iter [133850/160000]	lr: 2.554e-06, eta: 8:08:12, time: 0.946, data_time: 0.387, memory: 14490, decode.loss_seg: 0.0251, decode.acc_seg: 86.0809, aux.loss_seg: 0.0193, aux.acc_seg: 85.1009, loss: 0.0444
2026-04-25 03:46:43,296 - mmseg - INFO - Iter [133900/160000]	lr: 2.549e-06, eta: 8:07:14, time: 0.944, data_time: 0.351, memory: 14490, decode.loss_seg: 0.0241, decode.acc_seg: 84.0939, aux.loss_seg: 0.0188, aux.acc_seg: 83.1139, loss: 0.0429
2026-04-25 03:47:10,571 - mmseg - INFO - Iter [133950/160000]	lr: 2.544e-06, eta: 8:06:12, time: 0.545, data_time: 0.005, memory: 14490, decode.loss_seg: 0.0245, decode.acc_seg: 85.4693, aux.loss_seg: 0.0192, aux.acc_seg: 84.4673, loss: 0.0438
2026-04-25 03:48:09,326 - mmseg - INFO - per class results:
2026-04-25 03:48:09,326 - mmseg - INFO - 
+------------+-------+-------+
| Class      | IoU   | Acc   |
+------------+-------+-------+
| housing    | 96.67 | 98.29 |
| industrial | 96.64 | 98.29 |
| natural    | 93.63 | 95.5  |
| land_use   | 87.75 | 91.38 |
| water      | 96.63 | 98.79 |
| other      | 99.1  | 99.64 |
+------------+-------+-------+
2026-04-25 03:48:09,326 - mmseg - INFO - Summary:
2026-04-25 03:48:09,327 - mmseg - INFO - 
+--------+-------+-------+-------+
| Scope  | mIoU  | mAcc  | aAcc  |
+--------+-------+-------+-------+
| global | 95.07 | 96.98 | 97.92 |
+--------+-------+-------+-------+
2026-04-25 03:48:09,351 - mmseg - INFO - Exp name: pixel_upernet_itpn_large_12_512_slide_160k_air_polarsar2_amp_linux.py
2026-04-25 03:48:09,352 - mmseg - INFO - Iter [134000/160000]	lr: 2.539e-06, eta: 8:07:19, time: 12.276, data_time: 0.000, memory: 14490, mIoU: 0.9507, mAcc: 0.9698, aAcc: 0.9792
2026-04-25 03:48:56,032 - mmseg - INFO - Iter [134050/160000]	lr: 2.534e-06, eta: 8:06:21, time: 0.934, data_time: 0.372, memory: 14490, decode.loss_seg: 0.0246, decode.acc_seg: 85.2818, aux.loss_seg: 0.0203, aux.acc_seg: 84.2014, loss: 0.0448
2026-04-25 03:49:23,255 - mmseg - INFO - Iter [134100/160000]	lr: 2.529e-06, eta: 8:05:18, time: 0.544, data_time: 0.004, memory: 14490, decode.loss_seg: 0.0243, decode.acc_seg: 84.5644, aux.loss_seg: 0.0189, aux.acc_seg: 83.5680, loss: 0.0433
2026-04-25 03:50:10,599 - mmseg - INFO - Iter [134150/160000]	lr: 2.525e-06, eta: 8:04:20, time: 0.947, data_time: 0.395, memory: 14490, decode.loss_seg: 0.0241, decode.acc_seg: 85.0172, aux.loss_seg: 0.0188, aux.acc_seg: 84.0332, loss: 0.0428
2026-04-25 03:50:58,104 - mmseg - INFO - Iter [134200/160000]	lr: 2.520e-06, eta: 8:03:22, time: 0.950, data_time: 0.409, memory: 14490, decode.loss_seg: 0.0238, decode.acc_seg: 84.6463, aux.loss_seg: 0.0185, aux.acc_seg: 83.6843, loss: 0.0423
2026-04-25 03:51:25,371 - mmseg - INFO - Iter [134250/160000]	lr: 2.515e-06, eta: 8:02:19, time: 0.546, data_time: 0.004, memory: 14490, decode.loss_seg: 0.0247, decode.acc_seg: 84.7338, aux.loss_seg: 0.0194, aux.acc_seg: 83.7342, loss: 0.0441
2026-04-25 03:52:12,091 - mmseg - INFO - Iter [134300/160000]	lr: 2.510e-06, eta: 8:01:21, time: 0.934, data_time: 0.386, memory: 14490, decode.loss_seg: 0.0250, decode.acc_seg: 85.6463, aux.loss_seg: 0.0198, aux.acc_seg: 84.6135, loss: 0.0448
2026-04-25 03:52:58,831 - mmseg - INFO - Iter [134350/160000]	lr: 2.505e-06, eta: 8:00:23, time: 0.935, data_time: 0.358, memory: 14490, decode.loss_seg: 0.0247, decode.acc_seg: 85.6657, aux.loss_seg: 0.0192, aux.acc_seg: 84.6761, loss: 0.0439
2026-04-25 03:53:26,114 - mmseg - INFO - Iter [134400/160000]	lr: 2.500e-06, eta: 7:59:20, time: 0.546, data_time: 0.004, memory: 14490, decode.loss_seg: 0.0241, decode.acc_seg: 83.7545, aux.loss_seg: 0.0192, aux.acc_seg: 82.7186, loss: 0.0434
2026-04-25 03:54:13,928 - mmseg - INFO - Iter [134450/160000]	lr: 2.495e-06, eta: 7:58:22, time: 0.956, data_time: 0.404, memory: 14490, decode.loss_seg: 0.0244, decode.acc_seg: 84.2940, aux.loss_seg: 0.0193, aux.acc_seg: 83.2656, loss: 0.0437
2026-04-25 03:54:41,255 - mmseg - INFO - Iter [134500/160000]	lr: 2.490e-06, eta: 7:57:20, time: 0.546, data_time: 0.004, memory: 14490, decode.loss_seg: 0.0243, decode.acc_seg: 85.6089, aux.loss_seg: 0.0191, aux.acc_seg: 84.6160, loss: 0.0434
2026-04-25 03:55:28,218 - mmseg - INFO - Iter [134550/160000]	lr: 2.485e-06, eta: 7:56:22, time: 0.939, data_time: 0.362, memory: 14490, decode.loss_seg: 0.0247, decode.acc_seg: 86.0715, aux.loss_seg: 0.0202, aux.acc_seg: 84.9944, loss: 0.0448
2026-04-25 03:56:15,327 - mmseg - INFO - Iter [134600/160000]	lr: 2.481e-06, eta: 7:55:24, time: 0.942, data_time: 0.378, memory: 14490, decode.loss_seg: 0.0241, decode.acc_seg: 84.6926, aux.loss_seg: 0.0189, aux.acc_seg: 83.7000, loss: 0.0430
2026-04-25 03:56:42,607 - mmseg - INFO - Iter [134650/160000]	lr: 2.476e-06, eta: 7:54:21, time: 0.546, data_time: 0.004, memory: 14490, decode.loss_seg: 0.0246, decode.acc_seg: 85.5839, aux.loss_seg: 0.0201, aux.acc_seg: 84.4342, loss: 0.0447
2026-04-25 03:57:29,885 - mmseg - INFO - Iter [134700/160000]	lr: 2.471e-06, eta: 7:53:23, time: 0.945, data_time: 0.384, memory: 14490, decode.loss_seg: 0.0238, decode.acc_seg: 84.3591, aux.loss_seg: 0.0193, aux.acc_seg: 83.3312, loss: 0.0432
2026-04-25 03:58:17,017 - mmseg - INFO - Iter [134750/160000]	lr: 2.466e-06, eta: 7:52:25, time: 0.943, data_time: 0.397, memory: 14490, decode.loss_seg: 0.0241, decode.acc_seg: 83.5786, aux.loss_seg: 0.0192, aux.acc_seg: 82.5491, loss: 0.0433
2026-04-25 03:58:44,231 - mmseg - INFO - Iter [134800/160000]	lr: 2.461e-06, eta: 7:51:23, time: 0.545, data_time: 0.004, memory: 14490, decode.loss_seg: 0.0240, decode.acc_seg: 84.8586, aux.loss_seg: 0.0193, aux.acc_seg: 83.8314, loss: 0.0433
2026-04-25 03:59:31,806 - mmseg - INFO - Iter [134850/160000]	lr: 2.456e-06, eta: 7:50:25, time: 0.952, data_time: 0.398, memory: 14490, decode.loss_seg: 0.0244, decode.acc_seg: 84.5982, aux.loss_seg: 0.0192, aux.acc_seg: 83.5826, loss: 0.0436
2026-04-25 04:00:18,138 - mmseg - INFO - Iter [134900/160000]	lr: 2.451e-06, eta: 7:49:27, time: 0.926, data_time: 0.361, memory: 14490, decode.loss_seg: 0.0243, decode.acc_seg: 85.7235, aux.loss_seg: 0.0192, aux.acc_seg: 84.7265, loss: 0.0434
2026-04-25 04:00:45,376 - mmseg - INFO - Iter [134950/160000]	lr: 2.446e-06, eta: 7:48:25, time: 0.545, data_time: 0.004, memory: 14490, decode.loss_seg: 0.0243, decode.acc_seg: 85.7799, aux.loss_seg: 0.0187, aux.acc_seg: 84.8156, loss: 0.0430
2026-04-25 04:01:31,633 - mmseg - INFO - Exp name: pixel_upernet_itpn_large_12_512_slide_160k_air_polarsar2_amp_linux.py
2026-04-25 04:01:31,633 - mmseg - INFO - Iter [135000/160000]	lr: 2.442e-06, eta: 7:47:27, time: 0.925, data_time: 0.366, memory: 14490, decode.loss_seg: 0.0246, decode.acc_seg: 85.7004, aux.loss_seg: 0.0192, aux.acc_seg: 84.6983, loss: 0.0438
2026-04-25 04:02:19,471 - mmseg - INFO - Iter [135050/160000]	lr: 2.437e-06, eta: 7:46:29, time: 0.957, data_time: 0.377, memory: 14490, decode.loss_seg: 0.0245, decode.acc_seg: 85.2948, aux.loss_seg: 0.0197, aux.acc_seg: 84.2528, loss: 0.0442
2026-04-25 04:02:46,705 - mmseg - INFO - Iter [135100/160000]	lr: 2.432e-06, eta: 7:45:27, time: 0.545, data_time: 0.004, memory: 14490, decode.loss_seg: 0.0248, decode.acc_seg: 85.6424, aux.loss_seg: 0.0189, aux.acc_seg: 84.6839, loss: 0.0437
2026-04-25 04:03:33,588 - mmseg - INFO - Iter [135150/160000]	lr: 2.427e-06, eta: 7:44:29, time: 0.938, data_time: 0.367, memory: 14490, decode.loss_seg: 0.0241, decode.acc_seg: 84.0422, aux.loss_seg: 0.0189, aux.acc_seg: 83.0383, loss: 0.0430
2026-04-25 04:04:20,432 - mmseg - INFO - Iter [135200/160000]	lr: 2.422e-06, eta: 7:43:31, time: 0.937, data_time: 0.362, memory: 14490, decode.loss_seg: 0.0246, decode.acc_seg: 84.8487, aux.loss_seg: 0.0192, aux.acc_seg: 83.8373, loss: 0.0438
2026-04-25 04:04:47,682 - mmseg - INFO - Iter [135250/160000]	lr: 2.417e-06, eta: 7:42:29, time: 0.545, data_time: 0.004, memory: 14490, decode.loss_seg: 0.0252, decode.acc_seg: 85.3396, aux.loss_seg: 0.0194, aux.acc_seg: 84.3468, loss: 0.0446
2026-04-25 04:05:35,181 - mmseg - INFO - Iter [135300/160000]	lr: 2.412e-06, eta: 7:41:31, time: 0.950, data_time: 0.347, memory: 14490, decode.loss_seg: 0.0241, decode.acc_seg: 84.1485, aux.loss_seg: 0.0188, aux.acc_seg: 83.1676, loss: 0.0429
2026-04-25 04:06:02,382 - mmseg - INFO - Iter [135350/160000]	lr: 2.407e-06, eta: 7:40:29, time: 0.544, data_time: 0.003, memory: 14490, decode.loss_seg: 0.0241, decode.acc_seg: 84.1908, aux.loss_seg: 0.0191, aux.acc_seg: 83.1788, loss: 0.0433
2026-04-25 04:06:48,803 - mmseg - INFO - Iter [135400/160000]	lr: 2.402e-06, eta: 7:39:31, time: 0.929, data_time: 0.373, memory: 14490, decode.loss_seg: 0.0249, decode.acc_seg: 86.6732, aux.loss_seg: 0.0191, aux.acc_seg: 85.7168, loss: 0.0440
2026-04-25 04:07:36,213 - mmseg - INFO - Iter [135450/160000]	lr: 2.398e-06, eta: 7:38:33, time: 0.948, data_time: 0.364, memory: 14490, decode.loss_seg: 0.0240, decode.acc_seg: 84.7656, aux.loss_seg: 0.0187, aux.acc_seg: 83.7897, loss: 0.0426
2026-04-25 04:08:03,497 - mmseg - INFO - Iter [135500/160000]	lr: 2.393e-06, eta: 7:37:31, time: 0.545, data_time: 0.004, memory: 14490, decode.loss_seg: 0.0258, decode.acc_seg: 85.6712, aux.loss_seg: 0.0198, aux.acc_seg: 84.6660, loss: 0.0456
2026-04-25 04:08:49,708 - mmseg - INFO - Iter [135550/160000]	lr: 2.388e-06, eta: 7:36:33, time: 0.924, data_time: 0.362, memory: 14490, decode.loss_seg: 0.0243, decode.acc_seg: 84.3726, aux.loss_seg: 0.0189, aux.acc_seg: 83.3804, loss: 0.0432
2026-04-25 04:09:36,686 - mmseg - INFO - Iter [135600/160000]	lr: 2.383e-06, eta: 7:35:35, time: 0.940, data_time: 0.399, memory: 14490, decode.loss_seg: 0.0245, decode.acc_seg: 83.2104, aux.loss_seg: 0.0195, aux.acc_seg: 82.1791, loss: 0.0440
2026-04-25 04:10:03,935 - mmseg - INFO - Iter [135650/160000]	lr: 2.378e-06, eta: 7:34:33, time: 0.545, data_time: 0.004, memory: 14490, decode.loss_seg: 0.0253, decode.acc_seg: 85.7615, aux.loss_seg: 0.0197, aux.acc_seg: 84.7377, loss: 0.0450
2026-04-25 04:10:51,569 - mmseg - INFO - Iter [135700/160000]	lr: 2.373e-06, eta: 7:33:35, time: 0.953, data_time: 0.388, memory: 14490, decode.loss_seg: 0.0248, decode.acc_seg: 85.7153, aux.loss_seg: 0.0190, aux.acc_seg: 84.7414, loss: 0.0437
2026-04-25 04:11:39,139 - mmseg - INFO - Iter [135750/160000]	lr: 2.368e-06, eta: 7:32:38, time: 0.951, data_time: 0.353, memory: 14490, decode.loss_seg: 0.0229, decode.acc_seg: 83.8866, aux.loss_seg: 0.0179, aux.acc_seg: 82.9449, loss: 0.0407
2026-04-25 04:12:06,390 - mmseg - INFO - Iter [135800/160000]	lr: 2.363e-06, eta: 7:31:36, time: 0.545, data_time: 0.005, memory: 14490, decode.loss_seg: 0.0246, decode.acc_seg: 85.3130, aux.loss_seg: 0.0193, aux.acc_seg: 84.3028, loss: 0.0439
2026-04-25 04:12:52,743 - mmseg - INFO - Iter [135850/160000]	lr: 2.359e-06, eta: 7:30:38, time: 0.927, data_time: 0.375, memory: 14490, decode.loss_seg: 0.0247, decode.acc_seg: 84.8526, aux.loss_seg: 0.0193, aux.acc_seg: 83.8386, loss: 0.0440
2026-04-25 04:13:40,520 - mmseg - INFO - Iter [135900/160000]	lr: 2.354e-06, eta: 7:29:40, time: 0.956, data_time: 0.371, memory: 14490, decode.loss_seg: 0.0237, decode.acc_seg: 84.4923, aux.loss_seg: 0.0187, aux.acc_seg: 83.5159, loss: 0.0424
2026-04-25 04:14:07,767 - mmseg - INFO - Iter [135950/160000]	lr: 2.349e-06, eta: 7:28:39, time: 0.545, data_time: 0.004, memory: 14490, decode.loss_seg: 0.0248, decode.acc_seg: 84.7749, aux.loss_seg: 0.0198, aux.acc_seg: 83.7279, loss: 0.0446
2026-04-25 04:15:06,623 - mmseg - INFO - per class results:
2026-04-25 04:15:06,623 - mmseg - INFO - 
+------------+-------+-------+
| Class      | IoU   | Acc   |
+------------+-------+-------+
| housing    | 96.66 | 98.27 |
| industrial | 96.67 | 98.39 |
| natural    | 93.63 | 95.46 |
| land_use   | 87.73 | 91.53 |
| water      | 96.63 | 98.69 |
| other      | 99.07 | 99.58 |
+------------+-------+-------+
2026-04-25 04:15:06,623 - mmseg - INFO - Summary:
2026-04-25 04:15:06,623 - mmseg - INFO - 
+--------+-------+-------+-------+
| Scope  | mIoU  | mAcc  | aAcc  |
+--------+-------+-------+-------+
| global | 95.06 | 96.99 | 97.92 |
+--------+-------+-------+-------+
2026-04-25 04:15:06,649 - mmseg - INFO - Exp name: pixel_upernet_itpn_large_12_512_slide_160k_air_polarsar2_amp_linux.py
2026-04-25 04:15:06,649 - mmseg - INFO - Iter [136000/160000]	lr: 2.344e-06, eta: 7:29:37, time: 12.507, data_time: 0.000, memory: 14490, mIoU: 0.9506, mAcc: 0.9699, aAcc: 0.9792
2026-04-25 04:15:52,640 - mmseg - INFO - Iter [136050/160000]	lr: 2.339e-06, eta: 7:28:38, time: 0.920, data_time: 0.379, memory: 14490, decode.loss_seg: 0.0239, decode.acc_seg: 85.7274, aux.loss_seg: 0.0185, aux.acc_seg: 84.7629, loss: 0.0424
2026-04-25 04:16:19,878 - mmseg - INFO - Iter [136100/160000]	lr: 2.334e-06, eta: 7:27:36, time: 0.545, data_time: 0.004, memory: 14490, decode.loss_seg: 0.0245, decode.acc_seg: 85.7775, aux.loss_seg: 0.0195, aux.acc_seg: 84.7564, loss: 0.0440
2026-04-25 04:17:06,910 - mmseg - INFO - Iter [136150/160000]	lr: 2.329e-06, eta: 7:26:38, time: 0.941, data_time: 0.379, memory: 14490, decode.loss_seg: 0.0242, decode.acc_seg: 84.6826, aux.loss_seg: 0.0190, aux.acc_seg: 83.6787, loss: 0.0432
2026-04-25 04:17:53,759 - mmseg - INFO - Iter [136200/160000]	lr: 2.324e-06, eta: 7:25:40, time: 0.937, data_time: 0.398, memory: 14490, decode.loss_seg: 0.0245, decode.acc_seg: 85.3008, aux.loss_seg: 0.0192, aux.acc_seg: 84.3083, loss: 0.0437
2026-04-25 04:18:20,976 - mmseg - INFO - Iter [136250/160000]	lr: 2.319e-06, eta: 7:24:38, time: 0.544, data_time: 0.004, memory: 14490, decode.loss_seg: 0.0249, decode.acc_seg: 84.9886, aux.loss_seg: 0.0195, aux.acc_seg: 83.9702, loss: 0.0444
2026-04-25 04:19:08,502 - mmseg - INFO - Iter [136300/160000]	lr: 2.315e-06, eta: 7:23:41, time: 0.951, data_time: 0.375, memory: 14490, decode.loss_seg: 0.0238, decode.acc_seg: 85.4590, aux.loss_seg: 0.0183, aux.acc_seg: 84.5401, loss: 0.0420
2026-04-25 04:19:35,705 - mmseg - INFO - Iter [136350/160000]	lr: 2.310e-06, eta: 7:22:39, time: 0.544, data_time: 0.003, memory: 14490, decode.loss_seg: 0.0246, decode.acc_seg: 84.1486, aux.loss_seg: 0.0194, aux.acc_seg: 83.1187, loss: 0.0440
2026-04-25 04:20:22,417 - mmseg - INFO - Iter [136400/160000]	lr: 2.305e-06, eta: 7:21:41, time: 0.934, data_time: 0.379, memory: 14490, decode.loss_seg: 0.0248, decode.acc_seg: 85.2750, aux.loss_seg: 0.0195, aux.acc_seg: 84.2586, loss: 0.0442
2026-04-25 04:21:09,798 - mmseg - INFO - Iter [136450/160000]	lr: 2.300e-06, eta: 7:20:43, time: 0.947, data_time: 0.370, memory: 14490, decode.loss_seg: 0.0242, decode.acc_seg: 85.4698, aux.loss_seg: 0.0188, aux.acc_seg: 84.4874, loss: 0.0430
2026-04-25 04:21:37,045 - mmseg - INFO - Iter [136500/160000]	lr: 2.295e-06, eta: 7:19:41, time: 0.545, data_time: 0.005, memory: 14490, decode.loss_seg: 0.0242, decode.acc_seg: 85.6745, aux.loss_seg: 0.0189, aux.acc_seg: 84.7036, loss: 0.0431
2026-04-25 04:22:24,410 - mmseg - INFO - Iter [136550/160000]	lr: 2.290e-06, eta: 7:18:43, time: 0.947, data_time: 0.366, memory: 14490, decode.loss_seg: 0.0240, decode.acc_seg: 85.6245, aux.loss_seg: 0.0187, aux.acc_seg: 84.6576, loss: 0.0427
2026-04-25 04:23:10,980 - mmseg - INFO - Iter [136600/160000]	lr: 2.285e-06, eta: 7:17:45, time: 0.931, data_time: 0.364, memory: 14490, decode.loss_seg: 0.0239, decode.acc_seg: 84.7759, aux.loss_seg: 0.0189, aux.acc_seg: 83.7789, loss: 0.0427
2026-04-25 04:23:38,117 - mmseg - INFO - Iter [136650/160000]	lr: 2.280e-06, eta: 7:16:44, time: 0.543, data_time: 0.004, memory: 14490, decode.loss_seg: 0.0250, decode.acc_seg: 85.8342, aux.loss_seg: 0.0192, aux.acc_seg: 84.8537, loss: 0.0442
2026-04-25 04:24:24,050 - mmseg - INFO - Iter [136700/160000]	lr: 2.276e-06, eta: 7:15:45, time: 0.919, data_time: 0.359, memory: 14490, decode.loss_seg: 0.0236, decode.acc_seg: 84.2556, aux.loss_seg: 0.0189, aux.acc_seg: 83.2656, loss: 0.0425
2026-04-25 04:25:11,874 - mmseg - INFO - Iter [136750/160000]	lr: 2.271e-06, eta: 7:14:48, time: 0.956, data_time: 0.357, memory: 14490, decode.loss_seg: 0.0245, decode.acc_seg: 84.9015, aux.loss_seg: 0.0193, aux.acc_seg: 83.8732, loss: 0.0437
2026-04-25 04:25:39,095 - mmseg - INFO - Iter [136800/160000]	lr: 2.266e-06, eta: 7:13:46, time: 0.545, data_time: 0.004, memory: 14490, decode.loss_seg: 0.0244, decode.acc_seg: 84.6653, aux.loss_seg: 0.0193, aux.acc_seg: 83.6429, loss: 0.0438
2026-04-25 04:26:25,583 - mmseg - INFO - Iter [136850/160000]	lr: 2.261e-06, eta: 7:12:48, time: 0.930, data_time: 0.332, memory: 14490, decode.loss_seg: 0.0241, decode.acc_seg: 84.5728, aux.loss_seg: 0.0186, aux.acc_seg: 83.5994, loss: 0.0427
2026-04-25 04:27:10,980 - mmseg - INFO - Iter [136900/160000]	lr: 2.256e-06, eta: 7:11:50, time: 0.908, data_time: 0.328, memory: 14490, decode.loss_seg: 0.0243, decode.acc_seg: 85.3614, aux.loss_seg: 0.0193, aux.acc_seg: 84.3305, loss: 0.0436
2026-04-25 04:27:38,110 - mmseg - INFO - Iter [136950/160000]	lr: 2.251e-06, eta: 7:10:48, time: 0.543, data_time: 0.005, memory: 14490, decode.loss_seg: 0.0239, decode.acc_seg: 85.3228, aux.loss_seg: 0.0187, aux.acc_seg: 84.3448, loss: 0.0426
2026-04-25 04:28:25,091 - mmseg - INFO - Exp name: pixel_upernet_itpn_large_12_512_slide_160k_air_polarsar2_amp_linux.py
2026-04-25 04:28:25,092 - mmseg - INFO - Iter [137000/160000]	lr: 2.246e-06, eta: 7:09:51, time: 0.940, data_time: 0.339, memory: 14490, decode.loss_seg: 0.0240, decode.acc_seg: 85.7948, aux.loss_seg: 0.0191, aux.acc_seg: 84.7748, loss: 0.0432
2026-04-25 04:29:11,442 - mmseg - INFO - Iter [137050/160000]	lr: 2.241e-06, eta: 7:08:53, time: 0.927, data_time: 0.336, memory: 14490, decode.loss_seg: 0.0241, decode.acc_seg: 85.2497, aux.loss_seg: 0.0191, aux.acc_seg: 84.2542, loss: 0.0431
2026-04-25 04:29:38,635 - mmseg - INFO - Iter [137100/160000]	lr: 2.236e-06, eta: 7:07:51, time: 0.544, data_time: 0.005, memory: 14490, decode.loss_seg: 0.0242, decode.acc_seg: 85.4898, aux.loss_seg: 0.0190, aux.acc_seg: 84.4844, loss: 0.0432
2026-04-25 04:30:25,344 - mmseg - INFO - Iter [137150/160000]	lr: 2.232e-06, eta: 7:06:53, time: 0.934, data_time: 0.393, memory: 14490, decode.loss_seg: 0.0245, decode.acc_seg: 85.7456, aux.loss_seg: 0.0197, aux.acc_seg: 84.6454, loss: 0.0442
2026-04-25 04:31:12,074 - mmseg - INFO - Iter [137200/160000]	lr: 2.227e-06, eta: 7:05:56, time: 0.935, data_time: 0.361, memory: 14490, decode.loss_seg: 0.0249, decode.acc_seg: 85.8851, aux.loss_seg: 0.0191, aux.acc_seg: 84.9084, loss: 0.0440
2026-04-25 04:31:39,237 - mmseg - INFO - Iter [137250/160000]	lr: 2.222e-06, eta: 7:04:54, time: 0.543, data_time: 0.005, memory: 14490, decode.loss_seg: 0.0240, decode.acc_seg: 84.9457, aux.loss_seg: 0.0187, aux.acc_seg: 83.9687, loss: 0.0427
2026-04-25 04:32:25,589 - mmseg - INFO - Iter [137300/160000]	lr: 2.217e-06, eta: 7:03:56, time: 0.927, data_time: 0.374, memory: 14490, decode.loss_seg: 0.0244, decode.acc_seg: 85.5904, aux.loss_seg: 0.0193, aux.acc_seg: 84.5948, loss: 0.0437
2026-04-25 04:32:52,702 - mmseg - INFO - Iter [137350/160000]	lr: 2.212e-06, eta: 7:02:55, time: 0.542, data_time: 0.005, memory: 14490, decode.loss_seg: 0.0243, decode.acc_seg: 85.4550, aux.loss_seg: 0.0189, aux.acc_seg: 84.4620, loss: 0.0432
2026-04-25 04:33:38,538 - mmseg - INFO - Iter [137400/160000]	lr: 2.207e-06, eta: 7:01:57, time: 0.917, data_time: 0.337, memory: 14490, decode.loss_seg: 0.0250, decode.acc_seg: 86.2622, aux.loss_seg: 0.0193, aux.acc_seg: 85.2746, loss: 0.0443
2026-04-25 04:34:24,384 - mmseg - INFO - Iter [137450/160000]	lr: 2.202e-06, eta: 7:00:59, time: 0.917, data_time: 0.379, memory: 14490, decode.loss_seg: 0.0238, decode.acc_seg: 86.9166, aux.loss_seg: 0.0183, aux.acc_seg: 85.9781, loss: 0.0422
2026-04-25 04:34:51,617 - mmseg - INFO - Iter [137500/160000]	lr: 2.197e-06, eta: 6:59:58, time: 0.545, data_time: 0.005, memory: 14490, decode.loss_seg: 0.0241, decode.acc_seg: 83.6544, aux.loss_seg: 0.0193, aux.acc_seg: 82.6153, loss: 0.0434
2026-04-25 04:35:37,519 - mmseg - INFO - Iter [137550/160000]	lr: 2.192e-06, eta: 6:59:00, time: 0.918, data_time: 0.338, memory: 14490, decode.loss_seg: 0.0243, decode.acc_seg: 85.0945, aux.loss_seg: 0.0190, aux.acc_seg: 84.1096, loss: 0.0433
2026-04-25 04:36:25,013 - mmseg - INFO - Iter [137600/160000]	lr: 2.188e-06, eta: 6:58:02, time: 0.950, data_time: 0.350, memory: 14490, decode.loss_seg: 0.0243, decode.acc_seg: 85.1555, aux.loss_seg: 0.0187, aux.acc_seg: 84.1932, loss: 0.0429
2026-04-25 04:36:52,202 - mmseg - INFO - Iter [137650/160000]	lr: 2.183e-06, eta: 6:57:01, time: 0.544, data_time: 0.005, memory: 14490, decode.loss_seg: 0.0242, decode.acc_seg: 84.0787, aux.loss_seg: 0.0192, aux.acc_seg: 83.0618, loss: 0.0435
2026-04-25 04:37:39,580 - mmseg - INFO - Iter [137700/160000]	lr: 2.178e-06, eta: 6:56:03, time: 0.948, data_time: 0.381, memory: 14490, decode.loss_seg: 0.0237, decode.acc_seg: 84.1921, aux.loss_seg: 0.0187, aux.acc_seg: 83.1896, loss: 0.0424
2026-04-25 04:38:27,219 - mmseg - INFO - Iter [137750/160000]	lr: 2.173e-06, eta: 6:55:06, time: 0.953, data_time: 0.384, memory: 14490, decode.loss_seg: 0.0241, decode.acc_seg: 83.3389, aux.loss_seg: 0.0191, aux.acc_seg: 82.3178, loss: 0.0431
2026-04-25 04:38:54,402 - mmseg - INFO - Iter [137800/160000]	lr: 2.168e-06, eta: 6:54:05, time: 0.544, data_time: 0.005, memory: 14490, decode.loss_seg: 0.0246, decode.acc_seg: 85.3998, aux.loss_seg: 0.0202, aux.acc_seg: 84.2575, loss: 0.0447
2026-04-25 04:39:40,116 - mmseg - INFO - Iter [137850/160000]	lr: 2.163e-06, eta: 6:53:07, time: 0.914, data_time: 0.373, memory: 14490, decode.loss_seg: 0.0241, decode.acc_seg: 84.1030, aux.loss_seg: 0.0187, aux.acc_seg: 83.1268, loss: 0.0428
2026-04-25 04:40:25,392 - mmseg - INFO - Iter [137900/160000]	lr: 2.158e-06, eta: 6:52:09, time: 0.906, data_time: 0.360, memory: 14490, decode.loss_seg: 0.0240, decode.acc_seg: 84.8420, aux.loss_seg: 0.0186, aux.acc_seg: 83.8814, loss: 0.0426
2026-04-25 04:40:52,550 - mmseg - INFO - Iter [137950/160000]	lr: 2.153e-06, eta: 6:51:08, time: 0.543, data_time: 0.005, memory: 14490, decode.loss_seg: 0.0248, decode.acc_seg: 85.7259, aux.loss_seg: 0.0194, aux.acc_seg: 84.7178, loss: 0.0441
2026-04-25 04:41:51,728 - mmseg - INFO - per class results:
2026-04-25 04:41:51,729 - mmseg - INFO - 
+------------+-------+-------+
| Class      | IoU   | Acc   |
+------------+-------+-------+
| housing    | 96.78 | 98.44 |
| industrial | 96.75 | 98.43 |
| natural    | 93.74 | 95.61 |
| land_use   | 88.32 | 91.97 |
| water      | 96.76 | 98.71 |
| other      | 99.05 | 99.61 |
+------------+-------+-------+
2026-04-25 04:41:51,729 - mmseg - INFO - Summary:
2026-04-25 04:41:51,729 - mmseg - INFO - 
+--------+-------+-------+------+
| Scope  | mIoU  | mAcc  | aAcc |
+--------+-------+-------+------+
| global | 95.23 | 97.13 | 98.0 |
+--------+-------+-------+------+
2026-04-25 04:41:51,764 - mmseg - INFO - Exp name: pixel_upernet_itpn_large_12_512_slide_160k_air_polarsar2_amp_linux.py
2026-04-25 04:41:51,764 - mmseg - INFO - Iter [138000/160000]	lr: 2.149e-06, eta: 6:52:07, time: 13.841, data_time: 0.000, memory: 14490, mIoU: 0.9523, mAcc: 0.9713, aAcc: 0.9800
2026-04-25 04:42:37,885 - mmseg - INFO - Iter [138050/160000]	lr: 2.144e-06, eta: 6:51:09, time: 0.922, data_time: 0.383, memory: 14490, decode.loss_seg: 0.0236, decode.acc_seg: 85.6644, aux.loss_seg: 0.0185, aux.acc_seg: 84.7099, loss: 0.0421
2026-04-25 04:43:05,134 - mmseg - INFO - Iter [138100/160000]	lr: 2.139e-06, eta: 6:50:07, time: 0.545, data_time: 0.005, memory: 14490, decode.loss_seg: 0.0235, decode.acc_seg: 82.2451, aux.loss_seg: 0.0199, aux.acc_seg: 81.1007, loss: 0.0434
2026-04-25 04:43:50,982 - mmseg - INFO - Iter [138150/160000]	lr: 2.134e-06, eta: 6:49:09, time: 0.917, data_time: 0.359, memory: 14490, decode.loss_seg: 0.0236, decode.acc_seg: 85.0367, aux.loss_seg: 0.0187, aux.acc_seg: 84.0450, loss: 0.0422
2026-04-25 04:44:36,975 - mmseg - INFO - Iter [138200/160000]	lr: 2.129e-06, eta: 6:48:11, time: 0.920, data_time: 0.340, memory: 14490, decode.loss_seg: 0.0249, decode.acc_seg: 85.6949, aux.loss_seg: 0.0193, aux.acc_seg: 84.6952, loss: 0.0442
2026-04-25 04:45:04,207 - mmseg - INFO - Iter [138250/160000]	lr: 2.124e-06, eta: 6:47:10, time: 0.545, data_time: 0.005, memory: 14490, decode.loss_seg: 0.0235, decode.acc_seg: 85.3441, aux.loss_seg: 0.0185, aux.acc_seg: 84.3637, loss: 0.0419
2026-04-25 04:45:50,964 - mmseg - INFO - Iter [138300/160000]	lr: 2.119e-06, eta: 6:46:12, time: 0.935, data_time: 0.363, memory: 14490, decode.loss_seg: 0.0243, decode.acc_seg: 85.7808, aux.loss_seg: 0.0190, aux.acc_seg: 84.7957, loss: 0.0433
2026-04-25 04:46:18,157 - mmseg - INFO - Iter [138350/160000]	lr: 2.114e-06, eta: 6:45:11, time: 0.544, data_time: 0.005, memory: 14490, decode.loss_seg: 0.0248, decode.acc_seg: 85.4150, aux.loss_seg: 0.0194, aux.acc_seg: 84.4034, loss: 0.0442
2026-04-25 04:47:04,207 - mmseg - INFO - Iter [138400/160000]	lr: 2.109e-06, eta: 6:44:13, time: 0.921, data_time: 0.370, memory: 14490, decode.loss_seg: 0.0241, decode.acc_seg: 85.7767, aux.loss_seg: 0.0190, aux.acc_seg: 84.7976, loss: 0.0431
2026-04-25 04:47:49,850 - mmseg - INFO - Iter [138450/160000]	lr: 2.105e-06, eta: 6:43:15, time: 0.913, data_time: 0.344, memory: 14490, decode.loss_seg: 0.0240, decode.acc_seg: 83.6850, aux.loss_seg: 0.0189, aux.acc_seg: 82.6874, loss: 0.0429
2026-04-25 04:48:17,090 - mmseg - INFO - Iter [138500/160000]	lr: 2.100e-06, eta: 6:42:14, time: 0.545, data_time: 0.005, memory: 14490, decode.loss_seg: 0.0245, decode.acc_seg: 86.0843, aux.loss_seg: 0.0191, aux.acc_seg: 85.0860, loss: 0.0436
2026-04-25 04:49:03,807 - mmseg - INFO - Iter [138550/160000]	lr: 2.095e-06, eta: 6:41:16, time: 0.935, data_time: 0.351, memory: 14490, decode.loss_seg: 0.0241, decode.acc_seg: 84.9471, aux.loss_seg: 0.0189, aux.acc_seg: 83.9503, loss: 0.0429
2026-04-25 04:49:48,904 - mmseg - INFO - Iter [138600/160000]	lr: 2.090e-06, eta: 6:40:18, time: 0.902, data_time: 0.362, memory: 14490, decode.loss_seg: 0.0236, decode.acc_seg: 84.7852, aux.loss_seg: 0.0187, aux.acc_seg: 83.7985, loss: 0.0422
2026-04-25 04:50:16,129 - mmseg - INFO - Iter [138650/160000]	lr: 2.085e-06, eta: 6:39:17, time: 0.544, data_time: 0.004, memory: 14490, decode.loss_seg: 0.0241, decode.acc_seg: 84.5350, aux.loss_seg: 0.0187, aux.acc_seg: 83.5598, loss: 0.0428
2026-04-25 04:51:01,778 - mmseg - INFO - Iter [138700/160000]	lr: 2.080e-06, eta: 6:38:19, time: 0.913, data_time: 0.341, memory: 14490, decode.loss_seg: 0.0246, decode.acc_seg: 84.7894, aux.loss_seg: 0.0192, aux.acc_seg: 83.7830, loss: 0.0438
2026-04-25 04:51:48,521 - mmseg - INFO - Iter [138750/160000]	lr: 2.075e-06, eta: 6:37:21, time: 0.935, data_time: 0.362, memory: 14490, decode.loss_seg: 0.0246, decode.acc_seg: 85.1178, aux.loss_seg: 0.0196, aux.acc_seg: 84.0654, loss: 0.0441
2026-04-25 04:52:15,780 - mmseg - INFO - Iter [138800/160000]	lr: 2.070e-06, eta: 6:36:20, time: 0.545, data_time: 0.004, memory: 14490, decode.loss_seg: 0.0232, decode.acc_seg: 84.2152, aux.loss_seg: 0.0180, aux.acc_seg: 83.2717, loss: 0.0413
2026-04-25 04:53:03,404 - mmseg - INFO - Iter [138850/160000]	lr: 2.066e-06, eta: 6:35:22, time: 0.953, data_time: 0.354, memory: 14490, decode.loss_seg: 0.0237, decode.acc_seg: 85.2782, aux.loss_seg: 0.0185, aux.acc_seg: 84.3071, loss: 0.0421
2026-04-25 04:53:51,538 - mmseg - INFO - Iter [138900/160000]	lr: 2.061e-06, eta: 6:34:25, time: 0.963, data_time: 0.371, memory: 14490, decode.loss_seg: 0.0248, decode.acc_seg: 86.6992, aux.loss_seg: 0.0196, aux.acc_seg: 85.6698, loss: 0.0444
2026-04-25 04:54:18,761 - mmseg - INFO - Iter [138950/160000]	lr: 2.056e-06, eta: 6:33:24, time: 0.544, data_time: 0.004, memory: 14490, decode.loss_seg: 0.0248, decode.acc_seg: 84.4974, aux.loss_seg: 0.0194, aux.acc_seg: 83.4712, loss: 0.0442
2026-04-25 04:55:03,765 - mmseg - INFO - Exp name: pixel_upernet_itpn_large_12_512_slide_160k_air_polarsar2_amp_linux.py
2026-04-25 04:55:03,766 - mmseg - INFO - Iter [139000/160000]	lr: 2.051e-06, eta: 6:32:26, time: 0.900, data_time: 0.340, memory: 14490, decode.loss_seg: 0.0229, decode.acc_seg: 84.4615, aux.loss_seg: 0.0185, aux.acc_seg: 83.4465, loss: 0.0415
2026-04-25 04:55:49,286 - mmseg - INFO - Iter [139050/160000]	lr: 2.046e-06, eta: 6:31:28, time: 0.910, data_time: 0.353, memory: 14490, decode.loss_seg: 0.0242, decode.acc_seg: 84.1905, aux.loss_seg: 0.0191, aux.acc_seg: 83.1746, loss: 0.0433
2026-04-25 04:56:16,479 - mmseg - INFO - Iter [139100/160000]	lr: 2.041e-06, eta: 6:30:27, time: 0.544, data_time: 0.004, memory: 14490, decode.loss_seg: 0.0239, decode.acc_seg: 82.9526, aux.loss_seg: 0.0191, aux.acc_seg: 81.9170, loss: 0.0430
2026-04-25 04:57:02,404 - mmseg - INFO - Iter [139150/160000]	lr: 2.036e-06, eta: 6:29:29, time: 0.918, data_time: 0.369, memory: 14490, decode.loss_seg: 0.0235, decode.acc_seg: 84.8154, aux.loss_seg: 0.0185, aux.acc_seg: 83.8402, loss: 0.0421
2026-04-25 04:57:29,622 - mmseg - INFO - Iter [139200/160000]	lr: 2.031e-06, eta: 6:28:29, time: 0.544, data_time: 0.005, memory: 14490, decode.loss_seg: 0.0249, decode.acc_seg: 85.9996, aux.loss_seg: 0.0193, aux.acc_seg: 85.0104, loss: 0.0442
2026-04-25 04:58:16,946 - mmseg - INFO - Iter [139250/160000]	lr: 2.026e-06, eta: 6:27:31, time: 0.947, data_time: 0.405, memory: 14490, decode.loss_seg: 0.0242, decode.acc_seg: 85.1593, aux.loss_seg: 0.0188, aux.acc_seg: 84.1784, loss: 0.0431
2026-04-25 04:59:04,734 - mmseg - INFO - Iter [139300/160000]	lr: 2.022e-06, eta: 6:26:34, time: 0.956, data_time: 0.316, memory: 14490, decode.loss_seg: 0.0241, decode.acc_seg: 84.6779, aux.loss_seg: 0.0188, aux.acc_seg: 83.6903, loss: 0.0429
2026-04-25 04:59:32,013 - mmseg - INFO - Iter [139350/160000]	lr: 2.017e-06, eta: 6:25:33, time: 0.546, data_time: 0.004, memory: 14490, decode.loss_seg: 0.0244, decode.acc_seg: 85.0706, aux.loss_seg: 0.0190, aux.acc_seg: 84.0872, loss: 0.0435
2026-04-25 05:00:18,516 - mmseg - INFO - Iter [139400/160000]	lr: 2.012e-06, eta: 6:24:35, time: 0.930, data_time: 0.360, memory: 14490, decode.loss_seg: 0.0243, decode.acc_seg: 85.3718, aux.loss_seg: 0.0192, aux.acc_seg: 84.3539, loss: 0.0435
2026-04-25 05:01:05,733 - mmseg - INFO - Iter [139450/160000]	lr: 2.007e-06, eta: 6:23:38, time: 0.944, data_time: 0.375, memory: 14490, decode.loss_seg: 0.0240, decode.acc_seg: 85.2388, aux.loss_seg: 0.0189, aux.acc_seg: 84.2503, loss: 0.0429
2026-04-25 05:01:32,969 - mmseg - INFO - Iter [139500/160000]	lr: 2.002e-06, eta: 6:22:37, time: 0.545, data_time: 0.004, memory: 14490, decode.loss_seg: 0.0252, decode.acc_seg: 85.6578, aux.loss_seg: 0.0195, aux.acc_seg: 84.6426, loss: 0.0448
2026-04-25 05:02:20,044 - mmseg - INFO - Iter [139550/160000]	lr: 1.997e-06, eta: 6:21:39, time: 0.941, data_time: 0.400, memory: 14490, decode.loss_seg: 0.0233, decode.acc_seg: 83.4387, aux.loss_seg: 0.0185, aux.acc_seg: 82.4583, loss: 0.0418
2026-04-25 05:03:07,168 - mmseg - INFO - Iter [139600/160000]	lr: 1.992e-06, eta: 6:20:42, time: 0.942, data_time: 0.348, memory: 14490, decode.loss_seg: 0.0244, decode.acc_seg: 84.9608, aux.loss_seg: 0.0192, aux.acc_seg: 83.9536, loss: 0.0435
2026-04-25 05:03:34,402 - mmseg - INFO - Iter [139650/160000]	lr: 1.987e-06, eta: 6:19:41, time: 0.545, data_time: 0.004, memory: 14490, decode.loss_seg: 0.0247, decode.acc_seg: 86.1781, aux.loss_seg: 0.0190, aux.acc_seg: 85.1948, loss: 0.0438
2026-04-25 05:04:20,834 - mmseg - INFO - Iter [139700/160000]	lr: 1.983e-06, eta: 6:18:44, time: 0.929, data_time: 0.374, memory: 14490, decode.loss_seg: 0.0231, decode.acc_seg: 84.3796, aux.loss_seg: 0.0193, aux.acc_seg: 83.3175, loss: 0.0424
2026-04-25 05:05:07,380 - mmseg - INFO - Iter [139750/160000]	lr: 1.978e-06, eta: 6:17:46, time: 0.931, data_time: 0.363, memory: 14490, decode.loss_seg: 0.0245, decode.acc_seg: 85.3198, aux.loss_seg: 0.0192, aux.acc_seg: 84.3103, loss: 0.0437
2026-04-25 05:05:34,654 - mmseg - INFO - Iter [139800/160000]	lr: 1.973e-06, eta: 6:16:46, time: 0.545, data_time: 0.004, memory: 14490, decode.loss_seg: 0.0240, decode.acc_seg: 85.9683, aux.loss_seg: 0.0186, aux.acc_seg: 84.9889, loss: 0.0426
2026-04-25 05:06:21,547 - mmseg - INFO - Iter [139850/160000]	lr: 1.968e-06, eta: 6:15:48, time: 0.938, data_time: 0.371, memory: 14490, decode.loss_seg: 0.0238, decode.acc_seg: 84.5035, aux.loss_seg: 0.0186, aux.acc_seg: 83.5161, loss: 0.0424
2026-04-25 05:07:08,246 - mmseg - INFO - Iter [139900/160000]	lr: 1.963e-06, eta: 6:14:51, time: 0.934, data_time: 0.329, memory: 14490, decode.loss_seg: 0.0245, decode.acc_seg: 85.7872, aux.loss_seg: 0.0186, aux.acc_seg: 84.8422, loss: 0.0431
2026-04-25 05:07:35,581 - mmseg - INFO - Iter [139950/160000]	lr: 1.958e-06, eta: 6:13:50, time: 0.547, data_time: 0.003, memory: 14490, decode.loss_seg: 0.0240, decode.acc_seg: 85.0301, aux.loss_seg: 0.0185, aux.acc_seg: 84.0703, loss: 0.0425
2026-04-25 05:08:34,979 - mmseg - INFO - per class results:
2026-04-25 05:08:34,980 - mmseg - INFO - 
+------------+-------+-------+
| Class      | IoU   | Acc   |
+------------+-------+-------+
| housing    | 96.73 | 98.4  |
| industrial | 96.7  | 98.41 |
| natural    | 93.71 | 95.45 |
| land_use   | 87.99 | 91.65 |
| water      | 96.68 | 98.7  |
| other      | 99.06 | 99.56 |
+------------+-------+-------+
2026-04-25 05:08:34,980 - mmseg - INFO - Summary:
2026-04-25 05:08:34,980 - mmseg - INFO - 
+--------+-------+-------+-------+
| Scope  | mIoU  | mAcc  | aAcc  |
+--------+-------+-------+-------+
| global | 95.15 | 97.03 | 97.96 |
+--------+-------+-------+-------+
2026-04-25 05:08:35,024 - mmseg - INFO - Exp name: pixel_upernet_itpn_large_12_512_slide_160k_air_polarsar2_amp_linux.py
2026-04-25 05:08:35,024 - mmseg - INFO - Iter [140000/160000]	lr: 1.953e-06, eta: 6:14:35, time: 13.624, data_time: 0.000, memory: 14490, mIoU: 0.9515, mAcc: 0.9703, aAcc: 0.9796
2026-04-25 05:09:22,610 - mmseg - INFO - Iter [140050/160000]	lr: 1.948e-06, eta: 6:13:37, time: 0.952, data_time: 0.376, memory: 14490, decode.loss_seg: 0.0238, decode.acc_seg: 84.0104, aux.loss_seg: 0.0187, aux.acc_seg: 83.0071, loss: 0.0426
2026-04-25 05:09:49,912 - mmseg - INFO - Iter [140100/160000]	lr: 1.943e-06, eta: 6:12:37, time: 0.546, data_time: 0.004, memory: 14490, decode.loss_seg: 0.0242, decode.acc_seg: 86.2657, aux.loss_seg: 0.0187, aux.acc_seg: 85.3025, loss: 0.0429
2026-04-25 05:10:36,389 - mmseg - INFO - Iter [140150/160000]	lr: 1.939e-06, eta: 6:11:39, time: 0.929, data_time: 0.376, memory: 14490, decode.loss_seg: 0.0236, decode.acc_seg: 84.0701, aux.loss_seg: 0.0185, aux.acc_seg: 83.1057, loss: 0.0421
2026-04-25 05:11:03,727 - mmseg - INFO - Iter [140200/160000]	lr: 1.934e-06, eta: 6:10:38, time: 0.547, data_time: 0.003, memory: 14490, decode.loss_seg: 0.0241, decode.acc_seg: 85.0889, aux.loss_seg: 0.0190, aux.acc_seg: 84.0803, loss: 0.0431
2026-04-25 05:11:50,341 - mmseg - INFO - Iter [140250/160000]	lr: 1.929e-06, eta: 6:09:40, time: 0.932, data_time: 0.362, memory: 14490, decode.loss_seg: 0.0241, decode.acc_seg: 85.5094, aux.loss_seg: 0.0189, aux.acc_seg: 84.5165, loss: 0.0430
2026-04-25 05:12:36,036 - mmseg - INFO - Iter [140300/160000]	lr: 1.924e-06, eta: 6:08:43, time: 0.914, data_time: 0.352, memory: 14490, decode.loss_seg: 0.0235, decode.acc_seg: 84.7600, aux.loss_seg: 0.0185, aux.acc_seg: 83.7772, loss: 0.0420
2026-04-25 05:13:03,359 - mmseg - INFO - Iter [140350/160000]	lr: 1.919e-06, eta: 6:07:42, time: 0.546, data_time: 0.004, memory: 14490, decode.loss_seg: 0.0236, decode.acc_seg: 84.0924, aux.loss_seg: 0.0191, aux.acc_seg: 83.0564, loss: 0.0427
2026-04-25 05:13:49,836 - mmseg - INFO - Iter [140400/160000]	lr: 1.914e-06, eta: 6:06:44, time: 0.930, data_time: 0.373, memory: 14490, decode.loss_seg: 0.0242, decode.acc_seg: 85.7047, aux.loss_seg: 0.0187, aux.acc_seg: 84.7430, loss: 0.0429
2026-04-25 05:14:36,797 - mmseg - INFO - Iter [140450/160000]	lr: 1.909e-06, eta: 6:05:47, time: 0.939, data_time: 0.356, memory: 14490, decode.loss_seg: 0.0240, decode.acc_seg: 85.7186, aux.loss_seg: 0.0189, aux.acc_seg: 84.7486, loss: 0.0428
2026-04-25 05:15:04,138 - mmseg - INFO - Iter [140500/160000]	lr: 1.904e-06, eta: 6:04:46, time: 0.547, data_time: 0.004, memory: 14490, decode.loss_seg: 0.0241, decode.acc_seg: 84.1469, aux.loss_seg: 0.0187, aux.acc_seg: 83.1734, loss: 0.0429
2026-04-25 05:15:51,438 - mmseg - INFO - Iter [140550/160000]	lr: 1.900e-06, eta: 6:03:49, time: 0.946, data_time: 0.376, memory: 14490, decode.loss_seg: 0.0238, decode.acc_seg: 84.0505, aux.loss_seg: 0.0189, aux.acc_seg: 83.0500, loss: 0.0426
2026-04-25 05:16:38,243 - mmseg - INFO - Iter [140600/160000]	lr: 1.895e-06, eta: 6:02:51, time: 0.936, data_time: 0.365, memory: 14490, decode.loss_seg: 0.0238, decode.acc_seg: 84.5252, aux.loss_seg: 0.0191, aux.acc_seg: 83.4831, loss: 0.0429
2026-04-25 05:17:05,512 - mmseg - INFO - Iter [140650/160000]	lr: 1.890e-06, eta: 6:01:50, time: 0.545, data_time: 0.004, memory: 14490, decode.loss_seg: 0.0232, decode.acc_seg: 84.9362, aux.loss_seg: 0.0183, aux.acc_seg: 83.9676, loss: 0.0415
2026-04-25 05:17:52,270 - mmseg - INFO - Iter [140700/160000]	lr: 1.885e-06, eta: 6:00:53, time: 0.935, data_time: 0.368, memory: 14490, decode.loss_seg: 0.0240, decode.acc_seg: 86.3817, aux.loss_seg: 0.0189, aux.acc_seg: 85.3922, loss: 0.0429
2026-04-25 05:18:38,889 - mmseg - INFO - Iter [140750/160000]	lr: 1.880e-06, eta: 5:59:55, time: 0.932, data_time: 0.357, memory: 14490, decode.loss_seg: 0.0241, decode.acc_seg: 86.0484, aux.loss_seg: 0.0189, aux.acc_seg: 85.0645, loss: 0.0430
2026-04-25 05:19:06,176 - mmseg - INFO - Iter [140800/160000]	lr: 1.875e-06, eta: 5:58:55, time: 0.546, data_time: 0.004, memory: 14490, decode.loss_seg: 0.0240, decode.acc_seg: 84.2417, aux.loss_seg: 0.0188, aux.acc_seg: 83.2489, loss: 0.0428
2026-04-25 05:19:53,613 - mmseg - INFO - Iter [140850/160000]	lr: 1.870e-06, eta: 5:57:57, time: 0.949, data_time: 0.369, memory: 14490, decode.loss_seg: 0.0236, decode.acc_seg: 85.5043, aux.loss_seg: 0.0186, aux.acc_seg: 84.5116, loss: 0.0422
2026-04-25 05:20:39,825 - mmseg - INFO - Iter [140900/160000]	lr: 1.865e-06, eta: 5:57:00, time: 0.924, data_time: 0.374, memory: 14490, decode.loss_seg: 0.0236, decode.acc_seg: 85.6452, aux.loss_seg: 0.0188, aux.acc_seg: 84.6281, loss: 0.0425
2026-04-25 05:21:07,071 - mmseg - INFO - Iter [140950/160000]	lr: 1.860e-06, eta: 5:55:59, time: 0.545, data_time: 0.004, memory: 14490, decode.loss_seg: 0.0235, decode.acc_seg: 83.8477, aux.loss_seg: 0.0187, aux.acc_seg: 82.8528, loss: 0.0422
2026-04-25 05:21:53,619 - mmseg - INFO - Exp name: pixel_upernet_itpn_large_12_512_slide_160k_air_polarsar2_amp_linux.py
2026-04-25 05:21:53,620 - mmseg - INFO - Iter [141000/160000]	lr: 1.856e-06, eta: 5:55:02, time: 0.931, data_time: 0.378, memory: 14490, decode.loss_seg: 0.0242, decode.acc_seg: 85.7539, aux.loss_seg: 0.0192, aux.acc_seg: 84.7314, loss: 0.0434
2026-04-25 05:22:40,042 - mmseg - INFO - Iter [141050/160000]	lr: 1.851e-06, eta: 5:54:04, time: 0.929, data_time: 0.346, memory: 14490, decode.loss_seg: 0.0239, decode.acc_seg: 84.5767, aux.loss_seg: 0.0186, aux.acc_seg: 83.6106, loss: 0.0425
2026-04-25 05:23:07,423 - mmseg - INFO - Iter [141100/160000]	lr: 1.846e-06, eta: 5:53:04, time: 0.548, data_time: 0.004, memory: 14490, decode.loss_seg: 0.0239, decode.acc_seg: 85.9306, aux.loss_seg: 0.0185, aux.acc_seg: 84.9717, loss: 0.0424
2026-04-25 05:23:54,149 - mmseg - INFO - Iter [141150/160000]	lr: 1.841e-06, eta: 5:52:06, time: 0.934, data_time: 0.328, memory: 14490, decode.loss_seg: 0.0239, decode.acc_seg: 84.8612, aux.loss_seg: 0.0193, aux.acc_seg: 83.8272, loss: 0.0432
2026-04-25 05:24:21,434 - mmseg - INFO - Iter [141200/160000]	lr: 1.836e-06, eta: 5:51:06, time: 0.546, data_time: 0.004, memory: 14490, decode.loss_seg: 0.0237, decode.acc_seg: 84.6991, aux.loss_seg: 0.0189, aux.acc_seg: 83.6850, loss: 0.0426
2026-04-25 05:25:07,491 - mmseg - INFO - Iter [141250/160000]	lr: 1.831e-06, eta: 5:50:09, time: 0.921, data_time: 0.363, memory: 14490, decode.loss_seg: 0.0240, decode.acc_seg: 85.7956, aux.loss_seg: 0.0189, aux.acc_seg: 84.8104, loss: 0.0429
2026-04-25 05:25:53,953 - mmseg - INFO - Iter [141300/160000]	lr: 1.826e-06, eta: 5:49:11, time: 0.929, data_time: 0.388, memory: 14490, decode.loss_seg: 0.0242, decode.acc_seg: 85.4038, aux.loss_seg: 0.0189, aux.acc_seg: 84.4133, loss: 0.0431
2026-04-25 05:26:21,201 - mmseg - INFO - Iter [141350/160000]	lr: 1.821e-06, eta: 5:48:11, time: 0.545, data_time: 0.004, memory: 14490, decode.loss_seg: 0.0238, decode.acc_seg: 85.4954, aux.loss_seg: 0.0198, aux.acc_seg: 84.3785, loss: 0.0437
2026-04-25 05:27:08,020 - mmseg - INFO - Iter [141400/160000]	lr: 1.817e-06, eta: 5:47:13, time: 0.936, data_time: 0.384, memory: 14490, decode.loss_seg: 0.0237, decode.acc_seg: 84.4035, aux.loss_seg: 0.0185, aux.acc_seg: 83.4374, loss: 0.0422
2026-04-25 05:27:54,715 - mmseg - INFO - Iter [141450/160000]	lr: 1.812e-06, eta: 5:46:16, time: 0.934, data_time: 0.341, memory: 14490, decode.loss_seg: 0.0246, decode.acc_seg: 86.3900, aux.loss_seg: 0.0187, aux.acc_seg: 85.4376, loss: 0.0433
2026-04-25 05:28:22,013 - mmseg - INFO - Iter [141500/160000]	lr: 1.807e-06, eta: 5:45:16, time: 0.546, data_time: 0.004, memory: 14490, decode.loss_seg: 0.0241, decode.acc_seg: 85.9819, aux.loss_seg: 0.0183, aux.acc_seg: 85.0607, loss: 0.0424
2026-04-25 05:29:08,852 - mmseg - INFO - Iter [141550/160000]	lr: 1.802e-06, eta: 5:44:19, time: 0.937, data_time: 0.369, memory: 14490, decode.loss_seg: 0.0245, decode.acc_seg: 85.5537, aux.loss_seg: 0.0193, aux.acc_seg: 84.5333, loss: 0.0439
2026-04-25 05:29:55,321 - mmseg - INFO - Iter [141600/160000]	lr: 1.797e-06, eta: 5:43:21, time: 0.930, data_time: 0.337, memory: 14490, decode.loss_seg: 0.0237, decode.acc_seg: 84.7389, aux.loss_seg: 0.0186, aux.acc_seg: 83.7597, loss: 0.0423
2026-04-25 05:30:22,611 - mmseg - INFO - Iter [141650/160000]	lr: 1.792e-06, eta: 5:42:21, time: 0.546, data_time: 0.004, memory: 14490, decode.loss_seg: 0.0238, decode.acc_seg: 86.0883, aux.loss_seg: 0.0185, aux.acc_seg: 85.1222, loss: 0.0423
2026-04-25 05:31:10,490 - mmseg - INFO - Iter [141700/160000]	lr: 1.787e-06, eta: 5:41:24, time: 0.958, data_time: 0.358, memory: 14490, decode.loss_seg: 0.0233, decode.acc_seg: 85.8437, aux.loss_seg: 0.0190, aux.acc_seg: 84.7833, loss: 0.0423
2026-04-25 05:31:56,856 - mmseg - INFO - Iter [141750/160000]	lr: 1.782e-06, eta: 5:40:26, time: 0.927, data_time: 0.386, memory: 14490, decode.loss_seg: 0.0243, decode.acc_seg: 86.6257, aux.loss_seg: 0.0191, aux.acc_seg: 85.6243, loss: 0.0434
2026-04-25 05:32:24,170 - mmseg - INFO - Iter [141800/160000]	lr: 1.777e-06, eta: 5:39:26, time: 0.546, data_time: 0.004, memory: 14490, decode.loss_seg: 0.0241, decode.acc_seg: 84.5941, aux.loss_seg: 0.0199, aux.acc_seg: 83.4675, loss: 0.0441
2026-04-25 05:33:10,895 - mmseg - INFO - Iter [141850/160000]	lr: 1.773e-06, eta: 5:38:29, time: 0.935, data_time: 0.395, memory: 14490, decode.loss_seg: 0.0240, decode.acc_seg: 84.7852, aux.loss_seg: 0.0190, aux.acc_seg: 83.7832, loss: 0.0430
2026-04-25 05:33:57,863 - mmseg - INFO - Iter [141900/160000]	lr: 1.768e-06, eta: 5:37:32, time: 0.939, data_time: 0.353, memory: 14490, decode.loss_seg: 0.0235, decode.acc_seg: 85.3481, aux.loss_seg: 0.0185, aux.acc_seg: 84.3558, loss: 0.0421
2026-04-25 05:34:25,167 - mmseg - INFO - Iter [141950/160000]	lr: 1.763e-06, eta: 5:36:32, time: 0.546, data_time: 0.004, memory: 14490, decode.loss_seg: 0.0235, decode.acc_seg: 85.2732, aux.loss_seg: 0.0184, aux.acc_seg: 84.2958, loss: 0.0419
2026-04-25 05:35:24,856 - mmseg - INFO - per class results:
2026-04-25 05:35:24,857 - mmseg - INFO - 
+------------+-------+-------+
| Class      | IoU   | Acc   |
+------------+-------+-------+
| housing    | 96.81 | 98.46 |
| industrial | 96.72 | 98.28 |
| natural    | 93.92 | 95.9  |
| land_use   | 87.97 | 91.71 |
| water      | 96.68 | 98.78 |
| other      | 99.11 | 99.63 |
+------------+-------+-------+
2026-04-25 05:35:24,857 - mmseg - INFO - Summary:
2026-04-25 05:35:24,857 - mmseg - INFO - 
+--------+------+-------+-------+
| Scope  | mIoU | mAcc  | aAcc  |
+--------+------+-------+-------+
| global | 95.2 | 97.13 | 97.97 |
+--------+------+-------+-------+
2026-04-25 05:35:24,899 - mmseg - INFO - Exp name: pixel_upernet_itpn_large_12_512_slide_160k_air_polarsar2_amp_linux.py
2026-04-25 05:35:24,899 - mmseg - INFO - Iter [142000/160000]	lr: 1.758e-06, eta: 5:37:05, time: 13.662, data_time: 0.000, memory: 14490, mIoU: 0.9520, mAcc: 0.9713, aAcc: 0.9797
2026-04-25 05:36:12,260 - mmseg - INFO - Iter [142050/160000]	lr: 1.753e-06, eta: 5:36:08, time: 0.947, data_time: 0.350, memory: 14490, decode.loss_seg: 0.0241, decode.acc_seg: 86.2813, aux.loss_seg: 0.0188, aux.acc_seg: 85.3013, loss: 0.0429
2026-04-25 05:36:39,577 - mmseg - INFO - Iter [142100/160000]	lr: 1.748e-06, eta: 5:35:08, time: 0.546, data_time: 0.004, memory: 14490, decode.loss_seg: 0.0239, decode.acc_seg: 85.4067, aux.loss_seg: 0.0191, aux.acc_seg: 84.3973, loss: 0.0431
2026-04-25 05:37:26,325 - mmseg - INFO - Iter [142150/160000]	lr: 1.743e-06, eta: 5:34:10, time: 0.935, data_time: 0.371, memory: 14490, decode.loss_seg: 0.0237, decode.acc_seg: 84.5292, aux.loss_seg: 0.0186, aux.acc_seg: 83.5418, loss: 0.0423
2026-04-25 05:37:53,629 - mmseg - INFO - Iter [142200/160000]	lr: 1.738e-06, eta: 5:33:10, time: 0.546, data_time: 0.004, memory: 14490, decode.loss_seg: 0.0247, decode.acc_seg: 86.0252, aux.loss_seg: 0.0195, aux.acc_seg: 84.9991, loss: 0.0442
2026-04-25 05:38:40,802 - mmseg - INFO - Iter [142250/160000]	lr: 1.734e-06, eta: 5:32:13, time: 0.943, data_time: 0.354, memory: 14490, decode.loss_seg: 0.0240, decode.acc_seg: 85.6229, aux.loss_seg: 0.0188, aux.acc_seg: 84.6461, loss: 0.0427
2026-04-25 05:39:27,505 - mmseg - INFO - Iter [142300/160000]	lr: 1.729e-06, eta: 5:31:15, time: 0.934, data_time: 0.388, memory: 14490, decode.loss_seg: 0.0243, decode.acc_seg: 85.1769, aux.loss_seg: 0.0190, aux.acc_seg: 84.1658, loss: 0.0433
2026-04-25 05:39:54,888 - mmseg - INFO - Iter [142350/160000]	lr: 1.724e-06, eta: 5:30:15, time: 0.548, data_time: 0.004, memory: 14490, decode.loss_seg: 0.0232, decode.acc_seg: 84.3785, aux.loss_seg: 0.0183, aux.acc_seg: 83.4110, loss: 0.0415
2026-04-25 05:40:41,479 - mmseg - INFO - Iter [142400/160000]	lr: 1.719e-06, eta: 5:29:17, time: 0.932, data_time: 0.377, memory: 14490, decode.loss_seg: 0.0245, decode.acc_seg: 85.3448, aux.loss_seg: 0.0196, aux.acc_seg: 84.3113, loss: 0.0441
2026-04-25 05:41:28,381 - mmseg - INFO - Iter [142450/160000]	lr: 1.714e-06, eta: 5:28:20, time: 0.938, data_time: 0.389, memory: 14490, decode.loss_seg: 0.0238, decode.acc_seg: 85.7328, aux.loss_seg: 0.0197, aux.acc_seg: 84.6130, loss: 0.0435
2026-04-25 05:41:55,701 - mmseg - INFO - Iter [142500/160000]	lr: 1.709e-06, eta: 5:27:20, time: 0.546, data_time: 0.005, memory: 14490, decode.loss_seg: 0.0234, decode.acc_seg: 83.3278, aux.loss_seg: 0.0190, aux.acc_seg: 82.2949, loss: 0.0423
2026-04-25 05:42:43,188 - mmseg - INFO - Iter [142550/160000]	lr: 1.704e-06, eta: 5:26:23, time: 0.950, data_time: 0.355, memory: 14490, decode.loss_seg: 0.0233, decode.acc_seg: 86.0031, aux.loss_seg: 0.0184, aux.acc_seg: 85.0341, loss: 0.0417
2026-04-25 05:43:30,716 - mmseg - INFO - Iter [142600/160000]	lr: 1.699e-06, eta: 5:25:25, time: 0.951, data_time: 0.356, memory: 14490, decode.loss_seg: 0.0245, decode.acc_seg: 86.1692, aux.loss_seg: 0.0195, aux.acc_seg: 85.1318, loss: 0.0440
2026-04-25 05:43:58,021 - mmseg - INFO - Iter [142650/160000]	lr: 1.694e-06, eta: 5:24:25, time: 0.546, data_time: 0.005, memory: 14490, decode.loss_seg: 0.0240, decode.acc_seg: 84.1256, aux.loss_seg: 0.0187, aux.acc_seg: 83.1472, loss: 0.0426
2026-04-25 05:44:45,691 - mmseg - INFO - Iter [142700/160000]	lr: 1.690e-06, eta: 5:23:28, time: 0.953, data_time: 0.366, memory: 14490, decode.loss_seg: 0.0243, decode.acc_seg: 85.7881, aux.loss_seg: 0.0190, aux.acc_seg: 84.7950, loss: 0.0433
2026-04-25 05:45:32,370 - mmseg - INFO - Iter [142750/160000]	lr: 1.685e-06, eta: 5:22:31, time: 0.934, data_time: 0.390, memory: 14490, decode.loss_seg: 0.0235, decode.acc_seg: 85.6104, aux.loss_seg: 0.0187, aux.acc_seg: 84.6192, loss: 0.0421
2026-04-25 05:45:59,656 - mmseg - INFO - Iter [142800/160000]	lr: 1.680e-06, eta: 5:21:31, time: 0.546, data_time: 0.005, memory: 14490, decode.loss_seg: 0.0236, decode.acc_seg: 84.5040, aux.loss_seg: 0.0190, aux.acc_seg: 83.4796, loss: 0.0426
2026-04-25 05:46:46,090 - mmseg - INFO - Iter [142850/160000]	lr: 1.675e-06, eta: 5:20:33, time: 0.928, data_time: 0.361, memory: 14490, decode.loss_seg: 0.0243, decode.acc_seg: 86.4230, aux.loss_seg: 0.0189, aux.acc_seg: 85.4422, loss: 0.0432
2026-04-25 05:47:33,463 - mmseg - INFO - Iter [142900/160000]	lr: 1.670e-06, eta: 5:19:36, time: 0.947, data_time: 0.375, memory: 14490, decode.loss_seg: 0.0232, decode.acc_seg: 84.2508, aux.loss_seg: 0.0185, aux.acc_seg: 83.2705, loss: 0.0417
2026-04-25 05:48:00,839 - mmseg - INFO - Iter [142950/160000]	lr: 1.665e-06, eta: 5:18:36, time: 0.548, data_time: 0.005, memory: 14490, decode.loss_seg: 0.0239, decode.acc_seg: 85.3074, aux.loss_seg: 0.0186, aux.acc_seg: 84.3327, loss: 0.0424
2026-04-25 05:48:46,794 - mmseg - INFO - Exp name: pixel_upernet_itpn_large_12_512_slide_160k_air_polarsar2_amp_linux.py
2026-04-25 05:48:46,794 - mmseg - INFO - Iter [143000/160000]	lr: 1.660e-06, eta: 5:17:39, time: 0.919, data_time: 0.337, memory: 14490, decode.loss_seg: 0.0237, decode.acc_seg: 83.5924, aux.loss_seg: 0.0191, aux.acc_seg: 82.5706, loss: 0.0427
2026-04-25 05:49:14,095 - mmseg - INFO - Iter [143050/160000]	lr: 1.655e-06, eta: 5:16:39, time: 0.546, data_time: 0.004, memory: 14490, decode.loss_seg: 0.0233, decode.acc_seg: 84.0288, aux.loss_seg: 0.0186, aux.acc_seg: 83.0319, loss: 0.0419
2026-04-25 05:50:00,983 - mmseg - INFO - Iter [143100/160000]	lr: 1.651e-06, eta: 5:15:42, time: 0.938, data_time: 0.361, memory: 14490, decode.loss_seg: 0.0240, decode.acc_seg: 83.7779, aux.loss_seg: 0.0193, aux.acc_seg: 82.7194, loss: 0.0432
2026-04-25 05:50:48,370 - mmseg - INFO - Iter [143150/160000]	lr: 1.646e-06, eta: 5:14:44, time: 0.948, data_time: 0.384, memory: 14490, decode.loss_seg: 0.0240, decode.acc_seg: 85.5648, aux.loss_seg: 0.0190, aux.acc_seg: 84.5638, loss: 0.0430
2026-04-25 05:51:15,694 - mmseg - INFO - Iter [143200/160000]	lr: 1.641e-06, eta: 5:13:45, time: 0.546, data_time: 0.004, memory: 14490, decode.loss_seg: 0.0230, decode.acc_seg: 84.0714, aux.loss_seg: 0.0183, aux.acc_seg: 83.0918, loss: 0.0414
2026-04-25 05:52:02,707 - mmseg - INFO - Iter [143250/160000]	lr: 1.636e-06, eta: 5:12:47, time: 0.940, data_time: 0.354, memory: 14490, decode.loss_seg: 0.0241, decode.acc_seg: 85.3645, aux.loss_seg: 0.0191, aux.acc_seg: 84.3613, loss: 0.0432
2026-04-25 05:52:49,399 - mmseg - INFO - Iter [143300/160000]	lr: 1.631e-06, eta: 5:11:50, time: 0.934, data_time: 0.360, memory: 14490, decode.loss_seg: 0.0236, decode.acc_seg: 84.0320, aux.loss_seg: 0.0188, aux.acc_seg: 83.0122, loss: 0.0424
2026-04-25 05:53:16,772 - mmseg - INFO - Iter [143350/160000]	lr: 1.626e-06, eta: 5:10:50, time: 0.547, data_time: 0.004, memory: 14490, decode.loss_seg: 0.0238, decode.acc_seg: 84.4516, aux.loss_seg: 0.0187, aux.acc_seg: 83.4599, loss: 0.0426
2026-04-25 05:54:03,862 - mmseg - INFO - Iter [143400/160000]	lr: 1.621e-06, eta: 5:09:53, time: 0.942, data_time: 0.374, memory: 14490, decode.loss_seg: 0.0246, decode.acc_seg: 86.0037, aux.loss_seg: 0.0196, aux.acc_seg: 84.9639, loss: 0.0443
2026-04-25 05:54:50,612 - mmseg - INFO - Iter [143450/160000]	lr: 1.616e-06, eta: 5:08:56, time: 0.935, data_time: 0.378, memory: 14490, decode.loss_seg: 0.0237, decode.acc_seg: 83.6570, aux.loss_seg: 0.0195, aux.acc_seg: 82.5574, loss: 0.0432
2026-04-25 05:55:17,970 - mmseg - INFO - Iter [143500/160000]	lr: 1.611e-06, eta: 5:07:56, time: 0.547, data_time: 0.004, memory: 14490, decode.loss_seg: 0.0233, decode.acc_seg: 84.1531, aux.loss_seg: 0.0184, aux.acc_seg: 83.1688, loss: 0.0418
2026-04-25 05:56:05,433 - mmseg - INFO - Iter [143550/160000]	lr: 1.607e-06, eta: 5:06:59, time: 0.949, data_time: 0.373, memory: 14490, decode.loss_seg: 0.0243, decode.acc_seg: 85.3911, aux.loss_seg: 0.0190, aux.acc_seg: 84.3901, loss: 0.0433
2026-04-25 05:56:51,949 - mmseg - INFO - Iter [143600/160000]	lr: 1.602e-06, eta: 5:06:02, time: 0.931, data_time: 0.381, memory: 14490, decode.loss_seg: 0.0235, decode.acc_seg: 84.3543, aux.loss_seg: 0.0185, aux.acc_seg: 83.3708, loss: 0.0419
2026-04-25 05:57:19,237 - mmseg - INFO - Iter [143650/160000]	lr: 1.597e-06, eta: 5:05:02, time: 0.546, data_time: 0.004, memory: 14490, decode.loss_seg: 0.0244, decode.acc_seg: 85.7647, aux.loss_seg: 0.0189, aux.acc_seg: 84.7910, loss: 0.0434
2026-04-25 05:58:05,835 - mmseg - INFO - Iter [143700/160000]	lr: 1.592e-06, eta: 5:04:05, time: 0.932, data_time: 0.369, memory: 14490, decode.loss_seg: 0.0237, decode.acc_seg: 85.2151, aux.loss_seg: 0.0186, aux.acc_seg: 84.2315, loss: 0.0423
2026-04-25 05:58:52,119 - mmseg - INFO - Iter [143750/160000]	lr: 1.587e-06, eta: 5:03:08, time: 0.926, data_time: 0.364, memory: 14490, decode.loss_seg: 0.0240, decode.acc_seg: 85.6596, aux.loss_seg: 0.0192, aux.acc_seg: 84.6617, loss: 0.0432
2026-04-25 05:59:19,367 - mmseg - INFO - Iter [143800/160000]	lr: 1.582e-06, eta: 5:02:08, time: 0.545, data_time: 0.004, memory: 14490, decode.loss_seg: 0.0235, decode.acc_seg: 84.6464, aux.loss_seg: 0.0186, aux.acc_seg: 83.6579, loss: 0.0421
2026-04-25 06:00:05,793 - mmseg - INFO - Iter [143850/160000]	lr: 1.577e-06, eta: 5:01:11, time: 0.929, data_time: 0.387, memory: 14490, decode.loss_seg: 0.0242, decode.acc_seg: 83.9844, aux.loss_seg: 0.0191, aux.acc_seg: 82.9565, loss: 0.0433
2026-04-25 06:00:51,938 - mmseg - INFO - Iter [143900/160000]	lr: 1.572e-06, eta: 5:00:14, time: 0.923, data_time: 0.367, memory: 14490, decode.loss_seg: 0.0235, decode.acc_seg: 84.3178, aux.loss_seg: 0.0194, aux.acc_seg: 83.2481, loss: 0.0429
2026-04-25 06:01:19,224 - mmseg - INFO - Iter [143950/160000]	lr: 1.567e-06, eta: 4:59:14, time: 0.546, data_time: 0.004, memory: 14490, decode.loss_seg: 0.0235, decode.acc_seg: 84.9353, aux.loss_seg: 0.0190, aux.acc_seg: 83.9260, loss: 0.0426
2026-04-25 06:02:05,460 - mmseg - INFO - Saving checkpoint at 144000 iterations
2026-04-25 06:02:22,730 - mmseg - INFO - per class results:
2026-04-25 06:02:22,730 - mmseg - INFO - 
+------------+-------+-------+
| Class      | IoU   | Acc   |
+------------+-------+-------+
| housing    | 96.83 | 98.35 |
| industrial | 96.76 | 98.43 |
| natural    | 94.01 | 96.03 |
| land_use   | 87.94 | 91.34 |
| water      | 96.75 | 98.81 |
| other      | 99.11 | 99.61 |
+------------+-------+-------+
2026-04-25 06:02:22,730 - mmseg - INFO - Summary:
2026-04-25 06:02:22,730 - mmseg - INFO - 
+--------+-------+-------+-------+
| Scope  | mIoU  | mAcc  | aAcc  |
+--------+-------+-------+-------+
| global | 95.23 | 97.09 | 97.99 |
+--------+-------+-------+-------+
2026-04-25 06:02:22,757 - mmseg - INFO - Exp name: pixel_upernet_itpn_large_12_512_slide_160k_air_polarsar2_amp_linux.py
2026-04-25 06:02:22,757 - mmseg - INFO - Iter [144000/160000]	lr: 1.563e-06, eta: 5:00:03, time: 17.860, data_time: 0.000, memory: 14490, mIoU: 0.9523, mAcc: 0.9709, aAcc: 0.9799
2026-04-25 06:02:49,982 - mmseg - INFO - Iter [144050/160000]	lr: 1.558e-06, eta: 4:59:03, time: 0.544, data_time: 0.004, memory: 14490, decode.loss_seg: 0.0243, decode.acc_seg: 85.6537, aux.loss_seg: 0.0187, aux.acc_seg: 84.6929, loss: 0.0430
2026-04-25 06:03:36,976 - mmseg - INFO - Iter [144100/160000]	lr: 1.553e-06, eta: 4:58:06, time: 0.940, data_time: 0.398, memory: 14490, decode.loss_seg: 0.0233, decode.acc_seg: 84.6402, aux.loss_seg: 0.0187, aux.acc_seg: 83.6252, loss: 0.0421
2026-04-25 06:04:22,734 - mmseg - INFO - Iter [144150/160000]	lr: 1.548e-06, eta: 4:57:08, time: 0.915, data_time: 0.361, memory: 14490, decode.loss_seg: 0.0278, decode.acc_seg: 85.3353, aux.loss_seg: 0.0191, aux.acc_seg: 84.3934, loss: 0.0469
2026-04-25 06:04:50,054 - mmseg - INFO - Iter [144200/160000]	lr: 1.543e-06, eta: 4:56:08, time: 0.546, data_time: 0.004, memory: 14490, decode.loss_seg: 0.0243, decode.acc_seg: 86.3595, aux.loss_seg: 0.0192, aux.acc_seg: 85.3551, loss: 0.0434
2026-04-25 06:05:35,829 - mmseg - INFO - Iter [144250/160000]	lr: 1.538e-06, eta: 4:55:11, time: 0.915, data_time: 0.341, memory: 14490, decode.loss_seg: 0.0235, decode.acc_seg: 84.4174, aux.loss_seg: 0.0186, aux.acc_seg: 83.4328, loss: 0.0421
2026-04-25 06:06:22,296 - mmseg - INFO - Iter [144300/160000]	lr: 1.533e-06, eta: 4:54:14, time: 0.929, data_time: 0.388, memory: 14490, decode.loss_seg: 0.0234, decode.acc_seg: 84.0811, aux.loss_seg: 0.0192, aux.acc_seg: 83.0182, loss: 0.0425
2026-04-25 06:06:49,620 - mmseg - INFO - Iter [144350/160000]	lr: 1.528e-06, eta: 4:53:14, time: 0.547, data_time: 0.004, memory: 14490, decode.loss_seg: 0.0234, decode.acc_seg: 85.4740, aux.loss_seg: 0.0180, aux.acc_seg: 84.5393, loss: 0.0414
2026-04-25 06:07:36,299 - mmseg - INFO - Iter [144400/160000]	lr: 1.524e-06, eta: 4:52:16, time: 0.934, data_time: 0.375, memory: 14490, decode.loss_seg: 0.0237, decode.acc_seg: 85.0690, aux.loss_seg: 0.0187, aux.acc_seg: 84.0730, loss: 0.0424
2026-04-25 06:08:22,812 - mmseg - INFO - Iter [144450/160000]	lr: 1.519e-06, eta: 4:51:19, time: 0.930, data_time: 0.371, memory: 14490, decode.loss_seg: 0.0236, decode.acc_seg: 85.8655, aux.loss_seg: 0.0185, aux.acc_seg: 84.8896, loss: 0.0420
2026-04-25 06:08:50,107 - mmseg - INFO - Iter [144500/160000]	lr: 1.514e-06, eta: 4:50:19, time: 0.546, data_time: 0.004, memory: 14490, decode.loss_seg: 0.0231, decode.acc_seg: 84.3823, aux.loss_seg: 0.0187, aux.acc_seg: 83.3621, loss: 0.0418
2026-04-25 06:09:36,737 - mmseg - INFO - Iter [144550/160000]	lr: 1.509e-06, eta: 4:49:22, time: 0.932, data_time: 0.378, memory: 14490, decode.loss_seg: 0.0238, decode.acc_seg: 85.5867, aux.loss_seg: 0.0189, aux.acc_seg: 84.5706, loss: 0.0427
2026-04-25 06:10:24,270 - mmseg - INFO - Iter [144600/160000]	lr: 1.504e-06, eta: 4:48:25, time: 0.951, data_time: 0.373, memory: 14490, decode.loss_seg: 0.0246, decode.acc_seg: 85.5508, aux.loss_seg: 0.0190, aux.acc_seg: 84.5583, loss: 0.0436
2026-04-25 06:10:51,532 - mmseg - INFO - Iter [144650/160000]	lr: 1.499e-06, eta: 4:47:25, time: 0.545, data_time: 0.004, memory: 14490, decode.loss_seg: 0.0233, decode.acc_seg: 86.3721, aux.loss_seg: 0.0182, aux.acc_seg: 85.4209, loss: 0.0415
2026-04-25 06:11:38,561 - mmseg - INFO - Iter [144700/160000]	lr: 1.494e-06, eta: 4:46:28, time: 0.941, data_time: 0.372, memory: 14490, decode.loss_seg: 0.0241, decode.acc_seg: 85.2843, aux.loss_seg: 0.0190, aux.acc_seg: 84.2797, loss: 0.0431
2026-04-25 06:12:26,040 - mmseg - INFO - Iter [144750/160000]	lr: 1.489e-06, eta: 4:45:31, time: 0.949, data_time: 0.388, memory: 14490, decode.loss_seg: 0.0232, decode.acc_seg: 84.1170, aux.loss_seg: 0.0186, aux.acc_seg: 83.1363, loss: 0.0418
2026-04-25 06:12:53,307 - mmseg - INFO - Iter [144800/160000]	lr: 1.484e-06, eta: 4:44:31, time: 0.546, data_time: 0.003, memory: 14490, decode.loss_seg: 0.0234, decode.acc_seg: 84.6353, aux.loss_seg: 0.0187, aux.acc_seg: 83.6370, loss: 0.0421
2026-04-25 06:13:39,876 - mmseg - INFO - Iter [144850/160000]	lr: 1.480e-06, eta: 4:43:34, time: 0.931, data_time: 0.388, memory: 14490, decode.loss_seg: 0.0238, decode.acc_seg: 85.1415, aux.loss_seg: 0.0190, aux.acc_seg: 84.1217, loss: 0.0428
2026-04-25 06:14:27,225 - mmseg - INFO - Iter [144900/160000]	lr: 1.475e-06, eta: 4:42:37, time: 0.947, data_time: 0.366, memory: 14490, decode.loss_seg: 0.0236, decode.acc_seg: 85.5640, aux.loss_seg: 0.0185, aux.acc_seg: 84.5876, loss: 0.0421
2026-04-25 06:14:54,586 - mmseg - INFO - Iter [144950/160000]	lr: 1.470e-06, eta: 4:41:37, time: 0.547, data_time: 0.004, memory: 14490, decode.loss_seg: 0.0243, decode.acc_seg: 85.4348, aux.loss_seg: 0.0191, aux.acc_seg: 84.4456, loss: 0.0434
2026-04-25 06:15:41,639 - mmseg - INFO - Exp name: pixel_upernet_itpn_large_12_512_slide_160k_air_polarsar2_amp_linux.py
2026-04-25 06:15:41,640 - mmseg - INFO - Iter [145000/160000]	lr: 1.465e-06, eta: 4:40:40, time: 0.941, data_time: 0.372, memory: 14490, decode.loss_seg: 0.0236, decode.acc_seg: 85.3677, aux.loss_seg: 0.0185, aux.acc_seg: 84.4024, loss: 0.0421
2026-04-25 06:16:08,938 - mmseg - INFO - Iter [145050/160000]	lr: 1.460e-06, eta: 4:39:40, time: 0.546, data_time: 0.004, memory: 14490, decode.loss_seg: 0.0234, decode.acc_seg: 85.6605, aux.loss_seg: 0.0186, aux.acc_seg: 84.6761, loss: 0.0420
2026-04-25 06:16:56,486 - mmseg - INFO - Iter [145100/160000]	lr: 1.455e-06, eta: 4:38:43, time: 0.951, data_time: 0.361, memory: 14490, decode.loss_seg: 0.0231, decode.acc_seg: 83.9906, aux.loss_seg: 0.0185, aux.acc_seg: 82.9982, loss: 0.0416
2026-04-25 06:17:44,795 - mmseg - INFO - Iter [145150/160000]	lr: 1.450e-06, eta: 4:37:46, time: 0.966, data_time: 0.367, memory: 14490, decode.loss_seg: 0.0233, decode.acc_seg: 84.0736, aux.loss_seg: 0.0185, aux.acc_seg: 83.0800, loss: 0.0419
2026-04-25 06:18:12,070 - mmseg - INFO - Iter [145200/160000]	lr: 1.445e-06, eta: 4:36:47, time: 0.545, data_time: 0.004, memory: 14490, decode.loss_seg: 0.0235, decode.acc_seg: 85.1098, aux.loss_seg: 0.0189, aux.acc_seg: 84.0839, loss: 0.0424
2026-04-25 06:18:58,103 - mmseg - INFO - Iter [145250/160000]	lr: 1.441e-06, eta: 4:35:50, time: 0.921, data_time: 0.380, memory: 14490, decode.loss_seg: 0.0236, decode.acc_seg: 83.9004, aux.loss_seg: 0.0187, aux.acc_seg: 82.9001, loss: 0.0423
2026-04-25 06:19:43,689 - mmseg - INFO - Iter [145300/160000]	lr: 1.436e-06, eta: 4:34:52, time: 0.911, data_time: 0.357, memory: 14490, decode.loss_seg: 0.0232, decode.acc_seg: 85.9889, aux.loss_seg: 0.0184, aux.acc_seg: 85.0210, loss: 0.0416
2026-04-25 06:20:10,994 - mmseg - INFO - Iter [145350/160000]	lr: 1.431e-06, eta: 4:33:53, time: 0.546, data_time: 0.004, memory: 14490, decode.loss_seg: 0.0243, decode.acc_seg: 86.8798, aux.loss_seg: 0.0192, aux.acc_seg: 85.8651, loss: 0.0435
2026-04-25 06:20:57,898 - mmseg - INFO - Iter [145400/160000]	lr: 1.426e-06, eta: 4:32:56, time: 0.938, data_time: 0.360, memory: 14490, decode.loss_seg: 0.0233, decode.acc_seg: 85.4944, aux.loss_seg: 0.0188, aux.acc_seg: 84.4985, loss: 0.0421
2026-04-25 06:21:43,974 - mmseg - INFO - Iter [145450/160000]	lr: 1.421e-06, eta: 4:31:59, time: 0.922, data_time: 0.358, memory: 14490, decode.loss_seg: 0.0233, decode.acc_seg: 84.1104, aux.loss_seg: 0.0186, aux.acc_seg: 83.1021, loss: 0.0419
2026-04-25 06:22:11,267 - mmseg - INFO - Iter [145500/160000]	lr: 1.416e-06, eta: 4:30:59, time: 0.546, data_time: 0.004, memory: 14490, decode.loss_seg: 0.0234, decode.acc_seg: 86.1158, aux.loss_seg: 0.0186, aux.acc_seg: 85.1331, loss: 0.0419
2026-04-25 06:22:57,344 - mmseg - INFO - Iter [145550/160000]	lr: 1.411e-06, eta: 4:30:02, time: 0.922, data_time: 0.369, memory: 14490, decode.loss_seg: 0.0236, decode.acc_seg: 83.5119, aux.loss_seg: 0.0190, aux.acc_seg: 82.4752, loss: 0.0425
2026-04-25 06:23:44,843 - mmseg - INFO - Iter [145600/160000]	lr: 1.406e-06, eta: 4:29:05, time: 0.950, data_time: 0.356, memory: 14490, decode.loss_seg: 0.0239, decode.acc_seg: 84.4773, aux.loss_seg: 0.0189, aux.acc_seg: 83.4668, loss: 0.0429
2026-04-25 06:24:12,133 - mmseg - INFO - Iter [145650/160000]	lr: 1.401e-06, eta: 4:28:06, time: 0.546, data_time: 0.005, memory: 14490, decode.loss_seg: 0.0234, decode.acc_seg: 85.3323, aux.loss_seg: 0.0186, aux.acc_seg: 84.3463, loss: 0.0420
2026-04-25 06:25:00,164 - mmseg - INFO - Iter [145700/160000]	lr: 1.397e-06, eta: 4:27:09, time: 0.961, data_time: 0.420, memory: 14490, decode.loss_seg: 0.0234, decode.acc_seg: 85.4323, aux.loss_seg: 0.0195, aux.acc_seg: 84.3319, loss: 0.0429
2026-04-25 06:25:47,388 - mmseg - INFO - Iter [145750/160000]	lr: 1.392e-06, eta: 4:26:12, time: 0.945, data_time: 0.368, memory: 14490, decode.loss_seg: 0.0242, decode.acc_seg: 85.6538, aux.loss_seg: 0.0190, aux.acc_seg: 84.6516, loss: 0.0432
2026-04-25 06:26:14,624 - mmseg - INFO - Iter [145800/160000]	lr: 1.387e-06, eta: 4:25:13, time: 0.545, data_time: 0.005, memory: 14490, decode.loss_seg: 0.0236, decode.acc_seg: 84.2323, aux.loss_seg: 0.0192, aux.acc_seg: 83.1934, loss: 0.0428
2026-04-25 06:27:01,761 - mmseg - INFO - Iter [145850/160000]	lr: 1.382e-06, eta: 4:24:16, time: 0.943, data_time: 0.365, memory: 14490, decode.loss_seg: 0.0228, decode.acc_seg: 84.7781, aux.loss_seg: 0.0183, aux.acc_seg: 83.7862, loss: 0.0410
2026-04-25 06:27:48,257 - mmseg - INFO - Iter [145900/160000]	lr: 1.377e-06, eta: 4:23:19, time: 0.930, data_time: 0.389, memory: 14490, decode.loss_seg: 0.0240, decode.acc_seg: 84.4891, aux.loss_seg: 0.0189, aux.acc_seg: 83.4931, loss: 0.0428
2026-04-25 06:28:15,465 - mmseg - INFO - Iter [145950/160000]	lr: 1.372e-06, eta: 4:22:20, time: 0.544, data_time: 0.005, memory: 14490, decode.loss_seg: 0.0236, decode.acc_seg: 85.0474, aux.loss_seg: 0.0185, aux.acc_seg: 84.0729, loss: 0.0421
2026-04-25 06:29:14,471 - mmseg - INFO - per class results:
2026-04-25 06:29:14,472 - mmseg - INFO - 
+------------+-------+-------+
| Class      | IoU   | Acc   |
+------------+-------+-------+
| housing    | 96.91 | 98.43 |
| industrial | 96.83 | 98.46 |
| natural    | 94.01 | 95.8  |
| land_use   | 88.31 | 91.75 |
| water      | 96.81 | 98.8  |
| other      | 99.08 | 99.7  |
+------------+-------+-------+
2026-04-25 06:29:14,472 - mmseg - INFO - Summary:
2026-04-25 06:29:14,472 - mmseg - INFO - 
+--------+-------+-------+-------+
| Scope  | mIoU  | mAcc  | aAcc  |
+--------+-------+-------+-------+
| global | 95.33 | 97.16 | 98.04 |
+--------+-------+-------+-------+
2026-04-25 06:29:14,493 - mmseg - INFO - Exp name: pixel_upernet_itpn_large_12_512_slide_160k_air_polarsar2_amp_linux.py
2026-04-25 06:29:14,493 - mmseg - INFO - Iter [146000/160000]	lr: 1.367e-06, eta: 4:22:27, time: 12.990, data_time: 0.000, memory: 14490, mIoU: 0.9533, mAcc: 0.9716, aAcc: 0.9804
2026-04-25 06:29:41,768 - mmseg - INFO - Iter [146050/160000]	lr: 1.362e-06, eta: 4:21:28, time: 0.545, data_time: 0.005, memory: 14490, decode.loss_seg: 0.0235, decode.acc_seg: 85.0418, aux.loss_seg: 0.0186, aux.acc_seg: 84.0465, loss: 0.0421
2026-04-25 06:30:27,547 - mmseg - INFO - Iter [146100/160000]	lr: 1.358e-06, eta: 4:20:31, time: 0.916, data_time: 0.377, memory: 14490, decode.loss_seg: 0.0233, decode.acc_seg: 85.9769, aux.loss_seg: 0.0185, aux.acc_seg: 84.9931, loss: 0.0418
2026-04-25 06:31:14,117 - mmseg - INFO - Iter [146150/160000]	lr: 1.353e-06, eta: 4:19:34, time: 0.931, data_time: 0.343, memory: 14490, decode.loss_seg: 0.0237, decode.acc_seg: 86.3275, aux.loss_seg: 0.0188, aux.acc_seg: 85.3303, loss: 0.0425
2026-04-25 06:31:41,309 - mmseg - INFO - Iter [146200/160000]	lr: 1.348e-06, eta: 4:18:34, time: 0.544, data_time: 0.005, memory: 14490, decode.loss_seg: 0.0233, decode.acc_seg: 84.5469, aux.loss_seg: 0.0186, aux.acc_seg: 83.5567, loss: 0.0419
2026-04-25 06:32:28,021 - mmseg - INFO - Iter [146250/160000]	lr: 1.343e-06, eta: 4:17:37, time: 0.934, data_time: 0.373, memory: 14490, decode.loss_seg: 0.0231, decode.acc_seg: 84.5901, aux.loss_seg: 0.0186, aux.acc_seg: 83.5843, loss: 0.0418
2026-04-25 06:33:14,246 - mmseg - INFO - Iter [146300/160000]	lr: 1.338e-06, eta: 4:16:40, time: 0.925, data_time: 0.380, memory: 14490, decode.loss_seg: 0.0236, decode.acc_seg: 84.5071, aux.loss_seg: 0.0189, aux.acc_seg: 83.4827, loss: 0.0424
2026-04-25 06:33:41,483 - mmseg - INFO - Iter [146350/160000]	lr: 1.333e-06, eta: 4:15:40, time: 0.545, data_time: 0.005, memory: 14490, decode.loss_seg: 0.0231, decode.acc_seg: 85.6973, aux.loss_seg: 0.0182, aux.acc_seg: 84.7315, loss: 0.0413
2026-04-25 06:34:28,210 - mmseg - INFO - Iter [146400/160000]	lr: 1.328e-06, eta: 4:14:43, time: 0.935, data_time: 0.372, memory: 14490, decode.loss_seg: 0.0237, decode.acc_seg: 85.0745, aux.loss_seg: 0.0190, aux.acc_seg: 84.0474, loss: 0.0427
2026-04-25 06:35:14,426 - mmseg - INFO - Iter [146450/160000]	lr: 1.323e-06, eta: 4:13:46, time: 0.924, data_time: 0.345, memory: 14490, decode.loss_seg: 0.0239, decode.acc_seg: 85.3110, aux.loss_seg: 0.0199, aux.acc_seg: 84.2083, loss: 0.0437
2026-04-25 06:35:41,712 - mmseg - INFO - Iter [146500/160000]	lr: 1.318e-06, eta: 4:12:47, time: 0.546, data_time: 0.005, memory: 14490, decode.loss_seg: 0.0229, decode.acc_seg: 84.5628, aux.loss_seg: 0.0184, aux.acc_seg: 83.5638, loss: 0.0413
2026-04-25 06:36:28,236 - mmseg - INFO - Iter [146550/160000]	lr: 1.314e-06, eta: 4:11:50, time: 0.930, data_time: 0.391, memory: 14490, decode.loss_seg: 0.0239, decode.acc_seg: 84.4561, aux.loss_seg: 0.0191, aux.acc_seg: 83.4371, loss: 0.0431
2026-04-25 06:37:14,654 - mmseg - INFO - Iter [146600/160000]	lr: 1.309e-06, eta: 4:10:53, time: 0.928, data_time: 0.369, memory: 14490, decode.loss_seg: 0.0234, decode.acc_seg: 84.4333, aux.loss_seg: 0.0186, aux.acc_seg: 83.4373, loss: 0.0420
2026-04-25 06:37:41,879 - mmseg - INFO - Iter [146650/160000]	lr: 1.304e-06, eta: 4:09:53, time: 0.544, data_time: 0.005, memory: 14490, decode.loss_seg: 0.0231, decode.acc_seg: 84.6172, aux.loss_seg: 0.0186, aux.acc_seg: 83.6191, loss: 0.0417
2026-04-25 06:38:29,019 - mmseg - INFO - Iter [146700/160000]	lr: 1.299e-06, eta: 4:08:56, time: 0.943, data_time: 0.381, memory: 14490, decode.loss_seg: 0.0236, decode.acc_seg: 85.8405, aux.loss_seg: 0.0190, aux.acc_seg: 84.8388, loss: 0.0427
2026-04-25 06:39:15,587 - mmseg - INFO - Iter [146750/160000]	lr: 1.294e-06, eta: 4:07:59, time: 0.931, data_time: 0.364, memory: 14490, decode.loss_seg: 0.0239, decode.acc_seg: 85.5912, aux.loss_seg: 0.0187, aux.acc_seg: 84.5973, loss: 0.0427
2026-04-25 06:39:42,880 - mmseg - INFO - Iter [146800/160000]	lr: 1.289e-06, eta: 4:07:00, time: 0.546, data_time: 0.004, memory: 14490, decode.loss_seg: 0.0231, decode.acc_seg: 85.0038, aux.loss_seg: 0.0181, aux.acc_seg: 84.0536, loss: 0.0412
2026-04-25 06:40:27,973 - mmseg - INFO - Iter [146850/160000]	lr: 1.284e-06, eta: 4:06:03, time: 0.902, data_time: 0.356, memory: 14490, decode.loss_seg: 0.0237, decode.acc_seg: 85.1760, aux.loss_seg: 0.0194, aux.acc_seg: 84.1225, loss: 0.0431
2026-04-25 06:40:55,220 - mmseg - INFO - Iter [146900/160000]	lr: 1.279e-06, eta: 4:05:04, time: 0.545, data_time: 0.004, memory: 14490, decode.loss_seg: 0.0234, decode.acc_seg: 84.7376, aux.loss_seg: 0.0187, aux.acc_seg: 83.7459, loss: 0.0421
2026-04-25 06:41:41,855 - mmseg - INFO - Iter [146950/160000]	lr: 1.275e-06, eta: 4:04:07, time: 0.933, data_time: 0.320, memory: 14490, decode.loss_seg: 0.0235, decode.acc_seg: 85.3429, aux.loss_seg: 0.0186, aux.acc_seg: 84.3491, loss: 0.0421
2026-04-25 06:42:28,715 - mmseg - INFO - Exp name: pixel_upernet_itpn_large_12_512_slide_160k_air_polarsar2_amp_linux.py
2026-04-25 06:42:28,715 - mmseg - INFO - Iter [147000/160000]	lr: 1.270e-06, eta: 4:03:10, time: 0.937, data_time: 0.332, memory: 14490, decode.loss_seg: 0.0236, decode.acc_seg: 83.6717, aux.loss_seg: 0.0187, aux.acc_seg: 82.6669, loss: 0.0423
2026-04-25 06:42:56,024 - mmseg - INFO - Iter [147050/160000]	lr: 1.265e-06, eta: 4:02:11, time: 0.546, data_time: 0.004, memory: 14490, decode.loss_seg: 0.0231, decode.acc_seg: 84.0304, aux.loss_seg: 0.0184, aux.acc_seg: 83.0454, loss: 0.0415
2026-04-25 06:43:43,059 - mmseg - INFO - Iter [147100/160000]	lr: 1.260e-06, eta: 4:01:14, time: 0.941, data_time: 0.337, memory: 14490, decode.loss_seg: 0.0238, decode.acc_seg: 84.6566, aux.loss_seg: 0.0189, aux.acc_seg: 83.6327, loss: 0.0427
2026-04-25 06:44:29,164 - mmseg - INFO - Iter [147150/160000]	lr: 1.255e-06, eta: 4:00:17, time: 0.922, data_time: 0.348, memory: 14490, decode.loss_seg: 0.0233, decode.acc_seg: 84.8418, aux.loss_seg: 0.0185, aux.acc_seg: 83.8546, loss: 0.0419
2026-04-25 06:44:56,396 - mmseg - INFO - Iter [147200/160000]	lr: 1.250e-06, eta: 3:59:18, time: 0.545, data_time: 0.004, memory: 14490, decode.loss_seg: 0.0239, decode.acc_seg: 85.0615, aux.loss_seg: 0.0189, aux.acc_seg: 84.0608, loss: 0.0427
2026-04-25 06:45:43,459 - mmseg - INFO - Iter [147250/160000]	lr: 1.245e-06, eta: 3:58:21, time: 0.941, data_time: 0.401, memory: 14490, decode.loss_seg: 0.0233, decode.acc_seg: 83.0540, aux.loss_seg: 0.0187, aux.acc_seg: 82.0388, loss: 0.0420
2026-04-25 06:46:30,106 - mmseg - INFO - Iter [147300/160000]	lr: 1.240e-06, eta: 3:57:24, time: 0.933, data_time: 0.343, memory: 14490, decode.loss_seg: 0.0236, decode.acc_seg: 86.8059, aux.loss_seg: 0.0183, aux.acc_seg: 85.8465, loss: 0.0419
2026-04-25 06:46:57,372 - mmseg - INFO - Iter [147350/160000]	lr: 1.235e-06, eta: 3:56:25, time: 0.545, data_time: 0.004, memory: 14490, decode.loss_seg: 0.0239, decode.acc_seg: 84.3033, aux.loss_seg: 0.0189, aux.acc_seg: 83.2952, loss: 0.0428
2026-04-25 06:47:42,061 - mmseg - INFO - Iter [147400/160000]	lr: 1.231e-06, eta: 3:55:28, time: 0.894, data_time: 0.355, memory: 14490, decode.loss_seg: 0.0232, decode.acc_seg: 85.8046, aux.loss_seg: 0.0186, aux.acc_seg: 84.8289, loss: 0.0418
2026-04-25 06:48:26,825 - mmseg - INFO - Iter [147450/160000]	lr: 1.226e-06, eta: 3:54:31, time: 0.895, data_time: 0.338, memory: 14490, decode.loss_seg: 0.0243, decode.acc_seg: 86.2934, aux.loss_seg: 0.0191, aux.acc_seg: 85.3075, loss: 0.0435
2026-04-25 06:48:54,079 - mmseg - INFO - Iter [147500/160000]	lr: 1.221e-06, eta: 3:53:32, time: 0.545, data_time: 0.004, memory: 14490, decode.loss_seg: 0.0236, decode.acc_seg: 85.6771, aux.loss_seg: 0.0185, aux.acc_seg: 84.7112, loss: 0.0421
2026-04-25 06:49:39,334 - mmseg - INFO - Iter [147550/160000]	lr: 1.216e-06, eta: 3:52:35, time: 0.905, data_time: 0.329, memory: 14490, decode.loss_seg: 0.0230, decode.acc_seg: 84.3423, aux.loss_seg: 0.0183, aux.acc_seg: 83.3486, loss: 0.0413
2026-04-25 06:50:26,533 - mmseg - INFO - Iter [147600/160000]	lr: 1.211e-06, eta: 3:51:38, time: 0.944, data_time: 0.362, memory: 14490, decode.loss_seg: 0.0239, decode.acc_seg: 86.0547, aux.loss_seg: 0.0190, aux.acc_seg: 85.0574, loss: 0.0429
2026-04-25 06:50:53,795 - mmseg - INFO - Iter [147650/160000]	lr: 1.206e-06, eta: 3:50:39, time: 0.545, data_time: 0.004, memory: 14490, decode.loss_seg: 0.0235, decode.acc_seg: 84.7168, aux.loss_seg: 0.0186, aux.acc_seg: 83.7343, loss: 0.0420
2026-04-25 06:51:40,353 - mmseg - INFO - Iter [147700/160000]	lr: 1.201e-06, eta: 3:49:42, time: 0.931, data_time: 0.319, memory: 14490, decode.loss_seg: 0.0234, decode.acc_seg: 85.0303, aux.loss_seg: 0.0186, aux.acc_seg: 84.0433, loss: 0.0420
2026-04-25 06:52:26,718 - mmseg - INFO - Iter [147750/160000]	lr: 1.196e-06, eta: 3:48:45, time: 0.927, data_time: 0.358, memory: 14490, decode.loss_seg: 0.0235, decode.acc_seg: 85.7173, aux.loss_seg: 0.0186, aux.acc_seg: 84.7180, loss: 0.0421
2026-04-25 06:52:54,028 - mmseg - INFO - Iter [147800/160000]	lr: 1.192e-06, eta: 3:47:47, time: 0.546, data_time: 0.003, memory: 14490, decode.loss_seg: 0.0236, decode.acc_seg: 85.1118, aux.loss_seg: 0.0187, aux.acc_seg: 84.1052, loss: 0.0423
2026-04-25 06:53:39,588 - mmseg - INFO - Iter [147850/160000]	lr: 1.187e-06, eta: 3:46:50, time: 0.911, data_time: 0.361, memory: 14490, decode.loss_seg: 0.0229, decode.acc_seg: 84.7998, aux.loss_seg: 0.0182, aux.acc_seg: 83.8454, loss: 0.0412
2026-04-25 06:54:06,912 - mmseg - INFO - Iter [147900/160000]	lr: 1.182e-06, eta: 3:45:51, time: 0.546, data_time: 0.004, memory: 14490, decode.loss_seg: 0.0239, decode.acc_seg: 85.9146, aux.loss_seg: 0.0199, aux.acc_seg: 84.7835, loss: 0.0439
2026-04-25 06:54:53,198 - mmseg - INFO - Iter [147950/160000]	lr: 1.177e-06, eta: 3:44:54, time: 0.926, data_time: 0.364, memory: 14490, decode.loss_seg: 0.0233, decode.acc_seg: 84.5879, aux.loss_seg: 0.0185, aux.acc_seg: 83.6067, loss: 0.0417
2026-04-25 06:55:51,255 - mmseg - INFO - per class results:
2026-04-25 06:55:51,255 - mmseg - INFO - 
+------------+-------+-------+
| Class      | IoU   | Acc   |
+------------+-------+-------+
| housing    | 96.82 | 98.53 |
| industrial | 96.77 | 98.37 |
| natural    | 93.99 | 95.95 |
| land_use   | 88.19 | 91.73 |
| water      | 96.77 | 98.77 |
| other      | 99.09 | 99.6  |
+------------+-------+-------+
2026-04-25 06:55:51,255 - mmseg - INFO - Summary:
2026-04-25 06:55:51,256 - mmseg - INFO - 
+--------+-------+-------+-------+
| Scope  | mIoU  | mAcc  | aAcc  |
+--------+-------+-------+-------+
| global | 95.27 | 97.16 | 98.01 |
+--------+-------+-------+-------+
2026-04-25 06:55:51,281 - mmseg - INFO - Exp name: pixel_upernet_itpn_large_12_512_slide_160k_air_polarsar2_amp_linux.py
2026-04-25 06:55:51,281 - mmseg - INFO - Iter [148000/160000]	lr: 1.172e-06, eta: 3:44:49, time: 12.399, data_time: 0.000, memory: 14490, mIoU: 0.9527, mAcc: 0.9716, aAcc: 0.9801
2026-04-25 06:56:18,625 - mmseg - INFO - Iter [148050/160000]	lr: 1.167e-06, eta: 3:43:51, time: 0.547, data_time: 0.004, memory: 14490, decode.loss_seg: 0.0235, decode.acc_seg: 84.2783, aux.loss_seg: 0.0185, aux.acc_seg: 83.2852, loss: 0.0420
2026-04-25 06:57:05,320 - mmseg - INFO - Iter [148100/160000]	lr: 1.162e-06, eta: 3:42:54, time: 0.934, data_time: 0.375, memory: 14490, decode.loss_seg: 0.0235, decode.acc_seg: 84.3805, aux.loss_seg: 0.0188, aux.acc_seg: 83.3673, loss: 0.0423
2026-04-25 06:57:51,457 - mmseg - INFO - Iter [148150/160000]	lr: 1.157e-06, eta: 3:41:57, time: 0.923, data_time: 0.357, memory: 14490, decode.loss_seg: 0.0232, decode.acc_seg: 85.7599, aux.loss_seg: 0.0187, aux.acc_seg: 84.7699, loss: 0.0420
2026-04-25 06:58:18,774 - mmseg - INFO - Iter [148200/160000]	lr: 1.152e-06, eta: 3:40:58, time: 0.546, data_time: 0.004, memory: 14490, decode.loss_seg: 0.0235, decode.acc_seg: 86.0283, aux.loss_seg: 0.0189, aux.acc_seg: 85.0289, loss: 0.0425
2026-04-25 06:59:05,234 - mmseg - INFO - Iter [148250/160000]	lr: 1.148e-06, eta: 3:40:01, time: 0.929, data_time: 0.350, memory: 14490, decode.loss_seg: 0.0237, decode.acc_seg: 86.4400, aux.loss_seg: 0.0188, aux.acc_seg: 85.4370, loss: 0.0426
2026-04-25 06:59:51,317 - mmseg - INFO - Iter [148300/160000]	lr: 1.143e-06, eta: 3:39:04, time: 0.922, data_time: 0.367, memory: 14490, decode.loss_seg: 0.0234, decode.acc_seg: 84.7947, aux.loss_seg: 0.0190, aux.acc_seg: 83.7992, loss: 0.0423
2026-04-25 07:00:18,622 - mmseg - INFO - Iter [148350/160000]	lr: 1.138e-06, eta: 3:38:05, time: 0.546, data_time: 0.004, memory: 14490, decode.loss_seg: 0.0239, decode.acc_seg: 87.1328, aux.loss_seg: 0.0189, aux.acc_seg: 86.1384, loss: 0.0428
2026-04-25 07:01:05,692 - mmseg - INFO - Iter [148400/160000]	lr: 1.133e-06, eta: 3:37:08, time: 0.941, data_time: 0.377, memory: 14490, decode.loss_seg: 0.0227, decode.acc_seg: 85.7976, aux.loss_seg: 0.0179, aux.acc_seg: 84.8395, loss: 0.0406
2026-04-25 07:01:53,338 - mmseg - INFO - Iter [148450/160000]	lr: 1.128e-06, eta: 3:36:11, time: 0.953, data_time: 0.349, memory: 14490, decode.loss_seg: 0.0239, decode.acc_seg: 84.8372, aux.loss_seg: 0.0192, aux.acc_seg: 83.8053, loss: 0.0432
2026-04-25 07:02:20,585 - mmseg - INFO - Iter [148500/160000]	lr: 1.123e-06, eta: 3:35:12, time: 0.545, data_time: 0.003, memory: 14490, decode.loss_seg: 0.0235, decode.acc_seg: 85.6109, aux.loss_seg: 0.0184, aux.acc_seg: 84.6412, loss: 0.0419
2026-04-25 07:03:07,001 - mmseg - INFO - Iter [148550/160000]	lr: 1.118e-06, eta: 3:34:15, time: 0.928, data_time: 0.359, memory: 14490, decode.loss_seg: 0.0237, decode.acc_seg: 84.6139, aux.loss_seg: 0.0190, aux.acc_seg: 83.5834, loss: 0.0427
2026-04-25 07:03:54,634 - mmseg - INFO - Iter [148600/160000]	lr: 1.113e-06, eta: 3:33:19, time: 0.953, data_time: 0.364, memory: 14490, decode.loss_seg: 0.0232, decode.acc_seg: 84.1848, aux.loss_seg: 0.0182, aux.acc_seg: 83.2372, loss: 0.0414
2026-04-25 07:04:21,957 - mmseg - INFO - Iter [148650/160000]	lr: 1.109e-06, eta: 3:32:20, time: 0.546, data_time: 0.004, memory: 14490, decode.loss_seg: 0.0235, decode.acc_seg: 84.8863, aux.loss_seg: 0.0188, aux.acc_seg: 83.8762, loss: 0.0423
2026-04-25 07:05:09,387 - mmseg - INFO - Iter [148700/160000]	lr: 1.104e-06, eta: 3:31:23, time: 0.949, data_time: 0.381, memory: 14490, decode.loss_seg: 0.0231, decode.acc_seg: 84.3708, aux.loss_seg: 0.0186, aux.acc_seg: 83.3659, loss: 0.0416
2026-04-25 07:05:56,299 - mmseg - INFO - Iter [148750/160000]	lr: 1.099e-06, eta: 3:30:26, time: 0.938, data_time: 0.396, memory: 14490, decode.loss_seg: 0.0229, decode.acc_seg: 85.8633, aux.loss_seg: 0.0179, aux.acc_seg: 84.9294, loss: 0.0408
2026-04-25 07:06:23,516 - mmseg - INFO - Iter [148800/160000]	lr: 1.094e-06, eta: 3:29:28, time: 0.544, data_time: 0.004, memory: 14490, decode.loss_seg: 0.0232, decode.acc_seg: 84.2414, aux.loss_seg: 0.0186, aux.acc_seg: 83.2332, loss: 0.0418
2026-04-25 07:07:10,449 - mmseg - INFO - Iter [148850/160000]	lr: 1.089e-06, eta: 3:28:31, time: 0.939, data_time: 0.353, memory: 14490, decode.loss_seg: 0.0235, decode.acc_seg: 84.5796, aux.loss_seg: 0.0189, aux.acc_seg: 83.5531, loss: 0.0423
2026-04-25 07:07:37,702 - mmseg - INFO - Iter [148900/160000]	lr: 1.084e-06, eta: 3:27:32, time: 0.545, data_time: 0.004, memory: 14490, decode.loss_seg: 0.0228, decode.acc_seg: 85.2952, aux.loss_seg: 0.0182, aux.acc_seg: 84.3126, loss: 0.0411
2026-04-25 07:08:24,783 - mmseg - INFO - Iter [148950/160000]	lr: 1.079e-06, eta: 3:26:35, time: 0.942, data_time: 0.387, memory: 14490, decode.loss_seg: 0.0238, decode.acc_seg: 86.3611, aux.loss_seg: 0.0183, aux.acc_seg: 85.4242, loss: 0.0422
2026-04-25 07:09:12,554 - mmseg - INFO - Exp name: pixel_upernet_itpn_large_12_512_slide_160k_air_polarsar2_amp_linux.py
2026-04-25 07:09:12,554 - mmseg - INFO - Iter [149000/160000]	lr: 1.074e-06, eta: 3:25:39, time: 0.955, data_time: 0.415, memory: 14490, decode.loss_seg: 0.0241, decode.acc_seg: 85.4983, aux.loss_seg: 0.0198, aux.acc_seg: 84.3889, loss: 0.0440
2026-04-25 07:09:39,851 - mmseg - INFO - Iter [149050/160000]	lr: 1.069e-06, eta: 3:24:40, time: 0.546, data_time: 0.004, memory: 14490, decode.loss_seg: 0.0236, decode.acc_seg: 84.3867, aux.loss_seg: 0.0189, aux.acc_seg: 83.3619, loss: 0.0425
2026-04-25 07:10:26,685 - mmseg - INFO - Iter [149100/160000]	lr: 1.065e-06, eta: 3:23:43, time: 0.937, data_time: 0.342, memory: 14490, decode.loss_seg: 0.0232, decode.acc_seg: 84.4055, aux.loss_seg: 0.0187, aux.acc_seg: 83.3929, loss: 0.0419
2026-04-25 07:11:13,406 - mmseg - INFO - Iter [149150/160000]	lr: 1.060e-06, eta: 3:22:46, time: 0.934, data_time: 0.392, memory: 14490, decode.loss_seg: 0.0226, decode.acc_seg: 86.0498, aux.loss_seg: 0.0179, aux.acc_seg: 85.1045, loss: 0.0405
2026-04-25 07:11:40,671 - mmseg - INFO - Iter [149200/160000]	lr: 1.055e-06, eta: 3:21:48, time: 0.545, data_time: 0.004, memory: 14490, decode.loss_seg: 0.0235, decode.acc_seg: 84.0128, aux.loss_seg: 0.0194, aux.acc_seg: 82.9219, loss: 0.0429
2026-04-25 07:12:27,646 - mmseg - INFO - Iter [149250/160000]	lr: 1.050e-06, eta: 3:20:51, time: 0.939, data_time: 0.371, memory: 14490, decode.loss_seg: 0.0240, decode.acc_seg: 85.9870, aux.loss_seg: 0.0189, aux.acc_seg: 84.9847, loss: 0.0429
2026-04-25 07:13:14,099 - mmseg - INFO - Iter [149300/160000]	lr: 1.045e-06, eta: 3:19:54, time: 0.929, data_time: 0.387, memory: 14490, decode.loss_seg: 0.0228, decode.acc_seg: 84.4434, aux.loss_seg: 0.0188, aux.acc_seg: 83.4374, loss: 0.0415
2026-04-25 07:13:41,364 - mmseg - INFO - Iter [149350/160000]	lr: 1.040e-06, eta: 3:18:56, time: 0.545, data_time: 0.005, memory: 14490, decode.loss_seg: 0.0233, decode.acc_seg: 85.7193, aux.loss_seg: 0.0183, aux.acc_seg: 84.7553, loss: 0.0416
2026-04-25 07:14:28,410 - mmseg - INFO - Iter [149400/160000]	lr: 1.035e-06, eta: 3:17:59, time: 0.941, data_time: 0.378, memory: 14490, decode.loss_seg: 0.0238, decode.acc_seg: 85.1095, aux.loss_seg: 0.0187, aux.acc_seg: 84.1328, loss: 0.0425
2026-04-25 07:15:15,727 - mmseg - INFO - Iter [149450/160000]	lr: 1.030e-06, eta: 3:17:03, time: 0.946, data_time: 0.353, memory: 14490, decode.loss_seg: 0.0242, decode.acc_seg: 86.4228, aux.loss_seg: 0.0193, aux.acc_seg: 85.3835, loss: 0.0435
2026-04-25 07:15:43,035 - mmseg - INFO - Iter [149500/160000]	lr: 1.025e-06, eta: 3:16:04, time: 0.546, data_time: 0.004, memory: 14490, decode.loss_seg: 0.0232, decode.acc_seg: 85.2952, aux.loss_seg: 0.0183, aux.acc_seg: 84.3193, loss: 0.0415
2026-04-25 07:16:30,129 - mmseg - INFO - Iter [149550/160000]	lr: 1.021e-06, eta: 3:15:08, time: 0.942, data_time: 0.401, memory: 14490, decode.loss_seg: 0.0232, decode.acc_seg: 85.7040, aux.loss_seg: 0.0180, aux.acc_seg: 84.7732, loss: 0.0412
2026-04-25 07:17:17,282 - mmseg - INFO - Iter [149600/160000]	lr: 1.016e-06, eta: 3:14:11, time: 0.943, data_time: 0.375, memory: 14490, decode.loss_seg: 0.0238, decode.acc_seg: 85.6257, aux.loss_seg: 0.0188, aux.acc_seg: 84.6269, loss: 0.0427
2026-04-25 07:17:44,526 - mmseg - INFO - Iter [149650/160000]	lr: 1.011e-06, eta: 3:13:13, time: 0.545, data_time: 0.004, memory: 14490, decode.loss_seg: 0.0240, decode.acc_seg: 85.8374, aux.loss_seg: 0.0198, aux.acc_seg: 84.7207, loss: 0.0437
2026-04-25 07:18:31,343 - mmseg - INFO - Iter [149700/160000]	lr: 1.006e-06, eta: 3:12:16, time: 0.937, data_time: 0.382, memory: 14490, decode.loss_seg: 0.0239, decode.acc_seg: 86.2691, aux.loss_seg: 0.0190, aux.acc_seg: 85.2573, loss: 0.0429
2026-04-25 07:19:17,173 - mmseg - INFO - Iter [149750/160000]	lr: 1.001e-06, eta: 3:11:19, time: 0.916, data_time: 0.372, memory: 14490, decode.loss_seg: 0.0232, decode.acc_seg: 85.5573, aux.loss_seg: 0.0183, aux.acc_seg: 84.5900, loss: 0.0414
2026-04-25 07:19:44,445 - mmseg - INFO - Iter [149800/160000]	lr: 9.962e-07, eta: 3:10:21, time: 0.545, data_time: 0.004, memory: 14490, decode.loss_seg: 0.0232, decode.acc_seg: 84.4619, aux.loss_seg: 0.0184, aux.acc_seg: 83.4662, loss: 0.0416
2026-04-25 07:20:32,215 - mmseg - INFO - Iter [149850/160000]	lr: 9.913e-07, eta: 3:09:24, time: 0.955, data_time: 0.386, memory: 14490, decode.loss_seg: 0.0232, decode.acc_seg: 85.5315, aux.loss_seg: 0.0183, aux.acc_seg: 84.5488, loss: 0.0415
2026-04-25 07:20:59,477 - mmseg - INFO - Iter [149900/160000]	lr: 9.864e-07, eta: 3:08:26, time: 0.545, data_time: 0.003, memory: 14490, decode.loss_seg: 0.0233, decode.acc_seg: 86.0561, aux.loss_seg: 0.0184, aux.acc_seg: 85.0907, loss: 0.0418
2026-04-25 07:21:46,540 - mmseg - INFO - Iter [149950/160000]	lr: 9.816e-07, eta: 3:07:30, time: 0.941, data_time: 0.333, memory: 14490, decode.loss_seg: 0.0237, decode.acc_seg: 85.3470, aux.loss_seg: 0.0193, aux.acc_seg: 84.2589, loss: 0.0430
2026-04-25 07:22:45,774 - mmseg - INFO - per class results:
2026-04-25 07:22:45,774 - mmseg - INFO - 
+------------+-------+-------+
| Class      | IoU   | Acc   |
+------------+-------+-------+
| housing    | 96.9  | 98.49 |
| industrial | 96.81 | 98.42 |
| natural    | 94.05 | 96.0  |
| land_use   | 88.29 | 91.86 |
| water      | 96.81 | 98.77 |
| other      | 99.09 | 99.62 |
+------------+-------+-------+
2026-04-25 07:22:45,774 - mmseg - INFO - Summary:
2026-04-25 07:22:45,775 - mmseg - INFO - 
+--------+-------+-------+-------+
| Scope  | mIoU  | mAcc  | aAcc  |
+--------+-------+-------+-------+
| global | 95.32 | 97.19 | 98.03 |
+--------+-------+-------+-------+
2026-04-25 07:22:45,800 - mmseg - INFO - Exp name: pixel_upernet_itpn_large_12_512_slide_160k_air_polarsar2_amp_linux.py
2026-04-25 07:22:45,800 - mmseg - INFO - Iter [150000/160000]	lr: 9.767e-07, eta: 3:07:15, time: 12.211, data_time: 0.000, memory: 14490, mIoU: 0.9532, mAcc: 0.9719, aAcc: 0.9803
2026-04-25 07:23:13,133 - mmseg - INFO - Iter [150050/160000]	lr: 9.718e-07, eta: 3:06:17, time: 0.546, data_time: 0.004, memory: 14490, decode.loss_seg: 0.0232, decode.acc_seg: 84.7897, aux.loss_seg: 0.0183, aux.acc_seg: 83.8081, loss: 0.0415
2026-04-25 07:23:59,377 - mmseg - INFO - Iter [150100/160000]	lr: 9.669e-07, eta: 3:05:20, time: 0.925, data_time: 0.360, memory: 14490, decode.loss_seg: 0.0235, decode.acc_seg: 85.2394, aux.loss_seg: 0.0183, aux.acc_seg: 84.2826, loss: 0.0418
2026-04-25 07:24:47,078 - mmseg - INFO - Iter [150150/160000]	lr: 9.620e-07, eta: 3:04:23, time: 0.954, data_time: 0.412, memory: 14490, decode.loss_seg: 0.0233, decode.acc_seg: 84.3010, aux.loss_seg: 0.0187, aux.acc_seg: 83.2943, loss: 0.0419
2026-04-25 07:25:14,381 - mmseg - INFO - Iter [150200/160000]	lr: 9.571e-07, eta: 3:03:25, time: 0.546, data_time: 0.004, memory: 14490, decode.loss_seg: 0.0234, decode.acc_seg: 85.6700, aux.loss_seg: 0.0185, aux.acc_seg: 84.6994, loss: 0.0419
2026-04-25 07:26:01,095 - mmseg - INFO - Iter [150250/160000]	lr: 9.523e-07, eta: 3:02:28, time: 0.935, data_time: 0.348, memory: 14490, decode.loss_seg: 0.0235, decode.acc_seg: 84.9888, aux.loss_seg: 0.0186, aux.acc_seg: 83.9949, loss: 0.0421
2026-04-25 07:26:47,043 - mmseg - INFO - Iter [150300/160000]	lr: 9.474e-07, eta: 3:01:31, time: 0.919, data_time: 0.328, memory: 14490, decode.loss_seg: 0.0227, decode.acc_seg: 84.2392, aux.loss_seg: 0.0180, aux.acc_seg: 83.2710, loss: 0.0407
2026-04-25 07:27:14,356 - mmseg - INFO - Iter [150350/160000]	lr: 9.425e-07, eta: 3:00:33, time: 0.546, data_time: 0.004, memory: 14490, decode.loss_seg: 0.0243, decode.acc_seg: 85.0313, aux.loss_seg: 0.0192, aux.acc_seg: 84.0122, loss: 0.0435
2026-04-25 07:28:01,401 - mmseg - INFO - Iter [150400/160000]	lr: 9.376e-07, eta: 2:59:36, time: 0.941, data_time: 0.400, memory: 14490, decode.loss_seg: 0.0230, decode.acc_seg: 84.7455, aux.loss_seg: 0.0182, aux.acc_seg: 83.7831, loss: 0.0412
2026-04-25 07:28:48,456 - mmseg - INFO - Iter [150450/160000]	lr: 9.327e-07, eta: 2:58:39, time: 0.941, data_time: 0.348, memory: 14490, decode.loss_seg: 0.0233, decode.acc_seg: 86.3562, aux.loss_seg: 0.0183, aux.acc_seg: 85.4007, loss: 0.0416
2026-04-25 07:29:15,738 - mmseg - INFO - Iter [150500/160000]	lr: 9.278e-07, eta: 2:57:41, time: 0.546, data_time: 0.004, memory: 14490, decode.loss_seg: 0.0233, decode.acc_seg: 84.8877, aux.loss_seg: 0.0185, aux.acc_seg: 83.9078, loss: 0.0417
2026-04-25 07:30:02,834 - mmseg - INFO - Iter [150550/160000]	lr: 9.230e-07, eta: 2:56:44, time: 0.942, data_time: 0.364, memory: 14490, decode.loss_seg: 0.0235, decode.acc_seg: 85.5177, aux.loss_seg: 0.0189, aux.acc_seg: 84.5015, loss: 0.0424
2026-04-25 07:30:49,217 - mmseg - INFO - Iter [150600/160000]	lr: 9.181e-07, eta: 2:55:48, time: 0.928, data_time: 0.381, memory: 14490, decode.loss_seg: 0.0233, decode.acc_seg: 85.4041, aux.loss_seg: 0.0184, aux.acc_seg: 84.4310, loss: 0.0417
2026-04-25 07:31:16,462 - mmseg - INFO - Iter [150650/160000]	lr: 9.132e-07, eta: 2:54:49, time: 0.545, data_time: 0.004, memory: 14490, decode.loss_seg: 0.0235, decode.acc_seg: 85.9264, aux.loss_seg: 0.0201, aux.acc_seg: 84.7640, loss: 0.0437
2026-04-25 07:32:03,365 - mmseg - INFO - Iter [150700/160000]	lr: 9.083e-07, eta: 2:53:53, time: 0.938, data_time: 0.365, memory: 14490, decode.loss_seg: 0.0233, decode.acc_seg: 85.8227, aux.loss_seg: 0.0185, aux.acc_seg: 84.8325, loss: 0.0418
2026-04-25 07:32:30,564 - mmseg - INFO - Iter [150750/160000]	lr: 9.034e-07, eta: 2:52:55, time: 0.544, data_time: 0.004, memory: 14490, decode.loss_seg: 0.0230, decode.acc_seg: 83.8953, aux.loss_seg: 0.0186, aux.acc_seg: 82.8973, loss: 0.0416
2026-04-25 07:33:17,992 - mmseg - INFO - Iter [150800/160000]	lr: 8.985e-07, eta: 2:51:58, time: 0.949, data_time: 0.394, memory: 14490, decode.loss_seg: 0.0240, decode.acc_seg: 85.7887, aux.loss_seg: 0.0193, aux.acc_seg: 84.7874, loss: 0.0433
2026-04-25 07:34:05,343 - mmseg - INFO - Iter [150850/160000]	lr: 8.937e-07, eta: 2:51:01, time: 0.947, data_time: 0.358, memory: 14490, decode.loss_seg: 0.0227, decode.acc_seg: 84.8686, aux.loss_seg: 0.0182, aux.acc_seg: 83.9024, loss: 0.0409
2026-04-25 07:34:32,634 - mmseg - INFO - Iter [150900/160000]	lr: 8.888e-07, eta: 2:50:03, time: 0.546, data_time: 0.004, memory: 14490, decode.loss_seg: 0.0228, decode.acc_seg: 84.1873, aux.loss_seg: 0.0194, aux.acc_seg: 83.1143, loss: 0.0422
2026-04-25 07:35:19,669 - mmseg - INFO - Iter [150950/160000]	lr: 8.839e-07, eta: 2:49:07, time: 0.940, data_time: 0.339, memory: 14490, decode.loss_seg: 0.0236, decode.acc_seg: 84.4085, aux.loss_seg: 0.0188, aux.acc_seg: 83.3967, loss: 0.0425
2026-04-25 07:36:06,477 - mmseg - INFO - Exp name: pixel_upernet_itpn_large_12_512_slide_160k_air_polarsar2_amp_linux.py
2026-04-25 07:36:06,477 - mmseg - INFO - Iter [151000/160000]	lr: 8.790e-07, eta: 2:48:10, time: 0.936, data_time: 0.344, memory: 14490, decode.loss_seg: 0.0229, decode.acc_seg: 84.1083, aux.loss_seg: 0.0183, aux.acc_seg: 83.1190, loss: 0.0412
2026-04-25 07:36:33,752 - mmseg - INFO - Iter [151050/160000]	lr: 8.741e-07, eta: 2:47:12, time: 0.546, data_time: 0.004, memory: 14490, decode.loss_seg: 0.0238, decode.acc_seg: 85.6792, aux.loss_seg: 0.0195, aux.acc_seg: 84.6046, loss: 0.0433
2026-04-25 07:37:20,250 - mmseg - INFO - Iter [151100/160000]	lr: 8.692e-07, eta: 2:46:15, time: 0.930, data_time: 0.371, memory: 14490, decode.loss_seg: 0.0231, decode.acc_seg: 84.8814, aux.loss_seg: 0.0190, aux.acc_seg: 83.8747, loss: 0.0421
2026-04-25 07:38:07,690 - mmseg - INFO - Iter [151150/160000]	lr: 8.644e-07, eta: 2:45:19, time: 0.949, data_time: 0.362, memory: 14490, decode.loss_seg: 0.0239, decode.acc_seg: 84.9249, aux.loss_seg: 0.0185, aux.acc_seg: 83.9643, loss: 0.0424
2026-04-25 07:38:34,992 - mmseg - INFO - Iter [151200/160000]	lr: 8.595e-07, eta: 2:44:21, time: 0.546, data_time: 0.004, memory: 14490, decode.loss_seg: 0.0231, decode.acc_seg: 84.5453, aux.loss_seg: 0.0185, aux.acc_seg: 83.5353, loss: 0.0416
2026-04-25 07:39:21,566 - mmseg - INFO - Iter [151250/160000]	lr: 8.546e-07, eta: 2:43:24, time: 0.931, data_time: 0.390, memory: 14490, decode.loss_seg: 0.0236, decode.acc_seg: 84.8273, aux.loss_seg: 0.0193, aux.acc_seg: 83.7586, loss: 0.0429
2026-04-25 07:40:09,344 - mmseg - INFO - Iter [151300/160000]	lr: 8.497e-07, eta: 2:42:28, time: 0.956, data_time: 0.362, memory: 14490, decode.loss_seg: 0.0232, decode.acc_seg: 85.2745, aux.loss_seg: 0.0185, aux.acc_seg: 84.2776, loss: 0.0417
2026-04-25 07:40:36,650 - mmseg - INFO - Iter [151350/160000]	lr: 8.448e-07, eta: 2:41:30, time: 0.546, data_time: 0.004, memory: 14490, decode.loss_seg: 0.0231, decode.acc_seg: 84.7307, aux.loss_seg: 0.0186, aux.acc_seg: 83.7372, loss: 0.0417
2026-04-25 07:41:24,188 - mmseg - INFO - Iter [151400/160000]	lr: 8.399e-07, eta: 2:40:33, time: 0.951, data_time: 0.400, memory: 14490, decode.loss_seg: 0.0225, decode.acc_seg: 85.2891, aux.loss_seg: 0.0178, aux.acc_seg: 84.3365, loss: 0.0403
2026-04-25 07:42:11,485 - mmseg - INFO - Iter [151450/160000]	lr: 8.351e-07, eta: 2:39:37, time: 0.946, data_time: 0.339, memory: 14490, decode.loss_seg: 0.0244, decode.acc_seg: 85.4160, aux.loss_seg: 0.0203, aux.acc_seg: 84.2578, loss: 0.0447
2026-04-25 07:42:38,794 - mmseg - INFO - Iter [151500/160000]	lr: 8.302e-07, eta: 2:38:39, time: 0.546, data_time: 0.004, memory: 14490, decode.loss_seg: 0.0234, decode.acc_seg: 85.5952, aux.loss_seg: 0.0186, aux.acc_seg: 84.6036, loss: 0.0419
2026-04-25 07:43:26,067 - mmseg - INFO - Iter [151550/160000]	lr: 8.253e-07, eta: 2:37:42, time: 0.946, data_time: 0.363, memory: 14490, decode.loss_seg: 0.0231, decode.acc_seg: 83.9837, aux.loss_seg: 0.0186, aux.acc_seg: 82.9650, loss: 0.0417
2026-04-25 07:44:13,302 - mmseg - INFO - Iter [151600/160000]	lr: 8.204e-07, eta: 2:36:46, time: 0.945, data_time: 0.384, memory: 14490, decode.loss_seg: 0.0229, decode.acc_seg: 84.3831, aux.loss_seg: 0.0182, aux.acc_seg: 83.4151, loss: 0.0411
2026-04-25 07:44:40,606 - mmseg - INFO - Iter [151650/160000]	lr: 8.155e-07, eta: 2:35:48, time: 0.546, data_time: 0.004, memory: 14490, decode.loss_seg: 0.0235, decode.acc_seg: 83.8979, aux.loss_seg: 0.0198, aux.acc_seg: 82.7553, loss: 0.0433
2026-04-25 07:45:27,356 - mmseg - INFO - Iter [151700/160000]	lr: 8.107e-07, eta: 2:34:51, time: 0.935, data_time: 0.350, memory: 14490, decode.loss_seg: 0.0230, decode.acc_seg: 85.4738, aux.loss_seg: 0.0182, aux.acc_seg: 84.5012, loss: 0.0413
2026-04-25 07:45:54,617 - mmseg - INFO - Iter [151750/160000]	lr: 8.058e-07, eta: 2:33:54, time: 0.545, data_time: 0.004, memory: 14490, decode.loss_seg: 0.0231, decode.acc_seg: 85.1440, aux.loss_seg: 0.0189, aux.acc_seg: 84.1100, loss: 0.0420
2026-04-25 07:46:41,955 - mmseg - INFO - Iter [151800/160000]	lr: 8.009e-07, eta: 2:32:57, time: 0.947, data_time: 0.370, memory: 14490, decode.loss_seg: 0.0230, decode.acc_seg: 83.8165, aux.loss_seg: 0.0185, aux.acc_seg: 82.8150, loss: 0.0415
2026-04-25 07:47:28,507 - mmseg - INFO - Iter [151850/160000]	lr: 7.960e-07, eta: 2:32:01, time: 0.931, data_time: 0.359, memory: 14490, decode.loss_seg: 0.0234, decode.acc_seg: 84.9770, aux.loss_seg: 0.0192, aux.acc_seg: 83.9231, loss: 0.0426
2026-04-25 07:47:55,794 - mmseg - INFO - Iter [151900/160000]	lr: 7.911e-07, eta: 2:31:03, time: 0.546, data_time: 0.004, memory: 14490, decode.loss_seg: 0.0231, decode.acc_seg: 85.1811, aux.loss_seg: 0.0182, aux.acc_seg: 84.2119, loss: 0.0413
2026-04-25 07:48:42,680 - mmseg - INFO - Iter [151950/160000]	lr: 7.862e-07, eta: 2:30:07, time: 0.938, data_time: 0.398, memory: 14490, decode.loss_seg: 0.0231, decode.acc_seg: 84.7564, aux.loss_seg: 0.0195, aux.acc_seg: 83.6466, loss: 0.0426
2026-04-25 07:49:40,921 - mmseg - INFO - per class results:
2026-04-25 07:49:40,922 - mmseg - INFO - 
+------------+-------+-------+
| Class      | IoU   | Acc   |
+------------+-------+-------+
| housing    | 96.84 | 98.45 |
| industrial | 96.8  | 98.41 |
| natural    | 93.99 | 95.78 |
| land_use   | 88.25 | 91.78 |
| water      | 96.79 | 98.79 |
| other      | 99.07 | 99.64 |
+------------+-------+-------+
2026-04-25 07:49:40,922 - mmseg - INFO - Summary:
2026-04-25 07:49:40,922 - mmseg - INFO - 
+--------+-------+-------+-------+
| Scope  | mIoU  | mAcc  | aAcc  |
+--------+-------+-------+-------+
| global | 95.29 | 97.14 | 98.02 |
+--------+-------+-------+-------+
2026-04-25 07:49:40,947 - mmseg - INFO - Exp name: pixel_upernet_itpn_large_12_512_slide_160k_air_polarsar2_amp_linux.py
2026-04-25 07:49:40,947 - mmseg - INFO - Iter [152000/160000]	lr: 7.814e-07, eta: 2:29:44, time: 12.490, data_time: 0.000, memory: 14490, mIoU: 0.9529, mAcc: 0.9714, aAcc: 0.9802
2026-04-25 07:50:08,270 - mmseg - INFO - Iter [152050/160000]	lr: 7.765e-07, eta: 2:28:46, time: 0.546, data_time: 0.005, memory: 14490, decode.loss_seg: 0.0240, decode.acc_seg: 84.6143, aux.loss_seg: 0.0192, aux.acc_seg: 83.5977, loss: 0.0431
2026-04-25 07:50:55,770 - mmseg - INFO - Iter [152100/160000]	lr: 7.716e-07, eta: 2:27:50, time: 0.950, data_time: 0.388, memory: 14490, decode.loss_seg: 0.0230, decode.acc_seg: 84.1379, aux.loss_seg: 0.0188, aux.acc_seg: 83.1113, loss: 0.0417
2026-04-25 07:51:43,420 - mmseg - INFO - Iter [152150/160000]	lr: 7.667e-07, eta: 2:26:53, time: 0.953, data_time: 0.409, memory: 14490, decode.loss_seg: 0.0233, decode.acc_seg: 86.3011, aux.loss_seg: 0.0183, aux.acc_seg: 85.3439, loss: 0.0416
2026-04-25 07:52:10,693 - mmseg - INFO - Iter [152200/160000]	lr: 7.618e-07, eta: 2:25:55, time: 0.545, data_time: 0.004, memory: 14490, decode.loss_seg: 0.0233, decode.acc_seg: 84.9595, aux.loss_seg: 0.0192, aux.acc_seg: 83.8961, loss: 0.0425
2026-04-25 07:52:58,368 - mmseg - INFO - Iter [152250/160000]	lr: 7.569e-07, eta: 2:24:59, time: 0.953, data_time: 0.353, memory: 14490, decode.loss_seg: 0.0239, decode.acc_seg: 85.4391, aux.loss_seg: 0.0193, aux.acc_seg: 84.4271, loss: 0.0432
2026-04-25 07:53:45,411 - mmseg - INFO - Iter [152300/160000]	lr: 7.521e-07, eta: 2:24:02, time: 0.941, data_time: 0.360, memory: 14490, decode.loss_seg: 0.0240, decode.acc_seg: 86.0979, aux.loss_seg: 0.0190, aux.acc_seg: 85.1150, loss: 0.0430
2026-04-25 07:54:12,729 - mmseg - INFO - Iter [152350/160000]	lr: 7.472e-07, eta: 2:23:04, time: 0.546, data_time: 0.004, memory: 14490, decode.loss_seg: 0.0227, decode.acc_seg: 84.4289, aux.loss_seg: 0.0182, aux.acc_seg: 83.4662, loss: 0.0409
2026-04-25 07:54:59,570 - mmseg - INFO - Iter [152400/160000]	lr: 7.423e-07, eta: 2:22:08, time: 0.937, data_time: 0.361, memory: 14490, decode.loss_seg: 0.0236, decode.acc_seg: 84.9910, aux.loss_seg: 0.0187, aux.acc_seg: 83.9947, loss: 0.0423
2026-04-25 07:55:47,503 - mmseg - INFO - Iter [152450/160000]	lr: 7.374e-07, eta: 2:21:11, time: 0.959, data_time: 0.363, memory: 14490, decode.loss_seg: 0.0231, decode.acc_seg: 85.4342, aux.loss_seg: 0.0182, aux.acc_seg: 84.4850, loss: 0.0412
2026-04-25 07:56:14,715 - mmseg - INFO - Iter [152500/160000]	lr: 7.325e-07, eta: 2:20:13, time: 0.544, data_time: 0.004, memory: 14490, decode.loss_seg: 0.0240, decode.acc_seg: 85.4103, aux.loss_seg: 0.0189, aux.acc_seg: 84.4116, loss: 0.0429
2026-04-25 07:57:01,257 - mmseg - INFO - Iter [152550/160000]	lr: 7.276e-07, eta: 2:19:17, time: 0.931, data_time: 0.336, memory: 14490, decode.loss_seg: 0.0235, decode.acc_seg: 85.4101, aux.loss_seg: 0.0185, aux.acc_seg: 84.4341, loss: 0.0421
2026-04-25 07:57:48,151 - mmseg - INFO - Iter [152600/160000]	lr: 7.228e-07, eta: 2:18:20, time: 0.938, data_time: 0.379, memory: 14490, decode.loss_seg: 0.0230, decode.acc_seg: 83.1831, aux.loss_seg: 0.0193, aux.acc_seg: 82.1202, loss: 0.0423
2026-04-25 07:58:15,519 - mmseg - INFO - Iter [152650/160000]	lr: 7.179e-07, eta: 2:17:22, time: 0.547, data_time: 0.004, memory: 14490, decode.loss_seg: 0.0230, decode.acc_seg: 84.6706, aux.loss_seg: 0.0181, aux.acc_seg: 83.7091, loss: 0.0411
2026-04-25 07:59:02,574 - mmseg - INFO - Iter [152700/160000]	lr: 7.130e-07, eta: 2:16:26, time: 0.941, data_time: 0.387, memory: 14490, decode.loss_seg: 0.0238, decode.acc_seg: 85.5073, aux.loss_seg: 0.0190, aux.acc_seg: 84.4919, loss: 0.0428
2026-04-25 07:59:29,898 - mmseg - INFO - Iter [152750/160000]	lr: 7.081e-07, eta: 2:15:28, time: 0.546, data_time: 0.004, memory: 14490, decode.loss_seg: 0.0232, decode.acc_seg: 86.5655, aux.loss_seg: 0.0188, aux.acc_seg: 85.5646, loss: 0.0421
2026-04-25 08:00:15,980 - mmseg - INFO - Iter [152800/160000]	lr: 7.032e-07, eta: 2:14:32, time: 0.922, data_time: 0.328, memory: 14490, decode.loss_seg: 0.0227, decode.acc_seg: 84.7445, aux.loss_seg: 0.0182, aux.acc_seg: 83.7735, loss: 0.0410
2026-04-25 08:01:02,988 - mmseg - INFO - Iter [152850/160000]	lr: 6.983e-07, eta: 2:13:35, time: 0.940, data_time: 0.387, memory: 14490, decode.loss_seg: 0.0230, decode.acc_seg: 83.1637, aux.loss_seg: 0.0183, aux.acc_seg: 82.1888, loss: 0.0412
2026-04-25 08:01:30,269 - mmseg - INFO - Iter [152900/160000]	lr: 6.935e-07, eta: 2:12:38, time: 0.546, data_time: 0.004, memory: 14490, decode.loss_seg: 0.0236, decode.acc_seg: 85.5794, aux.loss_seg: 0.0189, aux.acc_seg: 84.5679, loss: 0.0425
2026-04-25 08:02:17,155 - mmseg - INFO - Iter [152950/160000]	lr: 6.886e-07, eta: 2:11:41, time: 0.938, data_time: 0.357, memory: 14490, decode.loss_seg: 0.0234, decode.acc_seg: 85.9802, aux.loss_seg: 0.0184, aux.acc_seg: 85.0158, loss: 0.0417
2026-04-25 08:03:03,764 - mmseg - INFO - Exp name: pixel_upernet_itpn_large_12_512_slide_160k_air_polarsar2_amp_linux.py
2026-04-25 08:03:03,765 - mmseg - INFO - Iter [153000/160000]	lr: 6.837e-07, eta: 2:10:45, time: 0.932, data_time: 0.333, memory: 14490, decode.loss_seg: 0.0231, decode.acc_seg: 84.8602, aux.loss_seg: 0.0186, aux.acc_seg: 83.8426, loss: 0.0418
2026-04-25 08:03:31,067 - mmseg - INFO - Iter [153050/160000]	lr: 6.788e-07, eta: 2:09:47, time: 0.546, data_time: 0.004, memory: 14490, decode.loss_seg: 0.0235, decode.acc_seg: 85.1812, aux.loss_seg: 0.0189, aux.acc_seg: 84.1555, loss: 0.0424
2026-04-25 08:04:18,388 - mmseg - INFO - Iter [153100/160000]	lr: 6.739e-07, eta: 2:08:51, time: 0.947, data_time: 0.362, memory: 14490, decode.loss_seg: 0.0229, decode.acc_seg: 84.8855, aux.loss_seg: 0.0186, aux.acc_seg: 83.8989, loss: 0.0415
2026-04-25 08:05:05,527 - mmseg - INFO - Iter [153150/160000]	lr: 6.690e-07, eta: 2:07:54, time: 0.943, data_time: 0.360, memory: 14490, decode.loss_seg: 0.0231, decode.acc_seg: 85.3290, aux.loss_seg: 0.0186, aux.acc_seg: 84.3283, loss: 0.0416
2026-04-25 08:05:32,905 - mmseg - INFO - Iter [153200/160000]	lr: 6.642e-07, eta: 2:06:57, time: 0.548, data_time: 0.004, memory: 14490, decode.loss_seg: 0.0230, decode.acc_seg: 84.8304, aux.loss_seg: 0.0183, aux.acc_seg: 83.8500, loss: 0.0413
2026-04-25 08:06:20,049 - mmseg - INFO - Iter [153250/160000]	lr: 6.593e-07, eta: 2:06:00, time: 0.943, data_time: 0.339, memory: 14490, decode.loss_seg: 0.0238, decode.acc_seg: 84.6241, aux.loss_seg: 0.0189, aux.acc_seg: 83.6163, loss: 0.0427
2026-04-25 08:07:06,860 - mmseg - INFO - Iter [153300/160000]	lr: 6.544e-07, eta: 2:05:04, time: 0.936, data_time: 0.337, memory: 14490, decode.loss_seg: 0.0232, decode.acc_seg: 86.7704, aux.loss_seg: 0.0186, aux.acc_seg: 85.7976, loss: 0.0417
2026-04-25 08:07:34,209 - mmseg - INFO - Iter [153350/160000]	lr: 6.495e-07, eta: 2:04:06, time: 0.547, data_time: 0.005, memory: 14490, decode.loss_seg: 0.0231, decode.acc_seg: 84.2565, aux.loss_seg: 0.0188, aux.acc_seg: 83.2391, loss: 0.0419
2026-04-25 08:08:21,629 - mmseg - INFO - Iter [153400/160000]	lr: 6.446e-07, eta: 2:03:10, time: 0.948, data_time: 0.369, memory: 14490, decode.loss_seg: 0.0231, decode.acc_seg: 84.9388, aux.loss_seg: 0.0186, aux.acc_seg: 83.9187, loss: 0.0417
2026-04-25 08:09:08,844 - mmseg - INFO - Iter [153450/160000]	lr: 6.398e-07, eta: 2:02:14, time: 0.944, data_time: 0.346, memory: 14490, decode.loss_seg: 0.0236, decode.acc_seg: 85.4213, aux.loss_seg: 0.0197, aux.acc_seg: 84.3695, loss: 0.0433
2026-04-25 08:09:36,180 - mmseg - INFO - Iter [153500/160000]	lr: 6.349e-07, eta: 2:01:16, time: 0.547, data_time: 0.005, memory: 14490, decode.loss_seg: 0.0232, decode.acc_seg: 85.1427, aux.loss_seg: 0.0186, aux.acc_seg: 84.1296, loss: 0.0418
2026-04-25 08:10:23,248 - mmseg - INFO - Iter [153550/160000]	lr: 6.300e-07, eta: 2:00:20, time: 0.941, data_time: 0.367, memory: 14490, decode.loss_seg: 0.0231, decode.acc_seg: 83.8400, aux.loss_seg: 0.0186, aux.acc_seg: 82.8387, loss: 0.0417
2026-04-25 08:11:09,206 - mmseg - INFO - Iter [153600/160000]	lr: 6.251e-07, eta: 1:59:23, time: 0.919, data_time: 0.354, memory: 14490, decode.loss_seg: 0.0232, decode.acc_seg: 85.0903, aux.loss_seg: 0.0186, aux.acc_seg: 84.0893, loss: 0.0418
2026-04-25 08:11:36,565 - mmseg - INFO - Iter [153650/160000]	lr: 6.202e-07, eta: 1:58:26, time: 0.547, data_time: 0.004, memory: 14490, decode.loss_seg: 0.0232, decode.acc_seg: 86.5065, aux.loss_seg: 0.0184, aux.acc_seg: 85.5419, loss: 0.0416
2026-04-25 08:12:23,821 - mmseg - INFO - Iter [153700/160000]	lr: 6.153e-07, eta: 1:57:30, time: 0.945, data_time: 0.385, memory: 14490, decode.loss_seg: 0.0238, decode.acc_seg: 85.3666, aux.loss_seg: 0.0189, aux.acc_seg: 84.3622, loss: 0.0426
2026-04-25 08:12:51,143 - mmseg - INFO - Iter [153750/160000]	lr: 6.105e-07, eta: 1:56:33, time: 0.547, data_time: 0.004, memory: 14490, decode.loss_seg: 0.0234, decode.acc_seg: 85.1610, aux.loss_seg: 0.0194, aux.acc_seg: 84.0917, loss: 0.0427
2026-04-25 08:13:38,764 - mmseg - INFO - Iter [153800/160000]	lr: 6.056e-07, eta: 1:55:36, time: 0.952, data_time: 0.342, memory: 14490, decode.loss_seg: 0.0228, decode.acc_seg: 84.3999, aux.loss_seg: 0.0189, aux.acc_seg: 83.3538, loss: 0.0417
2026-04-25 08:14:23,669 - mmseg - INFO - Iter [153850/160000]	lr: 6.007e-07, eta: 1:54:40, time: 0.898, data_time: 0.323, memory: 14490, decode.loss_seg: 0.0231, decode.acc_seg: 84.3698, aux.loss_seg: 0.0184, aux.acc_seg: 83.3933, loss: 0.0415
2026-04-25 08:14:51,013 - mmseg - INFO - Iter [153900/160000]	lr: 5.958e-07, eta: 1:53:43, time: 0.547, data_time: 0.004, memory: 14490, decode.loss_seg: 0.0235, decode.acc_seg: 84.7059, aux.loss_seg: 0.0190, aux.acc_seg: 83.7039, loss: 0.0425
2026-04-25 08:15:38,778 - mmseg - INFO - Iter [153950/160000]	lr: 5.909e-07, eta: 1:52:46, time: 0.955, data_time: 0.412, memory: 14490, decode.loss_seg: 0.0236, decode.acc_seg: 85.9898, aux.loss_seg: 0.0189, aux.acc_seg: 84.9895, loss: 0.0425
2026-04-25 08:16:38,591 - mmseg - INFO - per class results:
2026-04-25 08:16:38,591 - mmseg - INFO - 
+------------+-------+-------+
| Class      | IoU   | Acc   |
+------------+-------+-------+
| housing    | 96.86 | 98.41 |
| industrial | 96.81 | 98.41 |
| natural    | 93.97 | 95.88 |
| land_use   | 88.31 | 91.96 |
| water      | 96.8  | 98.78 |
| other      | 99.08 | 99.62 |
+------------+-------+-------+
2026-04-25 08:16:38,591 - mmseg - INFO - Summary:
2026-04-25 08:16:38,591 - mmseg - INFO - 
+--------+------+-------+-------+
| Scope  | mIoU | mAcc  | aAcc  |
+--------+------+-------+-------+
| global | 95.3 | 97.18 | 98.02 |
+--------+------+-------+-------+
2026-04-25 08:16:38,628 - mmseg - INFO - Exp name: pixel_upernet_itpn_large_12_512_slide_160k_air_polarsar2_amp_linux.py
2026-04-25 08:16:38,628 - mmseg - INFO - Iter [154000/160000]	lr: 5.860e-07, eta: 1:52:17, time: 13.570, data_time: 0.000, memory: 14490, mIoU: 0.9530, mAcc: 0.9718, aAcc: 0.9802
2026-04-25 08:17:06,007 - mmseg - INFO - Iter [154050/160000]	lr: 5.812e-07, eta: 1:51:20, time: 0.547, data_time: 0.004, memory: 14490, decode.loss_seg: 0.0230, decode.acc_seg: 83.5162, aux.loss_seg: 0.0185, aux.acc_seg: 82.5009, loss: 0.0415
2026-04-25 08:17:53,003 - mmseg - INFO - Iter [154100/160000]	lr: 5.763e-07, eta: 1:50:24, time: 0.940, data_time: 0.370, memory: 14490, decode.loss_seg: 0.0233, decode.acc_seg: 85.2221, aux.loss_seg: 0.0183, aux.acc_seg: 84.2501, loss: 0.0416
2026-04-25 08:18:39,436 - mmseg - INFO - Iter [154150/160000]	lr: 5.714e-07, eta: 1:49:27, time: 0.929, data_time: 0.378, memory: 14490, decode.loss_seg: 0.0233, decode.acc_seg: 83.7047, aux.loss_seg: 0.0190, aux.acc_seg: 82.6524, loss: 0.0423
2026-04-25 08:19:06,814 - mmseg - INFO - Iter [154200/160000]	lr: 5.665e-07, eta: 1:48:30, time: 0.547, data_time: 0.004, memory: 14490, decode.loss_seg: 0.0234, decode.acc_seg: 85.0132, aux.loss_seg: 0.0183, aux.acc_seg: 84.0486, loss: 0.0417
2026-04-25 08:19:54,078 - mmseg - INFO - Iter [154250/160000]	lr: 5.616e-07, eta: 1:47:33, time: 0.945, data_time: 0.336, memory: 14490, decode.loss_seg: 0.0229, decode.acc_seg: 84.4218, aux.loss_seg: 0.0188, aux.acc_seg: 83.4000, loss: 0.0417
2026-04-25 08:20:40,712 - mmseg - INFO - Iter [154300/160000]	lr: 5.567e-07, eta: 1:46:37, time: 0.932, data_time: 0.382, memory: 14490, decode.loss_seg: 0.0228, decode.acc_seg: 84.5766, aux.loss_seg: 0.0183, aux.acc_seg: 83.5938, loss: 0.0412
2026-04-25 08:21:08,035 - mmseg - INFO - Iter [154350/160000]	lr: 5.519e-07, eta: 1:45:39, time: 0.546, data_time: 0.004, memory: 14490, decode.loss_seg: 0.0234, decode.acc_seg: 84.2672, aux.loss_seg: 0.0185, aux.acc_seg: 83.2775, loss: 0.0418
2026-04-25 08:21:54,535 - mmseg - INFO - Iter [154400/160000]	lr: 5.470e-07, eta: 1:44:43, time: 0.930, data_time: 0.363, memory: 14490, decode.loss_seg: 0.0228, decode.acc_seg: 84.6168, aux.loss_seg: 0.0196, aux.acc_seg: 83.4907, loss: 0.0424
2026-04-25 08:22:41,569 - mmseg - INFO - Iter [154450/160000]	lr: 5.421e-07, eta: 1:43:46, time: 0.940, data_time: 0.393, memory: 14490, decode.loss_seg: 0.0231, decode.acc_seg: 84.8709, aux.loss_seg: 0.0185, aux.acc_seg: 83.8772, loss: 0.0416
2026-04-25 08:23:08,921 - mmseg - INFO - Iter [154500/160000]	lr: 5.372e-07, eta: 1:42:49, time: 0.547, data_time: 0.004, memory: 14490, decode.loss_seg: 0.0233, decode.acc_seg: 84.4483, aux.loss_seg: 0.0188, aux.acc_seg: 83.4222, loss: 0.0421
2026-04-25 08:23:55,673 - mmseg - INFO - Iter [154550/160000]	lr: 5.323e-07, eta: 1:41:53, time: 0.935, data_time: 0.393, memory: 14490, decode.loss_seg: 0.0237, decode.acc_seg: 85.8364, aux.loss_seg: 0.0188, aux.acc_seg: 84.8329, loss: 0.0425
2026-04-25 08:24:22,961 - mmseg - INFO - Iter [154600/160000]	lr: 5.274e-07, eta: 1:40:56, time: 0.546, data_time: 0.004, memory: 14490, decode.loss_seg: 0.0229, decode.acc_seg: 84.3050, aux.loss_seg: 0.0182, aux.acc_seg: 83.3278, loss: 0.0410
2026-04-25 08:25:09,869 - mmseg - INFO - Iter [154650/160000]	lr: 5.226e-07, eta: 1:39:59, time: 0.938, data_time: 0.377, memory: 14490, decode.loss_seg: 0.0232, decode.acc_seg: 84.6439, aux.loss_seg: 0.0190, aux.acc_seg: 83.6071, loss: 0.0422
2026-04-25 08:25:55,989 - mmseg - INFO - Iter [154700/160000]	lr: 5.177e-07, eta: 1:39:03, time: 0.922, data_time: 0.360, memory: 14490, decode.loss_seg: 0.0228, decode.acc_seg: 85.4187, aux.loss_seg: 0.0182, aux.acc_seg: 84.4473, loss: 0.0410
2026-04-25 08:26:23,347 - mmseg - INFO - Iter [154750/160000]	lr: 5.128e-07, eta: 1:38:05, time: 0.547, data_time: 0.005, memory: 14490, decode.loss_seg: 0.0234, decode.acc_seg: 84.5630, aux.loss_seg: 0.0185, aux.acc_seg: 83.5802, loss: 0.0419
2026-04-25 08:27:08,559 - mmseg - INFO - Iter [154800/160000]	lr: 5.079e-07, eta: 1:37:09, time: 0.904, data_time: 0.361, memory: 14490, decode.loss_seg: 0.0232, decode.acc_seg: 84.4615, aux.loss_seg: 0.0188, aux.acc_seg: 83.4292, loss: 0.0420
2026-04-25 08:27:55,619 - mmseg - INFO - Iter [154850/160000]	lr: 5.030e-07, eta: 1:36:13, time: 0.941, data_time: 0.364, memory: 14490, decode.loss_seg: 0.0231, decode.acc_seg: 85.1380, aux.loss_seg: 0.0183, aux.acc_seg: 84.1564, loss: 0.0415
2026-04-25 08:28:23,004 - mmseg - INFO - Iter [154900/160000]	lr: 4.981e-07, eta: 1:35:16, time: 0.548, data_time: 0.004, memory: 14490, decode.loss_seg: 0.0236, decode.acc_seg: 87.4428, aux.loss_seg: 0.0187, aux.acc_seg: 86.4631, loss: 0.0423
2026-04-25 08:29:09,897 - mmseg - INFO - Iter [154950/160000]	lr: 4.933e-07, eta: 1:34:19, time: 0.938, data_time: 0.378, memory: 14490, decode.loss_seg: 0.0233, decode.acc_seg: 85.3182, aux.loss_seg: 0.0187, aux.acc_seg: 84.3120, loss: 0.0420
2026-04-25 08:29:55,685 - mmseg - INFO - Exp name: pixel_upernet_itpn_large_12_512_slide_160k_air_polarsar2_amp_linux.py
2026-04-25 08:29:55,686 - mmseg - INFO - Iter [155000/160000]	lr: 4.884e-07, eta: 1:33:23, time: 0.916, data_time: 0.373, memory: 14490, decode.loss_seg: 0.0228, decode.acc_seg: 84.4769, aux.loss_seg: 0.0184, aux.acc_seg: 83.4881, loss: 0.0412
2026-04-25 08:30:23,018 - mmseg - INFO - Iter [155050/160000]	lr: 4.835e-07, eta: 1:32:26, time: 0.547, data_time: 0.004, memory: 14490, decode.loss_seg: 0.0229, decode.acc_seg: 84.6170, aux.loss_seg: 0.0183, aux.acc_seg: 83.6322, loss: 0.0412
2026-04-25 08:31:08,780 - mmseg - INFO - Iter [155100/160000]	lr: 4.786e-07, eta: 1:31:29, time: 0.916, data_time: 0.373, memory: 14490, decode.loss_seg: 0.0234, decode.acc_seg: 84.7532, aux.loss_seg: 0.0190, aux.acc_seg: 83.7233, loss: 0.0424
2026-04-25 08:31:55,694 - mmseg - INFO - Iter [155150/160000]	lr: 4.737e-07, eta: 1:30:33, time: 0.938, data_time: 0.339, memory: 14490, decode.loss_seg: 0.0231, decode.acc_seg: 84.2107, aux.loss_seg: 0.0185, aux.acc_seg: 83.2188, loss: 0.0416
2026-04-25 08:32:23,070 - mmseg - INFO - Iter [155200/160000]	lr: 4.689e-07, eta: 1:29:36, time: 0.547, data_time: 0.004, memory: 14490, decode.loss_seg: 0.0233, decode.acc_seg: 84.8051, aux.loss_seg: 0.0184, aux.acc_seg: 83.8285, loss: 0.0418
2026-04-25 08:33:10,419 - mmseg - INFO - Iter [155250/160000]	lr: 4.640e-07, eta: 1:28:40, time: 0.947, data_time: 0.364, memory: 14490, decode.loss_seg: 0.0235, decode.acc_seg: 84.9576, aux.loss_seg: 0.0184, aux.acc_seg: 83.9825, loss: 0.0419
2026-04-25 08:33:58,270 - mmseg - INFO - Iter [155300/160000]	lr: 4.591e-07, eta: 1:27:43, time: 0.957, data_time: 0.385, memory: 14490, decode.loss_seg: 0.0233, decode.acc_seg: 86.5719, aux.loss_seg: 0.0189, aux.acc_seg: 85.5570, loss: 0.0422
2026-04-25 08:34:25,595 - mmseg - INFO - Iter [155350/160000]	lr: 4.542e-07, eta: 1:26:46, time: 0.547, data_time: 0.004, memory: 14490, decode.loss_seg: 0.0229, decode.acc_seg: 86.5339, aux.loss_seg: 0.0180, aux.acc_seg: 85.5895, loss: 0.0409
2026-04-25 08:35:12,029 - mmseg - INFO - Iter [155400/160000]	lr: 4.493e-07, eta: 1:25:50, time: 0.929, data_time: 0.344, memory: 14490, decode.loss_seg: 0.0236, decode.acc_seg: 84.5817, aux.loss_seg: 0.0190, aux.acc_seg: 83.5530, loss: 0.0426
2026-04-25 08:35:58,596 - mmseg - INFO - Iter [155450/160000]	lr: 4.444e-07, eta: 1:24:54, time: 0.931, data_time: 0.357, memory: 14490, decode.loss_seg: 0.0228, decode.acc_seg: 85.3881, aux.loss_seg: 0.0179, aux.acc_seg: 84.4507, loss: 0.0407
2026-04-25 08:36:25,959 - mmseg - INFO - Iter [155500/160000]	lr: 4.396e-07, eta: 1:23:57, time: 0.547, data_time: 0.004, memory: 14490, decode.loss_seg: 0.0233, decode.acc_seg: 85.3524, aux.loss_seg: 0.0185, aux.acc_seg: 84.3587, loss: 0.0419
2026-04-25 08:37:11,624 - mmseg - INFO - Iter [155550/160000]	lr: 4.347e-07, eta: 1:23:01, time: 0.913, data_time: 0.371, memory: 14490, decode.loss_seg: 0.0234, decode.acc_seg: 84.2130, aux.loss_seg: 0.0188, aux.acc_seg: 83.2124, loss: 0.0422
2026-04-25 08:37:38,957 - mmseg - INFO - Iter [155600/160000]	lr: 4.298e-07, eta: 1:22:04, time: 0.547, data_time: 0.004, memory: 14490, decode.loss_seg: 0.0227, decode.acc_seg: 84.3335, aux.loss_seg: 0.0182, aux.acc_seg: 83.3466, loss: 0.0409
2026-04-25 08:38:24,588 - mmseg - INFO - Iter [155650/160000]	lr: 4.249e-07, eta: 1:21:07, time: 0.913, data_time: 0.341, memory: 14490, decode.loss_seg: 0.0236, decode.acc_seg: 84.9100, aux.loss_seg: 0.0191, aux.acc_seg: 83.8604, loss: 0.0427
2026-04-25 08:39:10,409 - mmseg - INFO - Iter [155700/160000]	lr: 4.200e-07, eta: 1:20:11, time: 0.916, data_time: 0.334, memory: 14490, decode.loss_seg: 0.0229, decode.acc_seg: 83.4720, aux.loss_seg: 0.0184, aux.acc_seg: 82.4871, loss: 0.0413
2026-04-25 08:39:37,789 - mmseg - INFO - Iter [155750/160000]	lr: 4.151e-07, eta: 1:19:14, time: 0.548, data_time: 0.004, memory: 14490, decode.loss_seg: 0.0237, decode.acc_seg: 85.2255, aux.loss_seg: 0.0195, aux.acc_seg: 84.1290, loss: 0.0432
2026-04-25 08:40:24,874 - mmseg - INFO - Iter [155800/160000]	lr: 4.103e-07, eta: 1:18:18, time: 0.942, data_time: 0.375, memory: 14490, decode.loss_seg: 0.0231, decode.acc_seg: 84.6547, aux.loss_seg: 0.0184, aux.acc_seg: 83.6544, loss: 0.0415
2026-04-25 08:41:11,992 - mmseg - INFO - Iter [155850/160000]	lr: 4.054e-07, eta: 1:17:22, time: 0.942, data_time: 0.346, memory: 14490, decode.loss_seg: 0.0229, decode.acc_seg: 85.6121, aux.loss_seg: 0.0189, aux.acc_seg: 84.5813, loss: 0.0418
2026-04-25 08:41:39,373 - mmseg - INFO - Iter [155900/160000]	lr: 4.005e-07, eta: 1:16:25, time: 0.548, data_time: 0.005, memory: 14490, decode.loss_seg: 0.0234, decode.acc_seg: 86.5248, aux.loss_seg: 0.0186, aux.acc_seg: 85.5291, loss: 0.0420
2026-04-25 08:42:25,598 - mmseg - INFO - Iter [155950/160000]	lr: 3.956e-07, eta: 1:15:29, time: 0.924, data_time: 0.381, memory: 14490, decode.loss_seg: 0.0234, decode.acc_seg: 84.5535, aux.loss_seg: 0.0188, aux.acc_seg: 83.5476, loss: 0.0421
2026-04-25 08:43:22,843 - mmseg - INFO - per class results:
2026-04-25 08:43:22,844 - mmseg - INFO - 
+------------+-------+-------+
| Class      | IoU   | Acc   |
+------------+-------+-------+
| housing    | 96.85 | 98.4  |
| industrial | 96.82 | 98.45 |
| natural    | 93.98 | 95.8  |
| land_use   | 88.27 | 91.78 |
| water      | 96.79 | 98.79 |
| other      | 99.1  | 99.62 |
+------------+-------+-------+
2026-04-25 08:43:22,844 - mmseg - INFO - Summary:
2026-04-25 08:43:22,844 - mmseg - INFO - 
+--------+------+-------+-------+
| Scope  | mIoU | mAcc  | aAcc  |
+--------+------+-------+-------+
| global | 95.3 | 97.14 | 98.02 |
+--------+------+-------+-------+
2026-04-25 08:43:22,868 - mmseg - INFO - Exp name: pixel_upernet_itpn_large_12_512_slide_160k_air_polarsar2_amp_linux.py
2026-04-25 08:43:22,868 - mmseg - INFO - Iter [156000/160000]	lr: 3.907e-07, eta: 1:14:49, time: 12.311, data_time: 0.000, memory: 14490, mIoU: 0.9530, mAcc: 0.9714, aAcc: 0.9802
2026-04-25 08:43:50,280 - mmseg - INFO - Iter [156050/160000]	lr: 3.858e-07, eta: 1:13:52, time: 0.548, data_time: 0.004, memory: 14490, decode.loss_seg: 0.0231, decode.acc_seg: 85.8476, aux.loss_seg: 0.0184, aux.acc_seg: 84.8729, loss: 0.0415
2026-04-25 08:44:37,049 - mmseg - INFO - Iter [156100/160000]	lr: 3.810e-07, eta: 1:12:56, time: 0.935, data_time: 0.316, memory: 14490, decode.loss_seg: 0.0237, decode.acc_seg: 84.6900, aux.loss_seg: 0.0188, aux.acc_seg: 83.6875, loss: 0.0425
2026-04-25 08:45:23,620 - mmseg - INFO - Iter [156150/160000]	lr: 3.761e-07, eta: 1:11:59, time: 0.931, data_time: 0.347, memory: 14490, decode.loss_seg: 0.0234, decode.acc_seg: 85.0567, aux.loss_seg: 0.0186, aux.acc_seg: 84.0769, loss: 0.0420
2026-04-25 08:45:51,007 - mmseg - INFO - Iter [156200/160000]	lr: 3.712e-07, eta: 1:11:03, time: 0.548, data_time: 0.004, memory: 14490, decode.loss_seg: 0.0237, decode.acc_seg: 85.7499, aux.loss_seg: 0.0186, aux.acc_seg: 84.7653, loss: 0.0423
2026-04-25 08:46:37,354 - mmseg - INFO - Iter [156250/160000]	lr: 3.663e-07, eta: 1:10:06, time: 0.927, data_time: 0.383, memory: 14490, decode.loss_seg: 0.0228, decode.acc_seg: 84.2400, aux.loss_seg: 0.0188, aux.acc_seg: 83.2080, loss: 0.0416
2026-04-25 08:47:24,326 - mmseg - INFO - Iter [156300/160000]	lr: 3.614e-07, eta: 1:09:10, time: 0.939, data_time: 0.325, memory: 14490, decode.loss_seg: 0.0230, decode.acc_seg: 84.4569, aux.loss_seg: 0.0183, aux.acc_seg: 83.4739, loss: 0.0413
2026-04-25 08:47:51,682 - mmseg - INFO - Iter [156350/160000]	lr: 3.565e-07, eta: 1:08:13, time: 0.547, data_time: 0.004, memory: 14490, decode.loss_seg: 0.0243, decode.acc_seg: 85.9598, aux.loss_seg: 0.0193, aux.acc_seg: 84.9727, loss: 0.0436
2026-04-25 08:48:38,761 - mmseg - INFO - Iter [156400/160000]	lr: 3.517e-07, eta: 1:07:17, time: 0.942, data_time: 0.399, memory: 14490, decode.loss_seg: 0.0225, decode.acc_seg: 84.3091, aux.loss_seg: 0.0182, aux.acc_seg: 83.3122, loss: 0.0407
2026-04-25 08:49:25,070 - mmseg - INFO - Iter [156450/160000]	lr: 3.468e-07, eta: 1:06:20, time: 0.926, data_time: 0.368, memory: 14490, decode.loss_seg: 0.0230, decode.acc_seg: 84.4662, aux.loss_seg: 0.0183, aux.acc_seg: 83.4927, loss: 0.0413
2026-04-25 08:49:52,384 - mmseg - INFO - Iter [156500/160000]	lr: 3.419e-07, eta: 1:05:24, time: 0.546, data_time: 0.005, memory: 14490, decode.loss_seg: 0.0229, decode.acc_seg: 84.8413, aux.loss_seg: 0.0184, aux.acc_seg: 83.8558, loss: 0.0412
2026-04-25 08:50:39,007 - mmseg - INFO - Iter [156550/160000]	lr: 3.370e-07, eta: 1:04:27, time: 0.932, data_time: 0.349, memory: 14490, decode.loss_seg: 0.0233, decode.acc_seg: 85.7655, aux.loss_seg: 0.0185, aux.acc_seg: 84.7684, loss: 0.0419
2026-04-25 08:51:06,371 - mmseg - INFO - Iter [156600/160000]	lr: 3.321e-07, eta: 1:03:31, time: 0.547, data_time: 0.004, memory: 14490, decode.loss_seg: 0.0231, decode.acc_seg: 85.0252, aux.loss_seg: 0.0188, aux.acc_seg: 83.9865, loss: 0.0419
2026-04-25 08:51:53,134 - mmseg - INFO - Iter [156650/160000]	lr: 3.272e-07, eta: 1:02:34, time: 0.935, data_time: 0.379, memory: 14490, decode.loss_seg: 0.0226, decode.acc_seg: 84.7435, aux.loss_seg: 0.0184, aux.acc_seg: 83.7606, loss: 0.0409
2026-04-25 08:52:39,662 - mmseg - INFO - Iter [156700/160000]	lr: 3.224e-07, eta: 1:01:38, time: 0.931, data_time: 0.388, memory: 14490, decode.loss_seg: 0.0229, decode.acc_seg: 84.9425, aux.loss_seg: 0.0182, aux.acc_seg: 83.9773, loss: 0.0411
2026-04-25 08:53:07,040 - mmseg - INFO - Iter [156750/160000]	lr: 3.175e-07, eta: 1:00:41, time: 0.548, data_time: 0.004, memory: 14490, decode.loss_seg: 0.0238, decode.acc_seg: 84.2169, aux.loss_seg: 0.0190, aux.acc_seg: 83.1930, loss: 0.0427
2026-04-25 08:53:54,263 - mmseg - INFO - Iter [156800/160000]	lr: 3.126e-07, eta: 0:59:45, time: 0.944, data_time: 0.346, memory: 14490, decode.loss_seg: 0.0235, decode.acc_seg: 86.3388, aux.loss_seg: 0.0184, aux.acc_seg: 85.3760, loss: 0.0418
2026-04-25 08:54:40,782 - mmseg - INFO - Iter [156850/160000]	lr: 3.077e-07, eta: 0:58:49, time: 0.930, data_time: 0.331, memory: 14490, decode.loss_seg: 0.0234, decode.acc_seg: 85.7916, aux.loss_seg: 0.0191, aux.acc_seg: 84.7589, loss: 0.0425
2026-04-25 08:55:08,160 - mmseg - INFO - Iter [156900/160000]	lr: 3.028e-07, eta: 0:57:52, time: 0.547, data_time: 0.004, memory: 14490, decode.loss_seg: 0.0228, decode.acc_seg: 83.9834, aux.loss_seg: 0.0184, aux.acc_seg: 82.9707, loss: 0.0412
2026-04-25 08:55:55,506 - mmseg - INFO - Iter [156950/160000]	lr: 2.980e-07, eta: 0:56:56, time: 0.947, data_time: 0.405, memory: 14490, decode.loss_seg: 0.0227, decode.acc_seg: 85.3863, aux.loss_seg: 0.0182, aux.acc_seg: 84.4005, loss: 0.0409
2026-04-25 08:56:41,804 - mmseg - INFO - Exp name: pixel_upernet_itpn_large_12_512_slide_160k_air_polarsar2_amp_linux.py
2026-04-25 08:56:41,804 - mmseg - INFO - Iter [157000/160000]	lr: 2.931e-07, eta: 0:56:00, time: 0.926, data_time: 0.362, memory: 14490, decode.loss_seg: 0.0236, decode.acc_seg: 85.2865, aux.loss_seg: 0.0185, aux.acc_seg: 84.3185, loss: 0.0421
2026-04-25 08:57:09,172 - mmseg - INFO - Iter [157050/160000]	lr: 2.882e-07, eta: 0:55:03, time: 0.547, data_time: 0.004, memory: 14490, decode.loss_seg: 0.0235, decode.acc_seg: 84.9566, aux.loss_seg: 0.0185, aux.acc_seg: 83.9782, loss: 0.0420
2026-04-25 08:57:56,413 - mmseg - INFO - Iter [157100/160000]	lr: 2.833e-07, eta: 0:54:07, time: 0.945, data_time: 0.367, memory: 14490, decode.loss_seg: 0.0233, decode.acc_seg: 86.2765, aux.loss_seg: 0.0187, aux.acc_seg: 85.2650, loss: 0.0420
2026-04-25 08:58:43,814 - mmseg - INFO - Iter [157150/160000]	lr: 2.784e-07, eta: 0:53:11, time: 0.948, data_time: 0.400, memory: 14490, decode.loss_seg: 0.0233, decode.acc_seg: 86.5196, aux.loss_seg: 0.0188, aux.acc_seg: 85.4887, loss: 0.0421
2026-04-25 08:59:11,170 - mmseg - INFO - Iter [157200/160000]	lr: 2.735e-07, eta: 0:52:14, time: 0.547, data_time: 0.004, memory: 14490, decode.loss_seg: 0.0233, decode.acc_seg: 84.9165, aux.loss_seg: 0.0186, aux.acc_seg: 83.9174, loss: 0.0420
2026-04-25 08:59:57,104 - mmseg - INFO - Iter [157250/160000]	lr: 2.687e-07, eta: 0:51:18, time: 0.919, data_time: 0.347, memory: 14490, decode.loss_seg: 0.0236, decode.acc_seg: 87.2955, aux.loss_seg: 0.0194, aux.acc_seg: 86.2304, loss: 0.0430
2026-04-25 09:00:43,180 - mmseg - INFO - Iter [157300/160000]	lr: 2.638e-07, eta: 0:50:22, time: 0.921, data_time: 0.322, memory: 14490, decode.loss_seg: 0.0228, decode.acc_seg: 84.7661, aux.loss_seg: 0.0189, aux.acc_seg: 83.7223, loss: 0.0417
2026-04-25 09:01:10,484 - mmseg - INFO - Iter [157350/160000]	lr: 2.589e-07, eta: 0:49:25, time: 0.546, data_time: 0.004, memory: 14490, decode.loss_seg: 0.0240, decode.acc_seg: 84.7170, aux.loss_seg: 0.0190, aux.acc_seg: 83.7090, loss: 0.0430
2026-04-25 09:01:57,446 - mmseg - INFO - Iter [157400/160000]	lr: 2.540e-07, eta: 0:48:29, time: 0.939, data_time: 0.354, memory: 14490, decode.loss_seg: 0.0227, decode.acc_seg: 84.2189, aux.loss_seg: 0.0184, aux.acc_seg: 83.2204, loss: 0.0411
2026-04-25 09:02:43,967 - mmseg - INFO - Iter [157450/160000]	lr: 2.491e-07, eta: 0:47:33, time: 0.930, data_time: 0.341, memory: 14490, decode.loss_seg: 0.0231, decode.acc_seg: 84.7962, aux.loss_seg: 0.0194, aux.acc_seg: 83.7442, loss: 0.0425
2026-04-25 09:03:11,295 - mmseg - INFO - Iter [157500/160000]	lr: 2.442e-07, eta: 0:46:37, time: 0.547, data_time: 0.005, memory: 14490, decode.loss_seg: 0.0231, decode.acc_seg: 85.9484, aux.loss_seg: 0.0183, aux.acc_seg: 84.9805, loss: 0.0414
2026-04-25 09:03:59,213 - mmseg - INFO - Iter [157550/160000]	lr: 2.394e-07, eta: 0:45:41, time: 0.958, data_time: 0.323, memory: 14490, decode.loss_seg: 0.0230, decode.acc_seg: 84.8599, aux.loss_seg: 0.0184, aux.acc_seg: 83.8963, loss: 0.0415
2026-04-25 09:04:26,533 - mmseg - INFO - Iter [157600/160000]	lr: 2.345e-07, eta: 0:44:44, time: 0.546, data_time: 0.004, memory: 14490, decode.loss_seg: 0.0232, decode.acc_seg: 84.8159, aux.loss_seg: 0.0184, aux.acc_seg: 83.8359, loss: 0.0415
2026-04-25 09:05:13,882 - mmseg - INFO - Iter [157650/160000]	lr: 2.296e-07, eta: 0:43:48, time: 0.947, data_time: 0.390, memory: 14490, decode.loss_seg: 0.0231, decode.acc_seg: 85.0898, aux.loss_seg: 0.0185, aux.acc_seg: 84.1012, loss: 0.0416
2026-04-25 09:06:01,036 - mmseg - INFO - Iter [157700/160000]	lr: 2.247e-07, eta: 0:42:52, time: 0.943, data_time: 0.367, memory: 14490, decode.loss_seg: 0.0232, decode.acc_seg: 85.6356, aux.loss_seg: 0.0184, aux.acc_seg: 84.6497, loss: 0.0416
2026-04-25 09:06:28,404 - mmseg - INFO - Iter [157750/160000]	lr: 2.198e-07, eta: 0:41:56, time: 0.548, data_time: 0.004, memory: 14490, decode.loss_seg: 0.0234, decode.acc_seg: 85.7425, aux.loss_seg: 0.0184, aux.acc_seg: 84.7751, loss: 0.0417
2026-04-25 09:07:15,015 - mmseg - INFO - Iter [157800/160000]	lr: 2.149e-07, eta: 0:41:00, time: 0.932, data_time: 0.358, memory: 14490, decode.loss_seg: 0.0234, decode.acc_seg: 84.0080, aux.loss_seg: 0.0186, aux.acc_seg: 83.0131, loss: 0.0420
2026-04-25 09:08:02,919 - mmseg - INFO - Iter [157850/160000]	lr: 2.101e-07, eta: 0:40:04, time: 0.958, data_time: 0.415, memory: 14490, decode.loss_seg: 0.0233, decode.acc_seg: 85.7162, aux.loss_seg: 0.0185, aux.acc_seg: 84.7432, loss: 0.0419
2026-04-25 09:08:30,308 - mmseg - INFO - Iter [157900/160000]	lr: 2.052e-07, eta: 0:39:07, time: 0.548, data_time: 0.004, memory: 14490, decode.loss_seg: 0.0233, decode.acc_seg: 85.4517, aux.loss_seg: 0.0186, aux.acc_seg: 84.4455, loss: 0.0419
2026-04-25 09:09:17,119 - mmseg - INFO - Iter [157950/160000]	lr: 2.003e-07, eta: 0:38:11, time: 0.936, data_time: 0.383, memory: 14490, decode.loss_seg: 0.0232, decode.acc_seg: 85.2217, aux.loss_seg: 0.0184, aux.acc_seg: 84.2319, loss: 0.0416
2026-04-25 09:10:16,476 - mmseg - INFO - per class results:
2026-04-25 09:10:16,477 - mmseg - INFO - 
+------------+-------+-------+
| Class      | IoU   | Acc   |
+------------+-------+-------+
| housing    | 96.88 | 98.45 |
| industrial | 96.82 | 98.4  |
| natural    | 94.02 | 95.92 |
| land_use   | 88.36 | 91.87 |
| water      | 96.8  | 98.81 |
| other      | 99.1  | 99.62 |
+------------+-------+-------+
2026-04-25 09:10:16,477 - mmseg - INFO - Summary:
2026-04-25 09:10:16,477 - mmseg - INFO - 
+--------+-------+-------+-------+
| Scope  | mIoU  | mAcc  | aAcc  |
+--------+-------+-------+-------+
| global | 95.33 | 97.18 | 98.03 |
+--------+-------+-------+-------+
2026-04-25 09:10:16,503 - mmseg - INFO - Exp name: pixel_upernet_itpn_large_12_512_slide_160k_air_polarsar2_amp_linux.py
2026-04-25 09:10:16,503 - mmseg - INFO - Iter [158000/160000]	lr: 1.954e-07, eta: 0:37:23, time: 12.391, data_time: 0.000, memory: 14490, mIoU: 0.9533, mAcc: 0.9718, aAcc: 0.9803
2026-04-25 09:10:43,897 - mmseg - INFO - Iter [158050/160000]	lr: 1.905e-07, eta: 0:36:27, time: 0.548, data_time: 0.004, memory: 14490, decode.loss_seg: 0.0229, decode.acc_seg: 85.9274, aux.loss_seg: 0.0181, aux.acc_seg: 84.9691, loss: 0.0411
2026-04-25 09:11:30,394 - mmseg - INFO - Iter [158100/160000]	lr: 1.856e-07, eta: 0:35:31, time: 0.930, data_time: 0.371, memory: 14490, decode.loss_seg: 0.0232, decode.acc_seg: 85.7911, aux.loss_seg: 0.0185, aux.acc_seg: 84.8091, loss: 0.0417
2026-04-25 09:12:16,828 - mmseg - INFO - Iter [158150/160000]	lr: 1.808e-07, eta: 0:34:34, time: 0.929, data_time: 0.370, memory: 14490, decode.loss_seg: 0.0231, decode.acc_seg: 85.6749, aux.loss_seg: 0.0187, aux.acc_seg: 84.6551, loss: 0.0419
2026-04-25 09:12:44,181 - mmseg - INFO - Iter [158200/160000]	lr: 1.759e-07, eta: 0:33:38, time: 0.547, data_time: 0.004, memory: 14490, decode.loss_seg: 0.0227, decode.acc_seg: 85.5551, aux.loss_seg: 0.0183, aux.acc_seg: 84.5725, loss: 0.0411
2026-04-25 09:13:31,516 - mmseg - INFO - Iter [158250/160000]	lr: 1.710e-07, eta: 0:32:42, time: 0.947, data_time: 0.366, memory: 14490, decode.loss_seg: 0.0226, decode.acc_seg: 85.8771, aux.loss_seg: 0.0181, aux.acc_seg: 84.9024, loss: 0.0407
2026-04-25 09:14:16,821 - mmseg - INFO - Iter [158300/160000]	lr: 1.661e-07, eta: 0:31:46, time: 0.906, data_time: 0.355, memory: 14490, decode.loss_seg: 0.0237, decode.acc_seg: 85.8197, aux.loss_seg: 0.0189, aux.acc_seg: 84.8054, loss: 0.0426
2026-04-25 09:14:44,138 - mmseg - INFO - Iter [158350/160000]	lr: 1.612e-07, eta: 0:30:49, time: 0.546, data_time: 0.004, memory: 14490, decode.loss_seg: 0.0234, decode.acc_seg: 84.5447, aux.loss_seg: 0.0185, aux.acc_seg: 83.5615, loss: 0.0419
2026-04-25 09:15:29,825 - mmseg - INFO - Iter [158400/160000]	lr: 1.563e-07, eta: 0:29:53, time: 0.914, data_time: 0.359, memory: 14490, decode.loss_seg: 0.0238, decode.acc_seg: 85.1386, aux.loss_seg: 0.0190, aux.acc_seg: 84.1423, loss: 0.0428
2026-04-25 09:15:57,136 - mmseg - INFO - Iter [158450/160000]	lr: 1.515e-07, eta: 0:28:57, time: 0.546, data_time: 0.004, memory: 14490, decode.loss_seg: 0.0229, decode.acc_seg: 84.4901, aux.loss_seg: 0.0182, aux.acc_seg: 83.5138, loss: 0.0411
2026-04-25 09:16:42,543 - mmseg - INFO - Iter [158500/160000]	lr: 1.466e-07, eta: 0:28:01, time: 0.908, data_time: 0.365, memory: 14490, decode.loss_seg: 0.0233, decode.acc_seg: 85.1215, aux.loss_seg: 0.0186, aux.acc_seg: 84.1397, loss: 0.0419
2026-04-25 09:17:29,582 - mmseg - INFO - Iter [158550/160000]	lr: 1.417e-07, eta: 0:27:04, time: 0.941, data_time: 0.399, memory: 14490, decode.loss_seg: 0.0228, decode.acc_seg: 86.5839, aux.loss_seg: 0.0181, aux.acc_seg: 85.6158, loss: 0.0409
2026-04-25 09:17:56,864 - mmseg - INFO - Iter [158600/160000]	lr: 1.368e-07, eta: 0:26:08, time: 0.546, data_time: 0.004, memory: 14490, decode.loss_seg: 0.0237, decode.acc_seg: 85.7648, aux.loss_seg: 0.0188, aux.acc_seg: 84.7753, loss: 0.0425
2026-04-25 09:18:42,887 - mmseg - INFO - Iter [158650/160000]	lr: 1.319e-07, eta: 0:25:12, time: 0.920, data_time: 0.367, memory: 14490, decode.loss_seg: 0.0231, decode.acc_seg: 85.1221, aux.loss_seg: 0.0184, aux.acc_seg: 84.1369, loss: 0.0415
2026-04-25 09:19:29,812 - mmseg - INFO - Iter [158700/160000]	lr: 1.271e-07, eta: 0:24:16, time: 0.938, data_time: 0.382, memory: 14490, decode.loss_seg: 0.0233, decode.acc_seg: 86.8885, aux.loss_seg: 0.0185, aux.acc_seg: 85.9168, loss: 0.0419
2026-04-25 09:19:57,167 - mmseg - INFO - Iter [158750/160000]	lr: 1.222e-07, eta: 0:23:20, time: 0.547, data_time: 0.004, memory: 14490, decode.loss_seg: 0.0228, decode.acc_seg: 84.2517, aux.loss_seg: 0.0185, aux.acc_seg: 83.2318, loss: 0.0413
2026-04-25 09:20:44,400 - mmseg - INFO - Iter [158800/160000]	lr: 1.173e-07, eta: 0:22:24, time: 0.945, data_time: 0.347, memory: 14490, decode.loss_seg: 0.0233, decode.acc_seg: 82.8074, aux.loss_seg: 0.0189, aux.acc_seg: 81.7865, loss: 0.0421
2026-04-25 09:21:31,347 - mmseg - INFO - Iter [158850/160000]	lr: 1.124e-07, eta: 0:21:27, time: 0.939, data_time: 0.361, memory: 14490, decode.loss_seg: 0.0220, decode.acc_seg: 82.8521, aux.loss_seg: 0.0181, aux.acc_seg: 81.8612, loss: 0.0401
2026-04-25 09:21:58,688 - mmseg - INFO - Iter [158900/160000]	lr: 1.075e-07, eta: 0:20:31, time: 0.547, data_time: 0.004, memory: 14490, decode.loss_seg: 0.0228, decode.acc_seg: 86.4281, aux.loss_seg: 0.0182, aux.acc_seg: 85.4496, loss: 0.0410
2026-04-25 09:22:44,717 - mmseg - INFO - Iter [158950/160000]	lr: 1.026e-07, eta: 0:19:35, time: 0.921, data_time: 0.339, memory: 14490, decode.loss_seg: 0.0226, decode.acc_seg: 84.8924, aux.loss_seg: 0.0182, aux.acc_seg: 83.9042, loss: 0.0407
2026-04-25 09:23:31,863 - mmseg - INFO - Exp name: pixel_upernet_itpn_large_12_512_slide_160k_air_polarsar2_amp_linux.py
2026-04-25 09:23:31,863 - mmseg - INFO - Iter [159000/160000]	lr: 9.775e-08, eta: 0:18:39, time: 0.943, data_time: 0.364, memory: 14490, decode.loss_seg: 0.0234, decode.acc_seg: 84.0124, aux.loss_seg: 0.0209, aux.acc_seg: 82.8279, loss: 0.0443
2026-04-25 09:23:59,234 - mmseg - INFO - Iter [159050/160000]	lr: 9.287e-08, eta: 0:17:43, time: 0.547, data_time: 0.004, memory: 14490, decode.loss_seg: 0.0228, decode.acc_seg: 84.6573, aux.loss_seg: 0.0185, aux.acc_seg: 83.6425, loss: 0.0413
2026-04-25 09:24:44,702 - mmseg - INFO - Iter [159100/160000]	lr: 8.799e-08, eta: 0:16:47, time: 0.909, data_time: 0.368, memory: 14490, decode.loss_seg: 0.0230, decode.acc_seg: 84.5694, aux.loss_seg: 0.0185, aux.acc_seg: 83.5747, loss: 0.0415
2026-04-25 09:25:31,414 - mmseg - INFO - Iter [159150/160000]	lr: 8.311e-08, eta: 0:15:51, time: 0.934, data_time: 0.357, memory: 14490, decode.loss_seg: 0.0235, decode.acc_seg: 85.8960, aux.loss_seg: 0.0186, aux.acc_seg: 84.9086, loss: 0.0421
2026-04-25 09:25:58,630 - mmseg - INFO - Iter [159200/160000]	lr: 7.822e-08, eta: 0:14:55, time: 0.545, data_time: 0.004, memory: 14490, decode.loss_seg: 0.0232, decode.acc_seg: 84.6710, aux.loss_seg: 0.0187, aux.acc_seg: 83.6552, loss: 0.0419
2026-04-25 09:26:44,814 - mmseg - INFO - Iter [159250/160000]	lr: 7.334e-08, eta: 0:13:59, time: 0.923, data_time: 0.342, memory: 14490, decode.loss_seg: 0.0228, decode.acc_seg: 84.4563, aux.loss_seg: 0.0182, aux.acc_seg: 83.4885, loss: 0.0410
2026-04-25 09:27:31,304 - mmseg - INFO - Iter [159300/160000]	lr: 6.846e-08, eta: 0:13:03, time: 0.930, data_time: 0.367, memory: 14490, decode.loss_seg: 0.0225, decode.acc_seg: 84.7520, aux.loss_seg: 0.0182, aux.acc_seg: 83.7537, loss: 0.0408
2026-04-25 09:27:58,569 - mmseg - INFO - Iter [159350/160000]	lr: 6.357e-08, eta: 0:12:07, time: 0.545, data_time: 0.004, memory: 14490, decode.loss_seg: 0.0232, decode.acc_seg: 83.6975, aux.loss_seg: 0.0187, aux.acc_seg: 82.6720, loss: 0.0419
2026-04-25 09:28:44,910 - mmseg - INFO - Iter [159400/160000]	lr: 5.869e-08, eta: 0:11:11, time: 0.927, data_time: 0.334, memory: 14490, decode.loss_seg: 0.0224, decode.acc_seg: 84.3721, aux.loss_seg: 0.0181, aux.acc_seg: 83.3855, loss: 0.0405
2026-04-25 09:29:12,177 - mmseg - INFO - Iter [159450/160000]	lr: 5.381e-08, eta: 0:10:15, time: 0.545, data_time: 0.004, memory: 14490, decode.loss_seg: 0.0237, decode.acc_seg: 85.9780, aux.loss_seg: 0.0191, aux.acc_seg: 84.9574, loss: 0.0427
2026-04-25 09:29:58,626 - mmseg - INFO - Iter [159500/160000]	lr: 4.893e-08, eta: 0:09:19, time: 0.929, data_time: 0.389, memory: 14490, decode.loss_seg: 0.0233, decode.acc_seg: 85.0891, aux.loss_seg: 0.0185, aux.acc_seg: 84.0965, loss: 0.0419
2026-04-25 09:30:44,281 - mmseg - INFO - Iter [159550/160000]	lr: 4.404e-08, eta: 0:08:23, time: 0.913, data_time: 0.359, memory: 14490, decode.loss_seg: 0.0229, decode.acc_seg: 84.2717, aux.loss_seg: 0.0184, aux.acc_seg: 83.2727, loss: 0.0413
2026-04-25 09:31:11,494 - mmseg - INFO - Iter [159600/160000]	lr: 3.916e-08, eta: 0:07:27, time: 0.544, data_time: 0.004, memory: 14490, decode.loss_seg: 0.0230, decode.acc_seg: 85.3690, aux.loss_seg: 0.0184, aux.acc_seg: 84.3759, loss: 0.0414
2026-04-25 09:31:57,416 - mmseg - INFO - Iter [159650/160000]	lr: 3.428e-08, eta: 0:06:31, time: 0.918, data_time: 0.376, memory: 14490, decode.loss_seg: 0.0230, decode.acc_seg: 85.2610, aux.loss_seg: 0.0184, aux.acc_seg: 84.2768, loss: 0.0413
2026-04-25 09:32:44,330 - mmseg - INFO - Iter [159700/160000]	lr: 2.939e-08, eta: 0:05:35, time: 0.938, data_time: 0.392, memory: 14490, decode.loss_seg: 0.0229, decode.acc_seg: 86.0433, aux.loss_seg: 0.0182, aux.acc_seg: 85.0645, loss: 0.0411
2026-04-25 09:33:11,601 - mmseg - INFO - Iter [159750/160000]	lr: 2.451e-08, eta: 0:04:39, time: 0.545, data_time: 0.004, memory: 14490, decode.loss_seg: 0.0240, decode.acc_seg: 85.2000, aux.loss_seg: 0.0189, aux.acc_seg: 84.2024, loss: 0.0429
2026-04-25 09:33:58,610 - mmseg - INFO - Iter [159800/160000]	lr: 1.963e-08, eta: 0:03:43, time: 0.940, data_time: 0.361, memory: 14490, decode.loss_seg: 0.0233, decode.acc_seg: 83.9951, aux.loss_seg: 0.0188, aux.acc_seg: 82.9768, loss: 0.0421
2026-04-25 09:34:46,205 - mmseg - INFO - Iter [159850/160000]	lr: 1.475e-08, eta: 0:02:47, time: 0.952, data_time: 0.396, memory: 14490, decode.loss_seg: 0.0228, decode.acc_seg: 86.5109, aux.loss_seg: 0.0181, aux.acc_seg: 85.5427, loss: 0.0410
2026-04-25 09:35:13,467 - mmseg - INFO - Iter [159900/160000]	lr: 9.863e-09, eta: 0:01:51, time: 0.545, data_time: 0.004, memory: 14490, decode.loss_seg: 0.0229, decode.acc_seg: 85.1013, aux.loss_seg: 0.0184, aux.acc_seg: 84.1137, loss: 0.0413
2026-04-25 09:35:59,762 - mmseg - INFO - Iter [159950/160000]	lr: 4.981e-09, eta: 0:00:55, time: 0.926, data_time: 0.373, memory: 14490, decode.loss_seg: 0.0231, decode.acc_seg: 85.5601, aux.loss_seg: 0.0184, aux.acc_seg: 84.5793, loss: 0.0414
2026-04-25 09:36:45,679 - mmseg - INFO - Saving checkpoint at 160000 iterations
2026-04-25 09:37:03,370 - mmseg - INFO - per class results:
2026-04-25 09:37:03,371 - mmseg - INFO - 
+------------+-------+-------+
| Class      | IoU   | Acc   |
+------------+-------+-------+
| housing    | 96.86 | 98.47 |
| industrial | 96.82 | 98.41 |
| natural    | 93.98 | 95.86 |
| land_use   | 88.35 | 91.88 |
| water      | 96.81 | 98.8  |
| other      | 99.1  | 99.63 |
+------------+-------+-------+
2026-04-25 09:37:03,371 - mmseg - INFO - Summary:
2026-04-25 09:37:03,371 - mmseg - INFO - 
+--------+-------+-------+-------+
| Scope  | mIoU  | mAcc  | aAcc  |
+--------+-------+-------+-------+
| global | 95.32 | 97.17 | 98.03 |
+--------+-------+-------+-------+
2026-04-25 09:37:03,399 - mmseg - INFO - Exp name: pixel_upernet_itpn_large_12_512_slide_160k_air_polarsar2_amp_linux.py
2026-04-25 09:37:03,400 - mmseg - INFO - Iter [160000/160000]	lr: 9.766e-11, eta: 0:00:00, time: 18.265, data_time: 0.000, memory: 14490, mIoU: 0.9532, mAcc: 0.9717, aAcc: 0.9803
