2026/05/12 14:28:27 - mmengine - INFO - 
------------------------------------------------------------
System environment:
    sys.platform: linux
    Python: 3.8.10 (default, Jun  4 2021, 15:09:15) [GCC 7.5.0]
    CUDA available: True
    numpy_random_seed: 573566977
    GPU 0: NVIDIA GeForce RTX 4090 D
    CUDA_HOME: /usr/local/cuda
    NVCC: Cuda compilation tools, release 11.8, V11.8.89
    GCC: gcc (Ubuntu 9.4.0-1ubuntu1~20.04.1) 9.4.0
    PyTorch: 2.0.0+cu118
    PyTorch compiling details: PyTorch built with:
  - GCC 9.3
  - C++ Version: 201703
  - Intel(R) oneAPI Math Kernel Library Version 2022.2-Product Build 20220804 for Intel(R) 64 architecture applications
  - Intel(R) MKL-DNN v2.7.3 (Git Hash 6dbeffbae1f23cbbeae17adb7b5b13f1f37c080e)
  - OpenMP 201511 (a.k.a. OpenMP 4.5)
  - LAPACK is enabled (usually provided by MKL)
  - NNPACK is enabled
  - CPU capability usage: AVX2
  - CUDA Runtime 11.8
  - NVCC architecture flags: -gencode;arch=compute_37,code=sm_37;-gencode;arch=compute_50,code=sm_50;-gencode;arch=compute_60,code=sm_60;-gencode;arch=compute_70,code=sm_70;-gencode;arch=compute_75,code=sm_75;-gencode;arch=compute_80,code=sm_80;-gencode;arch=compute_86,code=sm_86;-gencode;arch=compute_90,code=sm_90
  - CuDNN 8.7
  - Magma 2.6.1
  - Build settings: BLAS_INFO=mkl, BUILD_TYPE=Release, CUDA_VERSION=11.8, CUDNN_VERSION=8.7.0, CXX_COMPILER=/opt/rh/devtoolset-9/root/usr/bin/c++, CXX_FLAGS= -D_GLIBCXX_USE_CXX11_ABI=0 -fabi-version=11 -Wno-deprecated -fvisibility-inlines-hidden -DUSE_PTHREADPOOL -DNDEBUG -DUSE_KINETO -DLIBKINETO_NOROCTRACER -DUSE_FBGEMM -DUSE_QNNPACK -DUSE_PYTORCH_QNNPACK -DUSE_XNNPACK -DSYMBOLICATE_MOBILE_DEBUG_HANDLE -O2 -fPIC -Wall -Wextra -Werror=return-type -Werror=non-virtual-dtor -Werror=bool-operation -Wnarrowing -Wno-missing-field-initializers -Wno-type-limits -Wno-array-bounds -Wno-unknown-pragmas -Wunused-local-typedefs -Wno-unused-parameter -Wno-unused-function -Wno-unused-result -Wno-strict-overflow -Wno-strict-aliasing -Wno-error=deprecated-declarations -Wno-stringop-overflow -Wno-psabi -Wno-error=pedantic -Wno-error=redundant-decls -Wno-error=old-style-cast -fdiagnostics-color=always -faligned-new -Wno-unused-but-set-variable -Wno-maybe-uninitialized -fno-math-errno -fno-trapping-math -Werror=format -Werror=cast-function-type -Wno-stringop-overflow, LAPACK_INFO=mkl, PERF_WITH_AVX=1, PERF_WITH_AVX2=1, PERF_WITH_AVX512=1, TORCH_DISABLE_GPU_ASSERTS=ON, TORCH_VERSION=2.0.0, USE_CUDA=ON, USE_CUDNN=ON, USE_EXCEPTION_PTR=1, USE_GFLAGS=OFF, USE_GLOG=OFF, USE_MKL=ON, USE_MKLDNN=ON, USE_MPI=OFF, USE_NCCL=1, USE_NNPACK=ON, USE_OPENMP=ON, USE_ROCM=OFF, 

    TorchVision: 0.15.1+cu118
    OpenCV: 4.9.0
    MMEngine: 0.7.1

Runtime environment:
    cudnn_benchmark: True
    mp_cfg: {'mp_start_method': 'fork', 'opencv_num_threads': 0}
    dist_cfg: {'backend': 'nccl'}
    seed: None
    Distributed launcher: none
    Distributed training: False
    GPU number: 1
------------------------------------------------------------

2026/05/12 14:28:27 - mmengine - INFO - Config:
norm_cfg = dict(type='SyncBN', requires_grad=True)
data_preprocessor = dict(
    type='SegDataPreProcessor',
    mean=[123.675, 116.28, 103.53],
    std=[58.395, 57.12, 57.375],
    bgr_to_rgb=True,
    pad_val=0,
    seg_pad_val=255)
auto_scale_lr = dict(enable=False, base_batch_size=32)
work_dir = './work_dirs/new_weijie_ddhr_1xb4_80k_1e-3_dp10_ld90'
model = dict(
    type='EncoderDecoder',
    data_preprocessor=dict(
        type='SegDataPreProcessor',
        mean=[53.7795, 53.7795, 53.7795],
        std=[55.539, 55.539, 55.539],
        bgr_to_rgb=True,
        pad_val=0,
        seg_pad_val=255,
        size=(256, 256)),
    pretrained=None,
    backbone=dict(
        type='iTPN_weijie',
        img_size=256,
        patch_size=16,
        in_channels=3,
        embed_dims=768,
        num_layers=12,
        num_heads=8,
        mlp_ratio=4,
        out_indices=(3, 5, 7, 11),
        qv_bias=True,
        attn_drop_rate=0.0,
        drop_path_rate=0.1,
        norm_cfg=dict(type='LN', eps=1e-06),
        act_cfg=dict(type='GELU'),
        norm_eval=False,
        init_values=0.1,
        modality='SAR',
        embed_dim=512,
        mlp_depth1=3,
        mlp_depth2=3,
        depth=24,
        fpn_dim=256,
        fpn_depth=2,
        qkv_bias=True,
        ape=True,
        rpe=False,
        num_outs=4,
        use_checkpoint=False,
        init_cfg=dict(
            type='Pretrained',
            checkpoint=
            '/root/autodl-tmp/weights/weijie_saratrx_2/checkpoint-1200.pth')),
    neck=None,
    decode_head=dict(
        type='UPerHead',
        in_channels=[384, 512, 768, 768],
        in_index=[0, 1, 2, 3],
        pool_scales=(1, 2, 3, 6),
        channels=768,
        dropout_ratio=0.1,
        num_classes=5,
        norm_cfg=dict(type='BN', requires_grad=True),
        align_corners=False,
        loss_decode=dict(
            type='CrossEntropyLoss', use_sigmoid=False, loss_weight=1.0)),
    auxiliary_head=dict(
        type='FCNHead',
        in_channels=768,
        in_index=2,
        channels=256,
        num_convs=1,
        concat_input=False,
        dropout_ratio=0.1,
        num_classes=5,
        norm_cfg=dict(type='BN', requires_grad=True),
        align_corners=False,
        loss_decode=dict(
            type='CrossEntropyLoss', use_sigmoid=False, loss_weight=0.4)),
    train_cfg=dict(),
    test_cfg=dict(mode='whole'))
dataset_type = 'DDHRSKDataset'
data_root = '/root/autodl-tmp/DDHRSK/'
crop_size = (256, 256)
train_pipeline = [
    dict(type='LoadImageFromFile'),
    dict(type='LoadAnnotations', reduce_zero_label=False),
    dict(
        type='RandomResize',
        scale=(512, 128),
        ratio_range=(0.5, 2.0),
        keep_ratio=True),
    dict(type='RandomCrop', crop_size=(256, 256), cat_max_ratio=0.75),
    dict(type='RandomFlip', prob=0.5),
    dict(type='PackSegInputs')
]
test_pipeline = [
    dict(type='LoadImageFromFile'),
    dict(type='LoadAnnotations', reduce_zero_label=False),
    dict(type='Resize', scale=(256, 256), keep_ratio=True),
    dict(type='PackSegInputs')
]
train_dataloader = dict(
    batch_size=4,
    num_workers=4,
    persistent_workers=True,
    sampler=dict(type='InfiniteSampler', shuffle=True),
    dataset=dict(
        type='DDHRSKDataset',
        data_root='/root/autodl-tmp/DDHRSK/',
        data_prefix=dict(
            img_path='sar_images_train', seg_map_path='anns_train'),
        pipeline=[
            dict(type='LoadImageFromFile'),
            dict(type='LoadAnnotations', reduce_zero_label=False),
            dict(
                type='RandomResize',
                scale=(512, 128),
                ratio_range=(0.5, 2.0),
                keep_ratio=True),
            dict(type='RandomCrop', crop_size=(256, 256), cat_max_ratio=0.75),
            dict(type='RandomFlip', prob=0.5),
            dict(type='PackSegInputs')
        ]))
val_dataloader = dict(
    batch_size=1,
    num_workers=4,
    persistent_workers=True,
    sampler=dict(type='DefaultSampler', shuffle=False),
    dataset=dict(
        type='DDHRSKDataset',
        data_root='/root/autodl-tmp/DDHRSK/',
        data_prefix=dict(img_path='sar_images_val', seg_map_path='anns_val'),
        pipeline=[
            dict(type='LoadImageFromFile'),
            dict(type='LoadAnnotations', reduce_zero_label=False),
            dict(type='Resize', scale=(256, 256), keep_ratio=True),
            dict(type='PackSegInputs')
        ]))
test_dataloader = dict(
    batch_size=1,
    num_workers=4,
    persistent_workers=True,
    sampler=dict(type='DefaultSampler', shuffle=False),
    dataset=dict(
        type='DDHRSKDataset',
        data_root='/root/autodl-tmp/DDHRSK/',
        data_prefix=dict(img_path='sar_images_val', seg_map_path='anns_val'),
        pipeline=[
            dict(type='LoadImageFromFile'),
            dict(type='LoadAnnotations', reduce_zero_label=False),
            dict(type='Resize', scale=(256, 256), keep_ratio=True),
            dict(type='PackSegInputs')
        ]))
val_evaluator = dict(
    type='CustomIoUMetric', iou_metrics=['mIoU', 'mFscore', 'Kappa'])
test_evaluator = dict(
    type='CustomIoUMetric', iou_metrics=['mIoU', 'mFscore', 'Kappa'])
default_scope = 'mmseg'
env_cfg = dict(
    cudnn_benchmark=True,
    mp_cfg=dict(mp_start_method='fork', opencv_num_threads=0),
    dist_cfg=dict(backend='nccl'))
vis_backends = [dict(type='LocalVisBackend')]
visualizer = dict(
    type='SegLocalVisualizer',
    vis_backends=[dict(type='LocalVisBackend')],
    name='visualizer')
log_processor = dict(by_epoch=False)
log_level = 'INFO'
load_from = None
resume = False
tta_model = dict(type='SegTTAModel')
optim_wrapper = dict(
    type='AmpOptimWrapper',
    loss_scale='dynamic',
    clip_grad=dict(max_norm=35, norm_type=2),
    constructor='itpn_LayerDecayOptimizerConstructor',
    paramwise_cfg=dict(
        decay_type='layer_wise',
        num_layers=31,
        decay_rate=0.9,
        absolute_pos_embed=dict(decay_mult=0.0),
        relative_position_bias_table=dict(decay_mult=0.0),
        norm=dict(decay_mult=0.0)),
    optimizer=dict(
        type='AdamW', lr=0.001, betas=(0.9, 0.999), weight_decay=0.05))
train_cfg = dict(type='IterBasedTrainLoop', max_iters=80000, val_interval=4000)
param_scheduler = [
    dict(
        type='LinearLR', start_factor=1e-06, by_epoch=False, begin=0,
        end=2000),
    dict(
        type='PolyLR',
        eta_min=0.0,
        power=1.0,
        begin=2000,
        end=80000,
        by_epoch=False)
]
val_cfg = dict(type='ValLoop')
test_cfg = dict(type='TestLoop')
default_hooks = dict(
    timer=dict(type='IterTimerHook'),
    logger=dict(type='LoggerHook', interval=200, log_metric_by_epoch=False),
    param_scheduler=dict(type='ParamSchedulerHook'),
    checkpoint=dict(
        type='CheckpointHook',
        save_best='auto',
        max_keep_ckpts=1,
        by_epoch=False,
        interval=1000),
    sampler_seed=dict(type='DistSamplerSeedHook'),
    visualization=dict(type='SegVisualizationHook'))
launcher = 'none'

2026/05/12 14:28:31 - mmengine - INFO - Distributed training is not used, all SyncBatchNorm (SyncBN) layers in the model will be automatically reverted to BatchNormXd layers if they are used.
2026/05/12 14:28:31 - mmengine - INFO - Hooks will be executed in the following order:
before_run:
(VERY_HIGH   ) RuntimeInfoHook                    
(BELOW_NORMAL) LoggerHook                         
 -------------------- 
before_train:
(VERY_HIGH   ) RuntimeInfoHook                    
(NORMAL      ) IterTimerHook                      
(VERY_LOW    ) CheckpointHook                     
 -------------------- 
before_train_epoch:
(VERY_HIGH   ) RuntimeInfoHook                    
(NORMAL      ) IterTimerHook                      
(NORMAL      ) DistSamplerSeedHook                
 -------------------- 
before_train_iter:
(VERY_HIGH   ) RuntimeInfoHook                    
(NORMAL      ) IterTimerHook                      
 -------------------- 
after_train_iter:
(VERY_HIGH   ) RuntimeInfoHook                    
(NORMAL      ) IterTimerHook                      
(NORMAL      ) SegVisualizationHook               
(BELOW_NORMAL) LoggerHook                         
(LOW         ) ParamSchedulerHook                 
(VERY_LOW    ) CheckpointHook                     
 -------------------- 
after_train_epoch:
(NORMAL      ) IterTimerHook                      
(LOW         ) ParamSchedulerHook                 
(VERY_LOW    ) CheckpointHook                     
 -------------------- 
before_val_epoch:
(NORMAL      ) IterTimerHook                      
 -------------------- 
before_val_iter:
(NORMAL      ) IterTimerHook                      
 -------------------- 
after_val_iter:
(NORMAL      ) IterTimerHook                      
(NORMAL      ) SegVisualizationHook               
(BELOW_NORMAL) LoggerHook                         
 -------------------- 
after_val_epoch:
(VERY_HIGH   ) RuntimeInfoHook                    
(NORMAL      ) IterTimerHook                      
(BELOW_NORMAL) LoggerHook                         
(LOW         ) ParamSchedulerHook                 
(VERY_LOW    ) CheckpointHook                     
 -------------------- 
after_train:
(VERY_LOW    ) CheckpointHook                     
 -------------------- 
before_test_epoch:
(NORMAL      ) IterTimerHook                      
 -------------------- 
before_test_iter:
(NORMAL      ) IterTimerHook                      
 -------------------- 
after_test_iter:
(NORMAL      ) IterTimerHook                      
(NORMAL      ) SegVisualizationHook               
(BELOW_NORMAL) LoggerHook                         
 -------------------- 
after_test_epoch:
(VERY_HIGH   ) RuntimeInfoHook                    
(NORMAL      ) IterTimerHook                      
(BELOW_NORMAL) LoggerHook                         
 -------------------- 
after_run:
(BELOW_NORMAL) LoggerHook                         
 -------------------- 
2026/05/12 14:28:31 - mmengine - INFO - self.paramwise_cfg is {'decay_type': 'layer_wise', 'num_layers': 31, 'decay_rate': 0.9, 'absolute_pos_embed': {'decay_mult': 0.0}, 'relative_position_bias_table': {'decay_mult': 0.0}, 'norm': {'decay_mult': 0.0}}
2026/05/12 14:28:31 - mmengine - INFO - Build LearningRateDecayOptimizerConstructor  layer_wise 0.9 - 33
2026/05/12 14:28:31 - mmengine - INFO - set param backbone.absolute_pos_embed as id 0
2026/05/12 14:28:31 - mmengine - INFO - set param backbone.patch_embed.proj.weight as id 0
2026/05/12 14:28:31 - mmengine - INFO - set param backbone.patch_embed.proj.bias as id 0
2026/05/12 14:28:31 - mmengine - INFO - set param backbone.patch_embed.norm.weight as id 0
2026/05/12 14:28:31 - mmengine - INFO - set param backbone.patch_embed.norm.bias as id 0
2026/05/12 14:28:31 - mmengine - INFO - set param backbone.blocks.0.norm2.weight as id 1
2026/05/12 14:28:31 - mmengine - INFO - set param backbone.blocks.0.norm2.bias as id 1
2026/05/12 14:28:31 - mmengine - INFO - set param backbone.blocks.0.mlp.fc1.weight as id 1
2026/05/12 14:28:31 - mmengine - INFO - set param backbone.blocks.0.mlp.fc1.bias as id 1
2026/05/12 14:28:31 - mmengine - INFO - set param backbone.blocks.0.mlp.fc2.weight as id 1
2026/05/12 14:28:31 - mmengine - INFO - set param backbone.blocks.0.mlp.fc2.bias as id 1
2026/05/12 14:28:31 - mmengine - INFO - set param backbone.blocks.1.norm2.weight as id 2
2026/05/12 14:28:31 - mmengine - INFO - set param backbone.blocks.1.norm2.bias as id 2
2026/05/12 14:28:31 - mmengine - INFO - set param backbone.blocks.1.mlp.fc1.weight as id 2
2026/05/12 14:28:31 - mmengine - INFO - set param backbone.blocks.1.mlp.fc1.bias as id 2
2026/05/12 14:28:31 - mmengine - INFO - set param backbone.blocks.1.mlp.fc2.weight as id 2
2026/05/12 14:28:31 - mmengine - INFO - set param backbone.blocks.1.mlp.fc2.bias as id 2
2026/05/12 14:28:31 - mmengine - INFO - set param backbone.blocks.2.norm2.weight as id 3
2026/05/12 14:28:31 - mmengine - INFO - set param backbone.blocks.2.norm2.bias as id 3
2026/05/12 14:28:31 - mmengine - INFO - set param backbone.blocks.2.mlp.fc1.weight as id 3
2026/05/12 14:28:31 - mmengine - INFO - set param backbone.blocks.2.mlp.fc1.bias as id 3
2026/05/12 14:28:31 - mmengine - INFO - set param backbone.blocks.2.mlp.fc2.weight as id 3
2026/05/12 14:28:31 - mmengine - INFO - set param backbone.blocks.2.mlp.fc2.bias as id 3
2026/05/12 14:28:31 - mmengine - INFO - set param backbone.blocks.3.norm.weight as id 4
2026/05/12 14:28:31 - mmengine - INFO - set param backbone.blocks.3.norm.bias as id 4
2026/05/12 14:28:31 - mmengine - INFO - set param backbone.blocks.3.reduction.weight as id 4
2026/05/12 14:28:31 - mmengine - INFO - set param backbone.blocks.4.norm2.weight as id 5
2026/05/12 14:28:31 - mmengine - INFO - set param backbone.blocks.4.norm2.bias as id 5
2026/05/12 14:28:31 - mmengine - INFO - set param backbone.blocks.4.mlp.fc1.weight as id 5
2026/05/12 14:28:31 - mmengine - INFO - set param backbone.blocks.4.mlp.fc1.bias as id 5
2026/05/12 14:28:31 - mmengine - INFO - set param backbone.blocks.4.mlp.fc2.weight as id 5
2026/05/12 14:28:31 - mmengine - INFO - set param backbone.blocks.4.mlp.fc2.bias as id 5
2026/05/12 14:28:31 - mmengine - INFO - set param backbone.blocks.5.norm2.weight as id 6
2026/05/12 14:28:31 - mmengine - INFO - set param backbone.blocks.5.norm2.bias as id 6
2026/05/12 14:28:31 - mmengine - INFO - set param backbone.blocks.5.mlp.fc1.weight as id 6
2026/05/12 14:28:31 - mmengine - INFO - set param backbone.blocks.5.mlp.fc1.bias as id 6
2026/05/12 14:28:31 - mmengine - INFO - set param backbone.blocks.5.mlp.fc2.weight as id 6
2026/05/12 14:28:31 - mmengine - INFO - set param backbone.blocks.5.mlp.fc2.bias as id 6
2026/05/12 14:28:31 - mmengine - INFO - set param backbone.blocks.6.norm2.weight as id 7
2026/05/12 14:28:31 - mmengine - INFO - set param backbone.blocks.6.norm2.bias as id 7
2026/05/12 14:28:31 - mmengine - INFO - set param backbone.blocks.6.mlp.fc1.weight as id 7
2026/05/12 14:28:31 - mmengine - INFO - set param backbone.blocks.6.mlp.fc1.bias as id 7
2026/05/12 14:28:31 - mmengine - INFO - set param backbone.blocks.6.mlp.fc2.weight as id 7
2026/05/12 14:28:31 - mmengine - INFO - set param backbone.blocks.6.mlp.fc2.bias as id 7
2026/05/12 14:28:31 - mmengine - INFO - set param backbone.blocks.7.norm.weight as id 8
2026/05/12 14:28:31 - mmengine - INFO - set param backbone.blocks.7.norm.bias as id 8
2026/05/12 14:28:31 - mmengine - INFO - set param backbone.blocks.7.reduction.weight as id 8
2026/05/12 14:28:31 - mmengine - INFO - set param backbone.blocks.8.norm1.weight as id 9
2026/05/12 14:28:31 - mmengine - INFO - set param backbone.blocks.8.norm1.bias as id 9
2026/05/12 14:28:31 - mmengine - INFO - set param backbone.blocks.8.attn.qkv.weight as id 9
2026/05/12 14:28:31 - mmengine - INFO - set param backbone.blocks.8.attn.qkv.bias as id 9
2026/05/12 14:28:31 - mmengine - INFO - set param backbone.blocks.8.attn.proj.weight as id 9
2026/05/12 14:28:31 - mmengine - INFO - set param backbone.blocks.8.attn.proj.bias as id 9
2026/05/12 14:28:31 - mmengine - INFO - set param backbone.blocks.8.norm2.weight as id 9
2026/05/12 14:28:31 - mmengine - INFO - set param backbone.blocks.8.norm2.bias as id 9
2026/05/12 14:28:31 - mmengine - INFO - set param backbone.blocks.8.mlp.fc1.weight as id 9
2026/05/12 14:28:31 - mmengine - INFO - set param backbone.blocks.8.mlp.fc1.bias as id 9
2026/05/12 14:28:31 - mmengine - INFO - set param backbone.blocks.8.mlp.fc2.weight as id 9
2026/05/12 14:28:31 - mmengine - INFO - set param backbone.blocks.8.mlp.fc2.bias as id 9
2026/05/12 14:28:31 - mmengine - INFO - set param backbone.blocks.9.norm1.weight as id 10
2026/05/12 14:28:31 - mmengine - INFO - set param backbone.blocks.9.norm1.bias as id 10
2026/05/12 14:28:31 - mmengine - INFO - set param backbone.blocks.9.attn.qkv.weight as id 10
2026/05/12 14:28:31 - mmengine - INFO - set param backbone.blocks.9.attn.qkv.bias as id 10
2026/05/12 14:28:31 - mmengine - INFO - set param backbone.blocks.9.attn.proj.weight as id 10
2026/05/12 14:28:31 - mmengine - INFO - set param backbone.blocks.9.attn.proj.bias as id 10
2026/05/12 14:28:31 - mmengine - INFO - set param backbone.blocks.9.norm2.weight as id 10
2026/05/12 14:28:31 - mmengine - INFO - set param backbone.blocks.9.norm2.bias as id 10
2026/05/12 14:28:31 - mmengine - INFO - set param backbone.blocks.9.mlp.fc1.weight as id 10
2026/05/12 14:28:31 - mmengine - INFO - set param backbone.blocks.9.mlp.fc1.bias as id 10
2026/05/12 14:28:31 - mmengine - INFO - set param backbone.blocks.9.mlp.fc2.weight as id 10
2026/05/12 14:28:31 - mmengine - INFO - set param backbone.blocks.9.mlp.fc2.bias as id 10
2026/05/12 14:28:31 - mmengine - INFO - set param backbone.blocks.10.norm1.weight as id 11
2026/05/12 14:28:31 - mmengine - INFO - set param backbone.blocks.10.norm1.bias as id 11
2026/05/12 14:28:31 - mmengine - INFO - set param backbone.blocks.10.attn.qkv.weight as id 11
2026/05/12 14:28:31 - mmengine - INFO - set param backbone.blocks.10.attn.qkv.bias as id 11
2026/05/12 14:28:31 - mmengine - INFO - set param backbone.blocks.10.attn.proj.weight as id 11
2026/05/12 14:28:31 - mmengine - INFO - set param backbone.blocks.10.attn.proj.bias as id 11
2026/05/12 14:28:31 - mmengine - INFO - set param backbone.blocks.10.norm2.weight as id 11
2026/05/12 14:28:31 - mmengine - INFO - set param backbone.blocks.10.norm2.bias as id 11
2026/05/12 14:28:31 - mmengine - INFO - set param backbone.blocks.10.mlp.fc1.weight as id 11
2026/05/12 14:28:31 - mmengine - INFO - set param backbone.blocks.10.mlp.fc1.bias as id 11
2026/05/12 14:28:31 - mmengine - INFO - set param backbone.blocks.10.mlp.fc2.weight as id 11
2026/05/12 14:28:31 - mmengine - INFO - set param backbone.blocks.10.mlp.fc2.bias as id 11
2026/05/12 14:28:31 - mmengine - INFO - set param backbone.blocks.11.norm1.weight as id 12
2026/05/12 14:28:31 - mmengine - INFO - set param backbone.blocks.11.norm1.bias as id 12
2026/05/12 14:28:31 - mmengine - INFO - set param backbone.blocks.11.attn.qkv.weight as id 12
2026/05/12 14:28:31 - mmengine - INFO - set param backbone.blocks.11.attn.qkv.bias as id 12
2026/05/12 14:28:31 - mmengine - INFO - set param backbone.blocks.11.attn.proj.weight as id 12
2026/05/12 14:28:31 - mmengine - INFO - set param backbone.blocks.11.attn.proj.bias as id 12
2026/05/12 14:28:31 - mmengine - INFO - set param backbone.blocks.11.norm2.weight as id 12
2026/05/12 14:28:31 - mmengine - INFO - set param backbone.blocks.11.norm2.bias as id 12
2026/05/12 14:28:31 - mmengine - INFO - set param backbone.blocks.11.mlp.fc1.weight as id 12
2026/05/12 14:28:31 - mmengine - INFO - set param backbone.blocks.11.mlp.fc1.bias as id 12
2026/05/12 14:28:31 - mmengine - INFO - set param backbone.blocks.11.mlp.fc2.weight as id 12
2026/05/12 14:28:31 - mmengine - INFO - set param backbone.blocks.11.mlp.fc2.bias as id 12
2026/05/12 14:28:31 - mmengine - INFO - set param backbone.blocks.12.norm1.weight as id 13
2026/05/12 14:28:31 - mmengine - INFO - set param backbone.blocks.12.norm1.bias as id 13
2026/05/12 14:28:31 - mmengine - INFO - set param backbone.blocks.12.attn.qkv.weight as id 13
2026/05/12 14:28:31 - mmengine - INFO - set param backbone.blocks.12.attn.qkv.bias as id 13
2026/05/12 14:28:31 - mmengine - INFO - set param backbone.blocks.12.attn.proj.weight as id 13
2026/05/12 14:28:31 - mmengine - INFO - set param backbone.blocks.12.attn.proj.bias as id 13
2026/05/12 14:28:31 - mmengine - INFO - set param backbone.blocks.12.norm2.weight as id 13
2026/05/12 14:28:31 - mmengine - INFO - set param backbone.blocks.12.norm2.bias as id 13
2026/05/12 14:28:31 - mmengine - INFO - set param backbone.blocks.12.mlp.fc1.weight as id 13
2026/05/12 14:28:31 - mmengine - INFO - set param backbone.blocks.12.mlp.fc1.bias as id 13
2026/05/12 14:28:31 - mmengine - INFO - set param backbone.blocks.12.mlp.fc2.weight as id 13
2026/05/12 14:28:31 - mmengine - INFO - set param backbone.blocks.12.mlp.fc2.bias as id 13
2026/05/12 14:28:31 - mmengine - INFO - set param backbone.blocks.13.norm1.weight as id 14
2026/05/12 14:28:31 - mmengine - INFO - set param backbone.blocks.13.norm1.bias as id 14
2026/05/12 14:28:31 - mmengine - INFO - set param backbone.blocks.13.attn.qkv.weight as id 14
2026/05/12 14:28:31 - mmengine - INFO - set param backbone.blocks.13.attn.qkv.bias as id 14
2026/05/12 14:28:31 - mmengine - INFO - set param backbone.blocks.13.attn.proj.weight as id 14
2026/05/12 14:28:31 - mmengine - INFO - set param backbone.blocks.13.attn.proj.bias as id 14
2026/05/12 14:28:31 - mmengine - INFO - set param backbone.blocks.13.norm2.weight as id 14
2026/05/12 14:28:31 - mmengine - INFO - set param backbone.blocks.13.norm2.bias as id 14
2026/05/12 14:28:31 - mmengine - INFO - set param backbone.blocks.13.mlp.fc1.weight as id 14
2026/05/12 14:28:31 - mmengine - INFO - set param backbone.blocks.13.mlp.fc1.bias as id 14
2026/05/12 14:28:31 - mmengine - INFO - set param backbone.blocks.13.mlp.fc2.weight as id 14
2026/05/12 14:28:31 - mmengine - INFO - set param backbone.blocks.13.mlp.fc2.bias as id 14
2026/05/12 14:28:31 - mmengine - INFO - set param backbone.blocks.14.norm1.weight as id 15
2026/05/12 14:28:31 - mmengine - INFO - set param backbone.blocks.14.norm1.bias as id 15
2026/05/12 14:28:31 - mmengine - INFO - set param backbone.blocks.14.attn.qkv.weight as id 15
2026/05/12 14:28:31 - mmengine - INFO - set param backbone.blocks.14.attn.qkv.bias as id 15
2026/05/12 14:28:31 - mmengine - INFO - set param backbone.blocks.14.attn.proj.weight as id 15
2026/05/12 14:28:31 - mmengine - INFO - set param backbone.blocks.14.attn.proj.bias as id 15
2026/05/12 14:28:31 - mmengine - INFO - set param backbone.blocks.14.norm2.weight as id 15
2026/05/12 14:28:31 - mmengine - INFO - set param backbone.blocks.14.norm2.bias as id 15
2026/05/12 14:28:31 - mmengine - INFO - set param backbone.blocks.14.mlp.fc1.weight as id 15
2026/05/12 14:28:31 - mmengine - INFO - set param backbone.blocks.14.mlp.fc1.bias as id 15
2026/05/12 14:28:31 - mmengine - INFO - set param backbone.blocks.14.mlp.fc2.weight as id 15
2026/05/12 14:28:31 - mmengine - INFO - set param backbone.blocks.14.mlp.fc2.bias as id 15
2026/05/12 14:28:31 - mmengine - INFO - set param backbone.blocks.15.norm1.weight as id 16
2026/05/12 14:28:31 - mmengine - INFO - set param backbone.blocks.15.norm1.bias as id 16
2026/05/12 14:28:31 - mmengine - INFO - set param backbone.blocks.15.attn.qkv.weight as id 16
2026/05/12 14:28:31 - mmengine - INFO - set param backbone.blocks.15.attn.qkv.bias as id 16
2026/05/12 14:28:31 - mmengine - INFO - set param backbone.blocks.15.attn.proj.weight as id 16
2026/05/12 14:28:31 - mmengine - INFO - set param backbone.blocks.15.attn.proj.bias as id 16
2026/05/12 14:28:31 - mmengine - INFO - set param backbone.blocks.15.norm2.weight as id 16
2026/05/12 14:28:31 - mmengine - INFO - set param backbone.blocks.15.norm2.bias as id 16
2026/05/12 14:28:31 - mmengine - INFO - set param backbone.blocks.15.mlp.fc1.weight as id 16
2026/05/12 14:28:31 - mmengine - INFO - set param backbone.blocks.15.mlp.fc1.bias as id 16
2026/05/12 14:28:31 - mmengine - INFO - set param backbone.blocks.15.mlp.fc2.weight as id 16
2026/05/12 14:28:31 - mmengine - INFO - set param backbone.blocks.15.mlp.fc2.bias as id 16
2026/05/12 14:28:31 - mmengine - INFO - set param backbone.blocks.16.norm1.weight as id 17
2026/05/12 14:28:31 - mmengine - INFO - set param backbone.blocks.16.norm1.bias as id 17
2026/05/12 14:28:31 - mmengine - INFO - set param backbone.blocks.16.attn.qkv.weight as id 17
2026/05/12 14:28:31 - mmengine - INFO - set param backbone.blocks.16.attn.qkv.bias as id 17
2026/05/12 14:28:31 - mmengine - INFO - set param backbone.blocks.16.attn.proj.weight as id 17
2026/05/12 14:28:31 - mmengine - INFO - set param backbone.blocks.16.attn.proj.bias as id 17
2026/05/12 14:28:31 - mmengine - INFO - set param backbone.blocks.16.norm2.weight as id 17
2026/05/12 14:28:31 - mmengine - INFO - set param backbone.blocks.16.norm2.bias as id 17
2026/05/12 14:28:31 - mmengine - INFO - set param backbone.blocks.16.mlp.fc1.weight as id 17
2026/05/12 14:28:31 - mmengine - INFO - set param backbone.blocks.16.mlp.fc1.bias as id 17
2026/05/12 14:28:31 - mmengine - INFO - set param backbone.blocks.16.mlp.fc2.weight as id 17
2026/05/12 14:28:31 - mmengine - INFO - set param backbone.blocks.16.mlp.fc2.bias as id 17
2026/05/12 14:28:31 - mmengine - INFO - set param backbone.blocks.17.norm1.weight as id 18
2026/05/12 14:28:31 - mmengine - INFO - set param backbone.blocks.17.norm1.bias as id 18
2026/05/12 14:28:31 - mmengine - INFO - set param backbone.blocks.17.attn.qkv.weight as id 18
2026/05/12 14:28:31 - mmengine - INFO - set param backbone.blocks.17.attn.qkv.bias as id 18
2026/05/12 14:28:31 - mmengine - INFO - set param backbone.blocks.17.attn.proj.weight as id 18
2026/05/12 14:28:31 - mmengine - INFO - set param backbone.blocks.17.attn.proj.bias as id 18
2026/05/12 14:28:31 - mmengine - INFO - set param backbone.blocks.17.norm2.weight as id 18
2026/05/12 14:28:31 - mmengine - INFO - set param backbone.blocks.17.norm2.bias as id 18
2026/05/12 14:28:31 - mmengine - INFO - set param backbone.blocks.17.mlp.fc1.weight as id 18
2026/05/12 14:28:31 - mmengine - INFO - set param backbone.blocks.17.mlp.fc1.bias as id 18
2026/05/12 14:28:31 - mmengine - INFO - set param backbone.blocks.17.mlp.fc2.weight as id 18
2026/05/12 14:28:31 - mmengine - INFO - set param backbone.blocks.17.mlp.fc2.bias as id 18
2026/05/12 14:28:31 - mmengine - INFO - set param backbone.blocks.18.norm1.weight as id 19
2026/05/12 14:28:31 - mmengine - INFO - set param backbone.blocks.18.norm1.bias as id 19
2026/05/12 14:28:31 - mmengine - INFO - set param backbone.blocks.18.attn.qkv.weight as id 19
2026/05/12 14:28:31 - mmengine - INFO - set param backbone.blocks.18.attn.qkv.bias as id 19
2026/05/12 14:28:31 - mmengine - INFO - set param backbone.blocks.18.attn.proj.weight as id 19
2026/05/12 14:28:31 - mmengine - INFO - set param backbone.blocks.18.attn.proj.bias as id 19
2026/05/12 14:28:31 - mmengine - INFO - set param backbone.blocks.18.norm2.weight as id 19
2026/05/12 14:28:31 - mmengine - INFO - set param backbone.blocks.18.norm2.bias as id 19
2026/05/12 14:28:31 - mmengine - INFO - set param backbone.blocks.18.mlp.fc1.weight as id 19
2026/05/12 14:28:31 - mmengine - INFO - set param backbone.blocks.18.mlp.fc1.bias as id 19
2026/05/12 14:28:31 - mmengine - INFO - set param backbone.blocks.18.mlp.fc2.weight as id 19
2026/05/12 14:28:31 - mmengine - INFO - set param backbone.blocks.18.mlp.fc2.bias as id 19
2026/05/12 14:28:31 - mmengine - INFO - set param backbone.blocks.19.norm1.weight as id 20
2026/05/12 14:28:31 - mmengine - INFO - set param backbone.blocks.19.norm1.bias as id 20
2026/05/12 14:28:31 - mmengine - INFO - set param backbone.blocks.19.attn.qkv.weight as id 20
2026/05/12 14:28:31 - mmengine - INFO - set param backbone.blocks.19.attn.qkv.bias as id 20
2026/05/12 14:28:31 - mmengine - INFO - set param backbone.blocks.19.attn.proj.weight as id 20
2026/05/12 14:28:31 - mmengine - INFO - set param backbone.blocks.19.attn.proj.bias as id 20
2026/05/12 14:28:31 - mmengine - INFO - set param backbone.blocks.19.norm2.weight as id 20
2026/05/12 14:28:31 - mmengine - INFO - set param backbone.blocks.19.norm2.bias as id 20
2026/05/12 14:28:31 - mmengine - INFO - set param backbone.blocks.19.mlp.fc1.weight as id 20
2026/05/12 14:28:31 - mmengine - INFO - set param backbone.blocks.19.mlp.fc1.bias as id 20
2026/05/12 14:28:31 - mmengine - INFO - set param backbone.blocks.19.mlp.fc2.weight as id 20
2026/05/12 14:28:31 - mmengine - INFO - set param backbone.blocks.19.mlp.fc2.bias as id 20
2026/05/12 14:28:31 - mmengine - INFO - set param backbone.blocks.20.norm1.weight as id 21
2026/05/12 14:28:31 - mmengine - INFO - set param backbone.blocks.20.norm1.bias as id 21
2026/05/12 14:28:31 - mmengine - INFO - set param backbone.blocks.20.attn.qkv.weight as id 21
2026/05/12 14:28:31 - mmengine - INFO - set param backbone.blocks.20.attn.qkv.bias as id 21
2026/05/12 14:28:31 - mmengine - INFO - set param backbone.blocks.20.attn.proj.weight as id 21
2026/05/12 14:28:31 - mmengine - INFO - set param backbone.blocks.20.attn.proj.bias as id 21
2026/05/12 14:28:31 - mmengine - INFO - set param backbone.blocks.20.norm2.weight as id 21
2026/05/12 14:28:31 - mmengine - INFO - set param backbone.blocks.20.norm2.bias as id 21
2026/05/12 14:28:31 - mmengine - INFO - set param backbone.blocks.20.mlp.fc1.weight as id 21
2026/05/12 14:28:31 - mmengine - INFO - set param backbone.blocks.20.mlp.fc1.bias as id 21
2026/05/12 14:28:31 - mmengine - INFO - set param backbone.blocks.20.mlp.fc2.weight as id 21
2026/05/12 14:28:31 - mmengine - INFO - set param backbone.blocks.20.mlp.fc2.bias as id 21
2026/05/12 14:28:31 - mmengine - INFO - set param backbone.blocks.21.norm1.weight as id 22
2026/05/12 14:28:31 - mmengine - INFO - set param backbone.blocks.21.norm1.bias as id 22
2026/05/12 14:28:31 - mmengine - INFO - set param backbone.blocks.21.attn.qkv.weight as id 22
2026/05/12 14:28:31 - mmengine - INFO - set param backbone.blocks.21.attn.qkv.bias as id 22
2026/05/12 14:28:31 - mmengine - INFO - set param backbone.blocks.21.attn.proj.weight as id 22
2026/05/12 14:28:31 - mmengine - INFO - set param backbone.blocks.21.attn.proj.bias as id 22
2026/05/12 14:28:31 - mmengine - INFO - set param backbone.blocks.21.norm2.weight as id 22
2026/05/12 14:28:31 - mmengine - INFO - set param backbone.blocks.21.norm2.bias as id 22
2026/05/12 14:28:31 - mmengine - INFO - set param backbone.blocks.21.mlp.fc1.weight as id 22
2026/05/12 14:28:31 - mmengine - INFO - set param backbone.blocks.21.mlp.fc1.bias as id 22
2026/05/12 14:28:31 - mmengine - INFO - set param backbone.blocks.21.mlp.fc2.weight as id 22
2026/05/12 14:28:31 - mmengine - INFO - set param backbone.blocks.21.mlp.fc2.bias as id 22
2026/05/12 14:28:31 - mmengine - INFO - set param backbone.blocks.22.norm1.weight as id 23
2026/05/12 14:28:31 - mmengine - INFO - set param backbone.blocks.22.norm1.bias as id 23
2026/05/12 14:28:31 - mmengine - INFO - set param backbone.blocks.22.attn.qkv.weight as id 23
2026/05/12 14:28:31 - mmengine - INFO - set param backbone.blocks.22.attn.qkv.bias as id 23
2026/05/12 14:28:31 - mmengine - INFO - set param backbone.blocks.22.attn.proj.weight as id 23
2026/05/12 14:28:31 - mmengine - INFO - set param backbone.blocks.22.attn.proj.bias as id 23
2026/05/12 14:28:31 - mmengine - INFO - set param backbone.blocks.22.norm2.weight as id 23
2026/05/12 14:28:31 - mmengine - INFO - set param backbone.blocks.22.norm2.bias as id 23
2026/05/12 14:28:31 - mmengine - INFO - set param backbone.blocks.22.mlp.fc1.weight as id 23
2026/05/12 14:28:31 - mmengine - INFO - set param backbone.blocks.22.mlp.fc1.bias as id 23
2026/05/12 14:28:31 - mmengine - INFO - set param backbone.blocks.22.mlp.fc2.weight as id 23
2026/05/12 14:28:31 - mmengine - INFO - set param backbone.blocks.22.mlp.fc2.bias as id 23
2026/05/12 14:28:31 - mmengine - INFO - set param backbone.blocks.23.norm1.weight as id 24
2026/05/12 14:28:31 - mmengine - INFO - set param backbone.blocks.23.norm1.bias as id 24
2026/05/12 14:28:31 - mmengine - INFO - set param backbone.blocks.23.attn.qkv.weight as id 24
2026/05/12 14:28:31 - mmengine - INFO - set param backbone.blocks.23.attn.qkv.bias as id 24
2026/05/12 14:28:31 - mmengine - INFO - set param backbone.blocks.23.attn.proj.weight as id 24
2026/05/12 14:28:31 - mmengine - INFO - set param backbone.blocks.23.attn.proj.bias as id 24
2026/05/12 14:28:31 - mmengine - INFO - set param backbone.blocks.23.norm2.weight as id 24
2026/05/12 14:28:31 - mmengine - INFO - set param backbone.blocks.23.norm2.bias as id 24
2026/05/12 14:28:31 - mmengine - INFO - set param backbone.blocks.23.mlp.fc1.weight as id 24
2026/05/12 14:28:31 - mmengine - INFO - set param backbone.blocks.23.mlp.fc1.bias as id 24
2026/05/12 14:28:31 - mmengine - INFO - set param backbone.blocks.23.mlp.fc2.weight as id 24
2026/05/12 14:28:31 - mmengine - INFO - set param backbone.blocks.23.mlp.fc2.bias as id 24
2026/05/12 14:28:31 - mmengine - INFO - set param backbone.blocks.24.norm1.weight as id 25
2026/05/12 14:28:31 - mmengine - INFO - set param backbone.blocks.24.norm1.bias as id 25
2026/05/12 14:28:31 - mmengine - INFO - set param backbone.blocks.24.attn.qkv.weight as id 25
2026/05/12 14:28:31 - mmengine - INFO - set param backbone.blocks.24.attn.qkv.bias as id 25
2026/05/12 14:28:31 - mmengine - INFO - set param backbone.blocks.24.attn.proj.weight as id 25
2026/05/12 14:28:31 - mmengine - INFO - set param backbone.blocks.24.attn.proj.bias as id 25
2026/05/12 14:28:31 - mmengine - INFO - set param backbone.blocks.24.norm2.weight as id 25
2026/05/12 14:28:31 - mmengine - INFO - set param backbone.blocks.24.norm2.bias as id 25
2026/05/12 14:28:31 - mmengine - INFO - set param backbone.blocks.24.mlp.fc1.weight as id 25
2026/05/12 14:28:31 - mmengine - INFO - set param backbone.blocks.24.mlp.fc1.bias as id 25
2026/05/12 14:28:31 - mmengine - INFO - set param backbone.blocks.24.mlp.fc2.weight as id 25
2026/05/12 14:28:31 - mmengine - INFO - set param backbone.blocks.24.mlp.fc2.bias as id 25
2026/05/12 14:28:31 - mmengine - INFO - set param backbone.blocks.25.norm1.weight as id 26
2026/05/12 14:28:31 - mmengine - INFO - set param backbone.blocks.25.norm1.bias as id 26
2026/05/12 14:28:31 - mmengine - INFO - set param backbone.blocks.25.attn.qkv.weight as id 26
2026/05/12 14:28:31 - mmengine - INFO - set param backbone.blocks.25.attn.qkv.bias as id 26
2026/05/12 14:28:31 - mmengine - INFO - set param backbone.blocks.25.attn.proj.weight as id 26
2026/05/12 14:28:31 - mmengine - INFO - set param backbone.blocks.25.attn.proj.bias as id 26
2026/05/12 14:28:31 - mmengine - INFO - set param backbone.blocks.25.norm2.weight as id 26
2026/05/12 14:28:31 - mmengine - INFO - set param backbone.blocks.25.norm2.bias as id 26
2026/05/12 14:28:31 - mmengine - INFO - set param backbone.blocks.25.mlp.fc1.weight as id 26
2026/05/12 14:28:31 - mmengine - INFO - set param backbone.blocks.25.mlp.fc1.bias as id 26
2026/05/12 14:28:31 - mmengine - INFO - set param backbone.blocks.25.mlp.fc2.weight as id 26
2026/05/12 14:28:31 - mmengine - INFO - set param backbone.blocks.25.mlp.fc2.bias as id 26
2026/05/12 14:28:31 - mmengine - INFO - set param backbone.blocks.26.norm1.weight as id 27
2026/05/12 14:28:31 - mmengine - INFO - set param backbone.blocks.26.norm1.bias as id 27
2026/05/12 14:28:31 - mmengine - INFO - set param backbone.blocks.26.attn.qkv.weight as id 27
2026/05/12 14:28:31 - mmengine - INFO - set param backbone.blocks.26.attn.qkv.bias as id 27
2026/05/12 14:28:31 - mmengine - INFO - set param backbone.blocks.26.attn.proj.weight as id 27
2026/05/12 14:28:31 - mmengine - INFO - set param backbone.blocks.26.attn.proj.bias as id 27
2026/05/12 14:28:31 - mmengine - INFO - set param backbone.blocks.26.norm2.weight as id 27
2026/05/12 14:28:31 - mmengine - INFO - set param backbone.blocks.26.norm2.bias as id 27
2026/05/12 14:28:31 - mmengine - INFO - set param backbone.blocks.26.mlp.fc1.weight as id 27
2026/05/12 14:28:31 - mmengine - INFO - set param backbone.blocks.26.mlp.fc1.bias as id 27
2026/05/12 14:28:31 - mmengine - INFO - set param backbone.blocks.26.mlp.fc2.weight as id 27
2026/05/12 14:28:31 - mmengine - INFO - set param backbone.blocks.26.mlp.fc2.bias as id 27
2026/05/12 14:28:31 - mmengine - INFO - set param backbone.blocks.27.norm1.weight as id 28
2026/05/12 14:28:31 - mmengine - INFO - set param backbone.blocks.27.norm1.bias as id 28
2026/05/12 14:28:31 - mmengine - INFO - set param backbone.blocks.27.attn.qkv.weight as id 28
2026/05/12 14:28:31 - mmengine - INFO - set param backbone.blocks.27.attn.qkv.bias as id 28
2026/05/12 14:28:31 - mmengine - INFO - set param backbone.blocks.27.attn.proj.weight as id 28
2026/05/12 14:28:31 - mmengine - INFO - set param backbone.blocks.27.attn.proj.bias as id 28
2026/05/12 14:28:31 - mmengine - INFO - set param backbone.blocks.27.norm2.weight as id 28
2026/05/12 14:28:31 - mmengine - INFO - set param backbone.blocks.27.norm2.bias as id 28
2026/05/12 14:28:31 - mmengine - INFO - set param backbone.blocks.27.mlp.fc1.weight as id 28
2026/05/12 14:28:31 - mmengine - INFO - set param backbone.blocks.27.mlp.fc1.bias as id 28
2026/05/12 14:28:31 - mmengine - INFO - set param backbone.blocks.27.mlp.fc2.weight as id 28
2026/05/12 14:28:31 - mmengine - INFO - set param backbone.blocks.27.mlp.fc2.bias as id 28
2026/05/12 14:28:31 - mmengine - INFO - set param backbone.blocks.28.norm1.weight as id 29
2026/05/12 14:28:31 - mmengine - INFO - set param backbone.blocks.28.norm1.bias as id 29
2026/05/12 14:28:31 - mmengine - INFO - set param backbone.blocks.28.attn.qkv.weight as id 29
2026/05/12 14:28:31 - mmengine - INFO - set param backbone.blocks.28.attn.qkv.bias as id 29
2026/05/12 14:28:31 - mmengine - INFO - set param backbone.blocks.28.attn.proj.weight as id 29
2026/05/12 14:28:31 - mmengine - INFO - set param backbone.blocks.28.attn.proj.bias as id 29
2026/05/12 14:28:31 - mmengine - INFO - set param backbone.blocks.28.norm2.weight as id 29
2026/05/12 14:28:31 - mmengine - INFO - set param backbone.blocks.28.norm2.bias as id 29
2026/05/12 14:28:31 - mmengine - INFO - set param backbone.blocks.28.mlp.fc1.weight as id 29
2026/05/12 14:28:31 - mmengine - INFO - set param backbone.blocks.28.mlp.fc1.bias as id 29
2026/05/12 14:28:31 - mmengine - INFO - set param backbone.blocks.28.mlp.fc2.weight as id 29
2026/05/12 14:28:31 - mmengine - INFO - set param backbone.blocks.28.mlp.fc2.bias as id 29
2026/05/12 14:28:31 - mmengine - INFO - set param backbone.blocks.29.norm1.weight as id 30
2026/05/12 14:28:31 - mmengine - INFO - set param backbone.blocks.29.norm1.bias as id 30
2026/05/12 14:28:31 - mmengine - INFO - set param backbone.blocks.29.attn.qkv.weight as id 30
2026/05/12 14:28:31 - mmengine - INFO - set param backbone.blocks.29.attn.qkv.bias as id 30
2026/05/12 14:28:31 - mmengine - INFO - set param backbone.blocks.29.attn.proj.weight as id 30
2026/05/12 14:28:31 - mmengine - INFO - set param backbone.blocks.29.attn.proj.bias as id 30
2026/05/12 14:28:31 - mmengine - INFO - set param backbone.blocks.29.norm2.weight as id 30
2026/05/12 14:28:31 - mmengine - INFO - set param backbone.blocks.29.norm2.bias as id 30
2026/05/12 14:28:31 - mmengine - INFO - set param backbone.blocks.29.mlp.fc1.weight as id 30
2026/05/12 14:28:31 - mmengine - INFO - set param backbone.blocks.29.mlp.fc1.bias as id 30
2026/05/12 14:28:31 - mmengine - INFO - set param backbone.blocks.29.mlp.fc2.weight as id 30
2026/05/12 14:28:31 - mmengine - INFO - set param backbone.blocks.29.mlp.fc2.bias as id 30
2026/05/12 14:28:31 - mmengine - INFO - set param backbone.blocks.30.norm1.weight as id 31
2026/05/12 14:28:31 - mmengine - INFO - set param backbone.blocks.30.norm1.bias as id 31
2026/05/12 14:28:31 - mmengine - INFO - set param backbone.blocks.30.attn.qkv.weight as id 31
2026/05/12 14:28:31 - mmengine - INFO - set param backbone.blocks.30.attn.qkv.bias as id 31
2026/05/12 14:28:31 - mmengine - INFO - set param backbone.blocks.30.attn.proj.weight as id 31
2026/05/12 14:28:31 - mmengine - INFO - set param backbone.blocks.30.attn.proj.bias as id 31
2026/05/12 14:28:31 - mmengine - INFO - set param backbone.blocks.30.norm2.weight as id 31
2026/05/12 14:28:31 - mmengine - INFO - set param backbone.blocks.30.norm2.bias as id 31
2026/05/12 14:28:31 - mmengine - INFO - set param backbone.blocks.30.mlp.fc1.weight as id 31
2026/05/12 14:28:31 - mmengine - INFO - set param backbone.blocks.30.mlp.fc1.bias as id 31
2026/05/12 14:28:31 - mmengine - INFO - set param backbone.blocks.30.mlp.fc2.weight as id 31
2026/05/12 14:28:31 - mmengine - INFO - set param backbone.blocks.30.mlp.fc2.bias as id 31
2026/05/12 14:28:31 - mmengine - INFO - set param backbone.blocks.31.norm1.weight as id 32
2026/05/12 14:28:31 - mmengine - INFO - set param backbone.blocks.31.norm1.bias as id 32
2026/05/12 14:28:31 - mmengine - INFO - set param backbone.blocks.31.attn.qkv.weight as id 32
2026/05/12 14:28:31 - mmengine - INFO - set param backbone.blocks.31.attn.qkv.bias as id 32
2026/05/12 14:28:31 - mmengine - INFO - set param backbone.blocks.31.attn.proj.weight as id 32
2026/05/12 14:28:31 - mmengine - INFO - set param backbone.blocks.31.attn.proj.bias as id 32
2026/05/12 14:28:31 - mmengine - INFO - set param backbone.blocks.31.norm2.weight as id 32
2026/05/12 14:28:31 - mmengine - INFO - set param backbone.blocks.31.norm2.bias as id 32
2026/05/12 14:28:31 - mmengine - INFO - set param backbone.blocks.31.mlp.fc1.weight as id 32
2026/05/12 14:28:31 - mmengine - INFO - set param backbone.blocks.31.mlp.fc1.bias as id 32
2026/05/12 14:28:31 - mmengine - INFO - set param backbone.blocks.31.mlp.fc2.weight as id 32
2026/05/12 14:28:31 - mmengine - INFO - set param backbone.blocks.31.mlp.fc2.bias as id 32
2026/05/12 14:28:31 - mmengine - INFO - set param backbone.align_dim_16tofpn.weight as id 32
2026/05/12 14:28:31 - mmengine - INFO - set param backbone.align_dim_16tofpn.bias as id 32
2026/05/12 14:28:31 - mmengine - INFO - set param backbone.fpn_modules.0.norm2.weight as id 32
2026/05/12 14:28:31 - mmengine - INFO - set param backbone.fpn_modules.0.norm2.bias as id 32
2026/05/12 14:28:31 - mmengine - INFO - set param backbone.fpn_modules.0.mlp.fc1.weight as id 32
2026/05/12 14:28:31 - mmengine - INFO - set param backbone.fpn_modules.0.mlp.fc1.bias as id 32
2026/05/12 14:28:31 - mmengine - INFO - set param backbone.fpn_modules.0.mlp.fc2.weight as id 32
2026/05/12 14:28:31 - mmengine - INFO - set param backbone.fpn_modules.0.mlp.fc2.bias as id 32
2026/05/12 14:28:31 - mmengine - INFO - set param backbone.fpn_modules.1.norm2.weight as id 32
2026/05/12 14:28:31 - mmengine - INFO - set param backbone.fpn_modules.1.norm2.bias as id 32
2026/05/12 14:28:31 - mmengine - INFO - set param backbone.fpn_modules.1.mlp.fc1.weight as id 32
2026/05/12 14:28:31 - mmengine - INFO - set param backbone.fpn_modules.1.mlp.fc1.bias as id 32
2026/05/12 14:28:31 - mmengine - INFO - set param backbone.fpn_modules.1.mlp.fc2.weight as id 32
2026/05/12 14:28:31 - mmengine - INFO - set param backbone.fpn_modules.1.mlp.fc2.bias as id 32
2026/05/12 14:28:31 - mmengine - INFO - set param backbone.fpn_modules.2.norm2.weight as id 32
2026/05/12 14:28:31 - mmengine - INFO - set param backbone.fpn_modules.2.norm2.bias as id 32
2026/05/12 14:28:31 - mmengine - INFO - set param backbone.fpn_modules.2.mlp.fc1.weight as id 32
2026/05/12 14:28:31 - mmengine - INFO - set param backbone.fpn_modules.2.mlp.fc1.bias as id 32
2026/05/12 14:28:31 - mmengine - INFO - set param backbone.fpn_modules.2.mlp.fc2.weight as id 32
2026/05/12 14:28:31 - mmengine - INFO - set param backbone.fpn_modules.2.mlp.fc2.bias as id 32
2026/05/12 14:28:31 - mmengine - INFO - set param backbone.align_dim_16to8.weight as id 32
2026/05/12 14:28:31 - mmengine - INFO - set param backbone.split_16to8.norm.weight as id 32
2026/05/12 14:28:31 - mmengine - INFO - set param backbone.split_16to8.norm.bias as id 32
2026/05/12 14:28:31 - mmengine - INFO - set param backbone.split_16to8.reduction.weight as id 32
2026/05/12 14:28:31 - mmengine - INFO - set param backbone.block_16to8.0.norm2.weight as id 32
2026/05/12 14:28:31 - mmengine - INFO - set param backbone.block_16to8.0.norm2.bias as id 32
2026/05/12 14:28:31 - mmengine - INFO - set param backbone.block_16to8.0.mlp.fc1.weight as id 32
2026/05/12 14:28:31 - mmengine - INFO - set param backbone.block_16to8.0.mlp.fc1.bias as id 32
2026/05/12 14:28:31 - mmengine - INFO - set param backbone.block_16to8.0.mlp.fc2.weight as id 32
2026/05/12 14:28:31 - mmengine - INFO - set param backbone.block_16to8.0.mlp.fc2.bias as id 32
2026/05/12 14:28:31 - mmengine - INFO - set param backbone.block_16to8.1.norm2.weight as id 32
2026/05/12 14:28:31 - mmengine - INFO - set param backbone.block_16to8.1.norm2.bias as id 32
2026/05/12 14:28:31 - mmengine - INFO - set param backbone.block_16to8.1.mlp.fc1.weight as id 32
2026/05/12 14:28:31 - mmengine - INFO - set param backbone.block_16to8.1.mlp.fc1.bias as id 32
2026/05/12 14:28:31 - mmengine - INFO - set param backbone.block_16to8.1.mlp.fc2.weight as id 32
2026/05/12 14:28:31 - mmengine - INFO - set param backbone.block_16to8.1.mlp.fc2.bias as id 32
2026/05/12 14:28:31 - mmengine - INFO - set param backbone.align_dim_8to4.weight as id 32
2026/05/12 14:28:31 - mmengine - INFO - set param backbone.split_8to4.norm.weight as id 32
2026/05/12 14:28:31 - mmengine - INFO - set param backbone.split_8to4.norm.bias as id 32
2026/05/12 14:28:31 - mmengine - INFO - set param backbone.split_8to4.reduction.weight as id 32
2026/05/12 14:28:31 - mmengine - INFO - set param backbone.block_8to4.0.norm2.weight as id 32
2026/05/12 14:28:31 - mmengine - INFO - set param backbone.block_8to4.0.norm2.bias as id 32
2026/05/12 14:28:31 - mmengine - INFO - set param backbone.block_8to4.0.mlp.fc1.weight as id 32
2026/05/12 14:28:31 - mmengine - INFO - set param backbone.block_8to4.0.mlp.fc1.bias as id 32
2026/05/12 14:28:31 - mmengine - INFO - set param backbone.block_8to4.0.mlp.fc2.weight as id 32
2026/05/12 14:28:31 - mmengine - INFO - set param backbone.block_8to4.0.mlp.fc2.bias as id 32
2026/05/12 14:28:31 - mmengine - INFO - set param backbone.block_8to4.1.norm2.weight as id 32
2026/05/12 14:28:31 - mmengine - INFO - set param backbone.block_8to4.1.norm2.bias as id 32
2026/05/12 14:28:31 - mmengine - INFO - set param backbone.block_8to4.1.mlp.fc1.weight as id 32
2026/05/12 14:28:31 - mmengine - INFO - set param backbone.block_8to4.1.mlp.fc1.bias as id 32
2026/05/12 14:28:31 - mmengine - INFO - set param backbone.block_8to4.1.mlp.fc2.weight as id 32
2026/05/12 14:28:31 - mmengine - INFO - set param backbone.block_8to4.1.mlp.fc2.bias as id 32
2026/05/12 14:28:31 - mmengine - INFO - set param decode_head.conv_seg.weight as id 32
2026/05/12 14:28:31 - mmengine - INFO - set param decode_head.conv_seg.bias as id 32
2026/05/12 14:28:31 - mmengine - INFO - set param decode_head.psp_modules.0.1.conv.weight as id 32
2026/05/12 14:28:31 - mmengine - INFO - set param decode_head.psp_modules.0.1.bn.weight as id 32
2026/05/12 14:28:31 - mmengine - INFO - set param decode_head.psp_modules.0.1.bn.bias as id 32
2026/05/12 14:28:31 - mmengine - INFO - set param decode_head.psp_modules.1.1.conv.weight as id 32
2026/05/12 14:28:31 - mmengine - INFO - set param decode_head.psp_modules.1.1.bn.weight as id 32
2026/05/12 14:28:31 - mmengine - INFO - set param decode_head.psp_modules.1.1.bn.bias as id 32
2026/05/12 14:28:31 - mmengine - INFO - set param decode_head.psp_modules.2.1.conv.weight as id 32
2026/05/12 14:28:31 - mmengine - INFO - set param decode_head.psp_modules.2.1.bn.weight as id 32
2026/05/12 14:28:31 - mmengine - INFO - set param decode_head.psp_modules.2.1.bn.bias as id 32
2026/05/12 14:28:31 - mmengine - INFO - set param decode_head.psp_modules.3.1.conv.weight as id 32
2026/05/12 14:28:31 - mmengine - INFO - set param decode_head.psp_modules.3.1.bn.weight as id 32
2026/05/12 14:28:31 - mmengine - INFO - set param decode_head.psp_modules.3.1.bn.bias as id 32
2026/05/12 14:28:31 - mmengine - INFO - set param decode_head.bottleneck.conv.weight as id 32
2026/05/12 14:28:31 - mmengine - INFO - set param decode_head.bottleneck.bn.weight as id 32
2026/05/12 14:28:31 - mmengine - INFO - set param decode_head.bottleneck.bn.bias as id 32
2026/05/12 14:28:31 - mmengine - INFO - set param decode_head.lateral_convs.0.conv.weight as id 32
2026/05/12 14:28:31 - mmengine - INFO - set param decode_head.lateral_convs.0.bn.weight as id 32
2026/05/12 14:28:31 - mmengine - INFO - set param decode_head.lateral_convs.0.bn.bias as id 32
2026/05/12 14:28:31 - mmengine - INFO - set param decode_head.lateral_convs.1.conv.weight as id 32
2026/05/12 14:28:31 - mmengine - INFO - set param decode_head.lateral_convs.1.bn.weight as id 32
2026/05/12 14:28:31 - mmengine - INFO - set param decode_head.lateral_convs.1.bn.bias as id 32
2026/05/12 14:28:31 - mmengine - INFO - set param decode_head.lateral_convs.2.conv.weight as id 32
2026/05/12 14:28:31 - mmengine - INFO - set param decode_head.lateral_convs.2.bn.weight as id 32
2026/05/12 14:28:31 - mmengine - INFO - set param decode_head.lateral_convs.2.bn.bias as id 32
2026/05/12 14:28:31 - mmengine - INFO - set param decode_head.fpn_convs.0.conv.weight as id 32
2026/05/12 14:28:31 - mmengine - INFO - set param decode_head.fpn_convs.0.bn.weight as id 32
2026/05/12 14:28:31 - mmengine - INFO - set param decode_head.fpn_convs.0.bn.bias as id 32
2026/05/12 14:28:31 - mmengine - INFO - set param decode_head.fpn_convs.1.conv.weight as id 32
2026/05/12 14:28:31 - mmengine - INFO - set param decode_head.fpn_convs.1.bn.weight as id 32
2026/05/12 14:28:31 - mmengine - INFO - set param decode_head.fpn_convs.1.bn.bias as id 32
2026/05/12 14:28:31 - mmengine - INFO - set param decode_head.fpn_convs.2.conv.weight as id 32
2026/05/12 14:28:31 - mmengine - INFO - set param decode_head.fpn_convs.2.bn.weight as id 32
2026/05/12 14:28:31 - mmengine - INFO - set param decode_head.fpn_convs.2.bn.bias as id 32
2026/05/12 14:28:31 - mmengine - INFO - set param decode_head.fpn_bottleneck.conv.weight as id 32
2026/05/12 14:28:31 - mmengine - INFO - set param decode_head.fpn_bottleneck.bn.weight as id 32
2026/05/12 14:28:31 - mmengine - INFO - set param decode_head.fpn_bottleneck.bn.bias as id 32
2026/05/12 14:28:31 - mmengine - INFO - set param auxiliary_head.conv_seg.weight as id 32
2026/05/12 14:28:31 - mmengine - INFO - set param auxiliary_head.conv_seg.bias as id 32
2026/05/12 14:28:31 - mmengine - INFO - set param auxiliary_head.convs.0.conv.weight as id 32
2026/05/12 14:28:31 - mmengine - INFO - set param auxiliary_head.convs.0.bn.weight as id 32
2026/05/12 14:28:31 - mmengine - INFO - set param auxiliary_head.convs.0.bn.bias as id 32
2026/05/12 14:28:31 - mmengine - INFO - Param groups = {
  "layer_0_layer_0_no_decay": {
    "param_names": [
      "backbone.absolute_pos_embed",
      "backbone.patch_embed.proj.bias",
      "backbone.patch_embed.norm.weight",
      "backbone.patch_embed.norm.bias"
    ],
    "lr_scale": 0.03433683820292515,
    "lr": 3.433683820292515e-05,
    "weight_decay": 0.0
  },
  "layer_0_layer_0_decay": {
    "param_names": [
      "backbone.patch_embed.proj.weight"
    ],
    "lr_scale": 0.03433683820292515,
    "lr": 3.433683820292515e-05,
    "weight_decay": 0.05
  },
  "layer_1_layer_1_no_decay": {
    "param_names": [
      "backbone.blocks.0.norm2.weight",
      "backbone.blocks.0.norm2.bias",
      "backbone.blocks.0.mlp.fc1.bias",
      "backbone.blocks.0.mlp.fc2.bias"
    ],
    "lr_scale": 0.038152042447694615,
    "lr": 3.8152042447694614e-05,
    "weight_decay": 0.0
  },
  "layer_1_layer_1_decay": {
    "param_names": [
      "backbone.blocks.0.mlp.fc1.weight",
      "backbone.blocks.0.mlp.fc2.weight"
    ],
    "lr_scale": 0.038152042447694615,
    "lr": 3.8152042447694614e-05,
    "weight_decay": 0.05
  },
  "layer_2_layer_2_no_decay": {
    "param_names": [
      "backbone.blocks.1.norm2.weight",
      "backbone.blocks.1.norm2.bias",
      "backbone.blocks.1.mlp.fc1.bias",
      "backbone.blocks.1.mlp.fc2.bias"
    ],
    "lr_scale": 0.04239115827521624,
    "lr": 4.239115827521624e-05,
    "weight_decay": 0.0
  },
  "layer_2_layer_2_decay": {
    "param_names": [
      "backbone.blocks.1.mlp.fc1.weight",
      "backbone.blocks.1.mlp.fc2.weight"
    ],
    "lr_scale": 0.04239115827521624,
    "lr": 4.239115827521624e-05,
    "weight_decay": 0.05
  },
  "layer_3_layer_3_no_decay": {
    "param_names": [
      "backbone.blocks.2.norm2.weight",
      "backbone.blocks.2.norm2.bias",
      "backbone.blocks.2.mlp.fc1.bias",
      "backbone.blocks.2.mlp.fc2.bias"
    ],
    "lr_scale": 0.047101286972462485,
    "lr": 4.7101286972462485e-05,
    "weight_decay": 0.0
  },
  "layer_3_layer_3_decay": {
    "param_names": [
      "backbone.blocks.2.mlp.fc1.weight",
      "backbone.blocks.2.mlp.fc2.weight"
    ],
    "lr_scale": 0.047101286972462485,
    "lr": 4.7101286972462485e-05,
    "weight_decay": 0.05
  },
  "layer_4_layer_4_no_decay": {
    "param_names": [
      "backbone.blocks.3.norm.weight",
      "backbone.blocks.3.norm.bias"
    ],
    "lr_scale": 0.05233476330273609,
    "lr": 5.233476330273609e-05,
    "weight_decay": 0.0
  },
  "layer_4_layer_4_decay": {
    "param_names": [
      "backbone.blocks.3.reduction.weight"
    ],
    "lr_scale": 0.05233476330273609,
    "lr": 5.233476330273609e-05,
    "weight_decay": 0.05
  },
  "layer_5_layer_5_no_decay": {
    "param_names": [
      "backbone.blocks.4.norm2.weight",
      "backbone.blocks.4.norm2.bias",
      "backbone.blocks.4.mlp.fc1.bias",
      "backbone.blocks.4.mlp.fc2.bias"
    ],
    "lr_scale": 0.058149737003040096,
    "lr": 5.8149737003040094e-05,
    "weight_decay": 0.0
  },
  "layer_5_layer_5_decay": {
    "param_names": [
      "backbone.blocks.4.mlp.fc1.weight",
      "backbone.blocks.4.mlp.fc2.weight"
    ],
    "lr_scale": 0.058149737003040096,
    "lr": 5.8149737003040094e-05,
    "weight_decay": 0.05
  },
  "layer_6_layer_6_no_decay": {
    "param_names": [
      "backbone.blocks.5.norm2.weight",
      "backbone.blocks.5.norm2.bias",
      "backbone.blocks.5.mlp.fc1.bias",
      "backbone.blocks.5.mlp.fc2.bias"
    ],
    "lr_scale": 0.06461081889226677,
    "lr": 6.461081889226677e-05,
    "weight_decay": 0.0
  },
  "layer_6_layer_6_decay": {
    "param_names": [
      "backbone.blocks.5.mlp.fc1.weight",
      "backbone.blocks.5.mlp.fc2.weight"
    ],
    "lr_scale": 0.06461081889226677,
    "lr": 6.461081889226677e-05,
    "weight_decay": 0.05
  },
  "layer_7_layer_7_no_decay": {
    "param_names": [
      "backbone.blocks.6.norm2.weight",
      "backbone.blocks.6.norm2.bias",
      "backbone.blocks.6.mlp.fc1.bias",
      "backbone.blocks.6.mlp.fc2.bias"
    ],
    "lr_scale": 0.0717897987691853,
    "lr": 7.17897987691853e-05,
    "weight_decay": 0.0
  },
  "layer_7_layer_7_decay": {
    "param_names": [
      "backbone.blocks.6.mlp.fc1.weight",
      "backbone.blocks.6.mlp.fc2.weight"
    ],
    "lr_scale": 0.0717897987691853,
    "lr": 7.17897987691853e-05,
    "weight_decay": 0.05
  },
  "layer_8_layer_8_no_decay": {
    "param_names": [
      "backbone.blocks.7.norm.weight",
      "backbone.blocks.7.norm.bias"
    ],
    "lr_scale": 0.07976644307687256,
    "lr": 7.976644307687256e-05,
    "weight_decay": 0.0
  },
  "layer_8_layer_8_decay": {
    "param_names": [
      "backbone.blocks.7.reduction.weight"
    ],
    "lr_scale": 0.07976644307687256,
    "lr": 7.976644307687256e-05,
    "weight_decay": 0.05
  },
  "layer_9_layer_9_no_decay": {
    "param_names": [
      "backbone.blocks.8.norm1.weight",
      "backbone.blocks.8.norm1.bias",
      "backbone.blocks.8.attn.qkv.bias",
      "backbone.blocks.8.attn.proj.bias",
      "backbone.blocks.8.norm2.weight",
      "backbone.blocks.8.norm2.bias",
      "backbone.blocks.8.mlp.fc1.bias",
      "backbone.blocks.8.mlp.fc2.bias"
    ],
    "lr_scale": 0.08862938119652507,
    "lr": 8.862938119652506e-05,
    "weight_decay": 0.0
  },
  "layer_9_layer_9_decay": {
    "param_names": [
      "backbone.blocks.8.attn.qkv.weight",
      "backbone.blocks.8.attn.proj.weight",
      "backbone.blocks.8.mlp.fc1.weight",
      "backbone.blocks.8.mlp.fc2.weight"
    ],
    "lr_scale": 0.08862938119652507,
    "lr": 8.862938119652506e-05,
    "weight_decay": 0.05
  },
  "layer_10_layer_10_no_decay": {
    "param_names": [
      "backbone.blocks.9.norm1.weight",
      "backbone.blocks.9.norm1.bias",
      "backbone.blocks.9.attn.qkv.bias",
      "backbone.blocks.9.attn.proj.bias",
      "backbone.blocks.9.norm2.weight",
      "backbone.blocks.9.norm2.bias",
      "backbone.blocks.9.mlp.fc1.bias",
      "backbone.blocks.9.mlp.fc2.bias"
    ],
    "lr_scale": 0.09847709021836118,
    "lr": 9.847709021836118e-05,
    "weight_decay": 0.0
  },
  "layer_10_layer_10_decay": {
    "param_names": [
      "backbone.blocks.9.attn.qkv.weight",
      "backbone.blocks.9.attn.proj.weight",
      "backbone.blocks.9.mlp.fc1.weight",
      "backbone.blocks.9.mlp.fc2.weight"
    ],
    "lr_scale": 0.09847709021836118,
    "lr": 9.847709021836118e-05,
    "weight_decay": 0.05
  },
  "layer_11_layer_11_no_decay": {
    "param_names": [
      "backbone.blocks.10.norm1.weight",
      "backbone.blocks.10.norm1.bias",
      "backbone.blocks.10.attn.qkv.bias",
      "backbone.blocks.10.attn.proj.bias",
      "backbone.blocks.10.norm2.weight",
      "backbone.blocks.10.norm2.bias",
      "backbone.blocks.10.mlp.fc1.bias",
      "backbone.blocks.10.mlp.fc2.bias"
    ],
    "lr_scale": 0.10941898913151242,
    "lr": 0.00010941898913151242,
    "weight_decay": 0.0
  },
  "layer_11_layer_11_decay": {
    "param_names": [
      "backbone.blocks.10.attn.qkv.weight",
      "backbone.blocks.10.attn.proj.weight",
      "backbone.blocks.10.mlp.fc1.weight",
      "backbone.blocks.10.mlp.fc2.weight"
    ],
    "lr_scale": 0.10941898913151242,
    "lr": 0.00010941898913151242,
    "weight_decay": 0.05
  },
  "layer_12_layer_12_no_decay": {
    "param_names": [
      "backbone.blocks.11.norm1.weight",
      "backbone.blocks.11.norm1.bias",
      "backbone.blocks.11.attn.qkv.bias",
      "backbone.blocks.11.attn.proj.bias",
      "backbone.blocks.11.norm2.weight",
      "backbone.blocks.11.norm2.bias",
      "backbone.blocks.11.mlp.fc1.bias",
      "backbone.blocks.11.mlp.fc2.bias"
    ],
    "lr_scale": 0.12157665459056935,
    "lr": 0.00012157665459056935,
    "weight_decay": 0.0
  },
  "layer_12_layer_12_decay": {
    "param_names": [
      "backbone.blocks.11.attn.qkv.weight",
      "backbone.blocks.11.attn.proj.weight",
      "backbone.blocks.11.mlp.fc1.weight",
      "backbone.blocks.11.mlp.fc2.weight"
    ],
    "lr_scale": 0.12157665459056935,
    "lr": 0.00012157665459056935,
    "weight_decay": 0.05
  },
  "layer_13_layer_13_no_decay": {
    "param_names": [
      "backbone.blocks.12.norm1.weight",
      "backbone.blocks.12.norm1.bias",
      "backbone.blocks.12.attn.qkv.bias",
      "backbone.blocks.12.attn.proj.bias",
      "backbone.blocks.12.norm2.weight",
      "backbone.blocks.12.norm2.bias",
      "backbone.blocks.12.mlp.fc1.bias",
      "backbone.blocks.12.mlp.fc2.bias"
    ],
    "lr_scale": 0.13508517176729928,
    "lr": 0.0001350851717672993,
    "weight_decay": 0.0
  },
  "layer_13_layer_13_decay": {
    "param_names": [
      "backbone.blocks.12.attn.qkv.weight",
      "backbone.blocks.12.attn.proj.weight",
      "backbone.blocks.12.mlp.fc1.weight",
      "backbone.blocks.12.mlp.fc2.weight"
    ],
    "lr_scale": 0.13508517176729928,
    "lr": 0.0001350851717672993,
    "weight_decay": 0.05
  },
  "layer_14_layer_14_no_decay": {
    "param_names": [
      "backbone.blocks.13.norm1.weight",
      "backbone.blocks.13.norm1.bias",
      "backbone.blocks.13.attn.qkv.bias",
      "backbone.blocks.13.attn.proj.bias",
      "backbone.blocks.13.norm2.weight",
      "backbone.blocks.13.norm2.bias",
      "backbone.blocks.13.mlp.fc1.bias",
      "backbone.blocks.13.mlp.fc2.bias"
    ],
    "lr_scale": 0.15009463529699918,
    "lr": 0.00015009463529699917,
    "weight_decay": 0.0
  },
  "layer_14_layer_14_decay": {
    "param_names": [
      "backbone.blocks.13.attn.qkv.weight",
      "backbone.blocks.13.attn.proj.weight",
      "backbone.blocks.13.mlp.fc1.weight",
      "backbone.blocks.13.mlp.fc2.weight"
    ],
    "lr_scale": 0.15009463529699918,
    "lr": 0.00015009463529699917,
    "weight_decay": 0.05
  },
  "layer_15_layer_15_no_decay": {
    "param_names": [
      "backbone.blocks.14.norm1.weight",
      "backbone.blocks.14.norm1.bias",
      "backbone.blocks.14.attn.qkv.bias",
      "backbone.blocks.14.attn.proj.bias",
      "backbone.blocks.14.norm2.weight",
      "backbone.blocks.14.norm2.bias",
      "backbone.blocks.14.mlp.fc1.bias",
      "backbone.blocks.14.mlp.fc2.bias"
    ],
    "lr_scale": 0.16677181699666577,
    "lr": 0.00016677181699666576,
    "weight_decay": 0.0
  },
  "layer_15_layer_15_decay": {
    "param_names": [
      "backbone.blocks.14.attn.qkv.weight",
      "backbone.blocks.14.attn.proj.weight",
      "backbone.blocks.14.mlp.fc1.weight",
      "backbone.blocks.14.mlp.fc2.weight"
    ],
    "lr_scale": 0.16677181699666577,
    "lr": 0.00016677181699666576,
    "weight_decay": 0.05
  },
  "layer_16_layer_16_no_decay": {
    "param_names": [
      "backbone.blocks.15.norm1.weight",
      "backbone.blocks.15.norm1.bias",
      "backbone.blocks.15.attn.qkv.bias",
      "backbone.blocks.15.attn.proj.bias",
      "backbone.blocks.15.norm2.weight",
      "backbone.blocks.15.norm2.bias",
      "backbone.blocks.15.mlp.fc1.bias",
      "backbone.blocks.15.mlp.fc2.bias"
    ],
    "lr_scale": 0.18530201888518416,
    "lr": 0.00018530201888518417,
    "weight_decay": 0.0
  },
  "layer_16_layer_16_decay": {
    "param_names": [
      "backbone.blocks.15.attn.qkv.weight",
      "backbone.blocks.15.attn.proj.weight",
      "backbone.blocks.15.mlp.fc1.weight",
      "backbone.blocks.15.mlp.fc2.weight"
    ],
    "lr_scale": 0.18530201888518416,
    "lr": 0.00018530201888518417,
    "weight_decay": 0.05
  },
  "layer_17_layer_17_no_decay": {
    "param_names": [
      "backbone.blocks.16.norm1.weight",
      "backbone.blocks.16.norm1.bias",
      "backbone.blocks.16.attn.qkv.bias",
      "backbone.blocks.16.attn.proj.bias",
      "backbone.blocks.16.norm2.weight",
      "backbone.blocks.16.norm2.bias",
      "backbone.blocks.16.mlp.fc1.bias",
      "backbone.blocks.16.mlp.fc2.bias"
    ],
    "lr_scale": 0.20589113209464907,
    "lr": 0.0002058911320946491,
    "weight_decay": 0.0
  },
  "layer_17_layer_17_decay": {
    "param_names": [
      "backbone.blocks.16.attn.qkv.weight",
      "backbone.blocks.16.attn.proj.weight",
      "backbone.blocks.16.mlp.fc1.weight",
      "backbone.blocks.16.mlp.fc2.weight"
    ],
    "lr_scale": 0.20589113209464907,
    "lr": 0.0002058911320946491,
    "weight_decay": 0.05
  },
  "layer_18_layer_18_no_decay": {
    "param_names": [
      "backbone.blocks.17.norm1.weight",
      "backbone.blocks.17.norm1.bias",
      "backbone.blocks.17.attn.qkv.bias",
      "backbone.blocks.17.attn.proj.bias",
      "backbone.blocks.17.norm2.weight",
      "backbone.blocks.17.norm2.bias",
      "backbone.blocks.17.mlp.fc1.bias",
      "backbone.blocks.17.mlp.fc2.bias"
    ],
    "lr_scale": 0.2287679245496101,
    "lr": 0.0002287679245496101,
    "weight_decay": 0.0
  },
  "layer_18_layer_18_decay": {
    "param_names": [
      "backbone.blocks.17.attn.qkv.weight",
      "backbone.blocks.17.attn.proj.weight",
      "backbone.blocks.17.mlp.fc1.weight",
      "backbone.blocks.17.mlp.fc2.weight"
    ],
    "lr_scale": 0.2287679245496101,
    "lr": 0.0002287679245496101,
    "weight_decay": 0.05
  },
  "layer_19_layer_19_no_decay": {
    "param_names": [
      "backbone.blocks.18.norm1.weight",
      "backbone.blocks.18.norm1.bias",
      "backbone.blocks.18.attn.qkv.bias",
      "backbone.blocks.18.attn.proj.bias",
      "backbone.blocks.18.norm2.weight",
      "backbone.blocks.18.norm2.bias",
      "backbone.blocks.18.mlp.fc1.bias",
      "backbone.blocks.18.mlp.fc2.bias"
    ],
    "lr_scale": 0.2541865828329001,
    "lr": 0.0002541865828329001,
    "weight_decay": 0.0
  },
  "layer_19_layer_19_decay": {
    "param_names": [
      "backbone.blocks.18.attn.qkv.weight",
      "backbone.blocks.18.attn.proj.weight",
      "backbone.blocks.18.mlp.fc1.weight",
      "backbone.blocks.18.mlp.fc2.weight"
    ],
    "lr_scale": 0.2541865828329001,
    "lr": 0.0002541865828329001,
    "weight_decay": 0.05
  },
  "layer_20_layer_20_no_decay": {
    "param_names": [
      "backbone.blocks.19.norm1.weight",
      "backbone.blocks.19.norm1.bias",
      "backbone.blocks.19.attn.qkv.bias",
      "backbone.blocks.19.attn.proj.bias",
      "backbone.blocks.19.norm2.weight",
      "backbone.blocks.19.norm2.bias",
      "backbone.blocks.19.mlp.fc1.bias",
      "backbone.blocks.19.mlp.fc2.bias"
    ],
    "lr_scale": 0.2824295364810001,
    "lr": 0.0002824295364810001,
    "weight_decay": 0.0
  },
  "layer_20_layer_20_decay": {
    "param_names": [
      "backbone.blocks.19.attn.qkv.weight",
      "backbone.blocks.19.attn.proj.weight",
      "backbone.blocks.19.mlp.fc1.weight",
      "backbone.blocks.19.mlp.fc2.weight"
    ],
    "lr_scale": 0.2824295364810001,
    "lr": 0.0002824295364810001,
    "weight_decay": 0.05
  },
  "layer_21_layer_21_no_decay": {
    "param_names": [
      "backbone.blocks.20.norm1.weight",
      "backbone.blocks.20.norm1.bias",
      "backbone.blocks.20.attn.qkv.bias",
      "backbone.blocks.20.attn.proj.bias",
      "backbone.blocks.20.norm2.weight",
      "backbone.blocks.20.norm2.bias",
      "backbone.blocks.20.mlp.fc1.bias",
      "backbone.blocks.20.mlp.fc2.bias"
    ],
    "lr_scale": 0.31381059609000006,
    "lr": 0.0003138105960900001,
    "weight_decay": 0.0
  },
  "layer_21_layer_21_decay": {
    "param_names": [
      "backbone.blocks.20.attn.qkv.weight",
      "backbone.blocks.20.attn.proj.weight",
      "backbone.blocks.20.mlp.fc1.weight",
      "backbone.blocks.20.mlp.fc2.weight"
    ],
    "lr_scale": 0.31381059609000006,
    "lr": 0.0003138105960900001,
    "weight_decay": 0.05
  },
  "layer_22_layer_22_no_decay": {
    "param_names": [
      "backbone.blocks.21.norm1.weight",
      "backbone.blocks.21.norm1.bias",
      "backbone.blocks.21.attn.qkv.bias",
      "backbone.blocks.21.attn.proj.bias",
      "backbone.blocks.21.norm2.weight",
      "backbone.blocks.21.norm2.bias",
      "backbone.blocks.21.mlp.fc1.bias",
      "backbone.blocks.21.mlp.fc2.bias"
    ],
    "lr_scale": 0.3486784401000001,
    "lr": 0.0003486784401000001,
    "weight_decay": 0.0
  },
  "layer_22_layer_22_decay": {
    "param_names": [
      "backbone.blocks.21.attn.qkv.weight",
      "backbone.blocks.21.attn.proj.weight",
      "backbone.blocks.21.mlp.fc1.weight",
      "backbone.blocks.21.mlp.fc2.weight"
    ],
    "lr_scale": 0.3486784401000001,
    "lr": 0.0003486784401000001,
    "weight_decay": 0.05
  },
  "layer_23_layer_23_no_decay": {
    "param_names": [
      "backbone.blocks.22.norm1.weight",
      "backbone.blocks.22.norm1.bias",
      "backbone.blocks.22.attn.qkv.bias",
      "backbone.blocks.22.attn.proj.bias",
      "backbone.blocks.22.norm2.weight",
      "backbone.blocks.22.norm2.bias",
      "backbone.blocks.22.mlp.fc1.bias",
      "backbone.blocks.22.mlp.fc2.bias"
    ],
    "lr_scale": 0.3874204890000001,
    "lr": 0.0003874204890000001,
    "weight_decay": 0.0
  },
  "layer_23_layer_23_decay": {
    "param_names": [
      "backbone.blocks.22.attn.qkv.weight",
      "backbone.blocks.22.attn.proj.weight",
      "backbone.blocks.22.mlp.fc1.weight",
      "backbone.blocks.22.mlp.fc2.weight"
    ],
    "lr_scale": 0.3874204890000001,
    "lr": 0.0003874204890000001,
    "weight_decay": 0.05
  },
  "layer_24_layer_24_no_decay": {
    "param_names": [
      "backbone.blocks.23.norm1.weight",
      "backbone.blocks.23.norm1.bias",
      "backbone.blocks.23.attn.qkv.bias",
      "backbone.blocks.23.attn.proj.bias",
      "backbone.blocks.23.norm2.weight",
      "backbone.blocks.23.norm2.bias",
      "backbone.blocks.23.mlp.fc1.bias",
      "backbone.blocks.23.mlp.fc2.bias"
    ],
    "lr_scale": 0.4304672100000001,
    "lr": 0.0004304672100000001,
    "weight_decay": 0.0
  },
  "layer_24_layer_24_decay": {
    "param_names": [
      "backbone.blocks.23.attn.qkv.weight",
      "backbone.blocks.23.attn.proj.weight",
      "backbone.blocks.23.mlp.fc1.weight",
      "backbone.blocks.23.mlp.fc2.weight"
    ],
    "lr_scale": 0.4304672100000001,
    "lr": 0.0004304672100000001,
    "weight_decay": 0.05
  },
  "layer_25_layer_25_no_decay": {
    "param_names": [
      "backbone.blocks.24.norm1.weight",
      "backbone.blocks.24.norm1.bias",
      "backbone.blocks.24.attn.qkv.bias",
      "backbone.blocks.24.attn.proj.bias",
      "backbone.blocks.24.norm2.weight",
      "backbone.blocks.24.norm2.bias",
      "backbone.blocks.24.mlp.fc1.bias",
      "backbone.blocks.24.mlp.fc2.bias"
    ],
    "lr_scale": 0.4782969000000001,
    "lr": 0.0004782969000000001,
    "weight_decay": 0.0
  },
  "layer_25_layer_25_decay": {
    "param_names": [
      "backbone.blocks.24.attn.qkv.weight",
      "backbone.blocks.24.attn.proj.weight",
      "backbone.blocks.24.mlp.fc1.weight",
      "backbone.blocks.24.mlp.fc2.weight"
    ],
    "lr_scale": 0.4782969000000001,
    "lr": 0.0004782969000000001,
    "weight_decay": 0.05
  },
  "layer_26_layer_26_no_decay": {
    "param_names": [
      "backbone.blocks.25.norm1.weight",
      "backbone.blocks.25.norm1.bias",
      "backbone.blocks.25.attn.qkv.bias",
      "backbone.blocks.25.attn.proj.bias",
      "backbone.blocks.25.norm2.weight",
      "backbone.blocks.25.norm2.bias",
      "backbone.blocks.25.mlp.fc1.bias",
      "backbone.blocks.25.mlp.fc2.bias"
    ],
    "lr_scale": 0.531441,
    "lr": 0.000531441,
    "weight_decay": 0.0
  },
  "layer_26_layer_26_decay": {
    "param_names": [
      "backbone.blocks.25.attn.qkv.weight",
      "backbone.blocks.25.attn.proj.weight",
      "backbone.blocks.25.mlp.fc1.weight",
      "backbone.blocks.25.mlp.fc2.weight"
    ],
    "lr_scale": 0.531441,
    "lr": 0.000531441,
    "weight_decay": 0.05
  },
  "layer_27_layer_27_no_decay": {
    "param_names": [
      "backbone.blocks.26.norm1.weight",
      "backbone.blocks.26.norm1.bias",
      "backbone.blocks.26.attn.qkv.bias",
      "backbone.blocks.26.attn.proj.bias",
      "backbone.blocks.26.norm2.weight",
      "backbone.blocks.26.norm2.bias",
      "backbone.blocks.26.mlp.fc1.bias",
      "backbone.blocks.26.mlp.fc2.bias"
    ],
    "lr_scale": 0.5904900000000001,
    "lr": 0.00059049,
    "weight_decay": 0.0
  },
  "layer_27_layer_27_decay": {
    "param_names": [
      "backbone.blocks.26.attn.qkv.weight",
      "backbone.blocks.26.attn.proj.weight",
      "backbone.blocks.26.mlp.fc1.weight",
      "backbone.blocks.26.mlp.fc2.weight"
    ],
    "lr_scale": 0.5904900000000001,
    "lr": 0.00059049,
    "weight_decay": 0.05
  },
  "layer_28_layer_28_no_decay": {
    "param_names": [
      "backbone.blocks.27.norm1.weight",
      "backbone.blocks.27.norm1.bias",
      "backbone.blocks.27.attn.qkv.bias",
      "backbone.blocks.27.attn.proj.bias",
      "backbone.blocks.27.norm2.weight",
      "backbone.blocks.27.norm2.bias",
      "backbone.blocks.27.mlp.fc1.bias",
      "backbone.blocks.27.mlp.fc2.bias"
    ],
    "lr_scale": 0.6561,
    "lr": 0.0006561000000000001,
    "weight_decay": 0.0
  },
  "layer_28_layer_28_decay": {
    "param_names": [
      "backbone.blocks.27.attn.qkv.weight",
      "backbone.blocks.27.attn.proj.weight",
      "backbone.blocks.27.mlp.fc1.weight",
      "backbone.blocks.27.mlp.fc2.weight"
    ],
    "lr_scale": 0.6561,
    "lr": 0.0006561000000000001,
    "weight_decay": 0.05
  },
  "layer_29_layer_29_no_decay": {
    "param_names": [
      "backbone.blocks.28.norm1.weight",
      "backbone.blocks.28.norm1.bias",
      "backbone.blocks.28.attn.qkv.bias",
      "backbone.blocks.28.attn.proj.bias",
      "backbone.blocks.28.norm2.weight",
      "backbone.blocks.28.norm2.bias",
      "backbone.blocks.28.mlp.fc1.bias",
      "backbone.blocks.28.mlp.fc2.bias"
    ],
    "lr_scale": 0.7290000000000001,
    "lr": 0.0007290000000000002,
    "weight_decay": 0.0
  },
  "layer_29_layer_29_decay": {
    "param_names": [
      "backbone.blocks.28.attn.qkv.weight",
      "backbone.blocks.28.attn.proj.weight",
      "backbone.blocks.28.mlp.fc1.weight",
      "backbone.blocks.28.mlp.fc2.weight"
    ],
    "lr_scale": 0.7290000000000001,
    "lr": 0.0007290000000000002,
    "weight_decay": 0.05
  },
  "layer_30_layer_30_no_decay": {
    "param_names": [
      "backbone.blocks.29.norm1.weight",
      "backbone.blocks.29.norm1.bias",
      "backbone.blocks.29.attn.qkv.bias",
      "backbone.blocks.29.attn.proj.bias",
      "backbone.blocks.29.norm2.weight",
      "backbone.blocks.29.norm2.bias",
      "backbone.blocks.29.mlp.fc1.bias",
      "backbone.blocks.29.mlp.fc2.bias"
    ],
    "lr_scale": 0.81,
    "lr": 0.0008100000000000001,
    "weight_decay": 0.0
  },
  "layer_30_layer_30_decay": {
    "param_names": [
      "backbone.blocks.29.attn.qkv.weight",
      "backbone.blocks.29.attn.proj.weight",
      "backbone.blocks.29.mlp.fc1.weight",
      "backbone.blocks.29.mlp.fc2.weight"
    ],
    "lr_scale": 0.81,
    "lr": 0.0008100000000000001,
    "weight_decay": 0.05
  },
  "layer_31_layer_31_no_decay": {
    "param_names": [
      "backbone.blocks.30.norm1.weight",
      "backbone.blocks.30.norm1.bias",
      "backbone.blocks.30.attn.qkv.bias",
      "backbone.blocks.30.attn.proj.bias",
      "backbone.blocks.30.norm2.weight",
      "backbone.blocks.30.norm2.bias",
      "backbone.blocks.30.mlp.fc1.bias",
      "backbone.blocks.30.mlp.fc2.bias"
    ],
    "lr_scale": 0.9,
    "lr": 0.0009000000000000001,
    "weight_decay": 0.0
  },
  "layer_31_layer_31_decay": {
    "param_names": [
      "backbone.blocks.30.attn.qkv.weight",
      "backbone.blocks.30.attn.proj.weight",
      "backbone.blocks.30.mlp.fc1.weight",
      "backbone.blocks.30.mlp.fc2.weight"
    ],
    "lr_scale": 0.9,
    "lr": 0.0009000000000000001,
    "weight_decay": 0.05
  },
  "layer_32_layer_32_no_decay": {
    "param_names": [
      "backbone.blocks.31.norm1.weight",
      "backbone.blocks.31.norm1.bias",
      "backbone.blocks.31.attn.qkv.bias",
      "backbone.blocks.31.attn.proj.bias",
      "backbone.blocks.31.norm2.weight",
      "backbone.blocks.31.norm2.bias",
      "backbone.blocks.31.mlp.fc1.bias",
      "backbone.blocks.31.mlp.fc2.bias",
      "backbone.align_dim_16tofpn.bias",
      "backbone.fpn_modules.0.norm2.weight",
      "backbone.fpn_modules.0.norm2.bias",
      "backbone.fpn_modules.0.mlp.fc1.bias",
      "backbone.fpn_modules.0.mlp.fc2.bias",
      "backbone.fpn_modules.1.norm2.weight",
      "backbone.fpn_modules.1.norm2.bias",
      "backbone.fpn_modules.1.mlp.fc1.bias",
      "backbone.fpn_modules.1.mlp.fc2.bias",
      "backbone.fpn_modules.2.norm2.weight",
      "backbone.fpn_modules.2.norm2.bias",
      "backbone.fpn_modules.2.mlp.fc1.bias",
      "backbone.fpn_modules.2.mlp.fc2.bias",
      "backbone.split_16to8.norm.weight",
      "backbone.split_16to8.norm.bias",
      "backbone.block_16to8.0.norm2.weight",
      "backbone.block_16to8.0.norm2.bias",
      "backbone.block_16to8.0.mlp.fc1.bias",
      "backbone.block_16to8.0.mlp.fc2.bias",
      "backbone.block_16to8.1.norm2.weight",
      "backbone.block_16to8.1.norm2.bias",
      "backbone.block_16to8.1.mlp.fc1.bias",
      "backbone.block_16to8.1.mlp.fc2.bias",
      "backbone.split_8to4.norm.weight",
      "backbone.split_8to4.norm.bias",
      "backbone.block_8to4.0.norm2.weight",
      "backbone.block_8to4.0.norm2.bias",
      "backbone.block_8to4.0.mlp.fc1.bias",
      "backbone.block_8to4.0.mlp.fc2.bias",
      "backbone.block_8to4.1.norm2.weight",
      "backbone.block_8to4.1.norm2.bias",
      "backbone.block_8to4.1.mlp.fc1.bias",
      "backbone.block_8to4.1.mlp.fc2.bias",
      "decode_head.conv_seg.bias",
      "decode_head.psp_modules.0.1.bn.weight",
      "decode_head.psp_modules.0.1.bn.bias",
      "decode_head.psp_modules.1.1.bn.weight",
      "decode_head.psp_modules.1.1.bn.bias",
      "decode_head.psp_modules.2.1.bn.weight",
      "decode_head.psp_modules.2.1.bn.bias",
      "decode_head.psp_modules.3.1.bn.weight",
      "decode_head.psp_modules.3.1.bn.bias",
      "decode_head.bottleneck.bn.weight",
      "decode_head.bottleneck.bn.bias",
      "decode_head.lateral_convs.0.bn.weight",
      "decode_head.lateral_convs.0.bn.bias",
      "decode_head.lateral_convs.1.bn.weight",
      "decode_head.lateral_convs.1.bn.bias",
      "decode_head.lateral_convs.2.bn.weight",
      "decode_head.lateral_convs.2.bn.bias",
      "decode_head.fpn_convs.0.bn.weight",
      "decode_head.fpn_convs.0.bn.bias",
      "decode_head.fpn_convs.1.bn.weight",
      "decode_head.fpn_convs.1.bn.bias",
      "decode_head.fpn_convs.2.bn.weight",
      "decode_head.fpn_convs.2.bn.bias",
      "decode_head.fpn_bottleneck.bn.weight",
      "decode_head.fpn_bottleneck.bn.bias",
      "auxiliary_head.conv_seg.bias",
      "auxiliary_head.convs.0.bn.weight",
      "auxiliary_head.convs.0.bn.bias"
    ],
    "lr_scale": 1.0,
    "lr": 0.001,
    "weight_decay": 0.0
  },
  "layer_32_layer_32_decay": {
    "param_names": [
      "backbone.blocks.31.attn.qkv.weight",
      "backbone.blocks.31.attn.proj.weight",
      "backbone.blocks.31.mlp.fc1.weight",
      "backbone.blocks.31.mlp.fc2.weight",
      "backbone.align_dim_16tofpn.weight",
      "backbone.fpn_modules.0.mlp.fc1.weight",
      "backbone.fpn_modules.0.mlp.fc2.weight",
      "backbone.fpn_modules.1.mlp.fc1.weight",
      "backbone.fpn_modules.1.mlp.fc2.weight",
      "backbone.fpn_modules.2.mlp.fc1.weight",
      "backbone.fpn_modules.2.mlp.fc2.weight",
      "backbone.align_dim_16to8.weight",
      "backbone.split_16to8.reduction.weight",
      "backbone.block_16to8.0.mlp.fc1.weight",
      "backbone.block_16to8.0.mlp.fc2.weight",
      "backbone.block_16to8.1.mlp.fc1.weight",
      "backbone.block_16to8.1.mlp.fc2.weight",
      "backbone.align_dim_8to4.weight",
      "backbone.split_8to4.reduction.weight",
      "backbone.block_8to4.0.mlp.fc1.weight",
      "backbone.block_8to4.0.mlp.fc2.weight",
      "backbone.block_8to4.1.mlp.fc1.weight",
      "backbone.block_8to4.1.mlp.fc2.weight",
      "decode_head.conv_seg.weight",
      "decode_head.psp_modules.0.1.conv.weight",
      "decode_head.psp_modules.1.1.conv.weight",
      "decode_head.psp_modules.2.1.conv.weight",
      "decode_head.psp_modules.3.1.conv.weight",
      "decode_head.bottleneck.conv.weight",
      "decode_head.lateral_convs.0.conv.weight",
      "decode_head.lateral_convs.1.conv.weight",
      "decode_head.lateral_convs.2.conv.weight",
      "decode_head.fpn_convs.0.conv.weight",
      "decode_head.fpn_convs.1.conv.weight",
      "decode_head.fpn_convs.2.conv.weight",
      "decode_head.fpn_bottleneck.conv.weight",
      "auxiliary_head.conv_seg.weight",
      "auxiliary_head.convs.0.conv.weight"
    ],
    "lr_scale": 1.0,
    "lr": 0.001,
    "weight_decay": 0.05
  }
}
2026/05/12 14:28:31 - mmengine - WARNING - The prefix is not set in metric class CustomIoUMetric.
2026/05/12 14:28:32 - mmengine - INFO - Loads checkpoint by local backend from path: /root/autodl-tmp/weights/weijie_saratrx_2/checkpoint-1200.pth
2026/05/12 14:28:33 - mmengine - INFO - Checkpoint loaded from /root/autodl-tmp/weights/weijie_saratrx_2/checkpoint-1200.pth
2026/05/12 14:28:33 - mmengine - INFO - _IncompatibleKeys(missing_keys=[], unexpected_keys=['mask_token', 'decoder_pos_embed', 'hogs.simple_weights', 'hogs.SAR_Lay.weight_LBP1', 'hogs.SAR_Lay.weight_LBP2', 'hogs.SAR_Layer0.weight_x1', 'hogs.SAR_Layer0.weight_x2', 'hogs.SAR_Layer0.weight_y1', 'hogs.SAR_Layer0.weight_y2', 'hogs.SAR_Layer1.weight_x1', 'hogs.SAR_Layer1.weight_x2', 'hogs.SAR_Layer1.weight_y1', 'hogs.SAR_Layer1.weight_y2', 'hogs.SAR_Layer2.weight_x1', 'hogs.SAR_Layer2.weight_x2', 'hogs.SAR_Layer2.weight_y1', 'hogs.SAR_Layer2.weight_y2', 'hogs.SAR_Layer3.weight_x1', 'hogs.SAR_Layer3.weight_x2', 'hogs.SAR_Layer3.weight_y1', 'hogs.SAR_Layer3.weight_y2', 'hogs.SAR_Layer4.weight_x1', 'hogs.SAR_Layer4.weight_x2', 'hogs.SAR_Layer4.weight_y1', 'hogs.SAR_Layer4.weight_y2', 'decoder_embed.0.0.weight', 'decoder_embed.0.0.bias', 'decoder_embed.0.1.weight', 'decoder_embed.0.1.bias', 'decoder_embed.1.0.weight', 'decoder_embed.1.0.bias', 'decoder_embed.1.1.weight', 'decoder_embed.1.1.bias', 'decoder_embed.2.0.weight', 'decoder_embed.2.0.bias', 'decoder_embed.2.1.weight', 'decoder_embed.2.1.bias', 'decoder_blocks.0.norm1.weight', 'decoder_blocks.0.norm1.bias', 'decoder_blocks.0.attn.qkv.weight', 'decoder_blocks.0.attn.qkv.bias', 'decoder_blocks.0.attn.proj.weight', 'decoder_blocks.0.attn.proj.bias', 'decoder_blocks.0.norm2.weight', 'decoder_blocks.0.norm2.bias', 'decoder_blocks.0.mlp.fc1.weight', 'decoder_blocks.0.mlp.fc1.bias', 'decoder_blocks.0.mlp.fc2.weight', 'decoder_blocks.0.mlp.fc2.bias', 'decoder_blocks.1.norm1.weight', 'decoder_blocks.1.norm1.bias', 'decoder_blocks.1.attn.qkv.weight', 'decoder_blocks.1.attn.qkv.bias', 'decoder_blocks.1.attn.proj.weight', 'decoder_blocks.1.attn.proj.bias', 'decoder_blocks.1.norm2.weight', 'decoder_blocks.1.norm2.bias', 'decoder_blocks.1.mlp.fc1.weight', 'decoder_blocks.1.mlp.fc1.bias', 'decoder_blocks.1.mlp.fc2.weight', 'decoder_blocks.1.mlp.fc2.bias', 'decoder_blocks.2.norm1.weight', 'decoder_blocks.2.norm1.bias', 'decoder_blocks.2.attn.qkv.weight', 'decoder_blocks.2.attn.qkv.bias', 'decoder_blocks.2.attn.proj.weight', 'decoder_blocks.2.attn.proj.bias', 'decoder_blocks.2.norm2.weight', 'decoder_blocks.2.norm2.bias', 'decoder_blocks.2.mlp.fc1.weight', 'decoder_blocks.2.mlp.fc1.bias', 'decoder_blocks.2.mlp.fc2.weight', 'decoder_blocks.2.mlp.fc2.bias', 'decoder_blocks.3.norm1.weight', 'decoder_blocks.3.norm1.bias', 'decoder_blocks.3.attn.qkv.weight', 'decoder_blocks.3.attn.qkv.bias', 'decoder_blocks.3.attn.proj.weight', 'decoder_blocks.3.attn.proj.bias', 'decoder_blocks.3.norm2.weight', 'decoder_blocks.3.norm2.bias', 'decoder_blocks.3.mlp.fc1.weight', 'decoder_blocks.3.mlp.fc1.bias', 'decoder_blocks.3.mlp.fc2.weight', 'decoder_blocks.3.mlp.fc2.bias', 'decoder_blocks.4.norm1.weight', 'decoder_blocks.4.norm1.bias', 'decoder_blocks.4.attn.qkv.weight', 'decoder_blocks.4.attn.qkv.bias', 'decoder_blocks.4.attn.proj.weight', 'decoder_blocks.4.attn.proj.bias', 'decoder_blocks.4.norm2.weight', 'decoder_blocks.4.norm2.bias', 'decoder_blocks.4.mlp.fc1.weight', 'decoder_blocks.4.mlp.fc1.bias', 'decoder_blocks.4.mlp.fc2.weight', 'decoder_blocks.4.mlp.fc2.bias', 'decoder_blocks.5.norm1.weight', 'decoder_blocks.5.norm1.bias', 'decoder_blocks.5.attn.qkv.weight', 'decoder_blocks.5.attn.qkv.bias', 'decoder_blocks.5.attn.proj.weight', 'decoder_blocks.5.attn.proj.bias', 'decoder_blocks.5.norm2.weight', 'decoder_blocks.5.norm2.bias', 'decoder_blocks.5.mlp.fc1.weight', 'decoder_blocks.5.mlp.fc1.bias', 'decoder_blocks.5.mlp.fc2.weight', 'decoder_blocks.5.mlp.fc2.bias', 'decoder_blocks.6.norm1.weight', 'decoder_blocks.6.norm1.bias', 'decoder_blocks.6.attn.qkv.weight', 'decoder_blocks.6.attn.qkv.bias', 'decoder_blocks.6.attn.proj.weight', 'decoder_blocks.6.attn.proj.bias', 'decoder_blocks.6.norm2.weight', 'decoder_blocks.6.norm2.bias', 'decoder_blocks.6.mlp.fc1.weight', 'decoder_blocks.6.mlp.fc1.bias', 'decoder_blocks.6.mlp.fc2.weight', 'decoder_blocks.6.mlp.fc2.bias', 'decoder_blocks.7.norm1.weight', 'decoder_blocks.7.norm1.bias', 'decoder_blocks.7.attn.qkv.weight', 'decoder_blocks.7.attn.qkv.bias', 'decoder_blocks.7.attn.proj.weight', 'decoder_blocks.7.attn.proj.bias', 'decoder_blocks.7.norm2.weight', 'decoder_blocks.7.norm2.bias', 'decoder_blocks.7.mlp.fc1.weight', 'decoder_blocks.7.mlp.fc1.bias', 'decoder_blocks.7.mlp.fc2.weight', 'decoder_blocks.7.mlp.fc2.bias', 'decoder_norm.weight', 'decoder_norm.bias', 'decoder_pred.weight', 'decoder_pred.bias'])
Name of parameter - Initialization information

backbone.absolute_pos_embed - torch.Size([1, 196, 512]): 
Initialized by user-defined `init_weights` in iTPN_weijie  

backbone.patch_embed.proj.weight - torch.Size([128, 3, 4, 4]): 
Initialized by user-defined `init_weights` in iTPN_weijie  

backbone.patch_embed.proj.bias - torch.Size([128]): 
Initialized by user-defined `init_weights` in iTPN_weijie  

backbone.patch_embed.norm.weight - torch.Size([128]): 
Initialized by user-defined `init_weights` in iTPN_weijie  

backbone.patch_embed.norm.bias - torch.Size([128]): 
Initialized by user-defined `init_weights` in iTPN_weijie  

backbone.blocks.0.norm2.weight - torch.Size([128]): 
Initialized by user-defined `init_weights` in iTPN_weijie  

backbone.blocks.0.norm2.bias - torch.Size([128]): 
Initialized by user-defined `init_weights` in iTPN_weijie  

backbone.blocks.0.mlp.fc1.weight - torch.Size([384, 128]): 
Initialized by user-defined `init_weights` in iTPN_weijie  

backbone.blocks.0.mlp.fc1.bias - torch.Size([384]): 
Initialized by user-defined `init_weights` in iTPN_weijie  

backbone.blocks.0.mlp.fc2.weight - torch.Size([128, 384]): 
Initialized by user-defined `init_weights` in iTPN_weijie  

backbone.blocks.0.mlp.fc2.bias - torch.Size([128]): 
Initialized by user-defined `init_weights` in iTPN_weijie  

backbone.blocks.1.norm2.weight - torch.Size([128]): 
Initialized by user-defined `init_weights` in iTPN_weijie  

backbone.blocks.1.norm2.bias - torch.Size([128]): 
Initialized by user-defined `init_weights` in iTPN_weijie  

backbone.blocks.1.mlp.fc1.weight - torch.Size([384, 128]): 
Initialized by user-defined `init_weights` in iTPN_weijie  

backbone.blocks.1.mlp.fc1.bias - torch.Size([384]): 
Initialized by user-defined `init_weights` in iTPN_weijie  

backbone.blocks.1.mlp.fc2.weight - torch.Size([128, 384]): 
Initialized by user-defined `init_weights` in iTPN_weijie  

backbone.blocks.1.mlp.fc2.bias - torch.Size([128]): 
Initialized by user-defined `init_weights` in iTPN_weijie  

backbone.blocks.2.norm2.weight - torch.Size([128]): 
Initialized by user-defined `init_weights` in iTPN_weijie  

backbone.blocks.2.norm2.bias - torch.Size([128]): 
Initialized by user-defined `init_weights` in iTPN_weijie  

backbone.blocks.2.mlp.fc1.weight - torch.Size([384, 128]): 
Initialized by user-defined `init_weights` in iTPN_weijie  

backbone.blocks.2.mlp.fc1.bias - torch.Size([384]): 
Initialized by user-defined `init_weights` in iTPN_weijie  

backbone.blocks.2.mlp.fc2.weight - torch.Size([128, 384]): 
Initialized by user-defined `init_weights` in iTPN_weijie  

backbone.blocks.2.mlp.fc2.bias - torch.Size([128]): 
Initialized by user-defined `init_weights` in iTPN_weijie  

backbone.blocks.3.norm.weight - torch.Size([512]): 
Initialized by user-defined `init_weights` in iTPN_weijie  

backbone.blocks.3.norm.bias - torch.Size([512]): 
Initialized by user-defined `init_weights` in iTPN_weijie  

backbone.blocks.3.reduction.weight - torch.Size([256, 512]): 
Initialized by user-defined `init_weights` in iTPN_weijie  

backbone.blocks.4.norm2.weight - torch.Size([256]): 
Initialized by user-defined `init_weights` in iTPN_weijie  

backbone.blocks.4.norm2.bias - torch.Size([256]): 
Initialized by user-defined `init_weights` in iTPN_weijie  

backbone.blocks.4.mlp.fc1.weight - torch.Size([768, 256]): 
Initialized by user-defined `init_weights` in iTPN_weijie  

backbone.blocks.4.mlp.fc1.bias - torch.Size([768]): 
Initialized by user-defined `init_weights` in iTPN_weijie  

backbone.blocks.4.mlp.fc2.weight - torch.Size([256, 768]): 
Initialized by user-defined `init_weights` in iTPN_weijie  

backbone.blocks.4.mlp.fc2.bias - torch.Size([256]): 
Initialized by user-defined `init_weights` in iTPN_weijie  

backbone.blocks.5.norm2.weight - torch.Size([256]): 
Initialized by user-defined `init_weights` in iTPN_weijie  

backbone.blocks.5.norm2.bias - torch.Size([256]): 
Initialized by user-defined `init_weights` in iTPN_weijie  

backbone.blocks.5.mlp.fc1.weight - torch.Size([768, 256]): 
Initialized by user-defined `init_weights` in iTPN_weijie  

backbone.blocks.5.mlp.fc1.bias - torch.Size([768]): 
Initialized by user-defined `init_weights` in iTPN_weijie  

backbone.blocks.5.mlp.fc2.weight - torch.Size([256, 768]): 
Initialized by user-defined `init_weights` in iTPN_weijie  

backbone.blocks.5.mlp.fc2.bias - torch.Size([256]): 
Initialized by user-defined `init_weights` in iTPN_weijie  

backbone.blocks.6.norm2.weight - torch.Size([256]): 
Initialized by user-defined `init_weights` in iTPN_weijie  

backbone.blocks.6.norm2.bias - torch.Size([256]): 
Initialized by user-defined `init_weights` in iTPN_weijie  

backbone.blocks.6.mlp.fc1.weight - torch.Size([768, 256]): 
Initialized by user-defined `init_weights` in iTPN_weijie  

backbone.blocks.6.mlp.fc1.bias - torch.Size([768]): 
Initialized by user-defined `init_weights` in iTPN_weijie  

backbone.blocks.6.mlp.fc2.weight - torch.Size([256, 768]): 
Initialized by user-defined `init_weights` in iTPN_weijie  

backbone.blocks.6.mlp.fc2.bias - torch.Size([256]): 
Initialized by user-defined `init_weights` in iTPN_weijie  

backbone.blocks.7.norm.weight - torch.Size([1024]): 
Initialized by user-defined `init_weights` in iTPN_weijie  

backbone.blocks.7.norm.bias - torch.Size([1024]): 
Initialized by user-defined `init_weights` in iTPN_weijie  

backbone.blocks.7.reduction.weight - torch.Size([512, 1024]): 
Initialized by user-defined `init_weights` in iTPN_weijie  

backbone.blocks.8.norm1.weight - torch.Size([512]): 
Initialized by user-defined `init_weights` in iTPN_weijie  

backbone.blocks.8.norm1.bias - torch.Size([512]): 
Initialized by user-defined `init_weights` in iTPN_weijie  

backbone.blocks.8.attn.qkv.weight - torch.Size([1536, 512]): 
Initialized by user-defined `init_weights` in iTPN_weijie  

backbone.blocks.8.attn.qkv.bias - torch.Size([1536]): 
Initialized by user-defined `init_weights` in iTPN_weijie  

backbone.blocks.8.attn.proj.weight - torch.Size([512, 512]): 
Initialized by user-defined `init_weights` in iTPN_weijie  

backbone.blocks.8.attn.proj.bias - torch.Size([512]): 
Initialized by user-defined `init_weights` in iTPN_weijie  

backbone.blocks.8.norm2.weight - torch.Size([512]): 
Initialized by user-defined `init_weights` in iTPN_weijie  

backbone.blocks.8.norm2.bias - torch.Size([512]): 
Initialized by user-defined `init_weights` in iTPN_weijie  

backbone.blocks.8.mlp.fc1.weight - torch.Size([2048, 512]): 
Initialized by user-defined `init_weights` in iTPN_weijie  

backbone.blocks.8.mlp.fc1.bias - torch.Size([2048]): 
Initialized by user-defined `init_weights` in iTPN_weijie  

backbone.blocks.8.mlp.fc2.weight - torch.Size([512, 2048]): 
Initialized by user-defined `init_weights` in iTPN_weijie  

backbone.blocks.8.mlp.fc2.bias - torch.Size([512]): 
Initialized by user-defined `init_weights` in iTPN_weijie  

backbone.blocks.9.norm1.weight - torch.Size([512]): 
Initialized by user-defined `init_weights` in iTPN_weijie  

backbone.blocks.9.norm1.bias - torch.Size([512]): 
Initialized by user-defined `init_weights` in iTPN_weijie  

backbone.blocks.9.attn.qkv.weight - torch.Size([1536, 512]): 
Initialized by user-defined `init_weights` in iTPN_weijie  

backbone.blocks.9.attn.qkv.bias - torch.Size([1536]): 
Initialized by user-defined `init_weights` in iTPN_weijie  

backbone.blocks.9.attn.proj.weight - torch.Size([512, 512]): 
Initialized by user-defined `init_weights` in iTPN_weijie  

backbone.blocks.9.attn.proj.bias - torch.Size([512]): 
Initialized by user-defined `init_weights` in iTPN_weijie  

backbone.blocks.9.norm2.weight - torch.Size([512]): 
Initialized by user-defined `init_weights` in iTPN_weijie  

backbone.blocks.9.norm2.bias - torch.Size([512]): 
Initialized by user-defined `init_weights` in iTPN_weijie  

backbone.blocks.9.mlp.fc1.weight - torch.Size([2048, 512]): 
Initialized by user-defined `init_weights` in iTPN_weijie  

backbone.blocks.9.mlp.fc1.bias - torch.Size([2048]): 
Initialized by user-defined `init_weights` in iTPN_weijie  

backbone.blocks.9.mlp.fc2.weight - torch.Size([512, 2048]): 
Initialized by user-defined `init_weights` in iTPN_weijie  

backbone.blocks.9.mlp.fc2.bias - torch.Size([512]): 
Initialized by user-defined `init_weights` in iTPN_weijie  

backbone.blocks.10.norm1.weight - torch.Size([512]): 
Initialized by user-defined `init_weights` in iTPN_weijie  

backbone.blocks.10.norm1.bias - torch.Size([512]): 
Initialized by user-defined `init_weights` in iTPN_weijie  

backbone.blocks.10.attn.qkv.weight - torch.Size([1536, 512]): 
Initialized by user-defined `init_weights` in iTPN_weijie  

backbone.blocks.10.attn.qkv.bias - torch.Size([1536]): 
Initialized by user-defined `init_weights` in iTPN_weijie  

backbone.blocks.10.attn.proj.weight - torch.Size([512, 512]): 
Initialized by user-defined `init_weights` in iTPN_weijie  

backbone.blocks.10.attn.proj.bias - torch.Size([512]): 
Initialized by user-defined `init_weights` in iTPN_weijie  

backbone.blocks.10.norm2.weight - torch.Size([512]): 
Initialized by user-defined `init_weights` in iTPN_weijie  

backbone.blocks.10.norm2.bias - torch.Size([512]): 
Initialized by user-defined `init_weights` in iTPN_weijie  

backbone.blocks.10.mlp.fc1.weight - torch.Size([2048, 512]): 
Initialized by user-defined `init_weights` in iTPN_weijie  

backbone.blocks.10.mlp.fc1.bias - torch.Size([2048]): 
Initialized by user-defined `init_weights` in iTPN_weijie  

backbone.blocks.10.mlp.fc2.weight - torch.Size([512, 2048]): 
Initialized by user-defined `init_weights` in iTPN_weijie  

backbone.blocks.10.mlp.fc2.bias - torch.Size([512]): 
Initialized by user-defined `init_weights` in iTPN_weijie  

backbone.blocks.11.norm1.weight - torch.Size([512]): 
Initialized by user-defined `init_weights` in iTPN_weijie  

backbone.blocks.11.norm1.bias - torch.Size([512]): 
Initialized by user-defined `init_weights` in iTPN_weijie  

backbone.blocks.11.attn.qkv.weight - torch.Size([1536, 512]): 
Initialized by user-defined `init_weights` in iTPN_weijie  

backbone.blocks.11.attn.qkv.bias - torch.Size([1536]): 
Initialized by user-defined `init_weights` in iTPN_weijie  

backbone.blocks.11.attn.proj.weight - torch.Size([512, 512]): 
Initialized by user-defined `init_weights` in iTPN_weijie  

backbone.blocks.11.attn.proj.bias - torch.Size([512]): 
Initialized by user-defined `init_weights` in iTPN_weijie  

backbone.blocks.11.norm2.weight - torch.Size([512]): 
Initialized by user-defined `init_weights` in iTPN_weijie  

backbone.blocks.11.norm2.bias - torch.Size([512]): 
Initialized by user-defined `init_weights` in iTPN_weijie  

backbone.blocks.11.mlp.fc1.weight - torch.Size([2048, 512]): 
Initialized by user-defined `init_weights` in iTPN_weijie  

backbone.blocks.11.mlp.fc1.bias - torch.Size([2048]): 
Initialized by user-defined `init_weights` in iTPN_weijie  

backbone.blocks.11.mlp.fc2.weight - torch.Size([512, 2048]): 
Initialized by user-defined `init_weights` in iTPN_weijie  

backbone.blocks.11.mlp.fc2.bias - torch.Size([512]): 
Initialized by user-defined `init_weights` in iTPN_weijie  

backbone.blocks.12.norm1.weight - torch.Size([512]): 
Initialized by user-defined `init_weights` in iTPN_weijie  

backbone.blocks.12.norm1.bias - torch.Size([512]): 
Initialized by user-defined `init_weights` in iTPN_weijie  

backbone.blocks.12.attn.qkv.weight - torch.Size([1536, 512]): 
Initialized by user-defined `init_weights` in iTPN_weijie  

backbone.blocks.12.attn.qkv.bias - torch.Size([1536]): 
Initialized by user-defined `init_weights` in iTPN_weijie  

backbone.blocks.12.attn.proj.weight - torch.Size([512, 512]): 
Initialized by user-defined `init_weights` in iTPN_weijie  

backbone.blocks.12.attn.proj.bias - torch.Size([512]): 
Initialized by user-defined `init_weights` in iTPN_weijie  

backbone.blocks.12.norm2.weight - torch.Size([512]): 
Initialized by user-defined `init_weights` in iTPN_weijie  

backbone.blocks.12.norm2.bias - torch.Size([512]): 
Initialized by user-defined `init_weights` in iTPN_weijie  

backbone.blocks.12.mlp.fc1.weight - torch.Size([2048, 512]): 
Initialized by user-defined `init_weights` in iTPN_weijie  

backbone.blocks.12.mlp.fc1.bias - torch.Size([2048]): 
Initialized by user-defined `init_weights` in iTPN_weijie  

backbone.blocks.12.mlp.fc2.weight - torch.Size([512, 2048]): 
Initialized by user-defined `init_weights` in iTPN_weijie  

backbone.blocks.12.mlp.fc2.bias - torch.Size([512]): 
Initialized by user-defined `init_weights` in iTPN_weijie  

backbone.blocks.13.norm1.weight - torch.Size([512]): 
Initialized by user-defined `init_weights` in iTPN_weijie  

backbone.blocks.13.norm1.bias - torch.Size([512]): 
Initialized by user-defined `init_weights` in iTPN_weijie  

backbone.blocks.13.attn.qkv.weight - torch.Size([1536, 512]): 
Initialized by user-defined `init_weights` in iTPN_weijie  

backbone.blocks.13.attn.qkv.bias - torch.Size([1536]): 
Initialized by user-defined `init_weights` in iTPN_weijie  

backbone.blocks.13.attn.proj.weight - torch.Size([512, 512]): 
Initialized by user-defined `init_weights` in iTPN_weijie  

backbone.blocks.13.attn.proj.bias - torch.Size([512]): 
Initialized by user-defined `init_weights` in iTPN_weijie  

backbone.blocks.13.norm2.weight - torch.Size([512]): 
Initialized by user-defined `init_weights` in iTPN_weijie  

backbone.blocks.13.norm2.bias - torch.Size([512]): 
Initialized by user-defined `init_weights` in iTPN_weijie  

backbone.blocks.13.mlp.fc1.weight - torch.Size([2048, 512]): 
Initialized by user-defined `init_weights` in iTPN_weijie  

backbone.blocks.13.mlp.fc1.bias - torch.Size([2048]): 
Initialized by user-defined `init_weights` in iTPN_weijie  

backbone.blocks.13.mlp.fc2.weight - torch.Size([512, 2048]): 
Initialized by user-defined `init_weights` in iTPN_weijie  

backbone.blocks.13.mlp.fc2.bias - torch.Size([512]): 
Initialized by user-defined `init_weights` in iTPN_weijie  

backbone.blocks.14.norm1.weight - torch.Size([512]): 
Initialized by user-defined `init_weights` in iTPN_weijie  

backbone.blocks.14.norm1.bias - torch.Size([512]): 
Initialized by user-defined `init_weights` in iTPN_weijie  

backbone.blocks.14.attn.qkv.weight - torch.Size([1536, 512]): 
Initialized by user-defined `init_weights` in iTPN_weijie  

backbone.blocks.14.attn.qkv.bias - torch.Size([1536]): 
Initialized by user-defined `init_weights` in iTPN_weijie  

backbone.blocks.14.attn.proj.weight - torch.Size([512, 512]): 
Initialized by user-defined `init_weights` in iTPN_weijie  

backbone.blocks.14.attn.proj.bias - torch.Size([512]): 
Initialized by user-defined `init_weights` in iTPN_weijie  

backbone.blocks.14.norm2.weight - torch.Size([512]): 
Initialized by user-defined `init_weights` in iTPN_weijie  

backbone.blocks.14.norm2.bias - torch.Size([512]): 
Initialized by user-defined `init_weights` in iTPN_weijie  

backbone.blocks.14.mlp.fc1.weight - torch.Size([2048, 512]): 
Initialized by user-defined `init_weights` in iTPN_weijie  

backbone.blocks.14.mlp.fc1.bias - torch.Size([2048]): 
Initialized by user-defined `init_weights` in iTPN_weijie  

backbone.blocks.14.mlp.fc2.weight - torch.Size([512, 2048]): 
Initialized by user-defined `init_weights` in iTPN_weijie  

backbone.blocks.14.mlp.fc2.bias - torch.Size([512]): 
Initialized by user-defined `init_weights` in iTPN_weijie  

backbone.blocks.15.norm1.weight - torch.Size([512]): 
Initialized by user-defined `init_weights` in iTPN_weijie  

backbone.blocks.15.norm1.bias - torch.Size([512]): 
Initialized by user-defined `init_weights` in iTPN_weijie  

backbone.blocks.15.attn.qkv.weight - torch.Size([1536, 512]): 
Initialized by user-defined `init_weights` in iTPN_weijie  

backbone.blocks.15.attn.qkv.bias - torch.Size([1536]): 
Initialized by user-defined `init_weights` in iTPN_weijie  

backbone.blocks.15.attn.proj.weight - torch.Size([512, 512]): 
Initialized by user-defined `init_weights` in iTPN_weijie  

backbone.blocks.15.attn.proj.bias - torch.Size([512]): 
Initialized by user-defined `init_weights` in iTPN_weijie  

backbone.blocks.15.norm2.weight - torch.Size([512]): 
Initialized by user-defined `init_weights` in iTPN_weijie  

backbone.blocks.15.norm2.bias - torch.Size([512]): 
Initialized by user-defined `init_weights` in iTPN_weijie  

backbone.blocks.15.mlp.fc1.weight - torch.Size([2048, 512]): 
Initialized by user-defined `init_weights` in iTPN_weijie  

backbone.blocks.15.mlp.fc1.bias - torch.Size([2048]): 
Initialized by user-defined `init_weights` in iTPN_weijie  

backbone.blocks.15.mlp.fc2.weight - torch.Size([512, 2048]): 
Initialized by user-defined `init_weights` in iTPN_weijie  

backbone.blocks.15.mlp.fc2.bias - torch.Size([512]): 
Initialized by user-defined `init_weights` in iTPN_weijie  

backbone.blocks.16.norm1.weight - torch.Size([512]): 
Initialized by user-defined `init_weights` in iTPN_weijie  

backbone.blocks.16.norm1.bias - torch.Size([512]): 
Initialized by user-defined `init_weights` in iTPN_weijie  

backbone.blocks.16.attn.qkv.weight - torch.Size([1536, 512]): 
Initialized by user-defined `init_weights` in iTPN_weijie  

backbone.blocks.16.attn.qkv.bias - torch.Size([1536]): 
Initialized by user-defined `init_weights` in iTPN_weijie  

backbone.blocks.16.attn.proj.weight - torch.Size([512, 512]): 
Initialized by user-defined `init_weights` in iTPN_weijie  

backbone.blocks.16.attn.proj.bias - torch.Size([512]): 
Initialized by user-defined `init_weights` in iTPN_weijie  

backbone.blocks.16.norm2.weight - torch.Size([512]): 
Initialized by user-defined `init_weights` in iTPN_weijie  

backbone.blocks.16.norm2.bias - torch.Size([512]): 
Initialized by user-defined `init_weights` in iTPN_weijie  

backbone.blocks.16.mlp.fc1.weight - torch.Size([2048, 512]): 
Initialized by user-defined `init_weights` in iTPN_weijie  

backbone.blocks.16.mlp.fc1.bias - torch.Size([2048]): 
Initialized by user-defined `init_weights` in iTPN_weijie  

backbone.blocks.16.mlp.fc2.weight - torch.Size([512, 2048]): 
Initialized by user-defined `init_weights` in iTPN_weijie  

backbone.blocks.16.mlp.fc2.bias - torch.Size([512]): 
Initialized by user-defined `init_weights` in iTPN_weijie  

backbone.blocks.17.norm1.weight - torch.Size([512]): 
Initialized by user-defined `init_weights` in iTPN_weijie  

backbone.blocks.17.norm1.bias - torch.Size([512]): 
Initialized by user-defined `init_weights` in iTPN_weijie  

backbone.blocks.17.attn.qkv.weight - torch.Size([1536, 512]): 
Initialized by user-defined `init_weights` in iTPN_weijie  

backbone.blocks.17.attn.qkv.bias - torch.Size([1536]): 
Initialized by user-defined `init_weights` in iTPN_weijie  

backbone.blocks.17.attn.proj.weight - torch.Size([512, 512]): 
Initialized by user-defined `init_weights` in iTPN_weijie  

backbone.blocks.17.attn.proj.bias - torch.Size([512]): 
Initialized by user-defined `init_weights` in iTPN_weijie  

backbone.blocks.17.norm2.weight - torch.Size([512]): 
Initialized by user-defined `init_weights` in iTPN_weijie  

backbone.blocks.17.norm2.bias - torch.Size([512]): 
Initialized by user-defined `init_weights` in iTPN_weijie  

backbone.blocks.17.mlp.fc1.weight - torch.Size([2048, 512]): 
Initialized by user-defined `init_weights` in iTPN_weijie  

backbone.blocks.17.mlp.fc1.bias - torch.Size([2048]): 
Initialized by user-defined `init_weights` in iTPN_weijie  

backbone.blocks.17.mlp.fc2.weight - torch.Size([512, 2048]): 
Initialized by user-defined `init_weights` in iTPN_weijie  

backbone.blocks.17.mlp.fc2.bias - torch.Size([512]): 
Initialized by user-defined `init_weights` in iTPN_weijie  

backbone.blocks.18.norm1.weight - torch.Size([512]): 
Initialized by user-defined `init_weights` in iTPN_weijie  

backbone.blocks.18.norm1.bias - torch.Size([512]): 
Initialized by user-defined `init_weights` in iTPN_weijie  

backbone.blocks.18.attn.qkv.weight - torch.Size([1536, 512]): 
Initialized by user-defined `init_weights` in iTPN_weijie  

backbone.blocks.18.attn.qkv.bias - torch.Size([1536]): 
Initialized by user-defined `init_weights` in iTPN_weijie  

backbone.blocks.18.attn.proj.weight - torch.Size([512, 512]): 
Initialized by user-defined `init_weights` in iTPN_weijie  

backbone.blocks.18.attn.proj.bias - torch.Size([512]): 
Initialized by user-defined `init_weights` in iTPN_weijie  

backbone.blocks.18.norm2.weight - torch.Size([512]): 
Initialized by user-defined `init_weights` in iTPN_weijie  

backbone.blocks.18.norm2.bias - torch.Size([512]): 
Initialized by user-defined `init_weights` in iTPN_weijie  

backbone.blocks.18.mlp.fc1.weight - torch.Size([2048, 512]): 
Initialized by user-defined `init_weights` in iTPN_weijie  

backbone.blocks.18.mlp.fc1.bias - torch.Size([2048]): 
Initialized by user-defined `init_weights` in iTPN_weijie  

backbone.blocks.18.mlp.fc2.weight - torch.Size([512, 2048]): 
Initialized by user-defined `init_weights` in iTPN_weijie  

backbone.blocks.18.mlp.fc2.bias - torch.Size([512]): 
Initialized by user-defined `init_weights` in iTPN_weijie  

backbone.blocks.19.norm1.weight - torch.Size([512]): 
Initialized by user-defined `init_weights` in iTPN_weijie  

backbone.blocks.19.norm1.bias - torch.Size([512]): 
Initialized by user-defined `init_weights` in iTPN_weijie  

backbone.blocks.19.attn.qkv.weight - torch.Size([1536, 512]): 
Initialized by user-defined `init_weights` in iTPN_weijie  

backbone.blocks.19.attn.qkv.bias - torch.Size([1536]): 
Initialized by user-defined `init_weights` in iTPN_weijie  

backbone.blocks.19.attn.proj.weight - torch.Size([512, 512]): 
Initialized by user-defined `init_weights` in iTPN_weijie  

backbone.blocks.19.attn.proj.bias - torch.Size([512]): 
Initialized by user-defined `init_weights` in iTPN_weijie  

backbone.blocks.19.norm2.weight - torch.Size([512]): 
Initialized by user-defined `init_weights` in iTPN_weijie  

backbone.blocks.19.norm2.bias - torch.Size([512]): 
Initialized by user-defined `init_weights` in iTPN_weijie  

backbone.blocks.19.mlp.fc1.weight - torch.Size([2048, 512]): 
Initialized by user-defined `init_weights` in iTPN_weijie  

backbone.blocks.19.mlp.fc1.bias - torch.Size([2048]): 
Initialized by user-defined `init_weights` in iTPN_weijie  

backbone.blocks.19.mlp.fc2.weight - torch.Size([512, 2048]): 
Initialized by user-defined `init_weights` in iTPN_weijie  

backbone.blocks.19.mlp.fc2.bias - torch.Size([512]): 
Initialized by user-defined `init_weights` in iTPN_weijie  

backbone.blocks.20.norm1.weight - torch.Size([512]): 
Initialized by user-defined `init_weights` in iTPN_weijie  

backbone.blocks.20.norm1.bias - torch.Size([512]): 
Initialized by user-defined `init_weights` in iTPN_weijie  

backbone.blocks.20.attn.qkv.weight - torch.Size([1536, 512]): 
Initialized by user-defined `init_weights` in iTPN_weijie  

backbone.blocks.20.attn.qkv.bias - torch.Size([1536]): 
Initialized by user-defined `init_weights` in iTPN_weijie  

backbone.blocks.20.attn.proj.weight - torch.Size([512, 512]): 
Initialized by user-defined `init_weights` in iTPN_weijie  

backbone.blocks.20.attn.proj.bias - torch.Size([512]): 
Initialized by user-defined `init_weights` in iTPN_weijie  

backbone.blocks.20.norm2.weight - torch.Size([512]): 
Initialized by user-defined `init_weights` in iTPN_weijie  

backbone.blocks.20.norm2.bias - torch.Size([512]): 
Initialized by user-defined `init_weights` in iTPN_weijie  

backbone.blocks.20.mlp.fc1.weight - torch.Size([2048, 512]): 
Initialized by user-defined `init_weights` in iTPN_weijie  

backbone.blocks.20.mlp.fc1.bias - torch.Size([2048]): 
Initialized by user-defined `init_weights` in iTPN_weijie  

backbone.blocks.20.mlp.fc2.weight - torch.Size([512, 2048]): 
Initialized by user-defined `init_weights` in iTPN_weijie  

backbone.blocks.20.mlp.fc2.bias - torch.Size([512]): 
Initialized by user-defined `init_weights` in iTPN_weijie  

backbone.blocks.21.norm1.weight - torch.Size([512]): 
Initialized by user-defined `init_weights` in iTPN_weijie  

backbone.blocks.21.norm1.bias - torch.Size([512]): 
Initialized by user-defined `init_weights` in iTPN_weijie  

backbone.blocks.21.attn.qkv.weight - torch.Size([1536, 512]): 
Initialized by user-defined `init_weights` in iTPN_weijie  

backbone.blocks.21.attn.qkv.bias - torch.Size([1536]): 
Initialized by user-defined `init_weights` in iTPN_weijie  

backbone.blocks.21.attn.proj.weight - torch.Size([512, 512]): 
Initialized by user-defined `init_weights` in iTPN_weijie  

backbone.blocks.21.attn.proj.bias - torch.Size([512]): 
Initialized by user-defined `init_weights` in iTPN_weijie  

backbone.blocks.21.norm2.weight - torch.Size([512]): 
Initialized by user-defined `init_weights` in iTPN_weijie  

backbone.blocks.21.norm2.bias - torch.Size([512]): 
Initialized by user-defined `init_weights` in iTPN_weijie  

backbone.blocks.21.mlp.fc1.weight - torch.Size([2048, 512]): 
Initialized by user-defined `init_weights` in iTPN_weijie  

backbone.blocks.21.mlp.fc1.bias - torch.Size([2048]): 
Initialized by user-defined `init_weights` in iTPN_weijie  

backbone.blocks.21.mlp.fc2.weight - torch.Size([512, 2048]): 
Initialized by user-defined `init_weights` in iTPN_weijie  

backbone.blocks.21.mlp.fc2.bias - torch.Size([512]): 
Initialized by user-defined `init_weights` in iTPN_weijie  

backbone.blocks.22.norm1.weight - torch.Size([512]): 
Initialized by user-defined `init_weights` in iTPN_weijie  

backbone.blocks.22.norm1.bias - torch.Size([512]): 
Initialized by user-defined `init_weights` in iTPN_weijie  

backbone.blocks.22.attn.qkv.weight - torch.Size([1536, 512]): 
Initialized by user-defined `init_weights` in iTPN_weijie  

backbone.blocks.22.attn.qkv.bias - torch.Size([1536]): 
Initialized by user-defined `init_weights` in iTPN_weijie  

backbone.blocks.22.attn.proj.weight - torch.Size([512, 512]): 
Initialized by user-defined `init_weights` in iTPN_weijie  

backbone.blocks.22.attn.proj.bias - torch.Size([512]): 
Initialized by user-defined `init_weights` in iTPN_weijie  

backbone.blocks.22.norm2.weight - torch.Size([512]): 
Initialized by user-defined `init_weights` in iTPN_weijie  

backbone.blocks.22.norm2.bias - torch.Size([512]): 
Initialized by user-defined `init_weights` in iTPN_weijie  

backbone.blocks.22.mlp.fc1.weight - torch.Size([2048, 512]): 
Initialized by user-defined `init_weights` in iTPN_weijie  

backbone.blocks.22.mlp.fc1.bias - torch.Size([2048]): 
Initialized by user-defined `init_weights` in iTPN_weijie  

backbone.blocks.22.mlp.fc2.weight - torch.Size([512, 2048]): 
Initialized by user-defined `init_weights` in iTPN_weijie  

backbone.blocks.22.mlp.fc2.bias - torch.Size([512]): 
Initialized by user-defined `init_weights` in iTPN_weijie  

backbone.blocks.23.norm1.weight - torch.Size([512]): 
Initialized by user-defined `init_weights` in iTPN_weijie  

backbone.blocks.23.norm1.bias - torch.Size([512]): 
Initialized by user-defined `init_weights` in iTPN_weijie  

backbone.blocks.23.attn.qkv.weight - torch.Size([1536, 512]): 
Initialized by user-defined `init_weights` in iTPN_weijie  

backbone.blocks.23.attn.qkv.bias - torch.Size([1536]): 
Initialized by user-defined `init_weights` in iTPN_weijie  

backbone.blocks.23.attn.proj.weight - torch.Size([512, 512]): 
Initialized by user-defined `init_weights` in iTPN_weijie  

backbone.blocks.23.attn.proj.bias - torch.Size([512]): 
Initialized by user-defined `init_weights` in iTPN_weijie  

backbone.blocks.23.norm2.weight - torch.Size([512]): 
Initialized by user-defined `init_weights` in iTPN_weijie  

backbone.blocks.23.norm2.bias - torch.Size([512]): 
Initialized by user-defined `init_weights` in iTPN_weijie  

backbone.blocks.23.mlp.fc1.weight - torch.Size([2048, 512]): 
Initialized by user-defined `init_weights` in iTPN_weijie  

backbone.blocks.23.mlp.fc1.bias - torch.Size([2048]): 
Initialized by user-defined `init_weights` in iTPN_weijie  

backbone.blocks.23.mlp.fc2.weight - torch.Size([512, 2048]): 
Initialized by user-defined `init_weights` in iTPN_weijie  

backbone.blocks.23.mlp.fc2.bias - torch.Size([512]): 
Initialized by user-defined `init_weights` in iTPN_weijie  

backbone.blocks.24.norm1.weight - torch.Size([512]): 
Initialized by user-defined `init_weights` in iTPN_weijie  

backbone.blocks.24.norm1.bias - torch.Size([512]): 
Initialized by user-defined `init_weights` in iTPN_weijie  

backbone.blocks.24.attn.qkv.weight - torch.Size([1536, 512]): 
Initialized by user-defined `init_weights` in iTPN_weijie  

backbone.blocks.24.attn.qkv.bias - torch.Size([1536]): 
Initialized by user-defined `init_weights` in iTPN_weijie  

backbone.blocks.24.attn.proj.weight - torch.Size([512, 512]): 
Initialized by user-defined `init_weights` in iTPN_weijie  

backbone.blocks.24.attn.proj.bias - torch.Size([512]): 
Initialized by user-defined `init_weights` in iTPN_weijie  

backbone.blocks.24.norm2.weight - torch.Size([512]): 
Initialized by user-defined `init_weights` in iTPN_weijie  

backbone.blocks.24.norm2.bias - torch.Size([512]): 
Initialized by user-defined `init_weights` in iTPN_weijie  

backbone.blocks.24.mlp.fc1.weight - torch.Size([2048, 512]): 
Initialized by user-defined `init_weights` in iTPN_weijie  

backbone.blocks.24.mlp.fc1.bias - torch.Size([2048]): 
Initialized by user-defined `init_weights` in iTPN_weijie  

backbone.blocks.24.mlp.fc2.weight - torch.Size([512, 2048]): 
Initialized by user-defined `init_weights` in iTPN_weijie  

backbone.blocks.24.mlp.fc2.bias - torch.Size([512]): 
Initialized by user-defined `init_weights` in iTPN_weijie  

backbone.blocks.25.norm1.weight - torch.Size([512]): 
Initialized by user-defined `init_weights` in iTPN_weijie  

backbone.blocks.25.norm1.bias - torch.Size([512]): 
Initialized by user-defined `init_weights` in iTPN_weijie  

backbone.blocks.25.attn.qkv.weight - torch.Size([1536, 512]): 
Initialized by user-defined `init_weights` in iTPN_weijie  

backbone.blocks.25.attn.qkv.bias - torch.Size([1536]): 
Initialized by user-defined `init_weights` in iTPN_weijie  

backbone.blocks.25.attn.proj.weight - torch.Size([512, 512]): 
Initialized by user-defined `init_weights` in iTPN_weijie  

backbone.blocks.25.attn.proj.bias - torch.Size([512]): 
Initialized by user-defined `init_weights` in iTPN_weijie  

backbone.blocks.25.norm2.weight - torch.Size([512]): 
Initialized by user-defined `init_weights` in iTPN_weijie  

backbone.blocks.25.norm2.bias - torch.Size([512]): 
Initialized by user-defined `init_weights` in iTPN_weijie  

backbone.blocks.25.mlp.fc1.weight - torch.Size([2048, 512]): 
Initialized by user-defined `init_weights` in iTPN_weijie  

backbone.blocks.25.mlp.fc1.bias - torch.Size([2048]): 
Initialized by user-defined `init_weights` in iTPN_weijie  

backbone.blocks.25.mlp.fc2.weight - torch.Size([512, 2048]): 
Initialized by user-defined `init_weights` in iTPN_weijie  

backbone.blocks.25.mlp.fc2.bias - torch.Size([512]): 
Initialized by user-defined `init_weights` in iTPN_weijie  

backbone.blocks.26.norm1.weight - torch.Size([512]): 
Initialized by user-defined `init_weights` in iTPN_weijie  

backbone.blocks.26.norm1.bias - torch.Size([512]): 
Initialized by user-defined `init_weights` in iTPN_weijie  

backbone.blocks.26.attn.qkv.weight - torch.Size([1536, 512]): 
Initialized by user-defined `init_weights` in iTPN_weijie  

backbone.blocks.26.attn.qkv.bias - torch.Size([1536]): 
Initialized by user-defined `init_weights` in iTPN_weijie  

backbone.blocks.26.attn.proj.weight - torch.Size([512, 512]): 
Initialized by user-defined `init_weights` in iTPN_weijie  

backbone.blocks.26.attn.proj.bias - torch.Size([512]): 
Initialized by user-defined `init_weights` in iTPN_weijie  

backbone.blocks.26.norm2.weight - torch.Size([512]): 
Initialized by user-defined `init_weights` in iTPN_weijie  

backbone.blocks.26.norm2.bias - torch.Size([512]): 
Initialized by user-defined `init_weights` in iTPN_weijie  

backbone.blocks.26.mlp.fc1.weight - torch.Size([2048, 512]): 
Initialized by user-defined `init_weights` in iTPN_weijie  

backbone.blocks.26.mlp.fc1.bias - torch.Size([2048]): 
Initialized by user-defined `init_weights` in iTPN_weijie  

backbone.blocks.26.mlp.fc2.weight - torch.Size([512, 2048]): 
Initialized by user-defined `init_weights` in iTPN_weijie  

backbone.blocks.26.mlp.fc2.bias - torch.Size([512]): 
Initialized by user-defined `init_weights` in iTPN_weijie  

backbone.blocks.27.norm1.weight - torch.Size([512]): 
Initialized by user-defined `init_weights` in iTPN_weijie  

backbone.blocks.27.norm1.bias - torch.Size([512]): 
Initialized by user-defined `init_weights` in iTPN_weijie  

backbone.blocks.27.attn.qkv.weight - torch.Size([1536, 512]): 
Initialized by user-defined `init_weights` in iTPN_weijie  

backbone.blocks.27.attn.qkv.bias - torch.Size([1536]): 
Initialized by user-defined `init_weights` in iTPN_weijie  

backbone.blocks.27.attn.proj.weight - torch.Size([512, 512]): 
Initialized by user-defined `init_weights` in iTPN_weijie  

backbone.blocks.27.attn.proj.bias - torch.Size([512]): 
Initialized by user-defined `init_weights` in iTPN_weijie  

backbone.blocks.27.norm2.weight - torch.Size([512]): 
Initialized by user-defined `init_weights` in iTPN_weijie  

backbone.blocks.27.norm2.bias - torch.Size([512]): 
Initialized by user-defined `init_weights` in iTPN_weijie  

backbone.blocks.27.mlp.fc1.weight - torch.Size([2048, 512]): 
Initialized by user-defined `init_weights` in iTPN_weijie  

backbone.blocks.27.mlp.fc1.bias - torch.Size([2048]): 
Initialized by user-defined `init_weights` in iTPN_weijie  

backbone.blocks.27.mlp.fc2.weight - torch.Size([512, 2048]): 
Initialized by user-defined `init_weights` in iTPN_weijie  

backbone.blocks.27.mlp.fc2.bias - torch.Size([512]): 
Initialized by user-defined `init_weights` in iTPN_weijie  

backbone.blocks.28.norm1.weight - torch.Size([512]): 
Initialized by user-defined `init_weights` in iTPN_weijie  

backbone.blocks.28.norm1.bias - torch.Size([512]): 
Initialized by user-defined `init_weights` in iTPN_weijie  

backbone.blocks.28.attn.qkv.weight - torch.Size([1536, 512]): 
Initialized by user-defined `init_weights` in iTPN_weijie  

backbone.blocks.28.attn.qkv.bias - torch.Size([1536]): 
Initialized by user-defined `init_weights` in iTPN_weijie  

backbone.blocks.28.attn.proj.weight - torch.Size([512, 512]): 
Initialized by user-defined `init_weights` in iTPN_weijie  

backbone.blocks.28.attn.proj.bias - torch.Size([512]): 
Initialized by user-defined `init_weights` in iTPN_weijie  

backbone.blocks.28.norm2.weight - torch.Size([512]): 
Initialized by user-defined `init_weights` in iTPN_weijie  

backbone.blocks.28.norm2.bias - torch.Size([512]): 
Initialized by user-defined `init_weights` in iTPN_weijie  

backbone.blocks.28.mlp.fc1.weight - torch.Size([2048, 512]): 
Initialized by user-defined `init_weights` in iTPN_weijie  

backbone.blocks.28.mlp.fc1.bias - torch.Size([2048]): 
Initialized by user-defined `init_weights` in iTPN_weijie  

backbone.blocks.28.mlp.fc2.weight - torch.Size([512, 2048]): 
Initialized by user-defined `init_weights` in iTPN_weijie  

backbone.blocks.28.mlp.fc2.bias - torch.Size([512]): 
Initialized by user-defined `init_weights` in iTPN_weijie  

backbone.blocks.29.norm1.weight - torch.Size([512]): 
Initialized by user-defined `init_weights` in iTPN_weijie  

backbone.blocks.29.norm1.bias - torch.Size([512]): 
Initialized by user-defined `init_weights` in iTPN_weijie  

backbone.blocks.29.attn.qkv.weight - torch.Size([1536, 512]): 
Initialized by user-defined `init_weights` in iTPN_weijie  

backbone.blocks.29.attn.qkv.bias - torch.Size([1536]): 
Initialized by user-defined `init_weights` in iTPN_weijie  

backbone.blocks.29.attn.proj.weight - torch.Size([512, 512]): 
Initialized by user-defined `init_weights` in iTPN_weijie  

backbone.blocks.29.attn.proj.bias - torch.Size([512]): 
Initialized by user-defined `init_weights` in iTPN_weijie  

backbone.blocks.29.norm2.weight - torch.Size([512]): 
Initialized by user-defined `init_weights` in iTPN_weijie  

backbone.blocks.29.norm2.bias - torch.Size([512]): 
Initialized by user-defined `init_weights` in iTPN_weijie  

backbone.blocks.29.mlp.fc1.weight - torch.Size([2048, 512]): 
Initialized by user-defined `init_weights` in iTPN_weijie  

backbone.blocks.29.mlp.fc1.bias - torch.Size([2048]): 
Initialized by user-defined `init_weights` in iTPN_weijie  

backbone.blocks.29.mlp.fc2.weight - torch.Size([512, 2048]): 
Initialized by user-defined `init_weights` in iTPN_weijie  

backbone.blocks.29.mlp.fc2.bias - torch.Size([512]): 
Initialized by user-defined `init_weights` in iTPN_weijie  

backbone.blocks.30.norm1.weight - torch.Size([512]): 
Initialized by user-defined `init_weights` in iTPN_weijie  

backbone.blocks.30.norm1.bias - torch.Size([512]): 
Initialized by user-defined `init_weights` in iTPN_weijie  

backbone.blocks.30.attn.qkv.weight - torch.Size([1536, 512]): 
Initialized by user-defined `init_weights` in iTPN_weijie  

backbone.blocks.30.attn.qkv.bias - torch.Size([1536]): 
Initialized by user-defined `init_weights` in iTPN_weijie  

backbone.blocks.30.attn.proj.weight - torch.Size([512, 512]): 
Initialized by user-defined `init_weights` in iTPN_weijie  

backbone.blocks.30.attn.proj.bias - torch.Size([512]): 
Initialized by user-defined `init_weights` in iTPN_weijie  

backbone.blocks.30.norm2.weight - torch.Size([512]): 
Initialized by user-defined `init_weights` in iTPN_weijie  

backbone.blocks.30.norm2.bias - torch.Size([512]): 
Initialized by user-defined `init_weights` in iTPN_weijie  

backbone.blocks.30.mlp.fc1.weight - torch.Size([2048, 512]): 
Initialized by user-defined `init_weights` in iTPN_weijie  

backbone.blocks.30.mlp.fc1.bias - torch.Size([2048]): 
Initialized by user-defined `init_weights` in iTPN_weijie  

backbone.blocks.30.mlp.fc2.weight - torch.Size([512, 2048]): 
Initialized by user-defined `init_weights` in iTPN_weijie  

backbone.blocks.30.mlp.fc2.bias - torch.Size([512]): 
Initialized by user-defined `init_weights` in iTPN_weijie  

backbone.blocks.31.norm1.weight - torch.Size([512]): 
Initialized by user-defined `init_weights` in iTPN_weijie  

backbone.blocks.31.norm1.bias - torch.Size([512]): 
Initialized by user-defined `init_weights` in iTPN_weijie  

backbone.blocks.31.attn.qkv.weight - torch.Size([1536, 512]): 
Initialized by user-defined `init_weights` in iTPN_weijie  

backbone.blocks.31.attn.qkv.bias - torch.Size([1536]): 
Initialized by user-defined `init_weights` in iTPN_weijie  

backbone.blocks.31.attn.proj.weight - torch.Size([512, 512]): 
Initialized by user-defined `init_weights` in iTPN_weijie  

backbone.blocks.31.attn.proj.bias - torch.Size([512]): 
Initialized by user-defined `init_weights` in iTPN_weijie  

backbone.blocks.31.norm2.weight - torch.Size([512]): 
Initialized by user-defined `init_weights` in iTPN_weijie  

backbone.blocks.31.norm2.bias - torch.Size([512]): 
Initialized by user-defined `init_weights` in iTPN_weijie  

backbone.blocks.31.mlp.fc1.weight - torch.Size([2048, 512]): 
Initialized by user-defined `init_weights` in iTPN_weijie  

backbone.blocks.31.mlp.fc1.bias - torch.Size([2048]): 
Initialized by user-defined `init_weights` in iTPN_weijie  

backbone.blocks.31.mlp.fc2.weight - torch.Size([512, 2048]): 
Initialized by user-defined `init_weights` in iTPN_weijie  

backbone.blocks.31.mlp.fc2.bias - torch.Size([512]): 
Initialized by user-defined `init_weights` in iTPN_weijie  

backbone.align_dim_16tofpn.weight - torch.Size([256, 512]): 
Initialized by user-defined `init_weights` in iTPN_weijie  

backbone.align_dim_16tofpn.bias - torch.Size([256]): 
Initialized by user-defined `init_weights` in iTPN_weijie  

backbone.fpn_modules.0.norm2.weight - torch.Size([256]): 
Initialized by user-defined `init_weights` in iTPN_weijie  

backbone.fpn_modules.0.norm2.bias - torch.Size([256]): 
Initialized by user-defined `init_weights` in iTPN_weijie  

backbone.fpn_modules.0.mlp.fc1.weight - torch.Size([1024, 256]): 
Initialized by user-defined `init_weights` in iTPN_weijie  

backbone.fpn_modules.0.mlp.fc1.bias - torch.Size([1024]): 
Initialized by user-defined `init_weights` in iTPN_weijie  

backbone.fpn_modules.0.mlp.fc2.weight - torch.Size([256, 1024]): 
Initialized by user-defined `init_weights` in iTPN_weijie  

backbone.fpn_modules.0.mlp.fc2.bias - torch.Size([256]): 
Initialized by user-defined `init_weights` in iTPN_weijie  

backbone.fpn_modules.1.norm2.weight - torch.Size([256]): 
Initialized by user-defined `init_weights` in iTPN_weijie  

backbone.fpn_modules.1.norm2.bias - torch.Size([256]): 
Initialized by user-defined `init_weights` in iTPN_weijie  

backbone.fpn_modules.1.mlp.fc1.weight - torch.Size([1024, 256]): 
Initialized by user-defined `init_weights` in iTPN_weijie  

backbone.fpn_modules.1.mlp.fc1.bias - torch.Size([1024]): 
Initialized by user-defined `init_weights` in iTPN_weijie  

backbone.fpn_modules.1.mlp.fc2.weight - torch.Size([256, 1024]): 
Initialized by user-defined `init_weights` in iTPN_weijie  

backbone.fpn_modules.1.mlp.fc2.bias - torch.Size([256]): 
Initialized by user-defined `init_weights` in iTPN_weijie  

backbone.fpn_modules.2.norm2.weight - torch.Size([256]): 
Initialized by user-defined `init_weights` in iTPN_weijie  

backbone.fpn_modules.2.norm2.bias - torch.Size([256]): 
Initialized by user-defined `init_weights` in iTPN_weijie  

backbone.fpn_modules.2.mlp.fc1.weight - torch.Size([1024, 256]): 
Initialized by user-defined `init_weights` in iTPN_weijie  

backbone.fpn_modules.2.mlp.fc1.bias - torch.Size([1024]): 
Initialized by user-defined `init_weights` in iTPN_weijie  

backbone.fpn_modules.2.mlp.fc2.weight - torch.Size([256, 1024]): 
Initialized by user-defined `init_weights` in iTPN_weijie  

backbone.fpn_modules.2.mlp.fc2.bias - torch.Size([256]): 
Initialized by user-defined `init_weights` in iTPN_weijie  

backbone.align_dim_16to8.weight - torch.Size([256, 256]): 
Initialized by user-defined `init_weights` in iTPN_weijie  

backbone.split_16to8.norm.weight - torch.Size([512]): 
Initialized by user-defined `init_weights` in iTPN_weijie  

backbone.split_16to8.norm.bias - torch.Size([512]): 
Initialized by user-defined `init_weights` in iTPN_weijie  

backbone.split_16to8.reduction.weight - torch.Size([1024, 512]): 
Initialized by user-defined `init_weights` in iTPN_weijie  

backbone.block_16to8.0.norm2.weight - torch.Size([256]): 
Initialized by user-defined `init_weights` in iTPN_weijie  

backbone.block_16to8.0.norm2.bias - torch.Size([256]): 
Initialized by user-defined `init_weights` in iTPN_weijie  

backbone.block_16to8.0.mlp.fc1.weight - torch.Size([1024, 256]): 
Initialized by user-defined `init_weights` in iTPN_weijie  

backbone.block_16to8.0.mlp.fc1.bias - torch.Size([1024]): 
Initialized by user-defined `init_weights` in iTPN_weijie  

backbone.block_16to8.0.mlp.fc2.weight - torch.Size([256, 1024]): 
Initialized by user-defined `init_weights` in iTPN_weijie  

backbone.block_16to8.0.mlp.fc2.bias - torch.Size([256]): 
Initialized by user-defined `init_weights` in iTPN_weijie  

backbone.block_16to8.1.norm2.weight - torch.Size([256]): 
Initialized by user-defined `init_weights` in iTPN_weijie  

backbone.block_16to8.1.norm2.bias - torch.Size([256]): 
Initialized by user-defined `init_weights` in iTPN_weijie  

backbone.block_16to8.1.mlp.fc1.weight - torch.Size([1024, 256]): 
Initialized by user-defined `init_weights` in iTPN_weijie  

backbone.block_16to8.1.mlp.fc1.bias - torch.Size([1024]): 
Initialized by user-defined `init_weights` in iTPN_weijie  

backbone.block_16to8.1.mlp.fc2.weight - torch.Size([256, 1024]): 
Initialized by user-defined `init_weights` in iTPN_weijie  

backbone.block_16to8.1.mlp.fc2.bias - torch.Size([256]): 
Initialized by user-defined `init_weights` in iTPN_weijie  

backbone.align_dim_8to4.weight - torch.Size([256, 128]): 
Initialized by user-defined `init_weights` in iTPN_weijie  

backbone.split_8to4.norm.weight - torch.Size([256]): 
Initialized by user-defined `init_weights` in iTPN_weijie  

backbone.split_8to4.norm.bias - torch.Size([256]): 
Initialized by user-defined `init_weights` in iTPN_weijie  

backbone.split_8to4.reduction.weight - torch.Size([1024, 256]): 
Initialized by user-defined `init_weights` in iTPN_weijie  

backbone.block_8to4.0.norm2.weight - torch.Size([256]): 
Initialized by user-defined `init_weights` in iTPN_weijie  

backbone.block_8to4.0.norm2.bias - torch.Size([256]): 
Initialized by user-defined `init_weights` in iTPN_weijie  

backbone.block_8to4.0.mlp.fc1.weight - torch.Size([1024, 256]): 
Initialized by user-defined `init_weights` in iTPN_weijie  

backbone.block_8to4.0.mlp.fc1.bias - torch.Size([1024]): 
Initialized by user-defined `init_weights` in iTPN_weijie  

backbone.block_8to4.0.mlp.fc2.weight - torch.Size([256, 1024]): 
Initialized by user-defined `init_weights` in iTPN_weijie  

backbone.block_8to4.0.mlp.fc2.bias - torch.Size([256]): 
Initialized by user-defined `init_weights` in iTPN_weijie  

backbone.block_8to4.1.norm2.weight - torch.Size([256]): 
Initialized by user-defined `init_weights` in iTPN_weijie  

backbone.block_8to4.1.norm2.bias - torch.Size([256]): 
Initialized by user-defined `init_weights` in iTPN_weijie  

backbone.block_8to4.1.mlp.fc1.weight - torch.Size([1024, 256]): 
Initialized by user-defined `init_weights` in iTPN_weijie  

backbone.block_8to4.1.mlp.fc1.bias - torch.Size([1024]): 
Initialized by user-defined `init_weights` in iTPN_weijie  

backbone.block_8to4.1.mlp.fc2.weight - torch.Size([256, 1024]): 
Initialized by user-defined `init_weights` in iTPN_weijie  

backbone.block_8to4.1.mlp.fc2.bias - torch.Size([256]): 
Initialized by user-defined `init_weights` in iTPN_weijie  

decode_head.conv_seg.weight - torch.Size([5, 768, 1, 1]): 
NormalInit: mean=0, std=0.01, bias=0 

decode_head.conv_seg.bias - torch.Size([5]): 
NormalInit: mean=0, std=0.01, bias=0 

decode_head.psp_modules.0.1.conv.weight - torch.Size([768, 768, 1, 1]): 
The value is the same before and after calling `init_weights` of EncoderDecoder  

decode_head.psp_modules.0.1.bn.weight - torch.Size([768]): 
The value is the same before and after calling `init_weights` of EncoderDecoder  

decode_head.psp_modules.0.1.bn.bias - torch.Size([768]): 
The value is the same before and after calling `init_weights` of EncoderDecoder  

decode_head.psp_modules.1.1.conv.weight - torch.Size([768, 768, 1, 1]): 
The value is the same before and after calling `init_weights` of EncoderDecoder  

decode_head.psp_modules.1.1.bn.weight - torch.Size([768]): 
The value is the same before and after calling `init_weights` of EncoderDecoder  

decode_head.psp_modules.1.1.bn.bias - torch.Size([768]): 
The value is the same before and after calling `init_weights` of EncoderDecoder  

decode_head.psp_modules.2.1.conv.weight - torch.Size([768, 768, 1, 1]): 
The value is the same before and after calling `init_weights` of EncoderDecoder  

decode_head.psp_modules.2.1.bn.weight - torch.Size([768]): 
The value is the same before and after calling `init_weights` of EncoderDecoder  

decode_head.psp_modules.2.1.bn.bias - torch.Size([768]): 
The value is the same before and after calling `init_weights` of EncoderDecoder  

decode_head.psp_modules.3.1.conv.weight - torch.Size([768, 768, 1, 1]): 
The value is the same before and after calling `init_weights` of EncoderDecoder  

decode_head.psp_modules.3.1.bn.weight - torch.Size([768]): 
The value is the same before and after calling `init_weights` of EncoderDecoder  

decode_head.psp_modules.3.1.bn.bias - torch.Size([768]): 
The value is the same before and after calling `init_weights` of EncoderDecoder  

decode_head.bottleneck.conv.weight - torch.Size([768, 3840, 3, 3]): 
Initialized by user-defined `init_weights` in ConvModule  

decode_head.bottleneck.bn.weight - torch.Size([768]): 
The value is the same before and after calling `init_weights` of EncoderDecoder  

decode_head.bottleneck.bn.bias - torch.Size([768]): 
The value is the same before and after calling `init_weights` of EncoderDecoder  

decode_head.lateral_convs.0.conv.weight - torch.Size([768, 384, 1, 1]): 
The value is the same before and after calling `init_weights` of EncoderDecoder  

decode_head.lateral_convs.0.bn.weight - torch.Size([768]): 
The value is the same before and after calling `init_weights` of EncoderDecoder  

decode_head.lateral_convs.0.bn.bias - torch.Size([768]): 
The value is the same before and after calling `init_weights` of EncoderDecoder  

decode_head.lateral_convs.1.conv.weight - torch.Size([768, 512, 1, 1]): 
The value is the same before and after calling `init_weights` of EncoderDecoder  

decode_head.lateral_convs.1.bn.weight - torch.Size([768]): 
The value is the same before and after calling `init_weights` of EncoderDecoder  

decode_head.lateral_convs.1.bn.bias - torch.Size([768]): 
The value is the same before and after calling `init_weights` of EncoderDecoder  

decode_head.lateral_convs.2.conv.weight - torch.Size([768, 768, 1, 1]): 
The value is the same before and after calling `init_weights` of EncoderDecoder  

decode_head.lateral_convs.2.bn.weight - torch.Size([768]): 
The value is the same before and after calling `init_weights` of EncoderDecoder  

decode_head.lateral_convs.2.bn.bias - torch.Size([768]): 
The value is the same before and after calling `init_weights` of EncoderDecoder  

decode_head.fpn_convs.0.conv.weight - torch.Size([768, 768, 3, 3]): 
The value is the same before and after calling `init_weights` of EncoderDecoder  

decode_head.fpn_convs.0.bn.weight - torch.Size([768]): 
The value is the same before and after calling `init_weights` of EncoderDecoder  

decode_head.fpn_convs.0.bn.bias - torch.Size([768]): 
The value is the same before and after calling `init_weights` of EncoderDecoder  

decode_head.fpn_convs.1.conv.weight - torch.Size([768, 768, 3, 3]): 
The value is the same before and after calling `init_weights` of EncoderDecoder  

decode_head.fpn_convs.1.bn.weight - torch.Size([768]): 
The value is the same before and after calling `init_weights` of EncoderDecoder  

decode_head.fpn_convs.1.bn.bias - torch.Size([768]): 
The value is the same before and after calling `init_weights` of EncoderDecoder  

decode_head.fpn_convs.2.conv.weight - torch.Size([768, 768, 3, 3]): 
The value is the same before and after calling `init_weights` of EncoderDecoder  

decode_head.fpn_convs.2.bn.weight - torch.Size([768]): 
The value is the same before and after calling `init_weights` of EncoderDecoder  

decode_head.fpn_convs.2.bn.bias - torch.Size([768]): 
The value is the same before and after calling `init_weights` of EncoderDecoder  

decode_head.fpn_bottleneck.conv.weight - torch.Size([768, 3072, 3, 3]): 
Initialized by user-defined `init_weights` in ConvModule  

decode_head.fpn_bottleneck.bn.weight - torch.Size([768]): 
The value is the same before and after calling `init_weights` of EncoderDecoder  

decode_head.fpn_bottleneck.bn.bias - torch.Size([768]): 
The value is the same before and after calling `init_weights` of EncoderDecoder  

auxiliary_head.conv_seg.weight - torch.Size([5, 256, 1, 1]): 
NormalInit: mean=0, std=0.01, bias=0 

auxiliary_head.conv_seg.bias - torch.Size([5]): 
NormalInit: mean=0, std=0.01, bias=0 

auxiliary_head.convs.0.conv.weight - torch.Size([256, 768, 3, 3]): 
The value is the same before and after calling `init_weights` of EncoderDecoder  

auxiliary_head.convs.0.bn.weight - torch.Size([256]): 
The value is the same before and after calling `init_weights` of EncoderDecoder  

auxiliary_head.convs.0.bn.bias - torch.Size([256]): 
The value is the same before and after calling `init_weights` of EncoderDecoder  
2026/05/12 14:28:33 - mmengine - WARNING - "FileClient" will be deprecated in future. Please use io functions in https://mmengine.readthedocs.io/en/latest/api/fileio.html#file-io
2026/05/12 14:28:33 - mmengine - WARNING - "HardDiskBackend" is the alias of "LocalBackend" and the former will be deprecated in future.
2026/05/12 14:28:33 - mmengine - INFO - Checkpoints will be saved to /root/det/work_dirs/new_weijie_ddhr_1xb4_80k_1e-3_dp10_ld90.
2026/05/12 14:28:59 - mmengine - INFO - Iter(train) [  200/80000]  lr: 3.4183e-06  eta: 2:56:19  time: 0.1246  data_time: 0.0096  memory: 9114  grad_norm: 4.2494  loss: 0.5842  decode.loss_ce: 0.4022  decode.acc_seg: 67.4404  aux.loss_ce: 0.1819  aux.acc_seg: 80.0762
2026/05/12 14:29:24 - mmengine - INFO - Iter(train) [  400/80000]  lr: 6.8537e-06  eta: 2:49:09  time: 0.1223  data_time: 0.0093  memory: 4168  grad_norm: 4.5950  loss: 0.3182  decode.loss_ce: 0.2269  decode.acc_seg: 81.0749  aux.loss_ce: 0.0913  aux.acc_seg: 86.0427
2026/05/12 14:29:49 - mmengine - INFO - Iter(train) [  600/80000]  lr: 1.0289e-05  eta: 2:46:38  time: 0.1203  data_time: 0.0090  memory: 4168  grad_norm: 3.4558  loss: 0.3126  decode.loss_ce: 0.2206  decode.acc_seg: 45.5726  aux.loss_ce: 0.0920  aux.acc_seg: 45.5755
2026/05/12 14:30:09 - mmengine - INFO - Exp name: new_weijie_ddhr_1xb4_80k_1e-3_dp10_ld90_20260512_142826
2026/05/12 14:30:13 - mmengine - INFO - Iter(train) [  800/80000]  lr: 1.3724e-05  eta: 2:44:29  time: 0.1250  data_time: 0.0113  memory: 4168  grad_norm: 2.8394  loss: 0.3398  decode.loss_ce: 0.2414  decode.acc_seg: 93.1256  aux.loss_ce: 0.0985  aux.acc_seg: 93.8918
2026/05/12 14:30:38 - mmengine - INFO - Exp name: new_weijie_ddhr_1xb4_80k_1e-3_dp10_ld90_20260512_142826
2026/05/12 14:30:38 - mmengine - INFO - Iter(train) [ 1000/80000]  lr: 1.7160e-05  eta: 2:44:45  time: 0.1251  data_time: 0.0113  memory: 4168  grad_norm: 2.9543  loss: 0.3741  decode.loss_ce: 0.2724  decode.acc_seg: 63.6060  aux.loss_ce: 0.1018  aux.acc_seg: 62.0320
2026/05/12 14:30:38 - mmengine - INFO - Saving checkpoint at 1000 iterations
2026/05/12 14:31:08 - mmengine - INFO - Iter(train) [ 1200/80000]  lr: 2.0595e-05  eta: 2:50:00  time: 0.1227  data_time: 0.0091  memory: 4168  grad_norm: 3.2276  loss: 0.3731  decode.loss_ce: 0.2697  decode.acc_seg: 82.9093  aux.loss_ce: 0.1034  aux.acc_seg: 82.9093
2026/05/12 14:31:32 - mmengine - INFO - Iter(train) [ 1400/80000]  lr: 2.4031e-05  eta: 2:47:48  time: 0.1207  data_time: 0.0091  memory: 4168  grad_norm: 4.1985  loss: 0.3565  decode.loss_ce: 0.2503  decode.acc_seg: 89.7236  aux.loss_ce: 0.1062  aux.acc_seg: 89.8854
2026/05/12 14:31:56 - mmengine - INFO - Iter(train) [ 1600/80000]  lr: 2.7466e-05  eta: 2:46:03  time: 0.1217  data_time: 0.0101  memory: 4168  grad_norm: 2.7513  loss: 0.2997  decode.loss_ce: 0.2138  decode.acc_seg: 56.2184  aux.loss_ce: 0.0858  aux.acc_seg: 68.5156
2026/05/12 14:32:21 - mmengine - INFO - Iter(train) [ 1800/80000]  lr: 3.0901e-05  eta: 2:45:04  time: 0.1251  data_time: 0.0092  memory: 4168  grad_norm: 2.9611  loss: 0.3240  decode.loss_ce: 0.2293  decode.acc_seg: 55.1136  aux.loss_ce: 0.0947  aux.acc_seg: 54.3348
2026/05/12 14:32:45 - mmengine - INFO - Exp name: new_weijie_ddhr_1xb4_80k_1e-3_dp10_ld90_20260512_142826
2026/05/12 14:32:45 - mmengine - INFO - Iter(train) [ 2000/80000]  lr: 3.4337e-05  eta: 2:43:59  time: 0.1262  data_time: 0.0115  memory: 4168  grad_norm: 1.9415  loss: 0.3216  decode.loss_ce: 0.2322  decode.acc_seg: 96.1639  aux.loss_ce: 0.0894  aux.acc_seg: 96.4979
2026/05/12 14:32:45 - mmengine - INFO - Saving checkpoint at 2000 iterations
2026/05/12 14:33:16 - mmengine - INFO - Iter(train) [ 2200/80000]  lr: 3.4249e-05  eta: 2:46:41  time: 0.1310  data_time: 0.0114  memory: 4168  grad_norm: 2.4888  loss: 0.3597  decode.loss_ce: 0.2600  decode.acc_seg: 82.8698  aux.loss_ce: 0.0997  aux.acc_seg: 83.0900
2026/05/12 14:33:44 - mmengine - INFO - Iter(train) [ 2400/80000]  lr: 3.4161e-05  eta: 2:47:39  time: 0.1486  data_time: 0.0147  memory: 4168  grad_norm: 3.6871  loss: 0.3535  decode.loss_ce: 0.2519  decode.acc_seg: 61.6000  aux.loss_ce: 0.1016  aux.acc_seg: 64.0444
2026/05/12 14:34:12 - mmengine - INFO - Iter(train) [ 2600/80000]  lr: 3.4073e-05  eta: 2:48:12  time: 0.1336  data_time: 0.0116  memory: 4168  grad_norm: 3.4738  loss: 0.3305  decode.loss_ce: 0.2394  decode.acc_seg: 81.4693  aux.loss_ce: 0.0911  aux.acc_seg: 86.5015
2026/05/12 14:34:38 - mmengine - INFO - Iter(train) [ 2800/80000]  lr: 3.3985e-05  eta: 2:47:46  time: 0.1297  data_time: 0.0118  memory: 4168  grad_norm: 1.7078  loss: 0.1493  decode.loss_ce: 0.1052  decode.acc_seg: 90.9260  aux.loss_ce: 0.0440  aux.acc_seg: 94.1642
2026/05/12 14:35:04 - mmengine - INFO - Exp name: new_weijie_ddhr_1xb4_80k_1e-3_dp10_ld90_20260512_142826
2026/05/12 14:35:04 - mmengine - INFO - Iter(train) [ 3000/80000]  lr: 3.3897e-05  eta: 2:47:23  time: 0.1307  data_time: 0.0117  memory: 4168  grad_norm: 1.9539  loss: 0.3013  decode.loss_ce: 0.2140  decode.acc_seg: 84.3247  aux.loss_ce: 0.0873  aux.acc_seg: 82.5221
2026/05/12 14:35:04 - mmengine - INFO - Saving checkpoint at 3000 iterations
2026/05/12 14:35:35 - mmengine - INFO - Iter(train) [ 3200/80000]  lr: 3.3809e-05  eta: 2:48:46  time: 0.1282  data_time: 0.0112  memory: 4168  grad_norm: 2.3092  loss: 0.3068  decode.loss_ce: 0.2203  decode.acc_seg: 82.4305  aux.loss_ce: 0.0865  aux.acc_seg: 84.5319
2026/05/12 14:36:01 - mmengine - INFO - Iter(train) [ 3400/80000]  lr: 3.3721e-05  eta: 2:48:07  time: 0.1274  data_time: 0.0107  memory: 4168  grad_norm: 1.3554  loss: 0.2151  decode.loss_ce: 0.1567  decode.acc_seg: 88.3253  aux.loss_ce: 0.0584  aux.acc_seg: 88.4681
2026/05/12 14:36:26 - mmengine - INFO - Iter(train) [ 3600/80000]  lr: 3.3633e-05  eta: 2:47:21  time: 0.1286  data_time: 0.0114  memory: 4168  grad_norm: 1.6417  loss: 0.3094  decode.loss_ce: 0.2215  decode.acc_seg: 81.0063  aux.loss_ce: 0.0880  aux.acc_seg: 83.1551
2026/05/12 14:36:51 - mmengine - INFO - Iter(train) [ 3800/80000]  lr: 3.3545e-05  eta: 2:46:26  time: 0.1265  data_time: 0.0108  memory: 4168  grad_norm: 2.7535  loss: 0.2648  decode.loss_ce: 0.1917  decode.acc_seg: 67.4298  aux.loss_ce: 0.0731  aux.acc_seg: 67.9077
2026/05/12 14:37:16 - mmengine - INFO - Exp name: new_weijie_ddhr_1xb4_80k_1e-3_dp10_ld90_20260512_142826
2026/05/12 14:37:16 - mmengine - INFO - Iter(train) [ 4000/80000]  lr: 3.3457e-05  eta: 2:45:37  time: 0.1265  data_time: 0.0111  memory: 4168  grad_norm: 2.6183  loss: 0.2429  decode.loss_ce: 0.1734  decode.acc_seg: 94.2425  aux.loss_ce: 0.0695  aux.acc_seg: 94.7033
2026/05/12 14:37:16 - mmengine - INFO - Saving checkpoint at 4000 iterations
2026/05/12 14:37:28 - mmengine - INFO - Iter(val) [ 200/3086]    eta: 0:01:23  time: 0.0254  data_time: 0.0021  memory: 2084  
2026/05/12 14:37:33 - mmengine - INFO - Iter(val) [ 400/3086]    eta: 0:01:12  time: 0.0248  data_time: 0.0022  memory: 2000  
2026/05/12 14:37:38 - mmengine - INFO - Iter(val) [ 600/3086]    eta: 0:01:05  time: 0.0248  data_time: 0.0020  memory: 2000  
2026/05/12 14:37:43 - mmengine - INFO - Iter(val) [ 800/3086]    eta: 0:00:59  time: 0.0246  data_time: 0.0021  memory: 2000  
2026/05/12 14:37:48 - mmengine - INFO - Iter(val) [1000/3086]    eta: 0:00:53  time: 0.0253  data_time: 0.0022  memory: 2000  
2026/05/12 14:37:52 - mmengine - INFO - Iter(val) [1200/3086]    eta: 0:00:46  time: 0.0175  data_time: 0.0015  memory: 2000  
2026/05/12 14:37:56 - mmengine - INFO - Iter(val) [1400/3086]    eta: 0:00:40  time: 0.0170  data_time: 0.0014  memory: 2000  
2026/05/12 14:37:59 - mmengine - INFO - Iter(val) [1600/3086]    eta: 0:00:34  time: 0.0180  data_time: 0.0013  memory: 2000  
2026/05/12 14:38:04 - mmengine - INFO - Iter(val) [1800/3086]    eta: 0:00:30  time: 0.0257  data_time: 0.0021  memory: 2000  
2026/05/12 14:38:08 - mmengine - INFO - Iter(val) [2000/3086]    eta: 0:00:25  time: 0.0178  data_time: 0.0015  memory: 2000  
2026/05/12 14:38:13 - mmengine - INFO - Iter(val) [2200/3086]    eta: 0:00:20  time: 0.0258  data_time: 0.0018  memory: 2000  
2026/05/12 14:38:18 - mmengine - INFO - Iter(val) [2400/3086]    eta: 0:00:16  time: 0.0261  data_time: 0.0021  memory: 2000  
2026/05/12 14:38:23 - mmengine - INFO - Iter(val) [2600/3086]    eta: 0:00:11  time: 0.0186  data_time: 0.0016  memory: 2000  
2026/05/12 14:38:27 - mmengine - INFO - Iter(val) [2800/3086]    eta: 0:00:06  time: 0.0251  data_time: 0.0021  memory: 2000  
2026/05/12 14:38:33 - mmengine - INFO - Iter(val) [3000/3086]    eta: 0:00:02  time: 0.0264  data_time: 0.0022  memory: 2000  
2026/05/12 14:38:35 - mmengine - INFO - per class results:
2026/05/12 14:38:35 - mmengine - INFO - 
+----------+-------+-------+--------+-----------+--------+
|  Class   |  IoU  |  Acc  | Fscore | Precision | Recall |
+----------+-------+-------+--------+-----------+--------+
| Building | 81.92 | 95.57 | 90.06  |   85.15   | 95.57  |
|   Road   |  20.2 | 22.31 | 33.61  |   68.09   | 22.31  |
| Greenery | 70.49 | 85.35 | 82.69  |   80.19   | 85.35  |
|  Water   | 94.93 |  95.8 |  97.4  |   99.05   |  95.8  |
| Farmland | 58.63 | 64.72 | 73.92  |   86.17   | 64.72  |
+----------+-------+-------+--------+-----------+--------+
2026/05/12 14:38:35 - mmengine - INFO - Iter(val) [3086/3086]  aAcc: 85.6200  mIoU: 65.2300  mAcc: 72.7500  mFscore: 75.5300  mPrecision: 83.7300  mRecall: 72.7500  Kappa: 26.7700  data_time: 0.0021  time: 0.0261
2026/05/12 14:38:38 - mmengine - INFO - The best checkpoint with 85.6200 aAcc at 4000 iter is saved to best_aAcc_iter_4000.pth.
2026/05/12 14:39:03 - mmengine - INFO - Iter(train) [ 4200/80000]  lr: 3.3369e-05  eta: 2:45:50  time: 0.1269  data_time: 0.0117  memory: 4176  grad_norm: 1.3864  loss: 0.2906  decode.loss_ce: 0.2054  decode.acc_seg: 93.2057  aux.loss_ce: 0.0852  aux.acc_seg: 92.6244
2026/05/12 14:39:28 - mmengine - INFO - Iter(train) [ 4400/80000]  lr: 3.3281e-05  eta: 2:45:01  time: 0.1247  data_time: 0.0111  memory: 4174  grad_norm: 1.0966  loss: 0.1651  decode.loss_ce: 0.1188  decode.acc_seg: 90.2499  aux.loss_ce: 0.0463  aux.acc_seg: 91.8806
2026/05/12 14:39:53 - mmengine - INFO - Iter(train) [ 4600/80000]  lr: 3.3193e-05  eta: 2:44:21  time: 0.1238  data_time: 0.0111  memory: 4174  grad_norm: 2.3766  loss: 0.2633  decode.loss_ce: 0.1850  decode.acc_seg: 82.6690  aux.loss_ce: 0.0783  aux.acc_seg: 85.5008
2026/05/12 14:40:19 - mmengine - INFO - Iter(train) [ 4800/80000]  lr: 3.3105e-05  eta: 2:43:47  time: 0.1246  data_time: 0.0107  memory: 4174  grad_norm: 2.1495  loss: 0.1911  decode.loss_ce: 0.1385  decode.acc_seg: 66.3743  aux.loss_ce: 0.0527  aux.acc_seg: 64.2177
2026/05/12 14:40:44 - mmengine - INFO - Exp name: new_weijie_ddhr_1xb4_80k_1e-3_dp10_ld90_20260512_142826
2026/05/12 14:40:44 - mmengine - INFO - Iter(train) [ 5000/80000]  lr: 3.3017e-05  eta: 2:43:07  time: 0.1236  data_time: 0.0096  memory: 4174  grad_norm: 1.2860  loss: 0.2320  decode.loss_ce: 0.1664  decode.acc_seg: 80.3694  aux.loss_ce: 0.0656  aux.acc_seg: 73.0763
2026/05/12 14:40:44 - mmengine - INFO - Saving checkpoint at 5000 iterations
2026/05/12 14:41:16 - mmengine - INFO - Iter(train) [ 5200/80000]  lr: 3.2929e-05  eta: 2:43:58  time: 0.1271  data_time: 0.0096  memory: 4174  grad_norm: 1.2035  loss: 0.2153  decode.loss_ce: 0.1532  decode.acc_seg: 89.0817  aux.loss_ce: 0.0621  aux.acc_seg: 90.3275
2026/05/12 14:41:40 - mmengine - INFO - Iter(train) [ 5400/80000]  lr: 3.2841e-05  eta: 2:43:04  time: 0.1234  data_time: 0.0091  memory: 4174  grad_norm: 1.9191  loss: 0.2333  decode.loss_ce: 0.1695  decode.acc_seg: 88.5845  aux.loss_ce: 0.0638  aux.acc_seg: 87.2438
2026/05/12 14:42:04 - mmengine - INFO - Iter(train) [ 5600/80000]  lr: 3.2752e-05  eta: 2:42:12  time: 0.1203  data_time: 0.0098  memory: 4174  grad_norm: 1.1580  loss: 0.1915  decode.loss_ce: 0.1372  decode.acc_seg: 96.8129  aux.loss_ce: 0.0543  aux.acc_seg: 96.7149
2026/05/12 14:42:31 - mmengine - INFO - Iter(train) [ 5800/80000]  lr: 3.2664e-05  eta: 2:41:50  time: 0.1395  data_time: 0.0129  memory: 4174  grad_norm: 1.5514  loss: 0.2872  decode.loss_ce: 0.2021  decode.acc_seg: 93.8672  aux.loss_ce: 0.0851  aux.acc_seg: 93.8951
2026/05/12 14:42:55 - mmengine - INFO - Exp name: new_weijie_ddhr_1xb4_80k_1e-3_dp10_ld90_20260512_142826
2026/05/12 14:42:55 - mmengine - INFO - Iter(train) [ 6000/80000]  lr: 3.2576e-05  eta: 2:41:02  time: 0.1256  data_time: 0.0105  memory: 4174  grad_norm: 1.6173  loss: 0.2103  decode.loss_ce: 0.1531  decode.acc_seg: 82.9382  aux.loss_ce: 0.0572  aux.acc_seg: 83.0428
2026/05/12 14:42:55 - mmengine - INFO - Saving checkpoint at 6000 iterations
2026/05/12 14:43:25 - mmengine - INFO - Iter(train) [ 6200/80000]  lr: 3.2488e-05  eta: 2:41:22  time: 0.1244  data_time: 0.0095  memory: 4174  grad_norm: 1.1238  loss: 0.1980  decode.loss_ce: 0.1418  decode.acc_seg: 91.8645  aux.loss_ce: 0.0562  aux.acc_seg: 92.1225
2026/05/12 14:43:50 - mmengine - INFO - Iter(train) [ 6400/80000]  lr: 3.2400e-05  eta: 2:40:40  time: 0.1244  data_time: 0.0112  memory: 4174  grad_norm: 1.4078  loss: 0.1777  decode.loss_ce: 0.1258  decode.acc_seg: 96.1186  aux.loss_ce: 0.0519  aux.acc_seg: 93.3954
2026/05/12 14:44:15 - mmengine - INFO - Iter(train) [ 6600/80000]  lr: 3.2312e-05  eta: 2:39:59  time: 0.1215  data_time: 0.0103  memory: 4174  grad_norm: 1.1117  loss: 0.2148  decode.loss_ce: 0.1552  decode.acc_seg: 86.1381  aux.loss_ce: 0.0597  aux.acc_seg: 85.6395
2026/05/12 14:44:40 - mmengine - INFO - Iter(train) [ 6800/80000]  lr: 3.2224e-05  eta: 2:39:20  time: 0.1250  data_time: 0.0110  memory: 4174  grad_norm: 2.1623  loss: 0.1718  decode.loss_ce: 0.1246  decode.acc_seg: 96.5622  aux.loss_ce: 0.0472  aux.acc_seg: 96.7764
2026/05/12 14:45:05 - mmengine - INFO - Exp name: new_weijie_ddhr_1xb4_80k_1e-3_dp10_ld90_20260512_142826
2026/05/12 14:45:05 - mmengine - INFO - Iter(train) [ 7000/80000]  lr: 3.2136e-05  eta: 2:38:47  time: 0.1241  data_time: 0.0107  memory: 4174  grad_norm: 1.6607  loss: 0.2420  decode.loss_ce: 0.1739  decode.acc_seg: 91.1643  aux.loss_ce: 0.0681  aux.acc_seg: 92.6716
2026/05/12 14:45:05 - mmengine - INFO - Saving checkpoint at 7000 iterations
2026/05/12 14:45:37 - mmengine - INFO - Iter(train) [ 7200/80000]  lr: 3.2048e-05  eta: 2:39:15  time: 0.1295  data_time: 0.0117  memory: 4174  grad_norm: 1.7635  loss: 0.2155  decode.loss_ce: 0.1569  decode.acc_seg: 89.9945  aux.loss_ce: 0.0586  aux.acc_seg: 91.2333
2026/05/12 14:46:02 - mmengine - INFO - Iter(train) [ 7400/80000]  lr: 3.1960e-05  eta: 2:38:37  time: 0.1262  data_time: 0.0107  memory: 4174  grad_norm: 3.0144  loss: 0.1711  decode.loss_ce: 0.1210  decode.acc_seg: 94.6542  aux.loss_ce: 0.0501  aux.acc_seg: 95.3968
2026/05/12 14:46:28 - mmengine - INFO - Iter(train) [ 7600/80000]  lr: 3.1872e-05  eta: 2:38:05  time: 0.1200  data_time: 0.0104  memory: 4174  grad_norm: 1.4804  loss: 0.1951  decode.loss_ce: 0.1391  decode.acc_seg: 87.5735  aux.loss_ce: 0.0560  aux.acc_seg: 86.3540
2026/05/12 14:46:52 - mmengine - INFO - Iter(train) [ 7800/80000]  lr: 3.1784e-05  eta: 2:37:24  time: 0.1222  data_time: 0.0100  memory: 4174  grad_norm: 1.4089  loss: 0.1350  decode.loss_ce: 0.0963  decode.acc_seg: 79.9319  aux.loss_ce: 0.0387  aux.acc_seg: 77.8491
2026/05/12 14:47:17 - mmengine - INFO - Exp name: new_weijie_ddhr_1xb4_80k_1e-3_dp10_ld90_20260512_142826
2026/05/12 14:47:17 - mmengine - INFO - Iter(train) [ 8000/80000]  lr: 3.1696e-05  eta: 2:36:48  time: 0.1242  data_time: 0.0095  memory: 4174  grad_norm: 1.3543  loss: 0.1972  decode.loss_ce: 0.1416  decode.acc_seg: 96.4458  aux.loss_ce: 0.0555  aux.acc_seg: 97.0967
2026/05/12 14:47:17 - mmengine - INFO - Saving checkpoint at 8000 iterations
2026/05/12 14:47:27 - mmengine - INFO - Iter(val) [ 200/3086]    eta: 0:01:12  time: 0.0250  data_time: 0.0019  memory: 2000  
2026/05/12 14:47:32 - mmengine - INFO - Iter(val) [ 400/3086]    eta: 0:01:05  time: 0.0170  data_time: 0.0014  memory: 2000  
2026/05/12 14:47:36 - mmengine - INFO - Iter(val) [ 600/3086]    eta: 0:00:56  time: 0.0175  data_time: 0.0015  memory: 2000  
2026/05/12 14:47:41 - mmengine - INFO - Iter(val) [ 800/3086]    eta: 0:00:52  time: 0.0250  data_time: 0.0021  memory: 2000  
2026/05/12 14:47:45 - mmengine - INFO - Iter(val) [1000/3086]    eta: 0:00:46  time: 0.0193  data_time: 0.0014  memory: 2000  
2026/05/12 14:47:49 - mmengine - INFO - Iter(val) [1200/3086]    eta: 0:00:42  time: 0.0234  data_time: 0.0020  memory: 2000  
2026/05/12 14:47:55 - mmengine - INFO - Iter(val) [1400/3086]    eta: 0:00:38  time: 0.0251  data_time: 0.0023  memory: 2000  
2026/05/12 14:48:00 - mmengine - INFO - Iter(val) [1600/3086]    eta: 0:00:34  time: 0.0259  data_time: 0.0021  memory: 2000  
2026/05/12 14:48:05 - mmengine - INFO - Iter(val) [1800/3086]    eta: 0:00:30  time: 0.0311  data_time: 0.0029  memory: 2000  
2026/05/12 14:48:11 - mmengine - INFO - Iter(val) [2000/3086]    eta: 0:00:26  time: 0.0244  data_time: 0.0018  memory: 2000  
2026/05/12 14:48:16 - mmengine - INFO - Iter(val) [2200/3086]    eta: 0:00:21  time: 0.0255  data_time: 0.0018  memory: 2000  
2026/05/12 14:48:20 - mmengine - INFO - Iter(val) [2400/3086]    eta: 0:00:16  time: 0.0254  data_time: 0.0022  memory: 2000  
2026/05/12 14:48:25 - mmengine - INFO - Iter(val) [2600/3086]    eta: 0:00:11  time: 0.0263  data_time: 0.0020  memory: 2000  
2026/05/12 14:48:31 - mmengine - INFO - Iter(val) [2800/3086]    eta: 0:00:06  time: 0.0258  data_time: 0.0021  memory: 2000  
2026/05/12 14:48:36 - mmengine - INFO - Iter(val) [3000/3086]    eta: 0:00:02  time: 0.0289  data_time: 0.0029  memory: 2000  
2026/05/12 14:48:39 - mmengine - INFO - per class results:
2026/05/12 14:48:39 - mmengine - INFO - 
+----------+-------+-------+--------+-----------+--------+
|  Class   |  IoU  |  Acc  | Fscore | Precision | Recall |
+----------+-------+-------+--------+-----------+--------+
| Building | 83.26 | 90.38 | 90.86  |   91.35   | 90.38  |
|   Road   | 34.08 | 44.74 | 50.84  |   58.85   | 44.74  |
| Greenery | 70.38 | 81.28 | 82.61  |   83.99   | 81.28  |
|  Water   | 95.49 | 96.33 | 97.69  |   99.09   | 96.33  |
| Farmland | 63.43 | 86.79 | 77.62  |   70.21   | 86.79  |
+----------+-------+-------+--------+-----------+--------+
2026/05/12 14:48:39 - mmengine - INFO - Iter(val) [3086/3086]  aAcc: 86.2700  mIoU: 69.3300  mAcc: 79.9100  mFscore: 79.9300  mPrecision: 80.7000  mRecall: 79.9100  Kappa: 37.5500  data_time: 0.0026  time: 0.0305
2026/05/12 14:48:39 - mmengine - INFO - The previous best checkpoint /root/det/work_dirs/new_weijie_ddhr_1xb4_80k_1e-3_dp10_ld90/best_aAcc_iter_4000.pth is removed
2026/05/12 14:48:42 - mmengine - INFO - The best checkpoint with 86.2700 aAcc at 8000 iter is saved to best_aAcc_iter_8000.pth.
2026/05/12 14:49:07 - mmengine - INFO - Iter(train) [ 8200/80000]  lr: 3.1608e-05  eta: 2:36:40  time: 0.1209  data_time: 0.0107  memory: 4174  grad_norm: 1.5569  loss: 0.1998  decode.loss_ce: 0.1420  decode.acc_seg: 89.3002  aux.loss_ce: 0.0577  aux.acc_seg: 88.5347
2026/05/12 14:49:32 - mmengine - INFO - Iter(train) [ 8400/80000]  lr: 3.1520e-05  eta: 2:36:05  time: 0.1239  data_time: 0.0108  memory: 4174  grad_norm: 2.3697  loss: 0.1746  decode.loss_ce: 0.1242  decode.acc_seg: 87.9544  aux.loss_ce: 0.0504  aux.acc_seg: 86.8616
2026/05/12 14:49:57 - mmengine - INFO - Iter(train) [ 8600/80000]  lr: 3.1432e-05  eta: 2:35:28  time: 0.1242  data_time: 0.0112  memory: 4174  grad_norm: 1.1071  loss: 0.1910  decode.loss_ce: 0.1354  decode.acc_seg: 92.3161  aux.loss_ce: 0.0556  aux.acc_seg: 92.0005
2026/05/12 14:50:23 - mmengine - INFO - Iter(train) [ 8800/80000]  lr: 3.1344e-05  eta: 2:34:58  time: 0.1235  data_time: 0.0104  memory: 4174  grad_norm: 1.0340  loss: 0.1682  decode.loss_ce: 0.1200  decode.acc_seg: 84.6515  aux.loss_ce: 0.0482  aux.acc_seg: 85.0196
2026/05/12 14:50:47 - mmengine - INFO - Exp name: new_weijie_ddhr_1xb4_80k_1e-3_dp10_ld90_20260512_142826
2026/05/12 14:50:47 - mmengine - INFO - Iter(train) [ 9000/80000]  lr: 3.1256e-05  eta: 2:34:19  time: 0.1262  data_time: 0.0102  memory: 4174  grad_norm: 1.4769  loss: 0.2160  decode.loss_ce: 0.1543  decode.acc_seg: 97.0301  aux.loss_ce: 0.0617  aux.acc_seg: 96.6262
2026/05/12 14:50:47 - mmengine - INFO - Saving checkpoint at 9000 iterations
2026/05/12 14:51:20 - mmengine - INFO - Iter(train) [ 9200/80000]  lr: 3.1168e-05  eta: 2:34:46  time: 0.1226  data_time: 0.0104  memory: 4174  grad_norm: 2.1898  loss: 0.2141  decode.loss_ce: 0.1509  decode.acc_seg: 86.9019  aux.loss_ce: 0.0632  aux.acc_seg: 86.3965
2026/05/12 14:51:46 - mmengine - INFO - Iter(train) [ 9400/80000]  lr: 3.1080e-05  eta: 2:34:18  time: 0.1243  data_time: 0.0093  memory: 4174  grad_norm: 1.2561  loss: 0.1422  decode.loss_ce: 0.1028  decode.acc_seg: 96.2482  aux.loss_ce: 0.0393  aux.acc_seg: 96.5221
2026/05/12 14:52:11 - mmengine - INFO - Iter(train) [ 9600/80000]  lr: 3.0992e-05  eta: 2:33:39  time: 0.1213  data_time: 0.0090  memory: 4174  grad_norm: 1.3947  loss: 0.1400  decode.loss_ce: 0.0987  decode.acc_seg: 93.2262  aux.loss_ce: 0.0413  aux.acc_seg: 92.5993
2026/05/12 14:52:35 - mmengine - INFO - Iter(train) [ 9800/80000]  lr: 3.0904e-05  eta: 2:32:58  time: 0.1219  data_time: 0.0097  memory: 4174  grad_norm: 1.1857  loss: 0.1856  decode.loss_ce: 0.1331  decode.acc_seg: 94.8834  aux.loss_ce: 0.0525  aux.acc_seg: 94.1696
2026/05/12 14:52:59 - mmengine - INFO - Exp name: new_weijie_ddhr_1xb4_80k_1e-3_dp10_ld90_20260512_142826
2026/05/12 14:52:59 - mmengine - INFO - Iter(train) [10000/80000]  lr: 3.0816e-05  eta: 2:32:14  time: 0.1236  data_time: 0.0090  memory: 4174  grad_norm: 1.3161  loss: 0.1298  decode.loss_ce: 0.0913  decode.acc_seg: 88.3302  aux.loss_ce: 0.0385  aux.acc_seg: 89.3361
2026/05/12 14:52:59 - mmengine - INFO - Saving checkpoint at 10000 iterations
2026/05/12 14:53:28 - mmengine - INFO - Iter(train) [10200/80000]  lr: 3.0727e-05  eta: 2:32:11  time: 0.1234  data_time: 0.0104  memory: 4174  grad_norm: 3.4304  loss: 0.2484  decode.loss_ce: 0.1794  decode.acc_seg: 96.1997  aux.loss_ce: 0.0690  aux.acc_seg: 96.3380
2026/05/12 14:53:53 - mmengine - INFO - Iter(train) [10400/80000]  lr: 3.0639e-05  eta: 2:31:35  time: 0.1252  data_time: 0.0112  memory: 4174  grad_norm: 1.7164  loss: 0.1953  decode.loss_ce: 0.1397  decode.acc_seg: 90.1943  aux.loss_ce: 0.0557  aux.acc_seg: 89.8747
2026/05/12 14:54:18 - mmengine - INFO - Iter(train) [10600/80000]  lr: 3.0551e-05  eta: 2:31:04  time: 0.1280  data_time: 0.0112  memory: 4174  grad_norm: 1.7074  loss: 0.2190  decode.loss_ce: 0.1566  decode.acc_seg: 83.7409  aux.loss_ce: 0.0624  aux.acc_seg: 85.0334
2026/05/12 14:54:43 - mmengine - INFO - Iter(train) [10800/80000]  lr: 3.0463e-05  eta: 2:30:32  time: 0.1218  data_time: 0.0094  memory: 4174  grad_norm: 0.9559  loss: 0.1334  decode.loss_ce: 0.0946  decode.acc_seg: 87.2666  aux.loss_ce: 0.0389  aux.acc_seg: 85.4724
2026/05/12 14:55:08 - mmengine - INFO - Exp name: new_weijie_ddhr_1xb4_80k_1e-3_dp10_ld90_20260512_142826
2026/05/12 14:55:08 - mmengine - INFO - Iter(train) [11000/80000]  lr: 3.0375e-05  eta: 2:29:54  time: 0.1221  data_time: 0.0091  memory: 4174  grad_norm: 1.3465  loss: 0.1380  decode.loss_ce: 0.0988  decode.acc_seg: 93.3246  aux.loss_ce: 0.0392  aux.acc_seg: 93.7962
2026/05/12 14:55:08 - mmengine - INFO - Saving checkpoint at 11000 iterations
2026/05/12 14:55:38 - mmengine - INFO - Iter(train) [11200/80000]  lr: 3.0287e-05  eta: 2:29:54  time: 0.1262  data_time: 0.0107  memory: 4174  grad_norm: 2.9055  loss: 0.2219  decode.loss_ce: 0.1588  decode.acc_seg: 78.8051  aux.loss_ce: 0.0632  aux.acc_seg: 77.3678
2026/05/12 14:56:03 - mmengine - INFO - Iter(train) [11400/80000]  lr: 3.0199e-05  eta: 2:29:20  time: 0.1220  data_time: 0.0090  memory: 4174  grad_norm: 1.8030  loss: 0.1677  decode.loss_ce: 0.1174  decode.acc_seg: 92.9930  aux.loss_ce: 0.0502  aux.acc_seg: 91.9884
2026/05/12 14:56:27 - mmengine - INFO - Iter(train) [11600/80000]  lr: 3.0111e-05  eta: 2:28:42  time: 0.1323  data_time: 0.0100  memory: 4174  grad_norm: 1.9269  loss: 0.1763  decode.loss_ce: 0.1233  decode.acc_seg: 86.8145  aux.loss_ce: 0.0530  aux.acc_seg: 85.8959
2026/05/12 14:56:52 - mmengine - INFO - Iter(train) [11800/80000]  lr: 3.0023e-05  eta: 2:28:11  time: 0.1354  data_time: 0.0111  memory: 4174  grad_norm: 1.0957  loss: 0.1420  decode.loss_ce: 0.1013  decode.acc_seg: 94.9646  aux.loss_ce: 0.0406  aux.acc_seg: 95.6050
2026/05/12 14:57:17 - mmengine - INFO - Exp name: new_weijie_ddhr_1xb4_80k_1e-3_dp10_ld90_20260512_142826
2026/05/12 14:57:17 - mmengine - INFO - Iter(train) [12000/80000]  lr: 2.9935e-05  eta: 2:27:40  time: 0.1223  data_time: 0.0110  memory: 4174  grad_norm: 2.2844  loss: 0.2079  decode.loss_ce: 0.1506  decode.acc_seg: 85.9178  aux.loss_ce: 0.0572  aux.acc_seg: 85.9021
2026/05/12 14:57:17 - mmengine - INFO - Saving checkpoint at 12000 iterations
2026/05/12 14:57:28 - mmengine - INFO - Iter(val) [ 200/3086]    eta: 0:01:13  time: 0.0254  data_time: 0.0021  memory: 2000  
2026/05/12 14:57:32 - mmengine - INFO - Iter(val) [ 400/3086]    eta: 0:01:04  time: 0.0174  data_time: 0.0015  memory: 2000  
2026/05/12 14:57:37 - mmengine - INFO - Iter(val) [ 600/3086]    eta: 0:00:57  time: 0.0242  data_time: 0.0021  memory: 2000  
2026/05/12 14:57:41 - mmengine - INFO - Iter(val) [ 800/3086]    eta: 0:00:52  time: 0.0179  data_time: 0.0016  memory: 2000  
2026/05/12 14:57:45 - mmengine - INFO - Iter(val) [1000/3086]    eta: 0:00:45  time: 0.0183  data_time: 0.0013  memory: 2000  
2026/05/12 14:57:49 - mmengine - INFO - Iter(val) [1200/3086]    eta: 0:00:40  time: 0.0233  data_time: 0.0018  memory: 2000  
2026/05/12 14:57:53 - mmengine - INFO - Iter(val) [1400/3086]    eta: 0:00:36  time: 0.0240  data_time: 0.0020  memory: 2000  
2026/05/12 14:57:58 - mmengine - INFO - Iter(val) [1600/3086]    eta: 0:00:33  time: 0.0254  data_time: 0.0021  memory: 2000  
2026/05/12 14:58:04 - mmengine - INFO - Iter(val) [1800/3086]    eta: 0:00:29  time: 0.0262  data_time: 0.0022  memory: 2000  
2026/05/12 14:58:09 - mmengine - INFO - Iter(val) [2000/3086]    eta: 0:00:25  time: 0.0253  data_time: 0.0019  memory: 2000  
2026/05/12 14:58:15 - mmengine - INFO - Iter(val) [2200/3086]    eta: 0:00:21  time: 0.0294  data_time: 0.0028  memory: 2000  
2026/05/12 14:58:20 - mmengine - INFO - Iter(val) [2400/3086]    eta: 0:00:16  time: 0.0186  data_time: 0.0014  memory: 2000  
2026/05/12 14:58:23 - mmengine - INFO - Iter(val) [2600/3086]    eta: 0:00:11  time: 0.0176  data_time: 0.0015  memory: 2000  
2026/05/12 14:58:27 - mmengine - INFO - Iter(val) [2800/3086]    eta: 0:00:06  time: 0.0179  data_time: 0.0016  memory: 2000  
2026/05/12 14:58:31 - mmengine - INFO - Iter(val) [3000/3086]    eta: 0:00:01  time: 0.0261  data_time: 0.0021  memory: 2000  
2026/05/12 14:58:34 - mmengine - INFO - per class results:
2026/05/12 14:58:34 - mmengine - INFO - 
+----------+-------+-------+--------+-----------+--------+
|  Class   |  IoU  |  Acc  | Fscore | Precision | Recall |
+----------+-------+-------+--------+-----------+--------+
| Building | 84.81 | 95.37 | 91.78  |   88.45   | 95.37  |
|   Road   | 32.62 | 35.99 | 49.19  |   77.69   | 35.99  |
| Greenery | 74.13 | 83.22 | 85.14  |   87.15   | 83.22  |
|  Water   | 96.67 |  98.2 | 98.31  |   98.42   |  98.2  |
| Farmland | 67.12 | 81.67 | 80.33  |   79.03   | 81.67  |
+----------+-------+-------+--------+-----------+--------+
2026/05/12 14:58:34 - mmengine - INFO - Iter(val) [3086/3086]  aAcc: 88.1400  mIoU: 71.0700  mAcc: 78.8900  mFscore: 80.9500  mPrecision: 86.1500  mRecall: 78.8900  Kappa: 37.2000  data_time: 0.0017  time: 0.0254
2026/05/12 14:58:34 - mmengine - INFO - The previous best checkpoint /root/det/work_dirs/new_weijie_ddhr_1xb4_80k_1e-3_dp10_ld90/best_aAcc_iter_8000.pth is removed
2026/05/12 14:58:36 - mmengine - INFO - The best checkpoint with 88.1400 aAcc at 12000 iter is saved to best_aAcc_iter_12000.pth.
2026/05/12 14:59:01 - mmengine - INFO - Iter(train) [12200/80000]  lr: 2.9847e-05  eta: 2:27:19  time: 0.1238  data_time: 0.0108  memory: 4174  grad_norm: 1.3333  loss: 0.1794  decode.loss_ce: 0.1283  decode.acc_seg: 92.9542  aux.loss_ce: 0.0511  aux.acc_seg: 93.0947
2026/05/12 14:59:27 - mmengine - INFO - Iter(train) [12400/80000]  lr: 2.9759e-05  eta: 2:26:54  time: 0.1288  data_time: 0.0114  memory: 4174  grad_norm: 1.2347  loss: 0.1306  decode.loss_ce: 0.0933  decode.acc_seg: 89.3317  aux.loss_ce: 0.0373  aux.acc_seg: 88.7771
2026/05/12 14:59:53 - mmengine - INFO - Iter(train) [12600/80000]  lr: 2.9671e-05  eta: 2:26:26  time: 0.1222  data_time: 0.0106  memory: 4174  grad_norm: 1.3233  loss: 0.1581  decode.loss_ce: 0.1141  decode.acc_seg: 91.8387  aux.loss_ce: 0.0441  aux.acc_seg: 92.1461
2026/05/12 15:00:18 - mmengine - INFO - Iter(train) [12800/80000]  lr: 2.9583e-05  eta: 2:25:54  time: 0.1302  data_time: 0.0108  memory: 4174  grad_norm: 0.7969  loss: 0.0965  decode.loss_ce: 0.0694  decode.acc_seg: 97.5350  aux.loss_ce: 0.0270  aux.acc_seg: 96.9674
2026/05/12 15:00:43 - mmengine - INFO - Exp name: new_weijie_ddhr_1xb4_80k_1e-3_dp10_ld90_20260512_142826
2026/05/12 15:00:43 - mmengine - INFO - Iter(train) [13000/80000]  lr: 2.9495e-05  eta: 2:25:24  time: 0.1402  data_time: 0.0132  memory: 4174  grad_norm: 1.1801  loss: 0.1307  decode.loss_ce: 0.0954  decode.acc_seg: 90.8267  aux.loss_ce: 0.0353  aux.acc_seg: 91.2518
2026/05/12 15:00:43 - mmengine - INFO - Saving checkpoint at 13000 iterations
2026/05/12 15:01:15 - mmengine - INFO - Iter(train) [13200/80000]  lr: 2.9407e-05  eta: 2:25:31  time: 0.1238  data_time: 0.0106  memory: 4174  grad_norm: 1.3950  loss: 0.1511  decode.loss_ce: 0.1092  decode.acc_seg: 85.7756  aux.loss_ce: 0.0420  aux.acc_seg: 86.2811
2026/05/12 15:01:41 - mmengine - INFO - Iter(train) [13400/80000]  lr: 2.9319e-05  eta: 2:25:01  time: 0.1319  data_time: 0.0098  memory: 4174  grad_norm: 1.4281  loss: 0.1981  decode.loss_ce: 0.1407  decode.acc_seg: 88.4908  aux.loss_ce: 0.0574  aux.acc_seg: 85.9368
2026/05/12 15:02:06 - mmengine - INFO - Iter(train) [13600/80000]  lr: 2.9231e-05  eta: 2:24:28  time: 0.1235  data_time: 0.0104  memory: 4174  grad_norm: 1.0577  loss: 0.1352  decode.loss_ce: 0.0972  decode.acc_seg: 96.4925  aux.loss_ce: 0.0381  aux.acc_seg: 95.8660
2026/05/12 15:02:30 - mmengine - INFO - Iter(train) [13800/80000]  lr: 2.9143e-05  eta: 2:23:55  time: 0.1230  data_time: 0.0091  memory: 4174  grad_norm: 1.6876  loss: 0.2444  decode.loss_ce: 0.1772  decode.acc_seg: 78.6235  aux.loss_ce: 0.0672  aux.acc_seg: 79.5051
2026/05/12 15:02:54 - mmengine - INFO - Exp name: new_weijie_ddhr_1xb4_80k_1e-3_dp10_ld90_20260512_142826
2026/05/12 15:02:54 - mmengine - INFO - Iter(train) [14000/80000]  lr: 2.9055e-05  eta: 2:23:20  time: 0.1242  data_time: 0.0104  memory: 4174  grad_norm: 1.3576  loss: 0.1250  decode.loss_ce: 0.0896  decode.acc_seg: 93.1828  aux.loss_ce: 0.0354  aux.acc_seg: 92.9941
2026/05/12 15:02:54 - mmengine - INFO - Saving checkpoint at 14000 iterations
2026/05/12 15:03:25 - mmengine - INFO - Iter(train) [14200/80000]  lr: 2.8967e-05  eta: 2:23:14  time: 0.1192  data_time: 0.0100  memory: 4174  grad_norm: 1.1595  loss: 0.1221  decode.loss_ce: 0.0874  decode.acc_seg: 93.7289  aux.loss_ce: 0.0347  aux.acc_seg: 93.6483
2026/05/12 15:03:48 - mmengine - INFO - Iter(train) [14400/80000]  lr: 2.8879e-05  eta: 2:22:36  time: 0.1268  data_time: 0.0113  memory: 4174  grad_norm: 1.1825  loss: 0.1158  decode.loss_ce: 0.0830  decode.acc_seg: 97.7916  aux.loss_ce: 0.0328  aux.acc_seg: 97.6763
2026/05/12 15:04:14 - mmengine - INFO - Iter(train) [14600/80000]  lr: 2.8790e-05  eta: 2:22:07  time: 0.1199  data_time: 0.0088  memory: 4174  grad_norm: 1.5823  loss: 0.1578  decode.loss_ce: 0.1127  decode.acc_seg: 90.4431  aux.loss_ce: 0.0451  aux.acc_seg: 91.7522
2026/05/12 15:04:39 - mmengine - INFO - Iter(train) [14800/80000]  lr: 2.8702e-05  eta: 2:21:37  time: 0.1403  data_time: 0.0093  memory: 4174  grad_norm: 1.3745  loss: 0.1265  decode.loss_ce: 0.0910  decode.acc_seg: 93.9866  aux.loss_ce: 0.0355  aux.acc_seg: 93.9287
2026/05/12 15:05:04 - mmengine - INFO - Exp name: new_weijie_ddhr_1xb4_80k_1e-3_dp10_ld90_20260512_142826
2026/05/12 15:05:04 - mmengine - INFO - Iter(train) [15000/80000]  lr: 2.8614e-05  eta: 2:21:05  time: 0.1229  data_time: 0.0110  memory: 4174  grad_norm: 1.0911  loss: 0.1371  decode.loss_ce: 0.0989  decode.acc_seg: 94.3561  aux.loss_ce: 0.0382  aux.acc_seg: 93.9662
2026/05/12 15:05:04 - mmengine - INFO - Saving checkpoint at 15000 iterations
2026/05/12 15:05:34 - mmengine - INFO - Iter(train) [15200/80000]  lr: 2.8526e-05  eta: 2:20:57  time: 0.1216  data_time: 0.0091  memory: 4174  grad_norm: 1.2708  loss: 0.1377  decode.loss_ce: 0.0987  decode.acc_seg: 92.5769  aux.loss_ce: 0.0390  aux.acc_seg: 92.2054
2026/05/12 15:05:59 - mmengine - INFO - Iter(train) [15400/80000]  lr: 2.8438e-05  eta: 2:20:28  time: 0.1216  data_time: 0.0090  memory: 4174  grad_norm: 1.8836  loss: 0.2019  decode.loss_ce: 0.1419  decode.acc_seg: 94.4264  aux.loss_ce: 0.0600  aux.acc_seg: 94.4907
2026/05/12 15:06:24 - mmengine - INFO - Iter(train) [15600/80000]  lr: 2.8350e-05  eta: 2:19:55  time: 0.1231  data_time: 0.0098  memory: 4174  grad_norm: 1.4167  loss: 0.1726  decode.loss_ce: 0.1235  decode.acc_seg: 92.1084  aux.loss_ce: 0.0491  aux.acc_seg: 92.7236
2026/05/12 15:06:49 - mmengine - INFO - Iter(train) [15800/80000]  lr: 2.8262e-05  eta: 2:19:24  time: 0.1254  data_time: 0.0097  memory: 4174  grad_norm: 1.1899  loss: 0.1032  decode.loss_ce: 0.0737  decode.acc_seg: 91.5962  aux.loss_ce: 0.0295  aux.acc_seg: 90.5604
2026/05/12 15:07:14 - mmengine - INFO - Exp name: new_weijie_ddhr_1xb4_80k_1e-3_dp10_ld90_20260512_142826
2026/05/12 15:07:14 - mmengine - INFO - Iter(train) [16000/80000]  lr: 2.8174e-05  eta: 2:18:54  time: 0.1239  data_time: 0.0095  memory: 4174  grad_norm: 1.1042  loss: 0.0952  decode.loss_ce: 0.0693  decode.acc_seg: 95.4628  aux.loss_ce: 0.0259  aux.acc_seg: 95.2192
2026/05/12 15:07:14 - mmengine - INFO - Saving checkpoint at 16000 iterations
2026/05/12 15:07:23 - mmengine - INFO - Iter(val) [ 200/3086]    eta: 0:01:00  time: 0.0200  data_time: 0.0018  memory: 2000  
2026/05/12 15:07:27 - mmengine - INFO - Iter(val) [ 400/3086]    eta: 0:00:54  time: 0.0193  data_time: 0.0017  memory: 2000  
2026/05/12 15:07:32 - mmengine - INFO - Iter(val) [ 600/3086]    eta: 0:00:54  time: 0.0194  data_time: 0.0017  memory: 2000  
2026/05/12 15:07:37 - mmengine - INFO - Iter(val) [ 800/3086]    eta: 0:00:52  time: 0.0272  data_time: 0.0020  memory: 2000  
2026/05/12 15:07:43 - mmengine - INFO - Iter(val) [1000/3086]    eta: 0:00:48  time: 0.0269  data_time: 0.0020  memory: 2000  
2026/05/12 15:07:47 - mmengine - INFO - Iter(val) [1200/3086]    eta: 0:00:44  time: 0.0192  data_time: 0.0017  memory: 2000  
2026/05/12 15:07:51 - mmengine - INFO - Iter(val) [1400/3086]    eta: 0:00:38  time: 0.0197  data_time: 0.0018  memory: 2000  
2026/05/12 15:07:55 - mmengine - INFO - Iter(val) [1600/3086]    eta: 0:00:33  time: 0.0197  data_time: 0.0017  memory: 2000  
2026/05/12 15:07:59 - mmengine - INFO - Iter(val) [1800/3086]    eta: 0:00:28  time: 0.0206  data_time: 0.0019  memory: 2000  
2026/05/12 15:08:03 - mmengine - INFO - Iter(val) [2000/3086]    eta: 0:00:24  time: 0.0195  data_time: 0.0017  memory: 2000  
2026/05/12 15:08:07 - mmengine - INFO - Iter(val) [2200/3086]    eta: 0:00:19  time: 0.0197  data_time: 0.0016  memory: 2000  
2026/05/12 15:08:11 - mmengine - INFO - Iter(val) [2400/3086]    eta: 0:00:14  time: 0.0195  data_time: 0.0015  memory: 2000  
2026/05/12 15:08:15 - mmengine - INFO - Iter(val) [2600/3086]    eta: 0:00:10  time: 0.0249  data_time: 0.0020  memory: 2000  
2026/05/12 15:08:20 - mmengine - INFO - Iter(val) [2800/3086]    eta: 0:00:06  time: 0.0201  data_time: 0.0015  memory: 2000  
2026/05/12 15:08:24 - mmengine - INFO - Iter(val) [3000/3086]    eta: 0:00:01  time: 0.0201  data_time: 0.0015  memory: 2000  
2026/05/12 15:08:25 - mmengine - INFO - per class results:
2026/05/12 15:08:25 - mmengine - INFO - 
+----------+-------+-------+--------+-----------+--------+
|  Class   |  IoU  |  Acc  | Fscore | Precision | Recall |
+----------+-------+-------+--------+-----------+--------+
| Building |  86.4 | 94.68 |  92.7  |   90.81   | 94.68  |
|   Road   | 38.86 | 45.01 | 55.97  |   73.97   | 45.01  |
| Greenery | 75.52 | 84.01 | 86.06  |    88.2   | 84.01  |
|  Water   | 96.47 | 97.14 |  98.2  |   99.29   | 97.14  |
| Farmland | 69.51 | 87.34 | 82.01  |    77.3   | 87.34  |
+----------+-------+-------+--------+-----------+--------+
2026/05/12 15:08:25 - mmengine - INFO - Iter(val) [3086/3086]  aAcc: 89.0200  mIoU: 73.3500  mAcc: 81.6400  mFscore: 82.9900  mPrecision: 85.9100  mRecall: 81.6400  Kappa: 41.7200  data_time: 0.0016  time: 0.0203
2026/05/12 15:08:25 - mmengine - INFO - The previous best checkpoint /root/det/work_dirs/new_weijie_ddhr_1xb4_80k_1e-3_dp10_ld90/best_aAcc_iter_12000.pth is removed
2026/05/12 15:08:27 - mmengine - INFO - The best checkpoint with 89.0200 aAcc at 16000 iter is saved to best_aAcc_iter_16000.pth.
2026/05/12 15:08:52 - mmengine - INFO - Iter(train) [16200/80000]  lr: 2.8086e-05  eta: 2:18:30  time: 0.1252  data_time: 0.0095  memory: 4174  grad_norm: 1.2034  loss: 0.1430  decode.loss_ce: 0.1010  decode.acc_seg: 88.6650  aux.loss_ce: 0.0420  aux.acc_seg: 88.3360
2026/05/12 15:09:17 - mmengine - INFO - Iter(train) [16400/80000]  lr: 2.7998e-05  eta: 2:17:58  time: 0.1223  data_time: 0.0095  memory: 4174  grad_norm: 1.2730  loss: 0.1151  decode.loss_ce: 0.0821  decode.acc_seg: 87.4667  aux.loss_ce: 0.0330  aux.acc_seg: 87.7020
2026/05/12 15:09:42 - mmengine - INFO - Iter(train) [16600/80000]  lr: 2.7910e-05  eta: 2:17:28  time: 0.1239  data_time: 0.0093  memory: 4174  grad_norm: 1.3132  loss: 0.1093  decode.loss_ce: 0.0786  decode.acc_seg: 93.4165  aux.loss_ce: 0.0308  aux.acc_seg: 94.5018
2026/05/12 15:10:07 - mmengine - INFO - Iter(train) [16800/80000]  lr: 2.7822e-05  eta: 2:16:58  time: 0.1244  data_time: 0.0094  memory: 4174  grad_norm: 0.9139  loss: 0.1030  decode.loss_ce: 0.0735  decode.acc_seg: 91.7743  aux.loss_ce: 0.0295  aux.acc_seg: 92.7316
2026/05/12 15:10:32 - mmengine - INFO - Exp name: new_weijie_ddhr_1xb4_80k_1e-3_dp10_ld90_20260512_142826
2026/05/12 15:10:32 - mmengine - INFO - Iter(train) [17000/80000]  lr: 2.7734e-05  eta: 2:16:29  time: 0.1289  data_time: 0.0099  memory: 4174  grad_norm: 1.0511  loss: 0.1131  decode.loss_ce: 0.0799  decode.acc_seg: 94.3170  aux.loss_ce: 0.0332  aux.acc_seg: 94.2604
2026/05/12 15:10:32 - mmengine - INFO - Saving checkpoint at 17000 iterations
2026/05/12 15:11:02 - mmengine - INFO - Iter(train) [17200/80000]  lr: 2.7646e-05  eta: 2:16:20  time: 0.1255  data_time: 0.0098  memory: 4174  grad_norm: 1.4618  loss: 0.1165  decode.loss_ce: 0.0844  decode.acc_seg: 95.6865  aux.loss_ce: 0.0321  aux.acc_seg: 95.2890
2026/05/12 15:11:28 - mmengine - INFO - Iter(train) [17400/80000]  lr: 2.7558e-05  eta: 2:15:51  time: 0.1234  data_time: 0.0096  memory: 4174  grad_norm: 1.2518  loss: 0.1184  decode.loss_ce: 0.0846  decode.acc_seg: 88.7295  aux.loss_ce: 0.0338  aux.acc_seg: 89.1814
2026/05/12 15:11:53 - mmengine - INFO - Iter(train) [17600/80000]  lr: 2.7470e-05  eta: 2:15:22  time: 0.1279  data_time: 0.0101  memory: 4174  grad_norm: 1.1056  loss: 0.1046  decode.loss_ce: 0.0746  decode.acc_seg: 96.9474  aux.loss_ce: 0.0300  aux.acc_seg: 95.8120
2026/05/12 15:12:18 - mmengine - INFO - Iter(train) [17800/80000]  lr: 2.7382e-05  eta: 2:14:54  time: 0.1278  data_time: 0.0096  memory: 4174  grad_norm: 2.2631  loss: 0.2137  decode.loss_ce: 0.1512  decode.acc_seg: 95.5836  aux.loss_ce: 0.0626  aux.acc_seg: 94.5592
2026/05/12 15:12:42 - mmengine - INFO - Exp name: new_weijie_ddhr_1xb4_80k_1e-3_dp10_ld90_20260512_142826
2026/05/12 15:12:42 - mmengine - INFO - Iter(train) [18000/80000]  lr: 2.7294e-05  eta: 2:14:20  time: 0.1454  data_time: 0.0090  memory: 4174  grad_norm: 1.0440  loss: 0.1057  decode.loss_ce: 0.0764  decode.acc_seg: 95.1566  aux.loss_ce: 0.0294  aux.acc_seg: 95.4742
2026/05/12 15:12:42 - mmengine - INFO - Saving checkpoint at 18000 iterations
2026/05/12 15:13:12 - mmengine - INFO - Iter(train) [18200/80000]  lr: 2.7206e-05  eta: 2:14:06  time: 0.1219  data_time: 0.0092  memory: 4174  grad_norm: 1.4151  loss: 0.1030  decode.loss_ce: 0.0739  decode.acc_seg: 90.9449  aux.loss_ce: 0.0290  aux.acc_seg: 90.6936
2026/05/12 15:13:37 - mmengine - INFO - Iter(train) [18400/80000]  lr: 2.7118e-05  eta: 2:13:36  time: 0.1243  data_time: 0.0093  memory: 4174  grad_norm: 1.1760  loss: 0.1213  decode.loss_ce: 0.0859  decode.acc_seg: 86.9873  aux.loss_ce: 0.0354  aux.acc_seg: 86.8678
2026/05/12 15:14:02 - mmengine - INFO - Iter(train) [18600/80000]  lr: 2.7030e-05  eta: 2:13:07  time: 0.1239  data_time: 0.0093  memory: 4174  grad_norm: 0.8889  loss: 0.0855  decode.loss_ce: 0.0604  decode.acc_seg: 97.0215  aux.loss_ce: 0.0251  aux.acc_seg: 97.1186
2026/05/12 15:14:26 - mmengine - INFO - Iter(train) [18800/80000]  lr: 2.6942e-05  eta: 2:12:36  time: 0.1233  data_time: 0.0096  memory: 4174  grad_norm: 1.3092  loss: 0.1242  decode.loss_ce: 0.0886  decode.acc_seg: 93.9873  aux.loss_ce: 0.0356  aux.acc_seg: 94.1416
2026/05/12 15:14:51 - mmengine - INFO - Exp name: new_weijie_ddhr_1xb4_80k_1e-3_dp10_ld90_20260512_142826
2026/05/12 15:14:51 - mmengine - INFO - Iter(train) [19000/80000]  lr: 2.6854e-05  eta: 2:12:07  time: 0.1242  data_time: 0.0096  memory: 4174  grad_norm: 1.2099  loss: 0.1277  decode.loss_ce: 0.0916  decode.acc_seg: 96.1816  aux.loss_ce: 0.0361  aux.acc_seg: 96.5439
2026/05/12 15:14:51 - mmengine - INFO - Saving checkpoint at 19000 iterations
2026/05/12 15:15:21 - mmengine - INFO - Iter(train) [19200/80000]  lr: 2.6765e-05  eta: 2:11:53  time: 0.1222  data_time: 0.0090  memory: 4174  grad_norm: 1.3571  loss: 0.1505  decode.loss_ce: 0.1065  decode.acc_seg: 83.7812  aux.loss_ce: 0.0440  aux.acc_seg: 84.5336
2026/05/12 15:15:46 - mmengine - INFO - Iter(train) [19400/80000]  lr: 2.6677e-05  eta: 2:11:22  time: 0.1226  data_time: 0.0095  memory: 4174  grad_norm: 1.2679  loss: 0.1090  decode.loss_ce: 0.0770  decode.acc_seg: 93.2660  aux.loss_ce: 0.0320  aux.acc_seg: 93.0676
2026/05/12 15:16:10 - mmengine - INFO - Iter(train) [19600/80000]  lr: 2.6589e-05  eta: 2:10:51  time: 0.1255  data_time: 0.0092  memory: 4174  grad_norm: 0.9937  loss: 0.1177  decode.loss_ce: 0.0853  decode.acc_seg: 98.2360  aux.loss_ce: 0.0324  aux.acc_seg: 98.2133
2026/05/12 15:16:34 - mmengine - INFO - Iter(train) [19800/80000]  lr: 2.6501e-05  eta: 2:10:20  time: 0.1206  data_time: 0.0090  memory: 4174  grad_norm: 1.0012  loss: 0.1249  decode.loss_ce: 0.0900  decode.acc_seg: 95.1545  aux.loss_ce: 0.0349  aux.acc_seg: 94.3706
2026/05/12 15:16:58 - mmengine - INFO - Exp name: new_weijie_ddhr_1xb4_80k_1e-3_dp10_ld90_20260512_142826
2026/05/12 15:16:58 - mmengine - INFO - Iter(train) [20000/80000]  lr: 2.6413e-05  eta: 2:09:49  time: 0.1216  data_time: 0.0089  memory: 4174  grad_norm: 0.8957  loss: 0.1036  decode.loss_ce: 0.0734  decode.acc_seg: 97.6862  aux.loss_ce: 0.0302  aux.acc_seg: 97.7974
2026/05/12 15:16:58 - mmengine - INFO - Saving checkpoint at 20000 iterations
2026/05/12 15:17:09 - mmengine - INFO - Iter(val) [ 200/3086]    eta: 0:01:11  time: 0.0205  data_time: 0.0020  memory: 2000  
2026/05/12 15:17:13 - mmengine - INFO - Iter(val) [ 400/3086]    eta: 0:01:00  time: 0.0192  data_time: 0.0018  memory: 2000  
2026/05/12 15:17:17 - mmengine - INFO - Iter(val) [ 600/3086]    eta: 0:00:53  time: 0.0192  data_time: 0.0018  memory: 2000  
2026/05/12 15:17:21 - mmengine - INFO - Iter(val) [ 800/3086]    eta: 0:00:48  time: 0.0200  data_time: 0.0018  memory: 2000  
2026/05/12 15:17:25 - mmengine - INFO - Iter(val) [1000/3086]    eta: 0:00:43  time: 0.0220  data_time: 0.0017  memory: 2000  
2026/05/12 15:17:29 - mmengine - INFO - Iter(val) [1200/3086]    eta: 0:00:39  time: 0.0191  data_time: 0.0018  memory: 2000  
2026/05/12 15:17:33 - mmengine - INFO - Iter(val) [1400/3086]    eta: 0:00:34  time: 0.0198  data_time: 0.0017  memory: 2000  
2026/05/12 15:17:37 - mmengine - INFO - Iter(val) [1600/3086]    eta: 0:00:30  time: 0.0201  data_time: 0.0017  memory: 2000  
2026/05/12 15:17:41 - mmengine - INFO - Iter(val) [1800/3086]    eta: 0:00:26  time: 0.0193  data_time: 0.0017  memory: 2000  
2026/05/12 15:17:45 - mmengine - INFO - Iter(val) [2000/3086]    eta: 0:00:22  time: 0.0265  data_time: 0.0021  memory: 2000  
2026/05/12 15:17:49 - mmengine - INFO - Iter(val) [2200/3086]    eta: 0:00:18  time: 0.0208  data_time: 0.0018  memory: 2000  
2026/05/12 15:17:54 - mmengine - INFO - Iter(val) [2400/3086]    eta: 0:00:14  time: 0.0258  data_time: 0.0021  memory: 2000  
2026/05/12 15:17:59 - mmengine - INFO - Iter(val) [2600/3086]    eta: 0:00:10  time: 0.0279  data_time: 0.0021  memory: 2000  
2026/05/12 15:18:04 - mmengine - INFO - Iter(val) [2800/3086]    eta: 0:00:06  time: 0.0195  data_time: 0.0017  memory: 2000  
2026/05/12 15:18:08 - mmengine - INFO - Iter(val) [3000/3086]    eta: 0:00:01  time: 0.0205  data_time: 0.0018  memory: 2000  
2026/05/12 15:18:10 - mmengine - INFO - per class results:
2026/05/12 15:18:10 - mmengine - INFO - 
+----------+-------+-------+--------+-----------+--------+
|  Class   |  IoU  |  Acc  | Fscore | Precision | Recall |
+----------+-------+-------+--------+-----------+--------+
| Building | 86.24 | 92.01 | 92.61  |   93.22   | 92.01  |
|   Road   | 42.18 | 51.13 | 59.33  |   70.67   | 51.13  |
| Greenery | 76.73 | 87.82 | 86.83  |   85.86   | 87.82  |
|  Water   |  96.9 | 97.68 | 98.42  |   99.18   | 97.68  |
| Farmland | 70.19 | 88.11 | 82.48  |   77.53   | 88.11  |
+----------+-------+-------+--------+-----------+--------+
2026/05/12 15:18:10 - mmengine - INFO - Iter(val) [3086/3086]  aAcc: 89.2500  mIoU: 74.4500  mAcc: 83.3500  mFscore: 83.9400  mPrecision: 85.3000  mRecall: 83.3500  Kappa: 45.3500  data_time: 0.0016  time: 0.0198
2026/05/12 15:18:10 - mmengine - INFO - The previous best checkpoint /root/det/work_dirs/new_weijie_ddhr_1xb4_80k_1e-3_dp10_ld90/best_aAcc_iter_16000.pth is removed
2026/05/12 15:18:12 - mmengine - INFO - The best checkpoint with 89.2500 aAcc at 20000 iter is saved to best_aAcc_iter_20000.pth.
2026/05/12 15:18:36 - mmengine - INFO - Iter(train) [20200/80000]  lr: 2.6325e-05  eta: 2:09:23  time: 0.1308  data_time: 0.0100  memory: 4174  grad_norm: 0.7759  loss: 0.0838  decode.loss_ce: 0.0613  decode.acc_seg: 100.0000  aux.loss_ce: 0.0226  aux.acc_seg: 100.0000
2026/05/12 15:19:01 - mmengine - INFO - Iter(train) [20400/80000]  lr: 2.6237e-05  eta: 2:08:55  time: 0.1270  data_time: 0.0103  memory: 4174  grad_norm: 1.3362  loss: 0.1109  decode.loss_ce: 0.0792  decode.acc_seg: 96.9777  aux.loss_ce: 0.0317  aux.acc_seg: 97.1379
2026/05/12 15:19:27 - mmengine - INFO - Iter(train) [20600/80000]  lr: 2.6149e-05  eta: 2:08:27  time: 0.1262  data_time: 0.0095  memory: 4174  grad_norm: 0.7796  loss: 0.0739  decode.loss_ce: 0.0531  decode.acc_seg: 96.0623  aux.loss_ce: 0.0209  aux.acc_seg: 95.9117
2026/05/12 15:19:52 - mmengine - INFO - Iter(train) [20800/80000]  lr: 2.6061e-05  eta: 2:07:59  time: 0.1264  data_time: 0.0099  memory: 4174  grad_norm: 2.0268  loss: 0.1362  decode.loss_ce: 0.0957  decode.acc_seg: 97.1948  aux.loss_ce: 0.0405  aux.acc_seg: 96.6155
2026/05/12 15:20:17 - mmengine - INFO - Exp name: new_weijie_ddhr_1xb4_80k_1e-3_dp10_ld90_20260512_142826
2026/05/12 15:20:17 - mmengine - INFO - Iter(train) [21000/80000]  lr: 2.5973e-05  eta: 2:07:30  time: 0.1232  data_time: 0.0097  memory: 4174  grad_norm: 0.9405  loss: 0.0747  decode.loss_ce: 0.0537  decode.acc_seg: 91.5016  aux.loss_ce: 0.0210  aux.acc_seg: 92.6915
2026/05/12 15:20:17 - mmengine - INFO - Saving checkpoint at 21000 iterations
2026/05/12 15:20:47 - mmengine - INFO - Iter(train) [21200/80000]  lr: 2.5885e-05  eta: 2:07:16  time: 0.1249  data_time: 0.0097  memory: 4174  grad_norm: 0.9607  loss: 0.1225  decode.loss_ce: 0.0881  decode.acc_seg: 89.1296  aux.loss_ce: 0.0344  aux.acc_seg: 90.4162
2026/05/12 15:21:12 - mmengine - INFO - Iter(train) [21400/80000]  lr: 2.5797e-05  eta: 2:06:47  time: 0.1205  data_time: 0.0091  memory: 4174  grad_norm: 2.0448  loss: 0.1360  decode.loss_ce: 0.0980  decode.acc_seg: 87.3283  aux.loss_ce: 0.0380  aux.acc_seg: 86.9188
2026/05/12 15:21:36 - mmengine - INFO - Iter(train) [21600/80000]  lr: 2.5709e-05  eta: 2:06:16  time: 0.1185  data_time: 0.0089  memory: 4174  grad_norm: 0.9499  loss: 0.1142  decode.loss_ce: 0.0813  decode.acc_seg: 98.2269  aux.loss_ce: 0.0329  aux.acc_seg: 98.4629
2026/05/12 15:22:01 - mmengine - INFO - Iter(train) [21800/80000]  lr: 2.5621e-05  eta: 2:05:48  time: 0.1212  data_time: 0.0091  memory: 4174  grad_norm: 1.6103  loss: 0.1373  decode.loss_ce: 0.0979  decode.acc_seg: 97.2375  aux.loss_ce: 0.0394  aux.acc_seg: 96.7556
2026/05/12 15:22:25 - mmengine - INFO - Exp name: new_weijie_ddhr_1xb4_80k_1e-3_dp10_ld90_20260512_142826
2026/05/12 15:22:25 - mmengine - INFO - Iter(train) [22000/80000]  lr: 2.5533e-05  eta: 2:05:18  time: 0.1230  data_time: 0.0097  memory: 4174  grad_norm: 1.2636  loss: 0.1004  decode.loss_ce: 0.0707  decode.acc_seg: 90.6397  aux.loss_ce: 0.0297  aux.acc_seg: 88.4538
2026/05/12 15:22:25 - mmengine - INFO - Saving checkpoint at 22000 iterations
2026/05/12 15:22:54 - mmengine - INFO - Iter(train) [22200/80000]  lr: 2.5445e-05  eta: 2:04:59  time: 0.1380  data_time: 0.0129  memory: 4174  grad_norm: 1.7091  loss: 0.1378  decode.loss_ce: 0.0970  decode.acc_seg: 81.3270  aux.loss_ce: 0.0408  aux.acc_seg: 81.9825
2026/05/12 15:23:19 - mmengine - INFO - Iter(train) [22400/80000]  lr: 2.5357e-05  eta: 2:04:32  time: 0.1238  data_time: 0.0106  memory: 4174  grad_norm: 1.1197  loss: 0.1114  decode.loss_ce: 0.0793  decode.acc_seg: 97.8747  aux.loss_ce: 0.0322  aux.acc_seg: 97.9169
2026/05/12 15:23:44 - mmengine - INFO - Iter(train) [22600/80000]  lr: 2.5269e-05  eta: 2:04:03  time: 0.1240  data_time: 0.0094  memory: 4174  grad_norm: 1.1331  loss: 0.1069  decode.loss_ce: 0.0768  decode.acc_seg: 94.5173  aux.loss_ce: 0.0301  aux.acc_seg: 94.1218
2026/05/12 15:24:09 - mmengine - INFO - Iter(train) [22800/80000]  lr: 2.5181e-05  eta: 2:03:33  time: 0.1224  data_time: 0.0091  memory: 4174  grad_norm: 1.4664  loss: 0.0911  decode.loss_ce: 0.0644  decode.acc_seg: 97.5864  aux.loss_ce: 0.0267  aux.acc_seg: 97.4432
2026/05/12 15:24:33 - mmengine - INFO - Exp name: new_weijie_ddhr_1xb4_80k_1e-3_dp10_ld90_20260512_142826
2026/05/12 15:24:33 - mmengine - INFO - Iter(train) [23000/80000]  lr: 2.5093e-05  eta: 2:03:02  time: 0.1266  data_time: 0.0098  memory: 4174  grad_norm: 1.1635  loss: 0.0755  decode.loss_ce: 0.0538  decode.acc_seg: 93.4945  aux.loss_ce: 0.0217  aux.acc_seg: 93.3031
2026/05/12 15:24:33 - mmengine - INFO - Saving checkpoint at 23000 iterations
2026/05/12 15:25:03 - mmengine - INFO - Iter(train) [23200/80000]  lr: 2.5005e-05  eta: 2:02:46  time: 0.1168  data_time: 0.0093  memory: 4174  grad_norm: 0.8650  loss: 0.0914  decode.loss_ce: 0.0661  decode.acc_seg: 98.6418  aux.loss_ce: 0.0253  aux.acc_seg: 98.7201
2026/05/12 15:25:29 - mmengine - INFO - Iter(train) [23400/80000]  lr: 2.4917e-05  eta: 2:02:20  time: 0.1353  data_time: 0.0104  memory: 4174  grad_norm: 2.0122  loss: 0.1063  decode.loss_ce: 0.0752  decode.acc_seg: 86.3203  aux.loss_ce: 0.0311  aux.acc_seg: 86.4883
2026/05/12 15:25:53 - mmengine - INFO - Iter(train) [23600/80000]  lr: 2.4828e-05  eta: 2:01:52  time: 0.1271  data_time: 0.0093  memory: 4174  grad_norm: 0.8565  loss: 0.0754  decode.loss_ce: 0.0539  decode.acc_seg: 91.3740  aux.loss_ce: 0.0214  aux.acc_seg: 90.8425
2026/05/12 15:26:19 - mmengine - INFO - Iter(train) [23800/80000]  lr: 2.4740e-05  eta: 2:01:24  time: 0.1208  data_time: 0.0097  memory: 4174  grad_norm: 0.7351  loss: 0.0754  decode.loss_ce: 0.0533  decode.acc_seg: 96.4338  aux.loss_ce: 0.0221  aux.acc_seg: 96.5066
2026/05/12 15:26:44 - mmengine - INFO - Exp name: new_weijie_ddhr_1xb4_80k_1e-3_dp10_ld90_20260512_142826
2026/05/12 15:26:44 - mmengine - INFO - Iter(train) [24000/80000]  lr: 2.4652e-05  eta: 2:00:56  time: 0.1247  data_time: 0.0098  memory: 4174  grad_norm: 0.6216  loss: 0.0643  decode.loss_ce: 0.0460  decode.acc_seg: 98.0215  aux.loss_ce: 0.0183  aux.acc_seg: 98.0889
2026/05/12 15:26:44 - mmengine - INFO - Saving checkpoint at 24000 iterations
2026/05/12 15:26:54 - mmengine - INFO - Iter(val) [ 200/3086]    eta: 0:01:17  time: 0.0243  data_time: 0.0020  memory: 2000  
2026/05/12 15:26:58 - mmengine - INFO - Iter(val) [ 400/3086]    eta: 0:01:02  time: 0.0185  data_time: 0.0018  memory: 2000  
2026/05/12 15:27:02 - mmengine - INFO - Iter(val) [ 600/3086]    eta: 0:00:55  time: 0.0187  data_time: 0.0016  memory: 2000  
2026/05/12 15:27:06 - mmengine - INFO - Iter(val) [ 800/3086]    eta: 0:00:49  time: 0.0193  data_time: 0.0017  memory: 2000  
2026/05/12 15:27:10 - mmengine - INFO - Iter(val) [1000/3086]    eta: 0:00:44  time: 0.0203  data_time: 0.0018  memory: 2000  
2026/05/12 15:27:14 - mmengine - INFO - Iter(val) [1200/3086]    eta: 0:00:39  time: 0.0259  data_time: 0.0021  memory: 2000  
2026/05/12 15:27:20 - mmengine - INFO - Iter(val) [1400/3086]    eta: 0:00:37  time: 0.0263  data_time: 0.0020  memory: 2000  
2026/05/12 15:27:25 - mmengine - INFO - Iter(val) [1600/3086]    eta: 0:00:33  time: 0.0262  data_time: 0.0021  memory: 2000  
2026/05/12 15:27:31 - mmengine - INFO - Iter(val) [1800/3086]    eta: 0:00:29  time: 0.0258  data_time: 0.0022  memory: 2000  
2026/05/12 15:27:36 - mmengine - INFO - Iter(val) [2000/3086]    eta: 0:00:25  time: 0.0270  data_time: 0.0021  memory: 2000  
2026/05/12 15:27:41 - mmengine - INFO - Iter(val) [2200/3086]    eta: 0:00:20  time: 0.0273  data_time: 0.0020  memory: 2000  
2026/05/12 15:27:46 - mmengine - INFO - Iter(val) [2400/3086]    eta: 0:00:16  time: 0.0193  data_time: 0.0017  memory: 2000  
2026/05/12 15:27:50 - mmengine - INFO - Iter(val) [2600/3086]    eta: 0:00:11  time: 0.0193  data_time: 0.0017  memory: 2000  
2026/05/12 15:27:53 - mmengine - INFO - Iter(val) [2800/3086]    eta: 0:00:06  time: 0.0199  data_time: 0.0018  memory: 2000  
2026/05/12 15:27:57 - mmengine - INFO - Iter(val) [3000/3086]    eta: 0:00:01  time: 0.0192  data_time: 0.0017  memory: 2000  
2026/05/12 15:27:59 - mmengine - INFO - per class results:
2026/05/12 15:27:59 - mmengine - INFO - 
+----------+-------+-------+--------+-----------+--------+
|  Class   |  IoU  |  Acc  | Fscore | Precision | Recall |
+----------+-------+-------+--------+-----------+--------+
| Building | 87.15 | 93.58 | 93.14  |   92.69   | 93.58  |
|   Road   | 44.41 | 56.02 |  61.5  |   68.18   | 56.02  |
| Greenery | 73.07 | 80.33 | 84.44  |   88.99   | 80.33  |
|  Water   |  87.4 | 97.37 | 93.28  |   89.52   | 97.37  |
| Farmland | 69.74 | 87.46 | 82.17  |   77.48   | 87.46  |
+----------+-------+-------+--------+-----------+--------+
2026/05/12 15:27:59 - mmengine - INFO - Iter(val) [3086/3086]  aAcc: 88.2700  mIoU: 72.3500  mAcc: 82.9500  mFscore: 82.9100  mPrecision: 83.3700  mRecall: 82.9500  Kappa: 47.0500  data_time: 0.0017  time: 0.0191
2026/05/12 15:28:24 - mmengine - INFO - Iter(train) [24200/80000]  lr: 2.4564e-05  eta: 2:00:28  time: 0.1248  data_time: 0.0091  memory: 4174  grad_norm: 0.8303  loss: 0.0707  decode.loss_ce: 0.0501  decode.acc_seg: 97.8289  aux.loss_ce: 0.0205  aux.acc_seg: 97.8382
2026/05/12 15:28:49 - mmengine - INFO - Iter(train) [24400/80000]  lr: 2.4476e-05  eta: 2:00:00  time: 0.1267  data_time: 0.0098  memory: 4174  grad_norm: 1.2356  loss: 0.1026  decode.loss_ce: 0.0726  decode.acc_seg: 96.4822  aux.loss_ce: 0.0301  aux.acc_seg: 97.0196
2026/05/12 15:29:15 - mmengine - INFO - Iter(train) [24600/80000]  lr: 2.4388e-05  eta: 1:59:34  time: 0.1257  data_time: 0.0092  memory: 4174  grad_norm: 1.2033  loss: 0.1020  decode.loss_ce: 0.0730  decode.acc_seg: 88.9020  aux.loss_ce: 0.0290  aux.acc_seg: 89.0490
2026/05/12 15:29:40 - mmengine - INFO - Iter(train) [24800/80000]  lr: 2.4300e-05  eta: 1:59:07  time: 0.1280  data_time: 0.0096  memory: 4174  grad_norm: 1.0561  loss: 0.0793  decode.loss_ce: 0.0571  decode.acc_seg: 92.9046  aux.loss_ce: 0.0222  aux.acc_seg: 93.1224
2026/05/12 15:30:05 - mmengine - INFO - Exp name: new_weijie_ddhr_1xb4_80k_1e-3_dp10_ld90_20260512_142826
2026/05/12 15:30:05 - mmengine - INFO - Iter(train) [25000/80000]  lr: 2.4212e-05  eta: 1:58:39  time: 0.1247  data_time: 0.0095  memory: 4174  grad_norm: 0.6834  loss: 0.0550  decode.loss_ce: 0.0393  decode.acc_seg: 92.3213  aux.loss_ce: 0.0157  aux.acc_seg: 91.8342
2026/05/12 15:30:05 - mmengine - INFO - Saving checkpoint at 25000 iterations
2026/05/12 15:30:36 - mmengine - INFO - Iter(train) [25200/80000]  lr: 2.4124e-05  eta: 1:58:23  time: 0.1281  data_time: 0.0097  memory: 4174  grad_norm: 0.9756  loss: 0.0613  decode.loss_ce: 0.0438  decode.acc_seg: 94.3473  aux.loss_ce: 0.0175  aux.acc_seg: 94.8397
2026/05/12 15:31:00 - mmengine - INFO - Iter(train) [25400/80000]  lr: 2.4036e-05  eta: 1:57:54  time: 0.1226  data_time: 0.0086  memory: 4174  grad_norm: 0.5494  loss: 0.0664  decode.loss_ce: 0.0470  decode.acc_seg: 87.2915  aux.loss_ce: 0.0194  aux.acc_seg: 88.0325
2026/05/12 15:31:24 - mmengine - INFO - Iter(train) [25600/80000]  lr: 2.3948e-05  eta: 1:57:24  time: 0.1226  data_time: 0.0093  memory: 4174  grad_norm: 0.9872  loss: 0.1042  decode.loss_ce: 0.0747  decode.acc_seg: 89.4038  aux.loss_ce: 0.0295  aux.acc_seg: 89.8672
2026/05/12 15:31:49 - mmengine - INFO - Iter(train) [25800/80000]  lr: 2.3860e-05  eta: 1:56:55  time: 0.1198  data_time: 0.0089  memory: 4174  grad_norm: 0.9110  loss: 0.0789  decode.loss_ce: 0.0563  decode.acc_seg: 95.8182  aux.loss_ce: 0.0226  aux.acc_seg: 95.1951
2026/05/12 15:32:13 - mmengine - INFO - Exp name: new_weijie_ddhr_1xb4_80k_1e-3_dp10_ld90_20260512_142826
2026/05/12 15:32:13 - mmengine - INFO - Iter(train) [26000/80000]  lr: 2.3772e-05  eta: 1:56:26  time: 0.1251  data_time: 0.0093  memory: 4174  grad_norm: 0.7434  loss: 0.0786  decode.loss_ce: 0.0566  decode.acc_seg: 93.0216  aux.loss_ce: 0.0220  aux.acc_seg: 92.9713
2026/05/12 15:32:13 - mmengine - INFO - Saving checkpoint at 26000 iterations
2026/05/12 15:32:43 - mmengine - INFO - Iter(train) [26200/80000]  lr: 2.3684e-05  eta: 1:56:08  time: 0.1240  data_time: 0.0091  memory: 4174  grad_norm: 0.8021  loss: 0.0642  decode.loss_ce: 0.0459  decode.acc_seg: 97.7402  aux.loss_ce: 0.0184  aux.acc_seg: 97.6509
2026/05/12 15:33:08 - mmengine - INFO - Iter(train) [26400/80000]  lr: 2.3596e-05  eta: 1:55:40  time: 0.1250  data_time: 0.0095  memory: 4174  grad_norm: 0.7531  loss: 0.0877  decode.loss_ce: 0.0626  decode.acc_seg: 97.5415  aux.loss_ce: 0.0251  aux.acc_seg: 97.4612
2026/05/12 15:33:32 - mmengine - INFO - Iter(train) [26600/80000]  lr: 2.3508e-05  eta: 1:55:12  time: 0.1231  data_time: 0.0102  memory: 4174  grad_norm: 0.7005  loss: 0.0573  decode.loss_ce: 0.0404  decode.acc_seg: 91.1813  aux.loss_ce: 0.0169  aux.acc_seg: 90.3500
2026/05/12 15:33:58 - mmengine - INFO - Iter(train) [26800/80000]  lr: 2.3420e-05  eta: 1:54:46  time: 0.1461  data_time: 0.0106  memory: 4174  grad_norm: 0.9014  loss: 0.0772  decode.loss_ce: 0.0550  decode.acc_seg: 97.6655  aux.loss_ce: 0.0222  aux.acc_seg: 97.7460
2026/05/12 15:34:23 - mmengine - INFO - Exp name: new_weijie_ddhr_1xb4_80k_1e-3_dp10_ld90_20260512_142826
2026/05/12 15:34:23 - mmengine - INFO - Iter(train) [27000/80000]  lr: 2.3332e-05  eta: 1:54:18  time: 0.1288  data_time: 0.0090  memory: 4174  grad_norm: 0.5371  loss: 0.0656  decode.loss_ce: 0.0467  decode.acc_seg: 96.7460  aux.loss_ce: 0.0190  aux.acc_seg: 97.5101
2026/05/12 15:34:23 - mmengine - INFO - Saving checkpoint at 27000 iterations
2026/05/12 15:34:53 - mmengine - INFO - Iter(train) [27200/80000]  lr: 2.3244e-05  eta: 1:54:00  time: 0.1223  data_time: 0.0092  memory: 4174  grad_norm: 1.4621  loss: 0.1009  decode.loss_ce: 0.0719  decode.acc_seg: 91.7355  aux.loss_ce: 0.0290  aux.acc_seg: 90.7687
2026/05/12 15:35:17 - mmengine - INFO - Iter(train) [27400/80000]  lr: 2.3156e-05  eta: 1:53:30  time: 0.1235  data_time: 0.0099  memory: 4174  grad_norm: 0.6949  loss: 0.0673  decode.loss_ce: 0.0481  decode.acc_seg: 96.8941  aux.loss_ce: 0.0192  aux.acc_seg: 96.9702
2026/05/12 15:35:41 - mmengine - INFO - Iter(train) [27600/80000]  lr: 2.3068e-05  eta: 1:53:01  time: 0.1211  data_time: 0.0091  memory: 4174  grad_norm: 0.4948  loss: 0.0435  decode.loss_ce: 0.0309  decode.acc_seg: 93.6811  aux.loss_ce: 0.0126  aux.acc_seg: 93.9832
2026/05/12 15:36:05 - mmengine - INFO - Iter(train) [27800/80000]  lr: 2.2980e-05  eta: 1:52:32  time: 0.1224  data_time: 0.0090  memory: 4174  grad_norm: 2.2971  loss: 0.1161  decode.loss_ce: 0.0811  decode.acc_seg: 92.2773  aux.loss_ce: 0.0351  aux.acc_seg: 91.0917
2026/05/12 15:36:29 - mmengine - INFO - Exp name: new_weijie_ddhr_1xb4_80k_1e-3_dp10_ld90_20260512_142826
2026/05/12 15:36:29 - mmengine - INFO - Iter(train) [28000/80000]  lr: 2.2892e-05  eta: 1:52:03  time: 0.1172  data_time: 0.0092  memory: 4174  grad_norm: 0.9991  loss: 0.0885  decode.loss_ce: 0.0628  decode.acc_seg: 98.6532  aux.loss_ce: 0.0256  aux.acc_seg: 98.6422
2026/05/12 15:36:29 - mmengine - INFO - Saving checkpoint at 28000 iterations
2026/05/12 15:36:39 - mmengine - INFO - Iter(val) [ 200/3086]    eta: 0:01:13  time: 0.0257  data_time: 0.0019  memory: 2000  
2026/05/12 15:36:45 - mmengine - INFO - Iter(val) [ 400/3086]    eta: 0:01:07  time: 0.0240  data_time: 0.0020  memory: 2000  
2026/05/12 15:36:49 - mmengine - INFO - Iter(val) [ 600/3086]    eta: 0:01:01  time: 0.0179  data_time: 0.0015  memory: 2000  
2026/05/12 15:36:53 - mmengine - INFO - Iter(val) [ 800/3086]    eta: 0:00:53  time: 0.0255  data_time: 0.0021  memory: 2000  
2026/05/12 15:36:58 - mmengine - INFO - Iter(val) [1000/3086]    eta: 0:00:49  time: 0.0195  data_time: 0.0012  memory: 2000  
2026/05/12 15:37:03 - mmengine - INFO - Iter(val) [1200/3086]    eta: 0:00:44  time: 0.0279  data_time: 0.0020  memory: 2000  
2026/05/12 15:37:08 - mmengine - INFO - Iter(val) [1400/3086]    eta: 0:00:40  time: 0.0242  data_time: 0.0019  memory: 2000  
2026/05/12 15:37:12 - mmengine - INFO - Iter(val) [1600/3086]    eta: 0:00:34  time: 0.0183  data_time: 0.0015  memory: 2000  
2026/05/12 15:37:16 - mmengine - INFO - Iter(val) [1800/3086]    eta: 0:00:29  time: 0.0172  data_time: 0.0013  memory: 2000  
2026/05/12 15:37:19 - mmengine - INFO - Iter(val) [2000/3086]    eta: 0:00:24  time: 0.0180  data_time: 0.0012  memory: 2000  
2026/05/12 15:37:24 - mmengine - INFO - Iter(val) [2200/3086]    eta: 0:00:20  time: 0.0177  data_time: 0.0014  memory: 2000  
2026/05/12 15:37:28 - mmengine - INFO - Iter(val) [2400/3086]    eta: 0:00:15  time: 0.0184  data_time: 0.0016  memory: 2000  
2026/05/12 15:37:32 - mmengine - INFO - Iter(val) [2600/3086]    eta: 0:00:10  time: 0.0259  data_time: 0.0018  memory: 2000  
2026/05/12 15:37:37 - mmengine - INFO - Iter(val) [2800/3086]    eta: 0:00:06  time: 0.0259  data_time: 0.0022  memory: 2000  
2026/05/12 15:37:42 - mmengine - INFO - Iter(val) [3000/3086]    eta: 0:00:01  time: 0.0249  data_time: 0.0019  memory: 2000  
2026/05/12 15:37:44 - mmengine - INFO - per class results:
2026/05/12 15:37:44 - mmengine - INFO - 
+----------+-------+-------+--------+-----------+--------+
|  Class   |  IoU  |  Acc  | Fscore | Precision | Recall |
+----------+-------+-------+--------+-----------+--------+
| Building | 87.88 | 95.16 | 93.55  |   91.99   | 95.16  |
|   Road   | 48.69 | 64.49 | 65.49  |   66.53   | 64.49  |
| Greenery | 78.73 | 85.59 |  88.1  |   90.77   | 85.59  |
|  Water   | 97.45 | 98.45 | 98.71  |   98.97   | 98.45  |
| Farmland | 73.22 | 84.83 | 84.54  |   84.25   | 84.83  |
+----------+-------+-------+--------+-----------+--------+
2026/05/12 15:37:44 - mmengine - INFO - Iter(val) [3086/3086]  aAcc: 90.5000  mIoU: 77.2000  mAcc: 85.7000  mFscore: 86.0800  mPrecision: 86.5000  mRecall: 85.7000  Kappa: 51.1500  data_time: 0.0014  time: 0.0179
2026/05/12 15:37:44 - mmengine - INFO - The previous best checkpoint /root/det/work_dirs/new_weijie_ddhr_1xb4_80k_1e-3_dp10_ld90/best_aAcc_iter_20000.pth is removed
2026/05/12 15:37:46 - mmengine - INFO - The best checkpoint with 90.5000 aAcc at 28000 iter is saved to best_aAcc_iter_28000.pth.
2026/05/12 15:38:10 - mmengine - INFO - Iter(train) [28200/80000]  lr: 2.2803e-05  eta: 1:51:36  time: 0.1225  data_time: 0.0093  memory: 4174  grad_norm: 0.7657  loss: 0.0767  decode.loss_ce: 0.0543  decode.acc_seg: 95.3218  aux.loss_ce: 0.0224  aux.acc_seg: 95.2888
2026/05/12 15:38:34 - mmengine - INFO - Iter(train) [28400/80000]  lr: 2.2715e-05  eta: 1:51:08  time: 0.1295  data_time: 0.0108  memory: 4174  grad_norm: 0.9429  loss: 0.0615  decode.loss_ce: 0.0439  decode.acc_seg: 96.7853  aux.loss_ce: 0.0177  aux.acc_seg: 96.4678
2026/05/12 15:38:59 - mmengine - INFO - Iter(train) [28600/80000]  lr: 2.2627e-05  eta: 1:50:41  time: 0.1206  data_time: 0.0088  memory: 4174  grad_norm: 0.9364  loss: 0.0858  decode.loss_ce: 0.0607  decode.acc_seg: 99.2768  aux.loss_ce: 0.0251  aux.acc_seg: 98.5732
2026/05/12 15:39:24 - mmengine - INFO - Iter(train) [28800/80000]  lr: 2.2539e-05  eta: 1:50:13  time: 0.1204  data_time: 0.0091  memory: 4174  grad_norm: 0.5812  loss: 0.0733  decode.loss_ce: 0.0521  decode.acc_seg: 98.6625  aux.loss_ce: 0.0211  aux.acc_seg: 98.5660
2026/05/12 15:39:48 - mmengine - INFO - Exp name: new_weijie_ddhr_1xb4_80k_1e-3_dp10_ld90_20260512_142826
2026/05/12 15:39:48 - mmengine - INFO - Iter(train) [29000/80000]  lr: 2.2451e-05  eta: 1:49:44  time: 0.1228  data_time: 0.0091  memory: 4174  grad_norm: 0.7727  loss: 0.0659  decode.loss_ce: 0.0469  decode.acc_seg: 93.6503  aux.loss_ce: 0.0190  aux.acc_seg: 93.8623
2026/05/12 15:39:48 - mmengine - INFO - Saving checkpoint at 29000 iterations
2026/05/12 15:40:18 - mmengine - INFO - Iter(train) [29200/80000]  lr: 2.2363e-05  eta: 1:49:24  time: 0.1219  data_time: 0.0091  memory: 4174  grad_norm: 1.4070  loss: 0.0809  decode.loss_ce: 0.0586  decode.acc_seg: 98.7165  aux.loss_ce: 0.0223  aux.acc_seg: 98.5127
2026/05/12 15:40:41 - mmengine - INFO - Iter(train) [29400/80000]  lr: 2.2275e-05  eta: 1:48:55  time: 0.1154  data_time: 0.0087  memory: 4174  grad_norm: 1.5171  loss: 0.1040  decode.loss_ce: 0.0735  decode.acc_seg: 91.5645  aux.loss_ce: 0.0305  aux.acc_seg: 91.6573
2026/05/12 15:41:05 - mmengine - INFO - Iter(train) [29600/80000]  lr: 2.2187e-05  eta: 1:48:25  time: 0.1219  data_time: 0.0084  memory: 4174  grad_norm: 0.4873  loss: 0.0539  decode.loss_ce: 0.0379  decode.acc_seg: 95.8063  aux.loss_ce: 0.0161  aux.acc_seg: 95.9106
2026/05/12 15:41:29 - mmengine - INFO - Iter(train) [29800/80000]  lr: 2.2099e-05  eta: 1:47:57  time: 0.1235  data_time: 0.0091  memory: 4174  grad_norm: 0.4689  loss: 0.0389  decode.loss_ce: 0.0276  decode.acc_seg: 98.3487  aux.loss_ce: 0.0113  aux.acc_seg: 98.4031
2026/05/12 15:41:54 - mmengine - INFO - Exp name: new_weijie_ddhr_1xb4_80k_1e-3_dp10_ld90_20260512_142826
2026/05/12 15:41:54 - mmengine - INFO - Iter(train) [30000/80000]  lr: 2.2011e-05  eta: 1:47:29  time: 0.1192  data_time: 0.0093  memory: 4174  grad_norm: 0.5192  loss: 0.0622  decode.loss_ce: 0.0445  decode.acc_seg: 95.0131  aux.loss_ce: 0.0177  aux.acc_seg: 94.6065
2026/05/12 15:41:54 - mmengine - INFO - Saving checkpoint at 30000 iterations
2026/05/12 15:42:24 - mmengine - INFO - Iter(train) [30200/80000]  lr: 2.1923e-05  eta: 1:47:10  time: 0.1234  data_time: 0.0106  memory: 4174  grad_norm: 0.6234  loss: 0.0576  decode.loss_ce: 0.0412  decode.acc_seg: 95.5321  aux.loss_ce: 0.0164  aux.acc_seg: 95.5532
2026/05/12 15:42:49 - mmengine - INFO - Iter(train) [30400/80000]  lr: 2.1835e-05  eta: 1:46:43  time: 0.1340  data_time: 0.0116  memory: 4174  grad_norm: 0.7255  loss: 0.0577  decode.loss_ce: 0.0412  decode.acc_seg: 98.7368  aux.loss_ce: 0.0166  aux.acc_seg: 98.7433
2026/05/12 15:43:13 - mmengine - INFO - Iter(train) [30600/80000]  lr: 2.1747e-05  eta: 1:46:15  time: 0.1222  data_time: 0.0095  memory: 4174  grad_norm: 1.5853  loss: 0.1185  decode.loss_ce: 0.0855  decode.acc_seg: 92.6218  aux.loss_ce: 0.0330  aux.acc_seg: 92.9437
2026/05/12 15:43:38 - mmengine - INFO - Iter(train) [30800/80000]  lr: 2.1659e-05  eta: 1:45:47  time: 0.1231  data_time: 0.0086  memory: 4174  grad_norm: 0.8280  loss: 0.0558  decode.loss_ce: 0.0396  decode.acc_seg: 96.6954  aux.loss_ce: 0.0162  aux.acc_seg: 96.4039
2026/05/12 15:44:03 - mmengine - INFO - Exp name: new_weijie_ddhr_1xb4_80k_1e-3_dp10_ld90_20260512_142826
2026/05/12 15:44:03 - mmengine - INFO - Iter(train) [31000/80000]  lr: 2.1571e-05  eta: 1:45:20  time: 0.1289  data_time: 0.0113  memory: 4174  grad_norm: 0.6788  loss: 0.0489  decode.loss_ce: 0.0357  decode.acc_seg: 98.2667  aux.loss_ce: 0.0132  aux.acc_seg: 98.0718
2026/05/12 15:44:03 - mmengine - INFO - Saving checkpoint at 31000 iterations
2026/05/12 15:44:34 - mmengine - INFO - Iter(train) [31200/80000]  lr: 2.1483e-05  eta: 1:45:02  time: 0.1210  data_time: 0.0094  memory: 4174  grad_norm: 0.4798  loss: 0.0428  decode.loss_ce: 0.0306  decode.acc_seg: 96.9986  aux.loss_ce: 0.0123  aux.acc_seg: 97.3699
2026/05/12 15:44:58 - mmengine - INFO - Iter(train) [31400/80000]  lr: 2.1395e-05  eta: 1:44:34  time: 0.1282  data_time: 0.0115  memory: 4174  grad_norm: 0.7861  loss: 0.0697  decode.loss_ce: 0.0491  decode.acc_seg: 94.2353  aux.loss_ce: 0.0206  aux.acc_seg: 94.2393
2026/05/12 15:45:23 - mmengine - INFO - Iter(train) [31600/80000]  lr: 2.1307e-05  eta: 1:44:06  time: 0.1241  data_time: 0.0097  memory: 4174  grad_norm: 0.7983  loss: 0.0836  decode.loss_ce: 0.0602  decode.acc_seg: 93.8532  aux.loss_ce: 0.0235  aux.acc_seg: 95.0517
2026/05/12 15:45:48 - mmengine - INFO - Iter(train) [31800/80000]  lr: 2.1219e-05  eta: 1:43:39  time: 0.1191  data_time: 0.0090  memory: 4174  grad_norm: 0.7041  loss: 0.0628  decode.loss_ce: 0.0445  decode.acc_seg: 99.5784  aux.loss_ce: 0.0183  aux.acc_seg: 99.6587
2026/05/12 15:46:12 - mmengine - INFO - Exp name: new_weijie_ddhr_1xb4_80k_1e-3_dp10_ld90_20260512_142826
2026/05/12 15:46:12 - mmengine - INFO - Iter(train) [32000/80000]  lr: 2.1131e-05  eta: 1:43:11  time: 0.1277  data_time: 0.0090  memory: 4174  grad_norm: 1.3437  loss: 0.0895  decode.loss_ce: 0.0634  decode.acc_seg: 96.8152  aux.loss_ce: 0.0261  aux.acc_seg: 96.7160
2026/05/12 15:46:12 - mmengine - INFO - Saving checkpoint at 32000 iterations
2026/05/12 15:46:22 - mmengine - INFO - Iter(val) [ 200/3086]    eta: 0:01:07  time: 0.0261  data_time: 0.0019  memory: 2000  
2026/05/12 15:46:26 - mmengine - INFO - Iter(val) [ 400/3086]    eta: 0:00:58  time: 0.0170  data_time: 0.0015  memory: 2000  
2026/05/12 15:46:30 - mmengine - INFO - Iter(val) [ 600/3086]    eta: 0:00:53  time: 0.0255  data_time: 0.0018  memory: 2000  
2026/05/12 15:46:34 - mmengine - INFO - Iter(val) [ 800/3086]    eta: 0:00:48  time: 0.0185  data_time: 0.0015  memory: 2000  
2026/05/12 15:46:38 - mmengine - INFO - Iter(val) [1000/3086]    eta: 0:00:43  time: 0.0188  data_time: 0.0013  memory: 2000  
2026/05/12 15:46:42 - mmengine - INFO - Iter(val) [1200/3086]    eta: 0:00:39  time: 0.0201  data_time: 0.0017  memory: 2000  
2026/05/12 15:46:46 - mmengine - INFO - Iter(val) [1400/3086]    eta: 0:00:35  time: 0.0205  data_time: 0.0016  memory: 2000  
2026/05/12 15:46:51 - mmengine - INFO - Iter(val) [1600/3086]    eta: 0:00:31  time: 0.0194  data_time: 0.0014  memory: 2000  
2026/05/12 15:46:56 - mmengine - INFO - Iter(val) [1800/3086]    eta: 0:00:27  time: 0.0249  data_time: 0.0021  memory: 2000  
2026/05/12 15:47:00 - mmengine - INFO - Iter(val) [2000/3086]    eta: 0:00:23  time: 0.0222  data_time: 0.0016  memory: 2000  
2026/05/12 15:47:03 - mmengine - INFO - Iter(val) [2200/3086]    eta: 0:00:18  time: 0.0192  data_time: 0.0017  memory: 2000  
2026/05/12 15:47:07 - mmengine - INFO - Iter(val) [2400/3086]    eta: 0:00:14  time: 0.0191  data_time: 0.0017  memory: 2000  
2026/05/12 15:47:11 - mmengine - INFO - Iter(val) [2600/3086]    eta: 0:00:10  time: 0.0191  data_time: 0.0017  memory: 2000  
2026/05/12 15:47:15 - mmengine - INFO - Iter(val) [2800/3086]    eta: 0:00:05  time: 0.0189  data_time: 0.0012  memory: 2000  
2026/05/12 15:47:19 - mmengine - INFO - Iter(val) [3000/3086]    eta: 0:00:01  time: 0.0186  data_time: 0.0011  memory: 2000  
2026/05/12 15:47:21 - mmengine - INFO - per class results:
2026/05/12 15:47:21 - mmengine - INFO - 
+----------+-------+-------+--------+-----------+--------+
|  Class   |  IoU  |  Acc  | Fscore | Precision | Recall |
+----------+-------+-------+--------+-----------+--------+
| Building | 88.31 | 94.21 | 93.79  |   93.38   | 94.21  |
|   Road   | 50.44 | 61.52 | 67.06  |    73.7   | 61.52  |
| Greenery | 79.79 | 88.39 | 88.76  |   89.13   | 88.39  |
|  Water   | 97.61 | 98.45 | 98.79  |   99.13   | 98.45  |
| Farmland | 73.44 | 87.31 | 84.69  |   82.22   | 87.31  |
+----------+-------+-------+--------+-----------+--------+
2026/05/12 15:47:21 - mmengine - INFO - Iter(val) [3086/3086]  aAcc: 90.9000  mIoU: 77.9200  mAcc: 85.9800  mFscore: 86.6200  mPrecision: 87.5100  mRecall: 85.9800  Kappa: 52.1900  data_time: 0.0014  time: 0.0187
2026/05/12 15:47:21 - mmengine - INFO - The previous best checkpoint /root/det/work_dirs/new_weijie_ddhr_1xb4_80k_1e-3_dp10_ld90/best_aAcc_iter_28000.pth is removed
2026/05/12 15:47:22 - mmengine - INFO - The best checkpoint with 90.9000 aAcc at 32000 iter is saved to best_aAcc_iter_32000.pth.
2026/05/12 15:47:46 - mmengine - INFO - Iter(train) [32200/80000]  lr: 2.1043e-05  eta: 1:42:45  time: 0.1136  data_time: 0.0087  memory: 4174  grad_norm: 0.7411  loss: 0.0753  decode.loss_ce: 0.0533  decode.acc_seg: 97.7608  aux.loss_ce: 0.0220  aux.acc_seg: 97.3306
2026/05/12 15:48:10 - mmengine - INFO - Iter(train) [32400/80000]  lr: 2.0955e-05  eta: 1:42:17  time: 0.1200  data_time: 0.0090  memory: 4174  grad_norm: 0.8298  loss: 0.0494  decode.loss_ce: 0.0352  decode.acc_seg: 92.1967  aux.loss_ce: 0.0142  aux.acc_seg: 92.6473
2026/05/12 15:48:35 - mmengine - INFO - Iter(train) [32600/80000]  lr: 2.0866e-05  eta: 1:41:49  time: 0.1219  data_time: 0.0091  memory: 4174  grad_norm: 0.5084  loss: 0.0482  decode.loss_ce: 0.0343  decode.acc_seg: 99.5173  aux.loss_ce: 0.0139  aux.acc_seg: 99.5616
2026/05/12 15:48:59 - mmengine - INFO - Iter(train) [32800/80000]  lr: 2.0778e-05  eta: 1:41:21  time: 0.1239  data_time: 0.0094  memory: 4174  grad_norm: 0.6263  loss: 0.0473  decode.loss_ce: 0.0341  decode.acc_seg: 94.9628  aux.loss_ce: 0.0132  aux.acc_seg: 95.3417
2026/05/12 15:49:23 - mmengine - INFO - Exp name: new_weijie_ddhr_1xb4_80k_1e-3_dp10_ld90_20260512_142826
2026/05/12 15:49:23 - mmengine - INFO - Iter(train) [33000/80000]  lr: 2.0690e-05  eta: 1:40:53  time: 0.1222  data_time: 0.0089  memory: 4174  grad_norm: 0.7953  loss: 0.0700  decode.loss_ce: 0.0496  decode.acc_seg: 94.8852  aux.loss_ce: 0.0205  aux.acc_seg: 94.2706
2026/05/12 15:49:23 - mmengine - INFO - Saving checkpoint at 33000 iterations
2026/05/12 15:49:53 - mmengine - INFO - Iter(train) [33200/80000]  lr: 2.0602e-05  eta: 1:40:32  time: 0.1205  data_time: 0.0096  memory: 4174  grad_norm: 0.5298  loss: 0.0571  decode.loss_ce: 0.0403  decode.acc_seg: 96.4590  aux.loss_ce: 0.0168  aux.acc_seg: 95.9074
2026/05/12 15:50:16 - mmengine - INFO - Iter(train) [33400/80000]  lr: 2.0514e-05  eta: 1:40:03  time: 0.1204  data_time: 0.0088  memory: 4174  grad_norm: 0.5497  loss: 0.0508  decode.loss_ce: 0.0361  decode.acc_seg: 97.4148  aux.loss_ce: 0.0148  aux.acc_seg: 97.4421
2026/05/12 15:50:40 - mmengine - INFO - Iter(train) [33600/80000]  lr: 2.0426e-05  eta: 1:39:35  time: 0.1164  data_time: 0.0089  memory: 4174  grad_norm: 0.5314  loss: 0.0500  decode.loss_ce: 0.0357  decode.acc_seg: 97.7309  aux.loss_ce: 0.0143  aux.acc_seg: 97.6645
2026/05/12 15:51:02 - mmengine - INFO - Iter(train) [33800/80000]  lr: 2.0338e-05  eta: 1:39:04  time: 0.1237  data_time: 0.0092  memory: 4174  grad_norm: 1.9590  loss: 0.1045  decode.loss_ce: 0.0664  decode.acc_seg: 94.7638  aux.loss_ce: 0.0382  aux.acc_seg: 94.6349
2026/05/12 15:51:26 - mmengine - INFO - Exp name: new_weijie_ddhr_1xb4_80k_1e-3_dp10_ld90_20260512_142826
2026/05/12 15:51:26 - mmengine - INFO - Iter(train) [34000/80000]  lr: 2.0250e-05  eta: 1:38:36  time: 0.1180  data_time: 0.0087  memory: 4174  grad_norm: 0.5810  loss: 0.0634  decode.loss_ce: 0.0450  decode.acc_seg: 97.3588  aux.loss_ce: 0.0185  aux.acc_seg: 96.9812
2026/05/12 15:51:26 - mmengine - INFO - Saving checkpoint at 34000 iterations
2026/05/12 15:51:55 - mmengine - INFO - Iter(train) [34200/80000]  lr: 2.0162e-05  eta: 1:38:14  time: 0.1230  data_time: 0.0104  memory: 4174  grad_norm: 0.3586  loss: 0.0385  decode.loss_ce: 0.0277  decode.acc_seg: 98.4702  aux.loss_ce: 0.0109  aux.acc_seg: 98.5741
2026/05/12 15:52:19 - mmengine - INFO - Iter(train) [34400/80000]  lr: 2.0074e-05  eta: 1:37:47  time: 0.1137  data_time: 0.0091  memory: 4174  grad_norm: 0.5080  loss: 0.0421  decode.loss_ce: 0.0298  decode.acc_seg: 95.8128  aux.loss_ce: 0.0124  aux.acc_seg: 96.0808
2026/05/12 15:52:43 - mmengine - INFO - Iter(train) [34600/80000]  lr: 1.9986e-05  eta: 1:37:19  time: 0.1143  data_time: 0.0086  memory: 4174  grad_norm: 0.6479  loss: 0.0631  decode.loss_ce: 0.0454  decode.acc_seg: 96.6891  aux.loss_ce: 0.0177  aux.acc_seg: 97.5014
2026/05/12 15:53:08 - mmengine - INFO - Iter(train) [34800/80000]  lr: 1.9898e-05  eta: 1:36:51  time: 0.1219  data_time: 0.0098  memory: 4174  grad_norm: 0.7405  loss: 0.0596  decode.loss_ce: 0.0429  decode.acc_seg: 96.8421  aux.loss_ce: 0.0166  aux.acc_seg: 97.3583
2026/05/12 15:53:32 - mmengine - INFO - Exp name: new_weijie_ddhr_1xb4_80k_1e-3_dp10_ld90_20260512_142826
2026/05/12 15:53:32 - mmengine - INFO - Iter(train) [35000/80000]  lr: 1.9810e-05  eta: 1:36:24  time: 0.1162  data_time: 0.0091  memory: 4174  grad_norm: 0.8973  loss: 0.0504  decode.loss_ce: 0.0353  decode.acc_seg: 97.8974  aux.loss_ce: 0.0151  aux.acc_seg: 97.9779
2026/05/12 15:53:32 - mmengine - INFO - Saving checkpoint at 35000 iterations
2026/05/12 15:54:02 - mmengine - INFO - Iter(train) [35200/80000]  lr: 1.9722e-05  eta: 1:36:03  time: 0.1164  data_time: 0.0089  memory: 4174  grad_norm: 0.5312  loss: 0.0482  decode.loss_ce: 0.0346  decode.acc_seg: 96.8407  aux.loss_ce: 0.0136  aux.acc_seg: 97.1052
2026/05/12 15:54:26 - mmengine - INFO - Iter(train) [35400/80000]  lr: 1.9634e-05  eta: 1:35:36  time: 0.1191  data_time: 0.0087  memory: 4174  grad_norm: 0.3734  loss: 0.0424  decode.loss_ce: 0.0301  decode.acc_seg: 89.1855  aux.loss_ce: 0.0122  aux.acc_seg: 89.0794
2026/05/12 15:54:51 - mmengine - INFO - Iter(train) [35600/80000]  lr: 1.9546e-05  eta: 1:35:08  time: 0.1212  data_time: 0.0090  memory: 4174  grad_norm: 0.6648  loss: 0.0490  decode.loss_ce: 0.0350  decode.acc_seg: 96.3221  aux.loss_ce: 0.0140  aux.acc_seg: 96.3791
2026/05/12 15:55:15 - mmengine - INFO - Iter(train) [35800/80000]  lr: 1.9458e-05  eta: 1:34:41  time: 0.1218  data_time: 0.0092  memory: 4174  grad_norm: 0.6819  loss: 0.0504  decode.loss_ce: 0.0358  decode.acc_seg: 98.9221  aux.loss_ce: 0.0147  aux.acc_seg: 99.0509
2026/05/12 15:55:40 - mmengine - INFO - Exp name: new_weijie_ddhr_1xb4_80k_1e-3_dp10_ld90_20260512_142826
2026/05/12 15:55:40 - mmengine - INFO - Iter(train) [36000/80000]  lr: 1.9370e-05  eta: 1:34:14  time: 0.1225  data_time: 0.0094  memory: 4174  grad_norm: 0.7244  loss: 0.0660  decode.loss_ce: 0.0461  decode.acc_seg: 99.1944  aux.loss_ce: 0.0200  aux.acc_seg: 99.1924
2026/05/12 15:55:40 - mmengine - INFO - Saving checkpoint at 36000 iterations
2026/05/12 15:55:49 - mmengine - INFO - Iter(val) [ 200/3086]    eta: 0:01:05  time: 0.0254  data_time: 0.0017  memory: 2000  
2026/05/12 15:55:54 - mmengine - INFO - Iter(val) [ 400/3086]    eta: 0:01:02  time: 0.0245  data_time: 0.0018  memory: 2000  
2026/05/12 15:55:58 - mmengine - INFO - Iter(val) [ 600/3086]    eta: 0:00:54  time: 0.0176  data_time: 0.0015  memory: 2000  
2026/05/12 15:56:02 - mmengine - INFO - Iter(val) [ 800/3086]    eta: 0:00:50  time: 0.0246  data_time: 0.0018  memory: 2000  
2026/05/12 15:56:06 - mmengine - INFO - Iter(val) [1000/3086]    eta: 0:00:44  time: 0.0189  data_time: 0.0015  memory: 2000  
2026/05/12 15:56:10 - mmengine - INFO - Iter(val) [1200/3086]    eta: 0:00:40  time: 0.0235  data_time: 0.0019  memory: 2000  
2026/05/12 15:56:14 - mmengine - INFO - Iter(val) [1400/3086]    eta: 0:00:35  time: 0.0179  data_time: 0.0015  memory: 2000  
2026/05/12 15:56:18 - mmengine - INFO - Iter(val) [1600/3086]    eta: 0:00:31  time: 0.0197  data_time: 0.0014  memory: 2000  
2026/05/12 15:56:22 - mmengine - INFO - Iter(val) [1800/3086]    eta: 0:00:26  time: 0.0244  data_time: 0.0019  memory: 2000  
2026/05/12 15:56:27 - mmengine - INFO - Iter(val) [2000/3086]    eta: 0:00:23  time: 0.0182  data_time: 0.0015  memory: 2000  
2026/05/12 15:56:31 - mmengine - INFO - Iter(val) [2200/3086]    eta: 0:00:18  time: 0.0328  data_time: 0.0015  memory: 2000  
2026/05/12 15:56:35 - mmengine - INFO - Iter(val) [2400/3086]    eta: 0:00:14  time: 0.0238  data_time: 0.0018  memory: 2000  
2026/05/12 15:56:40 - mmengine - INFO - Iter(val) [2600/3086]    eta: 0:00:10  time: 0.0192  data_time: 0.0015  memory: 2000  
2026/05/12 15:56:44 - mmengine - INFO - Iter(val) [2800/3086]    eta: 0:00:06  time: 0.0195  data_time: 0.0012  memory: 2000  
2026/05/12 15:56:48 - mmengine - INFO - Iter(val) [3000/3086]    eta: 0:00:01  time: 0.0182  data_time: 0.0016  memory: 2000  
2026/05/12 15:56:50 - mmengine - INFO - per class results:
2026/05/12 15:56:50 - mmengine - INFO - 
+----------+-------+-------+--------+-----------+--------+
|  Class   |  IoU  |  Acc  | Fscore | Precision | Recall |
+----------+-------+-------+--------+-----------+--------+
| Building | 89.03 |  94.8 |  94.2  |    93.6   |  94.8  |
|   Road   | 52.36 |  61.8 | 68.73  |   77.42   |  61.8  |
| Greenery | 81.31 |  90.6 | 89.69  |    88.8   |  90.6  |
|  Water   | 97.51 | 98.38 | 98.74  |    99.1   | 98.38  |
| Farmland | 75.24 | 86.17 | 85.87  |   85.57   | 86.17  |
+----------+-------+-------+--------+-----------+--------+
2026/05/12 15:56:50 - mmengine - INFO - Iter(val) [3086/3086]  aAcc: 91.5600  mIoU: 79.0900  mAcc: 86.3500  mFscore: 87.4500  mPrecision: 88.9000  mRecall: 86.3500  Kappa: 53.8600  data_time: 0.0015  time: 0.0201
2026/05/12 15:56:50 - mmengine - INFO - The previous best checkpoint /root/det/work_dirs/new_weijie_ddhr_1xb4_80k_1e-3_dp10_ld90/best_aAcc_iter_32000.pth is removed
2026/05/12 15:56:51 - mmengine - INFO - The best checkpoint with 91.5600 aAcc at 36000 iter is saved to best_aAcc_iter_36000.pth.
2026/05/12 15:57:15 - mmengine - INFO - Iter(train) [36200/80000]  lr: 1.9282e-05  eta: 1:33:47  time: 0.1237  data_time: 0.0095  memory: 4174  grad_norm: 0.3911  loss: 0.0297  decode.loss_ce: 0.0209  decode.acc_seg: 98.6603  aux.loss_ce: 0.0088  aux.acc_seg: 98.8214
2026/05/12 15:57:39 - mmengine - INFO - Iter(train) [36400/80000]  lr: 1.9194e-05  eta: 1:33:20  time: 0.1239  data_time: 0.0091  memory: 4174  grad_norm: 0.6794  loss: 0.0621  decode.loss_ce: 0.0437  decode.acc_seg: 96.3049  aux.loss_ce: 0.0184  aux.acc_seg: 96.5141
2026/05/12 15:58:03 - mmengine - INFO - Iter(train) [36600/80000]  lr: 1.9106e-05  eta: 1:32:53  time: 0.1189  data_time: 0.0092  memory: 4174  grad_norm: 0.7534  loss: 0.0589  decode.loss_ce: 0.0414  decode.acc_seg: 95.4487  aux.loss_ce: 0.0174  aux.acc_seg: 95.3148
2026/05/12 15:58:27 - mmengine - INFO - Iter(train) [36800/80000]  lr: 1.9018e-05  eta: 1:32:25  time: 0.1344  data_time: 0.0103  memory: 4174  grad_norm: 0.5453  loss: 0.0437  decode.loss_ce: 0.0309  decode.acc_seg: 97.4836  aux.loss_ce: 0.0128  aux.acc_seg: 97.5671
2026/05/12 15:58:52 - mmengine - INFO - Exp name: new_weijie_ddhr_1xb4_80k_1e-3_dp10_ld90_20260512_142826
2026/05/12 15:58:52 - mmengine - INFO - Iter(train) [37000/80000]  lr: 1.8930e-05  eta: 1:31:58  time: 0.1245  data_time: 0.0100  memory: 4174  grad_norm: 0.8936  loss: 0.0684  decode.loss_ce: 0.0487  decode.acc_seg: 96.4241  aux.loss_ce: 0.0197  aux.acc_seg: 96.3687
2026/05/12 15:58:52 - mmengine - INFO - Saving checkpoint at 37000 iterations
2026/05/12 15:59:21 - mmengine - INFO - Iter(train) [37200/80000]  lr: 1.8841e-05  eta: 1:31:37  time: 0.1361  data_time: 0.0091  memory: 4174  grad_norm: 0.4876  loss: 0.0490  decode.loss_ce: 0.0346  decode.acc_seg: 98.6496  aux.loss_ce: 0.0144  aux.acc_seg: 98.6186
2026/05/12 15:59:45 - mmengine - INFO - Iter(train) [37400/80000]  lr: 1.8753e-05  eta: 1:31:08  time: 0.1215  data_time: 0.0094  memory: 4174  grad_norm: 0.6296  loss: 0.0584  decode.loss_ce: 0.0411  decode.acc_seg: 93.1597  aux.loss_ce: 0.0173  aux.acc_seg: 93.4493
2026/05/12 16:00:07 - mmengine - INFO - Iter(train) [37600/80000]  lr: 1.8665e-05  eta: 1:30:39  time: 0.1103  data_time: 0.0074  memory: 4174  grad_norm: 0.4032  loss: 0.0462  decode.loss_ce: 0.0331  decode.acc_seg: 92.8577  aux.loss_ce: 0.0131  aux.acc_seg: 92.7422
2026/05/12 16:00:31 - mmengine - INFO - Iter(train) [37800/80000]  lr: 1.8577e-05  eta: 1:30:11  time: 0.1211  data_time: 0.0095  memory: 4174  grad_norm: 0.6073  loss: 0.0426  decode.loss_ce: 0.0298  decode.acc_seg: 95.0196  aux.loss_ce: 0.0127  aux.acc_seg: 95.0655
2026/05/12 16:00:55 - mmengine - INFO - Exp name: new_weijie_ddhr_1xb4_80k_1e-3_dp10_ld90_20260512_142826
2026/05/12 16:00:55 - mmengine - INFO - Iter(train) [38000/80000]  lr: 1.8489e-05  eta: 1:29:44  time: 0.1238  data_time: 0.0105  memory: 4174  grad_norm: 0.8041  loss: 0.0479  decode.loss_ce: 0.0334  decode.acc_seg: 91.7816  aux.loss_ce: 0.0146  aux.acc_seg: 90.6139
2026/05/12 16:00:55 - mmengine - INFO - Saving checkpoint at 38000 iterations
2026/05/12 16:01:25 - mmengine - INFO - Iter(train) [38200/80000]  lr: 1.8401e-05  eta: 1:29:22  time: 0.1252  data_time: 0.0097  memory: 4174  grad_norm: 0.5262  loss: 0.0473  decode.loss_ce: 0.0339  decode.acc_seg: 97.1449  aux.loss_ce: 0.0134  aux.acc_seg: 97.2422
2026/05/12 16:01:49 - mmengine - INFO - Iter(train) [38400/80000]  lr: 1.8313e-05  eta: 1:28:55  time: 0.1184  data_time: 0.0086  memory: 4174  grad_norm: 0.4726  loss: 0.0430  decode.loss_ce: 0.0301  decode.acc_seg: 98.3233  aux.loss_ce: 0.0128  aux.acc_seg: 98.2696
2026/05/12 16:02:13 - mmengine - INFO - Iter(train) [38600/80000]  lr: 1.8225e-05  eta: 1:28:28  time: 0.1219  data_time: 0.0101  memory: 4174  grad_norm: 0.6570  loss: 0.0447  decode.loss_ce: 0.0314  decode.acc_seg: 96.2811  aux.loss_ce: 0.0133  aux.acc_seg: 96.1733
2026/05/12 16:02:37 - mmengine - INFO - Iter(train) [38800/80000]  lr: 1.8137e-05  eta: 1:28:01  time: 0.1226  data_time: 0.0090  memory: 4174  grad_norm: 0.4836  loss: 0.0360  decode.loss_ce: 0.0248  decode.acc_seg: 98.6233  aux.loss_ce: 0.0112  aux.acc_seg: 98.5526
2026/05/12 16:03:01 - mmengine - INFO - Exp name: new_weijie_ddhr_1xb4_80k_1e-3_dp10_ld90_20260512_142826
2026/05/12 16:03:01 - mmengine - INFO - Iter(train) [39000/80000]  lr: 1.8049e-05  eta: 1:27:33  time: 0.1240  data_time: 0.0090  memory: 4174  grad_norm: 0.3108  loss: 0.0249  decode.loss_ce: 0.0178  decode.acc_seg: 98.5887  aux.loss_ce: 0.0071  aux.acc_seg: 98.5146
2026/05/12 16:03:01 - mmengine - INFO - Saving checkpoint at 39000 iterations
2026/05/12 16:03:29 - mmengine - INFO - Iter(train) [39200/80000]  lr: 1.7961e-05  eta: 1:27:10  time: 0.1227  data_time: 0.0091  memory: 4174  grad_norm: 1.5858  loss: 0.0565  decode.loss_ce: 0.0397  decode.acc_seg: 92.5723  aux.loss_ce: 0.0168  aux.acc_seg: 93.4355
2026/05/12 16:03:53 - mmengine - INFO - Iter(train) [39400/80000]  lr: 1.7873e-05  eta: 1:26:43  time: 0.1179  data_time: 0.0090  memory: 4174  grad_norm: 0.6748  loss: 0.0388  decode.loss_ce: 0.0276  decode.acc_seg: 95.3745  aux.loss_ce: 0.0112  aux.acc_seg: 95.9455
2026/05/12 16:04:18 - mmengine - INFO - Iter(train) [39600/80000]  lr: 1.7785e-05  eta: 1:26:16  time: 0.1231  data_time: 0.0100  memory: 4174  grad_norm: 0.4476  loss: 0.0359  decode.loss_ce: 0.0253  decode.acc_seg: 98.6932  aux.loss_ce: 0.0106  aux.acc_seg: 98.5520
2026/05/12 16:04:42 - mmengine - INFO - Iter(train) [39800/80000]  lr: 1.7697e-05  eta: 1:25:49  time: 0.1211  data_time: 0.0089  memory: 4174  grad_norm: 0.5229  loss: 0.0438  decode.loss_ce: 0.0317  decode.acc_seg: 97.3259  aux.loss_ce: 0.0121  aux.acc_seg: 96.9612
2026/05/12 16:05:06 - mmengine - INFO - Exp name: new_weijie_ddhr_1xb4_80k_1e-3_dp10_ld90_20260512_142826
2026/05/12 16:05:06 - mmengine - INFO - Iter(train) [40000/80000]  lr: 1.7609e-05  eta: 1:25:22  time: 0.1214  data_time: 0.0095  memory: 4174  grad_norm: 0.4691  loss: 0.0350  decode.loss_ce: 0.0250  decode.acc_seg: 97.1129  aux.loss_ce: 0.0101  aux.acc_seg: 96.7698
2026/05/12 16:05:06 - mmengine - INFO - Saving checkpoint at 40000 iterations
2026/05/12 16:05:16 - mmengine - INFO - Iter(val) [ 200/3086]    eta: 0:01:12  time: 0.0258  data_time: 0.0017  memory: 2000  
2026/05/12 16:05:21 - mmengine - INFO - Iter(val) [ 400/3086]    eta: 0:01:03  time: 0.0233  data_time: 0.0017  memory: 2000  
2026/05/12 16:05:25 - mmengine - INFO - Iter(val) [ 600/3086]    eta: 0:00:56  time: 0.0183  data_time: 0.0016  memory: 2000  
2026/05/12 16:05:28 - mmengine - INFO - Iter(val) [ 800/3086]    eta: 0:00:48  time: 0.0183  data_time: 0.0014  memory: 2000  
2026/05/12 16:05:32 - mmengine - INFO - Iter(val) [1000/3086]    eta: 0:00:43  time: 0.0187  data_time: 0.0015  memory: 2000  
2026/05/12 16:05:36 - mmengine - INFO - Iter(val) [1200/3086]    eta: 0:00:38  time: 0.0178  data_time: 0.0015  memory: 2000  
2026/05/12 16:05:39 - mmengine - INFO - Iter(val) [1400/3086]    eta: 0:00:33  time: 0.0178  data_time: 0.0015  memory: 2000  
2026/05/12 16:05:43 - mmengine - INFO - Iter(val) [1600/3086]    eta: 0:00:29  time: 0.0178  data_time: 0.0014  memory: 2000  
2026/05/12 16:05:46 - mmengine - INFO - Iter(val) [1800/3086]    eta: 0:00:25  time: 0.0179  data_time: 0.0015  memory: 2000  
2026/05/12 16:05:50 - mmengine - INFO - Iter(val) [2000/3086]    eta: 0:00:21  time: 0.0180  data_time: 0.0013  memory: 2000  
2026/05/12 16:05:54 - mmengine - INFO - Iter(val) [2200/3086]    eta: 0:00:17  time: 0.0180  data_time: 0.0014  memory: 2000  
2026/05/12 16:05:57 - mmengine - INFO - Iter(val) [2400/3086]    eta: 0:00:13  time: 0.0181  data_time: 0.0014  memory: 2000  
2026/05/12 16:06:01 - mmengine - INFO - Iter(val) [2600/3086]    eta: 0:00:09  time: 0.0178  data_time: 0.0012  memory: 2000  
2026/05/12 16:06:05 - mmengine - INFO - Iter(val) [2800/3086]    eta: 0:00:05  time: 0.0184  data_time: 0.0011  memory: 2000  
2026/05/12 16:06:09 - mmengine - INFO - Iter(val) [3000/3086]    eta: 0:00:01  time: 0.0186  data_time: 0.0014  memory: 2000  
2026/05/12 16:06:11 - mmengine - INFO - per class results:
2026/05/12 16:06:11 - mmengine - INFO - 
+----------+-------+-------+--------+-----------+--------+
|  Class   |  IoU  |  Acc  | Fscore | Precision | Recall |
+----------+-------+-------+--------+-----------+--------+
| Building | 89.24 | 95.18 | 94.31  |   93.46   | 95.18  |
|   Road   | 54.45 | 65.09 | 70.51  |   76.92   | 65.09  |
| Greenery | 80.66 | 88.05 |  89.3  |   90.58   | 88.05  |
|  Water   | 97.73 | 98.56 | 98.85  |   99.15   | 98.56  |
| Farmland |  76.2 | 89.08 | 86.49  |   84.04   | 89.08  |
+----------+-------+-------+--------+-----------+--------+
2026/05/12 16:06:11 - mmengine - INFO - Iter(val) [3086/3086]  aAcc: 91.6700  mIoU: 79.6600  mAcc: 87.1900  mFscore: 87.8900  mPrecision: 88.8300  mRecall: 87.1900  Kappa: 56.1500  data_time: 0.0014  time: 0.0185
2026/05/12 16:06:11 - mmengine - INFO - The previous best checkpoint /root/det/work_dirs/new_weijie_ddhr_1xb4_80k_1e-3_dp10_ld90/best_aAcc_iter_36000.pth is removed
2026/05/12 16:06:12 - mmengine - INFO - The best checkpoint with 91.6700 aAcc at 40000 iter is saved to best_aAcc_iter_40000.pth.
2026/05/12 16:06:37 - mmengine - INFO - Iter(train) [40200/80000]  lr: 1.7521e-05  eta: 1:24:57  time: 0.1248  data_time: 0.0091  memory: 4174  grad_norm: 0.8135  loss: 0.0387  decode.loss_ce: 0.0272  decode.acc_seg: 97.2315  aux.loss_ce: 0.0115  aux.acc_seg: 97.4480
2026/05/12 16:07:01 - mmengine - INFO - Iter(train) [40400/80000]  lr: 1.7433e-05  eta: 1:24:30  time: 0.1214  data_time: 0.0090  memory: 4174  grad_norm: 0.6399  loss: 0.0442  decode.loss_ce: 0.0313  decode.acc_seg: 93.1333  aux.loss_ce: 0.0130  aux.acc_seg: 92.8183
2026/05/12 16:07:25 - mmengine - INFO - Iter(train) [40600/80000]  lr: 1.7345e-05  eta: 1:24:03  time: 0.1215  data_time: 0.0090  memory: 4174  grad_norm: 0.5077  loss: 0.0478  decode.loss_ce: 0.0336  decode.acc_seg: 97.0992  aux.loss_ce: 0.0142  aux.acc_seg: 97.1268
2026/05/12 16:07:49 - mmengine - INFO - Iter(train) [40800/80000]  lr: 1.7257e-05  eta: 1:23:36  time: 0.1194  data_time: 0.0087  memory: 4174  grad_norm: 0.3633  loss: 0.0318  decode.loss_ce: 0.0222  decode.acc_seg: 97.9639  aux.loss_ce: 0.0096  aux.acc_seg: 97.9060
2026/05/12 16:08:13 - mmengine - INFO - Exp name: new_weijie_ddhr_1xb4_80k_1e-3_dp10_ld90_20260512_142826
2026/05/12 16:08:13 - mmengine - INFO - Iter(train) [41000/80000]  lr: 1.7169e-05  eta: 1:23:09  time: 0.1202  data_time: 0.0090  memory: 4174  grad_norm: 0.5006  loss: 0.0401  decode.loss_ce: 0.0288  decode.acc_seg: 97.1476  aux.loss_ce: 0.0114  aux.acc_seg: 97.0894
2026/05/12 16:08:13 - mmengine - INFO - Saving checkpoint at 41000 iterations
2026/05/12 16:08:41 - mmengine - INFO - Iter(train) [41200/80000]  lr: 1.7081e-05  eta: 1:22:45  time: 0.1389  data_time: 0.0107  memory: 4174  grad_norm: 0.4484  loss: 0.0420  decode.loss_ce: 0.0293  decode.acc_seg: 92.4099  aux.loss_ce: 0.0127  aux.acc_seg: 92.3981
2026/05/12 16:09:05 - mmengine - INFO - Iter(train) [41400/80000]  lr: 1.6993e-05  eta: 1:22:18  time: 0.1199  data_time: 0.0089  memory: 4174  grad_norm: 0.6876  loss: 0.0511  decode.loss_ce: 0.0356  decode.acc_seg: 97.5993  aux.loss_ce: 0.0154  aux.acc_seg: 97.2828
2026/05/12 16:09:30 - mmengine - INFO - Iter(train) [41600/80000]  lr: 1.6905e-05  eta: 1:21:52  time: 0.1186  data_time: 0.0084  memory: 4174  grad_norm: 0.3923  loss: 0.0284  decode.loss_ce: 0.0198  decode.acc_seg: 99.9676  aux.loss_ce: 0.0086  aux.acc_seg: 99.9773
2026/05/12 16:09:54 - mmengine - INFO - Iter(train) [41800/80000]  lr: 1.6816e-05  eta: 1:21:25  time: 0.1251  data_time: 0.0101  memory: 4174  grad_norm: 0.2976  loss: 0.0186  decode.loss_ce: 0.0130  decode.acc_seg: 98.9212  aux.loss_ce: 0.0056  aux.acc_seg: 98.8844
2026/05/12 16:10:19 - mmengine - INFO - Exp name: new_weijie_ddhr_1xb4_80k_1e-3_dp10_ld90_20260512_142826
2026/05/12 16:10:19 - mmengine - INFO - Iter(train) [42000/80000]  lr: 1.6728e-05  eta: 1:20:59  time: 0.1197  data_time: 0.0089  memory: 4174  grad_norm: 0.4572  loss: 0.0403  decode.loss_ce: 0.0288  decode.acc_seg: 98.4930  aux.loss_ce: 0.0115  aux.acc_seg: 98.5118
2026/05/12 16:10:19 - mmengine - INFO - Saving checkpoint at 42000 iterations
2026/05/12 16:10:48 - mmengine - INFO - Iter(train) [42200/80000]  lr: 1.6640e-05  eta: 1:20:36  time: 0.1242  data_time: 0.0091  memory: 4174  grad_norm: 0.5421  loss: 0.0492  decode.loss_ce: 0.0349  decode.acc_seg: 96.6536  aux.loss_ce: 0.0143  aux.acc_seg: 96.6060
2026/05/12 16:11:12 - mmengine - INFO - Iter(train) [42400/80000]  lr: 1.6552e-05  eta: 1:20:10  time: 0.1205  data_time: 0.0089  memory: 4174  grad_norm: 0.4365  loss: 0.0353  decode.loss_ce: 0.0249  decode.acc_seg: 96.3705  aux.loss_ce: 0.0103  aux.acc_seg: 96.5175
2026/05/12 16:11:37 - mmengine - INFO - Iter(train) [42600/80000]  lr: 1.6464e-05  eta: 1:19:43  time: 0.1220  data_time: 0.0093  memory: 4174  grad_norm: 0.5319  loss: 0.0493  decode.loss_ce: 0.0348  decode.acc_seg: 96.0936  aux.loss_ce: 0.0145  aux.acc_seg: 95.7991
2026/05/12 16:12:01 - mmengine - INFO - Iter(train) [42800/80000]  lr: 1.6376e-05  eta: 1:19:16  time: 0.1264  data_time: 0.0093  memory: 4174  grad_norm: 0.6062  loss: 0.0565  decode.loss_ce: 0.0403  decode.acc_seg: 96.9431  aux.loss_ce: 0.0163  aux.acc_seg: 96.7510
2026/05/12 16:12:26 - mmengine - INFO - Exp name: new_weijie_ddhr_1xb4_80k_1e-3_dp10_ld90_20260512_142826
2026/05/12 16:12:26 - mmengine - INFO - Iter(train) [43000/80000]  lr: 1.6288e-05  eta: 1:18:50  time: 0.1201  data_time: 0.0090  memory: 4174  grad_norm: 0.3890  loss: 0.0354  decode.loss_ce: 0.0252  decode.acc_seg: 98.4870  aux.loss_ce: 0.0102  aux.acc_seg: 98.5131
2026/05/12 16:12:26 - mmengine - INFO - Saving checkpoint at 43000 iterations
2026/05/12 16:12:55 - mmengine - INFO - Iter(train) [43200/80000]  lr: 1.6200e-05  eta: 1:18:28  time: 0.1277  data_time: 0.0099  memory: 4174  grad_norm: 0.4806  loss: 0.0567  decode.loss_ce: 0.0405  decode.acc_seg: 96.8668  aux.loss_ce: 0.0161  aux.acc_seg: 96.7222
2026/05/12 16:13:20 - mmengine - INFO - Iter(train) [43400/80000]  lr: 1.6112e-05  eta: 1:18:01  time: 0.1218  data_time: 0.0098  memory: 4174  grad_norm: inf  loss: 0.1333  decode.loss_ce: 0.0948  decode.acc_seg: 97.0745  aux.loss_ce: 0.0385  aux.acc_seg: 97.0188
2026/05/12 16:13:45 - mmengine - INFO - Iter(train) [43600/80000]  lr: 1.6024e-05  eta: 1:17:35  time: 0.1229  data_time: 0.0097  memory: 4174  grad_norm: 0.5147  loss: 0.0425  decode.loss_ce: 0.0301  decode.acc_seg: 96.6085  aux.loss_ce: 0.0124  aux.acc_seg: 96.2629
2026/05/12 16:14:09 - mmengine - INFO - Iter(train) [43800/80000]  lr: 1.5936e-05  eta: 1:17:08  time: 0.1207  data_time: 0.0092  memory: 4174  grad_norm: 0.8608  loss: 0.0356  decode.loss_ce: 0.0256  decode.acc_seg: 98.5811  aux.loss_ce: 0.0100  aux.acc_seg: 98.8135
2026/05/12 16:14:33 - mmengine - INFO - Exp name: new_weijie_ddhr_1xb4_80k_1e-3_dp10_ld90_20260512_142826
2026/05/12 16:14:33 - mmengine - INFO - Iter(train) [44000/80000]  lr: 1.5848e-05  eta: 1:16:42  time: 0.1234  data_time: 0.0090  memory: 4174  grad_norm: 0.4204  loss: 0.0324  decode.loss_ce: 0.0228  decode.acc_seg: 98.7917  aux.loss_ce: 0.0096  aux.acc_seg: 98.7762
2026/05/12 16:14:33 - mmengine - INFO - Saving checkpoint at 44000 iterations
2026/05/12 16:14:43 - mmengine - INFO - Iter(val) [ 200/3086]    eta: 0:01:12  time: 0.0259  data_time: 0.0019  memory: 2000  
2026/05/12 16:14:47 - mmengine - INFO - Iter(val) [ 400/3086]    eta: 0:00:59  time: 0.0182  data_time: 0.0014  memory: 2000  
2026/05/12 16:14:51 - mmengine - INFO - Iter(val) [ 600/3086]    eta: 0:00:53  time: 0.0190  data_time: 0.0016  memory: 2000  
2026/05/12 16:14:55 - mmengine - INFO - Iter(val) [ 800/3086]    eta: 0:00:47  time: 0.0202  data_time: 0.0015  memory: 2000  
2026/05/12 16:14:58 - mmengine - INFO - Iter(val) [1000/3086]    eta: 0:00:42  time: 0.0189  data_time: 0.0016  memory: 2000  
2026/05/12 16:15:02 - mmengine - INFO - Iter(val) [1200/3086]    eta: 0:00:38  time: 0.0183  data_time: 0.0015  memory: 2000  
2026/05/12 16:15:06 - mmengine - INFO - Iter(val) [1400/3086]    eta: 0:00:34  time: 0.0182  data_time: 0.0015  memory: 2000  
2026/05/12 16:15:11 - mmengine - INFO - Iter(val) [1600/3086]    eta: 0:00:30  time: 0.0249  data_time: 0.0018  memory: 2000  
2026/05/12 16:15:15 - mmengine - INFO - Iter(val) [1800/3086]    eta: 0:00:26  time: 0.0246  data_time: 0.0020  memory: 2000  
2026/05/12 16:15:20 - mmengine - INFO - Iter(val) [2000/3086]    eta: 0:00:22  time: 0.0251  data_time: 0.0019  memory: 2000  
2026/05/12 16:15:25 - mmengine - INFO - Iter(val) [2200/3086]    eta: 0:00:18  time: 0.0248  data_time: 0.0016  memory: 2000  
2026/05/12 16:15:30 - mmengine - INFO - Iter(val) [2400/3086]    eta: 0:00:14  time: 0.0195  data_time: 0.0016  memory: 2000  
2026/05/12 16:15:33 - mmengine - INFO - Iter(val) [2600/3086]    eta: 0:00:10  time: 0.0187  data_time: 0.0015  memory: 2000  
2026/05/12 16:15:38 - mmengine - INFO - Iter(val) [2800/3086]    eta: 0:00:06  time: 0.0255  data_time: 0.0018  memory: 2000  
2026/05/12 16:15:43 - mmengine - INFO - Iter(val) [3000/3086]    eta: 0:00:01  time: 0.0250  data_time: 0.0017  memory: 2000  
2026/05/12 16:15:45 - mmengine - INFO - per class results:
2026/05/12 16:15:45 - mmengine - INFO - 
+----------+-------+-------+--------+-----------+--------+
|  Class   |  IoU  |  Acc  | Fscore | Precision | Recall |
+----------+-------+-------+--------+-----------+--------+
| Building | 88.94 | 93.93 | 94.15  |   94.37   | 93.93  |
|   Road   | 54.48 | 64.22 | 70.53  |   78.21   | 64.22  |
| Greenery | 81.05 |  90.0 | 89.54  |   89.08   |  90.0  |
|  Water   | 97.47 | 98.44 | 98.72  |    99.0   | 98.44  |
| Farmland | 76.08 | 89.79 | 86.41  |   83.28   | 89.79  |
+----------+-------+-------+--------+-----------+--------+
2026/05/12 16:15:45 - mmengine - INFO - Iter(val) [3086/3086]  aAcc: 91.6100  mIoU: 79.6000  mAcc: 87.2800  mFscore: 87.8700  mPrecision: 88.7900  mRecall: 87.2800  Kappa: 56.5500  data_time: 0.0017  time: 0.0260
2026/05/12 16:16:10 - mmengine - INFO - Iter(train) [44200/80000]  lr: 1.5760e-05  eta: 1:16:16  time: 0.1192  data_time: 0.0086  memory: 4174  grad_norm: 0.4424  loss: 0.0387  decode.loss_ce: 0.0271  decode.acc_seg: 98.3185  aux.loss_ce: 0.0116  aux.acc_seg: 98.4322
2026/05/12 16:16:34 - mmengine - INFO - Iter(train) [44400/80000]  lr: 1.5672e-05  eta: 1:15:49  time: 0.1206  data_time: 0.0084  memory: 4174  grad_norm: 0.5552  loss: 0.0378  decode.loss_ce: 0.0269  decode.acc_seg: 97.1700  aux.loss_ce: 0.0108  aux.acc_seg: 97.1798
2026/05/12 16:16:57 - mmengine - INFO - Iter(train) [44600/80000]  lr: 1.5584e-05  eta: 1:15:22  time: 0.1165  data_time: 0.0092  memory: 4174  grad_norm: 0.4511  loss: 0.0471  decode.loss_ce: 0.0330  decode.acc_seg: 99.6087  aux.loss_ce: 0.0141  aux.acc_seg: 99.5915
2026/05/12 16:17:22 - mmengine - INFO - Iter(train) [44800/80000]  lr: 1.5496e-05  eta: 1:14:55  time: 0.1230  data_time: 0.0093  memory: 4174  grad_norm: 0.3686  loss: 0.0369  decode.loss_ce: 0.0261  decode.acc_seg: 98.5575  aux.loss_ce: 0.0108  aux.acc_seg: 98.6400
2026/05/12 16:17:44 - mmengine - INFO - Exp name: new_weijie_ddhr_1xb4_80k_1e-3_dp10_ld90_20260512_142826
2026/05/12 16:17:44 - mmengine - INFO - Iter(train) [45000/80000]  lr: 1.5408e-05  eta: 1:14:27  time: 0.1053  data_time: 0.0074  memory: 4174  grad_norm: 0.3131  loss: 0.0310  decode.loss_ce: 0.0218  decode.acc_seg: 97.1211  aux.loss_ce: 0.0093  aux.acc_seg: 97.2307
2026/05/12 16:17:44 - mmengine - INFO - Saving checkpoint at 45000 iterations
2026/05/12 16:18:13 - mmengine - INFO - Iter(train) [45200/80000]  lr: 1.5320e-05  eta: 1:14:04  time: 0.1208  data_time: 0.0099  memory: 4174  grad_norm: 0.3403  loss: 0.0279  decode.loss_ce: 0.0194  decode.acc_seg: 98.1627  aux.loss_ce: 0.0085  aux.acc_seg: 97.4230
2026/05/12 16:18:37 - mmengine - INFO - Iter(train) [45400/80000]  lr: 1.5232e-05  eta: 1:13:38  time: 0.1215  data_time: 0.0093  memory: 4174  grad_norm: 0.5213  loss: 0.0297  decode.loss_ce: 0.0209  decode.acc_seg: 95.0150  aux.loss_ce: 0.0088  aux.acc_seg: 95.4307
2026/05/12 16:19:02 - mmengine - INFO - Iter(train) [45600/80000]  lr: 1.5144e-05  eta: 1:13:11  time: 0.1203  data_time: 0.0090  memory: 4174  grad_norm: 0.4366  loss: 0.0333  decode.loss_ce: 0.0232  decode.acc_seg: 94.7819  aux.loss_ce: 0.0102  aux.acc_seg: 95.0980
2026/05/12 16:19:26 - mmengine - INFO - Iter(train) [45800/80000]  lr: 1.5056e-05  eta: 1:12:45  time: 0.1219  data_time: 0.0092  memory: 4174  grad_norm: 0.4145  loss: 0.0453  decode.loss_ce: 0.0315  decode.acc_seg: 97.6371  aux.loss_ce: 0.0139  aux.acc_seg: 96.7499
2026/05/12 16:19:50 - mmengine - INFO - Exp name: new_weijie_ddhr_1xb4_80k_1e-3_dp10_ld90_20260512_142826
2026/05/12 16:19:50 - mmengine - INFO - Iter(train) [46000/80000]  lr: 1.4968e-05  eta: 1:12:19  time: 0.1204  data_time: 0.0088  memory: 4174  grad_norm: 0.4051  loss: 0.0384  decode.loss_ce: 0.0269  decode.acc_seg: 96.4671  aux.loss_ce: 0.0115  aux.acc_seg: 96.6000
2026/05/12 16:19:50 - mmengine - INFO - Saving checkpoint at 46000 iterations
2026/05/12 16:20:20 - mmengine - INFO - Iter(train) [46200/80000]  lr: 1.4879e-05  eta: 1:11:56  time: 0.1198  data_time: 0.0096  memory: 4174  grad_norm: 0.4580  loss: 0.0317  decode.loss_ce: 0.0223  decode.acc_seg: 97.7918  aux.loss_ce: 0.0094  aux.acc_seg: 97.6051
2026/05/12 16:20:44 - mmengine - INFO - Iter(train) [46400/80000]  lr: 1.4791e-05  eta: 1:11:29  time: 0.1228  data_time: 0.0093  memory: 4174  grad_norm: 0.4004  loss: 0.0365  decode.loss_ce: 0.0257  decode.acc_seg: 94.4027  aux.loss_ce: 0.0107  aux.acc_seg: 93.2513
2026/05/12 16:21:09 - mmengine - INFO - Iter(train) [46600/80000]  lr: 1.4703e-05  eta: 1:11:03  time: 0.1221  data_time: 0.0093  memory: 4174  grad_norm: 0.4962  loss: 0.0300  decode.loss_ce: 0.0209  decode.acc_seg: 100.0000  aux.loss_ce: 0.0091  aux.acc_seg: 99.9994
2026/05/12 16:21:34 - mmengine - INFO - Iter(train) [46800/80000]  lr: 1.4615e-05  eta: 1:10:37  time: 0.1233  data_time: 0.0093  memory: 4174  grad_norm: 0.5154  loss: 0.0379  decode.loss_ce: 0.0268  decode.acc_seg: 97.1964  aux.loss_ce: 0.0112  aux.acc_seg: 97.4491
2026/05/12 16:21:58 - mmengine - INFO - Exp name: new_weijie_ddhr_1xb4_80k_1e-3_dp10_ld90_20260512_142826
2026/05/12 16:21:58 - mmengine - INFO - Iter(train) [47000/80000]  lr: 1.4527e-05  eta: 1:10:11  time: 0.1270  data_time: 0.0091  memory: 4174  grad_norm: 1.0945  loss: 0.0466  decode.loss_ce: 0.0335  decode.acc_seg: 94.7993  aux.loss_ce: 0.0132  aux.acc_seg: 95.2413
2026/05/12 16:21:58 - mmengine - INFO - Saving checkpoint at 47000 iterations
2026/05/12 16:22:27 - mmengine - INFO - Iter(train) [47200/80000]  lr: 1.4439e-05  eta: 1:09:48  time: 0.1241  data_time: 0.0094  memory: 4174  grad_norm: 0.2133  loss: 0.0235  decode.loss_ce: 0.0165  decode.acc_seg: 99.5711  aux.loss_ce: 0.0070  aux.acc_seg: 99.5451
2026/05/12 16:22:52 - mmengine - INFO - Iter(train) [47400/80000]  lr: 1.4351e-05  eta: 1:09:22  time: 0.1215  data_time: 0.0092  memory: 4174  grad_norm: 0.2926  loss: 0.0299  decode.loss_ce: 0.0203  decode.acc_seg: 97.2042  aux.loss_ce: 0.0096  aux.acc_seg: 96.6354
2026/05/12 16:23:15 - mmengine - INFO - Iter(train) [47600/80000]  lr: 1.4263e-05  eta: 1:08:55  time: 0.1178  data_time: 0.0094  memory: 4174  grad_norm: 0.4962  loss: 0.0408  decode.loss_ce: 0.0286  decode.acc_seg: 94.6185  aux.loss_ce: 0.0122  aux.acc_seg: 94.1429
2026/05/12 16:23:39 - mmengine - INFO - Iter(train) [47800/80000]  lr: 1.4175e-05  eta: 1:08:28  time: 0.1227  data_time: 0.0092  memory: 4174  grad_norm: 0.3820  loss: 0.0319  decode.loss_ce: 0.0225  decode.acc_seg: 98.7871  aux.loss_ce: 0.0093  aux.acc_seg: 98.4280
2026/05/12 16:24:04 - mmengine - INFO - Exp name: new_weijie_ddhr_1xb4_80k_1e-3_dp10_ld90_20260512_142826
2026/05/12 16:24:04 - mmengine - INFO - Iter(train) [48000/80000]  lr: 1.4087e-05  eta: 1:08:02  time: 0.1196  data_time: 0.0092  memory: 4174  grad_norm: 0.3828  loss: 0.0314  decode.loss_ce: 0.0219  decode.acc_seg: 95.5651  aux.loss_ce: 0.0095  aux.acc_seg: 95.1286
2026/05/12 16:24:04 - mmengine - INFO - Saving checkpoint at 48000 iterations
2026/05/12 16:24:15 - mmengine - INFO - Iter(val) [ 200/3086]    eta: 0:01:17  time: 0.0256  data_time: 0.0019  memory: 2000  
2026/05/12 16:24:20 - mmengine - INFO - Iter(val) [ 400/3086]    eta: 0:01:09  time: 0.0241  data_time: 0.0021  memory: 2000  
2026/05/12 16:24:25 - mmengine - INFO - Iter(val) [ 600/3086]    eta: 0:01:01  time: 0.0239  data_time: 0.0018  memory: 2000  
2026/05/12 16:24:29 - mmengine - INFO - Iter(val) [ 800/3086]    eta: 0:00:54  time: 0.0188  data_time: 0.0014  memory: 2000  
2026/05/12 16:24:33 - mmengine - INFO - Iter(val) [1000/3086]    eta: 0:00:47  time: 0.0196  data_time: 0.0015  memory: 2000  
2026/05/12 16:24:37 - mmengine - INFO - Iter(val) [1200/3086]    eta: 0:00:41  time: 0.0182  data_time: 0.0015  memory: 2000  
2026/05/12 16:24:40 - mmengine - INFO - Iter(val) [1400/3086]    eta: 0:00:36  time: 0.0246  data_time: 0.0017  memory: 2000  
2026/05/12 16:24:45 - mmengine - INFO - Iter(val) [1600/3086]    eta: 0:00:32  time: 0.0190  data_time: 0.0016  memory: 2000  
2026/05/12 16:24:50 - mmengine - INFO - Iter(val) [1800/3086]    eta: 0:00:28  time: 0.0187  data_time: 0.0014  memory: 2000  
2026/05/12 16:24:54 - mmengine - INFO - Iter(val) [2000/3086]    eta: 0:00:23  time: 0.0196  data_time: 0.0013  memory: 2000  
2026/05/12 16:24:58 - mmengine - INFO - Iter(val) [2200/3086]    eta: 0:00:19  time: 0.0190  data_time: 0.0015  memory: 2000  
2026/05/12 16:25:02 - mmengine - INFO - Iter(val) [2400/3086]    eta: 0:00:14  time: 0.0194  data_time: 0.0014  memory: 2000  
2026/05/12 16:25:05 - mmengine - INFO - Iter(val) [2600/3086]    eta: 0:00:10  time: 0.0190  data_time: 0.0016  memory: 2000  
2026/05/12 16:25:09 - mmengine - INFO - Iter(val) [2800/3086]    eta: 0:00:06  time: 0.0188  data_time: 0.0016  memory: 2000  
2026/05/12 16:25:13 - mmengine - INFO - Iter(val) [3000/3086]    eta: 0:00:01  time: 0.0187  data_time: 0.0015  memory: 2000  
2026/05/12 16:25:15 - mmengine - INFO - per class results:
2026/05/12 16:25:15 - mmengine - INFO - 
+----------+-------+-------+--------+-----------+--------+
|  Class   |  IoU  |  Acc  | Fscore | Precision | Recall |
+----------+-------+-------+--------+-----------+--------+
| Building | 89.57 | 94.26 |  94.5  |   94.73   | 94.26  |
|   Road   | 55.71 | 70.84 | 71.56  |    72.3   | 70.84  |
| Greenery | 81.87 | 88.32 | 90.03  |   91.81   | 88.32  |
|  Water   | 97.61 |  98.8 | 98.79  |   98.78   |  98.8  |
| Farmland | 76.03 | 90.75 | 86.38  |   82.41   | 90.75  |
+----------+-------+-------+--------+-----------+--------+
2026/05/12 16:25:15 - mmengine - INFO - Iter(val) [3086/3086]  aAcc: 91.8600  mIoU: 80.1600  mAcc: 88.6000  mFscore: 88.2500  mPrecision: 88.0100  mRecall: 88.6000  Kappa: 57.7100  data_time: 0.0019  time: 0.0271
2026/05/12 16:25:15 - mmengine - INFO - The previous best checkpoint /root/det/work_dirs/new_weijie_ddhr_1xb4_80k_1e-3_dp10_ld90/best_aAcc_iter_40000.pth is removed
2026/05/12 16:25:18 - mmengine - INFO - The best checkpoint with 91.8600 aAcc at 48000 iter is saved to best_aAcc_iter_48000.pth.
2026/05/12 16:25:42 - mmengine - INFO - Iter(train) [48200/80000]  lr: 1.3999e-05  eta: 1:07:38  time: 0.1200  data_time: 0.0091  memory: 4174  grad_norm: 0.4960  loss: 0.0460  decode.loss_ce: 0.0323  decode.acc_seg: 97.0960  aux.loss_ce: 0.0137  aux.acc_seg: 96.7991
2026/05/12 16:26:07 - mmengine - INFO - Iter(train) [48400/80000]  lr: 1.3911e-05  eta: 1:07:11  time: 0.1222  data_time: 0.0096  memory: 4174  grad_norm: 0.4005  loss: 0.0436  decode.loss_ce: 0.0304  decode.acc_seg: 98.3103  aux.loss_ce: 0.0132  aux.acc_seg: 98.1842
2026/05/12 16:26:31 - mmengine - INFO - Iter(train) [48600/80000]  lr: 1.3823e-05  eta: 1:06:45  time: 0.1280  data_time: 0.0094  memory: 4174  grad_norm: 0.3819  loss: 0.0343  decode.loss_ce: 0.0242  decode.acc_seg: 99.5449  aux.loss_ce: 0.0102  aux.acc_seg: 99.5893
2026/05/12 16:26:56 - mmengine - INFO - Iter(train) [48800/80000]  lr: 1.3735e-05  eta: 1:06:19  time: 0.1209  data_time: 0.0091  memory: 4174  grad_norm: 1.2400  loss: 0.0491  decode.loss_ce: 0.0344  decode.acc_seg: 96.3910  aux.loss_ce: 0.0148  aux.acc_seg: 96.3649
2026/05/12 16:27:20 - mmengine - INFO - Exp name: new_weijie_ddhr_1xb4_80k_1e-3_dp10_ld90_20260512_142826
2026/05/12 16:27:20 - mmengine - INFO - Iter(train) [49000/80000]  lr: 1.3647e-05  eta: 1:05:53  time: 0.1233  data_time: 0.0094  memory: 4174  grad_norm: 0.4654  loss: 0.0334  decode.loss_ce: 0.0234  decode.acc_seg: 97.2985  aux.loss_ce: 0.0100  aux.acc_seg: 96.4404
2026/05/12 16:27:20 - mmengine - INFO - Saving checkpoint at 49000 iterations
2026/05/12 16:27:47 - mmengine - INFO - Iter(train) [49200/80000]  lr: 1.3559e-05  eta: 1:05:28  time: 0.1228  data_time: 0.0091  memory: 4174  grad_norm: 0.3103  loss: 0.0298  decode.loss_ce: 0.0207  decode.acc_seg: 97.7294  aux.loss_ce: 0.0091  aux.acc_seg: 97.6051
2026/05/12 16:28:12 - mmengine - INFO - Iter(train) [49400/80000]  lr: 1.3471e-05  eta: 1:05:02  time: 0.1233  data_time: 0.0092  memory: 4174  grad_norm: 0.5350  loss: 0.0337  decode.loss_ce: 0.0236  decode.acc_seg: 98.3604  aux.loss_ce: 0.0100  aux.acc_seg: 98.6480
2026/05/12 16:28:36 - mmengine - INFO - Iter(train) [49600/80000]  lr: 1.3383e-05  eta: 1:04:36  time: 0.1239  data_time: 0.0101  memory: 4174  grad_norm: 0.3589  loss: 0.0305  decode.loss_ce: 0.0210  decode.acc_seg: 95.0001  aux.loss_ce: 0.0095  aux.acc_seg: 94.4134
2026/05/12 16:29:00 - mmengine - INFO - Iter(train) [49800/80000]  lr: 1.3295e-05  eta: 1:04:09  time: 0.1129  data_time: 0.0077  memory: 4174  grad_norm: 0.3492  loss: 0.0233  decode.loss_ce: 0.0165  decode.acc_seg: 98.2011  aux.loss_ce: 0.0068  aux.acc_seg: 97.9396
2026/05/12 16:29:25 - mmengine - INFO - Exp name: new_weijie_ddhr_1xb4_80k_1e-3_dp10_ld90_20260512_142826
2026/05/12 16:29:25 - mmengine - INFO - Iter(train) [50000/80000]  lr: 1.3207e-05  eta: 1:03:43  time: 0.1293  data_time: 0.0092  memory: 4174  grad_norm: 0.5446  loss: 0.0262  decode.loss_ce: 0.0185  decode.acc_seg: 98.6577  aux.loss_ce: 0.0076  aux.acc_seg: 98.5249
2026/05/12 16:29:25 - mmengine - INFO - Saving checkpoint at 50000 iterations
2026/05/12 16:29:55 - mmengine - INFO - Iter(train) [50200/80000]  lr: 1.3119e-05  eta: 1:03:21  time: 0.1256  data_time: 0.0111  memory: 4174  grad_norm: 0.3116  loss: 0.0299  decode.loss_ce: 0.0210  decode.acc_seg: 98.0424  aux.loss_ce: 0.0089  aux.acc_seg: 97.4075
2026/05/12 16:30:19 - mmengine - INFO - Iter(train) [50400/80000]  lr: 1.3031e-05  eta: 1:02:55  time: 0.1222  data_time: 0.0103  memory: 4174  grad_norm: 0.3695  loss: 0.0300  decode.loss_ce: 0.0208  decode.acc_seg: 95.1198  aux.loss_ce: 0.0092  aux.acc_seg: 94.6458
2026/05/12 16:30:44 - mmengine - INFO - Iter(train) [50600/80000]  lr: 1.2943e-05  eta: 1:02:29  time: 0.1236  data_time: 0.0096  memory: 4174  grad_norm: 0.4105  loss: 0.0322  decode.loss_ce: 0.0221  decode.acc_seg: 97.3333  aux.loss_ce: 0.0102  aux.acc_seg: 97.4929
2026/05/12 16:31:09 - mmengine - INFO - Iter(train) [50800/80000]  lr: 1.2854e-05  eta: 1:02:02  time: 0.1245  data_time: 0.0092  memory: 4174  grad_norm: 0.5316  loss: 0.0451  decode.loss_ce: 0.0316  decode.acc_seg: 99.2873  aux.loss_ce: 0.0135  aux.acc_seg: 99.3954
2026/05/12 16:31:33 - mmengine - INFO - Exp name: new_weijie_ddhr_1xb4_80k_1e-3_dp10_ld90_20260512_142826
2026/05/12 16:31:33 - mmengine - INFO - Iter(train) [51000/80000]  lr: 1.2766e-05  eta: 1:01:36  time: 0.1210  data_time: 0.0091  memory: 4174  grad_norm: 0.4629  loss: 0.0356  decode.loss_ce: 0.0244  decode.acc_seg: 98.2078  aux.loss_ce: 0.0112  aux.acc_seg: 97.8496
2026/05/12 16:31:33 - mmengine - INFO - Saving checkpoint at 51000 iterations
2026/05/12 16:32:01 - mmengine - INFO - Iter(train) [51200/80000]  lr: 1.2678e-05  eta: 1:01:13  time: 0.1261  data_time: 0.0093  memory: 4174  grad_norm: 0.4356  loss: 0.0385  decode.loss_ce: 0.0268  decode.acc_seg: 99.8688  aux.loss_ce: 0.0117  aux.acc_seg: 99.8955
2026/05/12 16:32:26 - mmengine - INFO - Iter(train) [51400/80000]  lr: 1.2590e-05  eta: 1:00:47  time: 0.1244  data_time: 0.0093  memory: 4174  grad_norm: 0.2897  loss: 0.0193  decode.loss_ce: 0.0133  decode.acc_seg: 99.3355  aux.loss_ce: 0.0060  aux.acc_seg: 99.3759
2026/05/12 16:32:51 - mmengine - INFO - Iter(train) [51600/80000]  lr: 1.2502e-05  eta: 1:00:21  time: 0.1220  data_time: 0.0095  memory: 4174  grad_norm: 0.7451  loss: 0.0394  decode.loss_ce: 0.0273  decode.acc_seg: 96.7724  aux.loss_ce: 0.0121  aux.acc_seg: 96.6169
2026/05/12 16:33:16 - mmengine - INFO - Iter(train) [51800/80000]  lr: 1.2414e-05  eta: 0:59:55  time: 0.1234  data_time: 0.0097  memory: 4174  grad_norm: 0.4803  loss: 0.0329  decode.loss_ce: 0.0233  decode.acc_seg: 99.2824  aux.loss_ce: 0.0096  aux.acc_seg: 99.1322
2026/05/12 16:33:40 - mmengine - INFO - Exp name: new_weijie_ddhr_1xb4_80k_1e-3_dp10_ld90_20260512_142826
2026/05/12 16:33:40 - mmengine - INFO - Iter(train) [52000/80000]  lr: 1.2326e-05  eta: 0:59:29  time: 0.1222  data_time: 0.0093  memory: 4174  grad_norm: 0.4625  loss: 0.0341  decode.loss_ce: 0.0240  decode.acc_seg: 99.2778  aux.loss_ce: 0.0101  aux.acc_seg: 99.2498
2026/05/12 16:33:40 - mmengine - INFO - Saving checkpoint at 52000 iterations
2026/05/12 16:33:49 - mmengine - INFO - Iter(val) [ 200/3086]    eta: 0:00:55  time: 0.0195  data_time: 0.0016  memory: 2000  
2026/05/12 16:33:53 - mmengine - INFO - Iter(val) [ 400/3086]    eta: 0:00:51  time: 0.0238  data_time: 0.0019  memory: 2000  
2026/05/12 16:33:58 - mmengine - INFO - Iter(val) [ 600/3086]    eta: 0:00:51  time: 0.0238  data_time: 0.0019  memory: 2000  
2026/05/12 16:34:03 - mmengine - INFO - Iter(val) [ 800/3086]    eta: 0:00:48  time: 0.0190  data_time: 0.0016  memory: 2000  
2026/05/12 16:34:06 - mmengine - INFO - Iter(val) [1000/3086]    eta: 0:00:43  time: 0.0197  data_time: 0.0015  memory: 2000  
2026/05/12 16:34:10 - mmengine - INFO - Iter(val) [1200/3086]    eta: 0:00:38  time: 0.0181  data_time: 0.0016  memory: 2000  
2026/05/12 16:34:14 - mmengine - INFO - Iter(val) [1400/3086]    eta: 0:00:34  time: 0.0215  data_time: 0.0018  memory: 2000  
2026/05/12 16:34:19 - mmengine - INFO - Iter(val) [1600/3086]    eta: 0:00:31  time: 0.0251  data_time: 0.0019  memory: 2000  
2026/05/12 16:34:24 - mmengine - INFO - Iter(val) [1800/3086]    eta: 0:00:27  time: 0.0186  data_time: 0.0015  memory: 2000  
2026/05/12 16:34:28 - mmengine - INFO - Iter(val) [2000/3086]    eta: 0:00:22  time: 0.0255  data_time: 0.0022  memory: 2000  
2026/05/12 16:34:32 - mmengine - INFO - Iter(val) [2200/3086]    eta: 0:00:18  time: 0.0191  data_time: 0.0016  memory: 2000  
2026/05/12 16:34:36 - mmengine - INFO - Iter(val) [2400/3086]    eta: 0:00:14  time: 0.0181  data_time: 0.0015  memory: 2000  
2026/05/12 16:34:40 - mmengine - INFO - Iter(val) [2600/3086]    eta: 0:00:10  time: 0.0184  data_time: 0.0014  memory: 2000  
2026/05/12 16:34:44 - mmengine - INFO - Iter(val) [2800/3086]    eta: 0:00:05  time: 0.0180  data_time: 0.0014  memory: 2000  
2026/05/12 16:34:48 - mmengine - INFO - Iter(val) [3000/3086]    eta: 0:00:01  time: 0.0246  data_time: 0.0015  memory: 2000  
2026/05/12 16:34:51 - mmengine - INFO - per class results:
2026/05/12 16:34:51 - mmengine - INFO - 
+----------+-------+-------+--------+-----------+--------+
|  Class   |  IoU  |  Acc  | Fscore | Precision | Recall |
+----------+-------+-------+--------+-----------+--------+
| Building | 89.87 | 94.31 | 94.66  |   95.02   | 94.31  |
|   Road   | 57.95 | 70.96 | 73.38  |   75.97   | 70.96  |
| Greenery | 82.91 | 90.58 | 90.66  |   90.74   | 90.58  |
|  Water   | 97.95 | 98.59 | 98.97  |   99.35   | 98.59  |
| Farmland | 76.75 | 89.78 | 86.84  |   84.09   | 89.78  |
+----------+-------+-------+--------+-----------+--------+
2026/05/12 16:34:51 - mmengine - INFO - Iter(val) [3086/3086]  aAcc: 92.2800  mIoU: 81.0900  mAcc: 88.8400  mFscore: 88.9000  mPrecision: 89.0300  mRecall: 88.8400  Kappa: 58.4400  data_time: 0.0019  time: 0.0264
2026/05/12 16:34:51 - mmengine - INFO - The previous best checkpoint /root/det/work_dirs/new_weijie_ddhr_1xb4_80k_1e-3_dp10_ld90/best_aAcc_iter_48000.pth is removed
2026/05/12 16:34:53 - mmengine - INFO - The best checkpoint with 92.2800 aAcc at 52000 iter is saved to best_aAcc_iter_52000.pth.
2026/05/12 16:35:18 - mmengine - INFO - Iter(train) [52200/80000]  lr: 1.2238e-05  eta: 0:59:04  time: 0.1272  data_time: 0.0103  memory: 4174  grad_norm: 0.5620  loss: 0.0466  decode.loss_ce: 0.0324  decode.acc_seg: 95.5650  aux.loss_ce: 0.0142  aux.acc_seg: 95.1463
2026/05/12 16:35:43 - mmengine - INFO - Iter(train) [52400/80000]  lr: 1.2150e-05  eta: 0:58:38  time: 0.1241  data_time: 0.0097  memory: 4174  grad_norm: 0.3956  loss: 0.0381  decode.loss_ce: 0.0266  decode.acc_seg: 98.0221  aux.loss_ce: 0.0115  aux.acc_seg: 97.8525
2026/05/12 16:36:07 - mmengine - INFO - Iter(train) [52600/80000]  lr: 1.2062e-05  eta: 0:58:12  time: 0.1144  data_time: 0.0084  memory: 4174  grad_norm: 0.3841  loss: 0.0317  decode.loss_ce: 0.0218  decode.acc_seg: 96.0585  aux.loss_ce: 0.0099  aux.acc_seg: 95.9919
2026/05/12 16:36:30 - mmengine - INFO - Iter(train) [52800/80000]  lr: 1.1974e-05  eta: 0:57:45  time: 0.1178  data_time: 0.0089  memory: 4174  grad_norm: 0.3478  loss: 0.0199  decode.loss_ce: 0.0140  decode.acc_seg: 96.5691  aux.loss_ce: 0.0059  aux.acc_seg: 96.5497
2026/05/12 16:36:54 - mmengine - INFO - Exp name: new_weijie_ddhr_1xb4_80k_1e-3_dp10_ld90_20260512_142826
2026/05/12 16:36:54 - mmengine - INFO - Iter(train) [53000/80000]  lr: 1.1886e-05  eta: 0:57:19  time: 0.1164  data_time: 0.0087  memory: 4174  grad_norm: 0.2135  loss: 0.0209  decode.loss_ce: 0.0146  decode.acc_seg: 99.2405  aux.loss_ce: 0.0064  aux.acc_seg: 99.1304
2026/05/12 16:36:54 - mmengine - INFO - Saving checkpoint at 53000 iterations
2026/05/12 16:37:23 - mmengine - INFO - Iter(train) [53200/80000]  lr: 1.1798e-05  eta: 0:56:55  time: 0.1229  data_time: 0.0092  memory: 4174  grad_norm: 0.4522  loss: 0.0324  decode.loss_ce: 0.0229  decode.acc_seg: 98.0538  aux.loss_ce: 0.0095  aux.acc_seg: 98.1126
2026/05/12 16:37:47 - mmengine - INFO - Iter(train) [53400/80000]  lr: 1.1710e-05  eta: 0:56:29  time: 0.1172  data_time: 0.0093  memory: 4174  grad_norm: 0.3492  loss: 0.0273  decode.loss_ce: 0.0193  decode.acc_seg: 99.6783  aux.loss_ce: 0.0079  aux.acc_seg: 99.5560
2026/05/12 16:38:12 - mmengine - INFO - Iter(train) [53600/80000]  lr: 1.1622e-05  eta: 0:56:03  time: 0.1280  data_time: 0.0112  memory: 4174  grad_norm: 0.3173  loss: 0.0227  decode.loss_ce: 0.0160  decode.acc_seg: 98.4428  aux.loss_ce: 0.0067  aux.acc_seg: 98.5627
2026/05/12 16:38:37 - mmengine - INFO - Iter(train) [53800/80000]  lr: 1.1534e-05  eta: 0:55:38  time: 0.1226  data_time: 0.0092  memory: 4174  grad_norm: 0.2538  loss: 0.0202  decode.loss_ce: 0.0137  decode.acc_seg: 97.5196  aux.loss_ce: 0.0065  aux.acc_seg: 97.0853
2026/05/12 16:39:02 - mmengine - INFO - Exp name: new_weijie_ddhr_1xb4_80k_1e-3_dp10_ld90_20260512_142826
2026/05/12 16:39:02 - mmengine - INFO - Iter(train) [54000/80000]  lr: 1.1446e-05  eta: 0:55:12  time: 0.1213  data_time: 0.0094  memory: 4174  grad_norm: 0.2669  loss: 0.0229  decode.loss_ce: 0.0159  decode.acc_seg: 97.6466  aux.loss_ce: 0.0070  aux.acc_seg: 97.5322
2026/05/12 16:39:02 - mmengine - INFO - Saving checkpoint at 54000 iterations
2026/05/12 16:39:31 - mmengine - INFO - Iter(train) [54200/80000]  lr: 1.1358e-05  eta: 0:54:48  time: 0.1213  data_time: 0.0091  memory: 4174  grad_norm: 0.3171  loss: 0.0285  decode.loss_ce: 0.0198  decode.acc_seg: 97.4158  aux.loss_ce: 0.0088  aux.acc_seg: 96.4338
2026/05/12 16:39:56 - mmengine - INFO - Iter(train) [54400/80000]  lr: 1.1270e-05  eta: 0:54:22  time: 0.1189  data_time: 0.0090  memory: 4174  grad_norm: 0.5992  loss: 0.0327  decode.loss_ce: 0.0230  decode.acc_seg: 99.1367  aux.loss_ce: 0.0097  aux.acc_seg: 99.0804
2026/05/12 16:40:20 - mmengine - INFO - Iter(train) [54600/80000]  lr: 1.1182e-05  eta: 0:53:56  time: 0.1224  data_time: 0.0090  memory: 4174  grad_norm: 0.3996  loss: 0.0270  decode.loss_ce: 0.0190  decode.acc_seg: 97.2987  aux.loss_ce: 0.0080  aux.acc_seg: 96.8231
2026/05/12 16:40:44 - mmengine - INFO - Iter(train) [54800/80000]  lr: 1.1094e-05  eta: 0:53:30  time: 0.1154  data_time: 0.0085  memory: 4174  grad_norm: 0.3706  loss: 0.0311  decode.loss_ce: 0.0218  decode.acc_seg: 99.1441  aux.loss_ce: 0.0093  aux.acc_seg: 99.1347
2026/05/12 16:41:09 - mmengine - INFO - Exp name: new_weijie_ddhr_1xb4_80k_1e-3_dp10_ld90_20260512_142826
2026/05/12 16:41:09 - mmengine - INFO - Iter(train) [55000/80000]  lr: 1.1006e-05  eta: 0:53:04  time: 0.1171  data_time: 0.0083  memory: 4174  grad_norm: 0.3634  loss: 0.0300  decode.loss_ce: 0.0208  decode.acc_seg: 96.5444  aux.loss_ce: 0.0092  aux.acc_seg: 95.9982
2026/05/12 16:41:09 - mmengine - INFO - Saving checkpoint at 55000 iterations
2026/05/12 16:41:38 - mmengine - INFO - Iter(train) [55200/80000]  lr: 1.0917e-05  eta: 0:52:40  time: 0.1194  data_time: 0.0092  memory: 4174  grad_norm: 0.2570  loss: 0.0228  decode.loss_ce: 0.0160  decode.acc_seg: 99.4353  aux.loss_ce: 0.0068  aux.acc_seg: 99.3241
2026/05/12 16:42:03 - mmengine - INFO - Iter(train) [55400/80000]  lr: 1.0829e-05  eta: 0:52:15  time: 0.1250  data_time: 0.0096  memory: 4174  grad_norm: 0.5094  loss: 0.0358  decode.loss_ce: 0.0249  decode.acc_seg: 97.1710  aux.loss_ce: 0.0109  aux.acc_seg: 97.0674
2026/05/12 16:42:27 - mmengine - INFO - Iter(train) [55600/80000]  lr: 1.0741e-05  eta: 0:51:48  time: 0.1229  data_time: 0.0093  memory: 4174  grad_norm: 0.3544  loss: 0.0261  decode.loss_ce: 0.0183  decode.acc_seg: 98.4216  aux.loss_ce: 0.0078  aux.acc_seg: 98.2935
2026/05/12 16:42:51 - mmengine - INFO - Iter(train) [55800/80000]  lr: 1.0653e-05  eta: 0:51:23  time: 0.1217  data_time: 0.0090  memory: 4174  grad_norm: 0.3273  loss: 0.0275  decode.loss_ce: 0.0192  decode.acc_seg: 99.7548  aux.loss_ce: 0.0083  aux.acc_seg: 99.6856
2026/05/12 16:43:16 - mmengine - INFO - Exp name: new_weijie_ddhr_1xb4_80k_1e-3_dp10_ld90_20260512_142826
2026/05/12 16:43:16 - mmengine - INFO - Iter(train) [56000/80000]  lr: 1.0565e-05  eta: 0:50:57  time: 0.1185  data_time: 0.0102  memory: 4174  grad_norm: 0.7998  loss: 0.0521  decode.loss_ce: 0.0368  decode.acc_seg: 98.6698  aux.loss_ce: 0.0153  aux.acc_seg: 98.6254
2026/05/12 16:43:16 - mmengine - INFO - Saving checkpoint at 56000 iterations
2026/05/12 16:43:25 - mmengine - INFO - Iter(val) [ 200/3086]    eta: 0:00:57  time: 0.0187  data_time: 0.0015  memory: 2000  
2026/05/12 16:43:29 - mmengine - INFO - Iter(val) [ 400/3086]    eta: 0:00:54  time: 0.0191  data_time: 0.0016  memory: 2000  
2026/05/12 16:43:33 - mmengine - INFO - Iter(val) [ 600/3086]    eta: 0:00:49  time: 0.0194  data_time: 0.0018  memory: 2000  
2026/05/12 16:43:37 - mmengine - INFO - Iter(val) [ 800/3086]    eta: 0:00:44  time: 0.0182  data_time: 0.0014  memory: 2000  
2026/05/12 16:43:41 - mmengine - INFO - Iter(val) [1000/3086]    eta: 0:00:40  time: 0.0190  data_time: 0.0015  memory: 2000  
2026/05/12 16:43:44 - mmengine - INFO - Iter(val) [1200/3086]    eta: 0:00:36  time: 0.0183  data_time: 0.0017  memory: 2000  
2026/05/12 16:43:49 - mmengine - INFO - Iter(val) [1400/3086]    eta: 0:00:33  time: 0.0251  data_time: 0.0018  memory: 2000  
2026/05/12 16:43:53 - mmengine - INFO - Iter(val) [1600/3086]    eta: 0:00:29  time: 0.0201  data_time: 0.0016  memory: 2000  
2026/05/12 16:43:57 - mmengine - INFO - Iter(val) [1800/3086]    eta: 0:00:25  time: 0.0190  data_time: 0.0016  memory: 2000  
2026/05/12 16:44:01 - mmengine - INFO - Iter(val) [2000/3086]    eta: 0:00:21  time: 0.0181  data_time: 0.0014  memory: 2000  
2026/05/12 16:44:05 - mmengine - INFO - Iter(val) [2200/3086]    eta: 0:00:17  time: 0.0221  data_time: 0.0016  memory: 2000  
2026/05/12 16:44:09 - mmengine - INFO - Iter(val) [2400/3086]    eta: 0:00:13  time: 0.0180  data_time: 0.0014  memory: 2000  
2026/05/12 16:44:12 - mmengine - INFO - Iter(val) [2600/3086]    eta: 0:00:09  time: 0.0193  data_time: 0.0015  memory: 2000  
2026/05/12 16:44:16 - mmengine - INFO - Iter(val) [2800/3086]    eta: 0:00:05  time: 0.0193  data_time: 0.0015  memory: 2000  
2026/05/12 16:44:20 - mmengine - INFO - Iter(val) [3000/3086]    eta: 0:00:01  time: 0.0251  data_time: 0.0019  memory: 2000  
2026/05/12 16:44:22 - mmengine - INFO - per class results:
2026/05/12 16:44:22 - mmengine - INFO - 
+----------+-------+-------+--------+-----------+--------+
|  Class   |  IoU  |  Acc  | Fscore | Precision | Recall |
+----------+-------+-------+--------+-----------+--------+
| Building | 90.14 | 95.38 | 94.81  |   94.25   | 95.38  |
|   Road   | 59.82 | 71.17 | 74.86  |   78.95   | 71.17  |
| Greenery | 82.78 | 93.05 | 90.58  |   88.23   | 93.05  |
|  Water   | 97.82 | 98.32 |  98.9  |   99.48   | 98.32  |
| Farmland | 77.11 | 82.89 | 87.08  |   91.71   | 82.89  |
+----------+-------+-------+--------+-----------+--------+
2026/05/12 16:44:22 - mmengine - INFO - Iter(val) [3086/3086]  aAcc: 92.4800  mIoU: 81.5300  mAcc: 88.1600  mFscore: 89.2500  mPrecision: 90.5300  mRecall: 88.1600  Kappa: 59.5800  data_time: 0.0013  time: 0.0191
2026/05/12 16:44:22 - mmengine - INFO - The previous best checkpoint /root/det/work_dirs/new_weijie_ddhr_1xb4_80k_1e-3_dp10_ld90/best_aAcc_iter_52000.pth is removed
2026/05/12 16:44:24 - mmengine - INFO - The best checkpoint with 92.4800 aAcc at 56000 iter is saved to best_aAcc_iter_56000.pth.
2026/05/12 16:44:48 - mmengine - INFO - Iter(train) [56200/80000]  lr: 1.0477e-05  eta: 0:50:32  time: 0.1186  data_time: 0.0093  memory: 4174  grad_norm: 0.2728  loss: 0.0183  decode.loss_ce: 0.0127  decode.acc_seg: 99.3863  aux.loss_ce: 0.0056  aux.acc_seg: 99.3099
2026/05/12 16:45:13 - mmengine - INFO - Iter(train) [56400/80000]  lr: 1.0389e-05  eta: 0:50:05  time: 0.1230  data_time: 0.0091  memory: 4174  grad_norm: 0.2818  loss: 0.0257  decode.loss_ce: 0.0180  decode.acc_seg: 98.8345  aux.loss_ce: 0.0077  aux.acc_seg: 98.7464
2026/05/12 16:45:37 - mmengine - INFO - Iter(train) [56600/80000]  lr: 1.0301e-05  eta: 0:49:40  time: 0.1195  data_time: 0.0091  memory: 4174  grad_norm: 0.3301  loss: 0.0291  decode.loss_ce: 0.0202  decode.acc_seg: 96.4412  aux.loss_ce: 0.0089  aux.acc_seg: 96.0939
2026/05/12 16:46:01 - mmengine - INFO - Iter(train) [56800/80000]  lr: 1.0213e-05  eta: 0:49:13  time: 0.1195  data_time: 0.0095  memory: 4174  grad_norm: 0.2645  loss: 0.0153  decode.loss_ce: 0.0106  decode.acc_seg: 97.6989  aux.loss_ce: 0.0047  aux.acc_seg: 97.4610
2026/05/12 16:46:24 - mmengine - INFO - Exp name: new_weijie_ddhr_1xb4_80k_1e-3_dp10_ld90_20260512_142826
2026/05/12 16:46:24 - mmengine - INFO - Iter(train) [57000/80000]  lr: 1.0125e-05  eta: 0:48:47  time: 0.1245  data_time: 0.0092  memory: 4174  grad_norm: 0.3444  loss: 0.0309  decode.loss_ce: 0.0212  decode.acc_seg: 97.7994  aux.loss_ce: 0.0097  aux.acc_seg: 97.3946
2026/05/12 16:46:24 - mmengine - INFO - Saving checkpoint at 57000 iterations
2026/05/12 16:46:54 - mmengine - INFO - Iter(train) [57200/80000]  lr: 1.0037e-05  eta: 0:48:23  time: 0.1167  data_time: 0.0086  memory: 4174  grad_norm: 0.2444  loss: 0.0161  decode.loss_ce: 0.0113  decode.acc_seg: 99.7242  aux.loss_ce: 0.0048  aux.acc_seg: 99.5244
2026/05/12 16:47:18 - mmengine - INFO - Iter(train) [57400/80000]  lr: 9.9490e-06  eta: 0:47:57  time: 0.1234  data_time: 0.0097  memory: 4174  grad_norm: 0.5002  loss: 0.0246  decode.loss_ce: 0.0170  decode.acc_seg: 99.1640  aux.loss_ce: 0.0075  aux.acc_seg: 98.7625
2026/05/12 16:47:43 - mmengine - INFO - Iter(train) [57600/80000]  lr: 9.8610e-06  eta: 0:47:32  time: 0.1238  data_time: 0.0104  memory: 4174  grad_norm: 0.8035  loss: 0.0430  decode.loss_ce: 0.0303  decode.acc_seg: 97.8037  aux.loss_ce: 0.0127  aux.acc_seg: 97.6723
2026/05/12 16:48:08 - mmengine - INFO - Iter(train) [57800/80000]  lr: 9.7729e-06  eta: 0:47:06  time: 0.1173  data_time: 0.0093  memory: 4174  grad_norm: 0.2165  loss: 0.0178  decode.loss_ce: 0.0124  decode.acc_seg: 99.1498  aux.loss_ce: 0.0055  aux.acc_seg: 99.1282
2026/05/12 16:48:32 - mmengine - INFO - Exp name: new_weijie_ddhr_1xb4_80k_1e-3_dp10_ld90_20260512_142826
2026/05/12 16:48:32 - mmengine - INFO - Iter(train) [58000/80000]  lr: 9.6849e-06  eta: 0:46:40  time: 0.1231  data_time: 0.0091  memory: 4174  grad_norm: 0.3775  loss: 0.0384  decode.loss_ce: 0.0265  decode.acc_seg: 98.0298  aux.loss_ce: 0.0119  aux.acc_seg: 97.9300
2026/05/12 16:48:32 - mmengine - INFO - Saving checkpoint at 58000 iterations
2026/05/12 16:49:01 - mmengine - INFO - Iter(train) [58200/80000]  lr: 9.5968e-06  eta: 0:46:16  time: 0.1236  data_time: 0.0092  memory: 4174  grad_norm: 0.3047  loss: 0.0237  decode.loss_ce: 0.0162  decode.acc_seg: 98.2263  aux.loss_ce: 0.0075  aux.acc_seg: 97.8422
2026/05/12 16:49:25 - mmengine - INFO - Iter(train) [58400/80000]  lr: 9.5088e-06  eta: 0:45:50  time: 0.1231  data_time: 0.0100  memory: 4174  grad_norm: 0.3889  loss: 0.0305  decode.loss_ce: 0.0212  decode.acc_seg: 97.0639  aux.loss_ce: 0.0093  aux.acc_seg: 97.2930
2026/05/12 16:49:51 - mmengine - INFO - Iter(train) [58600/80000]  lr: 9.4207e-06  eta: 0:45:24  time: 0.1268  data_time: 0.0103  memory: 4174  grad_norm: 0.3403  loss: 0.0245  decode.loss_ce: 0.0166  decode.acc_seg: 97.9707  aux.loss_ce: 0.0079  aux.acc_seg: 97.3307
2026/05/12 16:50:15 - mmengine - INFO - Iter(train) [58800/80000]  lr: 9.3327e-06  eta: 0:44:59  time: 0.1259  data_time: 0.0093  memory: 4174  grad_norm: 0.2497  loss: 0.0220  decode.loss_ce: 0.0152  decode.acc_seg: 98.6169  aux.loss_ce: 0.0068  aux.acc_seg: 98.3955
2026/05/12 16:50:40 - mmengine - INFO - Exp name: new_weijie_ddhr_1xb4_80k_1e-3_dp10_ld90_20260512_142826
2026/05/12 16:50:40 - mmengine - INFO - Iter(train) [59000/80000]  lr: 9.2447e-06  eta: 0:44:33  time: 0.1287  data_time: 0.0107  memory: 4174  grad_norm: 0.2741  loss: 0.0212  decode.loss_ce: 0.0145  decode.acc_seg: 99.6846  aux.loss_ce: 0.0067  aux.acc_seg: 99.5598
2026/05/12 16:50:40 - mmengine - INFO - Saving checkpoint at 59000 iterations
2026/05/12 16:51:09 - mmengine - INFO - Iter(train) [59200/80000]  lr: 9.1566e-06  eta: 0:44:09  time: 0.1234  data_time: 0.0096  memory: 4174  grad_norm: 0.2590  loss: 0.0168  decode.loss_ce: 0.0116  decode.acc_seg: 98.1375  aux.loss_ce: 0.0052  aux.acc_seg: 97.7856
2026/05/12 16:51:34 - mmengine - INFO - Iter(train) [59400/80000]  lr: 9.0686e-06  eta: 0:43:43  time: 0.1186  data_time: 0.0083  memory: 4174  grad_norm: 0.2186  loss: 0.0179  decode.loss_ce: 0.0123  decode.acc_seg: 99.5150  aux.loss_ce: 0.0056  aux.acc_seg: 99.5620
2026/05/12 16:51:58 - mmengine - INFO - Iter(train) [59600/80000]  lr: 8.9805e-06  eta: 0:43:17  time: 0.1231  data_time: 0.0091  memory: 4174  grad_norm: 0.3575  loss: 0.0221  decode.loss_ce: 0.0157  decode.acc_seg: 92.7336  aux.loss_ce: 0.0063  aux.acc_seg: 93.9133
2026/05/12 16:52:24 - mmengine - INFO - Iter(train) [59800/80000]  lr: 8.8925e-06  eta: 0:42:52  time: 0.1217  data_time: 0.0093  memory: 4174  grad_norm: 0.3117  loss: 0.0228  decode.loss_ce: 0.0158  decode.acc_seg: 99.3119  aux.loss_ce: 0.0069  aux.acc_seg: 99.0361
2026/05/12 16:52:48 - mmengine - INFO - Exp name: new_weijie_ddhr_1xb4_80k_1e-3_dp10_ld90_20260512_142826
2026/05/12 16:52:48 - mmengine - INFO - Iter(train) [60000/80000]  lr: 8.8044e-06  eta: 0:42:26  time: 0.1234  data_time: 0.0097  memory: 4174  grad_norm: 0.2539  loss: 0.0208  decode.loss_ce: 0.0145  decode.acc_seg: 98.0383  aux.loss_ce: 0.0063  aux.acc_seg: 98.1192
2026/05/12 16:52:48 - mmengine - INFO - Saving checkpoint at 60000 iterations
2026/05/12 16:52:59 - mmengine - INFO - Iter(val) [ 200/3086]    eta: 0:01:13  time: 0.0257  data_time: 0.0019  memory: 2000  
2026/05/12 16:53:03 - mmengine - INFO - Iter(val) [ 400/3086]    eta: 0:01:00  time: 0.0182  data_time: 0.0015  memory: 2000  
2026/05/12 16:53:07 - mmengine - INFO - Iter(val) [ 600/3086]    eta: 0:00:52  time: 0.0184  data_time: 0.0016  memory: 2000  
2026/05/12 16:53:10 - mmengine - INFO - Iter(val) [ 800/3086]    eta: 0:00:47  time: 0.0189  data_time: 0.0016  memory: 2000  
2026/05/12 16:53:14 - mmengine - INFO - Iter(val) [1000/3086]    eta: 0:00:41  time: 0.0187  data_time: 0.0015  memory: 2000  
2026/05/12 16:53:18 - mmengine - INFO - Iter(val) [1200/3086]    eta: 0:00:37  time: 0.0176  data_time: 0.0015  memory: 2000  
2026/05/12 16:53:21 - mmengine - INFO - Iter(val) [1400/3086]    eta: 0:00:33  time: 0.0182  data_time: 0.0015  memory: 2000  
2026/05/12 16:53:26 - mmengine - INFO - Iter(val) [1600/3086]    eta: 0:00:29  time: 0.0187  data_time: 0.0015  memory: 2000  
2026/05/12 16:53:30 - mmengine - INFO - Iter(val) [1800/3086]    eta: 0:00:25  time: 0.0191  data_time: 0.0015  memory: 2000  
2026/05/12 16:53:33 - mmengine - INFO - Iter(val) [2000/3086]    eta: 0:00:21  time: 0.0183  data_time: 0.0014  memory: 2000  
2026/05/12 16:53:37 - mmengine - INFO - Iter(val) [2200/3086]    eta: 0:00:17  time: 0.0184  data_time: 0.0013  memory: 2000  
2026/05/12 16:53:42 - mmengine - INFO - Iter(val) [2400/3086]    eta: 0:00:13  time: 0.0240  data_time: 0.0016  memory: 2000  
2026/05/12 16:53:46 - mmengine - INFO - Iter(val) [2600/3086]    eta: 0:00:09  time: 0.0187  data_time: 0.0015  memory: 2000  
2026/05/12 16:53:50 - mmengine - INFO - Iter(val) [2800/3086]    eta: 0:00:05  time: 0.0205  data_time: 0.0016  memory: 2000  
2026/05/12 16:53:54 - mmengine - INFO - Iter(val) [3000/3086]    eta: 0:00:01  time: 0.0189  data_time: 0.0015  memory: 2000  
2026/05/12 16:53:56 - mmengine - INFO - per class results:
2026/05/12 16:53:56 - mmengine - INFO - 
+----------+-------+-------+--------+-----------+--------+
|  Class   |  IoU  |  Acc  | Fscore | Precision | Recall |
+----------+-------+-------+--------+-----------+--------+
| Building | 90.39 | 95.62 | 94.95  |   94.29   | 95.62  |
|   Road   | 60.13 | 68.74 |  75.1  |   82.76   | 68.74  |
| Greenery | 83.57 | 92.12 | 91.05  |    90.0   | 92.12  |
|  Water   | 97.99 | 98.57 | 98.99  |   99.41   | 98.57  |
| Farmland | 78.71 | 87.36 | 88.09  |   88.83   | 87.36  |
+----------+-------+-------+--------+-----------+--------+
2026/05/12 16:53:56 - mmengine - INFO - Iter(val) [3086/3086]  aAcc: 92.8200  mIoU: 82.1600  mAcc: 88.4800  mFscore: 89.6400  mPrecision: 91.0600  mRecall: 88.4800  Kappa: 59.6700  data_time: 0.0017  time: 0.0286
2026/05/12 16:53:56 - mmengine - INFO - The previous best checkpoint /root/det/work_dirs/new_weijie_ddhr_1xb4_80k_1e-3_dp10_ld90/best_aAcc_iter_56000.pth is removed
2026/05/12 16:53:58 - mmengine - INFO - The best checkpoint with 92.8200 aAcc at 60000 iter is saved to best_aAcc_iter_60000.pth.
2026/05/12 16:54:23 - mmengine - INFO - Iter(train) [60200/80000]  lr: 8.7164e-06  eta: 0:42:01  time: 0.1227  data_time: 0.0093  memory: 4174  grad_norm: 0.2993  loss: 0.0190  decode.loss_ce: 0.0134  decode.acc_seg: 99.3666  aux.loss_ce: 0.0056  aux.acc_seg: 99.0685
2026/05/12 16:54:48 - mmengine - INFO - Iter(train) [60400/80000]  lr: 8.6283e-06  eta: 0:41:35  time: 0.1202  data_time: 0.0092  memory: 4174  grad_norm: 0.3823  loss: 0.0308  decode.loss_ce: 0.0215  decode.acc_seg: 98.6664  aux.loss_ce: 0.0093  aux.acc_seg: 98.2461
2026/05/12 16:55:14 - mmengine - INFO - Iter(train) [60600/80000]  lr: 8.5403e-06  eta: 0:41:10  time: 0.1244  data_time: 0.0097  memory: 4174  grad_norm: 0.2566  loss: 0.0213  decode.loss_ce: 0.0147  decode.acc_seg: 97.2001  aux.loss_ce: 0.0067  aux.acc_seg: 96.6417
2026/05/12 16:55:38 - mmengine - INFO - Iter(train) [60800/80000]  lr: 8.4523e-06  eta: 0:40:44  time: 0.1192  data_time: 0.0088  memory: 4174  grad_norm: 0.2684  loss: 0.0258  decode.loss_ce: 0.0177  decode.acc_seg: 99.4994  aux.loss_ce: 0.0080  aux.acc_seg: 99.5374
2026/05/12 16:56:03 - mmengine - INFO - Exp name: new_weijie_ddhr_1xb4_80k_1e-3_dp10_ld90_20260512_142826
2026/05/12 16:56:03 - mmengine - INFO - Iter(train) [61000/80000]  lr: 8.3642e-06  eta: 0:40:19  time: 0.1215  data_time: 0.0090  memory: 4174  grad_norm: 0.2499  loss: 0.0231  decode.loss_ce: 0.0157  decode.acc_seg: 99.3891  aux.loss_ce: 0.0074  aux.acc_seg: 98.9849
2026/05/12 16:56:03 - mmengine - INFO - Saving checkpoint at 61000 iterations
2026/05/12 16:56:32 - mmengine - INFO - Iter(train) [61200/80000]  lr: 8.2762e-06  eta: 0:39:54  time: 0.1164  data_time: 0.0093  memory: 4174  grad_norm: 0.2929  loss: 0.0288  decode.loss_ce: 0.0202  decode.acc_seg: 96.1389  aux.loss_ce: 0.0087  aux.acc_seg: 96.5336
2026/05/12 16:56:56 - mmengine - INFO - Iter(train) [61400/80000]  lr: 8.1881e-06  eta: 0:39:28  time: 0.1223  data_time: 0.0095  memory: 4174  grad_norm: 0.2995  loss: 0.0260  decode.loss_ce: 0.0181  decode.acc_seg: 97.8987  aux.loss_ce: 0.0079  aux.acc_seg: 97.7153
2026/05/12 16:57:21 - mmengine - INFO - Iter(train) [61600/80000]  lr: 8.1001e-06  eta: 0:39:03  time: 0.1222  data_time: 0.0091  memory: 4174  grad_norm: 0.1854  loss: 0.0162  decode.loss_ce: 0.0112  decode.acc_seg: 98.4302  aux.loss_ce: 0.0050  aux.acc_seg: 98.5261
2026/05/12 16:57:45 - mmengine - INFO - Iter(train) [61800/80000]  lr: 8.0120e-06  eta: 0:38:37  time: 0.1250  data_time: 0.0091  memory: 4174  grad_norm: 0.3761  loss: 0.0274  decode.loss_ce: 0.0189  decode.acc_seg: 97.0843  aux.loss_ce: 0.0085  aux.acc_seg: 95.8188
2026/05/12 16:58:11 - mmengine - INFO - Exp name: new_weijie_ddhr_1xb4_80k_1e-3_dp10_ld90_20260512_142826
2026/05/12 16:58:11 - mmengine - INFO - Iter(train) [62000/80000]  lr: 7.9240e-06  eta: 0:38:11  time: 0.1259  data_time: 0.0095  memory: 4174  grad_norm: 0.2925  loss: 0.0242  decode.loss_ce: 0.0166  decode.acc_seg: 98.7380  aux.loss_ce: 0.0075  aux.acc_seg: 98.7250
2026/05/12 16:58:11 - mmengine - INFO - Saving checkpoint at 62000 iterations
2026/05/12 16:58:41 - mmengine - INFO - Iter(train) [62200/80000]  lr: 7.8359e-06  eta: 0:37:47  time: 0.1201  data_time: 0.0089  memory: 4174  grad_norm: 0.4070  loss: 0.0304  decode.loss_ce: 0.0207  decode.acc_seg: 98.9395  aux.loss_ce: 0.0097  aux.acc_seg: 98.9842
2026/05/12 16:59:06 - mmengine - INFO - Iter(train) [62400/80000]  lr: 7.7479e-06  eta: 0:37:21  time: 0.1249  data_time: 0.0094  memory: 4174  grad_norm: 0.2717  loss: 0.0235  decode.loss_ce: 0.0162  decode.acc_seg: 99.6809  aux.loss_ce: 0.0073  aux.acc_seg: 99.5917
2026/05/12 16:59:30 - mmengine - INFO - Iter(train) [62600/80000]  lr: 7.6599e-06  eta: 0:36:56  time: 0.1255  data_time: 0.0095  memory: 4174  grad_norm: 0.2874  loss: 0.0240  decode.loss_ce: 0.0166  decode.acc_seg: 98.3134  aux.loss_ce: 0.0075  aux.acc_seg: 97.9953
2026/05/12 16:59:55 - mmengine - INFO - Iter(train) [62800/80000]  lr: 7.5718e-06  eta: 0:36:30  time: 0.1251  data_time: 0.0099  memory: 4174  grad_norm: 0.3156  loss: 0.0253  decode.loss_ce: 0.0174  decode.acc_seg: 98.4695  aux.loss_ce: 0.0079  aux.acc_seg: 98.2452
2026/05/12 17:00:19 - mmengine - INFO - Exp name: new_weijie_ddhr_1xb4_80k_1e-3_dp10_ld90_20260512_142826
2026/05/12 17:00:19 - mmengine - INFO - Iter(train) [63000/80000]  lr: 7.4838e-06  eta: 0:36:04  time: 0.1262  data_time: 0.0094  memory: 4174  grad_norm: 0.3487  loss: 0.0214  decode.loss_ce: 0.0150  decode.acc_seg: 98.1037  aux.loss_ce: 0.0064  aux.acc_seg: 97.9065
2026/05/12 17:00:19 - mmengine - INFO - Saving checkpoint at 63000 iterations
2026/05/12 17:00:48 - mmengine - INFO - Iter(train) [63200/80000]  lr: 7.3957e-06  eta: 0:35:40  time: 0.1258  data_time: 0.0094  memory: 4174  grad_norm: 0.3426  loss: 0.0299  decode.loss_ce: 0.0205  decode.acc_seg: 96.9767  aux.loss_ce: 0.0094  aux.acc_seg: 96.6645
2026/05/12 17:01:12 - mmengine - INFO - Iter(train) [63400/80000]  lr: 7.3077e-06  eta: 0:35:14  time: 0.1249  data_time: 0.0094  memory: 4174  grad_norm: 0.2716  loss: 0.0206  decode.loss_ce: 0.0143  decode.acc_seg: 99.3145  aux.loss_ce: 0.0063  aux.acc_seg: 99.3604
2026/05/12 17:01:37 - mmengine - INFO - Iter(train) [63600/80000]  lr: 7.2196e-06  eta: 0:34:48  time: 0.1226  data_time: 0.0094  memory: 4174  grad_norm: 0.2248  loss: 0.0184  decode.loss_ce: 0.0125  decode.acc_seg: 98.6043  aux.loss_ce: 0.0059  aux.acc_seg: 98.3022
2026/05/12 17:02:01 - mmengine - INFO - Iter(train) [63800/80000]  lr: 7.1316e-06  eta: 0:34:22  time: 0.1227  data_time: 0.0094  memory: 4174  grad_norm: 0.3449  loss: 0.0180  decode.loss_ce: 0.0124  decode.acc_seg: 98.3599  aux.loss_ce: 0.0056  aux.acc_seg: 98.1103
2026/05/12 17:02:26 - mmengine - INFO - Exp name: new_weijie_ddhr_1xb4_80k_1e-3_dp10_ld90_20260512_142826
2026/05/12 17:02:26 - mmengine - INFO - Iter(train) [64000/80000]  lr: 7.0435e-06  eta: 0:33:57  time: 0.1246  data_time: 0.0096  memory: 4174  grad_norm: 0.4856  loss: 0.0200  decode.loss_ce: 0.0136  decode.acc_seg: 99.0799  aux.loss_ce: 0.0064  aux.acc_seg: 98.5447
2026/05/12 17:02:26 - mmengine - INFO - Saving checkpoint at 64000 iterations
2026/05/12 17:02:36 - mmengine - INFO - Iter(val) [ 200/3086]    eta: 0:01:03  time: 0.0189  data_time: 0.0016  memory: 2000  
2026/05/12 17:02:39 - mmengine - INFO - Iter(val) [ 400/3086]    eta: 0:00:54  time: 0.0185  data_time: 0.0017  memory: 2000  
2026/05/12 17:02:43 - mmengine - INFO - Iter(val) [ 600/3086]    eta: 0:00:50  time: 0.0243  data_time: 0.0018  memory: 2000  
2026/05/12 17:02:48 - mmengine - INFO - Iter(val) [ 800/3086]    eta: 0:00:46  time: 0.0189  data_time: 0.0016  memory: 2000  
2026/05/12 17:02:51 - mmengine - INFO - Iter(val) [1000/3086]    eta: 0:00:41  time: 0.0190  data_time: 0.0016  memory: 2000  
2026/05/12 17:02:55 - mmengine - INFO - Iter(val) [1200/3086]    eta: 0:00:37  time: 0.0182  data_time: 0.0016  memory: 2000  
2026/05/12 17:02:59 - mmengine - INFO - Iter(val) [1400/3086]    eta: 0:00:33  time: 0.0194  data_time: 0.0016  memory: 2000  
2026/05/12 17:03:03 - mmengine - INFO - Iter(val) [1600/3086]    eta: 0:00:29  time: 0.0199  data_time: 0.0015  memory: 2000  
2026/05/12 17:03:07 - mmengine - INFO - Iter(val) [1800/3086]    eta: 0:00:25  time: 0.0188  data_time: 0.0017  memory: 2000  
2026/05/12 17:03:10 - mmengine - INFO - Iter(val) [2000/3086]    eta: 0:00:21  time: 0.0188  data_time: 0.0019  memory: 2000  
2026/05/12 17:03:14 - mmengine - INFO - Iter(val) [2200/3086]    eta: 0:00:17  time: 0.0177  data_time: 0.0014  memory: 2000  
2026/05/12 17:03:18 - mmengine - INFO - Iter(val) [2400/3086]    eta: 0:00:13  time: 0.0176  data_time: 0.0014  memory: 2000  
2026/05/12 17:03:22 - mmengine - INFO - Iter(val) [2600/3086]    eta: 0:00:09  time: 0.0182  data_time: 0.0015  memory: 2000  
2026/05/12 17:03:25 - mmengine - INFO - Iter(val) [2800/3086]    eta: 0:00:05  time: 0.0185  data_time: 0.0015  memory: 2000  
2026/05/12 17:03:29 - mmengine - INFO - Iter(val) [3000/3086]    eta: 0:00:01  time: 0.0184  data_time: 0.0015  memory: 2000  
2026/05/12 17:03:31 - mmengine - INFO - per class results:
2026/05/12 17:03:31 - mmengine - INFO - 
+----------+-------+-------+--------+-----------+--------+
|  Class   |  IoU  |  Acc  | Fscore | Precision | Recall |
+----------+-------+-------+--------+-----------+--------+
| Building | 90.51 | 95.74 | 95.02  |   94.31   | 95.74  |
|   Road   |  60.9 | 70.81 |  75.7  |   81.31   | 70.81  |
| Greenery | 83.89 | 91.49 | 91.24  |   90.99   | 91.49  |
|  Water   | 97.92 | 98.69 | 98.95  |   99.21   | 98.69  |
| Farmland | 78.58 | 87.77 | 88.01  |   88.24   | 87.77  |
+----------+-------+-------+--------+-----------+--------+
2026/05/12 17:03:31 - mmengine - INFO - Iter(val) [3086/3086]  aAcc: 92.8900  mIoU: 82.3600  mAcc: 88.9000  mFscore: 89.7800  mPrecision: 90.8100  mRecall: 88.9000  Kappa: 60.8800  data_time: 0.0014  time: 0.0182
2026/05/12 17:03:31 - mmengine - INFO - The previous best checkpoint /root/det/work_dirs/new_weijie_ddhr_1xb4_80k_1e-3_dp10_ld90/best_aAcc_iter_60000.pth is removed
2026/05/12 17:03:32 - mmengine - INFO - The best checkpoint with 92.8900 aAcc at 64000 iter is saved to best_aAcc_iter_64000.pth.
2026/05/12 17:03:57 - mmengine - INFO - Iter(train) [64200/80000]  lr: 6.9555e-06  eta: 0:33:31  time: 0.1206  data_time: 0.0086  memory: 4174  grad_norm: 0.4724  loss: 0.0314  decode.loss_ce: 0.0215  decode.acc_seg: 98.8426  aux.loss_ce: 0.0099  aux.acc_seg: 98.5861
2026/05/12 17:04:21 - mmengine - INFO - Iter(train) [64400/80000]  lr: 6.8675e-06  eta: 0:33:06  time: 0.1227  data_time: 0.0089  memory: 4174  grad_norm: 0.6053  loss: 0.0342  decode.loss_ce: 0.0240  decode.acc_seg: 99.0152  aux.loss_ce: 0.0102  aux.acc_seg: 98.5907
2026/05/12 17:04:45 - mmengine - INFO - Iter(train) [64600/80000]  lr: 6.7794e-06  eta: 0:32:40  time: 0.1214  data_time: 0.0087  memory: 4174  grad_norm: 0.3665  loss: 0.0336  decode.loss_ce: 0.0235  decode.acc_seg: 97.7049  aux.loss_ce: 0.0102  aux.acc_seg: 97.3808
2026/05/12 17:05:10 - mmengine - INFO - Iter(train) [64800/80000]  lr: 6.6914e-06  eta: 0:32:14  time: 0.1218  data_time: 0.0087  memory: 4174  grad_norm: 0.6482  loss: 0.0231  decode.loss_ce: 0.0161  decode.acc_seg: 99.0485  aux.loss_ce: 0.0070  aux.acc_seg: 99.0295
2026/05/12 17:05:34 - mmengine - INFO - Exp name: new_weijie_ddhr_1xb4_80k_1e-3_dp10_ld90_20260512_142826
2026/05/12 17:05:34 - mmengine - INFO - Iter(train) [65000/80000]  lr: 6.6033e-06  eta: 0:31:48  time: 0.1178  data_time: 0.0087  memory: 4174  grad_norm: 0.2563  loss: 0.0176  decode.loss_ce: 0.0121  decode.acc_seg: 98.1633  aux.loss_ce: 0.0055  aux.acc_seg: 97.6489
2026/05/12 17:05:34 - mmengine - INFO - Saving checkpoint at 65000 iterations
2026/05/12 17:06:02 - mmengine - INFO - Iter(train) [65200/80000]  lr: 6.5153e-06  eta: 0:31:24  time: 0.1195  data_time: 0.0086  memory: 4174  grad_norm: 0.3962  loss: 0.0173  decode.loss_ce: 0.0119  decode.acc_seg: 99.2139  aux.loss_ce: 0.0054  aux.acc_seg: 99.1341
2026/05/12 17:06:24 - mmengine - INFO - Iter(train) [65400/80000]  lr: 6.4272e-06  eta: 0:30:57  time: 0.1225  data_time: 0.0091  memory: 4174  grad_norm: 0.2845  loss: 0.0227  decode.loss_ce: 0.0157  decode.acc_seg: 96.2631  aux.loss_ce: 0.0070  aux.acc_seg: 96.1736
2026/05/12 17:06:49 - mmengine - INFO - Iter(train) [65600/80000]  lr: 6.3392e-06  eta: 0:30:32  time: 0.1237  data_time: 0.0087  memory: 4174  grad_norm: 0.3000  loss: 0.0250  decode.loss_ce: 0.0173  decode.acc_seg: 96.1630  aux.loss_ce: 0.0077  aux.acc_seg: 95.1804
2026/05/12 17:07:13 - mmengine - INFO - Iter(train) [65800/80000]  lr: 6.2511e-06  eta: 0:30:06  time: 0.1220  data_time: 0.0088  memory: 4174  grad_norm: 0.4026  loss: 0.0229  decode.loss_ce: 0.0160  decode.acc_seg: 98.8466  aux.loss_ce: 0.0069  aux.acc_seg: 98.8934
2026/05/12 17:07:38 - mmengine - INFO - Exp name: new_weijie_ddhr_1xb4_80k_1e-3_dp10_ld90_20260512_142826
2026/05/12 17:07:38 - mmengine - INFO - Iter(train) [66000/80000]  lr: 6.1631e-06  eta: 0:29:40  time: 0.1219  data_time: 0.0088  memory: 4174  grad_norm: 0.3637  loss: 0.0300  decode.loss_ce: 0.0207  decode.acc_seg: 97.9736  aux.loss_ce: 0.0093  aux.acc_seg: 97.8089
2026/05/12 17:07:38 - mmengine - INFO - Saving checkpoint at 66000 iterations
2026/05/12 17:08:07 - mmengine - INFO - Iter(train) [66200/80000]  lr: 6.0751e-06  eta: 0:29:16  time: 0.1242  data_time: 0.0088  memory: 4174  grad_norm: 0.3116  loss: 0.0205  decode.loss_ce: 0.0142  decode.acc_seg: 97.1325  aux.loss_ce: 0.0063  aux.acc_seg: 96.6799
2026/05/12 17:08:31 - mmengine - INFO - Iter(train) [66400/80000]  lr: 5.9870e-06  eta: 0:28:50  time: 0.1217  data_time: 0.0091  memory: 4174  grad_norm: 0.3286  loss: 0.0213  decode.loss_ce: 0.0148  decode.acc_seg: 99.0408  aux.loss_ce: 0.0065  aux.acc_seg: 98.9082
2026/05/12 17:08:56 - mmengine - INFO - Iter(train) [66600/80000]  lr: 5.8990e-06  eta: 0:28:25  time: 0.1230  data_time: 0.0089  memory: 4174  grad_norm: 0.3412  loss: 0.0170  decode.loss_ce: 0.0117  decode.acc_seg: 99.8154  aux.loss_ce: 0.0053  aux.acc_seg: 99.7634
2026/05/12 17:09:21 - mmengine - INFO - Iter(train) [66800/80000]  lr: 5.8109e-06  eta: 0:27:59  time: 0.1255  data_time: 0.0095  memory: 4174  grad_norm: 0.2245  loss: 0.0185  decode.loss_ce: 0.0127  decode.acc_seg: 99.6949  aux.loss_ce: 0.0058  aux.acc_seg: 99.6854
2026/05/12 17:09:45 - mmengine - INFO - Exp name: new_weijie_ddhr_1xb4_80k_1e-3_dp10_ld90_20260512_142826
2026/05/12 17:09:45 - mmengine - INFO - Iter(train) [67000/80000]  lr: 5.7229e-06  eta: 0:27:33  time: 0.1226  data_time: 0.0094  memory: 4174  grad_norm: 0.2304  loss: 0.0179  decode.loss_ce: 0.0121  decode.acc_seg: 98.9721  aux.loss_ce: 0.0057  aux.acc_seg: 98.8322
2026/05/12 17:09:45 - mmengine - INFO - Saving checkpoint at 67000 iterations
2026/05/12 17:10:16 - mmengine - INFO - Iter(train) [67200/80000]  lr: 5.6348e-06  eta: 0:27:09  time: 0.1255  data_time: 0.0091  memory: 4174  grad_norm: 0.2239  loss: 0.0165  decode.loss_ce: 0.0113  decode.acc_seg: 99.0473  aux.loss_ce: 0.0052  aux.acc_seg: 98.3605
2026/05/12 17:10:41 - mmengine - INFO - Iter(train) [67400/80000]  lr: 5.5468e-06  eta: 0:26:43  time: 0.1227  data_time: 0.0093  memory: 4174  grad_norm: 0.2913  loss: 0.0232  decode.loss_ce: 0.0164  decode.acc_seg: 96.5487  aux.loss_ce: 0.0068  aux.acc_seg: 96.5047
2026/05/12 17:11:05 - mmengine - INFO - Iter(train) [67600/80000]  lr: 5.4587e-06  eta: 0:26:18  time: 0.1234  data_time: 0.0096  memory: 4174  grad_norm: 0.4296  loss: 0.0256  decode.loss_ce: 0.0180  decode.acc_seg: 99.0226  aux.loss_ce: 0.0076  aux.acc_seg: 99.0268
2026/05/12 17:11:30 - mmengine - INFO - Iter(train) [67800/80000]  lr: 5.3707e-06  eta: 0:25:52  time: 0.1261  data_time: 0.0097  memory: 4174  grad_norm: 0.9138  loss: 0.0477  decode.loss_ce: 0.0351  decode.acc_seg: 98.2945  aux.loss_ce: 0.0126  aux.acc_seg: 97.9316
2026/05/12 17:11:54 - mmengine - INFO - Exp name: new_weijie_ddhr_1xb4_80k_1e-3_dp10_ld90_20260512_142826
2026/05/12 17:11:54 - mmengine - INFO - Iter(train) [68000/80000]  lr: 5.2827e-06  eta: 0:25:26  time: 0.1174  data_time: 0.0087  memory: 4174  grad_norm: 0.2327  loss: 0.0165  decode.loss_ce: 0.0113  decode.acc_seg: 99.0999  aux.loss_ce: 0.0052  aux.acc_seg: 98.8507
2026/05/12 17:11:54 - mmengine - INFO - Saving checkpoint at 68000 iterations
2026/05/12 17:12:03 - mmengine - INFO - Iter(val) [ 200/3086]    eta: 0:01:13  time: 0.0258  data_time: 0.0017  memory: 2000  
2026/05/12 17:12:09 - mmengine - INFO - Iter(val) [ 400/3086]    eta: 0:01:08  time: 0.0223  data_time: 0.0016  memory: 2000  
2026/05/12 17:12:14 - mmengine - INFO - Iter(val) [ 600/3086]    eta: 0:01:03  time: 0.0253  data_time: 0.0019  memory: 2000  
2026/05/12 17:12:19 - mmengine - INFO - Iter(val) [ 800/3086]    eta: 0:00:59  time: 0.0264  data_time: 0.0017  memory: 2000  
2026/05/12 17:12:24 - mmengine - INFO - Iter(val) [1000/3086]    eta: 0:00:52  time: 0.0189  data_time: 0.0014  memory: 2000  
2026/05/12 17:12:29 - mmengine - INFO - Iter(val) [1200/3086]    eta: 0:00:47  time: 0.0242  data_time: 0.0017  memory: 2000  
2026/05/12 17:12:34 - mmengine - INFO - Iter(val) [1400/3086]    eta: 0:00:42  time: 0.0248  data_time: 0.0017  memory: 2000  
2026/05/12 17:12:38 - mmengine - INFO - Iter(val) [1600/3086]    eta: 0:00:36  time: 0.0257  data_time: 0.0017  memory: 2000  
2026/05/12 17:12:42 - mmengine - INFO - Iter(val) [1800/3086]    eta: 0:00:31  time: 0.0186  data_time: 0.0014  memory: 2000  
2026/05/12 17:12:46 - mmengine - INFO - Iter(val) [2000/3086]    eta: 0:00:25  time: 0.0201  data_time: 0.0016  memory: 2000  
2026/05/12 17:12:51 - mmengine - INFO - Iter(val) [2200/3086]    eta: 0:00:21  time: 0.0263  data_time: 0.0018  memory: 2000  
2026/05/12 17:12:56 - mmengine - INFO - Iter(val) [2400/3086]    eta: 0:00:16  time: 0.0182  data_time: 0.0014  memory: 2000  
2026/05/12 17:13:00 - mmengine - INFO - Iter(val) [2600/3086]    eta: 0:00:11  time: 0.0254  data_time: 0.0017  memory: 2000  
2026/05/12 17:13:05 - mmengine - INFO - Iter(val) [2800/3086]    eta: 0:00:06  time: 0.0200  data_time: 0.0016  memory: 2000  
2026/05/12 17:13:09 - mmengine - INFO - Iter(val) [3000/3086]    eta: 0:00:02  time: 0.0289  data_time: 0.0020  memory: 2000  
2026/05/12 17:13:12 - mmengine - INFO - per class results:
2026/05/12 17:13:12 - mmengine - INFO - 
+----------+-------+-------+--------+-----------+--------+
|  Class   |  IoU  |  Acc  | Fscore | Precision | Recall |
+----------+-------+-------+--------+-----------+--------+
| Building |  90.7 | 95.86 | 95.12  |    94.4   | 95.86  |
|   Road   | 61.26 | 71.43 | 75.98  |   81.15   | 71.43  |
| Greenery | 83.18 | 92.41 | 90.82  |   89.28   | 92.41  |
|  Water   | 98.05 | 98.65 | 99.01  |   99.37   | 98.65  |
| Farmland | 76.86 | 84.04 | 86.91  |   89.99   | 84.04  |
+----------+-------+-------+--------+-----------+--------+
2026/05/12 17:13:12 - mmengine - INFO - Iter(val) [3086/3086]  aAcc: 92.7400  mIoU: 82.0100  mAcc: 88.4800  mFscore: 89.5700  mPrecision: 90.8400  mRecall: 88.4800  Kappa: 60.6800  data_time: 0.0014  time: 0.0258
2026/05/12 17:13:36 - mmengine - INFO - Iter(train) [68200/80000]  lr: 5.1946e-06  eta: 0:25:01  time: 0.1214  data_time: 0.0093  memory: 4174  grad_norm: 0.2428  loss: 0.0159  decode.loss_ce: 0.0109  decode.acc_seg: 98.9376  aux.loss_ce: 0.0050  aux.acc_seg: 98.7178
2026/05/12 17:14:01 - mmengine - INFO - Iter(train) [68400/80000]  lr: 5.1066e-06  eta: 0:24:35  time: 0.1207  data_time: 0.0093  memory: 4174  grad_norm: 0.2229  loss: 0.0204  decode.loss_ce: 0.0138  decode.acc_seg: 98.2319  aux.loss_ce: 0.0067  aux.acc_seg: 97.7189
2026/05/12 17:14:26 - mmengine - INFO - Iter(train) [68600/80000]  lr: 5.0185e-06  eta: 0:24:10  time: 0.1235  data_time: 0.0092  memory: 4174  grad_norm: 0.3329  loss: 0.0239  decode.loss_ce: 0.0165  decode.acc_seg: 97.4608  aux.loss_ce: 0.0074  aux.acc_seg: 97.4726
2026/05/12 17:14:51 - mmengine - INFO - Iter(train) [68800/80000]  lr: 4.9305e-06  eta: 0:23:44  time: 0.1229  data_time: 0.0088  memory: 4174  grad_norm: 0.2774  loss: 0.0218  decode.loss_ce: 0.0151  decode.acc_seg: 99.3874  aux.loss_ce: 0.0068  aux.acc_seg: 99.3736
2026/05/12 17:15:15 - mmengine - INFO - Exp name: new_weijie_ddhr_1xb4_80k_1e-3_dp10_ld90_20260512_142826
2026/05/12 17:15:15 - mmengine - INFO - Iter(train) [69000/80000]  lr: 4.8424e-06  eta: 0:23:19  time: 0.1226  data_time: 0.0094  memory: 4174  grad_norm: 0.2650  loss: 0.0172  decode.loss_ce: 0.0118  decode.acc_seg: 98.3759  aux.loss_ce: 0.0055  aux.acc_seg: 98.1223
2026/05/12 17:15:15 - mmengine - INFO - Saving checkpoint at 69000 iterations
2026/05/12 17:15:45 - mmengine - INFO - Iter(train) [69200/80000]  lr: 4.7544e-06  eta: 0:22:54  time: 0.1258  data_time: 0.0102  memory: 4174  grad_norm: 0.1805  loss: 0.0155  decode.loss_ce: 0.0104  decode.acc_seg: 99.3647  aux.loss_ce: 0.0051  aux.acc_seg: 99.1794
2026/05/12 17:16:10 - mmengine - INFO - Iter(train) [69400/80000]  lr: 4.6663e-06  eta: 0:22:28  time: 0.1204  data_time: 0.0086  memory: 4174  grad_norm: 0.3839  loss: 0.0219  decode.loss_ce: 0.0148  decode.acc_seg: 99.1893  aux.loss_ce: 0.0071  aux.acc_seg: 98.8096
2026/05/12 17:16:34 - mmengine - INFO - Iter(train) [69600/80000]  lr: 4.5783e-06  eta: 0:22:02  time: 0.1276  data_time: 0.0094  memory: 4174  grad_norm: 0.4066  loss: 0.0183  decode.loss_ce: 0.0129  decode.acc_seg: 98.6658  aux.loss_ce: 0.0053  aux.acc_seg: 98.7374
2026/05/12 17:16:58 - mmengine - INFO - Iter(train) [69800/80000]  lr: 4.4903e-06  eta: 0:21:37  time: 0.1225  data_time: 0.0092  memory: 4174  grad_norm: 0.3306  loss: 0.0199  decode.loss_ce: 0.0139  decode.acc_seg: 98.6711  aux.loss_ce: 0.0059  aux.acc_seg: 98.4129
2026/05/12 17:17:22 - mmengine - INFO - Exp name: new_weijie_ddhr_1xb4_80k_1e-3_dp10_ld90_20260512_142826
2026/05/12 17:17:22 - mmengine - INFO - Iter(train) [70000/80000]  lr: 4.4022e-06  eta: 0:21:11  time: 0.1221  data_time: 0.0088  memory: 4174  grad_norm: 0.2384  loss: 0.0180  decode.loss_ce: 0.0123  decode.acc_seg: 98.3759  aux.loss_ce: 0.0057  aux.acc_seg: 98.4302
2026/05/12 17:17:22 - mmengine - INFO - Saving checkpoint at 70000 iterations
2026/05/12 17:17:52 - mmengine - INFO - Iter(train) [70200/80000]  lr: 4.3142e-06  eta: 0:20:46  time: 0.1271  data_time: 0.0089  memory: 4174  grad_norm: 0.2030  loss: 0.0164  decode.loss_ce: 0.0112  decode.acc_seg: 99.0032  aux.loss_ce: 0.0052  aux.acc_seg: 98.8051
2026/05/12 17:18:16 - mmengine - INFO - Iter(train) [70400/80000]  lr: 4.2261e-06  eta: 0:20:21  time: 0.1197  data_time: 0.0080  memory: 4174  grad_norm: 0.3193  loss: 0.0245  decode.loss_ce: 0.0164  decode.acc_seg: 98.1022  aux.loss_ce: 0.0081  aux.acc_seg: 97.7292
2026/05/12 17:18:41 - mmengine - INFO - Iter(train) [70600/80000]  lr: 4.1381e-06  eta: 0:19:55  time: 0.1253  data_time: 0.0095  memory: 4174  grad_norm: 0.1929  loss: 0.0190  decode.loss_ce: 0.0130  decode.acc_seg: 98.4522  aux.loss_ce: 0.0060  aux.acc_seg: 98.3343
2026/05/12 17:19:06 - mmengine - INFO - Iter(train) [70800/80000]  lr: 4.0500e-06  eta: 0:19:30  time: 0.1358  data_time: 0.0090  memory: 4174  grad_norm: 0.2691  loss: 0.0197  decode.loss_ce: 0.0136  decode.acc_seg: 98.5191  aux.loss_ce: 0.0061  aux.acc_seg: 98.2436
2026/05/12 17:19:31 - mmengine - INFO - Exp name: new_weijie_ddhr_1xb4_80k_1e-3_dp10_ld90_20260512_142826
2026/05/12 17:19:31 - mmengine - INFO - Iter(train) [71000/80000]  lr: 3.9620e-06  eta: 0:19:04  time: 0.1230  data_time: 0.0086  memory: 4174  grad_norm: 0.3035  loss: 0.0228  decode.loss_ce: 0.0157  decode.acc_seg: 99.3488  aux.loss_ce: 0.0071  aux.acc_seg: 99.3300
2026/05/12 17:19:31 - mmengine - INFO - Saving checkpoint at 71000 iterations
2026/05/12 17:20:00 - mmengine - INFO - Iter(train) [71200/80000]  lr: 3.8739e-06  eta: 0:18:39  time: 0.1252  data_time: 0.0095  memory: 4174  grad_norm: 0.2063  loss: 0.0154  decode.loss_ce: 0.0103  decode.acc_seg: 99.4685  aux.loss_ce: 0.0051  aux.acc_seg: 99.3840
2026/05/12 17:20:24 - mmengine - INFO - Iter(train) [71400/80000]  lr: 3.7859e-06  eta: 0:18:14  time: 0.1214  data_time: 0.0098  memory: 4174  grad_norm: inf  loss: 0.0245  decode.loss_ce: 0.0168  decode.acc_seg: 98.4356  aux.loss_ce: 0.0077  aux.acc_seg: 98.3787
2026/05/12 17:20:49 - mmengine - INFO - Iter(train) [71600/80000]  lr: 3.6979e-06  eta: 0:17:48  time: 0.1239  data_time: 0.0093  memory: 4174  grad_norm: 0.1682  loss: 0.0161  decode.loss_ce: 0.0111  decode.acc_seg: 98.5333  aux.loss_ce: 0.0050  aux.acc_seg: 98.2327
2026/05/12 17:21:14 - mmengine - INFO - Iter(train) [71800/80000]  lr: 3.6098e-06  eta: 0:17:23  time: 0.1183  data_time: 0.0089  memory: 4174  grad_norm: 0.2314  loss: 0.0157  decode.loss_ce: 0.0106  decode.acc_seg: 99.3021  aux.loss_ce: 0.0050  aux.acc_seg: 99.3000
2026/05/12 17:21:39 - mmengine - INFO - Exp name: new_weijie_ddhr_1xb4_80k_1e-3_dp10_ld90_20260512_142826
2026/05/12 17:21:39 - mmengine - INFO - Iter(train) [72000/80000]  lr: 3.5218e-06  eta: 0:16:57  time: 0.1235  data_time: 0.0093  memory: 4174  grad_norm: 0.3990  loss: 0.0241  decode.loss_ce: 0.0168  decode.acc_seg: 99.0929  aux.loss_ce: 0.0073  aux.acc_seg: 98.9746
2026/05/12 17:21:39 - mmengine - INFO - Saving checkpoint at 72000 iterations
2026/05/12 17:21:49 - mmengine - INFO - Iter(val) [ 200/3086]    eta: 0:01:13  time: 0.0254  data_time: 0.0017  memory: 2000  
2026/05/12 17:21:54 - mmengine - INFO - Iter(val) [ 400/3086]    eta: 0:01:07  time: 0.0183  data_time: 0.0014  memory: 2000  
2026/05/12 17:21:58 - mmengine - INFO - Iter(val) [ 600/3086]    eta: 0:00:59  time: 0.0242  data_time: 0.0014  memory: 2000  
2026/05/12 17:22:03 - mmengine - INFO - Iter(val) [ 800/3086]    eta: 0:00:55  time: 0.0248  data_time: 0.0017  memory: 2000  
2026/05/12 17:22:08 - mmengine - INFO - Iter(val) [1000/3086]    eta: 0:00:50  time: 0.0190  data_time: 0.0015  memory: 2000  
2026/05/12 17:22:13 - mmengine - INFO - Iter(val) [1200/3086]    eta: 0:00:44  time: 0.0233  data_time: 0.0016  memory: 2000  
2026/05/12 17:22:17 - mmengine - INFO - Iter(val) [1400/3086]    eta: 0:00:39  time: 0.0241  data_time: 0.0017  memory: 2000  
2026/05/12 17:22:22 - mmengine - INFO - Iter(val) [1600/3086]    eta: 0:00:35  time: 0.0244  data_time: 0.0015  memory: 2000  
2026/05/12 17:22:27 - mmengine - INFO - Iter(val) [1800/3086]    eta: 0:00:30  time: 0.0243  data_time: 0.0018  memory: 2000  
2026/05/12 17:22:32 - mmengine - INFO - Iter(val) [2000/3086]    eta: 0:00:25  time: 0.0260  data_time: 0.0018  memory: 2000  
2026/05/12 17:22:36 - mmengine - INFO - Iter(val) [2200/3086]    eta: 0:00:21  time: 0.0260  data_time: 0.0020  memory: 2000  
2026/05/12 17:22:42 - mmengine - INFO - Iter(val) [2400/3086]    eta: 0:00:16  time: 0.0252  data_time: 0.0018  memory: 2000  
2026/05/12 17:22:47 - mmengine - INFO - Iter(val) [2600/3086]    eta: 0:00:11  time: 0.0249  data_time: 0.0018  memory: 2000  
2026/05/12 17:22:52 - mmengine - INFO - Iter(val) [2800/3086]    eta: 0:00:06  time: 0.0256  data_time: 0.0019  memory: 2000  
2026/05/12 17:22:57 - mmengine - INFO - Iter(val) [3000/3086]    eta: 0:00:02  time: 0.0259  data_time: 0.0019  memory: 2000  
2026/05/12 17:22:59 - mmengine - INFO - per class results:
2026/05/12 17:22:59 - mmengine - INFO - 
+----------+-------+-------+--------+-----------+--------+
|  Class   |  IoU  |  Acc  | Fscore | Precision | Recall |
+----------+-------+-------+--------+-----------+--------+
| Building | 90.96 | 95.94 | 95.27  |    94.6   | 95.94  |
|   Road   | 62.48 | 71.07 | 76.91  |   83.79   | 71.07  |
| Greenery | 84.41 | 91.58 | 91.55  |   91.51   | 91.58  |
|  Water   | 98.04 | 98.78 | 99.01  |   99.24   | 98.78  |
| Farmland | 79.29 | 89.18 | 88.45  |   87.73   | 89.18  |
+----------+-------+-------+--------+-----------+--------+
2026/05/12 17:22:59 - mmengine - INFO - Iter(val) [3086/3086]  aAcc: 93.2000  mIoU: 83.0400  mAcc: 89.3100  mFscore: 90.2400  mPrecision: 91.3700  mRecall: 89.3100  Kappa: 61.9300  data_time: 0.0016  time: 0.0199
2026/05/12 17:22:59 - mmengine - INFO - The previous best checkpoint /root/det/work_dirs/new_weijie_ddhr_1xb4_80k_1e-3_dp10_ld90/best_aAcc_iter_64000.pth is removed
2026/05/12 17:23:01 - mmengine - INFO - The best checkpoint with 93.2000 aAcc at 72000 iter is saved to best_aAcc_iter_72000.pth.
2026/05/12 17:23:25 - mmengine - INFO - Iter(train) [72200/80000]  lr: 3.4337e-06  eta: 0:16:32  time: 0.1242  data_time: 0.0094  memory: 4174  grad_norm: 0.2264  loss: 0.0177  decode.loss_ce: 0.0119  decode.acc_seg: 99.9589  aux.loss_ce: 0.0058  aux.acc_seg: 99.9737
2026/05/12 17:23:50 - mmengine - INFO - Iter(train) [72400/80000]  lr: 3.3457e-06  eta: 0:16:06  time: 0.1263  data_time: 0.0097  memory: 4174  grad_norm: 0.2029  loss: 0.0128  decode.loss_ce: 0.0087  decode.acc_seg: 99.6865  aux.loss_ce: 0.0041  aux.acc_seg: 99.6751
2026/05/12 17:24:15 - mmengine - INFO - Iter(train) [72600/80000]  lr: 3.2576e-06  eta: 0:15:41  time: 0.1037  data_time: 0.0075  memory: 4174  grad_norm: 0.3372  loss: 0.0199  decode.loss_ce: 0.0136  decode.acc_seg: 97.9308  aux.loss_ce: 0.0062  aux.acc_seg: 97.7485
2026/05/12 17:24:39 - mmengine - INFO - Iter(train) [72800/80000]  lr: 3.1696e-06  eta: 0:15:15  time: 0.1210  data_time: 0.0096  memory: 4174  grad_norm: 0.3164  loss: 0.0198  decode.loss_ce: 0.0135  decode.acc_seg: 98.2018  aux.loss_ce: 0.0063  aux.acc_seg: 97.8411
2026/05/12 17:25:04 - mmengine - INFO - Exp name: new_weijie_ddhr_1xb4_80k_1e-3_dp10_ld90_20260512_142826
2026/05/12 17:25:04 - mmengine - INFO - Iter(train) [73000/80000]  lr: 3.0816e-06  eta: 0:14:50  time: 0.1220  data_time: 0.0096  memory: 4174  grad_norm: 0.2855  loss: 0.0195  decode.loss_ce: 0.0133  decode.acc_seg: 97.0638  aux.loss_ce: 0.0062  aux.acc_seg: 96.4082
2026/05/12 17:25:04 - mmengine - INFO - Saving checkpoint at 73000 iterations
2026/05/12 17:25:34 - mmengine - INFO - Iter(train) [73200/80000]  lr: 2.9935e-06  eta: 0:14:25  time: 0.1249  data_time: 0.0092  memory: 4174  grad_norm: 0.2467  loss: 0.0171  decode.loss_ce: 0.0116  decode.acc_seg: 98.7473  aux.loss_ce: 0.0055  aux.acc_seg: 98.3352
2026/05/12 17:25:58 - mmengine - INFO - Iter(train) [73400/80000]  lr: 2.9055e-06  eta: 0:13:59  time: 0.1070  data_time: 0.0074  memory: 4174  grad_norm: 0.1862  loss: 0.0128  decode.loss_ce: 0.0085  decode.acc_seg: 98.4628  aux.loss_ce: 0.0043  aux.acc_seg: 97.8246
2026/05/12 17:26:22 - mmengine - INFO - Iter(train) [73600/80000]  lr: 2.8174e-06  eta: 0:13:33  time: 0.1242  data_time: 0.0096  memory: 4174  grad_norm: 0.2345  loss: 0.0197  decode.loss_ce: 0.0134  decode.acc_seg: 99.3121  aux.loss_ce: 0.0063  aux.acc_seg: 99.2633
2026/05/12 17:26:47 - mmengine - INFO - Iter(train) [73800/80000]  lr: 2.7294e-06  eta: 0:13:08  time: 0.1211  data_time: 0.0093  memory: 4174  grad_norm: 0.2207  loss: 0.0163  decode.loss_ce: 0.0110  decode.acc_seg: 97.4576  aux.loss_ce: 0.0053  aux.acc_seg: 96.1003
2026/05/12 17:27:12 - mmengine - INFO - Exp name: new_weijie_ddhr_1xb4_80k_1e-3_dp10_ld90_20260512_142826
2026/05/12 17:27:12 - mmengine - INFO - Iter(train) [74000/80000]  lr: 2.6413e-06  eta: 0:12:43  time: 0.1251  data_time: 0.0094  memory: 4174  grad_norm: 0.3302  loss: 0.0177  decode.loss_ce: 0.0123  decode.acc_seg: 99.5571  aux.loss_ce: 0.0054  aux.acc_seg: 99.4532
2026/05/12 17:27:12 - mmengine - INFO - Saving checkpoint at 74000 iterations
2026/05/12 17:27:41 - mmengine - INFO - Iter(train) [74200/80000]  lr: 2.5533e-06  eta: 0:12:17  time: 0.1231  data_time: 0.0090  memory: 4174  grad_norm: 0.1979  loss: 0.0128  decode.loss_ce: 0.0087  decode.acc_seg: 100.0000  aux.loss_ce: 0.0042  aux.acc_seg: 100.0000
2026/05/12 17:28:06 - mmengine - INFO - Iter(train) [74400/80000]  lr: 2.4652e-06  eta: 0:11:52  time: 0.1254  data_time: 0.0093  memory: 4174  grad_norm: 0.2598  loss: 0.0198  decode.loss_ce: 0.0131  decode.acc_seg: 99.5518  aux.loss_ce: 0.0067  aux.acc_seg: 99.2409
2026/05/12 17:28:31 - mmengine - INFO - Iter(train) [74600/80000]  lr: 2.3772e-06  eta: 0:11:26  time: 0.1236  data_time: 0.0091  memory: 4174  grad_norm: 0.2363  loss: 0.0168  decode.loss_ce: 0.0114  decode.acc_seg: 99.6977  aux.loss_ce: 0.0054  aux.acc_seg: 99.4458
2026/05/12 17:28:55 - mmengine - INFO - Iter(train) [74800/80000]  lr: 2.2892e-06  eta: 0:11:01  time: 0.1257  data_time: 0.0089  memory: 4174  grad_norm: 0.3519  loss: 0.0246  decode.loss_ce: 0.0170  decode.acc_seg: 97.2559  aux.loss_ce: 0.0076  aux.acc_seg: 97.2420
2026/05/12 17:29:20 - mmengine - INFO - Exp name: new_weijie_ddhr_1xb4_80k_1e-3_dp10_ld90_20260512_142826
2026/05/12 17:29:20 - mmengine - INFO - Iter(train) [75000/80000]  lr: 2.2011e-06  eta: 0:10:35  time: 0.1252  data_time: 0.0090  memory: 4174  grad_norm: 0.1852  loss: 0.0176  decode.loss_ce: 0.0118  decode.acc_seg: 99.9973  aux.loss_ce: 0.0058  aux.acc_seg: 99.9945
2026/05/12 17:29:20 - mmengine - INFO - Saving checkpoint at 75000 iterations
2026/05/12 17:29:50 - mmengine - INFO - Iter(train) [75200/80000]  lr: 2.1131e-06  eta: 0:10:10  time: 0.1254  data_time: 0.0099  memory: 4174  grad_norm: 0.2199  loss: 0.0167  decode.loss_ce: 0.0116  decode.acc_seg: 98.9037  aux.loss_ce: 0.0051  aux.acc_seg: 98.3795
2026/05/12 17:30:15 - mmengine - INFO - Iter(train) [75400/80000]  lr: 2.0250e-06  eta: 0:09:45  time: 0.1233  data_time: 0.0096  memory: 4174  grad_norm: 0.2982  loss: 0.0179  decode.loss_ce: 0.0124  decode.acc_seg: 98.5947  aux.loss_ce: 0.0056  aux.acc_seg: 98.2877
2026/05/12 17:30:38 - mmengine - INFO - Iter(train) [75600/80000]  lr: 1.9370e-06  eta: 0:09:19  time: 0.1215  data_time: 0.0092  memory: 4174  grad_norm: 0.3032  loss: 0.0199  decode.loss_ce: 0.0137  decode.acc_seg: 99.4346  aux.loss_ce: 0.0062  aux.acc_seg: 99.2543
2026/05/12 17:31:03 - mmengine - INFO - Iter(train) [75800/80000]  lr: 1.8489e-06  eta: 0:08:54  time: 0.1206  data_time: 0.0095  memory: 4174  grad_norm: 0.2160  loss: 0.0145  decode.loss_ce: 0.0100  decode.acc_seg: 98.9494  aux.loss_ce: 0.0045  aux.acc_seg: 98.6317
2026/05/12 17:31:27 - mmengine - INFO - Exp name: new_weijie_ddhr_1xb4_80k_1e-3_dp10_ld90_20260512_142826
2026/05/12 17:31:27 - mmengine - INFO - Iter(train) [76000/80000]  lr: 1.7609e-06  eta: 0:08:28  time: 0.1227  data_time: 0.0090  memory: 4174  grad_norm: 0.1562  loss: 0.0112  decode.loss_ce: 0.0076  decode.acc_seg: 98.6197  aux.loss_ce: 0.0035  aux.acc_seg: 98.5201
2026/05/12 17:31:27 - mmengine - INFO - Saving checkpoint at 76000 iterations
2026/05/12 17:31:38 - mmengine - INFO - Iter(val) [ 200/3086]    eta: 0:01:14  time: 0.0256  data_time: 0.0018  memory: 2000  
2026/05/12 17:31:43 - mmengine - INFO - Iter(val) [ 400/3086]    eta: 0:01:08  time: 0.0237  data_time: 0.0017  memory: 2000  
2026/05/12 17:31:48 - mmengine - INFO - Iter(val) [ 600/3086]    eta: 0:01:02  time: 0.0182  data_time: 0.0015  memory: 2000  
2026/05/12 17:31:52 - mmengine - INFO - Iter(val) [ 800/3086]    eta: 0:00:54  time: 0.0254  data_time: 0.0017  memory: 2000  
2026/05/12 17:31:57 - mmengine - INFO - Iter(val) [1000/3086]    eta: 0:00:50  time: 0.0258  data_time: 0.0017  memory: 2000  
2026/05/12 17:32:02 - mmengine - INFO - Iter(val) [1200/3086]    eta: 0:00:45  time: 0.0243  data_time: 0.0019  memory: 2000  
2026/05/12 17:32:07 - mmengine - INFO - Iter(val) [1400/3086]    eta: 0:00:41  time: 0.0244  data_time: 0.0019  memory: 2000  
2026/05/12 17:32:11 - mmengine - INFO - Iter(val) [1600/3086]    eta: 0:00:35  time: 0.0189  data_time: 0.0017  memory: 2000  
2026/05/12 17:32:16 - mmengine - INFO - Iter(val) [1800/3086]    eta: 0:00:30  time: 0.0189  data_time: 0.0012  memory: 2000  
2026/05/12 17:32:20 - mmengine - INFO - Iter(val) [2000/3086]    eta: 0:00:25  time: 0.0256  data_time: 0.0018  memory: 2000  
2026/05/12 17:32:25 - mmengine - INFO - Iter(val) [2200/3086]    eta: 0:00:20  time: 0.0257  data_time: 0.0016  memory: 2000  
2026/05/12 17:32:30 - mmengine - INFO - Iter(val) [2400/3086]    eta: 0:00:16  time: 0.0216  data_time: 0.0015  memory: 2000  
2026/05/12 17:32:34 - mmengine - INFO - Iter(val) [2600/3086]    eta: 0:00:11  time: 0.0267  data_time: 0.0018  memory: 2000  
2026/05/12 17:32:39 - mmengine - INFO - Iter(val) [2800/3086]    eta: 0:00:06  time: 0.0251  data_time: 0.0017  memory: 2000  
2026/05/12 17:32:44 - mmengine - INFO - Iter(val) [3000/3086]    eta: 0:00:02  time: 0.0248  data_time: 0.0018  memory: 2000  
2026/05/12 17:32:46 - mmengine - INFO - per class results:
2026/05/12 17:32:46 - mmengine - INFO - 
+----------+-------+-------+--------+-----------+--------+
|  Class   |  IoU  |  Acc  | Fscore | Precision | Recall |
+----------+-------+-------+--------+-----------+--------+
| Building | 91.09 | 95.61 | 95.34  |   95.06   | 95.61  |
|   Road   | 63.31 |  72.9 | 77.53  |   82.79   |  72.9  |
| Greenery | 84.65 | 92.08 | 91.69  |    91.3   | 92.08  |
|  Water   | 98.11 | 98.78 | 99.05  |   99.31   | 98.78  |
| Farmland | 79.48 | 89.39 | 88.57  |   87.76   | 89.39  |
+----------+-------+-------+--------+-----------+--------+
2026/05/12 17:32:46 - mmengine - INFO - Iter(val) [3086/3086]  aAcc: 93.3000  mIoU: 83.3300  mAcc: 89.7500  mFscore: 90.4300  mPrecision: 91.2400  mRecall: 89.7500  Kappa: 62.8700  data_time: 0.0018  time: 0.0256
2026/05/12 17:32:46 - mmengine - INFO - The previous best checkpoint /root/det/work_dirs/new_weijie_ddhr_1xb4_80k_1e-3_dp10_ld90/best_aAcc_iter_72000.pth is removed
2026/05/12 17:32:49 - mmengine - INFO - The best checkpoint with 93.3000 aAcc at 76000 iter is saved to best_aAcc_iter_76000.pth.
2026/05/12 17:33:14 - mmengine - INFO - Iter(train) [76200/80000]  lr: 1.6728e-06  eta: 0:08:03  time: 0.1269  data_time: 0.0094  memory: 4174  grad_norm: 0.2966  loss: 0.0158  decode.loss_ce: 0.0106  decode.acc_seg: 97.8494  aux.loss_ce: 0.0053  aux.acc_seg: 97.4407
2026/05/12 17:33:38 - mmengine - INFO - Iter(train) [76400/80000]  lr: 1.5848e-06  eta: 0:07:37  time: 0.1203  data_time: 0.0092  memory: 4174  grad_norm: 0.2512  loss: 0.0149  decode.loss_ce: 0.0100  decode.acc_seg: 99.0468  aux.loss_ce: 0.0048  aux.acc_seg: 98.8186
2026/05/12 17:34:03 - mmengine - INFO - Iter(train) [76600/80000]  lr: 1.4968e-06  eta: 0:07:12  time: 0.1221  data_time: 0.0093  memory: 4174  grad_norm: 0.2409  loss: 0.0164  decode.loss_ce: 0.0109  decode.acc_seg: 99.4416  aux.loss_ce: 0.0055  aux.acc_seg: 99.3681
2026/05/12 17:34:28 - mmengine - INFO - Iter(train) [76800/80000]  lr: 1.4087e-06  eta: 0:06:46  time: 0.1252  data_time: 0.0092  memory: 4174  grad_norm: 0.1586  loss: 0.0124  decode.loss_ce: 0.0083  decode.acc_seg: 98.7130  aux.loss_ce: 0.0040  aux.acc_seg: 98.3531
2026/05/12 17:34:53 - mmengine - INFO - Exp name: new_weijie_ddhr_1xb4_80k_1e-3_dp10_ld90_20260512_142826
2026/05/12 17:34:53 - mmengine - INFO - Iter(train) [77000/80000]  lr: 1.3207e-06  eta: 0:06:21  time: 0.1258  data_time: 0.0096  memory: 4174  grad_norm: 0.2889  loss: 0.0185  decode.loss_ce: 0.0124  decode.acc_seg: 98.7784  aux.loss_ce: 0.0061  aux.acc_seg: 98.5730
2026/05/12 17:34:53 - mmengine - INFO - Saving checkpoint at 77000 iterations
2026/05/12 17:35:23 - mmengine - INFO - Iter(train) [77200/80000]  lr: 1.2326e-06  eta: 0:05:56  time: 0.1261  data_time: 0.0094  memory: 4174  grad_norm: 0.2467  loss: 0.0204  decode.loss_ce: 0.0141  decode.acc_seg: 98.6856  aux.loss_ce: 0.0064  aux.acc_seg: 98.5732
2026/05/12 17:35:48 - mmengine - INFO - Iter(train) [77400/80000]  lr: 1.1446e-06  eta: 0:05:30  time: 0.1257  data_time: 0.0106  memory: 4174  grad_norm: 0.4739  loss: 0.0210  decode.loss_ce: 0.0140  decode.acc_seg: 98.7571  aux.loss_ce: 0.0070  aux.acc_seg: 98.5460
2026/05/12 17:36:13 - mmengine - INFO - Iter(train) [77600/80000]  lr: 1.0565e-06  eta: 0:05:05  time: 0.1247  data_time: 0.0090  memory: 4174  grad_norm: 0.2923  loss: 0.0174  decode.loss_ce: 0.0116  decode.acc_seg: 99.3873  aux.loss_ce: 0.0058  aux.acc_seg: 99.2707
2026/05/12 17:36:37 - mmengine - INFO - Iter(train) [77800/80000]  lr: 9.6849e-07  eta: 0:04:39  time: 0.1222  data_time: 0.0086  memory: 4174  grad_norm: 0.2516  loss: 0.0203  decode.loss_ce: 0.0137  decode.acc_seg: 99.5959  aux.loss_ce: 0.0066  aux.acc_seg: 99.3954
2026/05/12 17:37:02 - mmengine - INFO - Exp name: new_weijie_ddhr_1xb4_80k_1e-3_dp10_ld90_20260512_142826
2026/05/12 17:37:02 - mmengine - INFO - Iter(train) [78000/80000]  lr: 8.8044e-07  eta: 0:04:14  time: 0.1179  data_time: 0.0094  memory: 4174  grad_norm: 0.3073  loss: 0.0148  decode.loss_ce: 0.0101  decode.acc_seg: 98.5290  aux.loss_ce: 0.0047  aux.acc_seg: 98.5673
2026/05/12 17:37:02 - mmengine - INFO - Saving checkpoint at 78000 iterations
2026/05/12 17:37:35 - mmengine - INFO - Iter(train) [78200/80000]  lr: 7.9240e-07  eta: 0:03:49  time: 0.1311  data_time: 0.0108  memory: 4174  grad_norm: 0.2273  loss: 0.0172  decode.loss_ce: 0.0115  decode.acc_seg: 99.0061  aux.loss_ce: 0.0057  aux.acc_seg: 98.0639
2026/05/12 17:38:01 - mmengine - INFO - Iter(train) [78400/80000]  lr: 7.0435e-07  eta: 0:03:23  time: 0.1281  data_time: 0.0114  memory: 4174  grad_norm: 0.1807  loss: 0.0133  decode.loss_ce: 0.0085  decode.acc_seg: 98.6966  aux.loss_ce: 0.0048  aux.acc_seg: 97.5901
2026/05/12 17:38:28 - mmengine - INFO - Iter(train) [78600/80000]  lr: 6.1631e-07  eta: 0:02:58  time: 0.1359  data_time: 0.0120  memory: 4174  grad_norm: 0.2017  loss: 0.0147  decode.loss_ce: 0.0099  decode.acc_seg: 98.1579  aux.loss_ce: 0.0049  aux.acc_seg: 97.8427
2026/05/12 17:38:54 - mmengine - INFO - Iter(train) [78800/80000]  lr: 5.2827e-07  eta: 0:02:32  time: 0.1373  data_time: 0.0131  memory: 4174  grad_norm: 0.2026  loss: 0.0142  decode.loss_ce: 0.0096  decode.acc_seg: 98.1212  aux.loss_ce: 0.0046  aux.acc_seg: 97.8654
2026/05/12 17:39:21 - mmengine - INFO - Exp name: new_weijie_ddhr_1xb4_80k_1e-3_dp10_ld90_20260512_142826
2026/05/12 17:39:21 - mmengine - INFO - Iter(train) [79000/80000]  lr: 4.4022e-07  eta: 0:02:07  time: 0.1283  data_time: 0.0118  memory: 4174  grad_norm: 0.1849  loss: 0.0137  decode.loss_ce: 0.0092  decode.acc_seg: 99.5337  aux.loss_ce: 0.0045  aux.acc_seg: 99.3458
2026/05/12 17:39:21 - mmengine - INFO - Saving checkpoint at 79000 iterations
2026/05/12 17:39:53 - mmengine - INFO - Iter(train) [79200/80000]  lr: 3.5218e-07  eta: 0:01:41  time: 0.1299  data_time: 0.0101  memory: 4174  grad_norm: 0.1486  loss: 0.0104  decode.loss_ce: 0.0070  decode.acc_seg: 99.7819  aux.loss_ce: 0.0033  aux.acc_seg: 99.6749
2026/05/12 17:40:19 - mmengine - INFO - Iter(train) [79400/80000]  lr: 2.6413e-07  eta: 0:01:16  time: 0.1297  data_time: 0.0114  memory: 4174  grad_norm: 0.2547  loss: 0.0183  decode.loss_ce: 0.0126  decode.acc_seg: 99.1832  aux.loss_ce: 0.0057  aux.acc_seg: 98.8714
2026/05/12 17:40:46 - mmengine - INFO - Iter(train) [79600/80000]  lr: 1.7609e-07  eta: 0:00:50  time: 0.1322  data_time: 0.0123  memory: 4174  grad_norm: 0.2304  loss: 0.0231  decode.loss_ce: 0.0153  decode.acc_seg: 99.0511  aux.loss_ce: 0.0077  aux.acc_seg: 98.6584
2026/05/12 17:41:12 - mmengine - INFO - Iter(train) [79800/80000]  lr: 8.8044e-08  eta: 0:00:25  time: 0.1301  data_time: 0.0114  memory: 4174  grad_norm: 0.1443  loss: 0.0123  decode.loss_ce: 0.0083  decode.acc_seg: 99.4938  aux.loss_ce: 0.0040  aux.acc_seg: 99.4769
2026/05/12 17:41:38 - mmengine - INFO - Exp name: new_weijie_ddhr_1xb4_80k_1e-3_dp10_ld90_20260512_142826
2026/05/12 17:41:38 - mmengine - INFO - Iter(train) [80000/80000]  lr: 0.0000e+00  eta: 0:00:00  time: 0.1290  data_time: 0.0117  memory: 4174  grad_norm: 0.2600  loss: 0.0215  decode.loss_ce: 0.0144  decode.acc_seg: 98.1667  aux.loss_ce: 0.0071  aux.acc_seg: 97.8233
2026/05/12 17:41:38 - mmengine - INFO - Saving checkpoint at 80000 iterations
2026/05/12 17:41:49 - mmengine - INFO - Iter(val) [ 200/3086]    eta: 0:01:23  time: 0.0272  data_time: 0.0020  memory: 2000  
2026/05/12 17:41:54 - mmengine - INFO - Iter(val) [ 400/3086]    eta: 0:01:10  time: 0.0202  data_time: 0.0018  memory: 2000  
2026/05/12 17:41:59 - mmengine - INFO - Iter(val) [ 600/3086]    eta: 0:01:04  time: 0.0257  data_time: 0.0019  memory: 2000  
2026/05/12 17:42:04 - mmengine - INFO - Iter(val) [ 800/3086]    eta: 0:00:59  time: 0.0269  data_time: 0.0020  memory: 2000  
2026/05/12 17:42:10 - mmengine - INFO - Iter(val) [1000/3086]    eta: 0:00:55  time: 0.0281  data_time: 0.0031  memory: 2000  
2026/05/12 17:42:15 - mmengine - INFO - Iter(val) [1200/3086]    eta: 0:00:49  time: 0.0271  data_time: 0.0024  memory: 2000  
2026/05/12 17:42:21 - mmengine - INFO - Iter(val) [1400/3086]    eta: 0:00:44  time: 0.0275  data_time: 0.0020  memory: 2000  
2026/05/12 17:42:27 - mmengine - INFO - Iter(val) [1600/3086]    eta: 0:00:39  time: 0.0264  data_time: 0.0025  memory: 2000  
2026/05/12 17:42:32 - mmengine - INFO - Iter(val) [1800/3086]    eta: 0:00:34  time: 0.0275  data_time: 0.0026  memory: 2000  
2026/05/12 17:42:38 - mmengine - INFO - Iter(val) [2000/3086]    eta: 0:00:29  time: 0.0266  data_time: 0.0023  memory: 2000  
2026/05/12 17:42:43 - mmengine - INFO - Iter(val) [2200/3086]    eta: 0:00:23  time: 0.0555  data_time: 0.0020  memory: 2000  
2026/05/12 17:42:48 - mmengine - INFO - Iter(val) [2400/3086]    eta: 0:00:18  time: 0.0196  data_time: 0.0015  memory: 2000  
2026/05/12 17:42:52 - mmengine - INFO - Iter(val) [2600/3086]    eta: 0:00:12  time: 0.0188  data_time: 0.0014  memory: 2000  
2026/05/12 17:42:56 - mmengine - INFO - Iter(val) [2800/3086]    eta: 0:00:07  time: 0.0260  data_time: 0.0021  memory: 2000  
2026/05/12 17:43:01 - mmengine - INFO - Iter(val) [3000/3086]    eta: 0:00:02  time: 0.0256  data_time: 0.0019  memory: 2000  
2026/05/12 17:43:03 - mmengine - INFO - per class results:
2026/05/12 17:43:03 - mmengine - INFO - 
+----------+-------+-------+--------+-----------+--------+
|  Class   |  IoU  |  Acc  | Fscore | Precision | Recall |
+----------+-------+-------+--------+-----------+--------+
| Building | 91.14 | 95.99 | 95.36  |   94.75   | 95.99  |
|   Road   | 63.36 | 72.56 | 77.57  |   83.34   | 72.56  |
| Greenery |  84.7 | 91.51 | 91.72  |   91.93   | 91.51  |
|  Water   | 98.13 | 98.71 | 99.06  |   99.41   | 98.71  |
| Farmland | 79.59 |  89.7 | 88.63  |   87.59   |  89.7  |
+----------+-------+-------+--------+-----------+--------+
2026/05/12 17:43:03 - mmengine - INFO - Iter(val) [3086/3086]  aAcc: 93.3400  mIoU: 83.3900  mAcc: 89.6900  mFscore: 90.4700  mPrecision: 91.4000  mRecall: 89.6900  Kappa: 62.6200  data_time: 0.0019  time: 0.0255
2026/05/12 17:43:04 - mmengine - INFO - The previous best checkpoint /root/det/work_dirs/new_weijie_ddhr_1xb4_80k_1e-3_dp10_ld90/best_aAcc_iter_76000.pth is removed
2026/05/12 17:43:06 - mmengine - INFO - The best checkpoint with 93.3400 aAcc at 80000 iter is saved to best_aAcc_iter_80000.pth.
