2026/05/14 16:54:26 - mmengine - INFO - 
------------------------------------------------------------
System environment:
    sys.platform: linux
    Python: 3.8.10 (default, Jun  4 2021, 15:09:15) [GCC 7.5.0]
    CUDA available: True
    numpy_random_seed: 14001699
    GPU 0: NVIDIA GeForce RTX 4090 D
    CUDA_HOME: /usr/local/cuda
    NVCC: Cuda compilation tools, release 11.8, V11.8.89
    GCC: gcc (Ubuntu 9.4.0-1ubuntu1~20.04.1) 9.4.0
    PyTorch: 2.0.0+cu118
    PyTorch compiling details: PyTorch built with:
  - GCC 9.3
  - C++ Version: 201703
  - Intel(R) oneAPI Math Kernel Library Version 2022.2-Product Build 20220804 for Intel(R) 64 architecture applications
  - Intel(R) MKL-DNN v2.7.3 (Git Hash 6dbeffbae1f23cbbeae17adb7b5b13f1f37c080e)
  - OpenMP 201511 (a.k.a. OpenMP 4.5)
  - LAPACK is enabled (usually provided by MKL)
  - NNPACK is enabled
  - CPU capability usage: AVX2
  - CUDA Runtime 11.8
  - NVCC architecture flags: -gencode;arch=compute_37,code=sm_37;-gencode;arch=compute_50,code=sm_50;-gencode;arch=compute_60,code=sm_60;-gencode;arch=compute_70,code=sm_70;-gencode;arch=compute_75,code=sm_75;-gencode;arch=compute_80,code=sm_80;-gencode;arch=compute_86,code=sm_86;-gencode;arch=compute_90,code=sm_90
  - CuDNN 8.7
  - Magma 2.6.1
  - Build settings: BLAS_INFO=mkl, BUILD_TYPE=Release, CUDA_VERSION=11.8, CUDNN_VERSION=8.7.0, CXX_COMPILER=/opt/rh/devtoolset-9/root/usr/bin/c++, CXX_FLAGS= -D_GLIBCXX_USE_CXX11_ABI=0 -fabi-version=11 -Wno-deprecated -fvisibility-inlines-hidden -DUSE_PTHREADPOOL -DNDEBUG -DUSE_KINETO -DLIBKINETO_NOROCTRACER -DUSE_FBGEMM -DUSE_QNNPACK -DUSE_PYTORCH_QNNPACK -DUSE_XNNPACK -DSYMBOLICATE_MOBILE_DEBUG_HANDLE -O2 -fPIC -Wall -Wextra -Werror=return-type -Werror=non-virtual-dtor -Werror=bool-operation -Wnarrowing -Wno-missing-field-initializers -Wno-type-limits -Wno-array-bounds -Wno-unknown-pragmas -Wunused-local-typedefs -Wno-unused-parameter -Wno-unused-function -Wno-unused-result -Wno-strict-overflow -Wno-strict-aliasing -Wno-error=deprecated-declarations -Wno-stringop-overflow -Wno-psabi -Wno-error=pedantic -Wno-error=redundant-decls -Wno-error=old-style-cast -fdiagnostics-color=always -faligned-new -Wno-unused-but-set-variable -Wno-maybe-uninitialized -fno-math-errno -fno-trapping-math -Werror=format -Werror=cast-function-type -Wno-stringop-overflow, LAPACK_INFO=mkl, PERF_WITH_AVX=1, PERF_WITH_AVX2=1, PERF_WITH_AVX512=1, TORCH_DISABLE_GPU_ASSERTS=ON, TORCH_VERSION=2.0.0, USE_CUDA=ON, USE_CUDNN=ON, USE_EXCEPTION_PTR=1, USE_GFLAGS=OFF, USE_GLOG=OFF, USE_MKL=ON, USE_MKLDNN=ON, USE_MPI=OFF, USE_NCCL=1, USE_NNPACK=ON, USE_OPENMP=ON, USE_ROCM=OFF, 

    TorchVision: 0.15.1+cu118
    OpenCV: 4.9.0
    MMEngine: 0.7.1

Runtime environment:
    cudnn_benchmark: True
    mp_cfg: {'mp_start_method': 'fork', 'opencv_num_threads': 0}
    dist_cfg: {'backend': 'nccl'}
    seed: None
    Distributed launcher: none
    Distributed training: False
    GPU number: 1
------------------------------------------------------------

2026/05/14 16:54:26 - mmengine - INFO - Config:
auto_scale_lr = dict(enable=False, base_batch_size=32)
work_dir = './work_dirs/large_weijie_ddhr_1xb4_80k_6e-4'
model = dict(
    type='EncoderDecoder',
    data_preprocessor=dict(
        type='SegDataPreProcessor',
        mean=[53.7795, 53.7795, 53.7795],
        std=[55.539, 55.539, 55.539],
        bgr_to_rgb=True,
        pad_val=0,
        seg_pad_val=255,
        size=(256, 256)),
    pretrained=None,
    backbone=dict(
        type='iTPN_weijie',
        img_size=256,
        patch_size=16,
        in_channels=3,
        embed_dim=768,
        mlp_depth1=2,
        mlp_depth2=2,
        depth=40,
        fpn_dim=256,
        fpn_depth=2,
        num_heads=12,
        mlp_ratio=4,
        qv_bias=True,
        attn_drop_rate=0.0,
        drop_path_rate=0.2,
        norm_cfg=dict(type='LN', eps=1e-06),
        act_cfg=dict(type='GELU'),
        norm_eval=False,
        init_values=None,
        modality='SAR',
        qkv_bias=True,
        ape=True,
        rpe=False,
        num_outs=4,
        use_checkpoint=False,
        init_cfg=dict(
            type='Pretrained',
            checkpoint=
            '/root/autodl-tmp/weights/weijie_saratrx_2_large/checkpoint-1200.pth'
        )),
    neck=None,
    decode_head=dict(
        type='UPerHead',
        in_channels=[448, 640, 1024, 1024],
        in_index=[0, 1, 2, 3],
        pool_scales=(1, 2, 3, 6),
        channels=768,
        dropout_ratio=0.1,
        num_classes=5,
        norm_cfg=dict(type='BN', requires_grad=True),
        align_corners=False,
        loss_decode=dict(
            type='CrossEntropyLoss', use_sigmoid=False, loss_weight=1.0)),
    auxiliary_head=dict(
        type='FCNHead',
        in_channels=1024,
        in_index=2,
        channels=256,
        num_convs=1,
        concat_input=False,
        dropout_ratio=0.1,
        num_classes=5,
        norm_cfg=dict(type='BN', requires_grad=True),
        align_corners=False,
        loss_decode=dict(
            type='CrossEntropyLoss', use_sigmoid=False, loss_weight=0.4)),
    train_cfg=dict(),
    test_cfg=dict(mode='whole'))
dataset_type = 'DDHRSKDataset'
data_root = '/root/autodl-tmp/DDHRSK/'
crop_size = (256, 256)
train_pipeline = [
    dict(type='LoadImageFromFile'),
    dict(type='LoadAnnotations', reduce_zero_label=False),
    dict(
        type='RandomResize',
        scale=(512, 128),
        ratio_range=(0.5, 2.0),
        keep_ratio=True),
    dict(type='RandomCrop', crop_size=(256, 256), cat_max_ratio=0.75),
    dict(type='RandomFlip', prob=0.5),
    dict(type='PackSegInputs')
]
test_pipeline = [
    dict(type='LoadImageFromFile'),
    dict(type='LoadAnnotations', reduce_zero_label=False),
    dict(type='Resize', scale=(256, 256), keep_ratio=True),
    dict(type='PackSegInputs')
]
train_dataloader = dict(
    batch_size=4,
    num_workers=4,
    persistent_workers=True,
    sampler=dict(type='InfiniteSampler', shuffle=True),
    dataset=dict(
        type='DDHRSKDataset',
        data_root='/root/autodl-tmp/DDHRSK/',
        data_prefix=dict(
            img_path='sar_images_train', seg_map_path='anns_train'),
        pipeline=[
            dict(type='LoadImageFromFile'),
            dict(type='LoadAnnotations', reduce_zero_label=False),
            dict(
                type='RandomResize',
                scale=(512, 128),
                ratio_range=(0.5, 2.0),
                keep_ratio=True),
            dict(type='RandomCrop', crop_size=(256, 256), cat_max_ratio=0.75),
            dict(type='RandomFlip', prob=0.5),
            dict(type='PackSegInputs')
        ]))
val_dataloader = dict(
    batch_size=1,
    num_workers=4,
    persistent_workers=True,
    sampler=dict(type='DefaultSampler', shuffle=False),
    dataset=dict(
        type='DDHRSKDataset',
        data_root='/root/autodl-tmp/DDHRSK/',
        data_prefix=dict(img_path='sar_images_val', seg_map_path='anns_val'),
        pipeline=[
            dict(type='LoadImageFromFile'),
            dict(type='LoadAnnotations', reduce_zero_label=False),
            dict(type='Resize', scale=(256, 256), keep_ratio=True),
            dict(type='PackSegInputs')
        ]))
test_dataloader = dict(
    batch_size=1,
    num_workers=4,
    persistent_workers=True,
    sampler=dict(type='DefaultSampler', shuffle=False),
    dataset=dict(
        type='DDHRSKDataset',
        data_root='/root/autodl-tmp/DDHRSK/',
        data_prefix=dict(img_path='sar_images_val', seg_map_path='anns_val'),
        pipeline=[
            dict(type='LoadImageFromFile'),
            dict(type='LoadAnnotations', reduce_zero_label=False),
            dict(type='Resize', scale=(256, 256), keep_ratio=True),
            dict(type='PackSegInputs')
        ]))
val_evaluator = dict(
    type='CustomIoUMetric', iou_metrics=['mIoU', 'mFscore', 'Kappa'])
test_evaluator = dict(
    type='CustomIoUMetric', iou_metrics=['mIoU', 'mFscore', 'Kappa'])
default_scope = 'mmseg'
env_cfg = dict(
    cudnn_benchmark=True,
    mp_cfg=dict(mp_start_method='fork', opencv_num_threads=0),
    dist_cfg=dict(backend='nccl'))
vis_backends = [dict(type='LocalVisBackend')]
visualizer = dict(
    type='SegLocalVisualizer',
    vis_backends=[dict(type='LocalVisBackend')],
    name='visualizer')
log_processor = dict(by_epoch=False)
log_level = 'INFO'
load_from = None
resume = False
tta_model = dict(type='SegTTAModel')
optim_wrapper = dict(
    type='AmpOptimWrapper',
    loss_scale='dynamic',
    clip_grad=dict(max_norm=35, norm_type=2),
    constructor='itpn_LayerDecayOptimizerConstructor',
    paramwise_cfg=dict(
        decay_type='layer_wise',
        num_layers=45,
        decay_rate=0.9,
        absolute_pos_embed=dict(decay_mult=0.0),
        relative_position_bias_table=dict(decay_mult=0.0),
        norm=dict(decay_mult=0.0)),
    optimizer=dict(
        type='AdamW', lr=0.0004, betas=(0.9, 0.999), weight_decay=0.05))
train_cfg = dict(type='IterBasedTrainLoop', max_iters=80000, val_interval=4000)
param_scheduler = [
    dict(
        type='LinearLR', start_factor=1e-06, by_epoch=False, begin=0,
        end=2000),
    dict(
        type='PolyLR',
        eta_min=0.0,
        power=1.0,
        begin=2000,
        end=80000,
        by_epoch=False)
]
val_cfg = dict(type='ValLoop')
test_cfg = dict(type='TestLoop')
default_hooks = dict(
    timer=dict(type='IterTimerHook'),
    logger=dict(type='LoggerHook', interval=200, log_metric_by_epoch=False),
    param_scheduler=dict(type='ParamSchedulerHook'),
    checkpoint=dict(
        type='CheckpointHook',
        save_best='auto',
        max_keep_ckpts=1,
        by_epoch=False,
        interval=4000),
    sampler_seed=dict(type='DistSamplerSeedHook'),
    visualization=dict(type='SegVisualizationHook'))
launcher = 'none'

2026/05/14 16:54:35 - mmengine - INFO - Distributed training is not used, all SyncBatchNorm (SyncBN) layers in the model will be automatically reverted to BatchNormXd layers if they are used.
2026/05/14 16:54:35 - mmengine - INFO - Hooks will be executed in the following order:
before_run:
(VERY_HIGH   ) RuntimeInfoHook                    
(BELOW_NORMAL) LoggerHook                         
 -------------------- 
before_train:
(VERY_HIGH   ) RuntimeInfoHook                    
(NORMAL      ) IterTimerHook                      
(VERY_LOW    ) CheckpointHook                     
 -------------------- 
before_train_epoch:
(VERY_HIGH   ) RuntimeInfoHook                    
(NORMAL      ) IterTimerHook                      
(NORMAL      ) DistSamplerSeedHook                
 -------------------- 
before_train_iter:
(VERY_HIGH   ) RuntimeInfoHook                    
(NORMAL      ) IterTimerHook                      
 -------------------- 
after_train_iter:
(VERY_HIGH   ) RuntimeInfoHook                    
(NORMAL      ) IterTimerHook                      
(NORMAL      ) SegVisualizationHook               
(BELOW_NORMAL) LoggerHook                         
(LOW         ) ParamSchedulerHook                 
(VERY_LOW    ) CheckpointHook                     
 -------------------- 
after_train_epoch:
(NORMAL      ) IterTimerHook                      
(LOW         ) ParamSchedulerHook                 
(VERY_LOW    ) CheckpointHook                     
 -------------------- 
before_val_epoch:
(NORMAL      ) IterTimerHook                      
 -------------------- 
before_val_iter:
(NORMAL      ) IterTimerHook                      
 -------------------- 
after_val_iter:
(NORMAL      ) IterTimerHook                      
(NORMAL      ) SegVisualizationHook               
(BELOW_NORMAL) LoggerHook                         
 -------------------- 
after_val_epoch:
(VERY_HIGH   ) RuntimeInfoHook                    
(NORMAL      ) IterTimerHook                      
(BELOW_NORMAL) LoggerHook                         
(LOW         ) ParamSchedulerHook                 
(VERY_LOW    ) CheckpointHook                     
 -------------------- 
after_train:
(VERY_LOW    ) CheckpointHook                     
 -------------------- 
before_test_epoch:
(NORMAL      ) IterTimerHook                      
 -------------------- 
before_test_iter:
(NORMAL      ) IterTimerHook                      
 -------------------- 
after_test_iter:
(NORMAL      ) IterTimerHook                      
(NORMAL      ) SegVisualizationHook               
(BELOW_NORMAL) LoggerHook                         
 -------------------- 
after_test_epoch:
(VERY_HIGH   ) RuntimeInfoHook                    
(NORMAL      ) IterTimerHook                      
(BELOW_NORMAL) LoggerHook                         
 -------------------- 
after_run:
(BELOW_NORMAL) LoggerHook                         
 -------------------- 
2026/05/14 16:54:36 - mmengine - INFO - self.paramwise_cfg is {'decay_type': 'layer_wise', 'num_layers': 45, 'decay_rate': 0.9, 'absolute_pos_embed': {'decay_mult': 0.0}, 'relative_position_bias_table': {'decay_mult': 0.0}, 'norm': {'decay_mult': 0.0}}
2026/05/14 16:54:36 - mmengine - INFO - Build LearningRateDecayOptimizerConstructor  layer_wise 0.9 - 47
2026/05/14 16:54:36 - mmengine - INFO - set param backbone.absolute_pos_embed as id 0
2026/05/14 16:54:36 - mmengine - INFO - set param backbone.patch_embed.proj.weight as id 0
2026/05/14 16:54:36 - mmengine - INFO - set param backbone.patch_embed.proj.bias as id 0
2026/05/14 16:54:36 - mmengine - INFO - set param backbone.patch_embed.norm.weight as id 0
2026/05/14 16:54:36 - mmengine - INFO - set param backbone.patch_embed.norm.bias as id 0
2026/05/14 16:54:36 - mmengine - INFO - set param backbone.blocks.0.norm2.weight as id 1
2026/05/14 16:54:36 - mmengine - INFO - set param backbone.blocks.0.norm2.bias as id 1
2026/05/14 16:54:36 - mmengine - INFO - set param backbone.blocks.0.mlp.fc1.weight as id 1
2026/05/14 16:54:36 - mmengine - INFO - set param backbone.blocks.0.mlp.fc1.bias as id 1
2026/05/14 16:54:36 - mmengine - INFO - set param backbone.blocks.0.mlp.fc2.weight as id 1
2026/05/14 16:54:36 - mmengine - INFO - set param backbone.blocks.0.mlp.fc2.bias as id 1
2026/05/14 16:54:36 - mmengine - INFO - set param backbone.blocks.1.norm2.weight as id 2
2026/05/14 16:54:36 - mmengine - INFO - set param backbone.blocks.1.norm2.bias as id 2
2026/05/14 16:54:36 - mmengine - INFO - set param backbone.blocks.1.mlp.fc1.weight as id 2
2026/05/14 16:54:36 - mmengine - INFO - set param backbone.blocks.1.mlp.fc1.bias as id 2
2026/05/14 16:54:36 - mmengine - INFO - set param backbone.blocks.1.mlp.fc2.weight as id 2
2026/05/14 16:54:36 - mmengine - INFO - set param backbone.blocks.1.mlp.fc2.bias as id 2
2026/05/14 16:54:36 - mmengine - INFO - set param backbone.blocks.2.norm.weight as id 3
2026/05/14 16:54:36 - mmengine - INFO - set param backbone.blocks.2.norm.bias as id 3
2026/05/14 16:54:36 - mmengine - INFO - set param backbone.blocks.2.reduction.weight as id 3
2026/05/14 16:54:36 - mmengine - INFO - set param backbone.blocks.3.norm2.weight as id 4
2026/05/14 16:54:36 - mmengine - INFO - set param backbone.blocks.3.norm2.bias as id 4
2026/05/14 16:54:36 - mmengine - INFO - set param backbone.blocks.3.mlp.fc1.weight as id 4
2026/05/14 16:54:36 - mmengine - INFO - set param backbone.blocks.3.mlp.fc1.bias as id 4
2026/05/14 16:54:36 - mmengine - INFO - set param backbone.blocks.3.mlp.fc2.weight as id 4
2026/05/14 16:54:36 - mmengine - INFO - set param backbone.blocks.3.mlp.fc2.bias as id 4
2026/05/14 16:54:36 - mmengine - INFO - set param backbone.blocks.4.norm2.weight as id 5
2026/05/14 16:54:36 - mmengine - INFO - set param backbone.blocks.4.norm2.bias as id 5
2026/05/14 16:54:36 - mmengine - INFO - set param backbone.blocks.4.mlp.fc1.weight as id 5
2026/05/14 16:54:36 - mmengine - INFO - set param backbone.blocks.4.mlp.fc1.bias as id 5
2026/05/14 16:54:36 - mmengine - INFO - set param backbone.blocks.4.mlp.fc2.weight as id 5
2026/05/14 16:54:36 - mmengine - INFO - set param backbone.blocks.4.mlp.fc2.bias as id 5
2026/05/14 16:54:36 - mmengine - INFO - set param backbone.blocks.5.norm.weight as id 6
2026/05/14 16:54:36 - mmengine - INFO - set param backbone.blocks.5.norm.bias as id 6
2026/05/14 16:54:36 - mmengine - INFO - set param backbone.blocks.5.reduction.weight as id 6
2026/05/14 16:54:36 - mmengine - INFO - set param backbone.blocks.6.norm1.weight as id 7
2026/05/14 16:54:36 - mmengine - INFO - set param backbone.blocks.6.norm1.bias as id 7
2026/05/14 16:54:36 - mmengine - INFO - set param backbone.blocks.6.attn.qkv.weight as id 7
2026/05/14 16:54:36 - mmengine - INFO - set param backbone.blocks.6.attn.qkv.bias as id 7
2026/05/14 16:54:36 - mmengine - INFO - set param backbone.blocks.6.attn.proj.weight as id 7
2026/05/14 16:54:36 - mmengine - INFO - set param backbone.blocks.6.attn.proj.bias as id 7
2026/05/14 16:54:36 - mmengine - INFO - set param backbone.blocks.6.norm2.weight as id 7
2026/05/14 16:54:36 - mmengine - INFO - set param backbone.blocks.6.norm2.bias as id 7
2026/05/14 16:54:36 - mmengine - INFO - set param backbone.blocks.6.mlp.fc1.weight as id 7
2026/05/14 16:54:36 - mmengine - INFO - set param backbone.blocks.6.mlp.fc1.bias as id 7
2026/05/14 16:54:36 - mmengine - INFO - set param backbone.blocks.6.mlp.fc2.weight as id 7
2026/05/14 16:54:36 - mmengine - INFO - set param backbone.blocks.6.mlp.fc2.bias as id 7
2026/05/14 16:54:36 - mmengine - INFO - set param backbone.blocks.7.norm1.weight as id 8
2026/05/14 16:54:36 - mmengine - INFO - set param backbone.blocks.7.norm1.bias as id 8
2026/05/14 16:54:36 - mmengine - INFO - set param backbone.blocks.7.attn.qkv.weight as id 8
2026/05/14 16:54:36 - mmengine - INFO - set param backbone.blocks.7.attn.qkv.bias as id 8
2026/05/14 16:54:36 - mmengine - INFO - set param backbone.blocks.7.attn.proj.weight as id 8
2026/05/14 16:54:36 - mmengine - INFO - set param backbone.blocks.7.attn.proj.bias as id 8
2026/05/14 16:54:36 - mmengine - INFO - set param backbone.blocks.7.norm2.weight as id 8
2026/05/14 16:54:36 - mmengine - INFO - set param backbone.blocks.7.norm2.bias as id 8
2026/05/14 16:54:36 - mmengine - INFO - set param backbone.blocks.7.mlp.fc1.weight as id 8
2026/05/14 16:54:36 - mmengine - INFO - set param backbone.blocks.7.mlp.fc1.bias as id 8
2026/05/14 16:54:36 - mmengine - INFO - set param backbone.blocks.7.mlp.fc2.weight as id 8
2026/05/14 16:54:36 - mmengine - INFO - set param backbone.blocks.7.mlp.fc2.bias as id 8
2026/05/14 16:54:36 - mmengine - INFO - set param backbone.blocks.8.norm1.weight as id 9
2026/05/14 16:54:36 - mmengine - INFO - set param backbone.blocks.8.norm1.bias as id 9
2026/05/14 16:54:36 - mmengine - INFO - set param backbone.blocks.8.attn.qkv.weight as id 9
2026/05/14 16:54:36 - mmengine - INFO - set param backbone.blocks.8.attn.qkv.bias as id 9
2026/05/14 16:54:36 - mmengine - INFO - set param backbone.blocks.8.attn.proj.weight as id 9
2026/05/14 16:54:36 - mmengine - INFO - set param backbone.blocks.8.attn.proj.bias as id 9
2026/05/14 16:54:36 - mmengine - INFO - set param backbone.blocks.8.norm2.weight as id 9
2026/05/14 16:54:36 - mmengine - INFO - set param backbone.blocks.8.norm2.bias as id 9
2026/05/14 16:54:36 - mmengine - INFO - set param backbone.blocks.8.mlp.fc1.weight as id 9
2026/05/14 16:54:36 - mmengine - INFO - set param backbone.blocks.8.mlp.fc1.bias as id 9
2026/05/14 16:54:36 - mmengine - INFO - set param backbone.blocks.8.mlp.fc2.weight as id 9
2026/05/14 16:54:36 - mmengine - INFO - set param backbone.blocks.8.mlp.fc2.bias as id 9
2026/05/14 16:54:36 - mmengine - INFO - set param backbone.blocks.9.norm1.weight as id 10
2026/05/14 16:54:36 - mmengine - INFO - set param backbone.blocks.9.norm1.bias as id 10
2026/05/14 16:54:36 - mmengine - INFO - set param backbone.blocks.9.attn.qkv.weight as id 10
2026/05/14 16:54:36 - mmengine - INFO - set param backbone.blocks.9.attn.qkv.bias as id 10
2026/05/14 16:54:36 - mmengine - INFO - set param backbone.blocks.9.attn.proj.weight as id 10
2026/05/14 16:54:36 - mmengine - INFO - set param backbone.blocks.9.attn.proj.bias as id 10
2026/05/14 16:54:36 - mmengine - INFO - set param backbone.blocks.9.norm2.weight as id 10
2026/05/14 16:54:36 - mmengine - INFO - set param backbone.blocks.9.norm2.bias as id 10
2026/05/14 16:54:36 - mmengine - INFO - set param backbone.blocks.9.mlp.fc1.weight as id 10
2026/05/14 16:54:36 - mmengine - INFO - set param backbone.blocks.9.mlp.fc1.bias as id 10
2026/05/14 16:54:36 - mmengine - INFO - set param backbone.blocks.9.mlp.fc2.weight as id 10
2026/05/14 16:54:36 - mmengine - INFO - set param backbone.blocks.9.mlp.fc2.bias as id 10
2026/05/14 16:54:36 - mmengine - INFO - set param backbone.blocks.10.norm1.weight as id 11
2026/05/14 16:54:36 - mmengine - INFO - set param backbone.blocks.10.norm1.bias as id 11
2026/05/14 16:54:36 - mmengine - INFO - set param backbone.blocks.10.attn.qkv.weight as id 11
2026/05/14 16:54:36 - mmengine - INFO - set param backbone.blocks.10.attn.qkv.bias as id 11
2026/05/14 16:54:36 - mmengine - INFO - set param backbone.blocks.10.attn.proj.weight as id 11
2026/05/14 16:54:36 - mmengine - INFO - set param backbone.blocks.10.attn.proj.bias as id 11
2026/05/14 16:54:36 - mmengine - INFO - set param backbone.blocks.10.norm2.weight as id 11
2026/05/14 16:54:36 - mmengine - INFO - set param backbone.blocks.10.norm2.bias as id 11
2026/05/14 16:54:36 - mmengine - INFO - set param backbone.blocks.10.mlp.fc1.weight as id 11
2026/05/14 16:54:36 - mmengine - INFO - set param backbone.blocks.10.mlp.fc1.bias as id 11
2026/05/14 16:54:36 - mmengine - INFO - set param backbone.blocks.10.mlp.fc2.weight as id 11
2026/05/14 16:54:36 - mmengine - INFO - set param backbone.blocks.10.mlp.fc2.bias as id 11
2026/05/14 16:54:36 - mmengine - INFO - set param backbone.blocks.11.norm1.weight as id 12
2026/05/14 16:54:36 - mmengine - INFO - set param backbone.blocks.11.norm1.bias as id 12
2026/05/14 16:54:36 - mmengine - INFO - set param backbone.blocks.11.attn.qkv.weight as id 12
2026/05/14 16:54:36 - mmengine - INFO - set param backbone.blocks.11.attn.qkv.bias as id 12
2026/05/14 16:54:36 - mmengine - INFO - set param backbone.blocks.11.attn.proj.weight as id 12
2026/05/14 16:54:36 - mmengine - INFO - set param backbone.blocks.11.attn.proj.bias as id 12
2026/05/14 16:54:36 - mmengine - INFO - set param backbone.blocks.11.norm2.weight as id 12
2026/05/14 16:54:36 - mmengine - INFO - set param backbone.blocks.11.norm2.bias as id 12
2026/05/14 16:54:36 - mmengine - INFO - set param backbone.blocks.11.mlp.fc1.weight as id 12
2026/05/14 16:54:36 - mmengine - INFO - set param backbone.blocks.11.mlp.fc1.bias as id 12
2026/05/14 16:54:36 - mmengine - INFO - set param backbone.blocks.11.mlp.fc2.weight as id 12
2026/05/14 16:54:36 - mmengine - INFO - set param backbone.blocks.11.mlp.fc2.bias as id 12
2026/05/14 16:54:36 - mmengine - INFO - set param backbone.blocks.12.norm1.weight as id 13
2026/05/14 16:54:36 - mmengine - INFO - set param backbone.blocks.12.norm1.bias as id 13
2026/05/14 16:54:36 - mmengine - INFO - set param backbone.blocks.12.attn.qkv.weight as id 13
2026/05/14 16:54:36 - mmengine - INFO - set param backbone.blocks.12.attn.qkv.bias as id 13
2026/05/14 16:54:36 - mmengine - INFO - set param backbone.blocks.12.attn.proj.weight as id 13
2026/05/14 16:54:36 - mmengine - INFO - set param backbone.blocks.12.attn.proj.bias as id 13
2026/05/14 16:54:36 - mmengine - INFO - set param backbone.blocks.12.norm2.weight as id 13
2026/05/14 16:54:36 - mmengine - INFO - set param backbone.blocks.12.norm2.bias as id 13
2026/05/14 16:54:36 - mmengine - INFO - set param backbone.blocks.12.mlp.fc1.weight as id 13
2026/05/14 16:54:36 - mmengine - INFO - set param backbone.blocks.12.mlp.fc1.bias as id 13
2026/05/14 16:54:36 - mmengine - INFO - set param backbone.blocks.12.mlp.fc2.weight as id 13
2026/05/14 16:54:36 - mmengine - INFO - set param backbone.blocks.12.mlp.fc2.bias as id 13
2026/05/14 16:54:36 - mmengine - INFO - set param backbone.blocks.13.norm1.weight as id 14
2026/05/14 16:54:36 - mmengine - INFO - set param backbone.blocks.13.norm1.bias as id 14
2026/05/14 16:54:36 - mmengine - INFO - set param backbone.blocks.13.attn.qkv.weight as id 14
2026/05/14 16:54:36 - mmengine - INFO - set param backbone.blocks.13.attn.qkv.bias as id 14
2026/05/14 16:54:36 - mmengine - INFO - set param backbone.blocks.13.attn.proj.weight as id 14
2026/05/14 16:54:36 - mmengine - INFO - set param backbone.blocks.13.attn.proj.bias as id 14
2026/05/14 16:54:36 - mmengine - INFO - set param backbone.blocks.13.norm2.weight as id 14
2026/05/14 16:54:36 - mmengine - INFO - set param backbone.blocks.13.norm2.bias as id 14
2026/05/14 16:54:36 - mmengine - INFO - set param backbone.blocks.13.mlp.fc1.weight as id 14
2026/05/14 16:54:36 - mmengine - INFO - set param backbone.blocks.13.mlp.fc1.bias as id 14
2026/05/14 16:54:36 - mmengine - INFO - set param backbone.blocks.13.mlp.fc2.weight as id 14
2026/05/14 16:54:36 - mmengine - INFO - set param backbone.blocks.13.mlp.fc2.bias as id 14
2026/05/14 16:54:36 - mmengine - INFO - set param backbone.blocks.14.norm1.weight as id 15
2026/05/14 16:54:36 - mmengine - INFO - set param backbone.blocks.14.norm1.bias as id 15
2026/05/14 16:54:36 - mmengine - INFO - set param backbone.blocks.14.attn.qkv.weight as id 15
2026/05/14 16:54:36 - mmengine - INFO - set param backbone.blocks.14.attn.qkv.bias as id 15
2026/05/14 16:54:36 - mmengine - INFO - set param backbone.blocks.14.attn.proj.weight as id 15
2026/05/14 16:54:36 - mmengine - INFO - set param backbone.blocks.14.attn.proj.bias as id 15
2026/05/14 16:54:36 - mmengine - INFO - set param backbone.blocks.14.norm2.weight as id 15
2026/05/14 16:54:36 - mmengine - INFO - set param backbone.blocks.14.norm2.bias as id 15
2026/05/14 16:54:36 - mmengine - INFO - set param backbone.blocks.14.mlp.fc1.weight as id 15
2026/05/14 16:54:36 - mmengine - INFO - set param backbone.blocks.14.mlp.fc1.bias as id 15
2026/05/14 16:54:36 - mmengine - INFO - set param backbone.blocks.14.mlp.fc2.weight as id 15
2026/05/14 16:54:36 - mmengine - INFO - set param backbone.blocks.14.mlp.fc2.bias as id 15
2026/05/14 16:54:36 - mmengine - INFO - set param backbone.blocks.15.norm1.weight as id 16
2026/05/14 16:54:36 - mmengine - INFO - set param backbone.blocks.15.norm1.bias as id 16
2026/05/14 16:54:36 - mmengine - INFO - set param backbone.blocks.15.attn.qkv.weight as id 16
2026/05/14 16:54:36 - mmengine - INFO - set param backbone.blocks.15.attn.qkv.bias as id 16
2026/05/14 16:54:36 - mmengine - INFO - set param backbone.blocks.15.attn.proj.weight as id 16
2026/05/14 16:54:36 - mmengine - INFO - set param backbone.blocks.15.attn.proj.bias as id 16
2026/05/14 16:54:36 - mmengine - INFO - set param backbone.blocks.15.norm2.weight as id 16
2026/05/14 16:54:36 - mmengine - INFO - set param backbone.blocks.15.norm2.bias as id 16
2026/05/14 16:54:36 - mmengine - INFO - set param backbone.blocks.15.mlp.fc1.weight as id 16
2026/05/14 16:54:36 - mmengine - INFO - set param backbone.blocks.15.mlp.fc1.bias as id 16
2026/05/14 16:54:36 - mmengine - INFO - set param backbone.blocks.15.mlp.fc2.weight as id 16
2026/05/14 16:54:36 - mmengine - INFO - set param backbone.blocks.15.mlp.fc2.bias as id 16
2026/05/14 16:54:36 - mmengine - INFO - set param backbone.blocks.16.norm1.weight as id 17
2026/05/14 16:54:36 - mmengine - INFO - set param backbone.blocks.16.norm1.bias as id 17
2026/05/14 16:54:36 - mmengine - INFO - set param backbone.blocks.16.attn.qkv.weight as id 17
2026/05/14 16:54:36 - mmengine - INFO - set param backbone.blocks.16.attn.qkv.bias as id 17
2026/05/14 16:54:36 - mmengine - INFO - set param backbone.blocks.16.attn.proj.weight as id 17
2026/05/14 16:54:36 - mmengine - INFO - set param backbone.blocks.16.attn.proj.bias as id 17
2026/05/14 16:54:36 - mmengine - INFO - set param backbone.blocks.16.norm2.weight as id 17
2026/05/14 16:54:36 - mmengine - INFO - set param backbone.blocks.16.norm2.bias as id 17
2026/05/14 16:54:36 - mmengine - INFO - set param backbone.blocks.16.mlp.fc1.weight as id 17
2026/05/14 16:54:36 - mmengine - INFO - set param backbone.blocks.16.mlp.fc1.bias as id 17
2026/05/14 16:54:36 - mmengine - INFO - set param backbone.blocks.16.mlp.fc2.weight as id 17
2026/05/14 16:54:36 - mmengine - INFO - set param backbone.blocks.16.mlp.fc2.bias as id 17
2026/05/14 16:54:36 - mmengine - INFO - set param backbone.blocks.17.norm1.weight as id 18
2026/05/14 16:54:36 - mmengine - INFO - set param backbone.blocks.17.norm1.bias as id 18
2026/05/14 16:54:36 - mmengine - INFO - set param backbone.blocks.17.attn.qkv.weight as id 18
2026/05/14 16:54:36 - mmengine - INFO - set param backbone.blocks.17.attn.qkv.bias as id 18
2026/05/14 16:54:36 - mmengine - INFO - set param backbone.blocks.17.attn.proj.weight as id 18
2026/05/14 16:54:36 - mmengine - INFO - set param backbone.blocks.17.attn.proj.bias as id 18
2026/05/14 16:54:36 - mmengine - INFO - set param backbone.blocks.17.norm2.weight as id 18
2026/05/14 16:54:36 - mmengine - INFO - set param backbone.blocks.17.norm2.bias as id 18
2026/05/14 16:54:36 - mmengine - INFO - set param backbone.blocks.17.mlp.fc1.weight as id 18
2026/05/14 16:54:36 - mmengine - INFO - set param backbone.blocks.17.mlp.fc1.bias as id 18
2026/05/14 16:54:36 - mmengine - INFO - set param backbone.blocks.17.mlp.fc2.weight as id 18
2026/05/14 16:54:36 - mmengine - INFO - set param backbone.blocks.17.mlp.fc2.bias as id 18
2026/05/14 16:54:36 - mmengine - INFO - set param backbone.blocks.18.norm1.weight as id 19
2026/05/14 16:54:36 - mmengine - INFO - set param backbone.blocks.18.norm1.bias as id 19
2026/05/14 16:54:36 - mmengine - INFO - set param backbone.blocks.18.attn.qkv.weight as id 19
2026/05/14 16:54:36 - mmengine - INFO - set param backbone.blocks.18.attn.qkv.bias as id 19
2026/05/14 16:54:36 - mmengine - INFO - set param backbone.blocks.18.attn.proj.weight as id 19
2026/05/14 16:54:36 - mmengine - INFO - set param backbone.blocks.18.attn.proj.bias as id 19
2026/05/14 16:54:36 - mmengine - INFO - set param backbone.blocks.18.norm2.weight as id 19
2026/05/14 16:54:36 - mmengine - INFO - set param backbone.blocks.18.norm2.bias as id 19
2026/05/14 16:54:36 - mmengine - INFO - set param backbone.blocks.18.mlp.fc1.weight as id 19
2026/05/14 16:54:36 - mmengine - INFO - set param backbone.blocks.18.mlp.fc1.bias as id 19
2026/05/14 16:54:36 - mmengine - INFO - set param backbone.blocks.18.mlp.fc2.weight as id 19
2026/05/14 16:54:36 - mmengine - INFO - set param backbone.blocks.18.mlp.fc2.bias as id 19
2026/05/14 16:54:36 - mmengine - INFO - set param backbone.blocks.19.norm1.weight as id 20
2026/05/14 16:54:36 - mmengine - INFO - set param backbone.blocks.19.norm1.bias as id 20
2026/05/14 16:54:36 - mmengine - INFO - set param backbone.blocks.19.attn.qkv.weight as id 20
2026/05/14 16:54:36 - mmengine - INFO - set param backbone.blocks.19.attn.qkv.bias as id 20
2026/05/14 16:54:36 - mmengine - INFO - set param backbone.blocks.19.attn.proj.weight as id 20
2026/05/14 16:54:36 - mmengine - INFO - set param backbone.blocks.19.attn.proj.bias as id 20
2026/05/14 16:54:36 - mmengine - INFO - set param backbone.blocks.19.norm2.weight as id 20
2026/05/14 16:54:36 - mmengine - INFO - set param backbone.blocks.19.norm2.bias as id 20
2026/05/14 16:54:36 - mmengine - INFO - set param backbone.blocks.19.mlp.fc1.weight as id 20
2026/05/14 16:54:36 - mmengine - INFO - set param backbone.blocks.19.mlp.fc1.bias as id 20
2026/05/14 16:54:36 - mmengine - INFO - set param backbone.blocks.19.mlp.fc2.weight as id 20
2026/05/14 16:54:36 - mmengine - INFO - set param backbone.blocks.19.mlp.fc2.bias as id 20
2026/05/14 16:54:36 - mmengine - INFO - set param backbone.blocks.20.norm1.weight as id 21
2026/05/14 16:54:36 - mmengine - INFO - set param backbone.blocks.20.norm1.bias as id 21
2026/05/14 16:54:36 - mmengine - INFO - set param backbone.blocks.20.attn.qkv.weight as id 21
2026/05/14 16:54:36 - mmengine - INFO - set param backbone.blocks.20.attn.qkv.bias as id 21
2026/05/14 16:54:36 - mmengine - INFO - set param backbone.blocks.20.attn.proj.weight as id 21
2026/05/14 16:54:36 - mmengine - INFO - set param backbone.blocks.20.attn.proj.bias as id 21
2026/05/14 16:54:36 - mmengine - INFO - set param backbone.blocks.20.norm2.weight as id 21
2026/05/14 16:54:36 - mmengine - INFO - set param backbone.blocks.20.norm2.bias as id 21
2026/05/14 16:54:36 - mmengine - INFO - set param backbone.blocks.20.mlp.fc1.weight as id 21
2026/05/14 16:54:36 - mmengine - INFO - set param backbone.blocks.20.mlp.fc1.bias as id 21
2026/05/14 16:54:36 - mmengine - INFO - set param backbone.blocks.20.mlp.fc2.weight as id 21
2026/05/14 16:54:36 - mmengine - INFO - set param backbone.blocks.20.mlp.fc2.bias as id 21
2026/05/14 16:54:36 - mmengine - INFO - set param backbone.blocks.21.norm1.weight as id 22
2026/05/14 16:54:36 - mmengine - INFO - set param backbone.blocks.21.norm1.bias as id 22
2026/05/14 16:54:36 - mmengine - INFO - set param backbone.blocks.21.attn.qkv.weight as id 22
2026/05/14 16:54:36 - mmengine - INFO - set param backbone.blocks.21.attn.qkv.bias as id 22
2026/05/14 16:54:36 - mmengine - INFO - set param backbone.blocks.21.attn.proj.weight as id 22
2026/05/14 16:54:36 - mmengine - INFO - set param backbone.blocks.21.attn.proj.bias as id 22
2026/05/14 16:54:36 - mmengine - INFO - set param backbone.blocks.21.norm2.weight as id 22
2026/05/14 16:54:36 - mmengine - INFO - set param backbone.blocks.21.norm2.bias as id 22
2026/05/14 16:54:36 - mmengine - INFO - set param backbone.blocks.21.mlp.fc1.weight as id 22
2026/05/14 16:54:36 - mmengine - INFO - set param backbone.blocks.21.mlp.fc1.bias as id 22
2026/05/14 16:54:36 - mmengine - INFO - set param backbone.blocks.21.mlp.fc2.weight as id 22
2026/05/14 16:54:36 - mmengine - INFO - set param backbone.blocks.21.mlp.fc2.bias as id 22
2026/05/14 16:54:36 - mmengine - INFO - set param backbone.blocks.22.norm1.weight as id 23
2026/05/14 16:54:36 - mmengine - INFO - set param backbone.blocks.22.norm1.bias as id 23
2026/05/14 16:54:36 - mmengine - INFO - set param backbone.blocks.22.attn.qkv.weight as id 23
2026/05/14 16:54:36 - mmengine - INFO - set param backbone.blocks.22.attn.qkv.bias as id 23
2026/05/14 16:54:36 - mmengine - INFO - set param backbone.blocks.22.attn.proj.weight as id 23
2026/05/14 16:54:36 - mmengine - INFO - set param backbone.blocks.22.attn.proj.bias as id 23
2026/05/14 16:54:36 - mmengine - INFO - set param backbone.blocks.22.norm2.weight as id 23
2026/05/14 16:54:36 - mmengine - INFO - set param backbone.blocks.22.norm2.bias as id 23
2026/05/14 16:54:36 - mmengine - INFO - set param backbone.blocks.22.mlp.fc1.weight as id 23
2026/05/14 16:54:36 - mmengine - INFO - set param backbone.blocks.22.mlp.fc1.bias as id 23
2026/05/14 16:54:36 - mmengine - INFO - set param backbone.blocks.22.mlp.fc2.weight as id 23
2026/05/14 16:54:36 - mmengine - INFO - set param backbone.blocks.22.mlp.fc2.bias as id 23
2026/05/14 16:54:36 - mmengine - INFO - set param backbone.blocks.23.norm1.weight as id 24
2026/05/14 16:54:36 - mmengine - INFO - set param backbone.blocks.23.norm1.bias as id 24
2026/05/14 16:54:36 - mmengine - INFO - set param backbone.blocks.23.attn.qkv.weight as id 24
2026/05/14 16:54:36 - mmengine - INFO - set param backbone.blocks.23.attn.qkv.bias as id 24
2026/05/14 16:54:36 - mmengine - INFO - set param backbone.blocks.23.attn.proj.weight as id 24
2026/05/14 16:54:36 - mmengine - INFO - set param backbone.blocks.23.attn.proj.bias as id 24
2026/05/14 16:54:36 - mmengine - INFO - set param backbone.blocks.23.norm2.weight as id 24
2026/05/14 16:54:36 - mmengine - INFO - set param backbone.blocks.23.norm2.bias as id 24
2026/05/14 16:54:36 - mmengine - INFO - set param backbone.blocks.23.mlp.fc1.weight as id 24
2026/05/14 16:54:36 - mmengine - INFO - set param backbone.blocks.23.mlp.fc1.bias as id 24
2026/05/14 16:54:36 - mmengine - INFO - set param backbone.blocks.23.mlp.fc2.weight as id 24
2026/05/14 16:54:36 - mmengine - INFO - set param backbone.blocks.23.mlp.fc2.bias as id 24
2026/05/14 16:54:36 - mmengine - INFO - set param backbone.blocks.24.norm1.weight as id 25
2026/05/14 16:54:36 - mmengine - INFO - set param backbone.blocks.24.norm1.bias as id 25
2026/05/14 16:54:36 - mmengine - INFO - set param backbone.blocks.24.attn.qkv.weight as id 25
2026/05/14 16:54:36 - mmengine - INFO - set param backbone.blocks.24.attn.qkv.bias as id 25
2026/05/14 16:54:36 - mmengine - INFO - set param backbone.blocks.24.attn.proj.weight as id 25
2026/05/14 16:54:36 - mmengine - INFO - set param backbone.blocks.24.attn.proj.bias as id 25
2026/05/14 16:54:36 - mmengine - INFO - set param backbone.blocks.24.norm2.weight as id 25
2026/05/14 16:54:36 - mmengine - INFO - set param backbone.blocks.24.norm2.bias as id 25
2026/05/14 16:54:36 - mmengine - INFO - set param backbone.blocks.24.mlp.fc1.weight as id 25
2026/05/14 16:54:36 - mmengine - INFO - set param backbone.blocks.24.mlp.fc1.bias as id 25
2026/05/14 16:54:36 - mmengine - INFO - set param backbone.blocks.24.mlp.fc2.weight as id 25
2026/05/14 16:54:36 - mmengine - INFO - set param backbone.blocks.24.mlp.fc2.bias as id 25
2026/05/14 16:54:36 - mmengine - INFO - set param backbone.blocks.25.norm1.weight as id 26
2026/05/14 16:54:36 - mmengine - INFO - set param backbone.blocks.25.norm1.bias as id 26
2026/05/14 16:54:36 - mmengine - INFO - set param backbone.blocks.25.attn.qkv.weight as id 26
2026/05/14 16:54:36 - mmengine - INFO - set param backbone.blocks.25.attn.qkv.bias as id 26
2026/05/14 16:54:36 - mmengine - INFO - set param backbone.blocks.25.attn.proj.weight as id 26
2026/05/14 16:54:36 - mmengine - INFO - set param backbone.blocks.25.attn.proj.bias as id 26
2026/05/14 16:54:36 - mmengine - INFO - set param backbone.blocks.25.norm2.weight as id 26
2026/05/14 16:54:36 - mmengine - INFO - set param backbone.blocks.25.norm2.bias as id 26
2026/05/14 16:54:36 - mmengine - INFO - set param backbone.blocks.25.mlp.fc1.weight as id 26
2026/05/14 16:54:36 - mmengine - INFO - set param backbone.blocks.25.mlp.fc1.bias as id 26
2026/05/14 16:54:36 - mmengine - INFO - set param backbone.blocks.25.mlp.fc2.weight as id 26
2026/05/14 16:54:36 - mmengine - INFO - set param backbone.blocks.25.mlp.fc2.bias as id 26
2026/05/14 16:54:36 - mmengine - INFO - set param backbone.blocks.26.norm1.weight as id 27
2026/05/14 16:54:36 - mmengine - INFO - set param backbone.blocks.26.norm1.bias as id 27
2026/05/14 16:54:36 - mmengine - INFO - set param backbone.blocks.26.attn.qkv.weight as id 27
2026/05/14 16:54:36 - mmengine - INFO - set param backbone.blocks.26.attn.qkv.bias as id 27
2026/05/14 16:54:36 - mmengine - INFO - set param backbone.blocks.26.attn.proj.weight as id 27
2026/05/14 16:54:36 - mmengine - INFO - set param backbone.blocks.26.attn.proj.bias as id 27
2026/05/14 16:54:36 - mmengine - INFO - set param backbone.blocks.26.norm2.weight as id 27
2026/05/14 16:54:36 - mmengine - INFO - set param backbone.blocks.26.norm2.bias as id 27
2026/05/14 16:54:36 - mmengine - INFO - set param backbone.blocks.26.mlp.fc1.weight as id 27
2026/05/14 16:54:36 - mmengine - INFO - set param backbone.blocks.26.mlp.fc1.bias as id 27
2026/05/14 16:54:36 - mmengine - INFO - set param backbone.blocks.26.mlp.fc2.weight as id 27
2026/05/14 16:54:36 - mmengine - INFO - set param backbone.blocks.26.mlp.fc2.bias as id 27
2026/05/14 16:54:36 - mmengine - INFO - set param backbone.blocks.27.norm1.weight as id 28
2026/05/14 16:54:36 - mmengine - INFO - set param backbone.blocks.27.norm1.bias as id 28
2026/05/14 16:54:36 - mmengine - INFO - set param backbone.blocks.27.attn.qkv.weight as id 28
2026/05/14 16:54:36 - mmengine - INFO - set param backbone.blocks.27.attn.qkv.bias as id 28
2026/05/14 16:54:36 - mmengine - INFO - set param backbone.blocks.27.attn.proj.weight as id 28
2026/05/14 16:54:36 - mmengine - INFO - set param backbone.blocks.27.attn.proj.bias as id 28
2026/05/14 16:54:36 - mmengine - INFO - set param backbone.blocks.27.norm2.weight as id 28
2026/05/14 16:54:36 - mmengine - INFO - set param backbone.blocks.27.norm2.bias as id 28
2026/05/14 16:54:36 - mmengine - INFO - set param backbone.blocks.27.mlp.fc1.weight as id 28
2026/05/14 16:54:36 - mmengine - INFO - set param backbone.blocks.27.mlp.fc1.bias as id 28
2026/05/14 16:54:36 - mmengine - INFO - set param backbone.blocks.27.mlp.fc2.weight as id 28
2026/05/14 16:54:36 - mmengine - INFO - set param backbone.blocks.27.mlp.fc2.bias as id 28
2026/05/14 16:54:36 - mmengine - INFO - set param backbone.blocks.28.norm1.weight as id 29
2026/05/14 16:54:36 - mmengine - INFO - set param backbone.blocks.28.norm1.bias as id 29
2026/05/14 16:54:36 - mmengine - INFO - set param backbone.blocks.28.attn.qkv.weight as id 29
2026/05/14 16:54:36 - mmengine - INFO - set param backbone.blocks.28.attn.qkv.bias as id 29
2026/05/14 16:54:36 - mmengine - INFO - set param backbone.blocks.28.attn.proj.weight as id 29
2026/05/14 16:54:36 - mmengine - INFO - set param backbone.blocks.28.attn.proj.bias as id 29
2026/05/14 16:54:36 - mmengine - INFO - set param backbone.blocks.28.norm2.weight as id 29
2026/05/14 16:54:36 - mmengine - INFO - set param backbone.blocks.28.norm2.bias as id 29
2026/05/14 16:54:36 - mmengine - INFO - set param backbone.blocks.28.mlp.fc1.weight as id 29
2026/05/14 16:54:36 - mmengine - INFO - set param backbone.blocks.28.mlp.fc1.bias as id 29
2026/05/14 16:54:36 - mmengine - INFO - set param backbone.blocks.28.mlp.fc2.weight as id 29
2026/05/14 16:54:36 - mmengine - INFO - set param backbone.blocks.28.mlp.fc2.bias as id 29
2026/05/14 16:54:36 - mmengine - INFO - set param backbone.blocks.29.norm1.weight as id 30
2026/05/14 16:54:36 - mmengine - INFO - set param backbone.blocks.29.norm1.bias as id 30
2026/05/14 16:54:36 - mmengine - INFO - set param backbone.blocks.29.attn.qkv.weight as id 30
2026/05/14 16:54:36 - mmengine - INFO - set param backbone.blocks.29.attn.qkv.bias as id 30
2026/05/14 16:54:36 - mmengine - INFO - set param backbone.blocks.29.attn.proj.weight as id 30
2026/05/14 16:54:36 - mmengine - INFO - set param backbone.blocks.29.attn.proj.bias as id 30
2026/05/14 16:54:36 - mmengine - INFO - set param backbone.blocks.29.norm2.weight as id 30
2026/05/14 16:54:36 - mmengine - INFO - set param backbone.blocks.29.norm2.bias as id 30
2026/05/14 16:54:36 - mmengine - INFO - set param backbone.blocks.29.mlp.fc1.weight as id 30
2026/05/14 16:54:36 - mmengine - INFO - set param backbone.blocks.29.mlp.fc1.bias as id 30
2026/05/14 16:54:36 - mmengine - INFO - set param backbone.blocks.29.mlp.fc2.weight as id 30
2026/05/14 16:54:36 - mmengine - INFO - set param backbone.blocks.29.mlp.fc2.bias as id 30
2026/05/14 16:54:36 - mmengine - INFO - set param backbone.blocks.30.norm1.weight as id 31
2026/05/14 16:54:36 - mmengine - INFO - set param backbone.blocks.30.norm1.bias as id 31
2026/05/14 16:54:36 - mmengine - INFO - set param backbone.blocks.30.attn.qkv.weight as id 31
2026/05/14 16:54:36 - mmengine - INFO - set param backbone.blocks.30.attn.qkv.bias as id 31
2026/05/14 16:54:36 - mmengine - INFO - set param backbone.blocks.30.attn.proj.weight as id 31
2026/05/14 16:54:36 - mmengine - INFO - set param backbone.blocks.30.attn.proj.bias as id 31
2026/05/14 16:54:36 - mmengine - INFO - set param backbone.blocks.30.norm2.weight as id 31
2026/05/14 16:54:36 - mmengine - INFO - set param backbone.blocks.30.norm2.bias as id 31
2026/05/14 16:54:36 - mmengine - INFO - set param backbone.blocks.30.mlp.fc1.weight as id 31
2026/05/14 16:54:36 - mmengine - INFO - set param backbone.blocks.30.mlp.fc1.bias as id 31
2026/05/14 16:54:36 - mmengine - INFO - set param backbone.blocks.30.mlp.fc2.weight as id 31
2026/05/14 16:54:36 - mmengine - INFO - set param backbone.blocks.30.mlp.fc2.bias as id 31
2026/05/14 16:54:36 - mmengine - INFO - set param backbone.blocks.31.norm1.weight as id 32
2026/05/14 16:54:36 - mmengine - INFO - set param backbone.blocks.31.norm1.bias as id 32
2026/05/14 16:54:36 - mmengine - INFO - set param backbone.blocks.31.attn.qkv.weight as id 32
2026/05/14 16:54:36 - mmengine - INFO - set param backbone.blocks.31.attn.qkv.bias as id 32
2026/05/14 16:54:36 - mmengine - INFO - set param backbone.blocks.31.attn.proj.weight as id 32
2026/05/14 16:54:36 - mmengine - INFO - set param backbone.blocks.31.attn.proj.bias as id 32
2026/05/14 16:54:36 - mmengine - INFO - set param backbone.blocks.31.norm2.weight as id 32
2026/05/14 16:54:36 - mmengine - INFO - set param backbone.blocks.31.norm2.bias as id 32
2026/05/14 16:54:36 - mmengine - INFO - set param backbone.blocks.31.mlp.fc1.weight as id 32
2026/05/14 16:54:36 - mmengine - INFO - set param backbone.blocks.31.mlp.fc1.bias as id 32
2026/05/14 16:54:36 - mmengine - INFO - set param backbone.blocks.31.mlp.fc2.weight as id 32
2026/05/14 16:54:36 - mmengine - INFO - set param backbone.blocks.31.mlp.fc2.bias as id 32
2026/05/14 16:54:36 - mmengine - INFO - set param backbone.blocks.32.norm1.weight as id 33
2026/05/14 16:54:36 - mmengine - INFO - set param backbone.blocks.32.norm1.bias as id 33
2026/05/14 16:54:36 - mmengine - INFO - set param backbone.blocks.32.attn.qkv.weight as id 33
2026/05/14 16:54:36 - mmengine - INFO - set param backbone.blocks.32.attn.qkv.bias as id 33
2026/05/14 16:54:36 - mmengine - INFO - set param backbone.blocks.32.attn.proj.weight as id 33
2026/05/14 16:54:36 - mmengine - INFO - set param backbone.blocks.32.attn.proj.bias as id 33
2026/05/14 16:54:36 - mmengine - INFO - set param backbone.blocks.32.norm2.weight as id 33
2026/05/14 16:54:36 - mmengine - INFO - set param backbone.blocks.32.norm2.bias as id 33
2026/05/14 16:54:36 - mmengine - INFO - set param backbone.blocks.32.mlp.fc1.weight as id 33
2026/05/14 16:54:36 - mmengine - INFO - set param backbone.blocks.32.mlp.fc1.bias as id 33
2026/05/14 16:54:36 - mmengine - INFO - set param backbone.blocks.32.mlp.fc2.weight as id 33
2026/05/14 16:54:36 - mmengine - INFO - set param backbone.blocks.32.mlp.fc2.bias as id 33
2026/05/14 16:54:36 - mmengine - INFO - set param backbone.blocks.33.norm1.weight as id 34
2026/05/14 16:54:36 - mmengine - INFO - set param backbone.blocks.33.norm1.bias as id 34
2026/05/14 16:54:36 - mmengine - INFO - set param backbone.blocks.33.attn.qkv.weight as id 34
2026/05/14 16:54:36 - mmengine - INFO - set param backbone.blocks.33.attn.qkv.bias as id 34
2026/05/14 16:54:36 - mmengine - INFO - set param backbone.blocks.33.attn.proj.weight as id 34
2026/05/14 16:54:36 - mmengine - INFO - set param backbone.blocks.33.attn.proj.bias as id 34
2026/05/14 16:54:36 - mmengine - INFO - set param backbone.blocks.33.norm2.weight as id 34
2026/05/14 16:54:36 - mmengine - INFO - set param backbone.blocks.33.norm2.bias as id 34
2026/05/14 16:54:36 - mmengine - INFO - set param backbone.blocks.33.mlp.fc1.weight as id 34
2026/05/14 16:54:36 - mmengine - INFO - set param backbone.blocks.33.mlp.fc1.bias as id 34
2026/05/14 16:54:36 - mmengine - INFO - set param backbone.blocks.33.mlp.fc2.weight as id 34
2026/05/14 16:54:36 - mmengine - INFO - set param backbone.blocks.33.mlp.fc2.bias as id 34
2026/05/14 16:54:36 - mmengine - INFO - set param backbone.blocks.34.norm1.weight as id 35
2026/05/14 16:54:36 - mmengine - INFO - set param backbone.blocks.34.norm1.bias as id 35
2026/05/14 16:54:36 - mmengine - INFO - set param backbone.blocks.34.attn.qkv.weight as id 35
2026/05/14 16:54:36 - mmengine - INFO - set param backbone.blocks.34.attn.qkv.bias as id 35
2026/05/14 16:54:36 - mmengine - INFO - set param backbone.blocks.34.attn.proj.weight as id 35
2026/05/14 16:54:36 - mmengine - INFO - set param backbone.blocks.34.attn.proj.bias as id 35
2026/05/14 16:54:36 - mmengine - INFO - set param backbone.blocks.34.norm2.weight as id 35
2026/05/14 16:54:36 - mmengine - INFO - set param backbone.blocks.34.norm2.bias as id 35
2026/05/14 16:54:36 - mmengine - INFO - set param backbone.blocks.34.mlp.fc1.weight as id 35
2026/05/14 16:54:36 - mmengine - INFO - set param backbone.blocks.34.mlp.fc1.bias as id 35
2026/05/14 16:54:36 - mmengine - INFO - set param backbone.blocks.34.mlp.fc2.weight as id 35
2026/05/14 16:54:36 - mmengine - INFO - set param backbone.blocks.34.mlp.fc2.bias as id 35
2026/05/14 16:54:36 - mmengine - INFO - set param backbone.blocks.35.norm1.weight as id 36
2026/05/14 16:54:36 - mmengine - INFO - set param backbone.blocks.35.norm1.bias as id 36
2026/05/14 16:54:36 - mmengine - INFO - set param backbone.blocks.35.attn.qkv.weight as id 36
2026/05/14 16:54:36 - mmengine - INFO - set param backbone.blocks.35.attn.qkv.bias as id 36
2026/05/14 16:54:36 - mmengine - INFO - set param backbone.blocks.35.attn.proj.weight as id 36
2026/05/14 16:54:36 - mmengine - INFO - set param backbone.blocks.35.attn.proj.bias as id 36
2026/05/14 16:54:36 - mmengine - INFO - set param backbone.blocks.35.norm2.weight as id 36
2026/05/14 16:54:36 - mmengine - INFO - set param backbone.blocks.35.norm2.bias as id 36
2026/05/14 16:54:36 - mmengine - INFO - set param backbone.blocks.35.mlp.fc1.weight as id 36
2026/05/14 16:54:36 - mmengine - INFO - set param backbone.blocks.35.mlp.fc1.bias as id 36
2026/05/14 16:54:36 - mmengine - INFO - set param backbone.blocks.35.mlp.fc2.weight as id 36
2026/05/14 16:54:36 - mmengine - INFO - set param backbone.blocks.35.mlp.fc2.bias as id 36
2026/05/14 16:54:36 - mmengine - INFO - set param backbone.blocks.36.norm1.weight as id 37
2026/05/14 16:54:36 - mmengine - INFO - set param backbone.blocks.36.norm1.bias as id 37
2026/05/14 16:54:36 - mmengine - INFO - set param backbone.blocks.36.attn.qkv.weight as id 37
2026/05/14 16:54:36 - mmengine - INFO - set param backbone.blocks.36.attn.qkv.bias as id 37
2026/05/14 16:54:36 - mmengine - INFO - set param backbone.blocks.36.attn.proj.weight as id 37
2026/05/14 16:54:36 - mmengine - INFO - set param backbone.blocks.36.attn.proj.bias as id 37
2026/05/14 16:54:36 - mmengine - INFO - set param backbone.blocks.36.norm2.weight as id 37
2026/05/14 16:54:36 - mmengine - INFO - set param backbone.blocks.36.norm2.bias as id 37
2026/05/14 16:54:36 - mmengine - INFO - set param backbone.blocks.36.mlp.fc1.weight as id 37
2026/05/14 16:54:36 - mmengine - INFO - set param backbone.blocks.36.mlp.fc1.bias as id 37
2026/05/14 16:54:36 - mmengine - INFO - set param backbone.blocks.36.mlp.fc2.weight as id 37
2026/05/14 16:54:36 - mmengine - INFO - set param backbone.blocks.36.mlp.fc2.bias as id 37
2026/05/14 16:54:36 - mmengine - INFO - set param backbone.blocks.37.norm1.weight as id 38
2026/05/14 16:54:36 - mmengine - INFO - set param backbone.blocks.37.norm1.bias as id 38
2026/05/14 16:54:36 - mmengine - INFO - set param backbone.blocks.37.attn.qkv.weight as id 38
2026/05/14 16:54:36 - mmengine - INFO - set param backbone.blocks.37.attn.qkv.bias as id 38
2026/05/14 16:54:36 - mmengine - INFO - set param backbone.blocks.37.attn.proj.weight as id 38
2026/05/14 16:54:36 - mmengine - INFO - set param backbone.blocks.37.attn.proj.bias as id 38
2026/05/14 16:54:36 - mmengine - INFO - set param backbone.blocks.37.norm2.weight as id 38
2026/05/14 16:54:36 - mmengine - INFO - set param backbone.blocks.37.norm2.bias as id 38
2026/05/14 16:54:36 - mmengine - INFO - set param backbone.blocks.37.mlp.fc1.weight as id 38
2026/05/14 16:54:36 - mmengine - INFO - set param backbone.blocks.37.mlp.fc1.bias as id 38
2026/05/14 16:54:36 - mmengine - INFO - set param backbone.blocks.37.mlp.fc2.weight as id 38
2026/05/14 16:54:36 - mmengine - INFO - set param backbone.blocks.37.mlp.fc2.bias as id 38
2026/05/14 16:54:36 - mmengine - INFO - set param backbone.blocks.38.norm1.weight as id 39
2026/05/14 16:54:36 - mmengine - INFO - set param backbone.blocks.38.norm1.bias as id 39
2026/05/14 16:54:36 - mmengine - INFO - set param backbone.blocks.38.attn.qkv.weight as id 39
2026/05/14 16:54:36 - mmengine - INFO - set param backbone.blocks.38.attn.qkv.bias as id 39
2026/05/14 16:54:36 - mmengine - INFO - set param backbone.blocks.38.attn.proj.weight as id 39
2026/05/14 16:54:36 - mmengine - INFO - set param backbone.blocks.38.attn.proj.bias as id 39
2026/05/14 16:54:36 - mmengine - INFO - set param backbone.blocks.38.norm2.weight as id 39
2026/05/14 16:54:36 - mmengine - INFO - set param backbone.blocks.38.norm2.bias as id 39
2026/05/14 16:54:36 - mmengine - INFO - set param backbone.blocks.38.mlp.fc1.weight as id 39
2026/05/14 16:54:36 - mmengine - INFO - set param backbone.blocks.38.mlp.fc1.bias as id 39
2026/05/14 16:54:36 - mmengine - INFO - set param backbone.blocks.38.mlp.fc2.weight as id 39
2026/05/14 16:54:36 - mmengine - INFO - set param backbone.blocks.38.mlp.fc2.bias as id 39
2026/05/14 16:54:36 - mmengine - INFO - set param backbone.blocks.39.norm1.weight as id 40
2026/05/14 16:54:36 - mmengine - INFO - set param backbone.blocks.39.norm1.bias as id 40
2026/05/14 16:54:36 - mmengine - INFO - set param backbone.blocks.39.attn.qkv.weight as id 40
2026/05/14 16:54:36 - mmengine - INFO - set param backbone.blocks.39.attn.qkv.bias as id 40
2026/05/14 16:54:36 - mmengine - INFO - set param backbone.blocks.39.attn.proj.weight as id 40
2026/05/14 16:54:36 - mmengine - INFO - set param backbone.blocks.39.attn.proj.bias as id 40
2026/05/14 16:54:36 - mmengine - INFO - set param backbone.blocks.39.norm2.weight as id 40
2026/05/14 16:54:36 - mmengine - INFO - set param backbone.blocks.39.norm2.bias as id 40
2026/05/14 16:54:36 - mmengine - INFO - set param backbone.blocks.39.mlp.fc1.weight as id 40
2026/05/14 16:54:36 - mmengine - INFO - set param backbone.blocks.39.mlp.fc1.bias as id 40
2026/05/14 16:54:36 - mmengine - INFO - set param backbone.blocks.39.mlp.fc2.weight as id 40
2026/05/14 16:54:36 - mmengine - INFO - set param backbone.blocks.39.mlp.fc2.bias as id 40
2026/05/14 16:54:36 - mmengine - INFO - set param backbone.blocks.40.norm1.weight as id 41
2026/05/14 16:54:36 - mmengine - INFO - set param backbone.blocks.40.norm1.bias as id 41
2026/05/14 16:54:36 - mmengine - INFO - set param backbone.blocks.40.attn.qkv.weight as id 41
2026/05/14 16:54:36 - mmengine - INFO - set param backbone.blocks.40.attn.qkv.bias as id 41
2026/05/14 16:54:36 - mmengine - INFO - set param backbone.blocks.40.attn.proj.weight as id 41
2026/05/14 16:54:36 - mmengine - INFO - set param backbone.blocks.40.attn.proj.bias as id 41
2026/05/14 16:54:36 - mmengine - INFO - set param backbone.blocks.40.norm2.weight as id 41
2026/05/14 16:54:36 - mmengine - INFO - set param backbone.blocks.40.norm2.bias as id 41
2026/05/14 16:54:36 - mmengine - INFO - set param backbone.blocks.40.mlp.fc1.weight as id 41
2026/05/14 16:54:36 - mmengine - INFO - set param backbone.blocks.40.mlp.fc1.bias as id 41
2026/05/14 16:54:36 - mmengine - INFO - set param backbone.blocks.40.mlp.fc2.weight as id 41
2026/05/14 16:54:36 - mmengine - INFO - set param backbone.blocks.40.mlp.fc2.bias as id 41
2026/05/14 16:54:36 - mmengine - INFO - set param backbone.blocks.41.norm1.weight as id 42
2026/05/14 16:54:36 - mmengine - INFO - set param backbone.blocks.41.norm1.bias as id 42
2026/05/14 16:54:36 - mmengine - INFO - set param backbone.blocks.41.attn.qkv.weight as id 42
2026/05/14 16:54:36 - mmengine - INFO - set param backbone.blocks.41.attn.qkv.bias as id 42
2026/05/14 16:54:36 - mmengine - INFO - set param backbone.blocks.41.attn.proj.weight as id 42
2026/05/14 16:54:36 - mmengine - INFO - set param backbone.blocks.41.attn.proj.bias as id 42
2026/05/14 16:54:36 - mmengine - INFO - set param backbone.blocks.41.norm2.weight as id 42
2026/05/14 16:54:36 - mmengine - INFO - set param backbone.blocks.41.norm2.bias as id 42
2026/05/14 16:54:36 - mmengine - INFO - set param backbone.blocks.41.mlp.fc1.weight as id 42
2026/05/14 16:54:36 - mmengine - INFO - set param backbone.blocks.41.mlp.fc1.bias as id 42
2026/05/14 16:54:36 - mmengine - INFO - set param backbone.blocks.41.mlp.fc2.weight as id 42
2026/05/14 16:54:36 - mmengine - INFO - set param backbone.blocks.41.mlp.fc2.bias as id 42
2026/05/14 16:54:36 - mmengine - INFO - set param backbone.blocks.42.norm1.weight as id 43
2026/05/14 16:54:36 - mmengine - INFO - set param backbone.blocks.42.norm1.bias as id 43
2026/05/14 16:54:36 - mmengine - INFO - set param backbone.blocks.42.attn.qkv.weight as id 43
2026/05/14 16:54:36 - mmengine - INFO - set param backbone.blocks.42.attn.qkv.bias as id 43
2026/05/14 16:54:36 - mmengine - INFO - set param backbone.blocks.42.attn.proj.weight as id 43
2026/05/14 16:54:36 - mmengine - INFO - set param backbone.blocks.42.attn.proj.bias as id 43
2026/05/14 16:54:36 - mmengine - INFO - set param backbone.blocks.42.norm2.weight as id 43
2026/05/14 16:54:36 - mmengine - INFO - set param backbone.blocks.42.norm2.bias as id 43
2026/05/14 16:54:36 - mmengine - INFO - set param backbone.blocks.42.mlp.fc1.weight as id 43
2026/05/14 16:54:36 - mmengine - INFO - set param backbone.blocks.42.mlp.fc1.bias as id 43
2026/05/14 16:54:36 - mmengine - INFO - set param backbone.blocks.42.mlp.fc2.weight as id 43
2026/05/14 16:54:36 - mmengine - INFO - set param backbone.blocks.42.mlp.fc2.bias as id 43
2026/05/14 16:54:36 - mmengine - INFO - set param backbone.blocks.43.norm1.weight as id 44
2026/05/14 16:54:36 - mmengine - INFO - set param backbone.blocks.43.norm1.bias as id 44
2026/05/14 16:54:36 - mmengine - INFO - set param backbone.blocks.43.attn.qkv.weight as id 44
2026/05/14 16:54:36 - mmengine - INFO - set param backbone.blocks.43.attn.qkv.bias as id 44
2026/05/14 16:54:36 - mmengine - INFO - set param backbone.blocks.43.attn.proj.weight as id 44
2026/05/14 16:54:36 - mmengine - INFO - set param backbone.blocks.43.attn.proj.bias as id 44
2026/05/14 16:54:36 - mmengine - INFO - set param backbone.blocks.43.norm2.weight as id 44
2026/05/14 16:54:36 - mmengine - INFO - set param backbone.blocks.43.norm2.bias as id 44
2026/05/14 16:54:36 - mmengine - INFO - set param backbone.blocks.43.mlp.fc1.weight as id 44
2026/05/14 16:54:36 - mmengine - INFO - set param backbone.blocks.43.mlp.fc1.bias as id 44
2026/05/14 16:54:36 - mmengine - INFO - set param backbone.blocks.43.mlp.fc2.weight as id 44
2026/05/14 16:54:36 - mmengine - INFO - set param backbone.blocks.43.mlp.fc2.bias as id 44
2026/05/14 16:54:36 - mmengine - INFO - set param backbone.blocks.44.norm1.weight as id 45
2026/05/14 16:54:36 - mmengine - INFO - set param backbone.blocks.44.norm1.bias as id 45
2026/05/14 16:54:36 - mmengine - INFO - set param backbone.blocks.44.attn.qkv.weight as id 45
2026/05/14 16:54:36 - mmengine - INFO - set param backbone.blocks.44.attn.qkv.bias as id 45
2026/05/14 16:54:36 - mmengine - INFO - set param backbone.blocks.44.attn.proj.weight as id 45
2026/05/14 16:54:36 - mmengine - INFO - set param backbone.blocks.44.attn.proj.bias as id 45
2026/05/14 16:54:36 - mmengine - INFO - set param backbone.blocks.44.norm2.weight as id 45
2026/05/14 16:54:36 - mmengine - INFO - set param backbone.blocks.44.norm2.bias as id 45
2026/05/14 16:54:36 - mmengine - INFO - set param backbone.blocks.44.mlp.fc1.weight as id 45
2026/05/14 16:54:36 - mmengine - INFO - set param backbone.blocks.44.mlp.fc1.bias as id 45
2026/05/14 16:54:36 - mmengine - INFO - set param backbone.blocks.44.mlp.fc2.weight as id 45
2026/05/14 16:54:36 - mmengine - INFO - set param backbone.blocks.44.mlp.fc2.bias as id 45
2026/05/14 16:54:36 - mmengine - INFO - set param backbone.blocks.45.norm1.weight as id 46
2026/05/14 16:54:36 - mmengine - INFO - set param backbone.blocks.45.norm1.bias as id 46
2026/05/14 16:54:36 - mmengine - INFO - set param backbone.blocks.45.attn.qkv.weight as id 46
2026/05/14 16:54:36 - mmengine - INFO - set param backbone.blocks.45.attn.qkv.bias as id 46
2026/05/14 16:54:36 - mmengine - INFO - set param backbone.blocks.45.attn.proj.weight as id 46
2026/05/14 16:54:36 - mmengine - INFO - set param backbone.blocks.45.attn.proj.bias as id 46
2026/05/14 16:54:36 - mmengine - INFO - set param backbone.blocks.45.norm2.weight as id 46
2026/05/14 16:54:36 - mmengine - INFO - set param backbone.blocks.45.norm2.bias as id 46
2026/05/14 16:54:36 - mmengine - INFO - set param backbone.blocks.45.mlp.fc1.weight as id 46
2026/05/14 16:54:36 - mmengine - INFO - set param backbone.blocks.45.mlp.fc1.bias as id 46
2026/05/14 16:54:36 - mmengine - INFO - set param backbone.blocks.45.mlp.fc2.weight as id 46
2026/05/14 16:54:36 - mmengine - INFO - set param backbone.blocks.45.mlp.fc2.bias as id 46
2026/05/14 16:54:36 - mmengine - INFO - set param backbone.align_dim_16tofpn.weight as id 46
2026/05/14 16:54:36 - mmengine - INFO - set param backbone.align_dim_16tofpn.bias as id 46
2026/05/14 16:54:36 - mmengine - INFO - set param backbone.fpn_modules.0.norm2.weight as id 46
2026/05/14 16:54:36 - mmengine - INFO - set param backbone.fpn_modules.0.norm2.bias as id 46
2026/05/14 16:54:36 - mmengine - INFO - set param backbone.fpn_modules.0.mlp.fc1.weight as id 46
2026/05/14 16:54:36 - mmengine - INFO - set param backbone.fpn_modules.0.mlp.fc1.bias as id 46
2026/05/14 16:54:36 - mmengine - INFO - set param backbone.fpn_modules.0.mlp.fc2.weight as id 46
2026/05/14 16:54:36 - mmengine - INFO - set param backbone.fpn_modules.0.mlp.fc2.bias as id 46
2026/05/14 16:54:36 - mmengine - INFO - set param backbone.fpn_modules.1.norm2.weight as id 46
2026/05/14 16:54:36 - mmengine - INFO - set param backbone.fpn_modules.1.norm2.bias as id 46
2026/05/14 16:54:36 - mmengine - INFO - set param backbone.fpn_modules.1.mlp.fc1.weight as id 46
2026/05/14 16:54:36 - mmengine - INFO - set param backbone.fpn_modules.1.mlp.fc1.bias as id 46
2026/05/14 16:54:36 - mmengine - INFO - set param backbone.fpn_modules.1.mlp.fc2.weight as id 46
2026/05/14 16:54:36 - mmengine - INFO - set param backbone.fpn_modules.1.mlp.fc2.bias as id 46
2026/05/14 16:54:36 - mmengine - INFO - set param backbone.fpn_modules.2.norm2.weight as id 46
2026/05/14 16:54:36 - mmengine - INFO - set param backbone.fpn_modules.2.norm2.bias as id 46
2026/05/14 16:54:36 - mmengine - INFO - set param backbone.fpn_modules.2.mlp.fc1.weight as id 46
2026/05/14 16:54:36 - mmengine - INFO - set param backbone.fpn_modules.2.mlp.fc1.bias as id 46
2026/05/14 16:54:36 - mmengine - INFO - set param backbone.fpn_modules.2.mlp.fc2.weight as id 46
2026/05/14 16:54:36 - mmengine - INFO - set param backbone.fpn_modules.2.mlp.fc2.bias as id 46
2026/05/14 16:54:36 - mmengine - INFO - set param backbone.align_dim_16to8.weight as id 46
2026/05/14 16:54:36 - mmengine - INFO - set param backbone.split_16to8.norm.weight as id 46
2026/05/14 16:54:36 - mmengine - INFO - set param backbone.split_16to8.norm.bias as id 46
2026/05/14 16:54:36 - mmengine - INFO - set param backbone.split_16to8.reduction.weight as id 46
2026/05/14 16:54:36 - mmengine - INFO - set param backbone.block_16to8.0.norm2.weight as id 46
2026/05/14 16:54:36 - mmengine - INFO - set param backbone.block_16to8.0.norm2.bias as id 46
2026/05/14 16:54:36 - mmengine - INFO - set param backbone.block_16to8.0.mlp.fc1.weight as id 46
2026/05/14 16:54:36 - mmengine - INFO - set param backbone.block_16to8.0.mlp.fc1.bias as id 46
2026/05/14 16:54:36 - mmengine - INFO - set param backbone.block_16to8.0.mlp.fc2.weight as id 46
2026/05/14 16:54:36 - mmengine - INFO - set param backbone.block_16to8.0.mlp.fc2.bias as id 46
2026/05/14 16:54:36 - mmengine - INFO - set param backbone.block_16to8.1.norm2.weight as id 46
2026/05/14 16:54:36 - mmengine - INFO - set param backbone.block_16to8.1.norm2.bias as id 46
2026/05/14 16:54:36 - mmengine - INFO - set param backbone.block_16to8.1.mlp.fc1.weight as id 46
2026/05/14 16:54:36 - mmengine - INFO - set param backbone.block_16to8.1.mlp.fc1.bias as id 46
2026/05/14 16:54:36 - mmengine - INFO - set param backbone.block_16to8.1.mlp.fc2.weight as id 46
2026/05/14 16:54:36 - mmengine - INFO - set param backbone.block_16to8.1.mlp.fc2.bias as id 46
2026/05/14 16:54:36 - mmengine - INFO - set param backbone.align_dim_8to4.weight as id 46
2026/05/14 16:54:36 - mmengine - INFO - set param backbone.split_8to4.norm.weight as id 46
2026/05/14 16:54:36 - mmengine - INFO - set param backbone.split_8to4.norm.bias as id 46
2026/05/14 16:54:36 - mmengine - INFO - set param backbone.split_8to4.reduction.weight as id 46
2026/05/14 16:54:36 - mmengine - INFO - set param backbone.block_8to4.0.norm2.weight as id 46
2026/05/14 16:54:36 - mmengine - INFO - set param backbone.block_8to4.0.norm2.bias as id 46
2026/05/14 16:54:36 - mmengine - INFO - set param backbone.block_8to4.0.mlp.fc1.weight as id 46
2026/05/14 16:54:36 - mmengine - INFO - set param backbone.block_8to4.0.mlp.fc1.bias as id 46
2026/05/14 16:54:36 - mmengine - INFO - set param backbone.block_8to4.0.mlp.fc2.weight as id 46
2026/05/14 16:54:36 - mmengine - INFO - set param backbone.block_8to4.0.mlp.fc2.bias as id 46
2026/05/14 16:54:36 - mmengine - INFO - set param backbone.block_8to4.1.norm2.weight as id 46
2026/05/14 16:54:36 - mmengine - INFO - set param backbone.block_8to4.1.norm2.bias as id 46
2026/05/14 16:54:36 - mmengine - INFO - set param backbone.block_8to4.1.mlp.fc1.weight as id 46
2026/05/14 16:54:36 - mmengine - INFO - set param backbone.block_8to4.1.mlp.fc1.bias as id 46
2026/05/14 16:54:36 - mmengine - INFO - set param backbone.block_8to4.1.mlp.fc2.weight as id 46
2026/05/14 16:54:36 - mmengine - INFO - set param backbone.block_8to4.1.mlp.fc2.bias as id 46
2026/05/14 16:54:36 - mmengine - INFO - set param decode_head.conv_seg.weight as id 46
2026/05/14 16:54:36 - mmengine - INFO - set param decode_head.conv_seg.bias as id 46
2026/05/14 16:54:36 - mmengine - INFO - set param decode_head.psp_modules.0.1.conv.weight as id 46
2026/05/14 16:54:36 - mmengine - INFO - set param decode_head.psp_modules.0.1.bn.weight as id 46
2026/05/14 16:54:36 - mmengine - INFO - set param decode_head.psp_modules.0.1.bn.bias as id 46
2026/05/14 16:54:36 - mmengine - INFO - set param decode_head.psp_modules.1.1.conv.weight as id 46
2026/05/14 16:54:36 - mmengine - INFO - set param decode_head.psp_modules.1.1.bn.weight as id 46
2026/05/14 16:54:36 - mmengine - INFO - set param decode_head.psp_modules.1.1.bn.bias as id 46
2026/05/14 16:54:36 - mmengine - INFO - set param decode_head.psp_modules.2.1.conv.weight as id 46
2026/05/14 16:54:36 - mmengine - INFO - set param decode_head.psp_modules.2.1.bn.weight as id 46
2026/05/14 16:54:36 - mmengine - INFO - set param decode_head.psp_modules.2.1.bn.bias as id 46
2026/05/14 16:54:36 - mmengine - INFO - set param decode_head.psp_modules.3.1.conv.weight as id 46
2026/05/14 16:54:36 - mmengine - INFO - set param decode_head.psp_modules.3.1.bn.weight as id 46
2026/05/14 16:54:36 - mmengine - INFO - set param decode_head.psp_modules.3.1.bn.bias as id 46
2026/05/14 16:54:36 - mmengine - INFO - set param decode_head.bottleneck.conv.weight as id 46
2026/05/14 16:54:36 - mmengine - INFO - set param decode_head.bottleneck.bn.weight as id 46
2026/05/14 16:54:36 - mmengine - INFO - set param decode_head.bottleneck.bn.bias as id 46
2026/05/14 16:54:36 - mmengine - INFO - set param decode_head.lateral_convs.0.conv.weight as id 46
2026/05/14 16:54:36 - mmengine - INFO - set param decode_head.lateral_convs.0.bn.weight as id 46
2026/05/14 16:54:36 - mmengine - INFO - set param decode_head.lateral_convs.0.bn.bias as id 46
2026/05/14 16:54:36 - mmengine - INFO - set param decode_head.lateral_convs.1.conv.weight as id 46
2026/05/14 16:54:36 - mmengine - INFO - set param decode_head.lateral_convs.1.bn.weight as id 46
2026/05/14 16:54:36 - mmengine - INFO - set param decode_head.lateral_convs.1.bn.bias as id 46
2026/05/14 16:54:36 - mmengine - INFO - set param decode_head.lateral_convs.2.conv.weight as id 46
2026/05/14 16:54:36 - mmengine - INFO - set param decode_head.lateral_convs.2.bn.weight as id 46
2026/05/14 16:54:36 - mmengine - INFO - set param decode_head.lateral_convs.2.bn.bias as id 46
2026/05/14 16:54:36 - mmengine - INFO - set param decode_head.fpn_convs.0.conv.weight as id 46
2026/05/14 16:54:36 - mmengine - INFO - set param decode_head.fpn_convs.0.bn.weight as id 46
2026/05/14 16:54:36 - mmengine - INFO - set param decode_head.fpn_convs.0.bn.bias as id 46
2026/05/14 16:54:36 - mmengine - INFO - set param decode_head.fpn_convs.1.conv.weight as id 46
2026/05/14 16:54:36 - mmengine - INFO - set param decode_head.fpn_convs.1.bn.weight as id 46
2026/05/14 16:54:36 - mmengine - INFO - set param decode_head.fpn_convs.1.bn.bias as id 46
2026/05/14 16:54:36 - mmengine - INFO - set param decode_head.fpn_convs.2.conv.weight as id 46
2026/05/14 16:54:36 - mmengine - INFO - set param decode_head.fpn_convs.2.bn.weight as id 46
2026/05/14 16:54:36 - mmengine - INFO - set param decode_head.fpn_convs.2.bn.bias as id 46
2026/05/14 16:54:36 - mmengine - INFO - set param decode_head.fpn_bottleneck.conv.weight as id 46
2026/05/14 16:54:36 - mmengine - INFO - set param decode_head.fpn_bottleneck.bn.weight as id 46
2026/05/14 16:54:36 - mmengine - INFO - set param decode_head.fpn_bottleneck.bn.bias as id 46
2026/05/14 16:54:36 - mmengine - INFO - set param auxiliary_head.conv_seg.weight as id 46
2026/05/14 16:54:36 - mmengine - INFO - set param auxiliary_head.conv_seg.bias as id 46
2026/05/14 16:54:36 - mmengine - INFO - set param auxiliary_head.convs.0.conv.weight as id 46
2026/05/14 16:54:36 - mmengine - INFO - set param auxiliary_head.convs.0.bn.weight as id 46
2026/05/14 16:54:36 - mmengine - INFO - set param auxiliary_head.convs.0.bn.bias as id 46
2026/05/14 16:54:36 - mmengine - INFO - Param groups = {
  "layer_0_layer_0_no_decay": {
    "param_names": [
      "backbone.absolute_pos_embed",
      "backbone.patch_embed.proj.bias",
      "backbone.patch_embed.norm.weight",
      "backbone.patch_embed.norm.bias"
    ],
    "lr_scale": 0.00785516721127895,
    "lr": 3.1420668845115805e-06,
    "weight_decay": 0.0
  },
  "layer_0_layer_0_decay": {
    "param_names": [
      "backbone.patch_embed.proj.weight"
    ],
    "lr_scale": 0.00785516721127895,
    "lr": 3.1420668845115805e-06,
    "weight_decay": 0.05
  },
  "layer_1_layer_1_no_decay": {
    "param_names": [
      "backbone.blocks.0.norm2.weight",
      "backbone.blocks.0.norm2.bias",
      "backbone.blocks.0.mlp.fc1.bias",
      "backbone.blocks.0.mlp.fc2.bias"
    ],
    "lr_scale": 0.008727963568087723,
    "lr": 3.4911854272350892e-06,
    "weight_decay": 0.0
  },
  "layer_1_layer_1_decay": {
    "param_names": [
      "backbone.blocks.0.mlp.fc1.weight",
      "backbone.blocks.0.mlp.fc2.weight"
    ],
    "lr_scale": 0.008727963568087723,
    "lr": 3.4911854272350892e-06,
    "weight_decay": 0.05
  },
  "layer_2_layer_2_no_decay": {
    "param_names": [
      "backbone.blocks.1.norm2.weight",
      "backbone.blocks.1.norm2.bias",
      "backbone.blocks.1.mlp.fc1.bias",
      "backbone.blocks.1.mlp.fc2.bias"
    ],
    "lr_scale": 0.009697737297875247,
    "lr": 3.879094919150099e-06,
    "weight_decay": 0.0
  },
  "layer_2_layer_2_decay": {
    "param_names": [
      "backbone.blocks.1.mlp.fc1.weight",
      "backbone.blocks.1.mlp.fc2.weight"
    ],
    "lr_scale": 0.009697737297875247,
    "lr": 3.879094919150099e-06,
    "weight_decay": 0.05
  },
  "layer_3_layer_3_no_decay": {
    "param_names": [
      "backbone.blocks.2.norm.weight",
      "backbone.blocks.2.norm.bias"
    ],
    "lr_scale": 0.01077526366430583,
    "lr": 4.310105465722332e-06,
    "weight_decay": 0.0
  },
  "layer_3_layer_3_decay": {
    "param_names": [
      "backbone.blocks.2.reduction.weight"
    ],
    "lr_scale": 0.01077526366430583,
    "lr": 4.310105465722332e-06,
    "weight_decay": 0.05
  },
  "layer_4_layer_4_no_decay": {
    "param_names": [
      "backbone.blocks.3.norm2.weight",
      "backbone.blocks.3.norm2.bias",
      "backbone.blocks.3.mlp.fc1.bias",
      "backbone.blocks.3.mlp.fc2.bias"
    ],
    "lr_scale": 0.011972515182562033,
    "lr": 4.7890060730248135e-06,
    "weight_decay": 0.0
  },
  "layer_4_layer_4_decay": {
    "param_names": [
      "backbone.blocks.3.mlp.fc1.weight",
      "backbone.blocks.3.mlp.fc2.weight"
    ],
    "lr_scale": 0.011972515182562033,
    "lr": 4.7890060730248135e-06,
    "weight_decay": 0.05
  },
  "layer_5_layer_5_no_decay": {
    "param_names": [
      "backbone.blocks.4.norm2.weight",
      "backbone.blocks.4.norm2.bias",
      "backbone.blocks.4.mlp.fc1.bias",
      "backbone.blocks.4.mlp.fc2.bias"
    ],
    "lr_scale": 0.013302794647291146,
    "lr": 5.321117858916458e-06,
    "weight_decay": 0.0
  },
  "layer_5_layer_5_decay": {
    "param_names": [
      "backbone.blocks.4.mlp.fc1.weight",
      "backbone.blocks.4.mlp.fc2.weight"
    ],
    "lr_scale": 0.013302794647291146,
    "lr": 5.321117858916458e-06,
    "weight_decay": 0.05
  },
  "layer_6_layer_6_no_decay": {
    "param_names": [
      "backbone.blocks.5.norm.weight",
      "backbone.blocks.5.norm.bias"
    ],
    "lr_scale": 0.014780882941434608,
    "lr": 5.9123531765738435e-06,
    "weight_decay": 0.0
  },
  "layer_6_layer_6_decay": {
    "param_names": [
      "backbone.blocks.5.reduction.weight"
    ],
    "lr_scale": 0.014780882941434608,
    "lr": 5.9123531765738435e-06,
    "weight_decay": 0.05
  },
  "layer_7_layer_7_no_decay": {
    "param_names": [
      "backbone.blocks.6.norm1.weight",
      "backbone.blocks.6.norm1.bias",
      "backbone.blocks.6.attn.qkv.bias",
      "backbone.blocks.6.attn.proj.bias",
      "backbone.blocks.6.norm2.weight",
      "backbone.blocks.6.norm2.bias",
      "backbone.blocks.6.mlp.fc1.bias",
      "backbone.blocks.6.mlp.fc2.bias"
    ],
    "lr_scale": 0.016423203268260675,
    "lr": 6.56928130730427e-06,
    "weight_decay": 0.0
  },
  "layer_7_layer_7_decay": {
    "param_names": [
      "backbone.blocks.6.attn.qkv.weight",
      "backbone.blocks.6.attn.proj.weight",
      "backbone.blocks.6.mlp.fc1.weight",
      "backbone.blocks.6.mlp.fc2.weight"
    ],
    "lr_scale": 0.016423203268260675,
    "lr": 6.56928130730427e-06,
    "weight_decay": 0.05
  },
  "layer_8_layer_8_no_decay": {
    "param_names": [
      "backbone.blocks.7.norm1.weight",
      "backbone.blocks.7.norm1.bias",
      "backbone.blocks.7.attn.qkv.bias",
      "backbone.blocks.7.attn.proj.bias",
      "backbone.blocks.7.norm2.weight",
      "backbone.blocks.7.norm2.bias",
      "backbone.blocks.7.mlp.fc1.bias",
      "backbone.blocks.7.mlp.fc2.bias"
    ],
    "lr_scale": 0.01824800363140075,
    "lr": 7.2992014525603005e-06,
    "weight_decay": 0.0
  },
  "layer_8_layer_8_decay": {
    "param_names": [
      "backbone.blocks.7.attn.qkv.weight",
      "backbone.blocks.7.attn.proj.weight",
      "backbone.blocks.7.mlp.fc1.weight",
      "backbone.blocks.7.mlp.fc2.weight"
    ],
    "lr_scale": 0.01824800363140075,
    "lr": 7.2992014525603005e-06,
    "weight_decay": 0.05
  },
  "layer_9_layer_9_no_decay": {
    "param_names": [
      "backbone.blocks.8.norm1.weight",
      "backbone.blocks.8.norm1.bias",
      "backbone.blocks.8.attn.qkv.bias",
      "backbone.blocks.8.attn.proj.bias",
      "backbone.blocks.8.norm2.weight",
      "backbone.blocks.8.norm2.bias",
      "backbone.blocks.8.mlp.fc1.bias",
      "backbone.blocks.8.mlp.fc2.bias"
    ],
    "lr_scale": 0.020275559590445275,
    "lr": 8.11022383617811e-06,
    "weight_decay": 0.0
  },
  "layer_9_layer_9_decay": {
    "param_names": [
      "backbone.blocks.8.attn.qkv.weight",
      "backbone.blocks.8.attn.proj.weight",
      "backbone.blocks.8.mlp.fc1.weight",
      "backbone.blocks.8.mlp.fc2.weight"
    ],
    "lr_scale": 0.020275559590445275,
    "lr": 8.11022383617811e-06,
    "weight_decay": 0.05
  },
  "layer_10_layer_10_no_decay": {
    "param_names": [
      "backbone.blocks.9.norm1.weight",
      "backbone.blocks.9.norm1.bias",
      "backbone.blocks.9.attn.qkv.bias",
      "backbone.blocks.9.attn.proj.bias",
      "backbone.blocks.9.norm2.weight",
      "backbone.blocks.9.norm2.bias",
      "backbone.blocks.9.mlp.fc1.bias",
      "backbone.blocks.9.mlp.fc2.bias"
    ],
    "lr_scale": 0.022528399544939195,
    "lr": 9.011359817975678e-06,
    "weight_decay": 0.0
  },
  "layer_10_layer_10_decay": {
    "param_names": [
      "backbone.blocks.9.attn.qkv.weight",
      "backbone.blocks.9.attn.proj.weight",
      "backbone.blocks.9.mlp.fc1.weight",
      "backbone.blocks.9.mlp.fc2.weight"
    ],
    "lr_scale": 0.022528399544939195,
    "lr": 9.011359817975678e-06,
    "weight_decay": 0.05
  },
  "layer_11_layer_11_no_decay": {
    "param_names": [
      "backbone.blocks.10.norm1.weight",
      "backbone.blocks.10.norm1.bias",
      "backbone.blocks.10.attn.qkv.bias",
      "backbone.blocks.10.attn.proj.bias",
      "backbone.blocks.10.norm2.weight",
      "backbone.blocks.10.norm2.bias",
      "backbone.blocks.10.mlp.fc1.bias",
      "backbone.blocks.10.mlp.fc2.bias"
    ],
    "lr_scale": 0.025031555049932437,
    "lr": 1.0012622019972976e-05,
    "weight_decay": 0.0
  },
  "layer_11_layer_11_decay": {
    "param_names": [
      "backbone.blocks.10.attn.qkv.weight",
      "backbone.blocks.10.attn.proj.weight",
      "backbone.blocks.10.mlp.fc1.weight",
      "backbone.blocks.10.mlp.fc2.weight"
    ],
    "lr_scale": 0.025031555049932437,
    "lr": 1.0012622019972976e-05,
    "weight_decay": 0.05
  },
  "layer_12_layer_12_no_decay": {
    "param_names": [
      "backbone.blocks.11.norm1.weight",
      "backbone.blocks.11.norm1.bias",
      "backbone.blocks.11.attn.qkv.bias",
      "backbone.blocks.11.attn.proj.bias",
      "backbone.blocks.11.norm2.weight",
      "backbone.blocks.11.norm2.bias",
      "backbone.blocks.11.mlp.fc1.bias",
      "backbone.blocks.11.mlp.fc2.bias"
    ],
    "lr_scale": 0.027812838944369374,
    "lr": 1.112513557774775e-05,
    "weight_decay": 0.0
  },
  "layer_12_layer_12_decay": {
    "param_names": [
      "backbone.blocks.11.attn.qkv.weight",
      "backbone.blocks.11.attn.proj.weight",
      "backbone.blocks.11.mlp.fc1.weight",
      "backbone.blocks.11.mlp.fc2.weight"
    ],
    "lr_scale": 0.027812838944369374,
    "lr": 1.112513557774775e-05,
    "weight_decay": 0.05
  },
  "layer_13_layer_13_no_decay": {
    "param_names": [
      "backbone.blocks.12.norm1.weight",
      "backbone.blocks.12.norm1.bias",
      "backbone.blocks.12.attn.qkv.bias",
      "backbone.blocks.12.attn.proj.bias",
      "backbone.blocks.12.norm2.weight",
      "backbone.blocks.12.norm2.bias",
      "backbone.blocks.12.mlp.fc1.bias",
      "backbone.blocks.12.mlp.fc2.bias"
    ],
    "lr_scale": 0.030903154382632636,
    "lr": 1.2361261753053056e-05,
    "weight_decay": 0.0
  },
  "layer_13_layer_13_decay": {
    "param_names": [
      "backbone.blocks.12.attn.qkv.weight",
      "backbone.blocks.12.attn.proj.weight",
      "backbone.blocks.12.mlp.fc1.weight",
      "backbone.blocks.12.mlp.fc2.weight"
    ],
    "lr_scale": 0.030903154382632636,
    "lr": 1.2361261753053056e-05,
    "weight_decay": 0.05
  },
  "layer_14_layer_14_no_decay": {
    "param_names": [
      "backbone.blocks.13.norm1.weight",
      "backbone.blocks.13.norm1.bias",
      "backbone.blocks.13.attn.qkv.bias",
      "backbone.blocks.13.attn.proj.bias",
      "backbone.blocks.13.norm2.weight",
      "backbone.blocks.13.norm2.bias",
      "backbone.blocks.13.mlp.fc1.bias",
      "backbone.blocks.13.mlp.fc2.bias"
    ],
    "lr_scale": 0.03433683820292515,
    "lr": 1.3734735281170061e-05,
    "weight_decay": 0.0
  },
  "layer_14_layer_14_decay": {
    "param_names": [
      "backbone.blocks.13.attn.qkv.weight",
      "backbone.blocks.13.attn.proj.weight",
      "backbone.blocks.13.mlp.fc1.weight",
      "backbone.blocks.13.mlp.fc2.weight"
    ],
    "lr_scale": 0.03433683820292515,
    "lr": 1.3734735281170061e-05,
    "weight_decay": 0.05
  },
  "layer_15_layer_15_no_decay": {
    "param_names": [
      "backbone.blocks.14.norm1.weight",
      "backbone.blocks.14.norm1.bias",
      "backbone.blocks.14.attn.qkv.bias",
      "backbone.blocks.14.attn.proj.bias",
      "backbone.blocks.14.norm2.weight",
      "backbone.blocks.14.norm2.bias",
      "backbone.blocks.14.mlp.fc1.bias",
      "backbone.blocks.14.mlp.fc2.bias"
    ],
    "lr_scale": 0.038152042447694615,
    "lr": 1.5260816979077847e-05,
    "weight_decay": 0.0
  },
  "layer_15_layer_15_decay": {
    "param_names": [
      "backbone.blocks.14.attn.qkv.weight",
      "backbone.blocks.14.attn.proj.weight",
      "backbone.blocks.14.mlp.fc1.weight",
      "backbone.blocks.14.mlp.fc2.weight"
    ],
    "lr_scale": 0.038152042447694615,
    "lr": 1.5260816979077847e-05,
    "weight_decay": 0.05
  },
  "layer_16_layer_16_no_decay": {
    "param_names": [
      "backbone.blocks.15.norm1.weight",
      "backbone.blocks.15.norm1.bias",
      "backbone.blocks.15.attn.qkv.bias",
      "backbone.blocks.15.attn.proj.bias",
      "backbone.blocks.15.norm2.weight",
      "backbone.blocks.15.norm2.bias",
      "backbone.blocks.15.mlp.fc1.bias",
      "backbone.blocks.15.mlp.fc2.bias"
    ],
    "lr_scale": 0.04239115827521624,
    "lr": 1.6956463310086495e-05,
    "weight_decay": 0.0
  },
  "layer_16_layer_16_decay": {
    "param_names": [
      "backbone.blocks.15.attn.qkv.weight",
      "backbone.blocks.15.attn.proj.weight",
      "backbone.blocks.15.mlp.fc1.weight",
      "backbone.blocks.15.mlp.fc2.weight"
    ],
    "lr_scale": 0.04239115827521624,
    "lr": 1.6956463310086495e-05,
    "weight_decay": 0.05
  },
  "layer_17_layer_17_no_decay": {
    "param_names": [
      "backbone.blocks.16.norm1.weight",
      "backbone.blocks.16.norm1.bias",
      "backbone.blocks.16.attn.qkv.bias",
      "backbone.blocks.16.attn.proj.bias",
      "backbone.blocks.16.norm2.weight",
      "backbone.blocks.16.norm2.bias",
      "backbone.blocks.16.mlp.fc1.bias",
      "backbone.blocks.16.mlp.fc2.bias"
    ],
    "lr_scale": 0.047101286972462485,
    "lr": 1.8840514788984995e-05,
    "weight_decay": 0.0
  },
  "layer_17_layer_17_decay": {
    "param_names": [
      "backbone.blocks.16.attn.qkv.weight",
      "backbone.blocks.16.attn.proj.weight",
      "backbone.blocks.16.mlp.fc1.weight",
      "backbone.blocks.16.mlp.fc2.weight"
    ],
    "lr_scale": 0.047101286972462485,
    "lr": 1.8840514788984995e-05,
    "weight_decay": 0.05
  },
  "layer_18_layer_18_no_decay": {
    "param_names": [
      "backbone.blocks.17.norm1.weight",
      "backbone.blocks.17.norm1.bias",
      "backbone.blocks.17.attn.qkv.bias",
      "backbone.blocks.17.attn.proj.bias",
      "backbone.blocks.17.norm2.weight",
      "backbone.blocks.17.norm2.bias",
      "backbone.blocks.17.mlp.fc1.bias",
      "backbone.blocks.17.mlp.fc2.bias"
    ],
    "lr_scale": 0.05233476330273609,
    "lr": 2.093390532109444e-05,
    "weight_decay": 0.0
  },
  "layer_18_layer_18_decay": {
    "param_names": [
      "backbone.blocks.17.attn.qkv.weight",
      "backbone.blocks.17.attn.proj.weight",
      "backbone.blocks.17.mlp.fc1.weight",
      "backbone.blocks.17.mlp.fc2.weight"
    ],
    "lr_scale": 0.05233476330273609,
    "lr": 2.093390532109444e-05,
    "weight_decay": 0.05
  },
  "layer_19_layer_19_no_decay": {
    "param_names": [
      "backbone.blocks.18.norm1.weight",
      "backbone.blocks.18.norm1.bias",
      "backbone.blocks.18.attn.qkv.bias",
      "backbone.blocks.18.attn.proj.bias",
      "backbone.blocks.18.norm2.weight",
      "backbone.blocks.18.norm2.bias",
      "backbone.blocks.18.mlp.fc1.bias",
      "backbone.blocks.18.mlp.fc2.bias"
    ],
    "lr_scale": 0.058149737003040096,
    "lr": 2.3259894801216038e-05,
    "weight_decay": 0.0
  },
  "layer_19_layer_19_decay": {
    "param_names": [
      "backbone.blocks.18.attn.qkv.weight",
      "backbone.blocks.18.attn.proj.weight",
      "backbone.blocks.18.mlp.fc1.weight",
      "backbone.blocks.18.mlp.fc2.weight"
    ],
    "lr_scale": 0.058149737003040096,
    "lr": 2.3259894801216038e-05,
    "weight_decay": 0.05
  },
  "layer_20_layer_20_no_decay": {
    "param_names": [
      "backbone.blocks.19.norm1.weight",
      "backbone.blocks.19.norm1.bias",
      "backbone.blocks.19.attn.qkv.bias",
      "backbone.blocks.19.attn.proj.bias",
      "backbone.blocks.19.norm2.weight",
      "backbone.blocks.19.norm2.bias",
      "backbone.blocks.19.mlp.fc1.bias",
      "backbone.blocks.19.mlp.fc2.bias"
    ],
    "lr_scale": 0.06461081889226677,
    "lr": 2.584432755690671e-05,
    "weight_decay": 0.0
  },
  "layer_20_layer_20_decay": {
    "param_names": [
      "backbone.blocks.19.attn.qkv.weight",
      "backbone.blocks.19.attn.proj.weight",
      "backbone.blocks.19.mlp.fc1.weight",
      "backbone.blocks.19.mlp.fc2.weight"
    ],
    "lr_scale": 0.06461081889226677,
    "lr": 2.584432755690671e-05,
    "weight_decay": 0.05
  },
  "layer_21_layer_21_no_decay": {
    "param_names": [
      "backbone.blocks.20.norm1.weight",
      "backbone.blocks.20.norm1.bias",
      "backbone.blocks.20.attn.qkv.bias",
      "backbone.blocks.20.attn.proj.bias",
      "backbone.blocks.20.norm2.weight",
      "backbone.blocks.20.norm2.bias",
      "backbone.blocks.20.mlp.fc1.bias",
      "backbone.blocks.20.mlp.fc2.bias"
    ],
    "lr_scale": 0.0717897987691853,
    "lr": 2.8715919507674123e-05,
    "weight_decay": 0.0
  },
  "layer_21_layer_21_decay": {
    "param_names": [
      "backbone.blocks.20.attn.qkv.weight",
      "backbone.blocks.20.attn.proj.weight",
      "backbone.blocks.20.mlp.fc1.weight",
      "backbone.blocks.20.mlp.fc2.weight"
    ],
    "lr_scale": 0.0717897987691853,
    "lr": 2.8715919507674123e-05,
    "weight_decay": 0.05
  },
  "layer_22_layer_22_no_decay": {
    "param_names": [
      "backbone.blocks.21.norm1.weight",
      "backbone.blocks.21.norm1.bias",
      "backbone.blocks.21.attn.qkv.bias",
      "backbone.blocks.21.attn.proj.bias",
      "backbone.blocks.21.norm2.weight",
      "backbone.blocks.21.norm2.bias",
      "backbone.blocks.21.mlp.fc1.bias",
      "backbone.blocks.21.mlp.fc2.bias"
    ],
    "lr_scale": 0.07976644307687256,
    "lr": 3.190657723074902e-05,
    "weight_decay": 0.0
  },
  "layer_22_layer_22_decay": {
    "param_names": [
      "backbone.blocks.21.attn.qkv.weight",
      "backbone.blocks.21.attn.proj.weight",
      "backbone.blocks.21.mlp.fc1.weight",
      "backbone.blocks.21.mlp.fc2.weight"
    ],
    "lr_scale": 0.07976644307687256,
    "lr": 3.190657723074902e-05,
    "weight_decay": 0.05
  },
  "layer_23_layer_23_no_decay": {
    "param_names": [
      "backbone.blocks.22.norm1.weight",
      "backbone.blocks.22.norm1.bias",
      "backbone.blocks.22.attn.qkv.bias",
      "backbone.blocks.22.attn.proj.bias",
      "backbone.blocks.22.norm2.weight",
      "backbone.blocks.22.norm2.bias",
      "backbone.blocks.22.mlp.fc1.bias",
      "backbone.blocks.22.mlp.fc2.bias"
    ],
    "lr_scale": 0.08862938119652507,
    "lr": 3.545175247861003e-05,
    "weight_decay": 0.0
  },
  "layer_23_layer_23_decay": {
    "param_names": [
      "backbone.blocks.22.attn.qkv.weight",
      "backbone.blocks.22.attn.proj.weight",
      "backbone.blocks.22.mlp.fc1.weight",
      "backbone.blocks.22.mlp.fc2.weight"
    ],
    "lr_scale": 0.08862938119652507,
    "lr": 3.545175247861003e-05,
    "weight_decay": 0.05
  },
  "layer_24_layer_24_no_decay": {
    "param_names": [
      "backbone.blocks.23.norm1.weight",
      "backbone.blocks.23.norm1.bias",
      "backbone.blocks.23.attn.qkv.bias",
      "backbone.blocks.23.attn.proj.bias",
      "backbone.blocks.23.norm2.weight",
      "backbone.blocks.23.norm2.bias",
      "backbone.blocks.23.mlp.fc1.bias",
      "backbone.blocks.23.mlp.fc2.bias"
    ],
    "lr_scale": 0.09847709021836118,
    "lr": 3.939083608734447e-05,
    "weight_decay": 0.0
  },
  "layer_24_layer_24_decay": {
    "param_names": [
      "backbone.blocks.23.attn.qkv.weight",
      "backbone.blocks.23.attn.proj.weight",
      "backbone.blocks.23.mlp.fc1.weight",
      "backbone.blocks.23.mlp.fc2.weight"
    ],
    "lr_scale": 0.09847709021836118,
    "lr": 3.939083608734447e-05,
    "weight_decay": 0.05
  },
  "layer_25_layer_25_no_decay": {
    "param_names": [
      "backbone.blocks.24.norm1.weight",
      "backbone.blocks.24.norm1.bias",
      "backbone.blocks.24.attn.qkv.bias",
      "backbone.blocks.24.attn.proj.bias",
      "backbone.blocks.24.norm2.weight",
      "backbone.blocks.24.norm2.bias",
      "backbone.blocks.24.mlp.fc1.bias",
      "backbone.blocks.24.mlp.fc2.bias"
    ],
    "lr_scale": 0.10941898913151242,
    "lr": 4.376759565260497e-05,
    "weight_decay": 0.0
  },
  "layer_25_layer_25_decay": {
    "param_names": [
      "backbone.blocks.24.attn.qkv.weight",
      "backbone.blocks.24.attn.proj.weight",
      "backbone.blocks.24.mlp.fc1.weight",
      "backbone.blocks.24.mlp.fc2.weight"
    ],
    "lr_scale": 0.10941898913151242,
    "lr": 4.376759565260497e-05,
    "weight_decay": 0.05
  },
  "layer_26_layer_26_no_decay": {
    "param_names": [
      "backbone.blocks.25.norm1.weight",
      "backbone.blocks.25.norm1.bias",
      "backbone.blocks.25.attn.qkv.bias",
      "backbone.blocks.25.attn.proj.bias",
      "backbone.blocks.25.norm2.weight",
      "backbone.blocks.25.norm2.bias",
      "backbone.blocks.25.mlp.fc1.bias",
      "backbone.blocks.25.mlp.fc2.bias"
    ],
    "lr_scale": 0.12157665459056935,
    "lr": 4.863066183622774e-05,
    "weight_decay": 0.0
  },
  "layer_26_layer_26_decay": {
    "param_names": [
      "backbone.blocks.25.attn.qkv.weight",
      "backbone.blocks.25.attn.proj.weight",
      "backbone.blocks.25.mlp.fc1.weight",
      "backbone.blocks.25.mlp.fc2.weight"
    ],
    "lr_scale": 0.12157665459056935,
    "lr": 4.863066183622774e-05,
    "weight_decay": 0.05
  },
  "layer_27_layer_27_no_decay": {
    "param_names": [
      "backbone.blocks.26.norm1.weight",
      "backbone.blocks.26.norm1.bias",
      "backbone.blocks.26.attn.qkv.bias",
      "backbone.blocks.26.attn.proj.bias",
      "backbone.blocks.26.norm2.weight",
      "backbone.blocks.26.norm2.bias",
      "backbone.blocks.26.mlp.fc1.bias",
      "backbone.blocks.26.mlp.fc2.bias"
    ],
    "lr_scale": 0.13508517176729928,
    "lr": 5.4034068706919716e-05,
    "weight_decay": 0.0
  },
  "layer_27_layer_27_decay": {
    "param_names": [
      "backbone.blocks.26.attn.qkv.weight",
      "backbone.blocks.26.attn.proj.weight",
      "backbone.blocks.26.mlp.fc1.weight",
      "backbone.blocks.26.mlp.fc2.weight"
    ],
    "lr_scale": 0.13508517176729928,
    "lr": 5.4034068706919716e-05,
    "weight_decay": 0.05
  },
  "layer_28_layer_28_no_decay": {
    "param_names": [
      "backbone.blocks.27.norm1.weight",
      "backbone.blocks.27.norm1.bias",
      "backbone.blocks.27.attn.qkv.bias",
      "backbone.blocks.27.attn.proj.bias",
      "backbone.blocks.27.norm2.weight",
      "backbone.blocks.27.norm2.bias",
      "backbone.blocks.27.mlp.fc1.bias",
      "backbone.blocks.27.mlp.fc2.bias"
    ],
    "lr_scale": 0.15009463529699918,
    "lr": 6.0037854118799675e-05,
    "weight_decay": 0.0
  },
  "layer_28_layer_28_decay": {
    "param_names": [
      "backbone.blocks.27.attn.qkv.weight",
      "backbone.blocks.27.attn.proj.weight",
      "backbone.blocks.27.mlp.fc1.weight",
      "backbone.blocks.27.mlp.fc2.weight"
    ],
    "lr_scale": 0.15009463529699918,
    "lr": 6.0037854118799675e-05,
    "weight_decay": 0.05
  },
  "layer_29_layer_29_no_decay": {
    "param_names": [
      "backbone.blocks.28.norm1.weight",
      "backbone.blocks.28.norm1.bias",
      "backbone.blocks.28.attn.qkv.bias",
      "backbone.blocks.28.attn.proj.bias",
      "backbone.blocks.28.norm2.weight",
      "backbone.blocks.28.norm2.bias",
      "backbone.blocks.28.mlp.fc1.bias",
      "backbone.blocks.28.mlp.fc2.bias"
    ],
    "lr_scale": 0.16677181699666577,
    "lr": 6.670872679866631e-05,
    "weight_decay": 0.0
  },
  "layer_29_layer_29_decay": {
    "param_names": [
      "backbone.blocks.28.attn.qkv.weight",
      "backbone.blocks.28.attn.proj.weight",
      "backbone.blocks.28.mlp.fc1.weight",
      "backbone.blocks.28.mlp.fc2.weight"
    ],
    "lr_scale": 0.16677181699666577,
    "lr": 6.670872679866631e-05,
    "weight_decay": 0.05
  },
  "layer_30_layer_30_no_decay": {
    "param_names": [
      "backbone.blocks.29.norm1.weight",
      "backbone.blocks.29.norm1.bias",
      "backbone.blocks.29.attn.qkv.bias",
      "backbone.blocks.29.attn.proj.bias",
      "backbone.blocks.29.norm2.weight",
      "backbone.blocks.29.norm2.bias",
      "backbone.blocks.29.mlp.fc1.bias",
      "backbone.blocks.29.mlp.fc2.bias"
    ],
    "lr_scale": 0.18530201888518416,
    "lr": 7.412080755407366e-05,
    "weight_decay": 0.0
  },
  "layer_30_layer_30_decay": {
    "param_names": [
      "backbone.blocks.29.attn.qkv.weight",
      "backbone.blocks.29.attn.proj.weight",
      "backbone.blocks.29.mlp.fc1.weight",
      "backbone.blocks.29.mlp.fc2.weight"
    ],
    "lr_scale": 0.18530201888518416,
    "lr": 7.412080755407366e-05,
    "weight_decay": 0.05
  },
  "layer_31_layer_31_no_decay": {
    "param_names": [
      "backbone.blocks.30.norm1.weight",
      "backbone.blocks.30.norm1.bias",
      "backbone.blocks.30.attn.qkv.bias",
      "backbone.blocks.30.attn.proj.bias",
      "backbone.blocks.30.norm2.weight",
      "backbone.blocks.30.norm2.bias",
      "backbone.blocks.30.mlp.fc1.bias",
      "backbone.blocks.30.mlp.fc2.bias"
    ],
    "lr_scale": 0.20589113209464907,
    "lr": 8.235645283785963e-05,
    "weight_decay": 0.0
  },
  "layer_31_layer_31_decay": {
    "param_names": [
      "backbone.blocks.30.attn.qkv.weight",
      "backbone.blocks.30.attn.proj.weight",
      "backbone.blocks.30.mlp.fc1.weight",
      "backbone.blocks.30.mlp.fc2.weight"
    ],
    "lr_scale": 0.20589113209464907,
    "lr": 8.235645283785963e-05,
    "weight_decay": 0.05
  },
  "layer_32_layer_32_no_decay": {
    "param_names": [
      "backbone.blocks.31.norm1.weight",
      "backbone.blocks.31.norm1.bias",
      "backbone.blocks.31.attn.qkv.bias",
      "backbone.blocks.31.attn.proj.bias",
      "backbone.blocks.31.norm2.weight",
      "backbone.blocks.31.norm2.bias",
      "backbone.blocks.31.mlp.fc1.bias",
      "backbone.blocks.31.mlp.fc2.bias"
    ],
    "lr_scale": 0.2287679245496101,
    "lr": 9.150716981984404e-05,
    "weight_decay": 0.0
  },
  "layer_32_layer_32_decay": {
    "param_names": [
      "backbone.blocks.31.attn.qkv.weight",
      "backbone.blocks.31.attn.proj.weight",
      "backbone.blocks.31.mlp.fc1.weight",
      "backbone.blocks.31.mlp.fc2.weight"
    ],
    "lr_scale": 0.2287679245496101,
    "lr": 9.150716981984404e-05,
    "weight_decay": 0.05
  },
  "layer_33_layer_33_no_decay": {
    "param_names": [
      "backbone.blocks.32.norm1.weight",
      "backbone.blocks.32.norm1.bias",
      "backbone.blocks.32.attn.qkv.bias",
      "backbone.blocks.32.attn.proj.bias",
      "backbone.blocks.32.norm2.weight",
      "backbone.blocks.32.norm2.bias",
      "backbone.blocks.32.mlp.fc1.bias",
      "backbone.blocks.32.mlp.fc2.bias"
    ],
    "lr_scale": 0.2541865828329001,
    "lr": 0.00010167463313316004,
    "weight_decay": 0.0
  },
  "layer_33_layer_33_decay": {
    "param_names": [
      "backbone.blocks.32.attn.qkv.weight",
      "backbone.blocks.32.attn.proj.weight",
      "backbone.blocks.32.mlp.fc1.weight",
      "backbone.blocks.32.mlp.fc2.weight"
    ],
    "lr_scale": 0.2541865828329001,
    "lr": 0.00010167463313316004,
    "weight_decay": 0.05
  },
  "layer_34_layer_34_no_decay": {
    "param_names": [
      "backbone.blocks.33.norm1.weight",
      "backbone.blocks.33.norm1.bias",
      "backbone.blocks.33.attn.qkv.bias",
      "backbone.blocks.33.attn.proj.bias",
      "backbone.blocks.33.norm2.weight",
      "backbone.blocks.33.norm2.bias",
      "backbone.blocks.33.mlp.fc1.bias",
      "backbone.blocks.33.mlp.fc2.bias"
    ],
    "lr_scale": 0.2824295364810001,
    "lr": 0.00011297181459240004,
    "weight_decay": 0.0
  },
  "layer_34_layer_34_decay": {
    "param_names": [
      "backbone.blocks.33.attn.qkv.weight",
      "backbone.blocks.33.attn.proj.weight",
      "backbone.blocks.33.mlp.fc1.weight",
      "backbone.blocks.33.mlp.fc2.weight"
    ],
    "lr_scale": 0.2824295364810001,
    "lr": 0.00011297181459240004,
    "weight_decay": 0.05
  },
  "layer_35_layer_35_no_decay": {
    "param_names": [
      "backbone.blocks.34.norm1.weight",
      "backbone.blocks.34.norm1.bias",
      "backbone.blocks.34.attn.qkv.bias",
      "backbone.blocks.34.attn.proj.bias",
      "backbone.blocks.34.norm2.weight",
      "backbone.blocks.34.norm2.bias",
      "backbone.blocks.34.mlp.fc1.bias",
      "backbone.blocks.34.mlp.fc2.bias"
    ],
    "lr_scale": 0.31381059609000006,
    "lr": 0.00012552423843600004,
    "weight_decay": 0.0
  },
  "layer_35_layer_35_decay": {
    "param_names": [
      "backbone.blocks.34.attn.qkv.weight",
      "backbone.blocks.34.attn.proj.weight",
      "backbone.blocks.34.mlp.fc1.weight",
      "backbone.blocks.34.mlp.fc2.weight"
    ],
    "lr_scale": 0.31381059609000006,
    "lr": 0.00012552423843600004,
    "weight_decay": 0.05
  },
  "layer_36_layer_36_no_decay": {
    "param_names": [
      "backbone.blocks.35.norm1.weight",
      "backbone.blocks.35.norm1.bias",
      "backbone.blocks.35.attn.qkv.bias",
      "backbone.blocks.35.attn.proj.bias",
      "backbone.blocks.35.norm2.weight",
      "backbone.blocks.35.norm2.bias",
      "backbone.blocks.35.mlp.fc1.bias",
      "backbone.blocks.35.mlp.fc2.bias"
    ],
    "lr_scale": 0.3486784401000001,
    "lr": 0.00013947137604000004,
    "weight_decay": 0.0
  },
  "layer_36_layer_36_decay": {
    "param_names": [
      "backbone.blocks.35.attn.qkv.weight",
      "backbone.blocks.35.attn.proj.weight",
      "backbone.blocks.35.mlp.fc1.weight",
      "backbone.blocks.35.mlp.fc2.weight"
    ],
    "lr_scale": 0.3486784401000001,
    "lr": 0.00013947137604000004,
    "weight_decay": 0.05
  },
  "layer_37_layer_37_no_decay": {
    "param_names": [
      "backbone.blocks.36.norm1.weight",
      "backbone.blocks.36.norm1.bias",
      "backbone.blocks.36.attn.qkv.bias",
      "backbone.blocks.36.attn.proj.bias",
      "backbone.blocks.36.norm2.weight",
      "backbone.blocks.36.norm2.bias",
      "backbone.blocks.36.mlp.fc1.bias",
      "backbone.blocks.36.mlp.fc2.bias"
    ],
    "lr_scale": 0.3874204890000001,
    "lr": 0.00015496819560000005,
    "weight_decay": 0.0
  },
  "layer_37_layer_37_decay": {
    "param_names": [
      "backbone.blocks.36.attn.qkv.weight",
      "backbone.blocks.36.attn.proj.weight",
      "backbone.blocks.36.mlp.fc1.weight",
      "backbone.blocks.36.mlp.fc2.weight"
    ],
    "lr_scale": 0.3874204890000001,
    "lr": 0.00015496819560000005,
    "weight_decay": 0.05
  },
  "layer_38_layer_38_no_decay": {
    "param_names": [
      "backbone.blocks.37.norm1.weight",
      "backbone.blocks.37.norm1.bias",
      "backbone.blocks.37.attn.qkv.bias",
      "backbone.blocks.37.attn.proj.bias",
      "backbone.blocks.37.norm2.weight",
      "backbone.blocks.37.norm2.bias",
      "backbone.blocks.37.mlp.fc1.bias",
      "backbone.blocks.37.mlp.fc2.bias"
    ],
    "lr_scale": 0.4304672100000001,
    "lr": 0.00017218688400000005,
    "weight_decay": 0.0
  },
  "layer_38_layer_38_decay": {
    "param_names": [
      "backbone.blocks.37.attn.qkv.weight",
      "backbone.blocks.37.attn.proj.weight",
      "backbone.blocks.37.mlp.fc1.weight",
      "backbone.blocks.37.mlp.fc2.weight"
    ],
    "lr_scale": 0.4304672100000001,
    "lr": 0.00017218688400000005,
    "weight_decay": 0.05
  },
  "layer_39_layer_39_no_decay": {
    "param_names": [
      "backbone.blocks.38.norm1.weight",
      "backbone.blocks.38.norm1.bias",
      "backbone.blocks.38.attn.qkv.bias",
      "backbone.blocks.38.attn.proj.bias",
      "backbone.blocks.38.norm2.weight",
      "backbone.blocks.38.norm2.bias",
      "backbone.blocks.38.mlp.fc1.bias",
      "backbone.blocks.38.mlp.fc2.bias"
    ],
    "lr_scale": 0.4782969000000001,
    "lr": 0.00019131876000000005,
    "weight_decay": 0.0
  },
  "layer_39_layer_39_decay": {
    "param_names": [
      "backbone.blocks.38.attn.qkv.weight",
      "backbone.blocks.38.attn.proj.weight",
      "backbone.blocks.38.mlp.fc1.weight",
      "backbone.blocks.38.mlp.fc2.weight"
    ],
    "lr_scale": 0.4782969000000001,
    "lr": 0.00019131876000000005,
    "weight_decay": 0.05
  },
  "layer_40_layer_40_no_decay": {
    "param_names": [
      "backbone.blocks.39.norm1.weight",
      "backbone.blocks.39.norm1.bias",
      "backbone.blocks.39.attn.qkv.bias",
      "backbone.blocks.39.attn.proj.bias",
      "backbone.blocks.39.norm2.weight",
      "backbone.blocks.39.norm2.bias",
      "backbone.blocks.39.mlp.fc1.bias",
      "backbone.blocks.39.mlp.fc2.bias"
    ],
    "lr_scale": 0.531441,
    "lr": 0.00021257640000000002,
    "weight_decay": 0.0
  },
  "layer_40_layer_40_decay": {
    "param_names": [
      "backbone.blocks.39.attn.qkv.weight",
      "backbone.blocks.39.attn.proj.weight",
      "backbone.blocks.39.mlp.fc1.weight",
      "backbone.blocks.39.mlp.fc2.weight"
    ],
    "lr_scale": 0.531441,
    "lr": 0.00021257640000000002,
    "weight_decay": 0.05
  },
  "layer_41_layer_41_no_decay": {
    "param_names": [
      "backbone.blocks.40.norm1.weight",
      "backbone.blocks.40.norm1.bias",
      "backbone.blocks.40.attn.qkv.bias",
      "backbone.blocks.40.attn.proj.bias",
      "backbone.blocks.40.norm2.weight",
      "backbone.blocks.40.norm2.bias",
      "backbone.blocks.40.mlp.fc1.bias",
      "backbone.blocks.40.mlp.fc2.bias"
    ],
    "lr_scale": 0.5904900000000001,
    "lr": 0.00023619600000000004,
    "weight_decay": 0.0
  },
  "layer_41_layer_41_decay": {
    "param_names": [
      "backbone.blocks.40.attn.qkv.weight",
      "backbone.blocks.40.attn.proj.weight",
      "backbone.blocks.40.mlp.fc1.weight",
      "backbone.blocks.40.mlp.fc2.weight"
    ],
    "lr_scale": 0.5904900000000001,
    "lr": 0.00023619600000000004,
    "weight_decay": 0.05
  },
  "layer_42_layer_42_no_decay": {
    "param_names": [
      "backbone.blocks.41.norm1.weight",
      "backbone.blocks.41.norm1.bias",
      "backbone.blocks.41.attn.qkv.bias",
      "backbone.blocks.41.attn.proj.bias",
      "backbone.blocks.41.norm2.weight",
      "backbone.blocks.41.norm2.bias",
      "backbone.blocks.41.mlp.fc1.bias",
      "backbone.blocks.41.mlp.fc2.bias"
    ],
    "lr_scale": 0.6561,
    "lr": 0.00026244,
    "weight_decay": 0.0
  },
  "layer_42_layer_42_decay": {
    "param_names": [
      "backbone.blocks.41.attn.qkv.weight",
      "backbone.blocks.41.attn.proj.weight",
      "backbone.blocks.41.mlp.fc1.weight",
      "backbone.blocks.41.mlp.fc2.weight"
    ],
    "lr_scale": 0.6561,
    "lr": 0.00026244,
    "weight_decay": 0.05
  },
  "layer_43_layer_43_no_decay": {
    "param_names": [
      "backbone.blocks.42.norm1.weight",
      "backbone.blocks.42.norm1.bias",
      "backbone.blocks.42.attn.qkv.bias",
      "backbone.blocks.42.attn.proj.bias",
      "backbone.blocks.42.norm2.weight",
      "backbone.blocks.42.norm2.bias",
      "backbone.blocks.42.mlp.fc1.bias",
      "backbone.blocks.42.mlp.fc2.bias"
    ],
    "lr_scale": 0.7290000000000001,
    "lr": 0.00029160000000000004,
    "weight_decay": 0.0
  },
  "layer_43_layer_43_decay": {
    "param_names": [
      "backbone.blocks.42.attn.qkv.weight",
      "backbone.blocks.42.attn.proj.weight",
      "backbone.blocks.42.mlp.fc1.weight",
      "backbone.blocks.42.mlp.fc2.weight"
    ],
    "lr_scale": 0.7290000000000001,
    "lr": 0.00029160000000000004,
    "weight_decay": 0.05
  },
  "layer_44_layer_44_no_decay": {
    "param_names": [
      "backbone.blocks.43.norm1.weight",
      "backbone.blocks.43.norm1.bias",
      "backbone.blocks.43.attn.qkv.bias",
      "backbone.blocks.43.attn.proj.bias",
      "backbone.blocks.43.norm2.weight",
      "backbone.blocks.43.norm2.bias",
      "backbone.blocks.43.mlp.fc1.bias",
      "backbone.blocks.43.mlp.fc2.bias"
    ],
    "lr_scale": 0.81,
    "lr": 0.000324,
    "weight_decay": 0.0
  },
  "layer_44_layer_44_decay": {
    "param_names": [
      "backbone.blocks.43.attn.qkv.weight",
      "backbone.blocks.43.attn.proj.weight",
      "backbone.blocks.43.mlp.fc1.weight",
      "backbone.blocks.43.mlp.fc2.weight"
    ],
    "lr_scale": 0.81,
    "lr": 0.000324,
    "weight_decay": 0.05
  },
  "layer_45_layer_45_no_decay": {
    "param_names": [
      "backbone.blocks.44.norm1.weight",
      "backbone.blocks.44.norm1.bias",
      "backbone.blocks.44.attn.qkv.bias",
      "backbone.blocks.44.attn.proj.bias",
      "backbone.blocks.44.norm2.weight",
      "backbone.blocks.44.norm2.bias",
      "backbone.blocks.44.mlp.fc1.bias",
      "backbone.blocks.44.mlp.fc2.bias"
    ],
    "lr_scale": 0.9,
    "lr": 0.00036,
    "weight_decay": 0.0
  },
  "layer_45_layer_45_decay": {
    "param_names": [
      "backbone.blocks.44.attn.qkv.weight",
      "backbone.blocks.44.attn.proj.weight",
      "backbone.blocks.44.mlp.fc1.weight",
      "backbone.blocks.44.mlp.fc2.weight"
    ],
    "lr_scale": 0.9,
    "lr": 0.00036,
    "weight_decay": 0.05
  },
  "layer_46_layer_46_no_decay": {
    "param_names": [
      "backbone.blocks.45.norm1.weight",
      "backbone.blocks.45.norm1.bias",
      "backbone.blocks.45.attn.qkv.bias",
      "backbone.blocks.45.attn.proj.bias",
      "backbone.blocks.45.norm2.weight",
      "backbone.blocks.45.norm2.bias",
      "backbone.blocks.45.mlp.fc1.bias",
      "backbone.blocks.45.mlp.fc2.bias",
      "backbone.align_dim_16tofpn.bias",
      "backbone.fpn_modules.0.norm2.weight",
      "backbone.fpn_modules.0.norm2.bias",
      "backbone.fpn_modules.0.mlp.fc1.bias",
      "backbone.fpn_modules.0.mlp.fc2.bias",
      "backbone.fpn_modules.1.norm2.weight",
      "backbone.fpn_modules.1.norm2.bias",
      "backbone.fpn_modules.1.mlp.fc1.bias",
      "backbone.fpn_modules.1.mlp.fc2.bias",
      "backbone.fpn_modules.2.norm2.weight",
      "backbone.fpn_modules.2.norm2.bias",
      "backbone.fpn_modules.2.mlp.fc1.bias",
      "backbone.fpn_modules.2.mlp.fc2.bias",
      "backbone.split_16to8.norm.weight",
      "backbone.split_16to8.norm.bias",
      "backbone.block_16to8.0.norm2.weight",
      "backbone.block_16to8.0.norm2.bias",
      "backbone.block_16to8.0.mlp.fc1.bias",
      "backbone.block_16to8.0.mlp.fc2.bias",
      "backbone.block_16to8.1.norm2.weight",
      "backbone.block_16to8.1.norm2.bias",
      "backbone.block_16to8.1.mlp.fc1.bias",
      "backbone.block_16to8.1.mlp.fc2.bias",
      "backbone.split_8to4.norm.weight",
      "backbone.split_8to4.norm.bias",
      "backbone.block_8to4.0.norm2.weight",
      "backbone.block_8to4.0.norm2.bias",
      "backbone.block_8to4.0.mlp.fc1.bias",
      "backbone.block_8to4.0.mlp.fc2.bias",
      "backbone.block_8to4.1.norm2.weight",
      "backbone.block_8to4.1.norm2.bias",
      "backbone.block_8to4.1.mlp.fc1.bias",
      "backbone.block_8to4.1.mlp.fc2.bias",
      "decode_head.conv_seg.bias",
      "decode_head.psp_modules.0.1.bn.weight",
      "decode_head.psp_modules.0.1.bn.bias",
      "decode_head.psp_modules.1.1.bn.weight",
      "decode_head.psp_modules.1.1.bn.bias",
      "decode_head.psp_modules.2.1.bn.weight",
      "decode_head.psp_modules.2.1.bn.bias",
      "decode_head.psp_modules.3.1.bn.weight",
      "decode_head.psp_modules.3.1.bn.bias",
      "decode_head.bottleneck.bn.weight",
      "decode_head.bottleneck.bn.bias",
      "decode_head.lateral_convs.0.bn.weight",
      "decode_head.lateral_convs.0.bn.bias",
      "decode_head.lateral_convs.1.bn.weight",
      "decode_head.lateral_convs.1.bn.bias",
      "decode_head.lateral_convs.2.bn.weight",
      "decode_head.lateral_convs.2.bn.bias",
      "decode_head.fpn_convs.0.bn.weight",
      "decode_head.fpn_convs.0.bn.bias",
      "decode_head.fpn_convs.1.bn.weight",
      "decode_head.fpn_convs.1.bn.bias",
      "decode_head.fpn_convs.2.bn.weight",
      "decode_head.fpn_convs.2.bn.bias",
      "decode_head.fpn_bottleneck.bn.weight",
      "decode_head.fpn_bottleneck.bn.bias",
      "auxiliary_head.conv_seg.bias",
      "auxiliary_head.convs.0.bn.weight",
      "auxiliary_head.convs.0.bn.bias"
    ],
    "lr_scale": 1.0,
    "lr": 0.0004,
    "weight_decay": 0.0
  },
  "layer_46_layer_46_decay": {
    "param_names": [
      "backbone.blocks.45.attn.qkv.weight",
      "backbone.blocks.45.attn.proj.weight",
      "backbone.blocks.45.mlp.fc1.weight",
      "backbone.blocks.45.mlp.fc2.weight",
      "backbone.align_dim_16tofpn.weight",
      "backbone.fpn_modules.0.mlp.fc1.weight",
      "backbone.fpn_modules.0.mlp.fc2.weight",
      "backbone.fpn_modules.1.mlp.fc1.weight",
      "backbone.fpn_modules.1.mlp.fc2.weight",
      "backbone.fpn_modules.2.mlp.fc1.weight",
      "backbone.fpn_modules.2.mlp.fc2.weight",
      "backbone.align_dim_16to8.weight",
      "backbone.split_16to8.reduction.weight",
      "backbone.block_16to8.0.mlp.fc1.weight",
      "backbone.block_16to8.0.mlp.fc2.weight",
      "backbone.block_16to8.1.mlp.fc1.weight",
      "backbone.block_16to8.1.mlp.fc2.weight",
      "backbone.align_dim_8to4.weight",
      "backbone.split_8to4.reduction.weight",
      "backbone.block_8to4.0.mlp.fc1.weight",
      "backbone.block_8to4.0.mlp.fc2.weight",
      "backbone.block_8to4.1.mlp.fc1.weight",
      "backbone.block_8to4.1.mlp.fc2.weight",
      "decode_head.conv_seg.weight",
      "decode_head.psp_modules.0.1.conv.weight",
      "decode_head.psp_modules.1.1.conv.weight",
      "decode_head.psp_modules.2.1.conv.weight",
      "decode_head.psp_modules.3.1.conv.weight",
      "decode_head.bottleneck.conv.weight",
      "decode_head.lateral_convs.0.conv.weight",
      "decode_head.lateral_convs.1.conv.weight",
      "decode_head.lateral_convs.2.conv.weight",
      "decode_head.fpn_convs.0.conv.weight",
      "decode_head.fpn_convs.1.conv.weight",
      "decode_head.fpn_convs.2.conv.weight",
      "decode_head.fpn_bottleneck.conv.weight",
      "auxiliary_head.conv_seg.weight",
      "auxiliary_head.convs.0.conv.weight"
    ],
    "lr_scale": 1.0,
    "lr": 0.0004,
    "weight_decay": 0.05
  }
}
2026/05/14 16:54:36 - mmengine - WARNING - The prefix is not set in metric class CustomIoUMetric.
2026/05/14 16:54:37 - mmengine - INFO - Loads checkpoint by local backend from path: /root/autodl-tmp/weights/weijie_saratrx_2_large/checkpoint-1200.pth
2026/05/14 16:54:40 - mmengine - INFO - Checkpoint loaded from /root/autodl-tmp/weights/weijie_saratrx_2_large/checkpoint-1200.pth
2026/05/14 16:54:40 - mmengine - INFO - _IncompatibleKeys(missing_keys=[], unexpected_keys=['mask_token', 'decoder_pos_embed', 'hogs.simple_weights', 'hogs.SAR_Lay.weight_LBP1', 'hogs.SAR_Lay.weight_LBP2', 'hogs.SAR_Layer0.weight_x1', 'hogs.SAR_Layer0.weight_x2', 'hogs.SAR_Layer0.weight_y1', 'hogs.SAR_Layer0.weight_y2', 'hogs.SAR_Layer1.weight_x1', 'hogs.SAR_Layer1.weight_x2', 'hogs.SAR_Layer1.weight_y1', 'hogs.SAR_Layer1.weight_y2', 'hogs.SAR_Layer2.weight_x1', 'hogs.SAR_Layer2.weight_x2', 'hogs.SAR_Layer2.weight_y1', 'hogs.SAR_Layer2.weight_y2', 'hogs.SAR_Layer3.weight_x1', 'hogs.SAR_Layer3.weight_x2', 'hogs.SAR_Layer3.weight_y1', 'hogs.SAR_Layer3.weight_y2', 'hogs.SAR_Layer4.weight_x1', 'hogs.SAR_Layer4.weight_x2', 'hogs.SAR_Layer4.weight_y1', 'hogs.SAR_Layer4.weight_y2', 'decoder_embed.0.0.weight', 'decoder_embed.0.0.bias', 'decoder_embed.0.1.weight', 'decoder_embed.0.1.bias', 'decoder_embed.1.0.weight', 'decoder_embed.1.0.bias', 'decoder_embed.1.1.weight', 'decoder_embed.1.1.bias', 'decoder_embed.2.0.weight', 'decoder_embed.2.0.bias', 'decoder_embed.2.1.weight', 'decoder_embed.2.1.bias', 'decoder_blocks.0.norm1.weight', 'decoder_blocks.0.norm1.bias', 'decoder_blocks.0.attn.qkv.weight', 'decoder_blocks.0.attn.qkv.bias', 'decoder_blocks.0.attn.proj.weight', 'decoder_blocks.0.attn.proj.bias', 'decoder_blocks.0.norm2.weight', 'decoder_blocks.0.norm2.bias', 'decoder_blocks.0.mlp.fc1.weight', 'decoder_blocks.0.mlp.fc1.bias', 'decoder_blocks.0.mlp.fc2.weight', 'decoder_blocks.0.mlp.fc2.bias', 'decoder_blocks.1.norm1.weight', 'decoder_blocks.1.norm1.bias', 'decoder_blocks.1.attn.qkv.weight', 'decoder_blocks.1.attn.qkv.bias', 'decoder_blocks.1.attn.proj.weight', 'decoder_blocks.1.attn.proj.bias', 'decoder_blocks.1.norm2.weight', 'decoder_blocks.1.norm2.bias', 'decoder_blocks.1.mlp.fc1.weight', 'decoder_blocks.1.mlp.fc1.bias', 'decoder_blocks.1.mlp.fc2.weight', 'decoder_blocks.1.mlp.fc2.bias', 'decoder_blocks.2.norm1.weight', 'decoder_blocks.2.norm1.bias', 'decoder_blocks.2.attn.qkv.weight', 'decoder_blocks.2.attn.qkv.bias', 'decoder_blocks.2.attn.proj.weight', 'decoder_blocks.2.attn.proj.bias', 'decoder_blocks.2.norm2.weight', 'decoder_blocks.2.norm2.bias', 'decoder_blocks.2.mlp.fc1.weight', 'decoder_blocks.2.mlp.fc1.bias', 'decoder_blocks.2.mlp.fc2.weight', 'decoder_blocks.2.mlp.fc2.bias', 'decoder_blocks.3.norm1.weight', 'decoder_blocks.3.norm1.bias', 'decoder_blocks.3.attn.qkv.weight', 'decoder_blocks.3.attn.qkv.bias', 'decoder_blocks.3.attn.proj.weight', 'decoder_blocks.3.attn.proj.bias', 'decoder_blocks.3.norm2.weight', 'decoder_blocks.3.norm2.bias', 'decoder_blocks.3.mlp.fc1.weight', 'decoder_blocks.3.mlp.fc1.bias', 'decoder_blocks.3.mlp.fc2.weight', 'decoder_blocks.3.mlp.fc2.bias', 'decoder_blocks.4.norm1.weight', 'decoder_blocks.4.norm1.bias', 'decoder_blocks.4.attn.qkv.weight', 'decoder_blocks.4.attn.qkv.bias', 'decoder_blocks.4.attn.proj.weight', 'decoder_blocks.4.attn.proj.bias', 'decoder_blocks.4.norm2.weight', 'decoder_blocks.4.norm2.bias', 'decoder_blocks.4.mlp.fc1.weight', 'decoder_blocks.4.mlp.fc1.bias', 'decoder_blocks.4.mlp.fc2.weight', 'decoder_blocks.4.mlp.fc2.bias', 'decoder_blocks.5.norm1.weight', 'decoder_blocks.5.norm1.bias', 'decoder_blocks.5.attn.qkv.weight', 'decoder_blocks.5.attn.qkv.bias', 'decoder_blocks.5.attn.proj.weight', 'decoder_blocks.5.attn.proj.bias', 'decoder_blocks.5.norm2.weight', 'decoder_blocks.5.norm2.bias', 'decoder_blocks.5.mlp.fc1.weight', 'decoder_blocks.5.mlp.fc1.bias', 'decoder_blocks.5.mlp.fc2.weight', 'decoder_blocks.5.mlp.fc2.bias', 'decoder_blocks.6.norm1.weight', 'decoder_blocks.6.norm1.bias', 'decoder_blocks.6.attn.qkv.weight', 'decoder_blocks.6.attn.qkv.bias', 'decoder_blocks.6.attn.proj.weight', 'decoder_blocks.6.attn.proj.bias', 'decoder_blocks.6.norm2.weight', 'decoder_blocks.6.norm2.bias', 'decoder_blocks.6.mlp.fc1.weight', 'decoder_blocks.6.mlp.fc1.bias', 'decoder_blocks.6.mlp.fc2.weight', 'decoder_blocks.6.mlp.fc2.bias', 'decoder_blocks.7.norm1.weight', 'decoder_blocks.7.norm1.bias', 'decoder_blocks.7.attn.qkv.weight', 'decoder_blocks.7.attn.qkv.bias', 'decoder_blocks.7.attn.proj.weight', 'decoder_blocks.7.attn.proj.bias', 'decoder_blocks.7.norm2.weight', 'decoder_blocks.7.norm2.bias', 'decoder_blocks.7.mlp.fc1.weight', 'decoder_blocks.7.mlp.fc1.bias', 'decoder_blocks.7.mlp.fc2.weight', 'decoder_blocks.7.mlp.fc2.bias', 'decoder_norm.weight', 'decoder_norm.bias', 'decoder_pred.weight', 'decoder_pred.bias'])
Name of parameter - Initialization information

backbone.absolute_pos_embed - torch.Size([1, 196, 768]): 
Initialized by user-defined `init_weights` in iTPN_weijie  

backbone.patch_embed.proj.weight - torch.Size([192, 3, 4, 4]): 
Initialized by user-defined `init_weights` in iTPN_weijie  

backbone.patch_embed.proj.bias - torch.Size([192]): 
Initialized by user-defined `init_weights` in iTPN_weijie  

backbone.patch_embed.norm.weight - torch.Size([192]): 
Initialized by user-defined `init_weights` in iTPN_weijie  

backbone.patch_embed.norm.bias - torch.Size([192]): 
Initialized by user-defined `init_weights` in iTPN_weijie  

backbone.blocks.0.norm2.weight - torch.Size([192]): 
Initialized by user-defined `init_weights` in iTPN_weijie  

backbone.blocks.0.norm2.bias - torch.Size([192]): 
Initialized by user-defined `init_weights` in iTPN_weijie  

backbone.blocks.0.mlp.fc1.weight - torch.Size([576, 192]): 
Initialized by user-defined `init_weights` in iTPN_weijie  

backbone.blocks.0.mlp.fc1.bias - torch.Size([576]): 
Initialized by user-defined `init_weights` in iTPN_weijie  

backbone.blocks.0.mlp.fc2.weight - torch.Size([192, 576]): 
Initialized by user-defined `init_weights` in iTPN_weijie  

backbone.blocks.0.mlp.fc2.bias - torch.Size([192]): 
Initialized by user-defined `init_weights` in iTPN_weijie  

backbone.blocks.1.norm2.weight - torch.Size([192]): 
Initialized by user-defined `init_weights` in iTPN_weijie  

backbone.blocks.1.norm2.bias - torch.Size([192]): 
Initialized by user-defined `init_weights` in iTPN_weijie  

backbone.blocks.1.mlp.fc1.weight - torch.Size([576, 192]): 
Initialized by user-defined `init_weights` in iTPN_weijie  

backbone.blocks.1.mlp.fc1.bias - torch.Size([576]): 
Initialized by user-defined `init_weights` in iTPN_weijie  

backbone.blocks.1.mlp.fc2.weight - torch.Size([192, 576]): 
Initialized by user-defined `init_weights` in iTPN_weijie  

backbone.blocks.1.mlp.fc2.bias - torch.Size([192]): 
Initialized by user-defined `init_weights` in iTPN_weijie  

backbone.blocks.2.norm.weight - torch.Size([768]): 
Initialized by user-defined `init_weights` in iTPN_weijie  

backbone.blocks.2.norm.bias - torch.Size([768]): 
Initialized by user-defined `init_weights` in iTPN_weijie  

backbone.blocks.2.reduction.weight - torch.Size([384, 768]): 
Initialized by user-defined `init_weights` in iTPN_weijie  

backbone.blocks.3.norm2.weight - torch.Size([384]): 
Initialized by user-defined `init_weights` in iTPN_weijie  

backbone.blocks.3.norm2.bias - torch.Size([384]): 
Initialized by user-defined `init_weights` in iTPN_weijie  

backbone.blocks.3.mlp.fc1.weight - torch.Size([1152, 384]): 
Initialized by user-defined `init_weights` in iTPN_weijie  

backbone.blocks.3.mlp.fc1.bias - torch.Size([1152]): 
Initialized by user-defined `init_weights` in iTPN_weijie  

backbone.blocks.3.mlp.fc2.weight - torch.Size([384, 1152]): 
Initialized by user-defined `init_weights` in iTPN_weijie  

backbone.blocks.3.mlp.fc2.bias - torch.Size([384]): 
Initialized by user-defined `init_weights` in iTPN_weijie  

backbone.blocks.4.norm2.weight - torch.Size([384]): 
Initialized by user-defined `init_weights` in iTPN_weijie  

backbone.blocks.4.norm2.bias - torch.Size([384]): 
Initialized by user-defined `init_weights` in iTPN_weijie  

backbone.blocks.4.mlp.fc1.weight - torch.Size([1152, 384]): 
Initialized by user-defined `init_weights` in iTPN_weijie  

backbone.blocks.4.mlp.fc1.bias - torch.Size([1152]): 
Initialized by user-defined `init_weights` in iTPN_weijie  

backbone.blocks.4.mlp.fc2.weight - torch.Size([384, 1152]): 
Initialized by user-defined `init_weights` in iTPN_weijie  

backbone.blocks.4.mlp.fc2.bias - torch.Size([384]): 
Initialized by user-defined `init_weights` in iTPN_weijie  

backbone.blocks.5.norm.weight - torch.Size([1536]): 
Initialized by user-defined `init_weights` in iTPN_weijie  

backbone.blocks.5.norm.bias - torch.Size([1536]): 
Initialized by user-defined `init_weights` in iTPN_weijie  

backbone.blocks.5.reduction.weight - torch.Size([768, 1536]): 
Initialized by user-defined `init_weights` in iTPN_weijie  

backbone.blocks.6.norm1.weight - torch.Size([768]): 
Initialized by user-defined `init_weights` in iTPN_weijie  

backbone.blocks.6.norm1.bias - torch.Size([768]): 
Initialized by user-defined `init_weights` in iTPN_weijie  

backbone.blocks.6.attn.qkv.weight - torch.Size([2304, 768]): 
Initialized by user-defined `init_weights` in iTPN_weijie  

backbone.blocks.6.attn.qkv.bias - torch.Size([2304]): 
Initialized by user-defined `init_weights` in iTPN_weijie  

backbone.blocks.6.attn.proj.weight - torch.Size([768, 768]): 
Initialized by user-defined `init_weights` in iTPN_weijie  

backbone.blocks.6.attn.proj.bias - torch.Size([768]): 
Initialized by user-defined `init_weights` in iTPN_weijie  

backbone.blocks.6.norm2.weight - torch.Size([768]): 
Initialized by user-defined `init_weights` in iTPN_weijie  

backbone.blocks.6.norm2.bias - torch.Size([768]): 
Initialized by user-defined `init_weights` in iTPN_weijie  

backbone.blocks.6.mlp.fc1.weight - torch.Size([3072, 768]): 
Initialized by user-defined `init_weights` in iTPN_weijie  

backbone.blocks.6.mlp.fc1.bias - torch.Size([3072]): 
Initialized by user-defined `init_weights` in iTPN_weijie  

backbone.blocks.6.mlp.fc2.weight - torch.Size([768, 3072]): 
Initialized by user-defined `init_weights` in iTPN_weijie  

backbone.blocks.6.mlp.fc2.bias - torch.Size([768]): 
Initialized by user-defined `init_weights` in iTPN_weijie  

backbone.blocks.7.norm1.weight - torch.Size([768]): 
Initialized by user-defined `init_weights` in iTPN_weijie  

backbone.blocks.7.norm1.bias - torch.Size([768]): 
Initialized by user-defined `init_weights` in iTPN_weijie  

backbone.blocks.7.attn.qkv.weight - torch.Size([2304, 768]): 
Initialized by user-defined `init_weights` in iTPN_weijie  

backbone.blocks.7.attn.qkv.bias - torch.Size([2304]): 
Initialized by user-defined `init_weights` in iTPN_weijie  

backbone.blocks.7.attn.proj.weight - torch.Size([768, 768]): 
Initialized by user-defined `init_weights` in iTPN_weijie  

backbone.blocks.7.attn.proj.bias - torch.Size([768]): 
Initialized by user-defined `init_weights` in iTPN_weijie  

backbone.blocks.7.norm2.weight - torch.Size([768]): 
Initialized by user-defined `init_weights` in iTPN_weijie  

backbone.blocks.7.norm2.bias - torch.Size([768]): 
Initialized by user-defined `init_weights` in iTPN_weijie  

backbone.blocks.7.mlp.fc1.weight - torch.Size([3072, 768]): 
Initialized by user-defined `init_weights` in iTPN_weijie  

backbone.blocks.7.mlp.fc1.bias - torch.Size([3072]): 
Initialized by user-defined `init_weights` in iTPN_weijie  

backbone.blocks.7.mlp.fc2.weight - torch.Size([768, 3072]): 
Initialized by user-defined `init_weights` in iTPN_weijie  

backbone.blocks.7.mlp.fc2.bias - torch.Size([768]): 
Initialized by user-defined `init_weights` in iTPN_weijie  

backbone.blocks.8.norm1.weight - torch.Size([768]): 
Initialized by user-defined `init_weights` in iTPN_weijie  

backbone.blocks.8.norm1.bias - torch.Size([768]): 
Initialized by user-defined `init_weights` in iTPN_weijie  

backbone.blocks.8.attn.qkv.weight - torch.Size([2304, 768]): 
Initialized by user-defined `init_weights` in iTPN_weijie  

backbone.blocks.8.attn.qkv.bias - torch.Size([2304]): 
Initialized by user-defined `init_weights` in iTPN_weijie  

backbone.blocks.8.attn.proj.weight - torch.Size([768, 768]): 
Initialized by user-defined `init_weights` in iTPN_weijie  

backbone.blocks.8.attn.proj.bias - torch.Size([768]): 
Initialized by user-defined `init_weights` in iTPN_weijie  

backbone.blocks.8.norm2.weight - torch.Size([768]): 
Initialized by user-defined `init_weights` in iTPN_weijie  

backbone.blocks.8.norm2.bias - torch.Size([768]): 
Initialized by user-defined `init_weights` in iTPN_weijie  

backbone.blocks.8.mlp.fc1.weight - torch.Size([3072, 768]): 
Initialized by user-defined `init_weights` in iTPN_weijie  

backbone.blocks.8.mlp.fc1.bias - torch.Size([3072]): 
Initialized by user-defined `init_weights` in iTPN_weijie  

backbone.blocks.8.mlp.fc2.weight - torch.Size([768, 3072]): 
Initialized by user-defined `init_weights` in iTPN_weijie  

backbone.blocks.8.mlp.fc2.bias - torch.Size([768]): 
Initialized by user-defined `init_weights` in iTPN_weijie  

backbone.blocks.9.norm1.weight - torch.Size([768]): 
Initialized by user-defined `init_weights` in iTPN_weijie  

backbone.blocks.9.norm1.bias - torch.Size([768]): 
Initialized by user-defined `init_weights` in iTPN_weijie  

backbone.blocks.9.attn.qkv.weight - torch.Size([2304, 768]): 
Initialized by user-defined `init_weights` in iTPN_weijie  

backbone.blocks.9.attn.qkv.bias - torch.Size([2304]): 
Initialized by user-defined `init_weights` in iTPN_weijie  

backbone.blocks.9.attn.proj.weight - torch.Size([768, 768]): 
Initialized by user-defined `init_weights` in iTPN_weijie  

backbone.blocks.9.attn.proj.bias - torch.Size([768]): 
Initialized by user-defined `init_weights` in iTPN_weijie  

backbone.blocks.9.norm2.weight - torch.Size([768]): 
Initialized by user-defined `init_weights` in iTPN_weijie  

backbone.blocks.9.norm2.bias - torch.Size([768]): 
Initialized by user-defined `init_weights` in iTPN_weijie  

backbone.blocks.9.mlp.fc1.weight - torch.Size([3072, 768]): 
Initialized by user-defined `init_weights` in iTPN_weijie  

backbone.blocks.9.mlp.fc1.bias - torch.Size([3072]): 
Initialized by user-defined `init_weights` in iTPN_weijie  

backbone.blocks.9.mlp.fc2.weight - torch.Size([768, 3072]): 
Initialized by user-defined `init_weights` in iTPN_weijie  

backbone.blocks.9.mlp.fc2.bias - torch.Size([768]): 
Initialized by user-defined `init_weights` in iTPN_weijie  

backbone.blocks.10.norm1.weight - torch.Size([768]): 
Initialized by user-defined `init_weights` in iTPN_weijie  

backbone.blocks.10.norm1.bias - torch.Size([768]): 
Initialized by user-defined `init_weights` in iTPN_weijie  

backbone.blocks.10.attn.qkv.weight - torch.Size([2304, 768]): 
Initialized by user-defined `init_weights` in iTPN_weijie  

backbone.blocks.10.attn.qkv.bias - torch.Size([2304]): 
Initialized by user-defined `init_weights` in iTPN_weijie  

backbone.blocks.10.attn.proj.weight - torch.Size([768, 768]): 
Initialized by user-defined `init_weights` in iTPN_weijie  

backbone.blocks.10.attn.proj.bias - torch.Size([768]): 
Initialized by user-defined `init_weights` in iTPN_weijie  

backbone.blocks.10.norm2.weight - torch.Size([768]): 
Initialized by user-defined `init_weights` in iTPN_weijie  

backbone.blocks.10.norm2.bias - torch.Size([768]): 
Initialized by user-defined `init_weights` in iTPN_weijie  

backbone.blocks.10.mlp.fc1.weight - torch.Size([3072, 768]): 
Initialized by user-defined `init_weights` in iTPN_weijie  

backbone.blocks.10.mlp.fc1.bias - torch.Size([3072]): 
Initialized by user-defined `init_weights` in iTPN_weijie  

backbone.blocks.10.mlp.fc2.weight - torch.Size([768, 3072]): 
Initialized by user-defined `init_weights` in iTPN_weijie  

backbone.blocks.10.mlp.fc2.bias - torch.Size([768]): 
Initialized by user-defined `init_weights` in iTPN_weijie  

backbone.blocks.11.norm1.weight - torch.Size([768]): 
Initialized by user-defined `init_weights` in iTPN_weijie  

backbone.blocks.11.norm1.bias - torch.Size([768]): 
Initialized by user-defined `init_weights` in iTPN_weijie  

backbone.blocks.11.attn.qkv.weight - torch.Size([2304, 768]): 
Initialized by user-defined `init_weights` in iTPN_weijie  

backbone.blocks.11.attn.qkv.bias - torch.Size([2304]): 
Initialized by user-defined `init_weights` in iTPN_weijie  

backbone.blocks.11.attn.proj.weight - torch.Size([768, 768]): 
Initialized by user-defined `init_weights` in iTPN_weijie  

backbone.blocks.11.attn.proj.bias - torch.Size([768]): 
Initialized by user-defined `init_weights` in iTPN_weijie  

backbone.blocks.11.norm2.weight - torch.Size([768]): 
Initialized by user-defined `init_weights` in iTPN_weijie  

backbone.blocks.11.norm2.bias - torch.Size([768]): 
Initialized by user-defined `init_weights` in iTPN_weijie  

backbone.blocks.11.mlp.fc1.weight - torch.Size([3072, 768]): 
Initialized by user-defined `init_weights` in iTPN_weijie  

backbone.blocks.11.mlp.fc1.bias - torch.Size([3072]): 
Initialized by user-defined `init_weights` in iTPN_weijie  

backbone.blocks.11.mlp.fc2.weight - torch.Size([768, 3072]): 
Initialized by user-defined `init_weights` in iTPN_weijie  

backbone.blocks.11.mlp.fc2.bias - torch.Size([768]): 
Initialized by user-defined `init_weights` in iTPN_weijie  

backbone.blocks.12.norm1.weight - torch.Size([768]): 
Initialized by user-defined `init_weights` in iTPN_weijie  

backbone.blocks.12.norm1.bias - torch.Size([768]): 
Initialized by user-defined `init_weights` in iTPN_weijie  

backbone.blocks.12.attn.qkv.weight - torch.Size([2304, 768]): 
Initialized by user-defined `init_weights` in iTPN_weijie  

backbone.blocks.12.attn.qkv.bias - torch.Size([2304]): 
Initialized by user-defined `init_weights` in iTPN_weijie  

backbone.blocks.12.attn.proj.weight - torch.Size([768, 768]): 
Initialized by user-defined `init_weights` in iTPN_weijie  

backbone.blocks.12.attn.proj.bias - torch.Size([768]): 
Initialized by user-defined `init_weights` in iTPN_weijie  

backbone.blocks.12.norm2.weight - torch.Size([768]): 
Initialized by user-defined `init_weights` in iTPN_weijie  

backbone.blocks.12.norm2.bias - torch.Size([768]): 
Initialized by user-defined `init_weights` in iTPN_weijie  

backbone.blocks.12.mlp.fc1.weight - torch.Size([3072, 768]): 
Initialized by user-defined `init_weights` in iTPN_weijie  

backbone.blocks.12.mlp.fc1.bias - torch.Size([3072]): 
Initialized by user-defined `init_weights` in iTPN_weijie  

backbone.blocks.12.mlp.fc2.weight - torch.Size([768, 3072]): 
Initialized by user-defined `init_weights` in iTPN_weijie  

backbone.blocks.12.mlp.fc2.bias - torch.Size([768]): 
Initialized by user-defined `init_weights` in iTPN_weijie  

backbone.blocks.13.norm1.weight - torch.Size([768]): 
Initialized by user-defined `init_weights` in iTPN_weijie  

backbone.blocks.13.norm1.bias - torch.Size([768]): 
Initialized by user-defined `init_weights` in iTPN_weijie  

backbone.blocks.13.attn.qkv.weight - torch.Size([2304, 768]): 
Initialized by user-defined `init_weights` in iTPN_weijie  

backbone.blocks.13.attn.qkv.bias - torch.Size([2304]): 
Initialized by user-defined `init_weights` in iTPN_weijie  

backbone.blocks.13.attn.proj.weight - torch.Size([768, 768]): 
Initialized by user-defined `init_weights` in iTPN_weijie  

backbone.blocks.13.attn.proj.bias - torch.Size([768]): 
Initialized by user-defined `init_weights` in iTPN_weijie  

backbone.blocks.13.norm2.weight - torch.Size([768]): 
Initialized by user-defined `init_weights` in iTPN_weijie  

backbone.blocks.13.norm2.bias - torch.Size([768]): 
Initialized by user-defined `init_weights` in iTPN_weijie  

backbone.blocks.13.mlp.fc1.weight - torch.Size([3072, 768]): 
Initialized by user-defined `init_weights` in iTPN_weijie  

backbone.blocks.13.mlp.fc1.bias - torch.Size([3072]): 
Initialized by user-defined `init_weights` in iTPN_weijie  

backbone.blocks.13.mlp.fc2.weight - torch.Size([768, 3072]): 
Initialized by user-defined `init_weights` in iTPN_weijie  

backbone.blocks.13.mlp.fc2.bias - torch.Size([768]): 
Initialized by user-defined `init_weights` in iTPN_weijie  

backbone.blocks.14.norm1.weight - torch.Size([768]): 
Initialized by user-defined `init_weights` in iTPN_weijie  

backbone.blocks.14.norm1.bias - torch.Size([768]): 
Initialized by user-defined `init_weights` in iTPN_weijie  

backbone.blocks.14.attn.qkv.weight - torch.Size([2304, 768]): 
Initialized by user-defined `init_weights` in iTPN_weijie  

backbone.blocks.14.attn.qkv.bias - torch.Size([2304]): 
Initialized by user-defined `init_weights` in iTPN_weijie  

backbone.blocks.14.attn.proj.weight - torch.Size([768, 768]): 
Initialized by user-defined `init_weights` in iTPN_weijie  

backbone.blocks.14.attn.proj.bias - torch.Size([768]): 
Initialized by user-defined `init_weights` in iTPN_weijie  

backbone.blocks.14.norm2.weight - torch.Size([768]): 
Initialized by user-defined `init_weights` in iTPN_weijie  

backbone.blocks.14.norm2.bias - torch.Size([768]): 
Initialized by user-defined `init_weights` in iTPN_weijie  

backbone.blocks.14.mlp.fc1.weight - torch.Size([3072, 768]): 
Initialized by user-defined `init_weights` in iTPN_weijie  

backbone.blocks.14.mlp.fc1.bias - torch.Size([3072]): 
Initialized by user-defined `init_weights` in iTPN_weijie  

backbone.blocks.14.mlp.fc2.weight - torch.Size([768, 3072]): 
Initialized by user-defined `init_weights` in iTPN_weijie  

backbone.blocks.14.mlp.fc2.bias - torch.Size([768]): 
Initialized by user-defined `init_weights` in iTPN_weijie  

backbone.blocks.15.norm1.weight - torch.Size([768]): 
Initialized by user-defined `init_weights` in iTPN_weijie  

backbone.blocks.15.norm1.bias - torch.Size([768]): 
Initialized by user-defined `init_weights` in iTPN_weijie  

backbone.blocks.15.attn.qkv.weight - torch.Size([2304, 768]): 
Initialized by user-defined `init_weights` in iTPN_weijie  

backbone.blocks.15.attn.qkv.bias - torch.Size([2304]): 
Initialized by user-defined `init_weights` in iTPN_weijie  

backbone.blocks.15.attn.proj.weight - torch.Size([768, 768]): 
Initialized by user-defined `init_weights` in iTPN_weijie  

backbone.blocks.15.attn.proj.bias - torch.Size([768]): 
Initialized by user-defined `init_weights` in iTPN_weijie  

backbone.blocks.15.norm2.weight - torch.Size([768]): 
Initialized by user-defined `init_weights` in iTPN_weijie  

backbone.blocks.15.norm2.bias - torch.Size([768]): 
Initialized by user-defined `init_weights` in iTPN_weijie  

backbone.blocks.15.mlp.fc1.weight - torch.Size([3072, 768]): 
Initialized by user-defined `init_weights` in iTPN_weijie  

backbone.blocks.15.mlp.fc1.bias - torch.Size([3072]): 
Initialized by user-defined `init_weights` in iTPN_weijie  

backbone.blocks.15.mlp.fc2.weight - torch.Size([768, 3072]): 
Initialized by user-defined `init_weights` in iTPN_weijie  

backbone.blocks.15.mlp.fc2.bias - torch.Size([768]): 
Initialized by user-defined `init_weights` in iTPN_weijie  

backbone.blocks.16.norm1.weight - torch.Size([768]): 
Initialized by user-defined `init_weights` in iTPN_weijie  

backbone.blocks.16.norm1.bias - torch.Size([768]): 
Initialized by user-defined `init_weights` in iTPN_weijie  

backbone.blocks.16.attn.qkv.weight - torch.Size([2304, 768]): 
Initialized by user-defined `init_weights` in iTPN_weijie  

backbone.blocks.16.attn.qkv.bias - torch.Size([2304]): 
Initialized by user-defined `init_weights` in iTPN_weijie  

backbone.blocks.16.attn.proj.weight - torch.Size([768, 768]): 
Initialized by user-defined `init_weights` in iTPN_weijie  

backbone.blocks.16.attn.proj.bias - torch.Size([768]): 
Initialized by user-defined `init_weights` in iTPN_weijie  

backbone.blocks.16.norm2.weight - torch.Size([768]): 
Initialized by user-defined `init_weights` in iTPN_weijie  

backbone.blocks.16.norm2.bias - torch.Size([768]): 
Initialized by user-defined `init_weights` in iTPN_weijie  

backbone.blocks.16.mlp.fc1.weight - torch.Size([3072, 768]): 
Initialized by user-defined `init_weights` in iTPN_weijie  

backbone.blocks.16.mlp.fc1.bias - torch.Size([3072]): 
Initialized by user-defined `init_weights` in iTPN_weijie  

backbone.blocks.16.mlp.fc2.weight - torch.Size([768, 3072]): 
Initialized by user-defined `init_weights` in iTPN_weijie  

backbone.blocks.16.mlp.fc2.bias - torch.Size([768]): 
Initialized by user-defined `init_weights` in iTPN_weijie  

backbone.blocks.17.norm1.weight - torch.Size([768]): 
Initialized by user-defined `init_weights` in iTPN_weijie  

backbone.blocks.17.norm1.bias - torch.Size([768]): 
Initialized by user-defined `init_weights` in iTPN_weijie  

backbone.blocks.17.attn.qkv.weight - torch.Size([2304, 768]): 
Initialized by user-defined `init_weights` in iTPN_weijie  

backbone.blocks.17.attn.qkv.bias - torch.Size([2304]): 
Initialized by user-defined `init_weights` in iTPN_weijie  

backbone.blocks.17.attn.proj.weight - torch.Size([768, 768]): 
Initialized by user-defined `init_weights` in iTPN_weijie  

backbone.blocks.17.attn.proj.bias - torch.Size([768]): 
Initialized by user-defined `init_weights` in iTPN_weijie  

backbone.blocks.17.norm2.weight - torch.Size([768]): 
Initialized by user-defined `init_weights` in iTPN_weijie  

backbone.blocks.17.norm2.bias - torch.Size([768]): 
Initialized by user-defined `init_weights` in iTPN_weijie  

backbone.blocks.17.mlp.fc1.weight - torch.Size([3072, 768]): 
Initialized by user-defined `init_weights` in iTPN_weijie  

backbone.blocks.17.mlp.fc1.bias - torch.Size([3072]): 
Initialized by user-defined `init_weights` in iTPN_weijie  

backbone.blocks.17.mlp.fc2.weight - torch.Size([768, 3072]): 
Initialized by user-defined `init_weights` in iTPN_weijie  

backbone.blocks.17.mlp.fc2.bias - torch.Size([768]): 
Initialized by user-defined `init_weights` in iTPN_weijie  

backbone.blocks.18.norm1.weight - torch.Size([768]): 
Initialized by user-defined `init_weights` in iTPN_weijie  

backbone.blocks.18.norm1.bias - torch.Size([768]): 
Initialized by user-defined `init_weights` in iTPN_weijie  

backbone.blocks.18.attn.qkv.weight - torch.Size([2304, 768]): 
Initialized by user-defined `init_weights` in iTPN_weijie  

backbone.blocks.18.attn.qkv.bias - torch.Size([2304]): 
Initialized by user-defined `init_weights` in iTPN_weijie  

backbone.blocks.18.attn.proj.weight - torch.Size([768, 768]): 
Initialized by user-defined `init_weights` in iTPN_weijie  

backbone.blocks.18.attn.proj.bias - torch.Size([768]): 
Initialized by user-defined `init_weights` in iTPN_weijie  

backbone.blocks.18.norm2.weight - torch.Size([768]): 
Initialized by user-defined `init_weights` in iTPN_weijie  

backbone.blocks.18.norm2.bias - torch.Size([768]): 
Initialized by user-defined `init_weights` in iTPN_weijie  

backbone.blocks.18.mlp.fc1.weight - torch.Size([3072, 768]): 
Initialized by user-defined `init_weights` in iTPN_weijie  

backbone.blocks.18.mlp.fc1.bias - torch.Size([3072]): 
Initialized by user-defined `init_weights` in iTPN_weijie  

backbone.blocks.18.mlp.fc2.weight - torch.Size([768, 3072]): 
Initialized by user-defined `init_weights` in iTPN_weijie  

backbone.blocks.18.mlp.fc2.bias - torch.Size([768]): 
Initialized by user-defined `init_weights` in iTPN_weijie  

backbone.blocks.19.norm1.weight - torch.Size([768]): 
Initialized by user-defined `init_weights` in iTPN_weijie  

backbone.blocks.19.norm1.bias - torch.Size([768]): 
Initialized by user-defined `init_weights` in iTPN_weijie  

backbone.blocks.19.attn.qkv.weight - torch.Size([2304, 768]): 
Initialized by user-defined `init_weights` in iTPN_weijie  

backbone.blocks.19.attn.qkv.bias - torch.Size([2304]): 
Initialized by user-defined `init_weights` in iTPN_weijie  

backbone.blocks.19.attn.proj.weight - torch.Size([768, 768]): 
Initialized by user-defined `init_weights` in iTPN_weijie  

backbone.blocks.19.attn.proj.bias - torch.Size([768]): 
Initialized by user-defined `init_weights` in iTPN_weijie  

backbone.blocks.19.norm2.weight - torch.Size([768]): 
Initialized by user-defined `init_weights` in iTPN_weijie  

backbone.blocks.19.norm2.bias - torch.Size([768]): 
Initialized by user-defined `init_weights` in iTPN_weijie  

backbone.blocks.19.mlp.fc1.weight - torch.Size([3072, 768]): 
Initialized by user-defined `init_weights` in iTPN_weijie  

backbone.blocks.19.mlp.fc1.bias - torch.Size([3072]): 
Initialized by user-defined `init_weights` in iTPN_weijie  

backbone.blocks.19.mlp.fc2.weight - torch.Size([768, 3072]): 
Initialized by user-defined `init_weights` in iTPN_weijie  

backbone.blocks.19.mlp.fc2.bias - torch.Size([768]): 
Initialized by user-defined `init_weights` in iTPN_weijie  

backbone.blocks.20.norm1.weight - torch.Size([768]): 
Initialized by user-defined `init_weights` in iTPN_weijie  

backbone.blocks.20.norm1.bias - torch.Size([768]): 
Initialized by user-defined `init_weights` in iTPN_weijie  

backbone.blocks.20.attn.qkv.weight - torch.Size([2304, 768]): 
Initialized by user-defined `init_weights` in iTPN_weijie  

backbone.blocks.20.attn.qkv.bias - torch.Size([2304]): 
Initialized by user-defined `init_weights` in iTPN_weijie  

backbone.blocks.20.attn.proj.weight - torch.Size([768, 768]): 
Initialized by user-defined `init_weights` in iTPN_weijie  

backbone.blocks.20.attn.proj.bias - torch.Size([768]): 
Initialized by user-defined `init_weights` in iTPN_weijie  

backbone.blocks.20.norm2.weight - torch.Size([768]): 
Initialized by user-defined `init_weights` in iTPN_weijie  

backbone.blocks.20.norm2.bias - torch.Size([768]): 
Initialized by user-defined `init_weights` in iTPN_weijie  

backbone.blocks.20.mlp.fc1.weight - torch.Size([3072, 768]): 
Initialized by user-defined `init_weights` in iTPN_weijie  

backbone.blocks.20.mlp.fc1.bias - torch.Size([3072]): 
Initialized by user-defined `init_weights` in iTPN_weijie  

backbone.blocks.20.mlp.fc2.weight - torch.Size([768, 3072]): 
Initialized by user-defined `init_weights` in iTPN_weijie  

backbone.blocks.20.mlp.fc2.bias - torch.Size([768]): 
Initialized by user-defined `init_weights` in iTPN_weijie  

backbone.blocks.21.norm1.weight - torch.Size([768]): 
Initialized by user-defined `init_weights` in iTPN_weijie  

backbone.blocks.21.norm1.bias - torch.Size([768]): 
Initialized by user-defined `init_weights` in iTPN_weijie  

backbone.blocks.21.attn.qkv.weight - torch.Size([2304, 768]): 
Initialized by user-defined `init_weights` in iTPN_weijie  

backbone.blocks.21.attn.qkv.bias - torch.Size([2304]): 
Initialized by user-defined `init_weights` in iTPN_weijie  

backbone.blocks.21.attn.proj.weight - torch.Size([768, 768]): 
Initialized by user-defined `init_weights` in iTPN_weijie  

backbone.blocks.21.attn.proj.bias - torch.Size([768]): 
Initialized by user-defined `init_weights` in iTPN_weijie  

backbone.blocks.21.norm2.weight - torch.Size([768]): 
Initialized by user-defined `init_weights` in iTPN_weijie  

backbone.blocks.21.norm2.bias - torch.Size([768]): 
Initialized by user-defined `init_weights` in iTPN_weijie  

backbone.blocks.21.mlp.fc1.weight - torch.Size([3072, 768]): 
Initialized by user-defined `init_weights` in iTPN_weijie  

backbone.blocks.21.mlp.fc1.bias - torch.Size([3072]): 
Initialized by user-defined `init_weights` in iTPN_weijie  

backbone.blocks.21.mlp.fc2.weight - torch.Size([768, 3072]): 
Initialized by user-defined `init_weights` in iTPN_weijie  

backbone.blocks.21.mlp.fc2.bias - torch.Size([768]): 
Initialized by user-defined `init_weights` in iTPN_weijie  

backbone.blocks.22.norm1.weight - torch.Size([768]): 
Initialized by user-defined `init_weights` in iTPN_weijie  

backbone.blocks.22.norm1.bias - torch.Size([768]): 
Initialized by user-defined `init_weights` in iTPN_weijie  

backbone.blocks.22.attn.qkv.weight - torch.Size([2304, 768]): 
Initialized by user-defined `init_weights` in iTPN_weijie  

backbone.blocks.22.attn.qkv.bias - torch.Size([2304]): 
Initialized by user-defined `init_weights` in iTPN_weijie  

backbone.blocks.22.attn.proj.weight - torch.Size([768, 768]): 
Initialized by user-defined `init_weights` in iTPN_weijie  

backbone.blocks.22.attn.proj.bias - torch.Size([768]): 
Initialized by user-defined `init_weights` in iTPN_weijie  

backbone.blocks.22.norm2.weight - torch.Size([768]): 
Initialized by user-defined `init_weights` in iTPN_weijie  

backbone.blocks.22.norm2.bias - torch.Size([768]): 
Initialized by user-defined `init_weights` in iTPN_weijie  

backbone.blocks.22.mlp.fc1.weight - torch.Size([3072, 768]): 
Initialized by user-defined `init_weights` in iTPN_weijie  

backbone.blocks.22.mlp.fc1.bias - torch.Size([3072]): 
Initialized by user-defined `init_weights` in iTPN_weijie  

backbone.blocks.22.mlp.fc2.weight - torch.Size([768, 3072]): 
Initialized by user-defined `init_weights` in iTPN_weijie  

backbone.blocks.22.mlp.fc2.bias - torch.Size([768]): 
Initialized by user-defined `init_weights` in iTPN_weijie  

backbone.blocks.23.norm1.weight - torch.Size([768]): 
Initialized by user-defined `init_weights` in iTPN_weijie  

backbone.blocks.23.norm1.bias - torch.Size([768]): 
Initialized by user-defined `init_weights` in iTPN_weijie  

backbone.blocks.23.attn.qkv.weight - torch.Size([2304, 768]): 
Initialized by user-defined `init_weights` in iTPN_weijie  

backbone.blocks.23.attn.qkv.bias - torch.Size([2304]): 
Initialized by user-defined `init_weights` in iTPN_weijie  

backbone.blocks.23.attn.proj.weight - torch.Size([768, 768]): 
Initialized by user-defined `init_weights` in iTPN_weijie  

backbone.blocks.23.attn.proj.bias - torch.Size([768]): 
Initialized by user-defined `init_weights` in iTPN_weijie  

backbone.blocks.23.norm2.weight - torch.Size([768]): 
Initialized by user-defined `init_weights` in iTPN_weijie  

backbone.blocks.23.norm2.bias - torch.Size([768]): 
Initialized by user-defined `init_weights` in iTPN_weijie  

backbone.blocks.23.mlp.fc1.weight - torch.Size([3072, 768]): 
Initialized by user-defined `init_weights` in iTPN_weijie  

backbone.blocks.23.mlp.fc1.bias - torch.Size([3072]): 
Initialized by user-defined `init_weights` in iTPN_weijie  

backbone.blocks.23.mlp.fc2.weight - torch.Size([768, 3072]): 
Initialized by user-defined `init_weights` in iTPN_weijie  

backbone.blocks.23.mlp.fc2.bias - torch.Size([768]): 
Initialized by user-defined `init_weights` in iTPN_weijie  

backbone.blocks.24.norm1.weight - torch.Size([768]): 
Initialized by user-defined `init_weights` in iTPN_weijie  

backbone.blocks.24.norm1.bias - torch.Size([768]): 
Initialized by user-defined `init_weights` in iTPN_weijie  

backbone.blocks.24.attn.qkv.weight - torch.Size([2304, 768]): 
Initialized by user-defined `init_weights` in iTPN_weijie  

backbone.blocks.24.attn.qkv.bias - torch.Size([2304]): 
Initialized by user-defined `init_weights` in iTPN_weijie  

backbone.blocks.24.attn.proj.weight - torch.Size([768, 768]): 
Initialized by user-defined `init_weights` in iTPN_weijie  

backbone.blocks.24.attn.proj.bias - torch.Size([768]): 
Initialized by user-defined `init_weights` in iTPN_weijie  

backbone.blocks.24.norm2.weight - torch.Size([768]): 
Initialized by user-defined `init_weights` in iTPN_weijie  

backbone.blocks.24.norm2.bias - torch.Size([768]): 
Initialized by user-defined `init_weights` in iTPN_weijie  

backbone.blocks.24.mlp.fc1.weight - torch.Size([3072, 768]): 
Initialized by user-defined `init_weights` in iTPN_weijie  

backbone.blocks.24.mlp.fc1.bias - torch.Size([3072]): 
Initialized by user-defined `init_weights` in iTPN_weijie  

backbone.blocks.24.mlp.fc2.weight - torch.Size([768, 3072]): 
Initialized by user-defined `init_weights` in iTPN_weijie  

backbone.blocks.24.mlp.fc2.bias - torch.Size([768]): 
Initialized by user-defined `init_weights` in iTPN_weijie  

backbone.blocks.25.norm1.weight - torch.Size([768]): 
Initialized by user-defined `init_weights` in iTPN_weijie  

backbone.blocks.25.norm1.bias - torch.Size([768]): 
Initialized by user-defined `init_weights` in iTPN_weijie  

backbone.blocks.25.attn.qkv.weight - torch.Size([2304, 768]): 
Initialized by user-defined `init_weights` in iTPN_weijie  

backbone.blocks.25.attn.qkv.bias - torch.Size([2304]): 
Initialized by user-defined `init_weights` in iTPN_weijie  

backbone.blocks.25.attn.proj.weight - torch.Size([768, 768]): 
Initialized by user-defined `init_weights` in iTPN_weijie  

backbone.blocks.25.attn.proj.bias - torch.Size([768]): 
Initialized by user-defined `init_weights` in iTPN_weijie  

backbone.blocks.25.norm2.weight - torch.Size([768]): 
Initialized by user-defined `init_weights` in iTPN_weijie  

backbone.blocks.25.norm2.bias - torch.Size([768]): 
Initialized by user-defined `init_weights` in iTPN_weijie  

backbone.blocks.25.mlp.fc1.weight - torch.Size([3072, 768]): 
Initialized by user-defined `init_weights` in iTPN_weijie  

backbone.blocks.25.mlp.fc1.bias - torch.Size([3072]): 
Initialized by user-defined `init_weights` in iTPN_weijie  

backbone.blocks.25.mlp.fc2.weight - torch.Size([768, 3072]): 
Initialized by user-defined `init_weights` in iTPN_weijie  

backbone.blocks.25.mlp.fc2.bias - torch.Size([768]): 
Initialized by user-defined `init_weights` in iTPN_weijie  

backbone.blocks.26.norm1.weight - torch.Size([768]): 
Initialized by user-defined `init_weights` in iTPN_weijie  

backbone.blocks.26.norm1.bias - torch.Size([768]): 
Initialized by user-defined `init_weights` in iTPN_weijie  

backbone.blocks.26.attn.qkv.weight - torch.Size([2304, 768]): 
Initialized by user-defined `init_weights` in iTPN_weijie  

backbone.blocks.26.attn.qkv.bias - torch.Size([2304]): 
Initialized by user-defined `init_weights` in iTPN_weijie  

backbone.blocks.26.attn.proj.weight - torch.Size([768, 768]): 
Initialized by user-defined `init_weights` in iTPN_weijie  

backbone.blocks.26.attn.proj.bias - torch.Size([768]): 
Initialized by user-defined `init_weights` in iTPN_weijie  

backbone.blocks.26.norm2.weight - torch.Size([768]): 
Initialized by user-defined `init_weights` in iTPN_weijie  

backbone.blocks.26.norm2.bias - torch.Size([768]): 
Initialized by user-defined `init_weights` in iTPN_weijie  

backbone.blocks.26.mlp.fc1.weight - torch.Size([3072, 768]): 
Initialized by user-defined `init_weights` in iTPN_weijie  

backbone.blocks.26.mlp.fc1.bias - torch.Size([3072]): 
Initialized by user-defined `init_weights` in iTPN_weijie  

backbone.blocks.26.mlp.fc2.weight - torch.Size([768, 3072]): 
Initialized by user-defined `init_weights` in iTPN_weijie  

backbone.blocks.26.mlp.fc2.bias - torch.Size([768]): 
Initialized by user-defined `init_weights` in iTPN_weijie  

backbone.blocks.27.norm1.weight - torch.Size([768]): 
Initialized by user-defined `init_weights` in iTPN_weijie  

backbone.blocks.27.norm1.bias - torch.Size([768]): 
Initialized by user-defined `init_weights` in iTPN_weijie  

backbone.blocks.27.attn.qkv.weight - torch.Size([2304, 768]): 
Initialized by user-defined `init_weights` in iTPN_weijie  

backbone.blocks.27.attn.qkv.bias - torch.Size([2304]): 
Initialized by user-defined `init_weights` in iTPN_weijie  

backbone.blocks.27.attn.proj.weight - torch.Size([768, 768]): 
Initialized by user-defined `init_weights` in iTPN_weijie  

backbone.blocks.27.attn.proj.bias - torch.Size([768]): 
Initialized by user-defined `init_weights` in iTPN_weijie  

backbone.blocks.27.norm2.weight - torch.Size([768]): 
Initialized by user-defined `init_weights` in iTPN_weijie  

backbone.blocks.27.norm2.bias - torch.Size([768]): 
Initialized by user-defined `init_weights` in iTPN_weijie  

backbone.blocks.27.mlp.fc1.weight - torch.Size([3072, 768]): 
Initialized by user-defined `init_weights` in iTPN_weijie  

backbone.blocks.27.mlp.fc1.bias - torch.Size([3072]): 
Initialized by user-defined `init_weights` in iTPN_weijie  

backbone.blocks.27.mlp.fc2.weight - torch.Size([768, 3072]): 
Initialized by user-defined `init_weights` in iTPN_weijie  

backbone.blocks.27.mlp.fc2.bias - torch.Size([768]): 
Initialized by user-defined `init_weights` in iTPN_weijie  

backbone.blocks.28.norm1.weight - torch.Size([768]): 
Initialized by user-defined `init_weights` in iTPN_weijie  

backbone.blocks.28.norm1.bias - torch.Size([768]): 
Initialized by user-defined `init_weights` in iTPN_weijie  

backbone.blocks.28.attn.qkv.weight - torch.Size([2304, 768]): 
Initialized by user-defined `init_weights` in iTPN_weijie  

backbone.blocks.28.attn.qkv.bias - torch.Size([2304]): 
Initialized by user-defined `init_weights` in iTPN_weijie  

backbone.blocks.28.attn.proj.weight - torch.Size([768, 768]): 
Initialized by user-defined `init_weights` in iTPN_weijie  

backbone.blocks.28.attn.proj.bias - torch.Size([768]): 
Initialized by user-defined `init_weights` in iTPN_weijie  

backbone.blocks.28.norm2.weight - torch.Size([768]): 
Initialized by user-defined `init_weights` in iTPN_weijie  

backbone.blocks.28.norm2.bias - torch.Size([768]): 
Initialized by user-defined `init_weights` in iTPN_weijie  

backbone.blocks.28.mlp.fc1.weight - torch.Size([3072, 768]): 
Initialized by user-defined `init_weights` in iTPN_weijie  

backbone.blocks.28.mlp.fc1.bias - torch.Size([3072]): 
Initialized by user-defined `init_weights` in iTPN_weijie  

backbone.blocks.28.mlp.fc2.weight - torch.Size([768, 3072]): 
Initialized by user-defined `init_weights` in iTPN_weijie  

backbone.blocks.28.mlp.fc2.bias - torch.Size([768]): 
Initialized by user-defined `init_weights` in iTPN_weijie  

backbone.blocks.29.norm1.weight - torch.Size([768]): 
Initialized by user-defined `init_weights` in iTPN_weijie  

backbone.blocks.29.norm1.bias - torch.Size([768]): 
Initialized by user-defined `init_weights` in iTPN_weijie  

backbone.blocks.29.attn.qkv.weight - torch.Size([2304, 768]): 
Initialized by user-defined `init_weights` in iTPN_weijie  

backbone.blocks.29.attn.qkv.bias - torch.Size([2304]): 
Initialized by user-defined `init_weights` in iTPN_weijie  

backbone.blocks.29.attn.proj.weight - torch.Size([768, 768]): 
Initialized by user-defined `init_weights` in iTPN_weijie  

backbone.blocks.29.attn.proj.bias - torch.Size([768]): 
Initialized by user-defined `init_weights` in iTPN_weijie  

backbone.blocks.29.norm2.weight - torch.Size([768]): 
Initialized by user-defined `init_weights` in iTPN_weijie  

backbone.blocks.29.norm2.bias - torch.Size([768]): 
Initialized by user-defined `init_weights` in iTPN_weijie  

backbone.blocks.29.mlp.fc1.weight - torch.Size([3072, 768]): 
Initialized by user-defined `init_weights` in iTPN_weijie  

backbone.blocks.29.mlp.fc1.bias - torch.Size([3072]): 
Initialized by user-defined `init_weights` in iTPN_weijie  

backbone.blocks.29.mlp.fc2.weight - torch.Size([768, 3072]): 
Initialized by user-defined `init_weights` in iTPN_weijie  

backbone.blocks.29.mlp.fc2.bias - torch.Size([768]): 
Initialized by user-defined `init_weights` in iTPN_weijie  

backbone.blocks.30.norm1.weight - torch.Size([768]): 
Initialized by user-defined `init_weights` in iTPN_weijie  

backbone.blocks.30.norm1.bias - torch.Size([768]): 
Initialized by user-defined `init_weights` in iTPN_weijie  

backbone.blocks.30.attn.qkv.weight - torch.Size([2304, 768]): 
Initialized by user-defined `init_weights` in iTPN_weijie  

backbone.blocks.30.attn.qkv.bias - torch.Size([2304]): 
Initialized by user-defined `init_weights` in iTPN_weijie  

backbone.blocks.30.attn.proj.weight - torch.Size([768, 768]): 
Initialized by user-defined `init_weights` in iTPN_weijie  

backbone.blocks.30.attn.proj.bias - torch.Size([768]): 
Initialized by user-defined `init_weights` in iTPN_weijie  

backbone.blocks.30.norm2.weight - torch.Size([768]): 
Initialized by user-defined `init_weights` in iTPN_weijie  

backbone.blocks.30.norm2.bias - torch.Size([768]): 
Initialized by user-defined `init_weights` in iTPN_weijie  

backbone.blocks.30.mlp.fc1.weight - torch.Size([3072, 768]): 
Initialized by user-defined `init_weights` in iTPN_weijie  

backbone.blocks.30.mlp.fc1.bias - torch.Size([3072]): 
Initialized by user-defined `init_weights` in iTPN_weijie  

backbone.blocks.30.mlp.fc2.weight - torch.Size([768, 3072]): 
Initialized by user-defined `init_weights` in iTPN_weijie  

backbone.blocks.30.mlp.fc2.bias - torch.Size([768]): 
Initialized by user-defined `init_weights` in iTPN_weijie  

backbone.blocks.31.norm1.weight - torch.Size([768]): 
Initialized by user-defined `init_weights` in iTPN_weijie  

backbone.blocks.31.norm1.bias - torch.Size([768]): 
Initialized by user-defined `init_weights` in iTPN_weijie  

backbone.blocks.31.attn.qkv.weight - torch.Size([2304, 768]): 
Initialized by user-defined `init_weights` in iTPN_weijie  

backbone.blocks.31.attn.qkv.bias - torch.Size([2304]): 
Initialized by user-defined `init_weights` in iTPN_weijie  

backbone.blocks.31.attn.proj.weight - torch.Size([768, 768]): 
Initialized by user-defined `init_weights` in iTPN_weijie  

backbone.blocks.31.attn.proj.bias - torch.Size([768]): 
Initialized by user-defined `init_weights` in iTPN_weijie  

backbone.blocks.31.norm2.weight - torch.Size([768]): 
Initialized by user-defined `init_weights` in iTPN_weijie  

backbone.blocks.31.norm2.bias - torch.Size([768]): 
Initialized by user-defined `init_weights` in iTPN_weijie  

backbone.blocks.31.mlp.fc1.weight - torch.Size([3072, 768]): 
Initialized by user-defined `init_weights` in iTPN_weijie  

backbone.blocks.31.mlp.fc1.bias - torch.Size([3072]): 
Initialized by user-defined `init_weights` in iTPN_weijie  

backbone.blocks.31.mlp.fc2.weight - torch.Size([768, 3072]): 
Initialized by user-defined `init_weights` in iTPN_weijie  

backbone.blocks.31.mlp.fc2.bias - torch.Size([768]): 
Initialized by user-defined `init_weights` in iTPN_weijie  

backbone.blocks.32.norm1.weight - torch.Size([768]): 
Initialized by user-defined `init_weights` in iTPN_weijie  

backbone.blocks.32.norm1.bias - torch.Size([768]): 
Initialized by user-defined `init_weights` in iTPN_weijie  

backbone.blocks.32.attn.qkv.weight - torch.Size([2304, 768]): 
Initialized by user-defined `init_weights` in iTPN_weijie  

backbone.blocks.32.attn.qkv.bias - torch.Size([2304]): 
Initialized by user-defined `init_weights` in iTPN_weijie  

backbone.blocks.32.attn.proj.weight - torch.Size([768, 768]): 
Initialized by user-defined `init_weights` in iTPN_weijie  

backbone.blocks.32.attn.proj.bias - torch.Size([768]): 
Initialized by user-defined `init_weights` in iTPN_weijie  

backbone.blocks.32.norm2.weight - torch.Size([768]): 
Initialized by user-defined `init_weights` in iTPN_weijie  

backbone.blocks.32.norm2.bias - torch.Size([768]): 
Initialized by user-defined `init_weights` in iTPN_weijie  

backbone.blocks.32.mlp.fc1.weight - torch.Size([3072, 768]): 
Initialized by user-defined `init_weights` in iTPN_weijie  

backbone.blocks.32.mlp.fc1.bias - torch.Size([3072]): 
Initialized by user-defined `init_weights` in iTPN_weijie  

backbone.blocks.32.mlp.fc2.weight - torch.Size([768, 3072]): 
Initialized by user-defined `init_weights` in iTPN_weijie  

backbone.blocks.32.mlp.fc2.bias - torch.Size([768]): 
Initialized by user-defined `init_weights` in iTPN_weijie  

backbone.blocks.33.norm1.weight - torch.Size([768]): 
Initialized by user-defined `init_weights` in iTPN_weijie  

backbone.blocks.33.norm1.bias - torch.Size([768]): 
Initialized by user-defined `init_weights` in iTPN_weijie  

backbone.blocks.33.attn.qkv.weight - torch.Size([2304, 768]): 
Initialized by user-defined `init_weights` in iTPN_weijie  

backbone.blocks.33.attn.qkv.bias - torch.Size([2304]): 
Initialized by user-defined `init_weights` in iTPN_weijie  

backbone.blocks.33.attn.proj.weight - torch.Size([768, 768]): 
Initialized by user-defined `init_weights` in iTPN_weijie  

backbone.blocks.33.attn.proj.bias - torch.Size([768]): 
Initialized by user-defined `init_weights` in iTPN_weijie  

backbone.blocks.33.norm2.weight - torch.Size([768]): 
Initialized by user-defined `init_weights` in iTPN_weijie  

backbone.blocks.33.norm2.bias - torch.Size([768]): 
Initialized by user-defined `init_weights` in iTPN_weijie  

backbone.blocks.33.mlp.fc1.weight - torch.Size([3072, 768]): 
Initialized by user-defined `init_weights` in iTPN_weijie  

backbone.blocks.33.mlp.fc1.bias - torch.Size([3072]): 
Initialized by user-defined `init_weights` in iTPN_weijie  

backbone.blocks.33.mlp.fc2.weight - torch.Size([768, 3072]): 
Initialized by user-defined `init_weights` in iTPN_weijie  

backbone.blocks.33.mlp.fc2.bias - torch.Size([768]): 
Initialized by user-defined `init_weights` in iTPN_weijie  

backbone.blocks.34.norm1.weight - torch.Size([768]): 
Initialized by user-defined `init_weights` in iTPN_weijie  

backbone.blocks.34.norm1.bias - torch.Size([768]): 
Initialized by user-defined `init_weights` in iTPN_weijie  

backbone.blocks.34.attn.qkv.weight - torch.Size([2304, 768]): 
Initialized by user-defined `init_weights` in iTPN_weijie  

backbone.blocks.34.attn.qkv.bias - torch.Size([2304]): 
Initialized by user-defined `init_weights` in iTPN_weijie  

backbone.blocks.34.attn.proj.weight - torch.Size([768, 768]): 
Initialized by user-defined `init_weights` in iTPN_weijie  

backbone.blocks.34.attn.proj.bias - torch.Size([768]): 
Initialized by user-defined `init_weights` in iTPN_weijie  

backbone.blocks.34.norm2.weight - torch.Size([768]): 
Initialized by user-defined `init_weights` in iTPN_weijie  

backbone.blocks.34.norm2.bias - torch.Size([768]): 
Initialized by user-defined `init_weights` in iTPN_weijie  

backbone.blocks.34.mlp.fc1.weight - torch.Size([3072, 768]): 
Initialized by user-defined `init_weights` in iTPN_weijie  

backbone.blocks.34.mlp.fc1.bias - torch.Size([3072]): 
Initialized by user-defined `init_weights` in iTPN_weijie  

backbone.blocks.34.mlp.fc2.weight - torch.Size([768, 3072]): 
Initialized by user-defined `init_weights` in iTPN_weijie  

backbone.blocks.34.mlp.fc2.bias - torch.Size([768]): 
Initialized by user-defined `init_weights` in iTPN_weijie  

backbone.blocks.35.norm1.weight - torch.Size([768]): 
Initialized by user-defined `init_weights` in iTPN_weijie  

backbone.blocks.35.norm1.bias - torch.Size([768]): 
Initialized by user-defined `init_weights` in iTPN_weijie  

backbone.blocks.35.attn.qkv.weight - torch.Size([2304, 768]): 
Initialized by user-defined `init_weights` in iTPN_weijie  

backbone.blocks.35.attn.qkv.bias - torch.Size([2304]): 
Initialized by user-defined `init_weights` in iTPN_weijie  

backbone.blocks.35.attn.proj.weight - torch.Size([768, 768]): 
Initialized by user-defined `init_weights` in iTPN_weijie  

backbone.blocks.35.attn.proj.bias - torch.Size([768]): 
Initialized by user-defined `init_weights` in iTPN_weijie  

backbone.blocks.35.norm2.weight - torch.Size([768]): 
Initialized by user-defined `init_weights` in iTPN_weijie  

backbone.blocks.35.norm2.bias - torch.Size([768]): 
Initialized by user-defined `init_weights` in iTPN_weijie  

backbone.blocks.35.mlp.fc1.weight - torch.Size([3072, 768]): 
Initialized by user-defined `init_weights` in iTPN_weijie  

backbone.blocks.35.mlp.fc1.bias - torch.Size([3072]): 
Initialized by user-defined `init_weights` in iTPN_weijie  

backbone.blocks.35.mlp.fc2.weight - torch.Size([768, 3072]): 
Initialized by user-defined `init_weights` in iTPN_weijie  

backbone.blocks.35.mlp.fc2.bias - torch.Size([768]): 
Initialized by user-defined `init_weights` in iTPN_weijie  

backbone.blocks.36.norm1.weight - torch.Size([768]): 
Initialized by user-defined `init_weights` in iTPN_weijie  

backbone.blocks.36.norm1.bias - torch.Size([768]): 
Initialized by user-defined `init_weights` in iTPN_weijie  

backbone.blocks.36.attn.qkv.weight - torch.Size([2304, 768]): 
Initialized by user-defined `init_weights` in iTPN_weijie  

backbone.blocks.36.attn.qkv.bias - torch.Size([2304]): 
Initialized by user-defined `init_weights` in iTPN_weijie  

backbone.blocks.36.attn.proj.weight - torch.Size([768, 768]): 
Initialized by user-defined `init_weights` in iTPN_weijie  

backbone.blocks.36.attn.proj.bias - torch.Size([768]): 
Initialized by user-defined `init_weights` in iTPN_weijie  

backbone.blocks.36.norm2.weight - torch.Size([768]): 
Initialized by user-defined `init_weights` in iTPN_weijie  

backbone.blocks.36.norm2.bias - torch.Size([768]): 
Initialized by user-defined `init_weights` in iTPN_weijie  

backbone.blocks.36.mlp.fc1.weight - torch.Size([3072, 768]): 
Initialized by user-defined `init_weights` in iTPN_weijie  

backbone.blocks.36.mlp.fc1.bias - torch.Size([3072]): 
Initialized by user-defined `init_weights` in iTPN_weijie  

backbone.blocks.36.mlp.fc2.weight - torch.Size([768, 3072]): 
Initialized by user-defined `init_weights` in iTPN_weijie  

backbone.blocks.36.mlp.fc2.bias - torch.Size([768]): 
Initialized by user-defined `init_weights` in iTPN_weijie  

backbone.blocks.37.norm1.weight - torch.Size([768]): 
Initialized by user-defined `init_weights` in iTPN_weijie  

backbone.blocks.37.norm1.bias - torch.Size([768]): 
Initialized by user-defined `init_weights` in iTPN_weijie  

backbone.blocks.37.attn.qkv.weight - torch.Size([2304, 768]): 
Initialized by user-defined `init_weights` in iTPN_weijie  

backbone.blocks.37.attn.qkv.bias - torch.Size([2304]): 
Initialized by user-defined `init_weights` in iTPN_weijie  

backbone.blocks.37.attn.proj.weight - torch.Size([768, 768]): 
Initialized by user-defined `init_weights` in iTPN_weijie  

backbone.blocks.37.attn.proj.bias - torch.Size([768]): 
Initialized by user-defined `init_weights` in iTPN_weijie  

backbone.blocks.37.norm2.weight - torch.Size([768]): 
Initialized by user-defined `init_weights` in iTPN_weijie  

backbone.blocks.37.norm2.bias - torch.Size([768]): 
Initialized by user-defined `init_weights` in iTPN_weijie  

backbone.blocks.37.mlp.fc1.weight - torch.Size([3072, 768]): 
Initialized by user-defined `init_weights` in iTPN_weijie  

backbone.blocks.37.mlp.fc1.bias - torch.Size([3072]): 
Initialized by user-defined `init_weights` in iTPN_weijie  

backbone.blocks.37.mlp.fc2.weight - torch.Size([768, 3072]): 
Initialized by user-defined `init_weights` in iTPN_weijie  

backbone.blocks.37.mlp.fc2.bias - torch.Size([768]): 
Initialized by user-defined `init_weights` in iTPN_weijie  

backbone.blocks.38.norm1.weight - torch.Size([768]): 
Initialized by user-defined `init_weights` in iTPN_weijie  

backbone.blocks.38.norm1.bias - torch.Size([768]): 
Initialized by user-defined `init_weights` in iTPN_weijie  

backbone.blocks.38.attn.qkv.weight - torch.Size([2304, 768]): 
Initialized by user-defined `init_weights` in iTPN_weijie  

backbone.blocks.38.attn.qkv.bias - torch.Size([2304]): 
Initialized by user-defined `init_weights` in iTPN_weijie  

backbone.blocks.38.attn.proj.weight - torch.Size([768, 768]): 
Initialized by user-defined `init_weights` in iTPN_weijie  

backbone.blocks.38.attn.proj.bias - torch.Size([768]): 
Initialized by user-defined `init_weights` in iTPN_weijie  

backbone.blocks.38.norm2.weight - torch.Size([768]): 
Initialized by user-defined `init_weights` in iTPN_weijie  

backbone.blocks.38.norm2.bias - torch.Size([768]): 
Initialized by user-defined `init_weights` in iTPN_weijie  

backbone.blocks.38.mlp.fc1.weight - torch.Size([3072, 768]): 
Initialized by user-defined `init_weights` in iTPN_weijie  

backbone.blocks.38.mlp.fc1.bias - torch.Size([3072]): 
Initialized by user-defined `init_weights` in iTPN_weijie  

backbone.blocks.38.mlp.fc2.weight - torch.Size([768, 3072]): 
Initialized by user-defined `init_weights` in iTPN_weijie  

backbone.blocks.38.mlp.fc2.bias - torch.Size([768]): 
Initialized by user-defined `init_weights` in iTPN_weijie  

backbone.blocks.39.norm1.weight - torch.Size([768]): 
Initialized by user-defined `init_weights` in iTPN_weijie  

backbone.blocks.39.norm1.bias - torch.Size([768]): 
Initialized by user-defined `init_weights` in iTPN_weijie  

backbone.blocks.39.attn.qkv.weight - torch.Size([2304, 768]): 
Initialized by user-defined `init_weights` in iTPN_weijie  

backbone.blocks.39.attn.qkv.bias - torch.Size([2304]): 
Initialized by user-defined `init_weights` in iTPN_weijie  

backbone.blocks.39.attn.proj.weight - torch.Size([768, 768]): 
Initialized by user-defined `init_weights` in iTPN_weijie  

backbone.blocks.39.attn.proj.bias - torch.Size([768]): 
Initialized by user-defined `init_weights` in iTPN_weijie  

backbone.blocks.39.norm2.weight - torch.Size([768]): 
Initialized by user-defined `init_weights` in iTPN_weijie  

backbone.blocks.39.norm2.bias - torch.Size([768]): 
Initialized by user-defined `init_weights` in iTPN_weijie  

backbone.blocks.39.mlp.fc1.weight - torch.Size([3072, 768]): 
Initialized by user-defined `init_weights` in iTPN_weijie  

backbone.blocks.39.mlp.fc1.bias - torch.Size([3072]): 
Initialized by user-defined `init_weights` in iTPN_weijie  

backbone.blocks.39.mlp.fc2.weight - torch.Size([768, 3072]): 
Initialized by user-defined `init_weights` in iTPN_weijie  

backbone.blocks.39.mlp.fc2.bias - torch.Size([768]): 
Initialized by user-defined `init_weights` in iTPN_weijie  

backbone.blocks.40.norm1.weight - torch.Size([768]): 
Initialized by user-defined `init_weights` in iTPN_weijie  

backbone.blocks.40.norm1.bias - torch.Size([768]): 
Initialized by user-defined `init_weights` in iTPN_weijie  

backbone.blocks.40.attn.qkv.weight - torch.Size([2304, 768]): 
Initialized by user-defined `init_weights` in iTPN_weijie  

backbone.blocks.40.attn.qkv.bias - torch.Size([2304]): 
Initialized by user-defined `init_weights` in iTPN_weijie  

backbone.blocks.40.attn.proj.weight - torch.Size([768, 768]): 
Initialized by user-defined `init_weights` in iTPN_weijie  

backbone.blocks.40.attn.proj.bias - torch.Size([768]): 
Initialized by user-defined `init_weights` in iTPN_weijie  

backbone.blocks.40.norm2.weight - torch.Size([768]): 
Initialized by user-defined `init_weights` in iTPN_weijie  

backbone.blocks.40.norm2.bias - torch.Size([768]): 
Initialized by user-defined `init_weights` in iTPN_weijie  

backbone.blocks.40.mlp.fc1.weight - torch.Size([3072, 768]): 
Initialized by user-defined `init_weights` in iTPN_weijie  

backbone.blocks.40.mlp.fc1.bias - torch.Size([3072]): 
Initialized by user-defined `init_weights` in iTPN_weijie  

backbone.blocks.40.mlp.fc2.weight - torch.Size([768, 3072]): 
Initialized by user-defined `init_weights` in iTPN_weijie  

backbone.blocks.40.mlp.fc2.bias - torch.Size([768]): 
Initialized by user-defined `init_weights` in iTPN_weijie  

backbone.blocks.41.norm1.weight - torch.Size([768]): 
Initialized by user-defined `init_weights` in iTPN_weijie  

backbone.blocks.41.norm1.bias - torch.Size([768]): 
Initialized by user-defined `init_weights` in iTPN_weijie  

backbone.blocks.41.attn.qkv.weight - torch.Size([2304, 768]): 
Initialized by user-defined `init_weights` in iTPN_weijie  

backbone.blocks.41.attn.qkv.bias - torch.Size([2304]): 
Initialized by user-defined `init_weights` in iTPN_weijie  

backbone.blocks.41.attn.proj.weight - torch.Size([768, 768]): 
Initialized by user-defined `init_weights` in iTPN_weijie  

backbone.blocks.41.attn.proj.bias - torch.Size([768]): 
Initialized by user-defined `init_weights` in iTPN_weijie  

backbone.blocks.41.norm2.weight - torch.Size([768]): 
Initialized by user-defined `init_weights` in iTPN_weijie  

backbone.blocks.41.norm2.bias - torch.Size([768]): 
Initialized by user-defined `init_weights` in iTPN_weijie  

backbone.blocks.41.mlp.fc1.weight - torch.Size([3072, 768]): 
Initialized by user-defined `init_weights` in iTPN_weijie  

backbone.blocks.41.mlp.fc1.bias - torch.Size([3072]): 
Initialized by user-defined `init_weights` in iTPN_weijie  

backbone.blocks.41.mlp.fc2.weight - torch.Size([768, 3072]): 
Initialized by user-defined `init_weights` in iTPN_weijie  

backbone.blocks.41.mlp.fc2.bias - torch.Size([768]): 
Initialized by user-defined `init_weights` in iTPN_weijie  

backbone.blocks.42.norm1.weight - torch.Size([768]): 
Initialized by user-defined `init_weights` in iTPN_weijie  

backbone.blocks.42.norm1.bias - torch.Size([768]): 
Initialized by user-defined `init_weights` in iTPN_weijie  

backbone.blocks.42.attn.qkv.weight - torch.Size([2304, 768]): 
Initialized by user-defined `init_weights` in iTPN_weijie  

backbone.blocks.42.attn.qkv.bias - torch.Size([2304]): 
Initialized by user-defined `init_weights` in iTPN_weijie  

backbone.blocks.42.attn.proj.weight - torch.Size([768, 768]): 
Initialized by user-defined `init_weights` in iTPN_weijie  

backbone.blocks.42.attn.proj.bias - torch.Size([768]): 
Initialized by user-defined `init_weights` in iTPN_weijie  

backbone.blocks.42.norm2.weight - torch.Size([768]): 
Initialized by user-defined `init_weights` in iTPN_weijie  

backbone.blocks.42.norm2.bias - torch.Size([768]): 
Initialized by user-defined `init_weights` in iTPN_weijie  

backbone.blocks.42.mlp.fc1.weight - torch.Size([3072, 768]): 
Initialized by user-defined `init_weights` in iTPN_weijie  

backbone.blocks.42.mlp.fc1.bias - torch.Size([3072]): 
Initialized by user-defined `init_weights` in iTPN_weijie  

backbone.blocks.42.mlp.fc2.weight - torch.Size([768, 3072]): 
Initialized by user-defined `init_weights` in iTPN_weijie  

backbone.blocks.42.mlp.fc2.bias - torch.Size([768]): 
Initialized by user-defined `init_weights` in iTPN_weijie  

backbone.blocks.43.norm1.weight - torch.Size([768]): 
Initialized by user-defined `init_weights` in iTPN_weijie  

backbone.blocks.43.norm1.bias - torch.Size([768]): 
Initialized by user-defined `init_weights` in iTPN_weijie  

backbone.blocks.43.attn.qkv.weight - torch.Size([2304, 768]): 
Initialized by user-defined `init_weights` in iTPN_weijie  

backbone.blocks.43.attn.qkv.bias - torch.Size([2304]): 
Initialized by user-defined `init_weights` in iTPN_weijie  

backbone.blocks.43.attn.proj.weight - torch.Size([768, 768]): 
Initialized by user-defined `init_weights` in iTPN_weijie  

backbone.blocks.43.attn.proj.bias - torch.Size([768]): 
Initialized by user-defined `init_weights` in iTPN_weijie  

backbone.blocks.43.norm2.weight - torch.Size([768]): 
Initialized by user-defined `init_weights` in iTPN_weijie  

backbone.blocks.43.norm2.bias - torch.Size([768]): 
Initialized by user-defined `init_weights` in iTPN_weijie  

backbone.blocks.43.mlp.fc1.weight - torch.Size([3072, 768]): 
Initialized by user-defined `init_weights` in iTPN_weijie  

backbone.blocks.43.mlp.fc1.bias - torch.Size([3072]): 
Initialized by user-defined `init_weights` in iTPN_weijie  

backbone.blocks.43.mlp.fc2.weight - torch.Size([768, 3072]): 
Initialized by user-defined `init_weights` in iTPN_weijie  

backbone.blocks.43.mlp.fc2.bias - torch.Size([768]): 
Initialized by user-defined `init_weights` in iTPN_weijie  

backbone.blocks.44.norm1.weight - torch.Size([768]): 
Initialized by user-defined `init_weights` in iTPN_weijie  

backbone.blocks.44.norm1.bias - torch.Size([768]): 
Initialized by user-defined `init_weights` in iTPN_weijie  

backbone.blocks.44.attn.qkv.weight - torch.Size([2304, 768]): 
Initialized by user-defined `init_weights` in iTPN_weijie  

backbone.blocks.44.attn.qkv.bias - torch.Size([2304]): 
Initialized by user-defined `init_weights` in iTPN_weijie  

backbone.blocks.44.attn.proj.weight - torch.Size([768, 768]): 
Initialized by user-defined `init_weights` in iTPN_weijie  

backbone.blocks.44.attn.proj.bias - torch.Size([768]): 
Initialized by user-defined `init_weights` in iTPN_weijie  

backbone.blocks.44.norm2.weight - torch.Size([768]): 
Initialized by user-defined `init_weights` in iTPN_weijie  

backbone.blocks.44.norm2.bias - torch.Size([768]): 
Initialized by user-defined `init_weights` in iTPN_weijie  

backbone.blocks.44.mlp.fc1.weight - torch.Size([3072, 768]): 
Initialized by user-defined `init_weights` in iTPN_weijie  

backbone.blocks.44.mlp.fc1.bias - torch.Size([3072]): 
Initialized by user-defined `init_weights` in iTPN_weijie  

backbone.blocks.44.mlp.fc2.weight - torch.Size([768, 3072]): 
Initialized by user-defined `init_weights` in iTPN_weijie  

backbone.blocks.44.mlp.fc2.bias - torch.Size([768]): 
Initialized by user-defined `init_weights` in iTPN_weijie  

backbone.blocks.45.norm1.weight - torch.Size([768]): 
Initialized by user-defined `init_weights` in iTPN_weijie  

backbone.blocks.45.norm1.bias - torch.Size([768]): 
Initialized by user-defined `init_weights` in iTPN_weijie  

backbone.blocks.45.attn.qkv.weight - torch.Size([2304, 768]): 
Initialized by user-defined `init_weights` in iTPN_weijie  

backbone.blocks.45.attn.qkv.bias - torch.Size([2304]): 
Initialized by user-defined `init_weights` in iTPN_weijie  

backbone.blocks.45.attn.proj.weight - torch.Size([768, 768]): 
Initialized by user-defined `init_weights` in iTPN_weijie  

backbone.blocks.45.attn.proj.bias - torch.Size([768]): 
Initialized by user-defined `init_weights` in iTPN_weijie  

backbone.blocks.45.norm2.weight - torch.Size([768]): 
Initialized by user-defined `init_weights` in iTPN_weijie  

backbone.blocks.45.norm2.bias - torch.Size([768]): 
Initialized by user-defined `init_weights` in iTPN_weijie  

backbone.blocks.45.mlp.fc1.weight - torch.Size([3072, 768]): 
Initialized by user-defined `init_weights` in iTPN_weijie  

backbone.blocks.45.mlp.fc1.bias - torch.Size([3072]): 
Initialized by user-defined `init_weights` in iTPN_weijie  

backbone.blocks.45.mlp.fc2.weight - torch.Size([768, 3072]): 
Initialized by user-defined `init_weights` in iTPN_weijie  

backbone.blocks.45.mlp.fc2.bias - torch.Size([768]): 
Initialized by user-defined `init_weights` in iTPN_weijie  

backbone.align_dim_16tofpn.weight - torch.Size([256, 768]): 
Initialized by user-defined `init_weights` in iTPN_weijie  

backbone.align_dim_16tofpn.bias - torch.Size([256]): 
Initialized by user-defined `init_weights` in iTPN_weijie  

backbone.fpn_modules.0.norm2.weight - torch.Size([256]): 
Initialized by user-defined `init_weights` in iTPN_weijie  

backbone.fpn_modules.0.norm2.bias - torch.Size([256]): 
Initialized by user-defined `init_weights` in iTPN_weijie  

backbone.fpn_modules.0.mlp.fc1.weight - torch.Size([1024, 256]): 
Initialized by user-defined `init_weights` in iTPN_weijie  

backbone.fpn_modules.0.mlp.fc1.bias - torch.Size([1024]): 
Initialized by user-defined `init_weights` in iTPN_weijie  

backbone.fpn_modules.0.mlp.fc2.weight - torch.Size([256, 1024]): 
Initialized by user-defined `init_weights` in iTPN_weijie  

backbone.fpn_modules.0.mlp.fc2.bias - torch.Size([256]): 
Initialized by user-defined `init_weights` in iTPN_weijie  

backbone.fpn_modules.1.norm2.weight - torch.Size([256]): 
Initialized by user-defined `init_weights` in iTPN_weijie  

backbone.fpn_modules.1.norm2.bias - torch.Size([256]): 
Initialized by user-defined `init_weights` in iTPN_weijie  

backbone.fpn_modules.1.mlp.fc1.weight - torch.Size([1024, 256]): 
Initialized by user-defined `init_weights` in iTPN_weijie  

backbone.fpn_modules.1.mlp.fc1.bias - torch.Size([1024]): 
Initialized by user-defined `init_weights` in iTPN_weijie  

backbone.fpn_modules.1.mlp.fc2.weight - torch.Size([256, 1024]): 
Initialized by user-defined `init_weights` in iTPN_weijie  

backbone.fpn_modules.1.mlp.fc2.bias - torch.Size([256]): 
Initialized by user-defined `init_weights` in iTPN_weijie  

backbone.fpn_modules.2.norm2.weight - torch.Size([256]): 
Initialized by user-defined `init_weights` in iTPN_weijie  

backbone.fpn_modules.2.norm2.bias - torch.Size([256]): 
Initialized by user-defined `init_weights` in iTPN_weijie  

backbone.fpn_modules.2.mlp.fc1.weight - torch.Size([1024, 256]): 
Initialized by user-defined `init_weights` in iTPN_weijie  

backbone.fpn_modules.2.mlp.fc1.bias - torch.Size([1024]): 
Initialized by user-defined `init_weights` in iTPN_weijie  

backbone.fpn_modules.2.mlp.fc2.weight - torch.Size([256, 1024]): 
Initialized by user-defined `init_weights` in iTPN_weijie  

backbone.fpn_modules.2.mlp.fc2.bias - torch.Size([256]): 
Initialized by user-defined `init_weights` in iTPN_weijie  

backbone.align_dim_16to8.weight - torch.Size([256, 384]): 
Initialized by user-defined `init_weights` in iTPN_weijie  

backbone.split_16to8.norm.weight - torch.Size([768]): 
Initialized by user-defined `init_weights` in iTPN_weijie  

backbone.split_16to8.norm.bias - torch.Size([768]): 
Initialized by user-defined `init_weights` in iTPN_weijie  

backbone.split_16to8.reduction.weight - torch.Size([1024, 768]): 
Initialized by user-defined `init_weights` in iTPN_weijie  

backbone.block_16to8.0.norm2.weight - torch.Size([256]): 
Initialized by user-defined `init_weights` in iTPN_weijie  

backbone.block_16to8.0.norm2.bias - torch.Size([256]): 
Initialized by user-defined `init_weights` in iTPN_weijie  

backbone.block_16to8.0.mlp.fc1.weight - torch.Size([1024, 256]): 
Initialized by user-defined `init_weights` in iTPN_weijie  

backbone.block_16to8.0.mlp.fc1.bias - torch.Size([1024]): 
Initialized by user-defined `init_weights` in iTPN_weijie  

backbone.block_16to8.0.mlp.fc2.weight - torch.Size([256, 1024]): 
Initialized by user-defined `init_weights` in iTPN_weijie  

backbone.block_16to8.0.mlp.fc2.bias - torch.Size([256]): 
Initialized by user-defined `init_weights` in iTPN_weijie  

backbone.block_16to8.1.norm2.weight - torch.Size([256]): 
Initialized by user-defined `init_weights` in iTPN_weijie  

backbone.block_16to8.1.norm2.bias - torch.Size([256]): 
Initialized by user-defined `init_weights` in iTPN_weijie  

backbone.block_16to8.1.mlp.fc1.weight - torch.Size([1024, 256]): 
Initialized by user-defined `init_weights` in iTPN_weijie  

backbone.block_16to8.1.mlp.fc1.bias - torch.Size([1024]): 
Initialized by user-defined `init_weights` in iTPN_weijie  

backbone.block_16to8.1.mlp.fc2.weight - torch.Size([256, 1024]): 
Initialized by user-defined `init_weights` in iTPN_weijie  

backbone.block_16to8.1.mlp.fc2.bias - torch.Size([256]): 
Initialized by user-defined `init_weights` in iTPN_weijie  

backbone.align_dim_8to4.weight - torch.Size([256, 192]): 
Initialized by user-defined `init_weights` in iTPN_weijie  

backbone.split_8to4.norm.weight - torch.Size([256]): 
Initialized by user-defined `init_weights` in iTPN_weijie  

backbone.split_8to4.norm.bias - torch.Size([256]): 
Initialized by user-defined `init_weights` in iTPN_weijie  

backbone.split_8to4.reduction.weight - torch.Size([1024, 256]): 
Initialized by user-defined `init_weights` in iTPN_weijie  

backbone.block_8to4.0.norm2.weight - torch.Size([256]): 
Initialized by user-defined `init_weights` in iTPN_weijie  

backbone.block_8to4.0.norm2.bias - torch.Size([256]): 
Initialized by user-defined `init_weights` in iTPN_weijie  

backbone.block_8to4.0.mlp.fc1.weight - torch.Size([1024, 256]): 
Initialized by user-defined `init_weights` in iTPN_weijie  

backbone.block_8to4.0.mlp.fc1.bias - torch.Size([1024]): 
Initialized by user-defined `init_weights` in iTPN_weijie  

backbone.block_8to4.0.mlp.fc2.weight - torch.Size([256, 1024]): 
Initialized by user-defined `init_weights` in iTPN_weijie  

backbone.block_8to4.0.mlp.fc2.bias - torch.Size([256]): 
Initialized by user-defined `init_weights` in iTPN_weijie  

backbone.block_8to4.1.norm2.weight - torch.Size([256]): 
Initialized by user-defined `init_weights` in iTPN_weijie  

backbone.block_8to4.1.norm2.bias - torch.Size([256]): 
Initialized by user-defined `init_weights` in iTPN_weijie  

backbone.block_8to4.1.mlp.fc1.weight - torch.Size([1024, 256]): 
Initialized by user-defined `init_weights` in iTPN_weijie  

backbone.block_8to4.1.mlp.fc1.bias - torch.Size([1024]): 
Initialized by user-defined `init_weights` in iTPN_weijie  

backbone.block_8to4.1.mlp.fc2.weight - torch.Size([256, 1024]): 
Initialized by user-defined `init_weights` in iTPN_weijie  

backbone.block_8to4.1.mlp.fc2.bias - torch.Size([256]): 
Initialized by user-defined `init_weights` in iTPN_weijie  

decode_head.conv_seg.weight - torch.Size([5, 768, 1, 1]): 
NormalInit: mean=0, std=0.01, bias=0 

decode_head.conv_seg.bias - torch.Size([5]): 
NormalInit: mean=0, std=0.01, bias=0 

decode_head.psp_modules.0.1.conv.weight - torch.Size([768, 1024, 1, 1]): 
The value is the same before and after calling `init_weights` of EncoderDecoder  

decode_head.psp_modules.0.1.bn.weight - torch.Size([768]): 
The value is the same before and after calling `init_weights` of EncoderDecoder  

decode_head.psp_modules.0.1.bn.bias - torch.Size([768]): 
The value is the same before and after calling `init_weights` of EncoderDecoder  

decode_head.psp_modules.1.1.conv.weight - torch.Size([768, 1024, 1, 1]): 
The value is the same before and after calling `init_weights` of EncoderDecoder  

decode_head.psp_modules.1.1.bn.weight - torch.Size([768]): 
The value is the same before and after calling `init_weights` of EncoderDecoder  

decode_head.psp_modules.1.1.bn.bias - torch.Size([768]): 
The value is the same before and after calling `init_weights` of EncoderDecoder  

decode_head.psp_modules.2.1.conv.weight - torch.Size([768, 1024, 1, 1]): 
The value is the same before and after calling `init_weights` of EncoderDecoder  

decode_head.psp_modules.2.1.bn.weight - torch.Size([768]): 
The value is the same before and after calling `init_weights` of EncoderDecoder  

decode_head.psp_modules.2.1.bn.bias - torch.Size([768]): 
The value is the same before and after calling `init_weights` of EncoderDecoder  

decode_head.psp_modules.3.1.conv.weight - torch.Size([768, 1024, 1, 1]): 
The value is the same before and after calling `init_weights` of EncoderDecoder  

decode_head.psp_modules.3.1.bn.weight - torch.Size([768]): 
The value is the same before and after calling `init_weights` of EncoderDecoder  

decode_head.psp_modules.3.1.bn.bias - torch.Size([768]): 
The value is the same before and after calling `init_weights` of EncoderDecoder  

decode_head.bottleneck.conv.weight - torch.Size([768, 4096, 3, 3]): 
Initialized by user-defined `init_weights` in ConvModule  

decode_head.bottleneck.bn.weight - torch.Size([768]): 
The value is the same before and after calling `init_weights` of EncoderDecoder  

decode_head.bottleneck.bn.bias - torch.Size([768]): 
The value is the same before and after calling `init_weights` of EncoderDecoder  

decode_head.lateral_convs.0.conv.weight - torch.Size([768, 448, 1, 1]): 
The value is the same before and after calling `init_weights` of EncoderDecoder  

decode_head.lateral_convs.0.bn.weight - torch.Size([768]): 
The value is the same before and after calling `init_weights` of EncoderDecoder  

decode_head.lateral_convs.0.bn.bias - torch.Size([768]): 
The value is the same before and after calling `init_weights` of EncoderDecoder  

decode_head.lateral_convs.1.conv.weight - torch.Size([768, 640, 1, 1]): 
The value is the same before and after calling `init_weights` of EncoderDecoder  

decode_head.lateral_convs.1.bn.weight - torch.Size([768]): 
The value is the same before and after calling `init_weights` of EncoderDecoder  

decode_head.lateral_convs.1.bn.bias - torch.Size([768]): 
The value is the same before and after calling `init_weights` of EncoderDecoder  

decode_head.lateral_convs.2.conv.weight - torch.Size([768, 1024, 1, 1]): 
The value is the same before and after calling `init_weights` of EncoderDecoder  

decode_head.lateral_convs.2.bn.weight - torch.Size([768]): 
The value is the same before and after calling `init_weights` of EncoderDecoder  

decode_head.lateral_convs.2.bn.bias - torch.Size([768]): 
The value is the same before and after calling `init_weights` of EncoderDecoder  

decode_head.fpn_convs.0.conv.weight - torch.Size([768, 768, 3, 3]): 
The value is the same before and after calling `init_weights` of EncoderDecoder  

decode_head.fpn_convs.0.bn.weight - torch.Size([768]): 
The value is the same before and after calling `init_weights` of EncoderDecoder  

decode_head.fpn_convs.0.bn.bias - torch.Size([768]): 
The value is the same before and after calling `init_weights` of EncoderDecoder  

decode_head.fpn_convs.1.conv.weight - torch.Size([768, 768, 3, 3]): 
The value is the same before and after calling `init_weights` of EncoderDecoder  

decode_head.fpn_convs.1.bn.weight - torch.Size([768]): 
The value is the same before and after calling `init_weights` of EncoderDecoder  

decode_head.fpn_convs.1.bn.bias - torch.Size([768]): 
The value is the same before and after calling `init_weights` of EncoderDecoder  

decode_head.fpn_convs.2.conv.weight - torch.Size([768, 768, 3, 3]): 
The value is the same before and after calling `init_weights` of EncoderDecoder  

decode_head.fpn_convs.2.bn.weight - torch.Size([768]): 
The value is the same before and after calling `init_weights` of EncoderDecoder  

decode_head.fpn_convs.2.bn.bias - torch.Size([768]): 
The value is the same before and after calling `init_weights` of EncoderDecoder  

decode_head.fpn_bottleneck.conv.weight - torch.Size([768, 3072, 3, 3]): 
Initialized by user-defined `init_weights` in ConvModule  

decode_head.fpn_bottleneck.bn.weight - torch.Size([768]): 
The value is the same before and after calling `init_weights` of EncoderDecoder  

decode_head.fpn_bottleneck.bn.bias - torch.Size([768]): 
The value is the same before and after calling `init_weights` of EncoderDecoder  

auxiliary_head.conv_seg.weight - torch.Size([5, 256, 1, 1]): 
NormalInit: mean=0, std=0.01, bias=0 

auxiliary_head.conv_seg.bias - torch.Size([5]): 
NormalInit: mean=0, std=0.01, bias=0 

auxiliary_head.convs.0.conv.weight - torch.Size([256, 1024, 3, 3]): 
The value is the same before and after calling `init_weights` of EncoderDecoder  

auxiliary_head.convs.0.bn.weight - torch.Size([256]): 
The value is the same before and after calling `init_weights` of EncoderDecoder  

auxiliary_head.convs.0.bn.bias - torch.Size([256]): 
The value is the same before and after calling `init_weights` of EncoderDecoder  
2026/05/14 16:54:41 - mmengine - WARNING - "FileClient" will be deprecated in future. Please use io functions in https://mmengine.readthedocs.io/en/latest/api/fileio.html#file-io
2026/05/14 16:54:41 - mmengine - WARNING - "HardDiskBackend" is the alias of "LocalBackend" and the former will be deprecated in future.
2026/05/14 16:54:41 - mmengine - INFO - Checkpoints will be saved to /root/det/work_dirs/large_weijie_ddhr_1xb4_80k_6e-4.
2026/05/14 16:55:11 - mmengine - INFO - Iter(train) [  200/80000]  lr: 3.1279e-07  eta: 3:24:41  time: 0.1528  data_time: 0.0108  memory: 12191  grad_norm: 4.3561  loss: 0.4495  decode.loss_ce: 0.2578  decode.acc_seg: 78.2794  aux.loss_ce: 0.1916  aux.acc_seg: 72.9164
2026/05/14 16:55:41 - mmengine - INFO - Iter(train) [  400/80000]  lr: 6.2716e-07  eta: 3:18:40  time: 0.1553  data_time: 0.0111  memory: 8510  grad_norm: 4.6770  loss: 0.3246  decode.loss_ce: 0.2111  decode.acc_seg: 86.8254  aux.loss_ce: 0.1136  aux.acc_seg: 88.3908
2026/05/14 16:56:10 - mmengine - INFO - Iter(train) [  600/80000]  lr: 9.4152e-07  eta: 3:18:03  time: 0.1399  data_time: 0.0091  memory: 8510  grad_norm: 4.5950  loss: 0.3400  decode.loss_ce: 0.2409  decode.acc_seg: 92.0341  aux.loss_ce: 0.0991  aux.acc_seg: 84.5711
2026/05/14 16:56:35 - mmengine - INFO - Exp name: large_weijie_ddhr_1xb4_80k_3e-4_dp20_ld90_20260514_165425
2026/05/14 16:56:39 - mmengine - INFO - Iter(train) [  800/80000]  lr: 1.2559e-06  eta: 3:15:54  time: 0.1444  data_time: 0.0092  memory: 8510  grad_norm: 3.5368  loss: 0.3966  decode.loss_ce: 0.2802  decode.acc_seg: 76.1275  aux.loss_ce: 0.1164  aux.acc_seg: 76.8360
2026/05/14 16:57:08 - mmengine - INFO - Exp name: large_weijie_ddhr_1xb4_80k_3e-4_dp20_ld90_20260514_165425
2026/05/14 16:57:08 - mmengine - INFO - Iter(train) [ 1000/80000]  lr: 1.5702e-06  eta: 3:13:40  time: 0.1535  data_time: 0.0106  memory: 8510  grad_norm: 4.7843  loss: 0.4366  decode.loss_ce: 0.3122  decode.acc_seg: 70.5329  aux.loss_ce: 0.1244  aux.acc_seg: 67.4280
2026/05/14 16:57:38 - mmengine - INFO - Iter(train) [ 1200/80000]  lr: 1.8846e-06  eta: 3:14:28  time: 0.1370  data_time: 0.0087  memory: 8510  grad_norm: 3.5854  loss: 0.3580  decode.loss_ce: 0.2510  decode.acc_seg: 64.3518  aux.loss_ce: 0.1070  aux.acc_seg: 55.7785
2026/05/14 16:58:08 - mmengine - INFO - Iter(train) [ 1400/80000]  lr: 2.1990e-06  eta: 3:14:09  time: 0.1533  data_time: 0.0109  memory: 8510  grad_norm: 3.2232  loss: 0.2424  decode.loss_ce: 0.1700  decode.acc_seg: 89.8678  aux.loss_ce: 0.0724  aux.acc_seg: 89.9651
2026/05/14 16:58:38 - mmengine - INFO - Iter(train) [ 1600/80000]  lr: 2.5133e-06  eta: 3:13:52  time: 0.1534  data_time: 0.0109  memory: 8510  grad_norm: 4.1441  loss: 0.3570  decode.loss_ce: 0.2550  decode.acc_seg: 82.2667  aux.loss_ce: 0.1020  aux.acc_seg: 84.4157
2026/05/14 16:59:07 - mmengine - INFO - Iter(train) [ 1800/80000]  lr: 2.8277e-06  eta: 3:12:56  time: 0.1358  data_time: 0.0085  memory: 8510  grad_norm: 2.6410  loss: 0.2781  decode.loss_ce: 0.1984  decode.acc_seg: 84.0196  aux.loss_ce: 0.0797  aux.acc_seg: 84.6628
2026/05/14 16:59:35 - mmengine - INFO - Exp name: large_weijie_ddhr_1xb4_80k_3e-4_dp20_ld90_20260514_165425
2026/05/14 16:59:35 - mmengine - INFO - Iter(train) [ 2000/80000]  lr: 3.1421e-06  eta: 3:11:18  time: 0.1404  data_time: 0.0092  memory: 8510  grad_norm: 2.9359  loss: 0.3026  decode.loss_ce: 0.2170  decode.acc_seg: 81.5801  aux.loss_ce: 0.0857  aux.acc_seg: 82.9567
2026/05/14 17:00:04 - mmengine - INFO - Iter(train) [ 2200/80000]  lr: 3.1341e-06  eta: 3:10:34  time: 0.1519  data_time: 0.0106  memory: 8510  grad_norm: 1.7758  loss: 0.2552  decode.loss_ce: 0.1801  decode.acc_seg: 91.1132  aux.loss_ce: 0.0751  aux.acc_seg: 90.9853
2026/05/14 17:00:35 - mmengine - INFO - Iter(train) [ 2400/80000]  lr: 3.1260e-06  eta: 3:10:42  time: 0.1367  data_time: 0.0086  memory: 8510  grad_norm: 2.6025  loss: 0.2908  decode.loss_ce: 0.2104  decode.acc_seg: 94.0691  aux.loss_ce: 0.0805  aux.acc_seg: 94.4664
2026/05/14 17:01:05 - mmengine - INFO - Iter(train) [ 2600/80000]  lr: 3.1179e-06  eta: 3:10:55  time: 0.1553  data_time: 0.0109  memory: 8510  grad_norm: 5.7151  loss: 0.3787  decode.loss_ce: 0.2719  decode.acc_seg: 75.1844  aux.loss_ce: 0.1068  aux.acc_seg: 77.9403
2026/05/14 17:01:35 - mmengine - INFO - Iter(train) [ 2800/80000]  lr: 3.1099e-06  eta: 3:10:28  time: 0.1485  data_time: 0.0090  memory: 8510  grad_norm: 2.1152  loss: 0.2241  decode.loss_ce: 0.1604  decode.acc_seg: 91.1141  aux.loss_ce: 0.0637  aux.acc_seg: 91.1141
2026/05/14 17:02:05 - mmengine - INFO - Exp name: large_weijie_ddhr_1xb4_80k_3e-4_dp20_ld90_20260514_165425
2026/05/14 17:02:05 - mmengine - INFO - Iter(train) [ 3000/80000]  lr: 3.1018e-06  eta: 3:10:12  time: 0.1361  data_time: 0.0085  memory: 8510  grad_norm: 1.7244  loss: 0.2011  decode.loss_ce: 0.1421  decode.acc_seg: 64.0820  aux.loss_ce: 0.0591  aux.acc_seg: 62.5584
2026/05/14 17:02:35 - mmengine - INFO - Iter(train) [ 3200/80000]  lr: 3.0938e-06  eta: 3:09:46  time: 0.1528  data_time: 0.0109  memory: 8510  grad_norm: 2.9598  loss: 0.2583  decode.loss_ce: 0.1838  decode.acc_seg: 85.3792  aux.loss_ce: 0.0746  aux.acc_seg: 85.2160
2026/05/14 17:03:04 - mmengine - INFO - Iter(train) [ 3400/80000]  lr: 3.0857e-06  eta: 3:09:08  time: 0.1431  data_time: 0.0091  memory: 8510  grad_norm: 1.7793  loss: 0.2051  decode.loss_ce: 0.1452  decode.acc_seg: 83.9638  aux.loss_ce: 0.0598  aux.acc_seg: 82.8227
2026/05/14 17:03:33 - mmengine - INFO - Iter(train) [ 3600/80000]  lr: 3.0777e-06  eta: 3:08:19  time: 0.1363  data_time: 0.0088  memory: 8510  grad_norm: 2.3605  loss: 0.2323  decode.loss_ce: 0.1744  decode.acc_seg: 88.3650  aux.loss_ce: 0.0578  aux.acc_seg: 88.1337
2026/05/14 17:04:02 - mmengine - INFO - Iter(train) [ 3800/80000]  lr: 3.0696e-06  eta: 3:07:29  time: 0.1429  data_time: 0.0090  memory: 8510  grad_norm: 3.8205  loss: 0.2353  decode.loss_ce: 0.1664  decode.acc_seg: 80.6047  aux.loss_ce: 0.0688  aux.acc_seg: 81.1385
2026/05/14 17:04:31 - mmengine - INFO - Exp name: large_weijie_ddhr_1xb4_80k_3e-4_dp20_ld90_20260514_165425
2026/05/14 17:04:31 - mmengine - INFO - Iter(train) [ 4000/80000]  lr: 3.0615e-06  eta: 3:06:55  time: 0.1562  data_time: 0.0112  memory: 8510  grad_norm: 3.2647  loss: 0.2079  decode.loss_ce: 0.1519  decode.acc_seg: 92.9260  aux.loss_ce: 0.0560  aux.acc_seg: 91.3780
2026/05/14 17:04:31 - mmengine - INFO - Saving checkpoint at 4000 iterations
2026/05/14 17:04:45 - mmengine - INFO - Iter(val) [ 200/3086]    eta: 0:01:13  time: 0.0227  data_time: 0.0016  memory: 4537  
2026/05/14 17:04:49 - mmengine - INFO - Iter(val) [ 400/3086]    eta: 0:01:04  time: 0.0215  data_time: 0.0016  memory: 4439  
2026/05/14 17:04:54 - mmengine - INFO - Iter(val) [ 600/3086]    eta: 0:00:58  time: 0.0221  data_time: 0.0016  memory: 4439  
2026/05/14 17:04:58 - mmengine - INFO - Iter(val) [ 800/3086]    eta: 0:00:52  time: 0.0218  data_time: 0.0016  memory: 4439  
2026/05/14 17:05:03 - mmengine - INFO - Iter(val) [1000/3086]    eta: 0:00:47  time: 0.0230  data_time: 0.0016  memory: 4439  
2026/05/14 17:05:07 - mmengine - INFO - Iter(val) [1200/3086]    eta: 0:00:42  time: 0.0212  data_time: 0.0015  memory: 4439  
2026/05/14 17:05:12 - mmengine - INFO - Iter(val) [1400/3086]    eta: 0:00:38  time: 0.0220  data_time: 0.0015  memory: 4439  
2026/05/14 17:05:16 - mmengine - INFO - Iter(val) [1600/3086]    eta: 0:00:33  time: 0.0220  data_time: 0.0015  memory: 4439  
2026/05/14 17:05:21 - mmengine - INFO - Iter(val) [1800/3086]    eta: 0:00:28  time: 0.0219  data_time: 0.0015  memory: 4439  
2026/05/14 17:05:25 - mmengine - INFO - Iter(val) [2000/3086]    eta: 0:00:24  time: 0.0221  data_time: 0.0015  memory: 4439  
2026/05/14 17:05:29 - mmengine - INFO - Iter(val) [2200/3086]    eta: 0:00:19  time: 0.0222  data_time: 0.0014  memory: 4439  
2026/05/14 17:05:34 - mmengine - INFO - Iter(val) [2400/3086]    eta: 0:00:15  time: 0.0219  data_time: 0.0015  memory: 4439  
2026/05/14 17:05:38 - mmengine - INFO - Iter(val) [2600/3086]    eta: 0:00:10  time: 0.0221  data_time: 0.0015  memory: 4439  
2026/05/14 17:05:43 - mmengine - INFO - Iter(val) [2800/3086]    eta: 0:00:06  time: 0.0226  data_time: 0.0016  memory: 4439  
2026/05/14 17:05:48 - mmengine - INFO - Iter(val) [3000/3086]    eta: 0:00:01  time: 0.0221  data_time: 0.0015  memory: 4439  
2026/05/14 17:05:50 - mmengine - INFO - per class results:
2026/05/14 17:05:50 - mmengine - INFO - 
+----------+-------+-------+--------+-----------+--------+
|  Class   |  IoU  |  Acc  | Fscore | Precision | Recall |
+----------+-------+-------+--------+-----------+--------+
| Building | 82.54 | 90.39 | 90.43  |   90.48   | 90.39  |
|   Road   | 30.68 | 40.07 | 46.96  |   56.71   | 40.07  |
| Greenery | 71.21 | 82.87 | 83.18  |    83.5   | 82.87  |
|  Water   | 95.21 | 97.67 | 97.55  |   97.43   | 97.67  |
| Farmland | 61.68 | 81.59 |  76.3  |   71.65   | 81.59  |
+----------+-------+-------+--------+-----------+--------+
2026/05/14 17:05:50 - mmengine - INFO - Iter(val) [3086/3086]  aAcc: 85.9800  mIoU: 68.2600  mAcc: 78.5200  mFscore: 78.8800  mPrecision: 79.9500  mRecall: 78.5200  Kappa: 36.4700  data_time: 0.0014  time: 0.0230
2026/05/14 17:05:53 - mmengine - INFO - The best checkpoint with 85.9800 aAcc at 4000 iter is saved to best_aAcc_iter_4000.pth.
2026/05/14 17:06:22 - mmengine - INFO - Iter(train) [ 4200/80000]  lr: 3.0535e-06  eta: 3:07:24  time: 0.1537  data_time: 0.0077  memory: 8506  grad_norm: 2.1235  loss: 0.2152  decode.loss_ce: 0.1531  decode.acc_seg: 70.4596  aux.loss_ce: 0.0621  aux.acc_seg: 77.7200
2026/05/14 17:06:53 - mmengine - INFO - Iter(train) [ 4400/80000]  lr: 3.0454e-06  eta: 3:07:08  time: 0.1505  data_time: 0.0102  memory: 8506  grad_norm: 2.8503  loss: 0.2396  decode.loss_ce: 0.1771  decode.acc_seg: 97.3979  aux.loss_ce: 0.0626  aux.acc_seg: 96.8222
2026/05/14 17:07:24 - mmengine - INFO - Iter(train) [ 4600/80000]  lr: 3.0374e-06  eta: 3:06:55  time: 0.1527  data_time: 0.0101  memory: 8506  grad_norm: 2.6910  loss: 0.2319  decode.loss_ce: 0.1668  decode.acc_seg: 76.5791  aux.loss_ce: 0.0651  aux.acc_seg: 77.3427
2026/05/14 17:07:54 - mmengine - INFO - Iter(train) [ 4800/80000]  lr: 3.0293e-06  eta: 3:06:38  time: 0.1534  data_time: 0.0106  memory: 8506  grad_norm: 2.1768  loss: 0.2448  decode.loss_ce: 0.1762  decode.acc_seg: 94.1977  aux.loss_ce: 0.0686  aux.acc_seg: 94.1977
2026/05/14 17:08:23 - mmengine - INFO - Exp name: large_weijie_ddhr_1xb4_80k_3e-4_dp20_ld90_20260514_165425
2026/05/14 17:08:23 - mmengine - INFO - Iter(train) [ 5000/80000]  lr: 3.0213e-06  eta: 3:05:52  time: 0.1433  data_time: 0.0088  memory: 8506  grad_norm: 2.0386  loss: 0.1942  decode.loss_ce: 0.1401  decode.acc_seg: 86.5057  aux.loss_ce: 0.0541  aux.acc_seg: 88.0525
2026/05/14 17:08:51 - mmengine - INFO - Iter(train) [ 5200/80000]  lr: 3.0132e-06  eta: 3:05:07  time: 0.1374  data_time: 0.0084  memory: 8506  grad_norm: 1.6085  loss: 0.1841  decode.loss_ce: 0.1316  decode.acc_seg: 77.8021  aux.loss_ce: 0.0524  aux.acc_seg: 78.0725
2026/05/14 17:09:20 - mmengine - INFO - Iter(train) [ 5400/80000]  lr: 3.0051e-06  eta: 3:04:18  time: 0.1476  data_time: 0.0091  memory: 8506  grad_norm: 2.5352  loss: 0.2149  decode.loss_ce: 0.1561  decode.acc_seg: 95.3030  aux.loss_ce: 0.0589  aux.acc_seg: 95.1036
2026/05/14 17:09:49 - mmengine - INFO - Iter(train) [ 5600/80000]  lr: 2.9971e-06  eta: 3:03:41  time: 0.1447  data_time: 0.0089  memory: 8506  grad_norm: 1.3830  loss: 0.1501  decode.loss_ce: 0.1070  decode.acc_seg: 90.1160  aux.loss_ce: 0.0430  aux.acc_seg: 90.1579
2026/05/14 17:10:20 - mmengine - INFO - Iter(train) [ 5800/80000]  lr: 2.9890e-06  eta: 3:03:28  time: 0.1550  data_time: 0.0110  memory: 8506  grad_norm: 4.3336  loss: 0.2622  decode.loss_ce: 0.1879  decode.acc_seg: 98.0323  aux.loss_ce: 0.0743  aux.acc_seg: 98.1372
2026/05/14 17:10:51 - mmengine - INFO - Exp name: large_weijie_ddhr_1xb4_80k_3e-4_dp20_ld90_20260514_165425
2026/05/14 17:10:51 - mmengine - INFO - Iter(train) [ 6000/80000]  lr: 2.9810e-06  eta: 3:03:15  time: 0.1679  data_time: 0.0109  memory: 8506  grad_norm: 1.5361  loss: 0.1691  decode.loss_ce: 0.1221  decode.acc_seg: 92.0619  aux.loss_ce: 0.0470  aux.acc_seg: 92.6984
2026/05/14 17:11:21 - mmengine - INFO - Iter(train) [ 6200/80000]  lr: 2.9729e-06  eta: 3:02:51  time: 0.1452  data_time: 0.0093  memory: 8506  grad_norm: 1.7845  loss: 0.1874  decode.loss_ce: 0.1339  decode.acc_seg: 73.6897  aux.loss_ce: 0.0535  aux.acc_seg: 73.8865
2026/05/14 17:11:52 - mmengine - INFO - Iter(train) [ 6400/80000]  lr: 2.9649e-06  eta: 3:02:39  time: 0.1519  data_time: 0.0108  memory: 8506  grad_norm: 1.7475  loss: 0.2115  decode.loss_ce: 0.1519  decode.acc_seg: 98.7015  aux.loss_ce: 0.0596  aux.acc_seg: 99.8436
2026/05/14 17:12:23 - mmengine - INFO - Iter(train) [ 6600/80000]  lr: 2.9568e-06  eta: 3:02:20  time: 0.1534  data_time: 0.0110  memory: 8506  grad_norm: 2.2802  loss: 0.1999  decode.loss_ce: 0.1444  decode.acc_seg: 94.1213  aux.loss_ce: 0.0555  aux.acc_seg: 94.0950
2026/05/14 17:12:54 - mmengine - INFO - Iter(train) [ 6800/80000]  lr: 2.9487e-06  eta: 3:02:01  time: 0.1546  data_time: 0.0110  memory: 8506  grad_norm: 1.7425  loss: 0.1745  decode.loss_ce: 0.1243  decode.acc_seg: 91.3892  aux.loss_ce: 0.0502  aux.acc_seg: 90.6369
2026/05/14 17:13:25 - mmengine - INFO - Exp name: large_weijie_ddhr_1xb4_80k_3e-4_dp20_ld90_20260514_165425
2026/05/14 17:13:25 - mmengine - INFO - Iter(train) [ 7000/80000]  lr: 2.9407e-06  eta: 3:01:40  time: 0.1547  data_time: 0.0106  memory: 8506  grad_norm: 1.4570  loss: 0.1843  decode.loss_ce: 0.1317  decode.acc_seg: 88.8230  aux.loss_ce: 0.0526  aux.acc_seg: 88.8435
2026/05/14 17:13:55 - mmengine - INFO - Iter(train) [ 7200/80000]  lr: 2.9326e-06  eta: 3:01:19  time: 0.1535  data_time: 0.0109  memory: 8506  grad_norm: 2.0205  loss: 0.2113  decode.loss_ce: 0.1519  decode.acc_seg: 76.4268  aux.loss_ce: 0.0594  aux.acc_seg: 77.9130
2026/05/14 17:14:26 - mmengine - INFO - Iter(train) [ 7400/80000]  lr: 2.9246e-06  eta: 3:00:59  time: 0.1549  data_time: 0.0109  memory: 8506  grad_norm: 2.1990  loss: 0.1773  decode.loss_ce: 0.1304  decode.acc_seg: 91.5640  aux.loss_ce: 0.0468  aux.acc_seg: 91.5285
2026/05/14 17:14:57 - mmengine - INFO - Iter(train) [ 7600/80000]  lr: 2.9165e-06  eta: 3:00:33  time: 0.1547  data_time: 0.0107  memory: 8506  grad_norm: 1.3808  loss: 0.1288  decode.loss_ce: 0.0919  decode.acc_seg: 82.4943  aux.loss_ce: 0.0368  aux.acc_seg: 81.2408
2026/05/14 17:15:25 - mmengine - INFO - Iter(train) [ 7800/80000]  lr: 2.9085e-06  eta: 2:59:48  time: 0.1528  data_time: 0.0091  memory: 8506  grad_norm: 1.8229  loss: 0.1494  decode.loss_ce: 0.1073  decode.acc_seg: 93.7738  aux.loss_ce: 0.0421  aux.acc_seg: 94.7040
2026/05/14 17:15:55 - mmengine - INFO - Exp name: large_weijie_ddhr_1xb4_80k_3e-4_dp20_ld90_20260514_165425
2026/05/14 17:15:55 - mmengine - INFO - Iter(train) [ 8000/80000]  lr: 2.9004e-06  eta: 2:59:16  time: 0.1469  data_time: 0.0089  memory: 8506  grad_norm: 2.0219  loss: 0.2071  decode.loss_ce: 0.1485  decode.acc_seg: 95.7010  aux.loss_ce: 0.0586  aux.acc_seg: 95.6391
2026/05/14 17:15:55 - mmengine - INFO - Saving checkpoint at 8000 iterations
2026/05/14 17:16:08 - mmengine - INFO - Iter(val) [ 200/3086]    eta: 0:01:16  time: 0.0226  data_time: 0.0015  memory: 4439  
2026/05/14 17:16:13 - mmengine - INFO - Iter(val) [ 400/3086]    eta: 0:01:07  time: 0.0211  data_time: 0.0014  memory: 4439  
2026/05/14 17:16:18 - mmengine - INFO - Iter(val) [ 600/3086]    eta: 0:00:59  time: 0.0216  data_time: 0.0014  memory: 4439  
2026/05/14 17:16:22 - mmengine - INFO - Iter(val) [ 800/3086]    eta: 0:00:54  time: 0.0304  data_time: 0.0019  memory: 4439  
2026/05/14 17:16:27 - mmengine - INFO - Iter(val) [1000/3086]    eta: 0:00:50  time: 0.0302  data_time: 0.0018  memory: 4439  
2026/05/14 17:16:32 - mmengine - INFO - Iter(val) [1200/3086]    eta: 0:00:45  time: 0.0213  data_time: 0.0015  memory: 4439  
2026/05/14 17:16:37 - mmengine - INFO - Iter(val) [1400/3086]    eta: 0:00:40  time: 0.0220  data_time: 0.0017  memory: 4439  
2026/05/14 17:16:41 - mmengine - INFO - Iter(val) [1600/3086]    eta: 0:00:35  time: 0.0225  data_time: 0.0016  memory: 4439  
2026/05/14 17:16:46 - mmengine - INFO - Iter(val) [1800/3086]    eta: 0:00:30  time: 0.0230  data_time: 0.0015  memory: 4439  
2026/05/14 17:16:51 - mmengine - INFO - Iter(val) [2000/3086]    eta: 0:00:25  time: 0.0228  data_time: 0.0014  memory: 4439  
2026/05/14 17:16:56 - mmengine - INFO - Iter(val) [2200/3086]    eta: 0:00:21  time: 0.0306  data_time: 0.0019  memory: 4439  
2026/05/14 17:17:01 - mmengine - INFO - Iter(val) [2400/3086]    eta: 0:00:16  time: 0.0228  data_time: 0.0015  memory: 4439  
2026/05/14 17:17:05 - mmengine - INFO - Iter(val) [2600/3086]    eta: 0:00:11  time: 0.0237  data_time: 0.0015  memory: 4439  
2026/05/14 17:17:10 - mmengine - INFO - Iter(val) [2800/3086]    eta: 0:00:06  time: 0.0234  data_time: 0.0015  memory: 4439  
2026/05/14 17:17:14 - mmengine - INFO - Iter(val) [3000/3086]    eta: 0:00:02  time: 0.0241  data_time: 0.0014  memory: 4439  
2026/05/14 17:17:16 - mmengine - INFO - per class results:
2026/05/14 17:17:16 - mmengine - INFO - 
+----------+-------+-------+--------+-----------+--------+
|  Class   |  IoU  |  Acc  | Fscore | Precision | Recall |
+----------+-------+-------+--------+-----------+--------+
| Building | 84.56 | 90.92 | 91.64  |   92.36   | 90.92  |
|   Road   | 33.13 | 41.64 | 49.78  |   61.86   | 41.64  |
| Greenery | 72.23 | 83.51 | 83.88  |   84.25   | 83.51  |
|  Water   | 96.33 | 97.97 | 98.13  |    98.3   | 97.97  |
| Farmland | 64.02 | 86.49 | 78.06  |   71.14   | 86.49  |
+----------+-------+-------+--------+-----------+--------+
2026/05/14 17:17:16 - mmengine - INFO - Iter(val) [3086/3086]  aAcc: 87.0800  mIoU: 70.0600  mAcc: 80.1000  mFscore: 80.3000  mPrecision: 81.5800  mRecall: 80.1000  Kappa: 37.9200  data_time: 0.0015  time: 0.0240
2026/05/14 17:17:17 - mmengine - INFO - The previous best checkpoint /root/det/work_dirs/large_weijie_ddhr_1xb4_80k_6e-4/best_aAcc_iter_4000.pth is removed
2026/05/14 17:17:20 - mmengine - INFO - The best checkpoint with 87.0800 aAcc at 8000 iter is saved to best_aAcc_iter_8000.pth.
2026/05/14 17:17:49 - mmengine - INFO - Iter(train) [ 8200/80000]  lr: 2.8923e-06  eta: 2:59:06  time: 0.1358  data_time: 0.0085  memory: 8506  grad_norm: 1.7851  loss: 0.1644  decode.loss_ce: 0.1181  decode.acc_seg: 93.1706  aux.loss_ce: 0.0464  aux.acc_seg: 92.6827
2026/05/14 17:18:17 - mmengine - INFO - Iter(train) [ 8400/80000]  lr: 2.8843e-06  eta: 2:58:23  time: 0.1383  data_time: 0.0086  memory: 8506  grad_norm: 1.8650  loss: 0.1836  decode.loss_ce: 0.1309  decode.acc_seg: 92.0838  aux.loss_ce: 0.0527  aux.acc_seg: 91.3532
2026/05/14 17:18:48 - mmengine - INFO - Iter(train) [ 8600/80000]  lr: 2.8762e-06  eta: 2:57:58  time: 0.1528  data_time: 0.0109  memory: 8506  grad_norm: 2.3663  loss: 0.2022  decode.loss_ce: 0.1449  decode.acc_seg: 94.1469  aux.loss_ce: 0.0572  aux.acc_seg: 94.0021
2026/05/14 17:19:18 - mmengine - INFO - Iter(train) [ 8800/80000]  lr: 2.8682e-06  eta: 2:57:35  time: 0.1526  data_time: 0.0107  memory: 8506  grad_norm: 1.5257  loss: 0.2075  decode.loss_ce: 0.1499  decode.acc_seg: 80.9702  aux.loss_ce: 0.0576  aux.acc_seg: 82.1028
2026/05/14 17:19:49 - mmengine - INFO - Exp name: large_weijie_ddhr_1xb4_80k_3e-4_dp20_ld90_20260514_165425
2026/05/14 17:19:49 - mmengine - INFO - Iter(train) [ 9000/80000]  lr: 2.8601e-06  eta: 2:57:11  time: 0.1528  data_time: 0.0109  memory: 8506  grad_norm: 3.2183  loss: 0.1773  decode.loss_ce: 0.1243  decode.acc_seg: 88.7137  aux.loss_ce: 0.0529  aux.acc_seg: 87.8134
2026/05/14 17:20:20 - mmengine - INFO - Iter(train) [ 9200/80000]  lr: 2.8521e-06  eta: 2:56:47  time: 0.1541  data_time: 0.0109  memory: 8506  grad_norm: 4.8719  loss: 0.2862  decode.loss_ce: 0.2086  decode.acc_seg: 65.9438  aux.loss_ce: 0.0776  aux.acc_seg: 66.8917
2026/05/14 17:20:51 - mmengine - INFO - Iter(train) [ 9400/80000]  lr: 2.8440e-06  eta: 2:56:25  time: 0.1563  data_time: 0.0113  memory: 8506  grad_norm: 1.7101  loss: 0.2179  decode.loss_ce: 0.1540  decode.acc_seg: 86.1035  aux.loss_ce: 0.0640  aux.acc_seg: 84.6833
2026/05/14 17:21:21 - mmengine - INFO - Iter(train) [ 9600/80000]  lr: 2.8360e-06  eta: 2:56:00  time: 0.1541  data_time: 0.0111  memory: 8506  grad_norm: 2.7859  loss: 0.2340  decode.loss_ce: 0.1644  decode.acc_seg: 96.2757  aux.loss_ce: 0.0696  aux.acc_seg: 96.1147
2026/05/14 17:21:52 - mmengine - INFO - Iter(train) [ 9800/80000]  lr: 2.8279e-06  eta: 2:55:33  time: 0.1464  data_time: 0.0101  memory: 8506  grad_norm: 1.3234  loss: 0.1270  decode.loss_ce: 0.0906  decode.acc_seg: 98.7633  aux.loss_ce: 0.0364  aux.acc_seg: 98.7633
2026/05/14 17:22:20 - mmengine - INFO - Exp name: large_weijie_ddhr_1xb4_80k_3e-4_dp20_ld90_20260514_165425
2026/05/14 17:22:20 - mmengine - INFO - Iter(train) [10000/80000]  lr: 2.8198e-06  eta: 2:54:52  time: 0.1356  data_time: 0.0084  memory: 8506  grad_norm: 1.6714  loss: 0.1575  decode.loss_ce: 0.1135  decode.acc_seg: 84.0278  aux.loss_ce: 0.0440  aux.acc_seg: 86.4087
2026/05/14 17:22:50 - mmengine - INFO - Iter(train) [10200/80000]  lr: 2.8118e-06  eta: 2:54:22  time: 0.1530  data_time: 0.0107  memory: 8506  grad_norm: 1.7406  loss: 0.1382  decode.loss_ce: 0.0993  decode.acc_seg: 88.9069  aux.loss_ce: 0.0389  aux.acc_seg: 89.5834
2026/05/14 17:23:21 - mmengine - INFO - Iter(train) [10400/80000]  lr: 2.8037e-06  eta: 2:53:57  time: 0.1527  data_time: 0.0111  memory: 8506  grad_norm: 4.8787  loss: 0.1693  decode.loss_ce: 0.1221  decode.acc_seg: 82.1812  aux.loss_ce: 0.0472  aux.acc_seg: 82.3220
2026/05/14 17:23:50 - mmengine - INFO - Iter(train) [10600/80000]  lr: 2.7957e-06  eta: 2:53:23  time: 0.1527  data_time: 0.0107  memory: 8506  grad_norm: 2.7248  loss: 0.1397  decode.loss_ce: 0.1005  decode.acc_seg: 88.2093  aux.loss_ce: 0.0392  aux.acc_seg: 87.6801
2026/05/14 17:24:21 - mmengine - INFO - Iter(train) [10800/80000]  lr: 2.7876e-06  eta: 2:52:57  time: 0.1534  data_time: 0.0110  memory: 8506  grad_norm: 2.5572  loss: 0.1677  decode.loss_ce: 0.1193  decode.acc_seg: 92.0376  aux.loss_ce: 0.0484  aux.acc_seg: 90.7608
2026/05/14 17:24:51 - mmengine - INFO - Exp name: large_weijie_ddhr_1xb4_80k_3e-4_dp20_ld90_20260514_165425
2026/05/14 17:24:51 - mmengine - INFO - Iter(train) [11000/80000]  lr: 2.7796e-06  eta: 2:52:29  time: 0.1541  data_time: 0.0107  memory: 8506  grad_norm: 4.2240  loss: 0.1640  decode.loss_ce: 0.1184  decode.acc_seg: 89.2925  aux.loss_ce: 0.0456  aux.acc_seg: 91.0214
2026/05/14 17:25:22 - mmengine - INFO - Iter(train) [11200/80000]  lr: 2.7715e-06  eta: 2:52:03  time: 0.1663  data_time: 0.0109  memory: 8506  grad_norm: 2.0429  loss: 0.1815  decode.loss_ce: 0.1293  decode.acc_seg: 93.7952  aux.loss_ce: 0.0522  aux.acc_seg: 93.7802
2026/05/14 17:25:53 - mmengine - INFO - Iter(train) [11400/80000]  lr: 2.7634e-06  eta: 2:51:37  time: 0.1550  data_time: 0.0116  memory: 8506  grad_norm: 4.6885  loss: 0.1908  decode.loss_ce: 0.1368  decode.acc_seg: 90.4732  aux.loss_ce: 0.0541  aux.acc_seg: 89.9397
2026/05/14 17:26:22 - mmengine - INFO - Iter(train) [11600/80000]  lr: 2.7554e-06  eta: 2:51:03  time: 0.1356  data_time: 0.0083  memory: 8506  grad_norm: 1.6618  loss: 0.1393  decode.loss_ce: 0.0998  decode.acc_seg: 82.3014  aux.loss_ce: 0.0394  aux.acc_seg: 81.3284
2026/05/14 17:26:53 - mmengine - INFO - Iter(train) [11800/80000]  lr: 2.7473e-06  eta: 2:50:36  time: 0.1523  data_time: 0.0108  memory: 8506  grad_norm: 1.9254  loss: 0.1292  decode.loss_ce: 0.0927  decode.acc_seg: 72.3111  aux.loss_ce: 0.0365  aux.acc_seg: 72.6769
2026/05/14 17:27:22 - mmengine - INFO - Exp name: large_weijie_ddhr_1xb4_80k_3e-4_dp20_ld90_20260514_165425
2026/05/14 17:27:22 - mmengine - INFO - Iter(train) [12000/80000]  lr: 2.7393e-06  eta: 2:50:00  time: 0.1432  data_time: 0.0090  memory: 8506  grad_norm: 1.4465  loss: 0.1064  decode.loss_ce: 0.0770  decode.acc_seg: 87.6918  aux.loss_ce: 0.0294  aux.acc_seg: 89.9273
2026/05/14 17:27:22 - mmengine - INFO - Saving checkpoint at 12000 iterations
2026/05/14 17:27:34 - mmengine - INFO - Iter(val) [ 200/3086]    eta: 0:01:04  time: 0.0221  data_time: 0.0015  memory: 4439  
2026/05/14 17:27:39 - mmengine - INFO - Iter(val) [ 400/3086]    eta: 0:00:59  time: 0.0212  data_time: 0.0014  memory: 4439  
2026/05/14 17:27:43 - mmengine - INFO - Iter(val) [ 600/3086]    eta: 0:00:54  time: 0.0212  data_time: 0.0014  memory: 4439  
2026/05/14 17:27:47 - mmengine - INFO - Iter(val) [ 800/3086]    eta: 0:00:50  time: 0.0224  data_time: 0.0015  memory: 4439  
2026/05/14 17:27:52 - mmengine - INFO - Iter(val) [1000/3086]    eta: 0:00:46  time: 0.0228  data_time: 0.0015  memory: 4439  
2026/05/14 17:27:56 - mmengine - INFO - Iter(val) [1200/3086]    eta: 0:00:41  time: 0.0220  data_time: 0.0015  memory: 4439  
2026/05/14 17:28:01 - mmengine - INFO - Iter(val) [1400/3086]    eta: 0:00:37  time: 0.0222  data_time: 0.0015  memory: 4439  
2026/05/14 17:28:05 - mmengine - INFO - Iter(val) [1600/3086]    eta: 0:00:33  time: 0.0222  data_time: 0.0015  memory: 4439  
2026/05/14 17:28:10 - mmengine - INFO - Iter(val) [1800/3086]    eta: 0:00:28  time: 0.0220  data_time: 0.0015  memory: 4439  
2026/05/14 17:28:15 - mmengine - INFO - Iter(val) [2000/3086]    eta: 0:00:24  time: 0.0232  data_time: 0.0015  memory: 4439  
2026/05/14 17:28:19 - mmengine - INFO - Iter(val) [2200/3086]    eta: 0:00:19  time: 0.0221  data_time: 0.0015  memory: 4439  
2026/05/14 17:28:23 - mmengine - INFO - Iter(val) [2400/3086]    eta: 0:00:15  time: 0.0217  data_time: 0.0014  memory: 4439  
2026/05/14 17:28:28 - mmengine - INFO - Iter(val) [2600/3086]    eta: 0:00:10  time: 0.0224  data_time: 0.0015  memory: 4439  
2026/05/14 17:28:33 - mmengine - INFO - Iter(val) [2800/3086]    eta: 0:00:06  time: 0.0302  data_time: 0.0018  memory: 4439  
2026/05/14 17:28:38 - mmengine - INFO - Iter(val) [3000/3086]    eta: 0:00:01  time: 0.0221  data_time: 0.0015  memory: 4439  
2026/05/14 17:28:40 - mmengine - INFO - per class results:
2026/05/14 17:28:40 - mmengine - INFO - 
+----------+-------+-------+--------+-----------+--------+
|  Class   |  IoU  |  Acc  | Fscore | Precision | Recall |
+----------+-------+-------+--------+-----------+--------+
| Building | 86.01 | 92.15 | 92.48  |   92.81   | 92.15  |
|   Road   | 39.49 | 52.46 | 56.62  |   61.49   | 52.46  |
| Greenery | 76.39 | 89.54 | 86.62  |   83.88   | 89.54  |
|  Water   | 97.05 | 98.48 |  98.5  |   98.52   | 98.48  |
| Farmland | 64.01 | 76.29 | 78.05  |    79.9   | 76.29  |
+----------+-------+-------+--------+-----------+--------+
2026/05/14 17:28:40 - mmengine - INFO - Iter(val) [3086/3086]  aAcc: 88.4700  mIoU: 72.5900  mAcc: 81.7800  mFscore: 82.4500  mPrecision: 83.3200  mRecall: 81.7800  Kappa: 42.7800  data_time: 0.0014  time: 0.0224
2026/05/14 17:28:40 - mmengine - INFO - The previous best checkpoint /root/det/work_dirs/large_weijie_ddhr_1xb4_80k_6e-4/best_aAcc_iter_8000.pth is removed
2026/05/14 17:28:44 - mmengine - INFO - The best checkpoint with 88.4700 aAcc at 12000 iter is saved to best_aAcc_iter_12000.pth.
2026/05/14 17:29:13 - mmengine - INFO - Iter(train) [12200/80000]  lr: 2.7312e-06  eta: 2:49:47  time: 0.1527  data_time: 0.0109  memory: 8506  grad_norm: 3.3212  loss: 0.1605  decode.loss_ce: 0.1158  decode.acc_seg: 97.7566  aux.loss_ce: 0.0447  aux.acc_seg: 97.8203
2026/05/14 17:29:43 - mmengine - INFO - Iter(train) [12400/80000]  lr: 2.7232e-06  eta: 2:49:19  time: 0.1414  data_time: 0.0086  memory: 8506  grad_norm: 1.0646  loss: 0.0769  decode.loss_ce: 0.0555  decode.acc_seg: 85.9269  aux.loss_ce: 0.0215  aux.acc_seg: 85.6306
2026/05/14 17:30:13 - mmengine - INFO - Iter(train) [12600/80000]  lr: 2.7151e-06  eta: 2:48:48  time: 0.1551  data_time: 0.0113  memory: 8506  grad_norm: 2.4172  loss: 0.1323  decode.loss_ce: 0.0937  decode.acc_seg: 91.5871  aux.loss_ce: 0.0385  aux.acc_seg: 91.7017
2026/05/14 17:30:44 - mmengine - INFO - Iter(train) [12800/80000]  lr: 2.7070e-06  eta: 2:48:24  time: 0.1539  data_time: 0.0110  memory: 8506  grad_norm: 2.5093  loss: 0.1591  decode.loss_ce: 0.1147  decode.acc_seg: 91.6063  aux.loss_ce: 0.0444  aux.acc_seg: 91.3615
2026/05/14 17:31:15 - mmengine - INFO - Exp name: large_weijie_ddhr_1xb4_80k_3e-4_dp20_ld90_20260514_165425
2026/05/14 17:31:15 - mmengine - INFO - Iter(train) [13000/80000]  lr: 2.6990e-06  eta: 2:47:58  time: 0.1535  data_time: 0.0110  memory: 8506  grad_norm: 1.6991  loss: 0.1315  decode.loss_ce: 0.0955  decode.acc_seg: 92.7339  aux.loss_ce: 0.0360  aux.acc_seg: 92.6704
2026/05/14 17:31:46 - mmengine - INFO - Iter(train) [13200/80000]  lr: 2.6909e-06  eta: 2:47:30  time: 0.1358  data_time: 0.0088  memory: 8506  grad_norm: 1.2852  loss: 0.0923  decode.loss_ce: 0.0661  decode.acc_seg: 94.4274  aux.loss_ce: 0.0262  aux.acc_seg: 93.3513
2026/05/14 17:32:14 - mmengine - INFO - Iter(train) [13400/80000]  lr: 2.6829e-06  eta: 2:46:51  time: 0.1499  data_time: 0.0091  memory: 8506  grad_norm: 1.4585  loss: 0.1055  decode.loss_ce: 0.0757  decode.acc_seg: 76.8922  aux.loss_ce: 0.0298  aux.acc_seg: 77.3945
2026/05/14 17:32:44 - mmengine - INFO - Iter(train) [13600/80000]  lr: 2.6748e-06  eta: 2:46:22  time: 0.1363  data_time: 0.0088  memory: 8506  grad_norm: 1.7456  loss: 0.1267  decode.loss_ce: 0.0917  decode.acc_seg: 93.9979  aux.loss_ce: 0.0350  aux.acc_seg: 94.0522
2026/05/14 17:33:13 - mmengine - INFO - Iter(train) [13800/80000]  lr: 2.6668e-06  eta: 2:45:45  time: 0.1444  data_time: 0.0085  memory: 8506  grad_norm: 1.8561  loss: 0.1329  decode.loss_ce: 0.0951  decode.acc_seg: 90.9512  aux.loss_ce: 0.0377  aux.acc_seg: 90.9905
2026/05/14 17:33:41 - mmengine - INFO - Exp name: large_weijie_ddhr_1xb4_80k_3e-4_dp20_ld90_20260514_165425
2026/05/14 17:33:41 - mmengine - INFO - Iter(train) [14000/80000]  lr: 2.6587e-06  eta: 2:45:04  time: 0.1431  data_time: 0.0080  memory: 8506  grad_norm: 1.4358  loss: 0.1153  decode.loss_ce: 0.0820  decode.acc_seg: 86.3716  aux.loss_ce: 0.0333  aux.acc_seg: 85.9262
2026/05/14 17:34:09 - mmengine - INFO - Iter(train) [14200/80000]  lr: 2.6506e-06  eta: 2:44:26  time: 0.1420  data_time: 0.0080  memory: 8506  grad_norm: 1.6871  loss: 0.1091  decode.loss_ce: 0.0788  decode.acc_seg: 89.6843  aux.loss_ce: 0.0304  aux.acc_seg: 94.0039
2026/05/14 17:34:37 - mmengine - INFO - Iter(train) [14400/80000]  lr: 2.6426e-06  eta: 2:43:49  time: 0.1426  data_time: 0.0080  memory: 8506  grad_norm: 0.8589  loss: 0.0834  decode.loss_ce: 0.0593  decode.acc_seg: 87.5725  aux.loss_ce: 0.0241  aux.acc_seg: 90.0939
2026/05/14 17:35:06 - mmengine - INFO - Iter(train) [14600/80000]  lr: 2.6345e-06  eta: 2:43:13  time: 0.1489  data_time: 0.0100  memory: 8506  grad_norm: 1.1192  loss: 0.0775  decode.loss_ce: 0.0557  decode.acc_seg: 98.4203  aux.loss_ce: 0.0218  aux.acc_seg: 98.4423
2026/05/14 17:35:35 - mmengine - INFO - Iter(train) [14800/80000]  lr: 2.6265e-06  eta: 2:42:37  time: 0.1653  data_time: 0.0131  memory: 8506  grad_norm: 2.1570  loss: 0.1002  decode.loss_ce: 0.0715  decode.acc_seg: 92.5734  aux.loss_ce: 0.0286  aux.acc_seg: 92.7691
2026/05/14 17:36:04 - mmengine - INFO - Exp name: large_weijie_ddhr_1xb4_80k_3e-4_dp20_ld90_20260514_165425
2026/05/14 17:36:04 - mmengine - INFO - Iter(train) [15000/80000]  lr: 2.6184e-06  eta: 2:42:03  time: 0.1335  data_time: 0.0075  memory: 8506  grad_norm: 1.1122  loss: 0.1019  decode.loss_ce: 0.0723  decode.acc_seg: 99.7515  aux.loss_ce: 0.0297  aux.acc_seg: 99.7032
2026/05/14 17:36:31 - mmengine - INFO - Iter(train) [15200/80000]  lr: 2.6104e-06  eta: 2:41:23  time: 0.1389  data_time: 0.0078  memory: 8506  grad_norm: 1.2431  loss: 0.0778  decode.loss_ce: 0.0563  decode.acc_seg: 79.0092  aux.loss_ce: 0.0214  aux.acc_seg: 78.7722
2026/05/14 17:36:59 - mmengine - INFO - Iter(train) [15400/80000]  lr: 2.6023e-06  eta: 2:40:44  time: 0.1405  data_time: 0.0077  memory: 8506  grad_norm: 1.5311  loss: 0.1037  decode.loss_ce: 0.0738  decode.acc_seg: 92.4517  aux.loss_ce: 0.0299  aux.acc_seg: 92.1708
2026/05/14 17:37:26 - mmengine - INFO - Iter(train) [15600/80000]  lr: 2.5943e-06  eta: 2:40:05  time: 0.1417  data_time: 0.0078  memory: 8506  grad_norm: 0.8181  loss: 0.0815  decode.loss_ce: 0.0580  decode.acc_seg: 94.5649  aux.loss_ce: 0.0235  aux.acc_seg: 95.2940
2026/05/14 17:37:54 - mmengine - INFO - Iter(train) [15800/80000]  lr: 2.5862e-06  eta: 2:39:28  time: 0.1385  data_time: 0.0077  memory: 8506  grad_norm: 1.2627  loss: 0.0996  decode.loss_ce: 0.0711  decode.acc_seg: 89.1559  aux.loss_ce: 0.0285  aux.acc_seg: 88.7179
2026/05/14 17:38:23 - mmengine - INFO - Exp name: large_weijie_ddhr_1xb4_80k_3e-4_dp20_ld90_20260514_165425
2026/05/14 17:38:23 - mmengine - INFO - Iter(train) [16000/80000]  lr: 2.5781e-06  eta: 2:38:54  time: 0.1485  data_time: 0.0100  memory: 8506  grad_norm: 0.8405  loss: 0.0690  decode.loss_ce: 0.0500  decode.acc_seg: 94.1647  aux.loss_ce: 0.0191  aux.acc_seg: 94.0596
2026/05/14 17:38:23 - mmengine - INFO - Saving checkpoint at 16000 iterations
2026/05/14 17:38:36 - mmengine - INFO - Iter(val) [ 200/3086]    eta: 0:01:02  time: 0.0217  data_time: 0.0013  memory: 4439  
2026/05/14 17:38:41 - mmengine - INFO - Iter(val) [ 400/3086]    eta: 0:00:58  time: 0.0211  data_time: 0.0014  memory: 4439  
2026/05/14 17:38:45 - mmengine - INFO - Iter(val) [ 600/3086]    eta: 0:00:53  time: 0.0210  data_time: 0.0014  memory: 4439  
2026/05/14 17:38:49 - mmengine - INFO - Iter(val) [ 800/3086]    eta: 0:00:49  time: 0.0216  data_time: 0.0014  memory: 4439  
2026/05/14 17:38:53 - mmengine - INFO - Iter(val) [1000/3086]    eta: 0:00:44  time: 0.0216  data_time: 0.0014  memory: 4439  
2026/05/14 17:38:58 - mmengine - INFO - Iter(val) [1200/3086]    eta: 0:00:40  time: 0.0210  data_time: 0.0014  memory: 4439  
2026/05/14 17:39:02 - mmengine - INFO - Iter(val) [1400/3086]    eta: 0:00:36  time: 0.0228  data_time: 0.0013  memory: 4439  
2026/05/14 17:39:07 - mmengine - INFO - Iter(val) [1600/3086]    eta: 0:00:32  time: 0.0217  data_time: 0.0014  memory: 4439  
2026/05/14 17:39:11 - mmengine - INFO - Iter(val) [1800/3086]    eta: 0:00:27  time: 0.0216  data_time: 0.0013  memory: 4439  
2026/05/14 17:39:15 - mmengine - INFO - Iter(val) [2000/3086]    eta: 0:00:23  time: 0.0219  data_time: 0.0014  memory: 4439  
2026/05/14 17:39:20 - mmengine - INFO - Iter(val) [2200/3086]    eta: 0:00:19  time: 0.0224  data_time: 0.0014  memory: 4439  
2026/05/14 17:39:24 - mmengine - INFO - Iter(val) [2400/3086]    eta: 0:00:14  time: 0.0215  data_time: 0.0013  memory: 4439  
2026/05/14 17:39:28 - mmengine - INFO - Iter(val) [2600/3086]    eta: 0:00:10  time: 0.0218  data_time: 0.0014  memory: 4439  
2026/05/14 17:39:33 - mmengine - INFO - Iter(val) [2800/3086]    eta: 0:00:06  time: 0.0216  data_time: 0.0013  memory: 4439  
2026/05/14 17:39:37 - mmengine - INFO - Iter(val) [3000/3086]    eta: 0:00:01  time: 0.0218  data_time: 0.0013  memory: 4439  
2026/05/14 17:39:39 - mmengine - INFO - per class results:
2026/05/14 17:39:39 - mmengine - INFO - 
+----------+-------+-------+--------+-----------+--------+
|  Class   |  IoU  |  Acc  | Fscore | Precision | Recall |
+----------+-------+-------+--------+-----------+--------+
| Building | 85.83 |  91.7 | 92.38  |   93.06   |  91.7  |
|   Road   | 46.23 | 56.43 | 63.23  |   71.88   | 56.43  |
| Greenery | 76.36 | 87.01 |  86.6  |   86.19   | 87.01  |
|  Water   | 96.63 |  97.2 | 98.29  |   99.39   |  97.2  |
| Farmland |  68.8 | 87.66 | 81.52  |   76.18   | 87.66  |
+----------+-------+-------+--------+-----------+--------+
2026/05/14 17:39:39 - mmengine - INFO - Iter(val) [3086/3086]  aAcc: 89.0600  mIoU: 74.7700  mAcc: 84.0000  mFscore: 84.4000  mPrecision: 85.3400  mRecall: 84.0000  Kappa: 42.2000  data_time: 0.0011  time: 0.0222
2026/05/14 17:39:39 - mmengine - INFO - The previous best checkpoint /root/det/work_dirs/large_weijie_ddhr_1xb4_80k_6e-4/best_aAcc_iter_12000.pth is removed
2026/05/14 17:39:43 - mmengine - INFO - The best checkpoint with 89.0600 aAcc at 16000 iter is saved to best_aAcc_iter_16000.pth.
2026/05/14 17:40:12 - mmengine - INFO - Iter(train) [16200/80000]  lr: 2.5701e-06  eta: 2:38:35  time: 0.1431  data_time: 0.0079  memory: 8506  grad_norm: 1.9803  loss: 0.1266  decode.loss_ce: 0.0912  decode.acc_seg: 93.5259  aux.loss_ce: 0.0354  aux.acc_seg: 92.9992
2026/05/14 17:40:40 - mmengine - INFO - Iter(train) [16400/80000]  lr: 2.5620e-06  eta: 2:38:02  time: 0.1619  data_time: 0.0124  memory: 8506  grad_norm: 1.1129  loss: 0.0973  decode.loss_ce: 0.0695  decode.acc_seg: 86.3703  aux.loss_ce: 0.0278  aux.acc_seg: 87.1557
2026/05/14 17:41:10 - mmengine - INFO - Iter(train) [16600/80000]  lr: 2.5540e-06  eta: 2:37:29  time: 0.1413  data_time: 0.0077  memory: 8506  grad_norm: 1.6950  loss: 0.1135  decode.loss_ce: 0.0817  decode.acc_seg: 90.5017  aux.loss_ce: 0.0318  aux.acc_seg: 91.6544
2026/05/14 17:41:38 - mmengine - INFO - Iter(train) [16800/80000]  lr: 2.5459e-06  eta: 2:36:52  time: 0.1418  data_time: 0.0080  memory: 8506  grad_norm: 1.7978  loss: 0.1304  decode.loss_ce: 0.0929  decode.acc_seg: 89.1318  aux.loss_ce: 0.0375  aux.acc_seg: 88.9107
2026/05/14 17:42:06 - mmengine - INFO - Exp name: large_weijie_ddhr_1xb4_80k_3e-4_dp20_ld90_20260514_165425
2026/05/14 17:42:06 - mmengine - INFO - Iter(train) [17000/80000]  lr: 2.5379e-06  eta: 2:36:17  time: 0.1333  data_time: 0.0078  memory: 8506  grad_norm: 1.3019  loss: 0.1215  decode.loss_ce: 0.0872  decode.acc_seg: 92.0667  aux.loss_ce: 0.0343  aux.acc_seg: 92.4216
2026/05/14 17:42:35 - mmengine - INFO - Iter(train) [17200/80000]  lr: 2.5298e-06  eta: 2:35:46  time: 0.1508  data_time: 0.0103  memory: 8506  grad_norm: 2.6222  loss: 0.1139  decode.loss_ce: 0.0811  decode.acc_seg: 77.9244  aux.loss_ce: 0.0328  aux.acc_seg: 77.4340
2026/05/14 17:43:05 - mmengine - INFO - Iter(train) [17400/80000]  lr: 2.5217e-06  eta: 2:35:17  time: 0.1501  data_time: 0.0102  memory: 8506  grad_norm: 1.1709  loss: 0.0892  decode.loss_ce: 0.0627  decode.acc_seg: 93.6259  aux.loss_ce: 0.0265  aux.acc_seg: 94.3785
2026/05/14 17:43:35 - mmengine - INFO - Iter(train) [17600/80000]  lr: 2.5137e-06  eta: 2:34:48  time: 0.1498  data_time: 0.0101  memory: 8506  grad_norm: 1.4183  loss: 0.1028  decode.loss_ce: 0.0728  decode.acc_seg: 91.8000  aux.loss_ce: 0.0300  aux.acc_seg: 91.2947
2026/05/14 17:44:06 - mmengine - INFO - Iter(train) [17800/80000]  lr: 2.5056e-06  eta: 2:34:20  time: 0.1565  data_time: 0.0109  memory: 8506  grad_norm: 0.9852  loss: 0.0636  decode.loss_ce: 0.0453  decode.acc_seg: 98.4979  aux.loss_ce: 0.0183  aux.acc_seg: 98.3974
2026/05/14 17:44:36 - mmengine - INFO - Exp name: large_weijie_ddhr_1xb4_80k_3e-4_dp20_ld90_20260514_165425
2026/05/14 17:44:36 - mmengine - INFO - Iter(train) [18000/80000]  lr: 2.4976e-06  eta: 2:33:52  time: 0.1368  data_time: 0.0085  memory: 8506  grad_norm: 1.4695  loss: 0.0991  decode.loss_ce: 0.0701  decode.acc_seg: 92.1775  aux.loss_ce: 0.0290  aux.acc_seg: 92.6115
2026/05/14 17:45:04 - mmengine - INFO - Iter(train) [18200/80000]  lr: 2.4895e-06  eta: 2:33:17  time: 0.1484  data_time: 0.0096  memory: 8506  grad_norm: 1.3476  loss: 0.0892  decode.loss_ce: 0.0630  decode.acc_seg: 98.3747  aux.loss_ce: 0.0262  aux.acc_seg: 98.3904
2026/05/14 17:45:32 - mmengine - INFO - Iter(train) [18400/80000]  lr: 2.4815e-06  eta: 2:32:42  time: 0.1399  data_time: 0.0090  memory: 8506  grad_norm: 1.0488  loss: 0.0720  decode.loss_ce: 0.0509  decode.acc_seg: 91.0278  aux.loss_ce: 0.0211  aux.acc_seg: 90.4069
2026/05/14 17:46:03 - mmengine - INFO - Iter(train) [18600/80000]  lr: 2.4734e-06  eta: 2:32:15  time: 0.1585  data_time: 0.0112  memory: 8506  grad_norm: 0.8644  loss: 0.0968  decode.loss_ce: 0.0688  decode.acc_seg: 94.2863  aux.loss_ce: 0.0280  aux.acc_seg: 93.2296
2026/05/14 17:46:34 - mmengine - INFO - Iter(train) [18800/80000]  lr: 2.4653e-06  eta: 2:31:49  time: 0.1532  data_time: 0.0106  memory: 8506  grad_norm: 1.4413  loss: 0.0960  decode.loss_ce: 0.0690  decode.acc_seg: 96.7338  aux.loss_ce: 0.0270  aux.acc_seg: 96.8538
2026/05/14 17:47:04 - mmengine - INFO - Exp name: large_weijie_ddhr_1xb4_80k_3e-4_dp20_ld90_20260514_165425
2026/05/14 17:47:04 - mmengine - INFO - Iter(train) [19000/80000]  lr: 2.4573e-06  eta: 2:31:21  time: 0.1529  data_time: 0.0110  memory: 8506  grad_norm: 1.1610  loss: 0.0702  decode.loss_ce: 0.0498  decode.acc_seg: 91.9189  aux.loss_ce: 0.0204  aux.acc_seg: 91.9583
2026/05/14 17:47:35 - mmengine - INFO - Iter(train) [19200/80000]  lr: 2.4492e-06  eta: 2:30:55  time: 0.1537  data_time: 0.0110  memory: 8506  grad_norm: 0.7671  loss: 0.0508  decode.loss_ce: 0.0359  decode.acc_seg: 97.2856  aux.loss_ce: 0.0149  aux.acc_seg: 97.2856
2026/05/14 17:48:06 - mmengine - INFO - Iter(train) [19400/80000]  lr: 2.4412e-06  eta: 2:30:28  time: 0.1544  data_time: 0.0111  memory: 8506  grad_norm: 1.7541  loss: 0.0794  decode.loss_ce: 0.0564  decode.acc_seg: 94.9454  aux.loss_ce: 0.0229  aux.acc_seg: 95.1471
2026/05/14 17:48:37 - mmengine - INFO - Iter(train) [19600/80000]  lr: 2.4331e-06  eta: 2:30:01  time: 0.1519  data_time: 0.0109  memory: 8506  grad_norm: 1.1328  loss: 0.0870  decode.loss_ce: 0.0626  decode.acc_seg: 99.7455  aux.loss_ce: 0.0244  aux.acc_seg: 99.6600
2026/05/14 17:49:07 - mmengine - INFO - Iter(train) [19800/80000]  lr: 2.4251e-06  eta: 2:29:34  time: 0.1526  data_time: 0.0109  memory: 8506  grad_norm: 1.7008  loss: 0.0943  decode.loss_ce: 0.0669  decode.acc_seg: 93.6459  aux.loss_ce: 0.0274  aux.acc_seg: 94.8856
2026/05/14 17:49:38 - mmengine - INFO - Exp name: large_weijie_ddhr_1xb4_80k_3e-4_dp20_ld90_20260514_165425
2026/05/14 17:49:38 - mmengine - INFO - Iter(train) [20000/80000]  lr: 2.4170e-06  eta: 2:29:07  time: 0.1524  data_time: 0.0109  memory: 8506  grad_norm: 0.7071  loss: 0.0651  decode.loss_ce: 0.0465  decode.acc_seg: 97.7335  aux.loss_ce: 0.0186  aux.acc_seg: 97.8267
2026/05/14 17:49:38 - mmengine - INFO - Saving checkpoint at 20000 iterations
2026/05/14 17:49:53 - mmengine - INFO - Iter(val) [ 200/3086]    eta: 0:01:18  time: 0.0225  data_time: 0.0014  memory: 4439  
2026/05/14 17:49:57 - mmengine - INFO - Iter(val) [ 400/3086]    eta: 0:01:06  time: 0.0217  data_time: 0.0015  memory: 4439  
2026/05/14 17:50:02 - mmengine - INFO - Iter(val) [ 600/3086]    eta: 0:00:59  time: 0.0217  data_time: 0.0014  memory: 4439  
2026/05/14 17:50:06 - mmengine - INFO - Iter(val) [ 800/3086]    eta: 0:00:53  time: 0.0229  data_time: 0.0015  memory: 4439  
2026/05/14 17:50:11 - mmengine - INFO - Iter(val) [1000/3086]    eta: 0:00:48  time: 0.0230  data_time: 0.0015  memory: 4439  
2026/05/14 17:50:15 - mmengine - INFO - Iter(val) [1200/3086]    eta: 0:00:43  time: 0.0218  data_time: 0.0015  memory: 4439  
2026/05/14 17:50:19 - mmengine - INFO - Iter(val) [1400/3086]    eta: 0:00:38  time: 0.0221  data_time: 0.0016  memory: 4439  
2026/05/14 17:50:24 - mmengine - INFO - Iter(val) [1600/3086]    eta: 0:00:34  time: 0.0222  data_time: 0.0015  memory: 4439  
2026/05/14 17:50:28 - mmengine - INFO - Iter(val) [1800/3086]    eta: 0:00:29  time: 0.0220  data_time: 0.0016  memory: 4439  
2026/05/14 17:50:33 - mmengine - INFO - Iter(val) [2000/3086]    eta: 0:00:24  time: 0.0219  data_time: 0.0014  memory: 4439  
2026/05/14 17:50:37 - mmengine - INFO - Iter(val) [2200/3086]    eta: 0:00:20  time: 0.0222  data_time: 0.0014  memory: 4439  
2026/05/14 17:50:42 - mmengine - INFO - Iter(val) [2400/3086]    eta: 0:00:15  time: 0.0218  data_time: 0.0014  memory: 4439  
2026/05/14 17:50:46 - mmengine - INFO - Iter(val) [2600/3086]    eta: 0:00:10  time: 0.0223  data_time: 0.0014  memory: 4439  
2026/05/14 17:50:51 - mmengine - INFO - Iter(val) [2800/3086]    eta: 0:00:06  time: 0.0222  data_time: 0.0014  memory: 4439  
2026/05/14 17:50:55 - mmengine - INFO - Iter(val) [3000/3086]    eta: 0:00:01  time: 0.0218  data_time: 0.0013  memory: 4439  
2026/05/14 17:50:57 - mmengine - INFO - per class results:
2026/05/14 17:50:57 - mmengine - INFO - 
+----------+-------+-------+--------+-----------+--------+
|  Class   |  IoU  |  Acc  | Fscore | Precision | Recall |
+----------+-------+-------+--------+-----------+--------+
| Building | 87.94 | 92.77 | 93.58  |   94.42   | 92.77  |
|   Road   | 49.77 | 63.24 | 66.46  |   70.03   | 63.24  |
| Greenery | 79.19 | 88.52 | 88.38  |   88.25   | 88.52  |
|  Water   |  97.4 | 98.46 | 98.68  |   98.91   | 98.46  |
| Farmland | 72.43 | 88.37 | 84.01  |   80.06   | 88.37  |
+----------+-------+-------+--------+-----------+--------+
2026/05/14 17:50:57 - mmengine - INFO - Iter(val) [3086/3086]  aAcc: 90.5100  mIoU: 77.3500  mAcc: 86.2700  mFscore: 86.2300  mPrecision: 86.3300  mRecall: 86.2700  Kappa: 51.7400  data_time: 0.0012  time: 0.0220
2026/05/14 17:50:57 - mmengine - INFO - The previous best checkpoint /root/det/work_dirs/large_weijie_ddhr_1xb4_80k_6e-4/best_aAcc_iter_16000.pth is removed
2026/05/14 17:51:01 - mmengine - INFO - The best checkpoint with 90.5100 aAcc at 20000 iter is saved to best_aAcc_iter_20000.pth.
2026/05/14 17:51:29 - mmengine - INFO - Iter(train) [20200/80000]  lr: 2.4089e-06  eta: 2:28:44  time: 0.1429  data_time: 0.0083  memory: 8506  grad_norm: 0.9753  loss: 0.0644  decode.loss_ce: 0.0450  decode.acc_seg: 97.6374  aux.loss_ce: 0.0195  aux.acc_seg: 97.5314
2026/05/14 17:51:58 - mmengine - INFO - Iter(train) [20400/80000]  lr: 2.4009e-06  eta: 2:28:10  time: 0.1419  data_time: 0.0083  memory: 8506  grad_norm: 1.2188  loss: 0.0654  decode.loss_ce: 0.0469  decode.acc_seg: 97.4171  aux.loss_ce: 0.0185  aux.acc_seg: 97.2591
2026/05/14 17:52:27 - mmengine - INFO - Iter(train) [20600/80000]  lr: 2.3928e-06  eta: 2:27:40  time: 0.1544  data_time: 0.0111  memory: 8506  grad_norm: 0.8048  loss: 0.0624  decode.loss_ce: 0.0446  decode.acc_seg: 96.6741  aux.loss_ce: 0.0178  aux.acc_seg: 96.6786
2026/05/14 17:52:58 - mmengine - INFO - Iter(train) [20800/80000]  lr: 2.3848e-06  eta: 2:27:13  time: 0.1523  data_time: 0.0110  memory: 8506  grad_norm: 1.4567  loss: 0.0877  decode.loss_ce: 0.0623  decode.acc_seg: 85.8655  aux.loss_ce: 0.0254  aux.acc_seg: 85.3898
2026/05/14 17:53:29 - mmengine - INFO - Exp name: large_weijie_ddhr_1xb4_80k_3e-4_dp20_ld90_20260514_165425
2026/05/14 17:53:29 - mmengine - INFO - Iter(train) [21000/80000]  lr: 2.3767e-06  eta: 2:26:45  time: 0.1508  data_time: 0.0106  memory: 8506  grad_norm: 1.6463  loss: 0.1018  decode.loss_ce: 0.0729  decode.acc_seg: 99.2371  aux.loss_ce: 0.0289  aux.acc_seg: 99.3497
2026/05/14 17:53:57 - mmengine - INFO - Iter(train) [21200/80000]  lr: 2.3687e-06  eta: 2:26:11  time: 0.1523  data_time: 0.0108  memory: 8506  grad_norm: 1.5464  loss: 0.0526  decode.loss_ce: 0.0368  decode.acc_seg: 96.9443  aux.loss_ce: 0.0158  aux.acc_seg: 96.9205
2026/05/14 17:54:26 - mmengine - INFO - Iter(train) [21400/80000]  lr: 2.3606e-06  eta: 2:25:39  time: 0.1419  data_time: 0.0091  memory: 8506  grad_norm: 1.6247  loss: 0.0928  decode.loss_ce: 0.0668  decode.acc_seg: 90.1019  aux.loss_ce: 0.0259  aux.acc_seg: 89.3651
2026/05/14 17:54:54 - mmengine - INFO - Iter(train) [21600/80000]  lr: 2.3526e-06  eta: 2:25:05  time: 0.1462  data_time: 0.0092  memory: 8506  grad_norm: 1.4179  loss: 0.0835  decode.loss_ce: 0.0598  decode.acc_seg: 98.4157  aux.loss_ce: 0.0237  aux.acc_seg: 98.8876
2026/05/14 17:55:23 - mmengine - INFO - Iter(train) [21800/80000]  lr: 2.3445e-06  eta: 2:24:32  time: 0.1410  data_time: 0.0084  memory: 8506  grad_norm: 0.8629  loss: 0.0555  decode.loss_ce: 0.0396  decode.acc_seg: 98.0449  aux.loss_ce: 0.0158  aux.acc_seg: 98.3076
2026/05/14 17:55:52 - mmengine - INFO - Exp name: large_weijie_ddhr_1xb4_80k_3e-4_dp20_ld90_20260514_165425
2026/05/14 17:55:52 - mmengine - INFO - Iter(train) [22000/80000]  lr: 2.3364e-06  eta: 2:23:59  time: 0.1455  data_time: 0.0085  memory: 8506  grad_norm: 0.7720  loss: 0.0723  decode.loss_ce: 0.0512  decode.acc_seg: 97.3373  aux.loss_ce: 0.0212  aux.acc_seg: 97.5854
2026/05/14 17:56:20 - mmengine - INFO - Iter(train) [22200/80000]  lr: 2.3284e-06  eta: 2:23:26  time: 0.1441  data_time: 0.0087  memory: 8506  grad_norm: 0.8005  loss: 0.0496  decode.loss_ce: 0.0353  decode.acc_seg: 94.0269  aux.loss_ce: 0.0143  aux.acc_seg: 93.5500
2026/05/14 17:56:49 - mmengine - INFO - Iter(train) [22400/80000]  lr: 2.3203e-06  eta: 2:22:53  time: 0.1431  data_time: 0.0087  memory: 8506  grad_norm: 1.0381  loss: 0.0904  decode.loss_ce: 0.0660  decode.acc_seg: 97.8760  aux.loss_ce: 0.0243  aux.acc_seg: 97.9190
2026/05/14 17:57:18 - mmengine - INFO - Iter(train) [22600/80000]  lr: 2.3123e-06  eta: 2:22:21  time: 0.1427  data_time: 0.0084  memory: 8506  grad_norm: 1.3669  loss: 0.0618  decode.loss_ce: 0.0446  decode.acc_seg: 95.9585  aux.loss_ce: 0.0173  aux.acc_seg: 96.1161
2026/05/14 17:57:48 - mmengine - INFO - Iter(train) [22800/80000]  lr: 2.3042e-06  eta: 2:21:53  time: 0.1547  data_time: 0.0113  memory: 8506  grad_norm: 1.5814  loss: 0.0956  decode.loss_ce: 0.0666  decode.acc_seg: 93.8439  aux.loss_ce: 0.0290  aux.acc_seg: 94.0535
2026/05/14 17:58:19 - mmengine - INFO - Exp name: large_weijie_ddhr_1xb4_80k_3e-4_dp20_ld90_20260514_165425
2026/05/14 17:58:19 - mmengine - INFO - Iter(train) [23000/80000]  lr: 2.2962e-06  eta: 2:21:26  time: 0.1544  data_time: 0.0105  memory: 8506  grad_norm: 0.9638  loss: 0.0591  decode.loss_ce: 0.0428  decode.acc_seg: 96.8971  aux.loss_ce: 0.0164  aux.acc_seg: 97.1237
2026/05/14 17:58:50 - mmengine - INFO - Iter(train) [23200/80000]  lr: 2.2881e-06  eta: 2:20:58  time: 0.1530  data_time: 0.0111  memory: 8506  grad_norm: 0.9407  loss: 0.0646  decode.loss_ce: 0.0471  decode.acc_seg: 99.9953  aux.loss_ce: 0.0175  aux.acc_seg: 99.9972
2026/05/14 17:59:20 - mmengine - INFO - Iter(train) [23400/80000]  lr: 2.2800e-06  eta: 2:20:31  time: 0.1556  data_time: 0.0109  memory: 8506  grad_norm: 0.8485  loss: 0.0499  decode.loss_ce: 0.0352  decode.acc_seg: 99.1248  aux.loss_ce: 0.0147  aux.acc_seg: 99.0639
2026/05/14 17:59:51 - mmengine - INFO - Iter(train) [23600/80000]  lr: 2.2720e-06  eta: 2:20:03  time: 0.1534  data_time: 0.0110  memory: 8506  grad_norm: 1.2543  loss: 0.0685  decode.loss_ce: 0.0487  decode.acc_seg: 93.5015  aux.loss_ce: 0.0198  aux.acc_seg: 93.5989
2026/05/14 18:00:21 - mmengine - INFO - Iter(train) [23800/80000]  lr: 2.2639e-06  eta: 2:19:33  time: 0.1378  data_time: 0.0081  memory: 8506  grad_norm: 1.5460  loss: 0.0941  decode.loss_ce: 0.0680  decode.acc_seg: 92.6621  aux.loss_ce: 0.0260  aux.acc_seg: 93.3270
2026/05/14 18:00:50 - mmengine - INFO - Exp name: large_weijie_ddhr_1xb4_80k_3e-4_dp20_ld90_20260514_165425
2026/05/14 18:00:50 - mmengine - INFO - Iter(train) [24000/80000]  lr: 2.2559e-06  eta: 2:19:01  time: 0.1444  data_time: 0.0087  memory: 8506  grad_norm: 0.8368  loss: 0.0670  decode.loss_ce: 0.0472  decode.acc_seg: 95.4873  aux.loss_ce: 0.0197  aux.acc_seg: 95.4931
2026/05/14 18:00:50 - mmengine - INFO - Saving checkpoint at 24000 iterations
2026/05/14 18:01:05 - mmengine - INFO - Iter(val) [ 200/3086]    eta: 0:01:12  time: 0.0229  data_time: 0.0016  memory: 4439  
2026/05/14 18:01:10 - mmengine - INFO - Iter(val) [ 400/3086]    eta: 0:01:04  time: 0.0222  data_time: 0.0014  memory: 4439  
2026/05/14 18:01:14 - mmengine - INFO - Iter(val) [ 600/3086]    eta: 0:00:58  time: 0.0236  data_time: 0.0015  memory: 4439  
2026/05/14 18:01:19 - mmengine - INFO - Iter(val) [ 800/3086]    eta: 0:00:52  time: 0.0221  data_time: 0.0015  memory: 4439  
2026/05/14 18:01:23 - mmengine - INFO - Iter(val) [1000/3086]    eta: 0:00:47  time: 0.0220  data_time: 0.0014  memory: 4439  
2026/05/14 18:01:27 - mmengine - INFO - Iter(val) [1200/3086]    eta: 0:00:42  time: 0.0215  data_time: 0.0015  memory: 4439  
2026/05/14 18:01:32 - mmengine - INFO - Iter(val) [1400/3086]    eta: 0:00:38  time: 0.0222  data_time: 0.0015  memory: 4439  
2026/05/14 18:01:36 - mmengine - INFO - Iter(val) [1600/3086]    eta: 0:00:33  time: 0.0219  data_time: 0.0014  memory: 4439  
2026/05/14 18:01:41 - mmengine - INFO - Iter(val) [1800/3086]    eta: 0:00:28  time: 0.0227  data_time: 0.0016  memory: 4439  
2026/05/14 18:01:45 - mmengine - INFO - Iter(val) [2000/3086]    eta: 0:00:24  time: 0.0219  data_time: 0.0014  memory: 4439  
2026/05/14 18:01:50 - mmengine - INFO - Iter(val) [2200/3086]    eta: 0:00:19  time: 0.0232  data_time: 0.0015  memory: 4439  
2026/05/14 18:01:54 - mmengine - INFO - Iter(val) [2400/3086]    eta: 0:00:15  time: 0.0215  data_time: 0.0014  memory: 4439  
2026/05/14 18:01:59 - mmengine - INFO - Iter(val) [2600/3086]    eta: 0:00:10  time: 0.0229  data_time: 0.0015  memory: 4439  
2026/05/14 18:02:04 - mmengine - INFO - Iter(val) [2800/3086]    eta: 0:00:06  time: 0.0312  data_time: 0.0019  memory: 4439  
2026/05/14 18:02:09 - mmengine - INFO - Iter(val) [3000/3086]    eta: 0:00:01  time: 0.0231  data_time: 0.0015  memory: 4439  
2026/05/14 18:02:11 - mmengine - INFO - per class results:
2026/05/14 18:02:11 - mmengine - INFO - 
+----------+-------+-------+--------+-----------+--------+
|  Class   |  IoU  |  Acc  | Fscore | Precision | Recall |
+----------+-------+-------+--------+-----------+--------+
| Building | 88.56 | 93.75 | 93.93  |   94.11   | 93.75  |
|   Road   | 52.65 | 68.29 | 68.98  |   69.69   | 68.29  |
| Greenery | 78.76 | 86.42 | 88.12  |   89.89   | 86.42  |
|  Water   | 97.37 | 99.04 | 98.67  |    98.3   | 99.04  |
| Farmland | 72.75 |  88.0 | 84.22  |   80.76   |  88.0  |
+----------+-------+-------+--------+-----------+--------+
2026/05/14 18:02:11 - mmengine - INFO - Iter(val) [3086/3086]  aAcc: 90.7400  mIoU: 78.0200  mAcc: 87.1000  mFscore: 86.7900  mPrecision: 86.5500  mRecall: 87.1000  Kappa: 53.8000  data_time: 0.0016  time: 0.0228
2026/05/14 18:02:11 - mmengine - INFO - The previous best checkpoint /root/det/work_dirs/large_weijie_ddhr_1xb4_80k_6e-4/best_aAcc_iter_20000.pth is removed
2026/05/14 18:02:15 - mmengine - INFO - The best checkpoint with 90.7400 aAcc at 24000 iter is saved to best_aAcc_iter_24000.pth.
2026/05/14 18:02:44 - mmengine - INFO - Iter(train) [24200/80000]  lr: 2.2478e-06  eta: 2:18:39  time: 0.1677  data_time: 0.0108  memory: 8506  grad_norm: 0.8162  loss: 0.0526  decode.loss_ce: 0.0373  decode.acc_seg: 92.9183  aux.loss_ce: 0.0153  aux.acc_seg: 92.9862
2026/05/14 18:03:12 - mmengine - INFO - Iter(train) [24400/80000]  lr: 2.2398e-06  eta: 2:18:06  time: 0.1371  data_time: 0.0084  memory: 8506  grad_norm: 1.2751  loss: 0.0785  decode.loss_ce: 0.0561  decode.acc_seg: 88.2949  aux.loss_ce: 0.0224  aux.acc_seg: 88.1288
2026/05/14 18:03:40 - mmengine - INFO - Iter(train) [24600/80000]  lr: 2.2317e-06  eta: 2:17:31  time: 0.1406  data_time: 0.0083  memory: 8506  grad_norm: 1.4499  loss: 0.0776  decode.loss_ce: 0.0535  decode.acc_seg: 94.6661  aux.loss_ce: 0.0241  aux.acc_seg: 94.1233
2026/05/14 18:04:11 - mmengine - INFO - Iter(train) [24800/80000]  lr: 2.2236e-06  eta: 2:17:03  time: 0.1549  data_time: 0.0111  memory: 8506  grad_norm: 1.2345  loss: 0.0713  decode.loss_ce: 0.0508  decode.acc_seg: 93.4249  aux.loss_ce: 0.0204  aux.acc_seg: 93.7417
2026/05/14 18:04:41 - mmengine - INFO - Exp name: large_weijie_ddhr_1xb4_80k_3e-4_dp20_ld90_20260514_165425
2026/05/14 18:04:41 - mmengine - INFO - Iter(train) [25000/80000]  lr: 2.2156e-06  eta: 2:16:35  time: 0.1533  data_time: 0.0110  memory: 8506  grad_norm: 1.4210  loss: 0.0678  decode.loss_ce: 0.0486  decode.acc_seg: 96.8114  aux.loss_ce: 0.0192  aux.acc_seg: 96.7635
2026/05/14 18:05:12 - mmengine - INFO - Iter(train) [25200/80000]  lr: 2.2075e-06  eta: 2:16:08  time: 0.1536  data_time: 0.0112  memory: 8506  grad_norm: 1.0952  loss: 0.0733  decode.loss_ce: 0.0524  decode.acc_seg: 96.7771  aux.loss_ce: 0.0209  aux.acc_seg: 96.9932
2026/05/14 18:05:43 - mmengine - INFO - Iter(train) [25400/80000]  lr: 2.1995e-06  eta: 2:15:40  time: 0.1551  data_time: 0.0112  memory: 8506  grad_norm: 0.8200  loss: 0.0578  decode.loss_ce: 0.0409  decode.acc_seg: 97.4130  aux.loss_ce: 0.0168  aux.acc_seg: 97.3468
2026/05/14 18:06:14 - mmengine - INFO - Iter(train) [25600/80000]  lr: 2.1914e-06  eta: 2:15:12  time: 0.1528  data_time: 0.0110  memory: 8506  grad_norm: 1.3432  loss: 0.0607  decode.loss_ce: 0.0435  decode.acc_seg: 92.2334  aux.loss_ce: 0.0171  aux.acc_seg: 92.1302
2026/05/14 18:06:45 - mmengine - INFO - Iter(train) [25800/80000]  lr: 2.1834e-06  eta: 2:14:44  time: 0.1541  data_time: 0.0110  memory: 8506  grad_norm: 0.7020  loss: 0.0417  decode.loss_ce: 0.0295  decode.acc_seg: 97.4659  aux.loss_ce: 0.0122  aux.acc_seg: 97.2731
2026/05/14 18:07:15 - mmengine - INFO - Exp name: large_weijie_ddhr_1xb4_80k_3e-4_dp20_ld90_20260514_165425
2026/05/14 18:07:15 - mmengine - INFO - Iter(train) [26000/80000]  lr: 2.1753e-06  eta: 2:14:16  time: 0.1530  data_time: 0.0110  memory: 8506  grad_norm: 2.5418  loss: 0.0918  decode.loss_ce: 0.0656  decode.acc_seg: 85.0451  aux.loss_ce: 0.0261  aux.acc_seg: 86.5167
2026/05/14 18:07:46 - mmengine - INFO - Iter(train) [26200/80000]  lr: 2.1672e-06  eta: 2:13:48  time: 0.1525  data_time: 0.0110  memory: 8506  grad_norm: 1.2639  loss: 0.0880  decode.loss_ce: 0.0623  decode.acc_seg: 91.2900  aux.loss_ce: 0.0256  aux.acc_seg: 90.6842
2026/05/14 18:08:17 - mmengine - INFO - Iter(train) [26400/80000]  lr: 2.1592e-06  eta: 2:13:20  time: 0.1544  data_time: 0.0111  memory: 8506  grad_norm: 0.6748  loss: 0.0508  decode.loss_ce: 0.0353  decode.acc_seg: 96.5943  aux.loss_ce: 0.0156  aux.acc_seg: 96.9505
2026/05/14 18:08:48 - mmengine - INFO - Iter(train) [26600/80000]  lr: 2.1511e-06  eta: 2:12:52  time: 0.1542  data_time: 0.0111  memory: 8506  grad_norm: 1.5160  loss: 0.0880  decode.loss_ce: 0.0624  decode.acc_seg: 97.0297  aux.loss_ce: 0.0256  aux.acc_seg: 96.8553
2026/05/14 18:09:19 - mmengine - INFO - Iter(train) [26800/80000]  lr: 2.1431e-06  eta: 2:12:25  time: 0.1545  data_time: 0.0111  memory: 8506  grad_norm: 1.1540  loss: 0.0778  decode.loss_ce: 0.0554  decode.acc_seg: 96.5306  aux.loss_ce: 0.0224  aux.acc_seg: 97.0666
2026/05/14 18:09:49 - mmengine - INFO - Exp name: large_weijie_ddhr_1xb4_80k_3e-4_dp20_ld90_20260514_165425
2026/05/14 18:09:49 - mmengine - INFO - Iter(train) [27000/80000]  lr: 2.1350e-06  eta: 2:11:56  time: 0.1534  data_time: 0.0112  memory: 8506  grad_norm: 3.0600  loss: 0.1082  decode.loss_ce: 0.0800  decode.acc_seg: 96.7312  aux.loss_ce: 0.0282  aux.acc_seg: 96.3940
2026/05/14 18:10:20 - mmengine - INFO - Iter(train) [27200/80000]  lr: 2.1270e-06  eta: 2:11:28  time: 0.1535  data_time: 0.0110  memory: 8506  grad_norm: 1.0016  loss: 0.0545  decode.loss_ce: 0.0390  decode.acc_seg: 97.7261  aux.loss_ce: 0.0154  aux.acc_seg: 97.7915
2026/05/14 18:10:48 - mmengine - INFO - Iter(train) [27400/80000]  lr: 2.1189e-06  eta: 2:10:55  time: 0.1360  data_time: 0.0084  memory: 8506  grad_norm: 0.9161  loss: 0.0546  decode.loss_ce: 0.0387  decode.acc_seg: 87.4686  aux.loss_ce: 0.0159  aux.acc_seg: 87.8454
2026/05/14 18:11:17 - mmengine - INFO - Iter(train) [27600/80000]  lr: 2.1109e-06  eta: 2:10:23  time: 0.1460  data_time: 0.0090  memory: 8506  grad_norm: 0.5236  loss: 0.0354  decode.loss_ce: 0.0250  decode.acc_seg: 98.3978  aux.loss_ce: 0.0105  aux.acc_seg: 98.5069
2026/05/14 18:11:47 - mmengine - INFO - Iter(train) [27800/80000]  lr: 2.1028e-06  eta: 2:09:53  time: 0.1518  data_time: 0.0109  memory: 8506  grad_norm: 0.8631  loss: 0.0494  decode.loss_ce: 0.0351  decode.acc_seg: 97.6069  aux.loss_ce: 0.0144  aux.acc_seg: 97.4187
2026/05/14 18:12:15 - mmengine - INFO - Exp name: large_weijie_ddhr_1xb4_80k_3e-4_dp20_ld90_20260514_165425
2026/05/14 18:12:15 - mmengine - INFO - Iter(train) [28000/80000]  lr: 2.0947e-06  eta: 2:09:20  time: 0.1422  data_time: 0.0091  memory: 8506  grad_norm: 0.7058  loss: 0.0499  decode.loss_ce: 0.0352  decode.acc_seg: 98.5384  aux.loss_ce: 0.0147  aux.acc_seg: 98.7334
2026/05/14 18:12:15 - mmengine - INFO - Saving checkpoint at 28000 iterations
2026/05/14 18:12:29 - mmengine - INFO - Iter(val) [ 200/3086]    eta: 0:01:09  time: 0.0222  data_time: 0.0013  memory: 4439  
2026/05/14 18:12:33 - mmengine - INFO - Iter(val) [ 400/3086]    eta: 0:01:01  time: 0.0216  data_time: 0.0014  memory: 4439  
2026/05/14 18:12:38 - mmengine - INFO - Iter(val) [ 600/3086]    eta: 0:00:56  time: 0.0212  data_time: 0.0013  memory: 4439  
2026/05/14 18:12:42 - mmengine - INFO - Iter(val) [ 800/3086]    eta: 0:00:51  time: 0.0215  data_time: 0.0013  memory: 4439  
2026/05/14 18:12:47 - mmengine - INFO - Iter(val) [1000/3086]    eta: 0:00:47  time: 0.0222  data_time: 0.0014  memory: 4439  
2026/05/14 18:12:52 - mmengine - INFO - Iter(val) [1200/3086]    eta: 0:00:43  time: 0.0293  data_time: 0.0017  memory: 4439  
2026/05/14 18:12:56 - mmengine - INFO - Iter(val) [1400/3086]    eta: 0:00:38  time: 0.0273  data_time: 0.0016  memory: 4439  
2026/05/14 18:13:01 - mmengine - INFO - Iter(val) [1600/3086]    eta: 0:00:34  time: 0.0217  data_time: 0.0015  memory: 4439  
2026/05/14 18:13:06 - mmengine - INFO - Iter(val) [1800/3086]    eta: 0:00:29  time: 0.0221  data_time: 0.0015  memory: 4439  
2026/05/14 18:13:10 - mmengine - INFO - Iter(val) [2000/3086]    eta: 0:00:25  time: 0.0221  data_time: 0.0017  memory: 4439  
2026/05/14 18:13:15 - mmengine - INFO - Iter(val) [2200/3086]    eta: 0:00:20  time: 0.0314  data_time: 0.0018  memory: 4439  
2026/05/14 18:13:20 - mmengine - INFO - Iter(val) [2400/3086]    eta: 0:00:15  time: 0.0223  data_time: 0.0014  memory: 4439  
2026/05/14 18:13:24 - mmengine - INFO - Iter(val) [2600/3086]    eta: 0:00:11  time: 0.0219  data_time: 0.0014  memory: 4439  
2026/05/14 18:13:30 - mmengine - INFO - Iter(val) [2800/3086]    eta: 0:00:06  time: 0.0217  data_time: 0.0014  memory: 4439  
2026/05/14 18:13:34 - mmengine - INFO - Iter(val) [3000/3086]    eta: 0:00:02  time: 0.0219  data_time: 0.0014  memory: 4439  
2026/05/14 18:13:36 - mmengine - INFO - per class results:
2026/05/14 18:13:36 - mmengine - INFO - 
+----------+-------+-------+--------+-----------+--------+
|  Class   |  IoU  |  Acc  | Fscore | Precision | Recall |
+----------+-------+-------+--------+-----------+--------+
| Building | 88.99 |  95.2 | 94.17  |   93.16   |  95.2  |
|   Road   | 54.97 | 70.03 | 70.94  |   71.88   | 70.03  |
| Greenery |  78.8 | 84.36 | 88.14  |   92.29   | 84.36  |
|  Water   | 97.75 |  98.6 | 98.86  |   99.13   |  98.6  |
| Farmland | 73.71 | 89.43 | 84.87  |   80.75   | 89.43  |
+----------+-------+-------+--------+-----------+--------+
2026/05/14 18:13:36 - mmengine - INFO - Iter(val) [3086/3086]  aAcc: 91.0900  mIoU: 78.8400  mAcc: 87.5200  mFscore: 87.4000  mPrecision: 87.4400  mRecall: 87.5200  Kappa: 55.3900  data_time: 0.0013  time: 0.0217
2026/05/14 18:13:36 - mmengine - INFO - The previous best checkpoint /root/det/work_dirs/large_weijie_ddhr_1xb4_80k_6e-4/best_aAcc_iter_24000.pth is removed
2026/05/14 18:13:40 - mmengine - INFO - The best checkpoint with 91.0900 aAcc at 28000 iter is saved to best_aAcc_iter_28000.pth.
2026/05/14 18:14:09 - mmengine - INFO - Iter(train) [28200/80000]  lr: 2.0867e-06  eta: 2:08:57  time: 0.1455  data_time: 0.0087  memory: 8506  grad_norm: 0.9987  loss: 0.0662  decode.loss_ce: 0.0469  decode.acc_seg: 97.8059  aux.loss_ce: 0.0193  aux.acc_seg: 97.8066
2026/05/14 18:14:40 - mmengine - INFO - Iter(train) [28400/80000]  lr: 2.0786e-06  eta: 2:08:28  time: 0.1485  data_time: 0.0109  memory: 8506  grad_norm: 1.0062  loss: 0.0529  decode.loss_ce: 0.0376  decode.acc_seg: 100.0000  aux.loss_ce: 0.0153  aux.acc_seg: 100.0000
2026/05/14 18:15:09 - mmengine - INFO - Iter(train) [28600/80000]  lr: 2.0706e-06  eta: 2:07:58  time: 0.1516  data_time: 0.0099  memory: 8506  grad_norm: 0.7093  loss: 0.0471  decode.loss_ce: 0.0326  decode.acc_seg: 95.5878  aux.loss_ce: 0.0145  aux.acc_seg: 95.8570
2026/05/14 18:15:40 - mmengine - INFO - Iter(train) [28800/80000]  lr: 2.0625e-06  eta: 2:07:30  time: 0.1516  data_time: 0.0108  memory: 8506  grad_norm: 0.7143  loss: 0.0382  decode.loss_ce: 0.0274  decode.acc_seg: 97.1604  aux.loss_ce: 0.0109  aux.acc_seg: 97.2302
2026/05/14 18:16:11 - mmengine - INFO - Exp name: large_weijie_ddhr_1xb4_80k_3e-4_dp20_ld90_20260514_165425
2026/05/14 18:16:11 - mmengine - INFO - Iter(train) [29000/80000]  lr: 2.0545e-06  eta: 2:07:02  time: 0.1531  data_time: 0.0111  memory: 8506  grad_norm: 1.3810  loss: 0.0625  decode.loss_ce: 0.0444  decode.acc_seg: 96.9209  aux.loss_ce: 0.0180  aux.acc_seg: 97.4402
2026/05/14 18:16:41 - mmengine - INFO - Iter(train) [29200/80000]  lr: 2.0464e-06  eta: 2:06:31  time: 0.1419  data_time: 0.0087  memory: 8506  grad_norm: 1.0306  loss: 0.0568  decode.loss_ce: 0.0406  decode.acc_seg: 95.6097  aux.loss_ce: 0.0162  aux.acc_seg: 95.4783
2026/05/14 18:17:11 - mmengine - INFO - Iter(train) [29400/80000]  lr: 2.0383e-06  eta: 2:06:02  time: 0.1528  data_time: 0.0103  memory: 8506  grad_norm: 1.0936  loss: 0.0483  decode.loss_ce: 0.0342  decode.acc_seg: 93.9247  aux.loss_ce: 0.0141  aux.acc_seg: 94.1460
2026/05/14 18:17:42 - mmengine - INFO - Iter(train) [29600/80000]  lr: 2.0303e-06  eta: 2:05:34  time: 0.1523  data_time: 0.0107  memory: 8506  grad_norm: 0.6834  loss: 0.0347  decode.loss_ce: 0.0249  decode.acc_seg: 95.3873  aux.loss_ce: 0.0098  aux.acc_seg: 95.8135
2026/05/14 18:18:12 - mmengine - INFO - Iter(train) [29800/80000]  lr: 2.0222e-06  eta: 2:05:05  time: 0.1512  data_time: 0.0105  memory: 8506  grad_norm: 1.1481  loss: 0.0544  decode.loss_ce: 0.0388  decode.acc_seg: 95.8438  aux.loss_ce: 0.0156  aux.acc_seg: 95.8832
2026/05/14 18:18:43 - mmengine - INFO - Exp name: large_weijie_ddhr_1xb4_80k_3e-4_dp20_ld90_20260514_165425
2026/05/14 18:18:43 - mmengine - INFO - Iter(train) [30000/80000]  lr: 2.0142e-06  eta: 2:04:37  time: 0.1534  data_time: 0.0108  memory: 8506  grad_norm: 1.8313  loss: 0.0675  decode.loss_ce: 0.0479  decode.acc_seg: 95.7666  aux.loss_ce: 0.0196  aux.acc_seg: 95.8696
2026/05/14 18:19:14 - mmengine - INFO - Iter(train) [30200/80000]  lr: 2.0061e-06  eta: 2:04:08  time: 0.1557  data_time: 0.0111  memory: 8506  grad_norm: 0.3542  loss: 0.0232  decode.loss_ce: 0.0165  decode.acc_seg: 99.4363  aux.loss_ce: 0.0066  aux.acc_seg: 99.6744
2026/05/14 18:19:43 - mmengine - INFO - Iter(train) [30400/80000]  lr: 1.9981e-06  eta: 2:03:37  time: 0.1419  data_time: 0.0086  memory: 8506  grad_norm: 0.4735  loss: 0.0315  decode.loss_ce: 0.0224  decode.acc_seg: 92.4170  aux.loss_ce: 0.0090  aux.acc_seg: 92.2007
2026/05/14 18:20:13 - mmengine - INFO - Iter(train) [30600/80000]  lr: 1.9900e-06  eta: 2:03:06  time: 0.1523  data_time: 0.0109  memory: 8506  grad_norm: 0.6874  loss: 0.0412  decode.loss_ce: 0.0291  decode.acc_seg: 96.6160  aux.loss_ce: 0.0121  aux.acc_seg: 96.3291
2026/05/14 18:20:43 - mmengine - INFO - Iter(train) [30800/80000]  lr: 1.9819e-06  eta: 2:02:38  time: 0.1518  data_time: 0.0108  memory: 8506  grad_norm: 0.6594  loss: 0.0507  decode.loss_ce: 0.0367  decode.acc_seg: 95.9802  aux.loss_ce: 0.0139  aux.acc_seg: 95.7998
2026/05/14 18:21:13 - mmengine - INFO - Exp name: large_weijie_ddhr_1xb4_80k_3e-4_dp20_ld90_20260514_165425
2026/05/14 18:21:13 - mmengine - INFO - Iter(train) [31000/80000]  lr: 1.9739e-06  eta: 2:02:07  time: 0.1440  data_time: 0.0089  memory: 8506  grad_norm: 0.8661  loss: 0.0528  decode.loss_ce: 0.0373  decode.acc_seg: 96.8271  aux.loss_ce: 0.0155  aux.acc_seg: 96.5135
2026/05/14 18:21:42 - mmengine - INFO - Iter(train) [31200/80000]  lr: 1.9658e-06  eta: 2:01:35  time: 0.1515  data_time: 0.0105  memory: 8506  grad_norm: 0.8718  loss: 0.0745  decode.loss_ce: 0.0531  decode.acc_seg: 97.4636  aux.loss_ce: 0.0214  aux.acc_seg: 97.4096
2026/05/14 18:22:12 - mmengine - INFO - Iter(train) [31400/80000]  lr: 1.9578e-06  eta: 2:01:06  time: 0.1550  data_time: 0.0110  memory: 8506  grad_norm: 1.0750  loss: 0.0444  decode.loss_ce: 0.0314  decode.acc_seg: 98.3468  aux.loss_ce: 0.0131  aux.acc_seg: 98.4486
2026/05/14 18:22:41 - mmengine - INFO - Iter(train) [31600/80000]  lr: 1.9497e-06  eta: 2:00:35  time: 0.1431  data_time: 0.0088  memory: 8506  grad_norm: 1.0370  loss: 0.0595  decode.loss_ce: 0.0425  decode.acc_seg: 95.7349  aux.loss_ce: 0.0170  aux.acc_seg: 94.8904
2026/05/14 18:23:10 - mmengine - INFO - Iter(train) [31800/80000]  lr: 1.9417e-06  eta: 2:00:03  time: 0.1428  data_time: 0.0086  memory: 8506  grad_norm: 0.9002  loss: 0.0735  decode.loss_ce: 0.0522  decode.acc_seg: 95.3350  aux.loss_ce: 0.0213  aux.acc_seg: 95.2525
2026/05/14 18:23:37 - mmengine - INFO - Exp name: large_weijie_ddhr_1xb4_80k_3e-4_dp20_ld90_20260514_165425
2026/05/14 18:23:37 - mmengine - INFO - Iter(train) [32000/80000]  lr: 1.9336e-06  eta: 1:59:30  time: 0.1453  data_time: 0.0090  memory: 8506  grad_norm: 0.5395  loss: 0.0381  decode.loss_ce: 0.0269  decode.acc_seg: 98.7922  aux.loss_ce: 0.0111  aux.acc_seg: 99.0549
2026/05/14 18:23:37 - mmengine - INFO - Saving checkpoint at 32000 iterations
2026/05/14 18:23:51 - mmengine - INFO - Iter(val) [ 200/3086]    eta: 0:01:16  time: 0.0223  data_time: 0.0014  memory: 4439  
2026/05/14 18:23:56 - mmengine - INFO - Iter(val) [ 400/3086]    eta: 0:01:05  time: 0.0224  data_time: 0.0014  memory: 4439  
2026/05/14 18:24:00 - mmengine - INFO - Iter(val) [ 600/3086]    eta: 0:00:58  time: 0.0214  data_time: 0.0014  memory: 4439  
2026/05/14 18:24:04 - mmengine - INFO - Iter(val) [ 800/3086]    eta: 0:00:52  time: 0.0221  data_time: 0.0017  memory: 4439  
2026/05/14 18:24:09 - mmengine - INFO - Iter(val) [1000/3086]    eta: 0:00:47  time: 0.0220  data_time: 0.0014  memory: 4439  
2026/05/14 18:24:13 - mmengine - INFO - Iter(val) [1200/3086]    eta: 0:00:42  time: 0.0344  data_time: 0.0015  memory: 4439  
2026/05/14 18:24:18 - mmengine - INFO - Iter(val) [1400/3086]    eta: 0:00:38  time: 0.0216  data_time: 0.0014  memory: 4439  
2026/05/14 18:24:22 - mmengine - INFO - Iter(val) [1600/3086]    eta: 0:00:33  time: 0.0220  data_time: 0.0016  memory: 4439  
2026/05/14 18:24:27 - mmengine - INFO - Iter(val) [1800/3086]    eta: 0:00:29  time: 0.0218  data_time: 0.0015  memory: 4439  
2026/05/14 18:24:31 - mmengine - INFO - Iter(val) [2000/3086]    eta: 0:00:24  time: 0.0216  data_time: 0.0015  memory: 4439  
2026/05/14 18:24:36 - mmengine - INFO - Iter(val) [2200/3086]    eta: 0:00:20  time: 0.0222  data_time: 0.0015  memory: 4439  
2026/05/14 18:24:41 - mmengine - INFO - Iter(val) [2400/3086]    eta: 0:00:15  time: 0.0216  data_time: 0.0014  memory: 4439  
2026/05/14 18:24:45 - mmengine - INFO - Iter(val) [2600/3086]    eta: 0:00:11  time: 0.0220  data_time: 0.0015  memory: 4439  
2026/05/14 18:24:49 - mmengine - INFO - Iter(val) [2800/3086]    eta: 0:00:06  time: 0.0213  data_time: 0.0012  memory: 4439  
2026/05/14 18:24:54 - mmengine - INFO - Iter(val) [3000/3086]    eta: 0:00:01  time: 0.0300  data_time: 0.0017  memory: 4439  
2026/05/14 18:24:56 - mmengine - INFO - per class results:
2026/05/14 18:24:56 - mmengine - INFO - 
+----------+-------+-------+--------+-----------+--------+
|  Class   |  IoU  |  Acc  | Fscore | Precision | Recall |
+----------+-------+-------+--------+-----------+--------+
| Building | 89.26 | 94.94 | 94.32  |   93.71   | 94.94  |
|   Road   | 56.41 | 71.27 | 72.13  |   73.02   | 71.27  |
| Greenery | 79.87 | 85.66 | 88.81  |   92.19   | 85.66  |
|  Water   |  97.8 | 98.87 | 98.89  |    98.9   | 98.87  |
| Farmland | 75.08 | 90.17 | 85.77  |   81.78   | 90.17  |
+----------+-------+-------+--------+-----------+--------+
2026/05/14 18:24:56 - mmengine - INFO - Iter(val) [3086/3086]  aAcc: 91.4800  mIoU: 79.6800  mAcc: 88.1800  mFscore: 87.9800  mPrecision: 87.9200  mRecall: 88.1800  Kappa: 57.1300  data_time: 0.0012  time: 0.0217
2026/05/14 18:24:56 - mmengine - INFO - The previous best checkpoint /root/det/work_dirs/large_weijie_ddhr_1xb4_80k_6e-4/best_aAcc_iter_28000.pth is removed
2026/05/14 18:24:59 - mmengine - INFO - The best checkpoint with 91.4800 aAcc at 32000 iter is saved to best_aAcc_iter_32000.pth.
2026/05/14 18:25:30 - mmengine - INFO - Iter(train) [32200/80000]  lr: 1.9255e-06  eta: 1:59:06  time: 0.1521  data_time: 0.0110  memory: 8506  grad_norm: 0.6618  loss: 0.0374  decode.loss_ce: 0.0263  decode.acc_seg: 95.4724  aux.loss_ce: 0.0112  aux.acc_seg: 95.5214
2026/05/14 18:26:00 - mmengine - INFO - Iter(train) [32400/80000]  lr: 1.9175e-06  eta: 1:58:37  time: 0.1537  data_time: 0.0109  memory: 8506  grad_norm: 0.7037  loss: 0.0457  decode.loss_ce: 0.0322  decode.acc_seg: 98.2819  aux.loss_ce: 0.0134  aux.acc_seg: 98.4039
2026/05/14 18:26:31 - mmengine - INFO - Iter(train) [32600/80000]  lr: 1.9094e-06  eta: 1:58:08  time: 0.1559  data_time: 0.0109  memory: 8506  grad_norm: 1.1225  loss: 0.0605  decode.loss_ce: 0.0423  decode.acc_seg: 96.9595  aux.loss_ce: 0.0182  aux.acc_seg: 96.8578
2026/05/14 18:27:02 - mmengine - INFO - Iter(train) [32800/80000]  lr: 1.9014e-06  eta: 1:57:39  time: 0.1545  data_time: 0.0109  memory: 8506  grad_norm: 1.0409  loss: 0.0589  decode.loss_ce: 0.0417  decode.acc_seg: 95.5235  aux.loss_ce: 0.0172  aux.acc_seg: 95.5058
2026/05/14 18:27:32 - mmengine - INFO - Exp name: large_weijie_ddhr_1xb4_80k_3e-4_dp20_ld90_20260514_165425
2026/05/14 18:27:32 - mmengine - INFO - Iter(train) [33000/80000]  lr: 1.8933e-06  eta: 1:57:11  time: 0.1535  data_time: 0.0110  memory: 8506  grad_norm: 0.8778  loss: 0.0510  decode.loss_ce: 0.0370  decode.acc_seg: 91.1885  aux.loss_ce: 0.0140  aux.acc_seg: 91.2463
2026/05/14 18:28:03 - mmengine - INFO - Iter(train) [33200/80000]  lr: 1.8853e-06  eta: 1:56:42  time: 0.1527  data_time: 0.0110  memory: 8506  grad_norm: 0.4020  loss: 0.0310  decode.loss_ce: 0.0219  decode.acc_seg: 96.9464  aux.loss_ce: 0.0090  aux.acc_seg: 96.6358
2026/05/14 18:28:34 - mmengine - INFO - Iter(train) [33400/80000]  lr: 1.8772e-06  eta: 1:56:13  time: 0.1552  data_time: 0.0111  memory: 8506  grad_norm: 1.0285  loss: 0.0512  decode.loss_ce: 0.0360  decode.acc_seg: 98.0961  aux.loss_ce: 0.0152  aux.acc_seg: 98.1695
2026/05/14 18:29:05 - mmengine - INFO - Iter(train) [33600/80000]  lr: 1.8692e-06  eta: 1:55:44  time: 0.1528  data_time: 0.0107  memory: 8506  grad_norm: 0.8443  loss: 0.0503  decode.loss_ce: 0.0358  decode.acc_seg: 95.4074  aux.loss_ce: 0.0145  aux.acc_seg: 95.0869
2026/05/14 18:29:35 - mmengine - INFO - Iter(train) [33800/80000]  lr: 1.8611e-06  eta: 1:55:15  time: 0.1549  data_time: 0.0108  memory: 8506  grad_norm: 0.8791  loss: 0.0521  decode.loss_ce: 0.0372  decode.acc_seg: 97.5866  aux.loss_ce: 0.0149  aux.acc_seg: 97.6843
2026/05/14 18:30:06 - mmengine - INFO - Exp name: large_weijie_ddhr_1xb4_80k_3e-4_dp20_ld90_20260514_165425
2026/05/14 18:30:06 - mmengine - INFO - Iter(train) [34000/80000]  lr: 1.8530e-06  eta: 1:54:46  time: 0.1515  data_time: 0.0107  memory: 8506  grad_norm: 0.5858  loss: 0.0375  decode.loss_ce: 0.0267  decode.acc_seg: 99.0896  aux.loss_ce: 0.0108  aux.acc_seg: 98.9484
2026/05/14 18:30:37 - mmengine - INFO - Iter(train) [34200/80000]  lr: 1.8450e-06  eta: 1:54:17  time: 0.1534  data_time: 0.0109  memory: 8506  grad_norm: 0.6932  loss: 0.0443  decode.loss_ce: 0.0315  decode.acc_seg: 93.7931  aux.loss_ce: 0.0128  aux.acc_seg: 93.3220
2026/05/14 18:31:08 - mmengine - INFO - Iter(train) [34400/80000]  lr: 1.8369e-06  eta: 1:53:49  time: 0.1533  data_time: 0.0111  memory: 8506  grad_norm: 0.7181  loss: 0.0464  decode.loss_ce: 0.0323  decode.acc_seg: 93.4231  aux.loss_ce: 0.0141  aux.acc_seg: 92.5420
2026/05/14 18:31:38 - mmengine - INFO - Iter(train) [34600/80000]  lr: 1.8289e-06  eta: 1:53:19  time: 0.1524  data_time: 0.0108  memory: 8506  grad_norm: 1.1898  loss: 0.0501  decode.loss_ce: 0.0356  decode.acc_seg: 92.4537  aux.loss_ce: 0.0145  aux.acc_seg: 92.4323
2026/05/14 18:32:09 - mmengine - INFO - Iter(train) [34800/80000]  lr: 1.8208e-06  eta: 1:52:50  time: 0.1531  data_time: 0.0112  memory: 8506  grad_norm: 0.4898  loss: 0.0326  decode.loss_ce: 0.0232  decode.acc_seg: 99.0399  aux.loss_ce: 0.0094  aux.acc_seg: 99.1442
2026/05/14 18:32:40 - mmengine - INFO - Exp name: large_weijie_ddhr_1xb4_80k_3e-4_dp20_ld90_20260514_165425
2026/05/14 18:32:40 - mmengine - INFO - Iter(train) [35000/80000]  lr: 1.8128e-06  eta: 1:52:21  time: 0.1515  data_time: 0.0108  memory: 8506  grad_norm: 0.6440  loss: 0.0518  decode.loss_ce: 0.0372  decode.acc_seg: 79.1438  aux.loss_ce: 0.0145  aux.acc_seg: 80.6087
2026/05/14 18:33:10 - mmengine - INFO - Iter(train) [35200/80000]  lr: 1.8047e-06  eta: 1:51:52  time: 0.1545  data_time: 0.0107  memory: 8506  grad_norm: 0.7056  loss: 0.0504  decode.loss_ce: 0.0358  decode.acc_seg: 96.0206  aux.loss_ce: 0.0146  aux.acc_seg: 96.1337
2026/05/14 18:33:41 - mmengine - INFO - Iter(train) [35400/80000]  lr: 1.7966e-06  eta: 1:51:23  time: 0.1518  data_time: 0.0108  memory: 8506  grad_norm: 0.7460  loss: 0.0592  decode.loss_ce: 0.0418  decode.acc_seg: 95.7793  aux.loss_ce: 0.0174  aux.acc_seg: 95.5520
2026/05/14 18:34:12 - mmengine - INFO - Iter(train) [35600/80000]  lr: 1.7886e-06  eta: 1:50:54  time: 0.1530  data_time: 0.0105  memory: 8506  grad_norm: 0.6072  loss: 0.0397  decode.loss_ce: 0.0282  decode.acc_seg: 96.1616  aux.loss_ce: 0.0115  aux.acc_seg: 96.2798
2026/05/14 18:34:42 - mmengine - INFO - Iter(train) [35800/80000]  lr: 1.7805e-06  eta: 1:50:25  time: 0.1526  data_time: 0.0105  memory: 8506  grad_norm: 1.5683  loss: 0.0493  decode.loss_ce: 0.0356  decode.acc_seg: 96.0532  aux.loss_ce: 0.0137  aux.acc_seg: 95.8507
2026/05/14 18:35:13 - mmengine - INFO - Exp name: large_weijie_ddhr_1xb4_80k_3e-4_dp20_ld90_20260514_165425
2026/05/14 18:35:13 - mmengine - INFO - Iter(train) [36000/80000]  lr: 1.7725e-06  eta: 1:49:56  time: 0.1544  data_time: 0.0111  memory: 8506  grad_norm: 0.6137  loss: 0.0310  decode.loss_ce: 0.0219  decode.acc_seg: 97.6603  aux.loss_ce: 0.0091  aux.acc_seg: 97.8303
2026/05/14 18:35:13 - mmengine - INFO - Saving checkpoint at 36000 iterations
2026/05/14 18:35:28 - mmengine - INFO - Iter(val) [ 200/3086]    eta: 0:01:11  time: 0.0226  data_time: 0.0015  memory: 4439  
2026/05/14 18:35:33 - mmengine - INFO - Iter(val) [ 400/3086]    eta: 0:01:05  time: 0.0299  data_time: 0.0017  memory: 4439  
2026/05/14 18:35:38 - mmengine - INFO - Iter(val) [ 600/3086]    eta: 0:01:02  time: 0.0214  data_time: 0.0014  memory: 4439  
2026/05/14 18:35:42 - mmengine - INFO - Iter(val) [ 800/3086]    eta: 0:00:55  time: 0.0229  data_time: 0.0015  memory: 4439  
2026/05/14 18:35:47 - mmengine - INFO - Iter(val) [1000/3086]    eta: 0:00:50  time: 0.0228  data_time: 0.0014  memory: 4439  
2026/05/14 18:35:51 - mmengine - INFO - Iter(val) [1200/3086]    eta: 0:00:44  time: 0.0213  data_time: 0.0013  memory: 4439  
2026/05/14 18:35:56 - mmengine - INFO - Iter(val) [1400/3086]    eta: 0:00:39  time: 0.0218  data_time: 0.0014  memory: 4439  
2026/05/14 18:36:00 - mmengine - INFO - Iter(val) [1600/3086]    eta: 0:00:34  time: 0.0219  data_time: 0.0014  memory: 4439  
2026/05/14 18:36:04 - mmengine - INFO - Iter(val) [1800/3086]    eta: 0:00:29  time: 0.0215  data_time: 0.0015  memory: 4439  
2026/05/14 18:36:09 - mmengine - INFO - Iter(val) [2000/3086]    eta: 0:00:24  time: 0.0224  data_time: 0.0016  memory: 4439  
2026/05/14 18:36:13 - mmengine - INFO - Iter(val) [2200/3086]    eta: 0:00:20  time: 0.0223  data_time: 0.0015  memory: 4439  
2026/05/14 18:36:18 - mmengine - INFO - Iter(val) [2400/3086]    eta: 0:00:15  time: 0.0221  data_time: 0.0014  memory: 4439  
2026/05/14 18:36:22 - mmengine - INFO - Iter(val) [2600/3086]    eta: 0:00:11  time: 0.0223  data_time: 0.0015  memory: 4439  
2026/05/14 18:36:27 - mmengine - INFO - Iter(val) [2800/3086]    eta: 0:00:06  time: 0.0223  data_time: 0.0015  memory: 4439  
2026/05/14 18:36:31 - mmengine - INFO - Iter(val) [3000/3086]    eta: 0:00:01  time: 0.0218  data_time: 0.0014  memory: 4439  
2026/05/14 18:36:33 - mmengine - INFO - per class results:
2026/05/14 18:36:33 - mmengine - INFO - 
+----------+-------+-------+--------+-----------+--------+
|  Class   |  IoU  |  Acc  | Fscore | Precision | Recall |
+----------+-------+-------+--------+-----------+--------+
| Building | 89.73 | 95.63 | 94.59  |   93.57   | 95.63  |
|   Road   | 57.63 | 69.63 | 73.12  |   76.97   | 69.63  |
| Greenery | 81.56 | 87.78 | 89.84  |   92.01   | 87.78  |
|  Water   | 97.96 | 98.67 | 98.97  |   99.27   | 98.67  |
| Farmland | 76.13 | 88.96 | 86.45  |   84.07   | 88.96  |
+----------+-------+-------+--------+-----------+--------+
2026/05/14 18:36:33 - mmengine - INFO - Iter(val) [3086/3086]  aAcc: 92.0300  mIoU: 80.6000  mAcc: 88.1300  mFscore: 88.5900  mPrecision: 89.1800  mRecall: 88.1300  Kappa: 57.8000  data_time: 0.0013  time: 0.0217
2026/05/14 18:36:33 - mmengine - INFO - The previous best checkpoint /root/det/work_dirs/large_weijie_ddhr_1xb4_80k_6e-4/best_aAcc_iter_32000.pth is removed
2026/05/14 18:36:37 - mmengine - INFO - The best checkpoint with 92.0300 aAcc at 36000 iter is saved to best_aAcc_iter_36000.pth.
2026/05/14 18:37:05 - mmengine - INFO - Iter(train) [36200/80000]  lr: 1.7644e-06  eta: 1:49:29  time: 0.1439  data_time: 0.0091  memory: 8506  grad_norm: 1.1197  loss: 0.0557  decode.loss_ce: 0.0398  decode.acc_seg: 96.6610  aux.loss_ce: 0.0159  aux.acc_seg: 96.0734
2026/05/14 18:37:35 - mmengine - INFO - Iter(train) [36400/80000]  lr: 1.7564e-06  eta: 1:48:59  time: 0.1694  data_time: 0.0110  memory: 8506  grad_norm: 0.8798  loss: 0.0507  decode.loss_ce: 0.0354  decode.acc_seg: 90.3364  aux.loss_ce: 0.0153  aux.acc_seg: 90.4380
2026/05/14 18:38:06 - mmengine - INFO - Iter(train) [36600/80000]  lr: 1.7483e-06  eta: 1:48:29  time: 0.1529  data_time: 0.0111  memory: 8506  grad_norm: 0.8003  loss: 0.0520  decode.loss_ce: 0.0367  decode.acc_seg: 87.7430  aux.loss_ce: 0.0153  aux.acc_seg: 88.2849
2026/05/14 18:38:37 - mmengine - INFO - Iter(train) [36800/80000]  lr: 1.7402e-06  eta: 1:48:00  time: 0.1517  data_time: 0.0109  memory: 8506  grad_norm: 0.6498  loss: 0.0396  decode.loss_ce: 0.0280  decode.acc_seg: 96.3903  aux.loss_ce: 0.0115  aux.acc_seg: 97.1251
2026/05/14 18:39:07 - mmengine - INFO - Exp name: large_weijie_ddhr_1xb4_80k_3e-4_dp20_ld90_20260514_165425
2026/05/14 18:39:07 - mmengine - INFO - Iter(train) [37000/80000]  lr: 1.7322e-06  eta: 1:47:31  time: 0.1540  data_time: 0.0108  memory: 8506  grad_norm: 1.1305  loss: 0.0611  decode.loss_ce: 0.0437  decode.acc_seg: 78.6484  aux.loss_ce: 0.0174  aux.acc_seg: 84.0606
2026/05/14 18:39:38 - mmengine - INFO - Iter(train) [37200/80000]  lr: 1.7241e-06  eta: 1:47:02  time: 0.1554  data_time: 0.0113  memory: 8506  grad_norm: 0.4704  loss: 0.0296  decode.loss_ce: 0.0211  decode.acc_seg: 95.1601  aux.loss_ce: 0.0085  aux.acc_seg: 94.8973
2026/05/14 18:40:09 - mmengine - INFO - Iter(train) [37400/80000]  lr: 1.7161e-06  eta: 1:46:33  time: 0.1539  data_time: 0.0109  memory: 8506  grad_norm: 1.1042  loss: 0.0509  decode.loss_ce: 0.0363  decode.acc_seg: 95.5119  aux.loss_ce: 0.0145  aux.acc_seg: 94.5242
2026/05/14 18:40:40 - mmengine - INFO - Iter(train) [37600/80000]  lr: 1.7080e-06  eta: 1:46:03  time: 0.1527  data_time: 0.0111  memory: 8506  grad_norm: 1.2400  loss: 0.0500  decode.loss_ce: 0.0361  decode.acc_seg: 97.7890  aux.loss_ce: 0.0138  aux.acc_seg: 97.9185
2026/05/14 18:41:10 - mmengine - INFO - Iter(train) [37800/80000]  lr: 1.7000e-06  eta: 1:45:34  time: 0.1527  data_time: 0.0109  memory: 8506  grad_norm: 0.9757  loss: 0.0673  decode.loss_ce: 0.0480  decode.acc_seg: 94.7209  aux.loss_ce: 0.0193  aux.acc_seg: 95.1102
2026/05/14 18:41:41 - mmengine - INFO - Exp name: large_weijie_ddhr_1xb4_80k_3e-4_dp20_ld90_20260514_165425
2026/05/14 18:41:41 - mmengine - INFO - Iter(train) [38000/80000]  lr: 1.6919e-06  eta: 1:45:05  time: 0.1539  data_time: 0.0110  memory: 8506  grad_norm: 0.7805  loss: 0.0380  decode.loss_ce: 0.0269  decode.acc_seg: 95.7899  aux.loss_ce: 0.0111  aux.acc_seg: 95.7924
2026/05/14 18:42:12 - mmengine - INFO - Iter(train) [38200/80000]  lr: 1.6838e-06  eta: 1:44:36  time: 0.1543  data_time: 0.0116  memory: 8506  grad_norm: 0.6622  loss: 0.0357  decode.loss_ce: 0.0254  decode.acc_seg: 97.5044  aux.loss_ce: 0.0103  aux.acc_seg: 97.4860
2026/05/14 18:42:43 - mmengine - INFO - Iter(train) [38400/80000]  lr: 1.6758e-06  eta: 1:44:07  time: 0.1571  data_time: 0.0113  memory: 8506  grad_norm: 0.6135  loss: 0.0386  decode.loss_ce: 0.0271  decode.acc_seg: 94.4783  aux.loss_ce: 0.0115  aux.acc_seg: 93.6933
2026/05/14 18:43:14 - mmengine - INFO - Iter(train) [38600/80000]  lr: 1.6677e-06  eta: 1:43:37  time: 0.1530  data_time: 0.0110  memory: 8506  grad_norm: 0.7168  loss: 0.0414  decode.loss_ce: 0.0293  decode.acc_seg: 97.6848  aux.loss_ce: 0.0120  aux.acc_seg: 97.9406
2026/05/14 18:43:44 - mmengine - INFO - Iter(train) [38800/80000]  lr: 1.6597e-06  eta: 1:43:08  time: 0.1539  data_time: 0.0111  memory: 8506  grad_norm: 0.4393  loss: 0.0401  decode.loss_ce: 0.0285  decode.acc_seg: 99.6021  aux.loss_ce: 0.0116  aux.acc_seg: 99.5717
2026/05/14 18:44:15 - mmengine - INFO - Exp name: large_weijie_ddhr_1xb4_80k_3e-4_dp20_ld90_20260514_165425
2026/05/14 18:44:15 - mmengine - INFO - Iter(train) [39000/80000]  lr: 1.6516e-06  eta: 1:42:39  time: 0.1520  data_time: 0.0109  memory: 8506  grad_norm: 0.6753  loss: 0.0331  decode.loss_ce: 0.0233  decode.acc_seg: 98.6642  aux.loss_ce: 0.0098  aux.acc_seg: 98.8075
2026/05/14 18:44:45 - mmengine - INFO - Iter(train) [39200/80000]  lr: 1.6436e-06  eta: 1:42:09  time: 0.1550  data_time: 0.0110  memory: 8506  grad_norm: 0.6634  loss: 0.0368  decode.loss_ce: 0.0260  decode.acc_seg: 96.5595  aux.loss_ce: 0.0108  aux.acc_seg: 97.1772
2026/05/14 18:45:16 - mmengine - INFO - Iter(train) [39400/80000]  lr: 1.6355e-06  eta: 1:41:40  time: 0.1534  data_time: 0.0110  memory: 8506  grad_norm: 0.6680  loss: 0.0352  decode.loss_ce: 0.0250  decode.acc_seg: 96.0576  aux.loss_ce: 0.0102  aux.acc_seg: 96.0924
2026/05/14 18:45:47 - mmengine - INFO - Iter(train) [39600/80000]  lr: 1.6275e-06  eta: 1:41:11  time: 0.1520  data_time: 0.0107  memory: 8506  grad_norm: 0.7209  loss: 0.0370  decode.loss_ce: 0.0258  decode.acc_seg: 95.9367  aux.loss_ce: 0.0112  aux.acc_seg: 95.3661
2026/05/14 18:46:18 - mmengine - INFO - Iter(train) [39800/80000]  lr: 1.6194e-06  eta: 1:40:41  time: 0.1540  data_time: 0.0110  memory: 8506  grad_norm: 0.6678  loss: 0.0412  decode.loss_ce: 0.0293  decode.acc_seg: 94.6282  aux.loss_ce: 0.0119  aux.acc_seg: 94.9188
2026/05/14 18:46:47 - mmengine - INFO - Exp name: large_weijie_ddhr_1xb4_80k_3e-4_dp20_ld90_20260514_165425
2026/05/14 18:46:47 - mmengine - INFO - Iter(train) [40000/80000]  lr: 1.6113e-06  eta: 1:40:10  time: 0.1431  data_time: 0.0086  memory: 8506  grad_norm: 0.5673  loss: 0.0372  decode.loss_ce: 0.0265  decode.acc_seg: 95.6708  aux.loss_ce: 0.0107  aux.acc_seg: 96.2735
2026/05/14 18:46:47 - mmengine - INFO - Saving checkpoint at 40000 iterations
2026/05/14 18:47:01 - mmengine - INFO - Iter(val) [ 200/3086]    eta: 0:01:15  time: 0.0217  data_time: 0.0013  memory: 4439  
2026/05/14 18:47:05 - mmengine - INFO - Iter(val) [ 400/3086]    eta: 0:01:04  time: 0.0209  data_time: 0.0013  memory: 4439  
2026/05/14 18:47:09 - mmengine - INFO - Iter(val) [ 600/3086]    eta: 0:00:57  time: 0.0216  data_time: 0.0014  memory: 4439  
2026/05/14 18:47:14 - mmengine - INFO - Iter(val) [ 800/3086]    eta: 0:00:52  time: 0.0213  data_time: 0.0013  memory: 4439  
2026/05/14 18:47:18 - mmengine - INFO - Iter(val) [1000/3086]    eta: 0:00:46  time: 0.0221  data_time: 0.0014  memory: 4439  
2026/05/14 18:47:22 - mmengine - INFO - Iter(val) [1200/3086]    eta: 0:00:42  time: 0.0209  data_time: 0.0014  memory: 4439  
2026/05/14 18:47:27 - mmengine - INFO - Iter(val) [1400/3086]    eta: 0:00:37  time: 0.0214  data_time: 0.0013  memory: 4439  
2026/05/14 18:47:31 - mmengine - INFO - Iter(val) [1600/3086]    eta: 0:00:32  time: 0.0214  data_time: 0.0014  memory: 4439  
2026/05/14 18:47:35 - mmengine - INFO - Iter(val) [1800/3086]    eta: 0:00:28  time: 0.0215  data_time: 0.0014  memory: 4439  
2026/05/14 18:47:40 - mmengine - INFO - Iter(val) [2000/3086]    eta: 0:00:24  time: 0.0217  data_time: 0.0014  memory: 4439  
2026/05/14 18:47:45 - mmengine - INFO - Iter(val) [2200/3086]    eta: 0:00:19  time: 0.0230  data_time: 0.0016  memory: 4439  
2026/05/14 18:47:49 - mmengine - INFO - Iter(val) [2400/3086]    eta: 0:00:15  time: 0.0214  data_time: 0.0013  memory: 4439  
2026/05/14 18:47:53 - mmengine - INFO - Iter(val) [2600/3086]    eta: 0:00:10  time: 0.0223  data_time: 0.0014  memory: 4439  
2026/05/14 18:47:58 - mmengine - INFO - Iter(val) [2800/3086]    eta: 0:00:06  time: 0.0227  data_time: 0.0015  memory: 4439  
2026/05/14 18:48:02 - mmengine - INFO - Iter(val) [3000/3086]    eta: 0:00:01  time: 0.0216  data_time: 0.0014  memory: 4439  
2026/05/14 18:48:04 - mmengine - INFO - per class results:
2026/05/14 18:48:04 - mmengine - INFO - 
+----------+-------+-------+--------+-----------+--------+
|  Class   |  IoU  |  Acc  | Fscore | Precision | Recall |
+----------+-------+-------+--------+-----------+--------+
| Building | 90.27 | 95.01 | 94.89  |   94.77   | 95.01  |
|   Road   | 59.25 | 74.66 | 74.41  |   74.16   | 74.66  |
| Greenery | 81.89 | 88.06 | 90.05  |   92.12   | 88.06  |
|  Water   | 97.93 | 98.67 | 98.96  |   99.24   | 98.67  |
| Farmland | 76.75 |  90.4 | 86.85  |   83.56   |  90.4  |
+----------+-------+-------+--------+-----------+--------+
2026/05/14 18:48:04 - mmengine - INFO - Iter(val) [3086/3086]  aAcc: 92.2600  mIoU: 81.2200  mAcc: 89.3600  mFscore: 89.0300  mPrecision: 88.7700  mRecall: 89.3600  Kappa: 59.5600  data_time: 0.0012  time: 0.0216
2026/05/14 18:48:04 - mmengine - INFO - The previous best checkpoint /root/det/work_dirs/large_weijie_ddhr_1xb4_80k_6e-4/best_aAcc_iter_36000.pth is removed
2026/05/14 18:48:08 - mmengine - INFO - The best checkpoint with 92.2600 aAcc at 40000 iter is saved to best_aAcc_iter_40000.pth.
2026/05/14 18:48:37 - mmengine - INFO - Iter(train) [40200/80000]  lr: 1.6033e-06  eta: 1:39:43  time: 0.1425  data_time: 0.0089  memory: 8506  grad_norm: 0.5614  loss: 0.0324  decode.loss_ce: 0.0227  decode.acc_seg: 96.6102  aux.loss_ce: 0.0097  aux.acc_seg: 95.4582
2026/05/14 18:49:06 - mmengine - INFO - Iter(train) [40400/80000]  lr: 1.5952e-06  eta: 1:39:12  time: 0.1537  data_time: 0.0110  memory: 8506  grad_norm: 0.5530  loss: 0.0488  decode.loss_ce: 0.0348  decode.acc_seg: 98.9298  aux.loss_ce: 0.0140  aux.acc_seg: 98.8170
2026/05/14 18:49:35 - mmengine - INFO - Iter(train) [40600/80000]  lr: 1.5872e-06  eta: 1:38:41  time: 0.1429  data_time: 0.0088  memory: 8506  grad_norm: 0.6373  loss: 0.0467  decode.loss_ce: 0.0330  decode.acc_seg: 96.9402  aux.loss_ce: 0.0137  aux.acc_seg: 96.3801
2026/05/14 18:50:04 - mmengine - INFO - Iter(train) [40800/80000]  lr: 1.5791e-06  eta: 1:38:09  time: 0.1488  data_time: 0.0088  memory: 8506  grad_norm: 1.1404  loss: 0.0692  decode.loss_ce: 0.0495  decode.acc_seg: 95.4773  aux.loss_ce: 0.0197  aux.acc_seg: 95.0792
2026/05/14 18:50:33 - mmengine - INFO - Exp name: large_weijie_ddhr_1xb4_80k_3e-4_dp20_ld90_20260514_165425
2026/05/14 18:50:33 - mmengine - INFO - Iter(train) [41000/80000]  lr: 1.5711e-06  eta: 1:37:38  time: 0.1440  data_time: 0.0088  memory: 8506  grad_norm: 0.8483  loss: 0.0394  decode.loss_ce: 0.0278  decode.acc_seg: 95.7027  aux.loss_ce: 0.0116  aux.acc_seg: 95.7408
2026/05/14 18:51:02 - mmengine - INFO - Iter(train) [41200/80000]  lr: 1.5630e-06  eta: 1:37:07  time: 0.1534  data_time: 0.0110  memory: 8506  grad_norm: 0.5513  loss: 0.0365  decode.loss_ce: 0.0256  decode.acc_seg: 95.8526  aux.loss_ce: 0.0109  aux.acc_seg: 95.7025
2026/05/14 18:51:32 - mmengine - INFO - Iter(train) [41400/80000]  lr: 1.5549e-06  eta: 1:36:38  time: 0.1523  data_time: 0.0109  memory: 8506  grad_norm: 0.7467  loss: 0.0297  decode.loss_ce: 0.0209  decode.acc_seg: 98.6342  aux.loss_ce: 0.0088  aux.acc_seg: 98.6028
2026/05/14 18:52:04 - mmengine - INFO - Iter(train) [41600/80000]  lr: 1.5469e-06  eta: 1:36:09  time: 0.1532  data_time: 0.0104  memory: 8506  grad_norm: 1.3940  loss: 0.0441  decode.loss_ce: 0.0312  decode.acc_seg: 96.8060  aux.loss_ce: 0.0129  aux.acc_seg: 97.2505
2026/05/14 18:52:34 - mmengine - INFO - Iter(train) [41800/80000]  lr: 1.5388e-06  eta: 1:35:39  time: 0.1718  data_time: 0.0145  memory: 8506  grad_norm: 0.6236  loss: 0.0432  decode.loss_ce: 0.0305  decode.acc_seg: 96.7975  aux.loss_ce: 0.0126  aux.acc_seg: 96.8401
2026/05/14 18:53:08 - mmengine - INFO - Exp name: large_weijie_ddhr_1xb4_80k_3e-4_dp20_ld90_20260514_165425
2026/05/14 18:53:08 - mmengine - INFO - Iter(train) [42000/80000]  lr: 1.5308e-06  eta: 1:35:13  time: 0.1676  data_time: 0.0142  memory: 8506  grad_norm: 1.1822  loss: 0.0378  decode.loss_ce: 0.0262  decode.acc_seg: 98.3860  aux.loss_ce: 0.0116  aux.acc_seg: 98.1260
2026/05/14 18:53:42 - mmengine - INFO - Iter(train) [42200/80000]  lr: 1.5227e-06  eta: 1:34:46  time: 0.1711  data_time: 0.0140  memory: 8506  grad_norm: 0.6573  loss: 0.0451  decode.loss_ce: 0.0321  decode.acc_seg: 94.6146  aux.loss_ce: 0.0129  aux.acc_seg: 93.5478
2026/05/14 18:54:16 - mmengine - INFO - Iter(train) [42400/80000]  lr: 1.5147e-06  eta: 1:34:20  time: 0.1693  data_time: 0.0139  memory: 8506  grad_norm: 0.6193  loss: 0.0382  decode.loss_ce: 0.0269  decode.acc_seg: 99.9843  aux.loss_ce: 0.0113  aux.acc_seg: 99.9334
2026/05/14 18:54:50 - mmengine - INFO - Iter(train) [42600/80000]  lr: 1.5066e-06  eta: 1:33:53  time: 0.1686  data_time: 0.0140  memory: 8506  grad_norm: 0.5634  loss: 0.0415  decode.loss_ce: 0.0294  decode.acc_seg: 98.1202  aux.loss_ce: 0.0122  aux.acc_seg: 97.8405
2026/05/14 18:55:25 - mmengine - INFO - Iter(train) [42800/80000]  lr: 1.4985e-06  eta: 1:33:26  time: 0.1712  data_time: 0.0137  memory: 8506  grad_norm: 1.0512  loss: 0.0428  decode.loss_ce: 0.0299  decode.acc_seg: 98.3051  aux.loss_ce: 0.0130  aux.acc_seg: 98.2198
2026/05/14 18:55:59 - mmengine - INFO - Exp name: large_weijie_ddhr_1xb4_80k_3e-4_dp20_ld90_20260514_165425
2026/05/14 18:55:59 - mmengine - INFO - Iter(train) [43000/80000]  lr: 1.4905e-06  eta: 1:32:59  time: 0.1697  data_time: 0.0138  memory: 8506  grad_norm: 0.7860  loss: 0.0405  decode.loss_ce: 0.0284  decode.acc_seg: 96.8034  aux.loss_ce: 0.0121  aux.acc_seg: 96.5490
2026/05/14 18:56:33 - mmengine - INFO - Iter(train) [43200/80000]  lr: 1.4824e-06  eta: 1:32:33  time: 0.1689  data_time: 0.0137  memory: 8506  grad_norm: 0.5895  loss: 0.0428  decode.loss_ce: 0.0300  decode.acc_seg: 98.8908  aux.loss_ce: 0.0127  aux.acc_seg: 98.7157
2026/05/14 18:57:07 - mmengine - INFO - Iter(train) [43400/80000]  lr: 1.4744e-06  eta: 1:32:06  time: 0.1685  data_time: 0.0135  memory: 8506  grad_norm: 0.8271  loss: 0.0383  decode.loss_ce: 0.0272  decode.acc_seg: 98.9644  aux.loss_ce: 0.0111  aux.acc_seg: 98.9577
2026/05/14 18:57:41 - mmengine - INFO - Iter(train) [43600/80000]  lr: 1.4663e-06  eta: 1:31:38  time: 0.1677  data_time: 0.0143  memory: 8506  grad_norm: 0.7407  loss: 0.0478  decode.loss_ce: 0.0342  decode.acc_seg: 99.5812  aux.loss_ce: 0.0136  aux.acc_seg: 99.5918
2026/05/14 18:58:15 - mmengine - INFO - Iter(train) [43800/80000]  lr: 1.4583e-06  eta: 1:31:11  time: 0.1707  data_time: 0.0148  memory: 8506  grad_norm: 0.6826  loss: 0.0347  decode.loss_ce: 0.0239  decode.acc_seg: 90.7899  aux.loss_ce: 0.0107  aux.acc_seg: 90.9924
2026/05/14 18:58:49 - mmengine - INFO - Exp name: large_weijie_ddhr_1xb4_80k_3e-4_dp20_ld90_20260514_165425
2026/05/14 18:58:49 - mmengine - INFO - Iter(train) [44000/80000]  lr: 1.4502e-06  eta: 1:30:44  time: 0.1703  data_time: 0.0142  memory: 8506  grad_norm: 0.6909  loss: 0.0377  decode.loss_ce: 0.0266  decode.acc_seg: 97.3872  aux.loss_ce: 0.0111  aux.acc_seg: 96.7236
2026/05/14 18:58:49 - mmengine - INFO - Saving checkpoint at 44000 iterations
2026/05/14 18:59:04 - mmengine - INFO - Iter(val) [ 200/3086]    eta: 0:01:05  time: 0.0217  data_time: 0.0015  memory: 4439  
2026/05/14 18:59:08 - mmengine - INFO - Iter(val) [ 400/3086]    eta: 0:00:59  time: 0.0208  data_time: 0.0015  memory: 4439  
2026/05/14 18:59:12 - mmengine - INFO - Iter(val) [ 600/3086]    eta: 0:00:54  time: 0.0210  data_time: 0.0015  memory: 4439  
2026/05/14 18:59:17 - mmengine - INFO - Iter(val) [ 800/3086]    eta: 0:00:49  time: 0.0212  data_time: 0.0015  memory: 4439  
2026/05/14 18:59:21 - mmengine - INFO - Iter(val) [1000/3086]    eta: 0:00:45  time: 0.0217  data_time: 0.0015  memory: 4439  
2026/05/14 18:59:25 - mmengine - INFO - Iter(val) [1200/3086]    eta: 0:00:40  time: 0.0206  data_time: 0.0014  memory: 4439  
2026/05/14 18:59:29 - mmengine - INFO - Iter(val) [1400/3086]    eta: 0:00:36  time: 0.0210  data_time: 0.0014  memory: 4439  
2026/05/14 18:59:34 - mmengine - INFO - Iter(val) [1600/3086]    eta: 0:00:31  time: 0.0213  data_time: 0.0015  memory: 4439  
2026/05/14 18:59:39 - mmengine - INFO - Iter(val) [1800/3086]    eta: 0:00:28  time: 0.0293  data_time: 0.0021  memory: 4439  
2026/05/14 18:59:45 - mmengine - INFO - Iter(val) [2000/3086]    eta: 0:00:24  time: 0.0216  data_time: 0.0015  memory: 4439  
2026/05/14 18:59:50 - mmengine - INFO - Iter(val) [2200/3086]    eta: 0:00:20  time: 0.0218  data_time: 0.0014  memory: 4439  
2026/05/14 18:59:55 - mmengine - INFO - Iter(val) [2400/3086]    eta: 0:00:15  time: 0.0215  data_time: 0.0015  memory: 4439  
2026/05/14 18:59:59 - mmengine - INFO - Iter(val) [2600/3086]    eta: 0:00:11  time: 0.0217  data_time: 0.0014  memory: 4439  
2026/05/14 19:00:04 - mmengine - INFO - Iter(val) [2800/3086]    eta: 0:00:06  time: 0.0214  data_time: 0.0015  memory: 4439  
2026/05/14 19:00:08 - mmengine - INFO - Iter(val) [3000/3086]    eta: 0:00:01  time: 0.0214  data_time: 0.0015  memory: 4439  
2026/05/14 19:00:10 - mmengine - INFO - per class results:
2026/05/14 19:00:10 - mmengine - INFO - 
+----------+-------+-------+--------+-----------+--------+
|  Class   |  IoU  |  Acc  | Fscore | Precision | Recall |
+----------+-------+-------+--------+-----------+--------+
| Building | 90.25 | 95.33 | 94.87  |   94.42   | 95.33  |
|   Road   | 59.68 | 73.65 | 74.75  |   75.88   | 73.65  |
| Greenery | 81.79 | 87.64 | 89.98  |   92.45   | 87.64  |
|  Water   | 97.94 |  98.6 | 98.96  |   99.32   |  98.6  |
| Farmland | 75.64 | 89.95 | 86.13  |   82.62   | 89.95  |
+----------+-------+-------+--------+-----------+--------+
2026/05/14 19:00:10 - mmengine - INFO - Iter(val) [3086/3086]  aAcc: 92.1800  mIoU: 81.0600  mAcc: 89.0400  mFscore: 88.9400  mPrecision: 88.9400  mRecall: 89.0400  Kappa: 59.5800  data_time: 0.0014  time: 0.0216
2026/05/14 19:00:39 - mmengine - INFO - Iter(train) [44200/80000]  lr: 1.4421e-06  eta: 1:30:13  time: 0.1708  data_time: 0.0147  memory: 8506  grad_norm: 0.5053  loss: 0.0354  decode.loss_ce: 0.0249  decode.acc_seg: 97.3269  aux.loss_ce: 0.0105  aux.acc_seg: 97.3047
2026/05/14 19:01:13 - mmengine - INFO - Iter(train) [44400/80000]  lr: 1.4341e-06  eta: 1:29:46  time: 0.1689  data_time: 0.0142  memory: 8506  grad_norm: 0.4939  loss: 0.0241  decode.loss_ce: 0.0172  decode.acc_seg: 98.0480  aux.loss_ce: 0.0070  aux.acc_seg: 97.9906
2026/05/14 19:01:47 - mmengine - INFO - Iter(train) [44600/80000]  lr: 1.4260e-06  eta: 1:29:19  time: 0.1734  data_time: 0.0144  memory: 8506  grad_norm: 0.7217  loss: 0.0337  decode.loss_ce: 0.0242  decode.acc_seg: 97.5676  aux.loss_ce: 0.0095  aux.acc_seg: 97.8436
2026/05/14 19:02:21 - mmengine - INFO - Iter(train) [44800/80000]  lr: 1.4180e-06  eta: 1:28:51  time: 0.1678  data_time: 0.0127  memory: 8506  grad_norm: 0.5459  loss: 0.0306  decode.loss_ce: 0.0214  decode.acc_seg: 97.8397  aux.loss_ce: 0.0092  aux.acc_seg: 98.0028
2026/05/14 19:02:55 - mmengine - INFO - Exp name: large_weijie_ddhr_1xb4_80k_3e-4_dp20_ld90_20260514_165425
2026/05/14 19:02:55 - mmengine - INFO - Iter(train) [45000/80000]  lr: 1.4099e-06  eta: 1:28:24  time: 0.1715  data_time: 0.0136  memory: 8506  grad_norm: 0.7933  loss: 0.0399  decode.loss_ce: 0.0286  decode.acc_seg: 96.5351  aux.loss_ce: 0.0113  aux.acc_seg: 96.5312
2026/05/14 19:03:29 - mmengine - INFO - Iter(train) [45200/80000]  lr: 1.4019e-06  eta: 1:27:57  time: 0.1684  data_time: 0.0140  memory: 8506  grad_norm: 0.4470  loss: 0.0267  decode.loss_ce: 0.0188  decode.acc_seg: 98.9528  aux.loss_ce: 0.0079  aux.acc_seg: 98.9887
2026/05/14 19:04:03 - mmengine - INFO - Iter(train) [45400/80000]  lr: 1.3938e-06  eta: 1:27:29  time: 0.1723  data_time: 0.0144  memory: 8506  grad_norm: 0.5275  loss: 0.0282  decode.loss_ce: 0.0201  decode.acc_seg: 99.4409  aux.loss_ce: 0.0081  aux.acc_seg: 99.2610
2026/05/14 19:04:38 - mmengine - INFO - Iter(train) [45600/80000]  lr: 1.3857e-06  eta: 1:27:02  time: 0.1706  data_time: 0.0146  memory: 8506  grad_norm: 0.5774  loss: 0.0388  decode.loss_ce: 0.0273  decode.acc_seg: 97.0173  aux.loss_ce: 0.0115  aux.acc_seg: 96.8820
2026/05/14 19:05:12 - mmengine - INFO - Iter(train) [45800/80000]  lr: 1.3777e-06  eta: 1:26:34  time: 0.1704  data_time: 0.0141  memory: 8506  grad_norm: 0.4083  loss: 0.0314  decode.loss_ce: 0.0223  decode.acc_seg: 99.4117  aux.loss_ce: 0.0091  aux.acc_seg: 99.2926
2026/05/14 19:05:45 - mmengine - INFO - Exp name: large_weijie_ddhr_1xb4_80k_3e-4_dp20_ld90_20260514_165425
2026/05/14 19:05:45 - mmengine - INFO - Iter(train) [46000/80000]  lr: 1.3696e-06  eta: 1:26:06  time: 0.1666  data_time: 0.0138  memory: 8506  grad_norm: 0.3875  loss: 0.0222  decode.loss_ce: 0.0155  decode.acc_seg: 99.4328  aux.loss_ce: 0.0067  aux.acc_seg: 99.6173
2026/05/14 19:06:19 - mmengine - INFO - Iter(train) [46200/80000]  lr: 1.3616e-06  eta: 1:25:38  time: 0.1669  data_time: 0.0139  memory: 8506  grad_norm: 0.5135  loss: 0.0313  decode.loss_ce: 0.0218  decode.acc_seg: 98.7058  aux.loss_ce: 0.0095  aux.acc_seg: 98.3866
2026/05/14 19:06:53 - mmengine - INFO - Iter(train) [46400/80000]  lr: 1.3535e-06  eta: 1:25:10  time: 0.1686  data_time: 0.0136  memory: 8506  grad_norm: 0.6496  loss: 0.0345  decode.loss_ce: 0.0240  decode.acc_seg: 99.1594  aux.loss_ce: 0.0105  aux.acc_seg: 99.1489
2026/05/14 19:07:27 - mmengine - INFO - Iter(train) [46600/80000]  lr: 1.3455e-06  eta: 1:24:42  time: 0.1664  data_time: 0.0138  memory: 8506  grad_norm: 0.5497  loss: 0.0361  decode.loss_ce: 0.0259  decode.acc_seg: 95.4147  aux.loss_ce: 0.0102  aux.acc_seg: 95.3261
2026/05/14 19:08:01 - mmengine - INFO - Iter(train) [46800/80000]  lr: 1.3374e-06  eta: 1:24:14  time: 0.1702  data_time: 0.0141  memory: 8506  grad_norm: 0.4604  loss: 0.0311  decode.loss_ce: 0.0219  decode.acc_seg: 95.8147  aux.loss_ce: 0.0092  aux.acc_seg: 95.4770
2026/05/14 19:08:35 - mmengine - INFO - Exp name: large_weijie_ddhr_1xb4_80k_3e-4_dp20_ld90_20260514_165425
2026/05/14 19:08:35 - mmengine - INFO - Iter(train) [47000/80000]  lr: 1.3294e-06  eta: 1:23:46  time: 0.1671  data_time: 0.0138  memory: 8506  grad_norm: 0.5034  loss: 0.0338  decode.loss_ce: 0.0237  decode.acc_seg: 96.0787  aux.loss_ce: 0.0101  aux.acc_seg: 95.6762
2026/05/14 19:09:09 - mmengine - INFO - Iter(train) [47200/80000]  lr: 1.3213e-06  eta: 1:23:18  time: 0.1680  data_time: 0.0140  memory: 8506  grad_norm: 0.5897  loss: 0.0446  decode.loss_ce: 0.0314  decode.acc_seg: 94.2585  aux.loss_ce: 0.0132  aux.acc_seg: 94.1422
2026/05/14 19:09:43 - mmengine - INFO - Iter(train) [47400/80000]  lr: 1.3132e-06  eta: 1:22:50  time: 0.1708  data_time: 0.0138  memory: 8506  grad_norm: 0.5557  loss: 0.0385  decode.loss_ce: 0.0272  decode.acc_seg: 98.6713  aux.loss_ce: 0.0113  aux.acc_seg: 98.5702
2026/05/14 19:10:17 - mmengine - INFO - Iter(train) [47600/80000]  lr: 1.3052e-06  eta: 1:22:22  time: 0.1687  data_time: 0.0137  memory: 8506  grad_norm: 0.8621  loss: 0.0500  decode.loss_ce: 0.0357  decode.acc_seg: 97.8264  aux.loss_ce: 0.0143  aux.acc_seg: 97.6131
2026/05/14 19:10:50 - mmengine - INFO - Iter(train) [47800/80000]  lr: 1.2971e-06  eta: 1:21:54  time: 0.1731  data_time: 0.0143  memory: 8506  grad_norm: 0.9677  loss: 0.0387  decode.loss_ce: 0.0273  decode.acc_seg: 97.7336  aux.loss_ce: 0.0114  aux.acc_seg: 97.8414
2026/05/14 19:11:24 - mmengine - INFO - Exp name: large_weijie_ddhr_1xb4_80k_3e-4_dp20_ld90_20260514_165425
2026/05/14 19:11:24 - mmengine - INFO - Iter(train) [48000/80000]  lr: 1.2891e-06  eta: 1:21:25  time: 0.1699  data_time: 0.0148  memory: 8506  grad_norm: 0.3848  loss: 0.0222  decode.loss_ce: 0.0153  decode.acc_seg: 99.0185  aux.loss_ce: 0.0069  aux.acc_seg: 98.9022
2026/05/14 19:11:24 - mmengine - INFO - Saving checkpoint at 48000 iterations
2026/05/14 19:11:40 - mmengine - INFO - Iter(val) [ 200/3086]    eta: 0:01:21  time: 0.0217  data_time: 0.0014  memory: 4439  
2026/05/14 19:11:45 - mmengine - INFO - Iter(val) [ 400/3086]    eta: 0:01:06  time: 0.0211  data_time: 0.0014  memory: 4439  
2026/05/14 19:11:49 - mmengine - INFO - Iter(val) [ 600/3086]    eta: 0:00:58  time: 0.0209  data_time: 0.0014  memory: 4439  
2026/05/14 19:11:53 - mmengine - INFO - Iter(val) [ 800/3086]    eta: 0:00:52  time: 0.0215  data_time: 0.0015  memory: 4439  
2026/05/14 19:11:57 - mmengine - INFO - Iter(val) [1000/3086]    eta: 0:00:47  time: 0.0221  data_time: 0.0016  memory: 4439  
2026/05/14 19:12:02 - mmengine - INFO - Iter(val) [1200/3086]    eta: 0:00:42  time: 0.0208  data_time: 0.0015  memory: 4439  
2026/05/14 19:12:06 - mmengine - INFO - Iter(val) [1400/3086]    eta: 0:00:37  time: 0.0211  data_time: 0.0015  memory: 4439  
2026/05/14 19:12:11 - mmengine - INFO - Iter(val) [1600/3086]    eta: 0:00:33  time: 0.0307  data_time: 0.0025  memory: 4439  
2026/05/14 19:12:15 - mmengine - INFO - Iter(val) [1800/3086]    eta: 0:00:28  time: 0.0213  data_time: 0.0016  memory: 4439  
2026/05/14 19:12:19 - mmengine - INFO - Iter(val) [2000/3086]    eta: 0:00:24  time: 0.0214  data_time: 0.0015  memory: 4439  
2026/05/14 19:12:23 - mmengine - INFO - Iter(val) [2200/3086]    eta: 0:00:19  time: 0.0218  data_time: 0.0014  memory: 4439  
2026/05/14 19:12:28 - mmengine - INFO - Iter(val) [2400/3086]    eta: 0:00:15  time: 0.0214  data_time: 0.0016  memory: 4439  
2026/05/14 19:12:32 - mmengine - INFO - Iter(val) [2600/3086]    eta: 0:00:10  time: 0.0217  data_time: 0.0015  memory: 4439  
2026/05/14 19:12:36 - mmengine - INFO - Iter(val) [2800/3086]    eta: 0:00:06  time: 0.0214  data_time: 0.0015  memory: 4439  
2026/05/14 19:12:41 - mmengine - INFO - Iter(val) [3000/3086]    eta: 0:00:01  time: 0.0216  data_time: 0.0015  memory: 4439  
2026/05/14 19:12:43 - mmengine - INFO - per class results:
2026/05/14 19:12:43 - mmengine - INFO - 
+----------+-------+-------+--------+-----------+--------+
|  Class   |  IoU  |  Acc  | Fscore | Precision | Recall |
+----------+-------+-------+--------+-----------+--------+
| Building | 90.62 | 95.58 | 95.08  |   94.58   | 95.58  |
|   Road   | 60.87 | 71.92 | 75.67  |   79.84   | 71.92  |
| Greenery | 82.79 | 89.26 | 90.58  |   91.95   | 89.26  |
|  Water   |  98.1 |  98.8 | 99.04  |   99.28   |  98.8  |
| Farmland | 77.78 | 90.44 |  87.5  |   84.75   | 90.44  |
+----------+-------+-------+--------+-----------+--------+
2026/05/14 19:12:43 - mmengine - INFO - Iter(val) [3086/3086]  aAcc: 92.6800  mIoU: 82.0300  mAcc: 89.2000  mFscore: 89.5800  mPrecision: 90.0800  mRecall: 89.2000  Kappa: 61.0800  data_time: 0.0014  time: 0.0216
2026/05/14 19:12:43 - mmengine - INFO - The previous best checkpoint /root/det/work_dirs/large_weijie_ddhr_1xb4_80k_6e-4/best_aAcc_iter_40000.pth is removed
2026/05/14 19:12:48 - mmengine - INFO - The best checkpoint with 92.6800 aAcc at 48000 iter is saved to best_aAcc_iter_48000.pth.
2026/05/14 19:13:17 - mmengine - INFO - Iter(train) [48200/80000]  lr: 1.2810e-06  eta: 1:20:57  time: 0.1417  data_time: 0.0078  memory: 8506  grad_norm: 0.8332  loss: 0.0334  decode.loss_ce: 0.0219  decode.acc_seg: 97.6328  aux.loss_ce: 0.0115  aux.acc_seg: 97.6006
2026/05/14 19:13:45 - mmengine - INFO - Iter(train) [48400/80000]  lr: 1.2730e-06  eta: 1:20:25  time: 0.1427  data_time: 0.0078  memory: 8506  grad_norm: 0.3703  loss: 0.0208  decode.loss_ce: 0.0147  decode.acc_seg: 97.6597  aux.loss_ce: 0.0061  aux.acc_seg: 97.7333
2026/05/14 19:14:13 - mmengine - INFO - Iter(train) [48600/80000]  lr: 1.2649e-06  eta: 1:19:53  time: 0.1409  data_time: 0.0076  memory: 8506  grad_norm: 0.9012  loss: 0.0389  decode.loss_ce: 0.0275  decode.acc_seg: 95.9627  aux.loss_ce: 0.0115  aux.acc_seg: 95.6111
2026/05/14 19:14:42 - mmengine - INFO - Iter(train) [48800/80000]  lr: 1.2568e-06  eta: 1:19:21  time: 0.1420  data_time: 0.0077  memory: 8506  grad_norm: 0.7418  loss: 0.0410  decode.loss_ce: 0.0285  decode.acc_seg: 98.9856  aux.loss_ce: 0.0124  aux.acc_seg: 98.9096
2026/05/14 19:15:12 - mmengine - INFO - Exp name: large_weijie_ddhr_1xb4_80k_3e-4_dp20_ld90_20260514_165425
2026/05/14 19:15:12 - mmengine - INFO - Iter(train) [49000/80000]  lr: 1.2488e-06  eta: 1:18:50  time: 0.1715  data_time: 0.0144  memory: 8506  grad_norm: 0.6130  loss: 0.0329  decode.loss_ce: 0.0233  decode.acc_seg: 98.6014  aux.loss_ce: 0.0096  aux.acc_seg: 98.5006
2026/05/14 19:15:46 - mmengine - INFO - Iter(train) [49200/80000]  lr: 1.2407e-06  eta: 1:18:22  time: 0.1702  data_time: 0.0143  memory: 8506  grad_norm: 0.4879  loss: 0.0247  decode.loss_ce: 0.0176  decode.acc_seg: 97.3818  aux.loss_ce: 0.0071  aux.acc_seg: 97.5314
2026/05/14 19:16:19 - mmengine - INFO - Iter(train) [49400/80000]  lr: 1.2327e-06  eta: 1:17:53  time: 0.1698  data_time: 0.0140  memory: 8506  grad_norm: 0.4275  loss: 0.0244  decode.loss_ce: 0.0172  decode.acc_seg: 97.5300  aux.loss_ce: 0.0071  aux.acc_seg: 97.3861
2026/05/14 19:16:53 - mmengine - INFO - Iter(train) [49600/80000]  lr: 1.2246e-06  eta: 1:17:25  time: 0.1681  data_time: 0.0144  memory: 8506  grad_norm: 0.4607  loss: 0.0228  decode.loss_ce: 0.0162  decode.acc_seg: 99.6583  aux.loss_ce: 0.0066  aux.acc_seg: 99.7386
2026/05/14 19:17:28 - mmengine - INFO - Iter(train) [49800/80000]  lr: 1.2166e-06  eta: 1:16:57  time: 0.1692  data_time: 0.0145  memory: 8506  grad_norm: 0.5880  loss: 0.0307  decode.loss_ce: 0.0220  decode.acc_seg: 96.2454  aux.loss_ce: 0.0086  aux.acc_seg: 96.7387
2026/05/14 19:18:02 - mmengine - INFO - Exp name: large_weijie_ddhr_1xb4_80k_3e-4_dp20_ld90_20260514_165425
2026/05/14 19:18:02 - mmengine - INFO - Iter(train) [50000/80000]  lr: 1.2085e-06  eta: 1:16:28  time: 0.1702  data_time: 0.0141  memory: 8506  grad_norm: 0.5757  loss: 0.0287  decode.loss_ce: 0.0201  decode.acc_seg: 98.8193  aux.loss_ce: 0.0086  aux.acc_seg: 98.5622
2026/05/14 19:18:36 - mmengine - INFO - Iter(train) [50200/80000]  lr: 1.2004e-06  eta: 1:16:00  time: 0.1696  data_time: 0.0147  memory: 8506  grad_norm: 0.8381  loss: 0.0628  decode.loss_ce: 0.0460  decode.acc_seg: 83.7450  aux.loss_ce: 0.0168  aux.acc_seg: 90.0817
2026/05/14 19:19:10 - mmengine - INFO - Iter(train) [50400/80000]  lr: 1.1924e-06  eta: 1:15:31  time: 0.1701  data_time: 0.0141  memory: 8506  grad_norm: 0.5024  loss: 0.0492  decode.loss_ce: 0.0349  decode.acc_seg: 95.4719  aux.loss_ce: 0.0143  aux.acc_seg: 95.1092
2026/05/14 19:19:44 - mmengine - INFO - Iter(train) [50600/80000]  lr: 1.1843e-06  eta: 1:15:02  time: 0.1702  data_time: 0.0142  memory: 8506  grad_norm: 1.0707  loss: 0.0383  decode.loss_ce: 0.0270  decode.acc_seg: 96.6123  aux.loss_ce: 0.0113  aux.acc_seg: 96.2547
2026/05/14 19:20:18 - mmengine - INFO - Iter(train) [50800/80000]  lr: 1.1763e-06  eta: 1:14:34  time: 0.1689  data_time: 0.0141  memory: 8506  grad_norm: 0.6493  loss: 0.0268  decode.loss_ce: 0.0188  decode.acc_seg: 98.2412  aux.loss_ce: 0.0080  aux.acc_seg: 98.3416
2026/05/14 19:20:52 - mmengine - INFO - Exp name: large_weijie_ddhr_1xb4_80k_3e-4_dp20_ld90_20260514_165425
2026/05/14 19:20:52 - mmengine - INFO - Iter(train) [51000/80000]  lr: 1.1682e-06  eta: 1:14:05  time: 0.1698  data_time: 0.0143  memory: 8506  grad_norm: 1.2175  loss: 0.0342  decode.loss_ce: 0.0236  decode.acc_seg: 98.0078  aux.loss_ce: 0.0106  aux.acc_seg: 97.8410
2026/05/14 19:21:26 - mmengine - INFO - Iter(train) [51200/80000]  lr: 1.1602e-06  eta: 1:13:36  time: 0.1695  data_time: 0.0143  memory: 8506  grad_norm: 0.9535  loss: 0.0728  decode.loss_ce: 0.0516  decode.acc_seg: 95.6022  aux.loss_ce: 0.0211  aux.acc_seg: 94.8125
2026/05/14 19:22:00 - mmengine - INFO - Iter(train) [51400/80000]  lr: 1.1521e-06  eta: 1:13:07  time: 0.1688  data_time: 0.0142  memory: 8506  grad_norm: 0.4528  loss: 0.0247  decode.loss_ce: 0.0170  decode.acc_seg: 98.9221  aux.loss_ce: 0.0076  aux.acc_seg: 98.6939
2026/05/14 19:22:34 - mmengine - INFO - Iter(train) [51600/80000]  lr: 1.1440e-06  eta: 1:12:38  time: 0.1707  data_time: 0.0138  memory: 8506  grad_norm: 0.3819  loss: 0.0152  decode.loss_ce: 0.0105  decode.acc_seg: 98.3649  aux.loss_ce: 0.0046  aux.acc_seg: 98.3578
2026/05/14 19:23:08 - mmengine - INFO - Iter(train) [51800/80000]  lr: 1.1360e-06  eta: 1:12:10  time: 0.1694  data_time: 0.0141  memory: 8506  grad_norm: 0.6179  loss: 0.0318  decode.loss_ce: 0.0219  decode.acc_seg: 98.6829  aux.loss_ce: 0.0099  aux.acc_seg: 98.2392
2026/05/14 19:23:42 - mmengine - INFO - Exp name: large_weijie_ddhr_1xb4_80k_3e-4_dp20_ld90_20260514_165425
2026/05/14 19:23:42 - mmengine - INFO - Iter(train) [52000/80000]  lr: 1.1279e-06  eta: 1:11:41  time: 0.1708  data_time: 0.0144  memory: 8506  grad_norm: 0.6048  loss: 0.0344  decode.loss_ce: 0.0246  decode.acc_seg: 99.4438  aux.loss_ce: 0.0099  aux.acc_seg: 99.3076
2026/05/14 19:23:42 - mmengine - INFO - Saving checkpoint at 52000 iterations
2026/05/14 19:23:59 - mmengine - INFO - Iter(val) [ 200/3086]    eta: 0:01:27  time: 0.0218  data_time: 0.0016  memory: 4439  
2026/05/14 19:24:03 - mmengine - INFO - Iter(val) [ 400/3086]    eta: 0:01:09  time: 0.0209  data_time: 0.0014  memory: 4439  
2026/05/14 19:24:07 - mmengine - INFO - Iter(val) [ 600/3086]    eta: 0:01:00  time: 0.0207  data_time: 0.0014  memory: 4439  
2026/05/14 19:24:12 - mmengine - INFO - Iter(val) [ 800/3086]    eta: 0:00:54  time: 0.0292  data_time: 0.0016  memory: 4439  
2026/05/14 19:24:17 - mmengine - INFO - Iter(val) [1000/3086]    eta: 0:00:49  time: 0.0214  data_time: 0.0013  memory: 4439  
2026/05/14 19:24:21 - mmengine - INFO - Iter(val) [1200/3086]    eta: 0:00:43  time: 0.0214  data_time: 0.0013  memory: 4439  
2026/05/14 19:24:25 - mmengine - INFO - Iter(val) [1400/3086]    eta: 0:00:38  time: 0.0212  data_time: 0.0014  memory: 4439  
2026/05/14 19:24:29 - mmengine - INFO - Iter(val) [1600/3086]    eta: 0:00:33  time: 0.0210  data_time: 0.0013  memory: 4439  
2026/05/14 19:24:34 - mmengine - INFO - Iter(val) [1800/3086]    eta: 0:00:29  time: 0.0212  data_time: 0.0014  memory: 4439  
2026/05/14 19:24:38 - mmengine - INFO - Iter(val) [2000/3086]    eta: 0:00:24  time: 0.0213  data_time: 0.0014  memory: 4439  
2026/05/14 19:24:42 - mmengine - INFO - Iter(val) [2200/3086]    eta: 0:00:19  time: 0.0222  data_time: 0.0015  memory: 4439  
2026/05/14 19:24:47 - mmengine - INFO - Iter(val) [2400/3086]    eta: 0:00:15  time: 0.0212  data_time: 0.0015  memory: 4439  
2026/05/14 19:24:53 - mmengine - INFO - Iter(val) [2600/3086]    eta: 0:00:11  time: 0.0216  data_time: 0.0015  memory: 4439  
2026/05/14 19:24:57 - mmengine - INFO - Iter(val) [2800/3086]    eta: 0:00:06  time: 0.0220  data_time: 0.0015  memory: 4439  
2026/05/14 19:25:01 - mmengine - INFO - Iter(val) [3000/3086]    eta: 0:00:01  time: 0.0215  data_time: 0.0015  memory: 4439  
2026/05/14 19:25:03 - mmengine - INFO - per class results:
2026/05/14 19:25:03 - mmengine - INFO - 
+----------+-------+-------+--------+-----------+--------+
|  Class   |  IoU  |  Acc  | Fscore | Precision | Recall |
+----------+-------+-------+--------+-----------+--------+
| Building | 90.62 | 94.76 | 95.08  |    95.4   | 94.76  |
|   Road   | 61.26 | 77.03 | 75.98  |   74.96   | 77.03  |
| Greenery | 83.04 | 90.08 | 90.73  |   91.39   | 90.08  |
|  Water   | 98.16 | 98.73 | 99.07  |   99.41   | 98.73  |
| Farmland | 77.75 | 89.62 | 87.48  |   85.44   | 89.62  |
+----------+-------+-------+--------+-----------+--------+
2026/05/14 19:25:03 - mmengine - INFO - Iter(val) [3086/3086]  aAcc: 92.6700  mIoU: 82.1700  mAcc: 90.0500  mFscore: 89.6700  mPrecision: 89.3200  mRecall: 90.0500  Kappa: 61.0500  data_time: 0.0015  time: 0.0217
2026/05/14 19:25:31 - mmengine - INFO - Iter(train) [52200/80000]  lr: 1.1199e-06  eta: 1:11:09  time: 0.1430  data_time: 0.0080  memory: 8506  grad_norm: 0.5710  loss: 0.0303  decode.loss_ce: 0.0212  decode.acc_seg: 99.1002  aux.loss_ce: 0.0091  aux.acc_seg: 98.9648
2026/05/14 19:26:00 - mmengine - INFO - Iter(train) [52400/80000]  lr: 1.1118e-06  eta: 1:10:37  time: 0.1394  data_time: 0.0079  memory: 8506  grad_norm: 0.3327  loss: 0.0209  decode.loss_ce: 0.0145  decode.acc_seg: 98.9180  aux.loss_ce: 0.0064  aux.acc_seg: 99.0136
2026/05/14 19:26:28 - mmengine - INFO - Iter(train) [52600/80000]  lr: 1.1038e-06  eta: 1:10:05  time: 0.1392  data_time: 0.0075  memory: 8506  grad_norm: 0.7213  loss: 0.0359  decode.loss_ce: 0.0254  decode.acc_seg: 94.8598  aux.loss_ce: 0.0105  aux.acc_seg: 95.4066
2026/05/14 19:26:56 - mmengine - INFO - Iter(train) [52800/80000]  lr: 1.0957e-06  eta: 1:09:33  time: 0.1389  data_time: 0.0079  memory: 8506  grad_norm: 0.3952  loss: 0.0270  decode.loss_ce: 0.0190  decode.acc_seg: 97.1635  aux.loss_ce: 0.0080  aux.acc_seg: 96.6861
2026/05/14 19:27:25 - mmengine - INFO - Exp name: large_weijie_ddhr_1xb4_80k_3e-4_dp20_ld90_20260514_165425
2026/05/14 19:27:25 - mmengine - INFO - Iter(train) [53000/80000]  lr: 1.0877e-06  eta: 1:09:01  time: 0.1409  data_time: 0.0076  memory: 8506  grad_norm: 0.5006  loss: 0.0360  decode.loss_ce: 0.0254  decode.acc_seg: 98.8501  aux.loss_ce: 0.0106  aux.acc_seg: 98.8408
2026/05/14 19:27:53 - mmengine - INFO - Iter(train) [53200/80000]  lr: 1.0796e-06  eta: 1:08:29  time: 0.1431  data_time: 0.0080  memory: 8506  grad_norm: 0.2749  loss: 0.0191  decode.loss_ce: 0.0132  decode.acc_seg: 99.9666  aux.loss_ce: 0.0058  aux.acc_seg: 99.9633
2026/05/14 19:28:23 - mmengine - INFO - Iter(train) [53400/80000]  lr: 1.0715e-06  eta: 1:07:58  time: 0.1708  data_time: 0.0144  memory: 8506  grad_norm: 0.7446  loss: 0.0264  decode.loss_ce: 0.0180  decode.acc_seg: 97.6730  aux.loss_ce: 0.0084  aux.acc_seg: 97.5152
2026/05/14 19:28:57 - mmengine - INFO - Iter(train) [53600/80000]  lr: 1.0635e-06  eta: 1:07:29  time: 0.1716  data_time: 0.0137  memory: 8506  grad_norm: 0.4269  loss: 0.0250  decode.loss_ce: 0.0175  decode.acc_seg: 98.0927  aux.loss_ce: 0.0075  aux.acc_seg: 97.9159
2026/05/14 19:29:32 - mmengine - INFO - Iter(train) [53800/80000]  lr: 1.0554e-06  eta: 1:07:00  time: 0.1690  data_time: 0.0140  memory: 8506  grad_norm: 0.6973  loss: 0.0391  decode.loss_ce: 0.0278  decode.acc_seg: 96.2776  aux.loss_ce: 0.0113  aux.acc_seg: 96.1678
2026/05/14 19:30:06 - mmengine - INFO - Exp name: large_weijie_ddhr_1xb4_80k_3e-4_dp20_ld90_20260514_165425
2026/05/14 19:30:06 - mmengine - INFO - Iter(train) [54000/80000]  lr: 1.0474e-06  eta: 1:06:31  time: 0.1690  data_time: 0.0139  memory: 8506  grad_norm: 0.6005  loss: 0.0263  decode.loss_ce: 0.0184  decode.acc_seg: 98.6688  aux.loss_ce: 0.0079  aux.acc_seg: 98.4158
2026/05/14 19:30:40 - mmengine - INFO - Iter(train) [54200/80000]  lr: 1.0393e-06  eta: 1:06:02  time: 0.1768  data_time: 0.0141  memory: 8506  grad_norm: 0.3551  loss: 0.0264  decode.loss_ce: 0.0186  decode.acc_seg: 96.8886  aux.loss_ce: 0.0079  aux.acc_seg: 95.8996
2026/05/14 19:31:14 - mmengine - INFO - Iter(train) [54400/80000]  lr: 1.0313e-06  eta: 1:05:33  time: 0.1700  data_time: 0.0146  memory: 8506  grad_norm: 0.5782  loss: 0.0294  decode.loss_ce: 0.0206  decode.acc_seg: 97.3967  aux.loss_ce: 0.0088  aux.acc_seg: 97.2693
2026/05/14 19:31:49 - mmengine - INFO - Iter(train) [54600/80000]  lr: 1.0232e-06  eta: 1:05:04  time: 0.1718  data_time: 0.0142  memory: 8506  grad_norm: 0.4784  loss: 0.0245  decode.loss_ce: 0.0173  decode.acc_seg: 98.1693  aux.loss_ce: 0.0072  aux.acc_seg: 98.1379
2026/05/14 19:32:23 - mmengine - INFO - Iter(train) [54800/80000]  lr: 1.0151e-06  eta: 1:04:35  time: 0.1758  data_time: 0.0146  memory: 8506  grad_norm: 0.4934  loss: 0.0250  decode.loss_ce: 0.0175  decode.acc_seg: 97.8744  aux.loss_ce: 0.0075  aux.acc_seg: 97.5514
2026/05/14 19:32:59 - mmengine - INFO - Exp name: large_weijie_ddhr_1xb4_80k_3e-4_dp20_ld90_20260514_165425
2026/05/14 19:32:59 - mmengine - INFO - Iter(train) [55000/80000]  lr: 1.0071e-06  eta: 1:04:06  time: 0.1744  data_time: 0.0142  memory: 8506  grad_norm: 0.5792  loss: 0.0305  decode.loss_ce: 0.0217  decode.acc_seg: 98.6906  aux.loss_ce: 0.0088  aux.acc_seg: 98.8011
2026/05/14 19:33:33 - mmengine - INFO - Iter(train) [55200/80000]  lr: 9.9903e-07  eta: 1:03:37  time: 0.1760  data_time: 0.0144  memory: 8506  grad_norm: 0.5125  loss: 0.0242  decode.loss_ce: 0.0173  decode.acc_seg: 99.3571  aux.loss_ce: 0.0070  aux.acc_seg: 99.3066
2026/05/14 19:34:07 - mmengine - INFO - Iter(train) [55400/80000]  lr: 9.9097e-07  eta: 1:03:08  time: 0.1700  data_time: 0.0145  memory: 8506  grad_norm: 0.4924  loss: 0.0214  decode.loss_ce: 0.0151  decode.acc_seg: 99.2062  aux.loss_ce: 0.0063  aux.acc_seg: 99.1733
2026/05/14 19:34:41 - mmengine - INFO - Iter(train) [55600/80000]  lr: 9.8292e-07  eta: 1:02:38  time: 0.1674  data_time: 0.0137  memory: 8506  grad_norm: 0.5391  loss: 0.0297  decode.loss_ce: 0.0207  decode.acc_seg: 98.5380  aux.loss_ce: 0.0090  aux.acc_seg: 98.4053
2026/05/14 19:35:15 - mmengine - INFO - Iter(train) [55800/80000]  lr: 9.7486e-07  eta: 1:02:09  time: 0.1682  data_time: 0.0142  memory: 8506  grad_norm: 0.4587  loss: 0.0205  decode.loss_ce: 0.0143  decode.acc_seg: 96.8266  aux.loss_ce: 0.0062  aux.acc_seg: 96.3862
2026/05/14 19:35:49 - mmengine - INFO - Exp name: large_weijie_ddhr_1xb4_80k_3e-4_dp20_ld90_20260514_165425
2026/05/14 19:35:49 - mmengine - INFO - Iter(train) [56000/80000]  lr: 9.6680e-07  eta: 1:01:39  time: 0.1732  data_time: 0.0140  memory: 8506  grad_norm: 0.4703  loss: 0.0303  decode.loss_ce: 0.0209  decode.acc_seg: 98.3738  aux.loss_ce: 0.0094  aux.acc_seg: 98.1889
2026/05/14 19:35:49 - mmengine - INFO - Saving checkpoint at 56000 iterations
2026/05/14 19:36:04 - mmengine - INFO - Iter(val) [ 200/3086]    eta: 0:01:14  time: 0.0218  data_time: 0.0015  memory: 4439  
2026/05/14 19:36:09 - mmengine - INFO - Iter(val) [ 400/3086]    eta: 0:01:03  time: 0.0211  data_time: 0.0014  memory: 4439  
2026/05/14 19:36:13 - mmengine - INFO - Iter(val) [ 600/3086]    eta: 0:00:57  time: 0.0210  data_time: 0.0015  memory: 4439  
2026/05/14 19:36:17 - mmengine - INFO - Iter(val) [ 800/3086]    eta: 0:00:51  time: 0.0216  data_time: 0.0015  memory: 4439  
2026/05/14 19:36:22 - mmengine - INFO - Iter(val) [1000/3086]    eta: 0:00:46  time: 0.0219  data_time: 0.0015  memory: 4439  
2026/05/14 19:36:26 - mmengine - INFO - Iter(val) [1200/3086]    eta: 0:00:41  time: 0.0215  data_time: 0.0016  memory: 4439  
2026/05/14 19:36:30 - mmengine - INFO - Iter(val) [1400/3086]    eta: 0:00:37  time: 0.0213  data_time: 0.0015  memory: 4439  
2026/05/14 19:36:36 - mmengine - INFO - Iter(val) [1600/3086]    eta: 0:00:33  time: 0.0215  data_time: 0.0015  memory: 4439  
2026/05/14 19:36:40 - mmengine - INFO - Iter(val) [1800/3086]    eta: 0:00:29  time: 0.0212  data_time: 0.0015  memory: 4439  
2026/05/14 19:36:45 - mmengine - INFO - Iter(val) [2000/3086]    eta: 0:00:24  time: 0.0223  data_time: 0.0017  memory: 4439  
2026/05/14 19:36:49 - mmengine - INFO - Iter(val) [2200/3086]    eta: 0:00:20  time: 0.0216  data_time: 0.0014  memory: 4439  
2026/05/14 19:36:54 - mmengine - INFO - Iter(val) [2400/3086]    eta: 0:00:15  time: 0.0214  data_time: 0.0016  memory: 4439  
2026/05/14 19:36:58 - mmengine - INFO - Iter(val) [2600/3086]    eta: 0:00:11  time: 0.0220  data_time: 0.0017  memory: 4439  
2026/05/14 19:37:03 - mmengine - INFO - Iter(val) [2800/3086]    eta: 0:00:06  time: 0.0218  data_time: 0.0016  memory: 4439  
2026/05/14 19:37:07 - mmengine - INFO - Iter(val) [3000/3086]    eta: 0:00:01  time: 0.0218  data_time: 0.0015  memory: 4439  
2026/05/14 19:37:09 - mmengine - INFO - per class results:
2026/05/14 19:37:09 - mmengine - INFO - 
+----------+-------+-------+--------+-----------+--------+
|  Class   |  IoU  |  Acc  | Fscore | Precision | Recall |
+----------+-------+-------+--------+-----------+--------+
| Building | 90.74 | 96.23 | 95.14  |   94.08   | 96.23  |
|   Road   | 61.79 | 71.51 | 76.38  |   81.97   | 71.51  |
| Greenery | 82.68 | 88.33 | 90.52  |   92.83   | 88.33  |
|  Water   | 98.01 | 98.78 | 98.99  |   99.21   | 98.78  |
| Farmland |  77.6 | 90.51 | 87.39  |   84.47   | 90.51  |
+----------+-------+-------+--------+-----------+--------+
2026/05/14 19:37:09 - mmengine - INFO - Iter(val) [3086/3086]  aAcc: 92.7300  mIoU: 82.1600  mAcc: 89.0700  mFscore: 89.6900  mPrecision: 90.5100  mRecall: 89.0700  Kappa: 60.9600  data_time: 0.0014  time: 0.0216
2026/05/14 19:37:09 - mmengine - INFO - The previous best checkpoint /root/det/work_dirs/large_weijie_ddhr_1xb4_80k_6e-4/best_aAcc_iter_48000.pth is removed
2026/05/14 19:37:15 - mmengine - INFO - The best checkpoint with 92.7300 aAcc at 56000 iter is saved to best_aAcc_iter_56000.pth.
2026/05/14 19:37:43 - mmengine - INFO - Iter(train) [56200/80000]  lr: 9.5875e-07  eta: 1:01:10  time: 0.1701  data_time: 0.0140  memory: 8506  grad_norm: 0.4289  loss: 0.0272  decode.loss_ce: 0.0190  decode.acc_seg: 98.8731  aux.loss_ce: 0.0082  aux.acc_seg: 98.8483
2026/05/14 19:38:18 - mmengine - INFO - Iter(train) [56400/80000]  lr: 9.5069e-07  eta: 1:00:41  time: 0.1720  data_time: 0.0139  memory: 8506  grad_norm: 0.6096  loss: 0.0328  decode.loss_ce: 0.0229  decode.acc_seg: 98.8193  aux.loss_ce: 0.0099  aux.acc_seg: 98.6299
2026/05/14 19:38:51 - mmengine - INFO - Iter(train) [56600/80000]  lr: 9.4263e-07  eta: 1:00:11  time: 0.1689  data_time: 0.0141  memory: 8506  grad_norm: 0.5077  loss: 0.0309  decode.loss_ce: 0.0213  decode.acc_seg: 97.6909  aux.loss_ce: 0.0096  aux.acc_seg: 97.5195
2026/05/14 19:39:25 - mmengine - INFO - Iter(train) [56800/80000]  lr: 9.3458e-07  eta: 0:59:41  time: 0.1678  data_time: 0.0139  memory: 8506  grad_norm: 0.4264  loss: 0.0251  decode.loss_ce: 0.0177  decode.acc_seg: 98.9613  aux.loss_ce: 0.0074  aux.acc_seg: 99.1223
2026/05/14 19:39:59 - mmengine - INFO - Exp name: large_weijie_ddhr_1xb4_80k_3e-4_dp20_ld90_20260514_165425
2026/05/14 19:39:59 - mmengine - INFO - Iter(train) [57000/80000]  lr: 9.2652e-07  eta: 0:59:12  time: 0.1677  data_time: 0.0139  memory: 8506  grad_norm: 0.3229  loss: 0.0196  decode.loss_ce: 0.0137  decode.acc_seg: 97.5590  aux.loss_ce: 0.0058  aux.acc_seg: 97.5357
2026/05/14 19:40:33 - mmengine - INFO - Iter(train) [57200/80000]  lr: 9.1846e-07  eta: 0:58:42  time: 0.1690  data_time: 0.0141  memory: 8506  grad_norm: 0.4632  loss: 0.0238  decode.loss_ce: 0.0166  decode.acc_seg: 97.2878  aux.loss_ce: 0.0072  aux.acc_seg: 97.6322
2026/05/14 19:41:07 - mmengine - INFO - Iter(train) [57400/80000]  lr: 9.1041e-07  eta: 0:58:12  time: 0.1682  data_time: 0.0137  memory: 8506  grad_norm: 0.5377  loss: 0.0304  decode.loss_ce: 0.0214  decode.acc_seg: 96.6180  aux.loss_ce: 0.0089  aux.acc_seg: 96.2273
2026/05/14 19:41:41 - mmengine - INFO - Iter(train) [57600/80000]  lr: 9.0235e-07  eta: 0:57:43  time: 0.1709  data_time: 0.0142  memory: 8506  grad_norm: 0.5790  loss: 0.0306  decode.loss_ce: 0.0217  decode.acc_seg: 96.6302  aux.loss_ce: 0.0089  aux.acc_seg: 96.8216
2026/05/14 19:42:15 - mmengine - INFO - Iter(train) [57800/80000]  lr: 8.9429e-07  eta: 0:57:13  time: 0.1702  data_time: 0.0138  memory: 8506  grad_norm: 0.3490  loss: 0.0197  decode.loss_ce: 0.0135  decode.acc_seg: 100.0000  aux.loss_ce: 0.0062  aux.acc_seg: 99.9992
2026/05/14 19:42:50 - mmengine - INFO - Exp name: large_weijie_ddhr_1xb4_80k_3e-4_dp20_ld90_20260514_165425
2026/05/14 19:42:50 - mmengine - INFO - Iter(train) [58000/80000]  lr: 8.8624e-07  eta: 0:56:43  time: 0.1687  data_time: 0.0134  memory: 8506  grad_norm: 0.4407  loss: 0.0256  decode.loss_ce: 0.0177  decode.acc_seg: 99.3209  aux.loss_ce: 0.0078  aux.acc_seg: 98.1392
2026/05/14 19:43:24 - mmengine - INFO - Iter(train) [58200/80000]  lr: 8.7818e-07  eta: 0:56:14  time: 0.1695  data_time: 0.0133  memory: 8506  grad_norm: 0.4365  loss: 0.0259  decode.loss_ce: 0.0181  decode.acc_seg: 98.6288  aux.loss_ce: 0.0078  aux.acc_seg: 98.6814
2026/05/14 19:43:58 - mmengine - INFO - Iter(train) [58400/80000]  lr: 8.7012e-07  eta: 0:55:44  time: 0.1694  data_time: 0.0134  memory: 8506  grad_norm: 0.4549  loss: 0.0287  decode.loss_ce: 0.0196  decode.acc_seg: 97.3867  aux.loss_ce: 0.0090  aux.acc_seg: 96.7637
2026/05/14 19:44:32 - mmengine - INFO - Iter(train) [58600/80000]  lr: 8.6207e-07  eta: 0:55:14  time: 0.1722  data_time: 0.0146  memory: 8506  grad_norm: 0.4794  loss: 0.0207  decode.loss_ce: 0.0147  decode.acc_seg: 99.8811  aux.loss_ce: 0.0060  aux.acc_seg: 99.9318
2026/05/14 19:45:07 - mmengine - INFO - Iter(train) [58800/80000]  lr: 8.5401e-07  eta: 0:54:44  time: 0.1729  data_time: 0.0137  memory: 8506  grad_norm: 0.4906  loss: 0.0244  decode.loss_ce: 0.0169  decode.acc_seg: 99.2551  aux.loss_ce: 0.0075  aux.acc_seg: 99.5251
2026/05/14 19:45:41 - mmengine - INFO - Exp name: large_weijie_ddhr_1xb4_80k_3e-4_dp20_ld90_20260514_165425
2026/05/14 19:45:41 - mmengine - INFO - Iter(train) [59000/80000]  lr: 8.4595e-07  eta: 0:54:14  time: 0.1688  data_time: 0.0138  memory: 8506  grad_norm: 0.5674  loss: 0.0353  decode.loss_ce: 0.0247  decode.acc_seg: 97.8453  aux.loss_ce: 0.0106  aux.acc_seg: 97.7974
2026/05/14 19:46:15 - mmengine - INFO - Iter(train) [59200/80000]  lr: 8.3790e-07  eta: 0:53:44  time: 0.1694  data_time: 0.0141  memory: 8506  grad_norm: 0.6435  loss: 0.0352  decode.loss_ce: 0.0250  decode.acc_seg: 98.5975  aux.loss_ce: 0.0103  aux.acc_seg: 98.4116
2026/05/14 19:46:49 - mmengine - INFO - Iter(train) [59400/80000]  lr: 8.2984e-07  eta: 0:53:14  time: 0.1694  data_time: 0.0139  memory: 8506  grad_norm: 0.7336  loss: 0.0241  decode.loss_ce: 0.0167  decode.acc_seg: 97.0894  aux.loss_ce: 0.0073  aux.acc_seg: 96.9423
2026/05/14 19:47:23 - mmengine - INFO - Iter(train) [59600/80000]  lr: 8.2178e-07  eta: 0:52:44  time: 0.1705  data_time: 0.0137  memory: 8506  grad_norm: 0.6878  loss: 0.0227  decode.loss_ce: 0.0156  decode.acc_seg: 99.7266  aux.loss_ce: 0.0071  aux.acc_seg: 99.7150
2026/05/14 19:47:57 - mmengine - INFO - Iter(train) [59800/80000]  lr: 8.1373e-07  eta: 0:52:15  time: 0.1708  data_time: 0.0144  memory: 8506  grad_norm: 1.1647  loss: 0.0374  decode.loss_ce: 0.0261  decode.acc_seg: 98.4054  aux.loss_ce: 0.0113  aux.acc_seg: 98.3375
2026/05/14 19:48:32 - mmengine - INFO - Exp name: large_weijie_ddhr_1xb4_80k_3e-4_dp20_ld90_20260514_165425
2026/05/14 19:48:32 - mmengine - INFO - Iter(train) [60000/80000]  lr: 8.0567e-07  eta: 0:51:45  time: 0.1706  data_time: 0.0133  memory: 8506  grad_norm: 0.6882  loss: 0.0350  decode.loss_ce: 0.0248  decode.acc_seg: 96.9721  aux.loss_ce: 0.0102  aux.acc_seg: 97.1483
2026/05/14 19:48:32 - mmengine - INFO - Saving checkpoint at 60000 iterations
2026/05/14 19:48:47 - mmengine - INFO - Iter(val) [ 200/3086]    eta: 0:01:08  time: 0.0218  data_time: 0.0016  memory: 4439  
2026/05/14 19:48:51 - mmengine - INFO - Iter(val) [ 400/3086]    eta: 0:01:00  time: 0.0208  data_time: 0.0015  memory: 4439  
2026/05/14 19:48:55 - mmengine - INFO - Iter(val) [ 600/3086]    eta: 0:00:55  time: 0.0210  data_time: 0.0015  memory: 4439  
2026/05/14 19:49:00 - mmengine - INFO - Iter(val) [ 800/3086]    eta: 0:00:50  time: 0.0213  data_time: 0.0014  memory: 4439  
2026/05/14 19:49:04 - mmengine - INFO - Iter(val) [1000/3086]    eta: 0:00:45  time: 0.0217  data_time: 0.0015  memory: 4439  
2026/05/14 19:49:08 - mmengine - INFO - Iter(val) [1200/3086]    eta: 0:00:40  time: 0.0207  data_time: 0.0015  memory: 4439  
2026/05/14 19:49:12 - mmengine - INFO - Iter(val) [1400/3086]    eta: 0:00:36  time: 0.0211  data_time: 0.0015  memory: 4439  
2026/05/14 19:49:17 - mmengine - INFO - Iter(val) [1600/3086]    eta: 0:00:32  time: 0.0212  data_time: 0.0015  memory: 4439  
2026/05/14 19:49:21 - mmengine - INFO - Iter(val) [1800/3086]    eta: 0:00:27  time: 0.0212  data_time: 0.0016  memory: 4439  
2026/05/14 19:49:25 - mmengine - INFO - Iter(val) [2000/3086]    eta: 0:00:23  time: 0.0214  data_time: 0.0015  memory: 4439  
2026/05/14 19:49:30 - mmengine - INFO - Iter(val) [2200/3086]    eta: 0:00:19  time: 0.0219  data_time: 0.0015  memory: 4439  
2026/05/14 19:49:34 - mmengine - INFO - Iter(val) [2400/3086]    eta: 0:00:14  time: 0.0212  data_time: 0.0015  memory: 4439  
2026/05/14 19:49:38 - mmengine - INFO - Iter(val) [2600/3086]    eta: 0:00:10  time: 0.0218  data_time: 0.0015  memory: 4439  
2026/05/14 19:49:43 - mmengine - INFO - Iter(val) [2800/3086]    eta: 0:00:06  time: 0.0221  data_time: 0.0016  memory: 4439  
2026/05/14 19:49:47 - mmengine - INFO - Iter(val) [3000/3086]    eta: 0:00:01  time: 0.0216  data_time: 0.0014  memory: 4439  
2026/05/14 19:49:49 - mmengine - INFO - per class results:
2026/05/14 19:49:49 - mmengine - INFO - 
+----------+-------+-------+--------+-----------+--------+
|  Class   |  IoU  |  Acc  | Fscore | Precision | Recall |
+----------+-------+-------+--------+-----------+--------+
| Building | 91.18 | 96.14 | 95.39  |   94.64   | 96.14  |
|   Road   | 63.16 | 73.43 | 77.42  |   81.87   | 73.43  |
| Greenery | 83.33 | 89.69 | 90.91  |   92.17   | 89.69  |
|  Water   | 98.12 | 98.93 | 99.05  |   99.17   | 98.93  |
| Farmland | 78.06 | 89.52 | 87.68  |   85.91   | 89.52  |
+----------+-------+-------+--------+-----------+--------+
2026/05/14 19:49:49 - mmengine - INFO - Iter(val) [3086/3086]  aAcc: 93.0200  mIoU: 82.7700  mAcc: 89.5400  mFscore: 90.0900  mPrecision: 90.7500  mRecall: 89.5400  Kappa: 62.4200  data_time: 0.0014  time: 0.0216
2026/05/14 19:49:49 - mmengine - INFO - The previous best checkpoint /root/det/work_dirs/large_weijie_ddhr_1xb4_80k_6e-4/best_aAcc_iter_56000.pth is removed
2026/05/14 19:49:52 - mmengine - INFO - The best checkpoint with 93.0200 aAcc at 60000 iter is saved to best_aAcc_iter_60000.pth.
2026/05/14 19:50:21 - mmengine - INFO - Iter(train) [60200/80000]  lr: 7.9761e-07  eta: 0:51:14  time: 0.1704  data_time: 0.0136  memory: 8506  grad_norm: 0.3429  loss: 0.0237  decode.loss_ce: 0.0163  decode.acc_seg: 98.0375  aux.loss_ce: 0.0073  aux.acc_seg: 98.0313
2026/05/14 19:50:55 - mmengine - INFO - Iter(train) [60400/80000]  lr: 7.8956e-07  eta: 0:50:44  time: 0.1692  data_time: 0.0136  memory: 8506  grad_norm: 0.3434  loss: 0.0213  decode.loss_ce: 0.0147  decode.acc_seg: 98.2957  aux.loss_ce: 0.0066  aux.acc_seg: 97.8217
2026/05/14 19:51:29 - mmengine - INFO - Iter(train) [60600/80000]  lr: 7.8150e-07  eta: 0:50:14  time: 0.1685  data_time: 0.0139  memory: 8506  grad_norm: 0.3978  loss: 0.0196  decode.loss_ce: 0.0139  decode.acc_seg: 96.9999  aux.loss_ce: 0.0057  aux.acc_seg: 97.1050
2026/05/14 19:52:03 - mmengine - INFO - Iter(train) [60800/80000]  lr: 7.7344e-07  eta: 0:49:44  time: 0.1694  data_time: 0.0137  memory: 8506  grad_norm: 0.3752  loss: 0.0280  decode.loss_ce: 0.0194  decode.acc_seg: 98.1593  aux.loss_ce: 0.0086  aux.acc_seg: 98.3720
2026/05/14 19:52:38 - mmengine - INFO - Exp name: large_weijie_ddhr_1xb4_80k_3e-4_dp20_ld90_20260514_165425
2026/05/14 19:52:38 - mmengine - INFO - Iter(train) [61000/80000]  lr: 7.6539e-07  eta: 0:49:14  time: 0.1710  data_time: 0.0149  memory: 8506  grad_norm: 0.3056  loss: 0.0221  decode.loss_ce: 0.0152  decode.acc_seg: 97.5884  aux.loss_ce: 0.0069  aux.acc_seg: 97.1713
2026/05/14 19:53:13 - mmengine - INFO - Iter(train) [61200/80000]  lr: 7.5733e-07  eta: 0:48:44  time: 0.1718  data_time: 0.0145  memory: 8506  grad_norm: 1.4382  loss: 0.0547  decode.loss_ce: 0.0374  decode.acc_seg: 98.6357  aux.loss_ce: 0.0173  aux.acc_seg: 98.5457
2026/05/14 19:53:47 - mmengine - INFO - Iter(train) [61400/80000]  lr: 7.4927e-07  eta: 0:48:14  time: 0.1706  data_time: 0.0142  memory: 8506  grad_norm: 0.9531  loss: 0.0329  decode.loss_ce: 0.0227  decode.acc_seg: 97.5281  aux.loss_ce: 0.0102  aux.acc_seg: 97.7587
2026/05/14 19:54:22 - mmengine - INFO - Iter(train) [61600/80000]  lr: 7.4122e-07  eta: 0:47:43  time: 0.1697  data_time: 0.0140  memory: 8506  grad_norm: 0.6099  loss: 0.0291  decode.loss_ce: 0.0204  decode.acc_seg: 98.0995  aux.loss_ce: 0.0087  aux.acc_seg: 98.2205
2026/05/14 19:54:56 - mmengine - INFO - Iter(train) [61800/80000]  lr: 7.3316e-07  eta: 0:47:13  time: 0.1712  data_time: 0.0143  memory: 8506  grad_norm: 0.3848  loss: 0.0218  decode.loss_ce: 0.0147  decode.acc_seg: 98.4791  aux.loss_ce: 0.0071  aux.acc_seg: 97.7095
2026/05/14 19:55:28 - mmengine - INFO - Exp name: large_weijie_ddhr_1xb4_80k_3e-4_dp20_ld90_20260514_165425
2026/05/14 19:55:28 - mmengine - INFO - Iter(train) [62000/80000]  lr: 7.2510e-07  eta: 0:46:42  time: 0.1701  data_time: 0.0143  memory: 8506  grad_norm: 0.5553  loss: 0.0271  decode.loss_ce: 0.0189  decode.acc_seg: 97.4518  aux.loss_ce: 0.0082  aux.acc_seg: 97.1072
2026/05/14 19:56:00 - mmengine - INFO - Iter(train) [62200/80000]  lr: 7.1704e-07  eta: 0:46:11  time: 0.1681  data_time: 0.0141  memory: 8506  grad_norm: 0.2780  loss: 0.0162  decode.loss_ce: 0.0113  decode.acc_seg: 99.8975  aux.loss_ce: 0.0049  aux.acc_seg: 99.9328
2026/05/14 19:56:32 - mmengine - INFO - Iter(train) [62400/80000]  lr: 7.0899e-07  eta: 0:45:41  time: 0.1520  data_time: 0.0107  memory: 8506  grad_norm: 0.4328  loss: 0.0267  decode.loss_ce: 0.0186  decode.acc_seg: 97.2874  aux.loss_ce: 0.0081  aux.acc_seg: 96.5794
2026/05/14 19:57:04 - mmengine - INFO - Iter(train) [62600/80000]  lr: 7.0093e-07  eta: 0:45:09  time: 0.1698  data_time: 0.0138  memory: 8506  grad_norm: 0.3247  loss: 0.0206  decode.loss_ce: 0.0140  decode.acc_seg: 100.0000  aux.loss_ce: 0.0066  aux.acc_seg: 100.0000
2026/05/14 19:57:36 - mmengine - INFO - Iter(train) [62800/80000]  lr: 6.9287e-07  eta: 0:44:39  time: 0.1427  data_time: 0.0077  memory: 8506  grad_norm: 0.5953  loss: 0.0322  decode.loss_ce: 0.0225  decode.acc_seg: 97.4959  aux.loss_ce: 0.0098  aux.acc_seg: 97.3055
2026/05/14 19:58:10 - mmengine - INFO - Exp name: large_weijie_ddhr_1xb4_80k_3e-4_dp20_ld90_20260514_165425
2026/05/14 19:58:10 - mmengine - INFO - Iter(train) [63000/80000]  lr: 6.8482e-07  eta: 0:44:08  time: 0.1712  data_time: 0.0138  memory: 8506  grad_norm: 0.4282  loss: 0.0241  decode.loss_ce: 0.0168  decode.acc_seg: 99.4276  aux.loss_ce: 0.0073  aux.acc_seg: 99.2464
2026/05/14 19:58:44 - mmengine - INFO - Iter(train) [63200/80000]  lr: 6.7676e-07  eta: 0:43:38  time: 0.1721  data_time: 0.0143  memory: 8506  grad_norm: 0.4095  loss: 0.0246  decode.loss_ce: 0.0169  decode.acc_seg: 99.7117  aux.loss_ce: 0.0076  aux.acc_seg: 99.6624
2026/05/14 19:59:18 - mmengine - INFO - Iter(train) [63400/80000]  lr: 6.6870e-07  eta: 0:43:07  time: 0.1514  data_time: 0.0101  memory: 8506  grad_norm: 0.5055  loss: 0.0296  decode.loss_ce: 0.0204  decode.acc_seg: 99.0449  aux.loss_ce: 0.0092  aux.acc_seg: 98.9952
2026/05/14 19:59:50 - mmengine - INFO - Iter(train) [63600/80000]  lr: 6.6065e-07  eta: 0:42:36  time: 0.1503  data_time: 0.0100  memory: 8506  grad_norm: 0.4142  loss: 0.0258  decode.loss_ce: 0.0180  decode.acc_seg: 98.2470  aux.loss_ce: 0.0078  aux.acc_seg: 98.3770
2026/05/14 20:00:23 - mmengine - INFO - Iter(train) [63800/80000]  lr: 6.5259e-07  eta: 0:42:06  time: 0.1597  data_time: 0.0119  memory: 8506  grad_norm: 0.4541  loss: 0.0245  decode.loss_ce: 0.0172  decode.acc_seg: 98.1137  aux.loss_ce: 0.0073  aux.acc_seg: 98.0449
2026/05/14 20:00:55 - mmengine - INFO - Exp name: large_weijie_ddhr_1xb4_80k_3e-4_dp20_ld90_20260514_165425
2026/05/14 20:00:55 - mmengine - INFO - Iter(train) [64000/80000]  lr: 6.4453e-07  eta: 0:41:35  time: 0.1722  data_time: 0.0137  memory: 8506  grad_norm: 0.3874  loss: 0.0259  decode.loss_ce: 0.0179  decode.acc_seg: 97.6704  aux.loss_ce: 0.0080  aux.acc_seg: 97.2981
2026/05/14 20:00:55 - mmengine - INFO - Saving checkpoint at 64000 iterations
2026/05/14 20:01:09 - mmengine - INFO - Iter(val) [ 200/3086]    eta: 0:01:04  time: 0.0217  data_time: 0.0015  memory: 4439  
2026/05/14 20:01:13 - mmengine - INFO - Iter(val) [ 400/3086]    eta: 0:00:58  time: 0.0210  data_time: 0.0016  memory: 4439  
2026/05/14 20:01:17 - mmengine - INFO - Iter(val) [ 600/3086]    eta: 0:00:54  time: 0.0210  data_time: 0.0015  memory: 4439  
2026/05/14 20:01:22 - mmengine - INFO - Iter(val) [ 800/3086]    eta: 0:00:49  time: 0.0215  data_time: 0.0016  memory: 4439  
2026/05/14 20:01:26 - mmengine - INFO - Iter(val) [1000/3086]    eta: 0:00:45  time: 0.0219  data_time: 0.0016  memory: 4439  
2026/05/14 20:01:30 - mmengine - INFO - Iter(val) [1200/3086]    eta: 0:00:40  time: 0.0207  data_time: 0.0014  memory: 4439  
2026/05/14 20:01:35 - mmengine - INFO - Iter(val) [1400/3086]    eta: 0:00:36  time: 0.0216  data_time: 0.0014  memory: 4439  
2026/05/14 20:01:39 - mmengine - INFO - Iter(val) [1600/3086]    eta: 0:00:31  time: 0.0213  data_time: 0.0014  memory: 4439  
2026/05/14 20:01:43 - mmengine - INFO - Iter(val) [1800/3086]    eta: 0:00:27  time: 0.0212  data_time: 0.0015  memory: 4439  
2026/05/14 20:01:48 - mmengine - INFO - Iter(val) [2000/3086]    eta: 0:00:23  time: 0.0213  data_time: 0.0015  memory: 4439  
2026/05/14 20:01:52 - mmengine - INFO - Iter(val) [2200/3086]    eta: 0:00:19  time: 0.0218  data_time: 0.0015  memory: 4439  
2026/05/14 20:01:56 - mmengine - INFO - Iter(val) [2400/3086]    eta: 0:00:14  time: 0.0215  data_time: 0.0014  memory: 4439  
2026/05/14 20:02:00 - mmengine - INFO - Iter(val) [2600/3086]    eta: 0:00:10  time: 0.0217  data_time: 0.0015  memory: 4439  
2026/05/14 20:02:05 - mmengine - INFO - Iter(val) [2800/3086]    eta: 0:00:06  time: 0.0218  data_time: 0.0014  memory: 4439  
2026/05/14 20:02:09 - mmengine - INFO - Iter(val) [3000/3086]    eta: 0:00:01  time: 0.0215  data_time: 0.0015  memory: 4439  
2026/05/14 20:02:11 - mmengine - INFO - per class results:
2026/05/14 20:02:11 - mmengine - INFO - 
+----------+-------+-------+--------+-----------+--------+
|  Class   |  IoU  |  Acc  | Fscore | Precision | Recall |
+----------+-------+-------+--------+-----------+--------+
| Building | 91.18 | 95.56 | 95.38  |    95.2   | 95.56  |
|   Road   | 63.27 | 75.99 | 77.51  |   79.09   | 75.99  |
| Greenery | 83.59 | 89.67 | 91.06  |   92.49   | 89.67  |
|  Water   | 98.03 | 98.85 | 99.01  |   99.16   | 98.85  |
| Farmland | 78.38 | 90.81 | 87.88  |   85.14   | 90.81  |
+----------+-------+-------+--------+-----------+--------+
2026/05/14 20:02:11 - mmengine - INFO - Iter(val) [3086/3086]  aAcc: 93.0400  mIoU: 82.8900  mAcc: 90.1800  mFscore: 90.1700  mPrecision: 90.2200  mRecall: 90.1800  Kappa: 63.0200  data_time: 0.0012  time: 0.0214
2026/05/14 20:02:11 - mmengine - INFO - The previous best checkpoint /root/det/work_dirs/large_weijie_ddhr_1xb4_80k_6e-4/best_aAcc_iter_60000.pth is removed
2026/05/14 20:02:14 - mmengine - INFO - The best checkpoint with 93.0400 aAcc at 64000 iter is saved to best_aAcc_iter_64000.pth.
2026/05/14 20:02:46 - mmengine - INFO - Iter(train) [64200/80000]  lr: 6.3648e-07  eta: 0:41:04  time: 0.1688  data_time: 0.0141  memory: 8506  grad_norm: 0.4169  loss: 0.0250  decode.loss_ce: 0.0172  decode.acc_seg: 97.4409  aux.loss_ce: 0.0079  aux.acc_seg: 96.8960
2026/05/14 20:03:21 - mmengine - INFO - Iter(train) [64400/80000]  lr: 6.2842e-07  eta: 0:40:34  time: 0.1706  data_time: 0.0145  memory: 8506  grad_norm: 0.4821  loss: 0.0301  decode.loss_ce: 0.0206  decode.acc_seg: 99.0429  aux.loss_ce: 0.0095  aux.acc_seg: 98.8128
2026/05/14 20:03:55 - mmengine - INFO - Iter(train) [64600/80000]  lr: 6.2036e-07  eta: 0:40:03  time: 0.1706  data_time: 0.0144  memory: 8506  grad_norm: 0.3192  loss: 0.0177  decode.loss_ce: 0.0123  decode.acc_seg: 96.5094  aux.loss_ce: 0.0054  aux.acc_seg: 96.2917
2026/05/14 20:04:29 - mmengine - INFO - Iter(train) [64800/80000]  lr: 6.1231e-07  eta: 0:39:33  time: 0.1680  data_time: 0.0141  memory: 8506  grad_norm: 0.3975  loss: 0.0186  decode.loss_ce: 0.0129  decode.acc_seg: 98.9120  aux.loss_ce: 0.0057  aux.acc_seg: 98.6191
2026/05/14 20:05:03 - mmengine - INFO - Exp name: large_weijie_ddhr_1xb4_80k_3e-4_dp20_ld90_20260514_165425
2026/05/14 20:05:03 - mmengine - INFO - Iter(train) [65000/80000]  lr: 6.0425e-07  eta: 0:39:02  time: 0.1681  data_time: 0.0143  memory: 8506  grad_norm: 0.3606  loss: 0.0247  decode.loss_ce: 0.0173  decode.acc_seg: 98.1475  aux.loss_ce: 0.0074  aux.acc_seg: 98.0643
2026/05/14 20:05:37 - mmengine - INFO - Iter(train) [65200/80000]  lr: 5.9619e-07  eta: 0:38:32  time: 0.1704  data_time: 0.0140  memory: 8506  grad_norm: 0.2708  loss: 0.0171  decode.loss_ce: 0.0120  decode.acc_seg: 98.2566  aux.loss_ce: 0.0051  aux.acc_seg: 98.2106
2026/05/14 20:06:11 - mmengine - INFO - Iter(train) [65400/80000]  lr: 5.8814e-07  eta: 0:38:01  time: 0.1704  data_time: 0.0138  memory: 8506  grad_norm: 0.5214  loss: 0.0257  decode.loss_ce: 0.0180  decode.acc_seg: 98.2809  aux.loss_ce: 0.0077  aux.acc_seg: 97.3026
2026/05/14 20:06:45 - mmengine - INFO - Iter(train) [65600/80000]  lr: 5.8008e-07  eta: 0:37:30  time: 0.1688  data_time: 0.0137  memory: 8506  grad_norm: 0.3442  loss: 0.0181  decode.loss_ce: 0.0127  decode.acc_seg: 99.6330  aux.loss_ce: 0.0054  aux.acc_seg: 99.5542
2026/05/14 20:07:19 - mmengine - INFO - Iter(train) [65800/80000]  lr: 5.7202e-07  eta: 0:37:00  time: 0.1696  data_time: 0.0143  memory: 8506  grad_norm: 0.6032  loss: 0.0291  decode.loss_ce: 0.0200  decode.acc_seg: 98.6571  aux.loss_ce: 0.0091  aux.acc_seg: 98.2308
2026/05/14 20:07:53 - mmengine - INFO - Exp name: large_weijie_ddhr_1xb4_80k_3e-4_dp20_ld90_20260514_165425
2026/05/14 20:07:53 - mmengine - INFO - Iter(train) [66000/80000]  lr: 5.6397e-07  eta: 0:36:29  time: 0.1717  data_time: 0.0148  memory: 8506  grad_norm: 0.2625  loss: 0.0133  decode.loss_ce: 0.0092  decode.acc_seg: 99.4397  aux.loss_ce: 0.0041  aux.acc_seg: 99.2478
2026/05/14 20:08:27 - mmengine - INFO - Iter(train) [66200/80000]  lr: 5.5591e-07  eta: 0:35:58  time: 0.1703  data_time: 0.0143  memory: 8506  grad_norm: 0.3972  loss: 0.0254  decode.loss_ce: 0.0178  decode.acc_seg: 98.9047  aux.loss_ce: 0.0076  aux.acc_seg: 98.5842
2026/05/14 20:09:01 - mmengine - INFO - Iter(train) [66400/80000]  lr: 5.4785e-07  eta: 0:35:28  time: 0.1727  data_time: 0.0144  memory: 8506  grad_norm: 0.4353  loss: 0.0194  decode.loss_ce: 0.0134  decode.acc_seg: 99.4752  aux.loss_ce: 0.0059  aux.acc_seg: 99.2981
2026/05/14 20:09:33 - mmengine - INFO - Iter(train) [66600/80000]  lr: 5.3980e-07  eta: 0:34:56  time: 0.1504  data_time: 0.0100  memory: 8506  grad_norm: 0.4620  loss: 0.0256  decode.loss_ce: 0.0177  decode.acc_seg: 96.3428  aux.loss_ce: 0.0080  aux.acc_seg: 95.7610
2026/05/14 20:10:05 - mmengine - INFO - Iter(train) [66800/80000]  lr: 5.3174e-07  eta: 0:34:25  time: 0.1500  data_time: 0.0103  memory: 8506  grad_norm: 1.0492  loss: 0.0270  decode.loss_ce: 0.0189  decode.acc_seg: 98.7084  aux.loss_ce: 0.0080  aux.acc_seg: 98.5995
2026/05/14 20:10:37 - mmengine - INFO - Exp name: large_weijie_ddhr_1xb4_80k_3e-4_dp20_ld90_20260514_165425
2026/05/14 20:10:37 - mmengine - INFO - Iter(train) [67000/80000]  lr: 5.2368e-07  eta: 0:33:54  time: 0.1626  data_time: 0.0127  memory: 8506  grad_norm: 0.4254  loss: 0.0218  decode.loss_ce: 0.0151  decode.acc_seg: 97.1974  aux.loss_ce: 0.0067  aux.acc_seg: 96.8754
2026/05/14 20:11:09 - mmengine - INFO - Iter(train) [67200/80000]  lr: 5.1563e-07  eta: 0:33:23  time: 0.1664  data_time: 0.0128  memory: 8506  grad_norm: 0.4191  loss: 0.0209  decode.loss_ce: 0.0144  decode.acc_seg: 99.1683  aux.loss_ce: 0.0065  aux.acc_seg: 99.1511
2026/05/14 20:11:42 - mmengine - INFO - Iter(train) [67400/80000]  lr: 5.0757e-07  eta: 0:32:52  time: 0.1686  data_time: 0.0135  memory: 8506  grad_norm: 0.4724  loss: 0.0225  decode.loss_ce: 0.0153  decode.acc_seg: 94.6346  aux.loss_ce: 0.0071  aux.acc_seg: 93.8451
2026/05/14 20:12:16 - mmengine - INFO - Iter(train) [67600/80000]  lr: 4.9951e-07  eta: 0:32:21  time: 0.1709  data_time: 0.0140  memory: 8506  grad_norm: 0.4904  loss: 0.0250  decode.loss_ce: 0.0174  decode.acc_seg: 98.9416  aux.loss_ce: 0.0076  aux.acc_seg: 98.8034
2026/05/14 20:12:49 - mmengine - INFO - Iter(train) [67800/80000]  lr: 4.9146e-07  eta: 0:31:50  time: 0.1485  data_time: 0.0099  memory: 8506  grad_norm: 0.3477  loss: 0.0223  decode.loss_ce: 0.0153  decode.acc_seg: 98.5130  aux.loss_ce: 0.0069  aux.acc_seg: 97.9065
2026/05/14 20:13:22 - mmengine - INFO - Exp name: large_weijie_ddhr_1xb4_80k_3e-4_dp20_ld90_20260514_165425
2026/05/14 20:13:22 - mmengine - INFO - Iter(train) [68000/80000]  lr: 4.8340e-07  eta: 0:31:19  time: 0.1505  data_time: 0.0102  memory: 8506  grad_norm: 0.4594  loss: 0.0231  decode.loss_ce: 0.0161  decode.acc_seg: 95.7513  aux.loss_ce: 0.0070  aux.acc_seg: 95.2817
2026/05/14 20:13:22 - mmengine - INFO - Saving checkpoint at 68000 iterations
2026/05/14 20:13:37 - mmengine - INFO - Iter(val) [ 200/3086]    eta: 0:01:14  time: 0.0219  data_time: 0.0015  memory: 4439  
2026/05/14 20:13:42 - mmengine - INFO - Iter(val) [ 400/3086]    eta: 0:01:03  time: 0.0209  data_time: 0.0014  memory: 4439  
2026/05/14 20:13:46 - mmengine - INFO - Iter(val) [ 600/3086]    eta: 0:00:57  time: 0.0211  data_time: 0.0015  memory: 4439  
2026/05/14 20:13:51 - mmengine - INFO - Iter(val) [ 800/3086]    eta: 0:00:52  time: 0.0305  data_time: 0.0019  memory: 4439  
2026/05/14 20:13:56 - mmengine - INFO - Iter(val) [1000/3086]    eta: 0:00:49  time: 0.0284  data_time: 0.0015  memory: 4439  
2026/05/14 20:14:00 - mmengine - INFO - Iter(val) [1200/3086]    eta: 0:00:44  time: 0.0208  data_time: 0.0015  memory: 4439  
2026/05/14 20:14:05 - mmengine - INFO - Iter(val) [1400/3086]    eta: 0:00:39  time: 0.0230  data_time: 0.0013  memory: 4439  
2026/05/14 20:14:09 - mmengine - INFO - Iter(val) [1600/3086]    eta: 0:00:34  time: 0.0215  data_time: 0.0015  memory: 4439  
2026/05/14 20:14:13 - mmengine - INFO - Iter(val) [1800/3086]    eta: 0:00:29  time: 0.0212  data_time: 0.0015  memory: 4439  
2026/05/14 20:14:18 - mmengine - INFO - Iter(val) [2000/3086]    eta: 0:00:24  time: 0.0220  data_time: 0.0016  memory: 4439  
2026/05/14 20:14:22 - mmengine - INFO - Iter(val) [2200/3086]    eta: 0:00:20  time: 0.0219  data_time: 0.0016  memory: 4439  
2026/05/14 20:14:27 - mmengine - INFO - Iter(val) [2400/3086]    eta: 0:00:15  time: 0.0216  data_time: 0.0016  memory: 4439  
2026/05/14 20:14:31 - mmengine - INFO - Iter(val) [2600/3086]    eta: 0:00:11  time: 0.0263  data_time: 0.0022  memory: 4439  
2026/05/14 20:14:36 - mmengine - INFO - Iter(val) [2800/3086]    eta: 0:00:06  time: 0.0217  data_time: 0.0015  memory: 4439  
2026/05/14 20:14:40 - mmengine - INFO - Iter(val) [3000/3086]    eta: 0:00:01  time: 0.0217  data_time: 0.0016  memory: 4439  
2026/05/14 20:14:42 - mmengine - INFO - per class results:
2026/05/14 20:14:42 - mmengine - INFO - 
+----------+-------+-------+--------+-----------+--------+
|  Class   |  IoU  |  Acc  | Fscore | Precision | Recall |
+----------+-------+-------+--------+-----------+--------+
| Building | 91.32 | 95.61 | 95.46  |   95.32   | 95.61  |
|   Road   |  64.5 | 75.95 | 78.42  |   81.06   | 75.95  |
| Greenery |  84.0 | 90.42 | 91.31  |   92.21   | 90.42  |
|  Water   | 98.17 | 98.85 | 99.08  |    99.3   | 98.85  |
| Farmland | 78.87 | 90.79 | 88.19  |   85.73   | 90.79  |
+----------+-------+-------+--------+-----------+--------+
2026/05/14 20:14:42 - mmengine - INFO - Iter(val) [3086/3086]  aAcc: 93.2300  mIoU: 83.3800  mAcc: 90.3300  mFscore: 90.4900  mPrecision: 90.7200  mRecall: 90.3300  Kappa: 63.3600  data_time: 0.0029  time: 0.0368
2026/05/14 20:14:43 - mmengine - INFO - The previous best checkpoint /root/det/work_dirs/large_weijie_ddhr_1xb4_80k_6e-4/best_aAcc_iter_64000.pth is removed
2026/05/14 20:14:47 - mmengine - INFO - The best checkpoint with 93.2300 aAcc at 68000 iter is saved to best_aAcc_iter_68000.pth.
2026/05/14 20:15:15 - mmengine - INFO - Iter(train) [68200/80000]  lr: 4.7534e-07  eta: 0:30:48  time: 0.1423  data_time: 0.0080  memory: 8506  grad_norm: 0.3897  loss: 0.0181  decode.loss_ce: 0.0125  decode.acc_seg: 99.2466  aux.loss_ce: 0.0055  aux.acc_seg: 98.9418
2026/05/14 20:15:48 - mmengine - INFO - Iter(train) [68400/80000]  lr: 4.6729e-07  eta: 0:30:17  time: 0.1690  data_time: 0.0141  memory: 8506  grad_norm: 0.4991  loss: 0.0252  decode.loss_ce: 0.0174  decode.acc_seg: 94.5462  aux.loss_ce: 0.0079  aux.acc_seg: 94.3311
2026/05/14 20:16:21 - mmengine - INFO - Iter(train) [68600/80000]  lr: 4.5923e-07  eta: 0:29:46  time: 0.1725  data_time: 0.0150  memory: 8506  grad_norm: 0.7257  loss: 0.0388  decode.loss_ce: 0.0268  decode.acc_seg: 98.1840  aux.loss_ce: 0.0119  aux.acc_seg: 98.0201
2026/05/14 20:16:53 - mmengine - INFO - Iter(train) [68800/80000]  lr: 4.5117e-07  eta: 0:29:15  time: 0.1717  data_time: 0.0146  memory: 8506  grad_norm: 0.3133  loss: 0.0189  decode.loss_ce: 0.0128  decode.acc_seg: 96.2482  aux.loss_ce: 0.0061  aux.acc_seg: 96.2109
2026/05/14 20:17:25 - mmengine - INFO - Exp name: large_weijie_ddhr_1xb4_80k_3e-4_dp20_ld90_20260514_165425
2026/05/14 20:17:25 - mmengine - INFO - Iter(train) [69000/80000]  lr: 4.4312e-07  eta: 0:28:43  time: 0.1706  data_time: 0.0141  memory: 8506  grad_norm: 0.4691  loss: 0.0225  decode.loss_ce: 0.0156  decode.acc_seg: 98.8788  aux.loss_ce: 0.0069  aux.acc_seg: 98.7910
2026/05/14 20:17:57 - mmengine - INFO - Iter(train) [69200/80000]  lr: 4.3506e-07  eta: 0:28:12  time: 0.1691  data_time: 0.0139  memory: 8506  grad_norm: 0.3530  loss: 0.0210  decode.loss_ce: 0.0145  decode.acc_seg: 98.0312  aux.loss_ce: 0.0065  aux.acc_seg: 97.8331
2026/05/14 20:18:31 - mmengine - INFO - Iter(train) [69400/80000]  lr: 4.2700e-07  eta: 0:27:41  time: 0.1744  data_time: 0.0141  memory: 8506  grad_norm: 0.4320  loss: 0.0235  decode.loss_ce: 0.0163  decode.acc_seg: 98.6099  aux.loss_ce: 0.0072  aux.acc_seg: 98.6779
2026/05/14 20:19:06 - mmengine - INFO - Iter(train) [69600/80000]  lr: 4.1895e-07  eta: 0:27:10  time: 0.1694  data_time: 0.0132  memory: 8506  grad_norm: 0.2689  loss: 0.0159  decode.loss_ce: 0.0111  decode.acc_seg: 98.9635  aux.loss_ce: 0.0048  aux.acc_seg: 98.8588
2026/05/14 20:19:40 - mmengine - INFO - Iter(train) [69800/80000]  lr: 4.1089e-07  eta: 0:26:39  time: 0.1977  data_time: 0.0146  memory: 8506  grad_norm: 0.5419  loss: 0.0340  decode.loss_ce: 0.0239  decode.acc_seg: 98.9749  aux.loss_ce: 0.0102  aux.acc_seg: 98.9136
2026/05/14 20:20:15 - mmengine - INFO - Exp name: large_weijie_ddhr_1xb4_80k_3e-4_dp20_ld90_20260514_165425
2026/05/14 20:20:15 - mmengine - INFO - Iter(train) [70000/80000]  lr: 4.0283e-07  eta: 0:26:08  time: 0.1740  data_time: 0.0141  memory: 8506  grad_norm: 0.5520  loss: 0.0255  decode.loss_ce: 0.0180  decode.acc_seg: 99.1048  aux.loss_ce: 0.0075  aux.acc_seg: 99.0718
2026/05/14 20:20:49 - mmengine - INFO - Iter(train) [70200/80000]  lr: 3.9478e-07  eta: 0:25:37  time: 0.1689  data_time: 0.0148  memory: 8506  grad_norm: 0.3359  loss: 0.0191  decode.loss_ce: 0.0132  decode.acc_seg: 98.4918  aux.loss_ce: 0.0059  aux.acc_seg: 97.9886
2026/05/14 20:21:24 - mmengine - INFO - Iter(train) [70400/80000]  lr: 3.8672e-07  eta: 0:25:06  time: 0.1699  data_time: 0.0139  memory: 8506  grad_norm: 0.3373  loss: 0.0202  decode.loss_ce: 0.0139  decode.acc_seg: 98.8951  aux.loss_ce: 0.0063  aux.acc_seg: 98.7196
2026/05/14 20:21:58 - mmengine - INFO - Iter(train) [70600/80000]  lr: 3.7866e-07  eta: 0:24:36  time: 0.1705  data_time: 0.0141  memory: 8506  grad_norm: 0.3853  loss: 0.0178  decode.loss_ce: 0.0121  decode.acc_seg: 98.4760  aux.loss_ce: 0.0057  aux.acc_seg: 98.3408
2026/05/14 20:22:32 - mmengine - INFO - Iter(train) [70800/80000]  lr: 3.7061e-07  eta: 0:24:04  time: 0.1683  data_time: 0.0144  memory: 8506  grad_norm: 0.2423  loss: 0.0142  decode.loss_ce: 0.0098  decode.acc_seg: 97.2199  aux.loss_ce: 0.0045  aux.acc_seg: 97.4342
2026/05/14 20:23:06 - mmengine - INFO - Exp name: large_weijie_ddhr_1xb4_80k_3e-4_dp20_ld90_20260514_165425
2026/05/14 20:23:06 - mmengine - INFO - Iter(train) [71000/80000]  lr: 3.6255e-07  eta: 0:23:33  time: 0.1693  data_time: 0.0142  memory: 8506  grad_norm: 0.4372  loss: 0.0196  decode.loss_ce: 0.0135  decode.acc_seg: 99.6212  aux.loss_ce: 0.0061  aux.acc_seg: 99.5654
2026/05/14 20:23:40 - mmengine - INFO - Iter(train) [71200/80000]  lr: 3.5449e-07  eta: 0:23:02  time: 0.1703  data_time: 0.0135  memory: 8506  grad_norm: 0.3616  loss: 0.0187  decode.loss_ce: 0.0128  decode.acc_seg: 99.7140  aux.loss_ce: 0.0059  aux.acc_seg: 99.3607
2026/05/14 20:24:14 - mmengine - INFO - Iter(train) [71400/80000]  lr: 3.4644e-07  eta: 0:22:31  time: 0.1686  data_time: 0.0129  memory: 8506  grad_norm: 0.5079  loss: 0.0275  decode.loss_ce: 0.0193  decode.acc_seg: 99.0066  aux.loss_ce: 0.0082  aux.acc_seg: 98.9832
2026/05/14 20:24:48 - mmengine - INFO - Iter(train) [71600/80000]  lr: 3.3838e-07  eta: 0:22:00  time: 0.1681  data_time: 0.0138  memory: 8506  grad_norm: 0.3978  loss: 0.0171  decode.loss_ce: 0.0120  decode.acc_seg: 97.0924  aux.loss_ce: 0.0052  aux.acc_seg: 96.6815
2026/05/14 20:25:22 - mmengine - INFO - Iter(train) [71800/80000]  lr: 3.3032e-07  eta: 0:21:29  time: 0.1719  data_time: 0.0146  memory: 8506  grad_norm: 0.5357  loss: 0.0188  decode.loss_ce: 0.0129  decode.acc_seg: 99.3155  aux.loss_ce: 0.0060  aux.acc_seg: 99.1788
2026/05/14 20:25:56 - mmengine - INFO - Exp name: large_weijie_ddhr_1xb4_80k_3e-4_dp20_ld90_20260514_165425
2026/05/14 20:25:56 - mmengine - INFO - Iter(train) [72000/80000]  lr: 3.2227e-07  eta: 0:20:58  time: 0.1704  data_time: 0.0144  memory: 8506  grad_norm: 0.4697  loss: 0.0249  decode.loss_ce: 0.0172  decode.acc_seg: 96.4892  aux.loss_ce: 0.0078  aux.acc_seg: 96.1214
2026/05/14 20:25:56 - mmengine - INFO - Saving checkpoint at 72000 iterations
2026/05/14 20:26:14 - mmengine - INFO - Iter(val) [ 200/3086]    eta: 0:01:32  time: 0.0221  data_time: 0.0014  memory: 4439  
2026/05/14 20:26:18 - mmengine - INFO - Iter(val) [ 400/3086]    eta: 0:01:12  time: 0.0209  data_time: 0.0014  memory: 4439  
2026/05/14 20:26:22 - mmengine - INFO - Iter(val) [ 600/3086]    eta: 0:01:02  time: 0.0210  data_time: 0.0014  memory: 4439  
2026/05/14 20:26:28 - mmengine - INFO - Iter(val) [ 800/3086]    eta: 0:00:57  time: 0.0266  data_time: 0.0024  memory: 4439  
2026/05/14 20:26:32 - mmengine - INFO - Iter(val) [1000/3086]    eta: 0:00:51  time: 0.0216  data_time: 0.0015  memory: 4439  
2026/05/14 20:26:36 - mmengine - INFO - Iter(val) [1200/3086]    eta: 0:00:45  time: 0.0207  data_time: 0.0015  memory: 4439  
2026/05/14 20:26:40 - mmengine - INFO - Iter(val) [1400/3086]    eta: 0:00:39  time: 0.0212  data_time: 0.0015  memory: 4439  
2026/05/14 20:26:45 - mmengine - INFO - Iter(val) [1600/3086]    eta: 0:00:34  time: 0.0215  data_time: 0.0015  memory: 4439  
2026/05/14 20:26:49 - mmengine - INFO - Iter(val) [1800/3086]    eta: 0:00:29  time: 0.0212  data_time: 0.0015  memory: 4439  
2026/05/14 20:26:53 - mmengine - INFO - Iter(val) [2000/3086]    eta: 0:00:24  time: 0.0214  data_time: 0.0015  memory: 4439  
2026/05/14 20:26:57 - mmengine - INFO - Iter(val) [2200/3086]    eta: 0:00:20  time: 0.0216  data_time: 0.0014  memory: 4439  
2026/05/14 20:27:02 - mmengine - INFO - Iter(val) [2400/3086]    eta: 0:00:15  time: 0.0212  data_time: 0.0014  memory: 4439  
2026/05/14 20:27:06 - mmengine - INFO - Iter(val) [2600/3086]    eta: 0:00:10  time: 0.0215  data_time: 0.0015  memory: 4439  
2026/05/14 20:27:10 - mmengine - INFO - Iter(val) [2800/3086]    eta: 0:00:06  time: 0.0215  data_time: 0.0015  memory: 4439  
2026/05/14 20:27:15 - mmengine - INFO - Iter(val) [3000/3086]    eta: 0:00:01  time: 0.0216  data_time: 0.0014  memory: 4439  
2026/05/14 20:27:17 - mmengine - INFO - per class results:
2026/05/14 20:27:17 - mmengine - INFO - 
+----------+-------+-------+--------+-----------+--------+
|  Class   |  IoU  |  Acc  | Fscore | Precision | Recall |
+----------+-------+-------+--------+-----------+--------+
| Building | 91.48 | 96.11 | 95.55  |    95.0   | 96.11  |
|   Road   |  65.1 | 75.26 | 78.86  |   82.82   | 75.26  |
| Greenery | 83.89 | 89.43 | 91.24  |   93.13   | 89.43  |
|  Water   | 98.14 | 98.82 | 99.06  |    99.3   | 98.82  |
| Farmland | 78.85 | 91.71 | 88.17  |    84.9   | 91.71  |
+----------+-------+-------+--------+-----------+--------+
2026/05/14 20:27:17 - mmengine - INFO - Iter(val) [3086/3086]  aAcc: 93.2900  mIoU: 83.4900  mAcc: 90.2700  mFscore: 90.5800  mPrecision: 91.0300  mRecall: 90.2700  Kappa: 63.4300  data_time: 0.0013  time: 0.0215
2026/05/14 20:27:17 - mmengine - INFO - The previous best checkpoint /root/det/work_dirs/large_weijie_ddhr_1xb4_80k_6e-4/best_aAcc_iter_68000.pth is removed
2026/05/14 20:27:21 - mmengine - INFO - The best checkpoint with 93.2900 aAcc at 72000 iter is saved to best_aAcc_iter_72000.pth.
2026/05/14 20:27:49 - mmengine - INFO - Iter(train) [72200/80000]  lr: 3.1421e-07  eta: 0:20:26  time: 0.1412  data_time: 0.0083  memory: 8506  grad_norm: 0.2516  loss: 0.0162  decode.loss_ce: 0.0114  decode.acc_seg: 97.1106  aux.loss_ce: 0.0048  aux.acc_seg: 97.1948
2026/05/14 20:28:17 - mmengine - INFO - Iter(train) [72400/80000]  lr: 3.0615e-07  eta: 0:19:55  time: 0.1378  data_time: 0.0077  memory: 8506  grad_norm: 0.4460  loss: 0.0241  decode.loss_ce: 0.0166  decode.acc_seg: 98.3500  aux.loss_ce: 0.0075  aux.acc_seg: 98.2705
2026/05/14 20:28:46 - mmengine - INFO - Iter(train) [72600/80000]  lr: 2.9810e-07  eta: 0:19:23  time: 0.1423  data_time: 0.0079  memory: 8506  grad_norm: 0.2649  loss: 0.0172  decode.loss_ce: 0.0117  decode.acc_seg: 98.8812  aux.loss_ce: 0.0055  aux.acc_seg: 98.7535
2026/05/14 20:29:14 - mmengine - INFO - Iter(train) [72800/80000]  lr: 2.9004e-07  eta: 0:18:51  time: 0.1424  data_time: 0.0078  memory: 8506  grad_norm: 0.4782  loss: 0.0264  decode.loss_ce: 0.0185  decode.acc_seg: 98.3951  aux.loss_ce: 0.0080  aux.acc_seg: 98.5161
2026/05/14 20:29:42 - mmengine - INFO - Exp name: large_weijie_ddhr_1xb4_80k_3e-4_dp20_ld90_20260514_165425
2026/05/14 20:29:42 - mmengine - INFO - Iter(train) [73000/80000]  lr: 2.8198e-07  eta: 0:18:19  time: 0.1369  data_time: 0.0076  memory: 8506  grad_norm: 0.4701  loss: 0.0281  decode.loss_ce: 0.0195  decode.acc_seg: 98.8694  aux.loss_ce: 0.0086  aux.acc_seg: 98.6721
2026/05/14 20:30:16 - mmengine - INFO - Iter(train) [73200/80000]  lr: 2.7393e-07  eta: 0:17:48  time: 0.1692  data_time: 0.0141  memory: 8506  grad_norm: 0.3710  loss: 0.0229  decode.loss_ce: 0.0158  decode.acc_seg: 97.9182  aux.loss_ce: 0.0071  aux.acc_seg: 97.6452
2026/05/14 20:30:49 - mmengine - INFO - Iter(train) [73400/80000]  lr: 2.6587e-07  eta: 0:17:17  time: 0.1527  data_time: 0.0105  memory: 8506  grad_norm: 0.3769  loss: 0.0205  decode.loss_ce: 0.0142  decode.acc_seg: 98.4147  aux.loss_ce: 0.0063  aux.acc_seg: 97.9491
2026/05/14 20:31:22 - mmengine - INFO - Iter(train) [73600/80000]  lr: 2.5781e-07  eta: 0:16:45  time: 0.1564  data_time: 0.0120  memory: 8506  grad_norm: 0.2645  loss: 0.0135  decode.loss_ce: 0.0091  decode.acc_seg: 99.4595  aux.loss_ce: 0.0044  aux.acc_seg: 99.3397
2026/05/14 20:31:54 - mmengine - INFO - Iter(train) [73800/80000]  lr: 2.4976e-07  eta: 0:16:14  time: 0.1617  data_time: 0.0123  memory: 8506  grad_norm: 0.3479  loss: 0.0181  decode.loss_ce: 0.0124  decode.acc_seg: 98.3706  aux.loss_ce: 0.0057  aux.acc_seg: 98.3911
2026/05/14 20:32:25 - mmengine - INFO - Exp name: large_weijie_ddhr_1xb4_80k_3e-4_dp20_ld90_20260514_165425
2026/05/14 20:32:25 - mmengine - INFO - Iter(train) [74000/80000]  lr: 2.4170e-07  eta: 0:15:43  time: 0.1545  data_time: 0.0113  memory: 8506  grad_norm: 0.4467  loss: 0.0219  decode.loss_ce: 0.0151  decode.acc_seg: 98.7583  aux.loss_ce: 0.0068  aux.acc_seg: 98.6742
2026/05/14 20:32:57 - mmengine - INFO - Iter(train) [74200/80000]  lr: 2.3364e-07  eta: 0:15:11  time: 0.1589  data_time: 0.0120  memory: 8506  grad_norm: 0.4274  loss: 0.0184  decode.loss_ce: 0.0126  decode.acc_seg: 99.3735  aux.loss_ce: 0.0058  aux.acc_seg: 99.3062
2026/05/14 20:33:25 - mmengine - INFO - Iter(train) [74400/80000]  lr: 2.2559e-07  eta: 0:14:40  time: 0.1408  data_time: 0.0078  memory: 8506  grad_norm: 0.3434  loss: 0.0186  decode.loss_ce: 0.0129  decode.acc_seg: 97.6141  aux.loss_ce: 0.0057  aux.acc_seg: 97.3432
2026/05/14 20:33:54 - mmengine - INFO - Iter(train) [74600/80000]  lr: 2.1753e-07  eta: 0:14:08  time: 0.1402  data_time: 0.0077  memory: 8506  grad_norm: 0.3774  loss: 0.0212  decode.loss_ce: 0.0145  decode.acc_seg: 97.9438  aux.loss_ce: 0.0067  aux.acc_seg: 97.3500
2026/05/14 20:34:24 - mmengine - INFO - Iter(train) [74800/80000]  lr: 2.0947e-07  eta: 0:13:36  time: 0.1589  data_time: 0.0118  memory: 8506  grad_norm: 0.2677  loss: 0.0137  decode.loss_ce: 0.0093  decode.acc_seg: 99.2465  aux.loss_ce: 0.0044  aux.acc_seg: 99.1819
2026/05/14 20:34:56 - mmengine - INFO - Exp name: large_weijie_ddhr_1xb4_80k_3e-4_dp20_ld90_20260514_165425
2026/05/14 20:34:56 - mmengine - INFO - Iter(train) [75000/80000]  lr: 2.0142e-07  eta: 0:13:05  time: 0.1528  data_time: 0.0124  memory: 8506  grad_norm: 0.4197  loss: 0.0265  decode.loss_ce: 0.0186  decode.acc_seg: 98.1226  aux.loss_ce: 0.0080  aux.acc_seg: 98.0622
2026/05/14 20:35:26 - mmengine - INFO - Iter(train) [75200/80000]  lr: 1.9336e-07  eta: 0:12:34  time: 0.1515  data_time: 0.0121  memory: 8506  grad_norm: 0.3290  loss: 0.0167  decode.loss_ce: 0.0112  decode.acc_seg: 98.8334  aux.loss_ce: 0.0054  aux.acc_seg: 98.8415
2026/05/14 20:35:57 - mmengine - INFO - Iter(train) [75400/80000]  lr: 1.8530e-07  eta: 0:12:02  time: 0.1548  data_time: 0.0122  memory: 8506  grad_norm: 0.6684  loss: 0.0420  decode.loss_ce: 0.0292  decode.acc_seg: 99.3027  aux.loss_ce: 0.0128  aux.acc_seg: 98.9344
2026/05/14 20:36:27 - mmengine - INFO - Iter(train) [75600/80000]  lr: 1.7725e-07  eta: 0:11:31  time: 0.1519  data_time: 0.0120  memory: 8506  grad_norm: 0.3229  loss: 0.0153  decode.loss_ce: 0.0106  decode.acc_seg: 98.2865  aux.loss_ce: 0.0047  aux.acc_seg: 98.3043
2026/05/14 20:36:58 - mmengine - INFO - Iter(train) [75800/80000]  lr: 1.6919e-07  eta: 0:10:59  time: 0.1504  data_time: 0.0115  memory: 8506  grad_norm: 0.4320  loss: 0.0187  decode.loss_ce: 0.0130  decode.acc_seg: 99.4087  aux.loss_ce: 0.0058  aux.acc_seg: 99.3615
2026/05/14 20:37:29 - mmengine - INFO - Exp name: large_weijie_ddhr_1xb4_80k_3e-4_dp20_ld90_20260514_165425
2026/05/14 20:37:29 - mmengine - INFO - Iter(train) [76000/80000]  lr: 1.6113e-07  eta: 0:10:28  time: 0.1661  data_time: 0.0121  memory: 8506  grad_norm: 0.3128  loss: 0.0210  decode.loss_ce: 0.0144  decode.acc_seg: 98.3289  aux.loss_ce: 0.0066  aux.acc_seg: 98.2079
2026/05/14 20:37:29 - mmengine - INFO - Saving checkpoint at 76000 iterations
2026/05/14 20:37:43 - mmengine - INFO - Iter(val) [ 200/3086]    eta: 0:01:05  time: 0.0217  data_time: 0.0015  memory: 4439  
2026/05/14 20:37:47 - mmengine - INFO - Iter(val) [ 400/3086]    eta: 0:00:59  time: 0.0210  data_time: 0.0015  memory: 4439  
2026/05/14 20:37:51 - mmengine - INFO - Iter(val) [ 600/3086]    eta: 0:00:54  time: 0.0211  data_time: 0.0014  memory: 4439  
2026/05/14 20:37:56 - mmengine - INFO - Iter(val) [ 800/3086]    eta: 0:00:50  time: 0.0213  data_time: 0.0014  memory: 4439  
2026/05/14 20:38:00 - mmengine - INFO - Iter(val) [1000/3086]    eta: 0:00:45  time: 0.0216  data_time: 0.0014  memory: 4439  
2026/05/14 20:38:04 - mmengine - INFO - Iter(val) [1200/3086]    eta: 0:00:40  time: 0.0206  data_time: 0.0014  memory: 4439  
2026/05/14 20:38:08 - mmengine - INFO - Iter(val) [1400/3086]    eta: 0:00:36  time: 0.0211  data_time: 0.0014  memory: 4439  
2026/05/14 20:38:13 - mmengine - INFO - Iter(val) [1600/3086]    eta: 0:00:32  time: 0.0215  data_time: 0.0015  memory: 4439  
2026/05/14 20:38:17 - mmengine - INFO - Iter(val) [1800/3086]    eta: 0:00:27  time: 0.0213  data_time: 0.0015  memory: 4439  
2026/05/14 20:38:21 - mmengine - INFO - Iter(val) [2000/3086]    eta: 0:00:23  time: 0.0216  data_time: 0.0015  memory: 4439  
2026/05/14 20:38:26 - mmengine - INFO - Iter(val) [2200/3086]    eta: 0:00:19  time: 0.0218  data_time: 0.0015  memory: 4439  
2026/05/14 20:38:30 - mmengine - INFO - Iter(val) [2400/3086]    eta: 0:00:14  time: 0.0214  data_time: 0.0016  memory: 4439  
2026/05/14 20:38:36 - mmengine - INFO - Iter(val) [2600/3086]    eta: 0:00:10  time: 0.0300  data_time: 0.0022  memory: 4439  
2026/05/14 20:38:40 - mmengine - INFO - Iter(val) [2800/3086]    eta: 0:00:06  time: 0.0215  data_time: 0.0015  memory: 4439  
2026/05/14 20:38:45 - mmengine - INFO - Iter(val) [3000/3086]    eta: 0:00:01  time: 0.0224  data_time: 0.0016  memory: 4439  
2026/05/14 20:38:47 - mmengine - INFO - per class results:
2026/05/14 20:38:47 - mmengine - INFO - 
+----------+-------+-------+--------+-----------+--------+
|  Class   |  IoU  |  Acc  | Fscore | Precision | Recall |
+----------+-------+-------+--------+-----------+--------+
| Building | 91.48 |  95.8 | 95.55  |    95.3   |  95.8  |
|   Road   | 64.84 | 77.43 | 78.67  |   79.94   | 77.43  |
| Greenery | 84.16 | 89.94 |  91.4  |    92.9   | 89.94  |
|  Water   | 98.19 | 98.85 | 99.09  |   99.32   | 98.85  |
| Farmland |  79.1 |  91.1 | 88.33  |   85.73   |  91.1  |
+----------+-------+-------+--------+-----------+--------+
2026/05/14 20:38:47 - mmengine - INFO - Iter(val) [3086/3086]  aAcc: 93.3100  mIoU: 83.5500  mAcc: 90.6300  mFscore: 90.6100  mPrecision: 90.6400  mRecall: 90.6300  Kappa: 63.9600  data_time: 0.0015  time: 0.0216
2026/05/14 20:38:47 - mmengine - INFO - The previous best checkpoint /root/det/work_dirs/large_weijie_ddhr_1xb4_80k_6e-4/best_aAcc_iter_72000.pth is removed
2026/05/14 20:38:51 - mmengine - INFO - The best checkpoint with 93.3100 aAcc at 76000 iter is saved to best_aAcc_iter_76000.pth.
2026/05/14 20:39:21 - mmengine - INFO - Iter(train) [76200/80000]  lr: 1.5308e-07  eta: 0:09:56  time: 0.1504  data_time: 0.0117  memory: 8506  grad_norm: 0.3474  loss: 0.0182  decode.loss_ce: 0.0128  decode.acc_seg: 98.0884  aux.loss_ce: 0.0055  aux.acc_seg: 97.4122
2026/05/14 20:39:52 - mmengine - INFO - Iter(train) [76400/80000]  lr: 1.4502e-07  eta: 0:09:25  time: 0.1523  data_time: 0.0121  memory: 8506  grad_norm: 0.3791  loss: 0.0216  decode.loss_ce: 0.0149  decode.acc_seg: 97.8433  aux.loss_ce: 0.0066  aux.acc_seg: 97.4500
2026/05/14 20:40:22 - mmengine - INFO - Iter(train) [76600/80000]  lr: 1.3696e-07  eta: 0:08:54  time: 0.1506  data_time: 0.0121  memory: 8506  grad_norm: 0.5338  loss: 0.0271  decode.loss_ce: 0.0189  decode.acc_seg: 98.8763  aux.loss_ce: 0.0082  aux.acc_seg: 98.4837
2026/05/14 20:40:53 - mmengine - INFO - Iter(train) [76800/80000]  lr: 1.2891e-07  eta: 0:08:22  time: 0.1530  data_time: 0.0123  memory: 8506  grad_norm: 0.2617  loss: 0.0138  decode.loss_ce: 0.0095  decode.acc_seg: 98.7990  aux.loss_ce: 0.0043  aux.acc_seg: 98.6577
2026/05/14 20:41:23 - mmengine - INFO - Exp name: large_weijie_ddhr_1xb4_80k_3e-4_dp20_ld90_20260514_165425
2026/05/14 20:41:23 - mmengine - INFO - Iter(train) [77000/80000]  lr: 1.2085e-07  eta: 0:07:51  time: 0.1517  data_time: 0.0118  memory: 8506  grad_norm: 0.4433  loss: 0.0182  decode.loss_ce: 0.0125  decode.acc_seg: 98.9743  aux.loss_ce: 0.0057  aux.acc_seg: 98.8165
2026/05/14 20:41:54 - mmengine - INFO - Iter(train) [77200/80000]  lr: 1.1279e-07  eta: 0:07:19  time: 0.1522  data_time: 0.0122  memory: 8506  grad_norm: 0.4602  loss: 0.0243  decode.loss_ce: 0.0168  decode.acc_seg: 98.5849  aux.loss_ce: 0.0075  aux.acc_seg: 98.3231
2026/05/14 20:42:24 - mmengine - INFO - Iter(train) [77400/80000]  lr: 1.0474e-07  eta: 0:06:48  time: 0.1513  data_time: 0.0118  memory: 8506  grad_norm: 0.3160  loss: 0.0183  decode.loss_ce: 0.0125  decode.acc_seg: 98.2128  aux.loss_ce: 0.0058  aux.acc_seg: 96.7831
2026/05/14 20:42:55 - mmengine - INFO - Iter(train) [77600/80000]  lr: 9.6680e-08  eta: 0:06:16  time: 0.1538  data_time: 0.0121  memory: 8506  grad_norm: 0.6773  loss: 0.0299  decode.loss_ce: 0.0210  decode.acc_seg: 99.3580  aux.loss_ce: 0.0089  aux.acc_seg: 99.0999
2026/05/14 20:43:25 - mmengine - INFO - Iter(train) [77800/80000]  lr: 8.8624e-08  eta: 0:05:45  time: 0.1545  data_time: 0.0124  memory: 8506  grad_norm: 0.2977  loss: 0.0151  decode.loss_ce: 0.0104  decode.acc_seg: 98.5673  aux.loss_ce: 0.0046  aux.acc_seg: 98.6407
2026/05/14 20:43:56 - mmengine - INFO - Exp name: large_weijie_ddhr_1xb4_80k_3e-4_dp20_ld90_20260514_165425
2026/05/14 20:43:56 - mmengine - INFO - Iter(train) [78000/80000]  lr: 8.0567e-08  eta: 0:05:13  time: 0.1530  data_time: 0.0122  memory: 8506  grad_norm: 0.4142  loss: 0.0228  decode.loss_ce: 0.0157  decode.acc_seg: 97.1858  aux.loss_ce: 0.0070  aux.acc_seg: 96.9764
2026/05/14 20:44:27 - mmengine - INFO - Iter(train) [78200/80000]  lr: 7.2510e-08  eta: 0:04:42  time: 0.1506  data_time: 0.0111  memory: 8506  grad_norm: 0.4542  loss: 0.0183  decode.loss_ce: 0.0124  decode.acc_seg: 98.1945  aux.loss_ce: 0.0059  aux.acc_seg: 97.9696
2026/05/14 20:44:57 - mmengine - INFO - Iter(train) [78400/80000]  lr: 6.4453e-08  eta: 0:04:11  time: 0.1510  data_time: 0.0110  memory: 8506  grad_norm: 0.4493  loss: 0.0258  decode.loss_ce: 0.0177  decode.acc_seg: 99.5574  aux.loss_ce: 0.0081  aux.acc_seg: 99.5621
2026/05/14 20:45:27 - mmengine - INFO - Iter(train) [78600/80000]  lr: 5.6397e-08  eta: 0:03:39  time: 0.1507  data_time: 0.0115  memory: 8506  grad_norm: 0.5577  loss: 0.0179  decode.loss_ce: 0.0124  decode.acc_seg: 99.6448  aux.loss_ce: 0.0055  aux.acc_seg: 99.5093
2026/05/14 20:45:58 - mmengine - INFO - Iter(train) [78800/80000]  lr: 4.8340e-08  eta: 0:03:08  time: 0.1526  data_time: 0.0123  memory: 8506  grad_norm: 0.3894  loss: 0.0217  decode.loss_ce: 0.0147  decode.acc_seg: 95.9207  aux.loss_ce: 0.0070  aux.acc_seg: 95.6040
2026/05/14 20:46:29 - mmengine - INFO - Exp name: large_weijie_ddhr_1xb4_80k_3e-4_dp20_ld90_20260514_165425
2026/05/14 20:46:29 - mmengine - INFO - Iter(train) [79000/80000]  lr: 4.0283e-08  eta: 0:02:36  time: 0.1516  data_time: 0.0120  memory: 8506  grad_norm: 0.4550  loss: 0.0222  decode.loss_ce: 0.0153  decode.acc_seg: 96.1583  aux.loss_ce: 0.0069  aux.acc_seg: 95.9116
2026/05/14 20:46:59 - mmengine - INFO - Iter(train) [79200/80000]  lr: 3.2227e-08  eta: 0:02:05  time: 0.1512  data_time: 0.0123  memory: 8506  grad_norm: 0.3539  loss: 0.0179  decode.loss_ce: 0.0120  decode.acc_seg: 97.6810  aux.loss_ce: 0.0059  aux.acc_seg: 97.4134
2026/05/14 20:47:30 - mmengine - INFO - Iter(train) [79400/80000]  lr: 2.4170e-08  eta: 0:01:34  time: 0.1531  data_time: 0.0119  memory: 8506  grad_norm: 0.6304  loss: 0.0358  decode.loss_ce: 0.0246  decode.acc_seg: 98.5992  aux.loss_ce: 0.0112  aux.acc_seg: 98.5033
2026/05/14 20:48:00 - mmengine - INFO - Iter(train) [79600/80000]  lr: 1.6113e-08  eta: 0:01:02  time: 0.1515  data_time: 0.0116  memory: 8506  grad_norm: 0.4055  loss: 0.0160  decode.loss_ce: 0.0110  decode.acc_seg: 99.4482  aux.loss_ce: 0.0050  aux.acc_seg: 99.4032
2026/05/14 20:48:31 - mmengine - INFO - Iter(train) [79800/80000]  lr: 8.0567e-09  eta: 0:00:31  time: 0.1560  data_time: 0.0122  memory: 8506  grad_norm: 0.3329  loss: 0.0164  decode.loss_ce: 0.0114  decode.acc_seg: 99.4596  aux.loss_ce: 0.0050  aux.acc_seg: 99.4173
2026/05/14 20:49:02 - mmengine - INFO - Exp name: large_weijie_ddhr_1xb4_80k_3e-4_dp20_ld90_20260514_165425
2026/05/14 20:49:02 - mmengine - INFO - Iter(train) [80000/80000]  lr: 0.0000e+00  eta: 0:00:00  time: 0.1547  data_time: 0.0123  memory: 8506  grad_norm: 0.2393  loss: 0.0127  decode.loss_ce: 0.0087  decode.acc_seg: 98.9713  aux.loss_ce: 0.0040  aux.acc_seg: 98.7543
2026/05/14 20:49:02 - mmengine - INFO - Saving checkpoint at 80000 iterations
2026/05/14 20:49:17 - mmengine - INFO - Iter(val) [ 200/3086]    eta: 0:01:03  time: 0.0220  data_time: 0.0015  memory: 4439  
2026/05/14 20:49:21 - mmengine - INFO - Iter(val) [ 400/3086]    eta: 0:00:58  time: 0.0211  data_time: 0.0015  memory: 4439  
2026/05/14 20:49:25 - mmengine - INFO - Iter(val) [ 600/3086]    eta: 0:00:54  time: 0.0212  data_time: 0.0016  memory: 4439  
2026/05/14 20:49:31 - mmengine - INFO - Iter(val) [ 800/3086]    eta: 0:00:52  time: 0.0299  data_time: 0.0021  memory: 4439  
2026/05/14 20:49:35 - mmengine - INFO - Iter(val) [1000/3086]    eta: 0:00:47  time: 0.0218  data_time: 0.0015  memory: 4439  
2026/05/14 20:49:40 - mmengine - INFO - Iter(val) [1200/3086]    eta: 0:00:43  time: 0.0290  data_time: 0.0023  memory: 4439  
2026/05/14 20:49:45 - mmengine - INFO - Iter(val) [1400/3086]    eta: 0:00:38  time: 0.0223  data_time: 0.0015  memory: 4439  
2026/05/14 20:49:49 - mmengine - INFO - Iter(val) [1600/3086]    eta: 0:00:34  time: 0.0219  data_time: 0.0014  memory: 4439  
2026/05/14 20:49:53 - mmengine - INFO - Iter(val) [1800/3086]    eta: 0:00:29  time: 0.0212  data_time: 0.0014  memory: 4439  
2026/05/14 20:49:58 - mmengine - INFO - Iter(val) [2000/3086]    eta: 0:00:24  time: 0.0214  data_time: 0.0013  memory: 4439  
2026/05/14 20:50:02 - mmengine - INFO - Iter(val) [2200/3086]    eta: 0:00:20  time: 0.0217  data_time: 0.0013  memory: 4439  
2026/05/14 20:50:07 - mmengine - INFO - Iter(val) [2400/3086]    eta: 0:00:15  time: 0.0215  data_time: 0.0014  memory: 4439  
2026/05/14 20:50:11 - mmengine - INFO - Iter(val) [2600/3086]    eta: 0:00:10  time: 0.0222  data_time: 0.0014  memory: 4439  
2026/05/14 20:50:15 - mmengine - INFO - Iter(val) [2800/3086]    eta: 0:00:06  time: 0.0215  data_time: 0.0013  memory: 4439  
2026/05/14 20:50:20 - mmengine - INFO - Iter(val) [3000/3086]    eta: 0:00:01  time: 0.0218  data_time: 0.0014  memory: 4439  
2026/05/14 20:50:22 - mmengine - INFO - per class results:
2026/05/14 20:50:22 - mmengine - INFO - 
+----------+-------+-------+--------+-----------+--------+
|  Class   |  IoU  |  Acc  | Fscore | Precision | Recall |
+----------+-------+-------+--------+-----------+--------+
| Building | 91.49 | 95.75 | 95.55  |   95.36   | 95.75  |
|   Road   | 64.92 | 75.98 | 78.73  |   81.69   | 75.98  |
| Greenery | 84.16 | 90.13 |  91.4  |    92.7   | 90.13  |
|  Water   | 98.17 | 98.88 | 99.07  |   99.27   | 98.88  |
| Farmland | 78.82 | 91.41 | 88.15  |   85.12   | 91.41  |
+----------+-------+-------+--------+-----------+--------+
2026/05/14 20:50:22 - mmengine - INFO - Iter(val) [3086/3086]  aAcc: 93.3100  mIoU: 83.5100  mAcc: 90.4300  mFscore: 90.5800  mPrecision: 90.8300  mRecall: 90.4300  Kappa: 64.0500  data_time: 0.0013  time: 0.0215
