2026-05-18 13:20:50,545 - mmdet - INFO - Environment info:
------------------------------------------------------------
sys.platform: linux
Python: 3.7.16 (default, Jan 17 2023, 22:20:44) [GCC 11.2.0]
CUDA available: True
GPU 0,1,2,3,4,5: NVIDIA A100-SXM4-80GB
CUDA_HOME: /usr/local/cuda-11.1
NVCC: Cuda compilation tools, release 11.1, V11.1.105
GCC: gcc (Ubuntu 10.5.0-1ubuntu1~22.04.3) 10.5.0
PyTorch: 1.8.0+cu111
PyTorch compiling details: PyTorch built with:
  - GCC 7.3
  - C++ Version: 201402
  - Intel(R) oneAPI Math Kernel Library Version 2021.4-Product Build 20210904 for Intel(R) 64 architecture applications
  - Intel(R) MKL-DNN v1.7.0 (Git Hash 7aed236906b1f7a05c0917e5257a1af05e9ff683)
  - OpenMP 201511 (a.k.a. OpenMP 4.5)
  - NNPACK is enabled
  - CPU capability usage: AVX2
  - CUDA Runtime 11.1
  - NVCC architecture flags: -gencode;arch=compute_37,code=sm_37;-gencode;arch=compute_50,code=sm_50;-gencode;arch=compute_60,code=sm_60;-gencode;arch=compute_70,code=sm_70;-gencode;arch=compute_75,code=sm_75;-gencode;arch=compute_80,code=sm_80;-gencode;arch=compute_86,code=sm_86
  - CuDNN 8.0.5
  - Magma 2.5.2
  - Build settings: BLAS_INFO=mkl, BUILD_TYPE=Release, CUDA_VERSION=11.1, CUDNN_VERSION=8.0.5, CXX_COMPILER=/opt/rh/devtoolset-7/root/usr/bin/c++, CXX_FLAGS= -Wno-deprecated -fvisibility-inlines-hidden -DUSE_PTHREADPOOL -fopenmp -DNDEBUG -DUSE_KINETO -DUSE_FBGEMM -DUSE_QNNPACK -DUSE_PYTORCH_QNNPACK -DUSE_XNNPACK -O2 -fPIC -Wno-narrowing -Wall -Wextra -Werror=return-type -Wno-missing-field-initializers -Wno-type-limits -Wno-array-bounds -Wno-unknown-pragmas -Wno-sign-compare -Wno-unused-parameter -Wno-unused-variable -Wno-unused-function -Wno-unused-result -Wno-unused-local-typedefs -Wno-strict-overflow -Wno-strict-aliasing -Wno-error=deprecated-declarations -Wno-stringop-overflow -Wno-psabi -Wno-error=pedantic -Wno-error=redundant-decls -Wno-error=old-style-cast -fdiagnostics-color=always -faligned-new -Wno-unused-but-set-variable -Wno-maybe-uninitialized -fno-math-errno -fno-trapping-math -Werror=format -Wno-stringop-overflow, LAPACK_INFO=mkl, PERF_WITH_AVX=1, PERF_WITH_AVX2=1, PERF_WITH_AVX512=1, TORCH_VERSION=1.8.0, USE_CUDA=ON, USE_CUDNN=ON, USE_EXCEPTION_PTR=1, USE_GFLAGS=OFF, USE_GLOG=OFF, USE_MKL=ON, USE_MKLDNN=ON, USE_MPI=OFF, USE_NCCL=ON, USE_NNPACK=ON, USE_OPENMP=ON, 

TorchVision: 0.9.0+cu111
OpenCV: 4.11.0
MMCV: 1.6.0
MMCV Compiler: GCC 7.3
MMCV CUDA Compiler: 11.1
MMDetection: 2.24.1+
------------------------------------------------------------

2026-05-18 13:20:51,862 - mmdet - INFO - Distributed training: True
2026-05-18 13:20:53,235 - mmdet - INFO - Config:
dataset_type = 'CocoDataset'
data_root = '/mnt/data7t/liweijie19/code/detection_iptn/data/HRSID_JPG/'
img_norm_cfg = dict(
    mean=[53.7795, 53.7795, 53.7795],
    std=[55.539, 55.539, 55.539],
    to_rgb=True)
train_pipeline = [
    dict(type='LoadImageFromFile'),
    dict(type='LoadAnnotations', with_bbox=True, with_mask=True),
    dict(
        type='Resize',
        img_scale=[(640, 640), (800, 800), (960, 960)],
        multiscale_mode='value',
        keep_ratio=True),
    dict(type='RandomFlip', flip_ratio=0.5),
    dict(
        type='Normalize',
        mean=[53.7795, 53.7795, 53.7795],
        std=[55.539, 55.539, 55.539],
        to_rgb=True),
    dict(type='Pad', size_divisor=32),
    dict(type='DefaultFormatBundle'),
    dict(type='Collect', keys=['img', 'gt_bboxes', 'gt_labels'])
]
test_pipeline = [
    dict(type='LoadImageFromFile'),
    dict(
        type='MultiScaleFlipAug',
        img_scale=[(640, 640), (800, 800), (960, 960)],
        flip=True,
        transforms=[
            dict(type='Resize', keep_ratio=True),
            dict(type='RandomFlip'),
            dict(
                type='Normalize',
                mean=[53.7795, 53.7795, 53.7795],
                std=[55.539, 55.539, 55.539],
                to_rgb=True),
            dict(type='Pad', size_divisor=32),
            dict(type='ImageToTensor', keys=['img']),
            dict(type='Collect', keys=['img'])
        ])
]
data = dict(
    samples_per_gpu=4,
    workers_per_gpu=4,
    train=dict(
        type='CocoDataset',
        ann_file=
        '/mnt/data7t/liweijie19/code/detection_iptn/data/HRSID_JPG/annotations/train2017.json',
        img_prefix=
        '/mnt/data7t/liweijie19/code/detection_iptn/data/HRSID_JPG/JPEGImages/',
        pipeline=[
            dict(type='LoadImageFromFile'),
            dict(type='LoadAnnotations', with_bbox=True, with_mask=True),
            dict(
                type='Resize',
                img_scale=[(640, 640), (800, 800), (960, 960)],
                multiscale_mode='value',
                keep_ratio=True),
            dict(type='RandomFlip', flip_ratio=0.5),
            dict(
                type='Normalize',
                mean=[53.7795, 53.7795, 53.7795],
                std=[55.539, 55.539, 55.539],
                to_rgb=True),
            dict(type='Pad', size_divisor=32),
            dict(type='DefaultFormatBundle'),
            dict(type='Collect', keys=['img', 'gt_bboxes', 'gt_labels'])
        ],
        classes=('ship', ),
        filter_empty_gt=True),
    val=dict(
        type='CocoDataset',
        ann_file=
        '/mnt/data7t/liweijie19/code/detection_iptn/data/HRSID_JPG/annotations/test2017.json',
        img_prefix=
        '/mnt/data7t/liweijie19/code/detection_iptn/data/HRSID_JPG/JPEGImages/',
        pipeline=[
            dict(type='LoadImageFromFile'),
            dict(
                type='MultiScaleFlipAug',
                img_scale=[(640, 640), (800, 800), (960, 960)],
                flip=True,
                transforms=[
                    dict(type='Resize', keep_ratio=True),
                    dict(type='RandomFlip'),
                    dict(
                        type='Normalize',
                        mean=[53.7795, 53.7795, 53.7795],
                        std=[55.539, 55.539, 55.539],
                        to_rgb=True),
                    dict(type='Pad', size_divisor=32),
                    dict(type='ImageToTensor', keys=['img']),
                    dict(type='Collect', keys=['img'])
                ])
        ],
        classes=('ship', )),
    test=dict(
        type='CocoDataset',
        ann_file=
        '/mnt/data7t/liweijie19/code/detection_iptn/data/HRSID_JPG/annotations/test2017.json',
        img_prefix=
        '/mnt/data7t/liweijie19/code/detection_iptn/data/HRSID_JPG/JPEGImages/',
        pipeline=[
            dict(type='LoadImageFromFile'),
            dict(
                type='MultiScaleFlipAug',
                img_scale=[(640, 640), (800, 800), (960, 960)],
                flip=True,
                transforms=[
                    dict(type='Resize', keep_ratio=True),
                    dict(type='RandomFlip'),
                    dict(
                        type='Normalize',
                        mean=[53.7795, 53.7795, 53.7795],
                        std=[55.539, 55.539, 55.539],
                        to_rgb=True),
                    dict(type='Pad', size_divisor=32),
                    dict(type='ImageToTensor', keys=['img']),
                    dict(type='Collect', keys=['img'])
                ])
        ],
        classes=('ship', )),
    persistent_workers=True,
    pin_memory=True)
evaluation = dict(
    interval=1,
    metric='bbox',
    save_best='bbox_mAP_50',
    rule='greater',
    classwise=True,
    proposal_nums=(100, 300, 1000),
    gpu_collect=True)
optimizer = dict(
    type='AdamW',
    lr=0.0002,
    betas=(0.9, 0.999),
    weight_decay=0.05,
    constructor='LayerDecayOptimizerConstructor',
    paramwise_cfg=dict(
        num_layers=44,
        layer_decay_rate=0.95,
        custom_keys=dict(
            absolute_pos_embed=dict(decay_mult=0.0),
            relative_position_bias_table=dict(decay_mult=0.0),
            norm=dict(decay_mult=0.0),
            backbone=dict(lr_mult=0.1))))
optimizer_config = dict(grad_clip=dict(max_norm=35, norm_type=2))
lr_config = dict(
    policy='CosineAnnealing',
    warmup='linear',
    warmup_iters=1000,
    warmup_ratio=0.001,
    min_lr_ratio=1e-06,
    by_epoch=True)
runner = dict(type='EpochBasedRunner', max_epochs=36)
checkpoint_config = dict(
    interval=1, max_keep_ckpts=5, save_optimizer=True, by_epoch=True)
log_config = dict(interval=20, hooks=[dict(type='TextLoggerHook')])
custom_hooks = [dict(type='NumClassCheckHook')]
dist_params = dict(backend='nccl')
log_level = 'INFO'
load_from = None
resume_from = None
workflow = [('train', 1), ('val', 1)]
opencv_num_threads = 0
mp_start_method = 'fork'
auto_scale_lr = dict(enable=True, base_batch_size=24)
pretrained = '/mnt/data7t/liweijie19/code/detection_iptn/ckpt/jiaquan_simple_large/checkpoint-1200.pth'
num_classes = 1
classes = ('ship', )
model = dict(
    type='GFL',
    backbone=dict(
        _delete_=True,
        type='iTPN_pixel',
        img_size=224,
        patch_size=16,
        in_chans=3,
        embed_dim=768,
        mlp_depth1=2,
        mlp_depth2=2,
        fpn_dim=256,
        fpn_depth=1,
        depth=40,
        num_heads=12,
        bridge_mlp_ratio=3.0,
        mlp_ratio=4.0,
        num_outs=5,
        out_embed_dim=256,
        drop_path_rate=0.2,
        num_classes=1,
        ape=True,
        rpe=False,
        patch_norm=True,
        use_checkpoint=True,
        init_cfg=dict(
            type='Pretrained',
            checkpoint=
            '/mnt/data7t/liweijie19/code/detection_iptn/ckpt/jiaquan_simple_large/checkpoint-1200.pth'
        )),
    neck=None,
    bbox_head=dict(
        type='GFLHead',
        num_classes=1,
        in_channels=256,
        stacked_convs=6,
        feat_channels=256,
        anchor_generator=dict(
            type='AnchorGenerator',
            ratios=[1.0],
            octave_base_scale=8,
            scales_per_octave=1,
            strides=[4, 8, 16, 32, 64]),
        loss_cls=dict(
            type='QualityFocalLoss',
            use_sigmoid=True,
            beta=2.0,
            loss_weight=1.0,
            reduction='mean'),
        loss_dfl=dict(
            type='DistributionFocalLoss', loss_weight=0.25, reduction='mean'),
        loss_bbox=dict(type='GIoULoss', loss_weight=2.0, reduction='mean'),
        reg_max=16,
        norm_cfg=dict(type='GN', num_groups=32, requires_grad=True)),
    train_cfg=dict(
        assigner=dict(type='ATSSAssigner', topk=9, ignore_iof_thr=0.5),
        allowed_border=-1,
        pos_weight=-1,
        debug=False),
    test_cfg=dict(
        nms_pre=4000,
        min_bbox_size=2,
        score_thr=0.01,
        nms=dict(type='soft_nms', iou_threshold=0.6, method='gaussian'),
        max_per_img=1000))
fp16 = dict(loss_scale=512.0)
seed = 42
deterministic = True
cudnn_benchmark = True
work_dir = './work_dirs/pixel_itpn_GFL_hrsid_jpg_large'
auto_resume = False
gpu_ids = range(0, 6)

2026-05-18 13:20:53,235 - mmdet - INFO - Set random seed to 0, deterministic: False
2026-05-18 13:21:01,773 - mmdet - WARNING - The model and loaded state dict do not match exactly

unexpected key in source state_dict: mask_token, decoder_pos_embed, hogs.simple_weights, hogs.SAR_Lay.weight_LBP1, hogs.SAR_Lay.weight_LBP2, hogs.SAR_Layer0.weight_x1, hogs.SAR_Layer0.weight_x2, hogs.SAR_Layer0.weight_y1, hogs.SAR_Layer0.weight_y2, hogs.SAR_Layer1.weight_x1, hogs.SAR_Layer1.weight_x2, hogs.SAR_Layer1.weight_y1, hogs.SAR_Layer1.weight_y2, hogs.SAR_Layer2.weight_x1, hogs.SAR_Layer2.weight_x2, hogs.SAR_Layer2.weight_y1, hogs.SAR_Layer2.weight_y2, hogs.SAR_Layer3.weight_x1, hogs.SAR_Layer3.weight_x2, hogs.SAR_Layer3.weight_y1, hogs.SAR_Layer3.weight_y2, hogs.SAR_Layer4.weight_x1, hogs.SAR_Layer4.weight_x2, hogs.SAR_Layer4.weight_y1, hogs.SAR_Layer4.weight_y2, decoder_embed.0.0.weight, decoder_embed.0.0.bias, decoder_embed.0.1.weight, decoder_embed.0.1.bias, decoder_embed.1.0.weight, decoder_embed.1.0.bias, decoder_embed.1.1.weight, decoder_embed.1.1.bias, decoder_embed.2.0.weight, decoder_embed.2.0.bias, decoder_embed.2.1.weight, decoder_embed.2.1.bias, decoder_blocks.0.norm1.weight, decoder_blocks.0.norm1.bias, decoder_blocks.0.attn.qkv.weight, decoder_blocks.0.attn.qkv.bias, decoder_blocks.0.attn.proj.weight, decoder_blocks.0.attn.proj.bias, decoder_blocks.0.norm2.weight, decoder_blocks.0.norm2.bias, decoder_blocks.0.mlp.fc1.weight, decoder_blocks.0.mlp.fc1.bias, decoder_blocks.0.mlp.fc2.weight, decoder_blocks.0.mlp.fc2.bias, decoder_blocks.1.norm1.weight, decoder_blocks.1.norm1.bias, decoder_blocks.1.attn.qkv.weight, decoder_blocks.1.attn.qkv.bias, decoder_blocks.1.attn.proj.weight, decoder_blocks.1.attn.proj.bias, decoder_blocks.1.norm2.weight, decoder_blocks.1.norm2.bias, decoder_blocks.1.mlp.fc1.weight, decoder_blocks.1.mlp.fc1.bias, decoder_blocks.1.mlp.fc2.weight, decoder_blocks.1.mlp.fc2.bias, decoder_blocks.2.norm1.weight, decoder_blocks.2.norm1.bias, decoder_blocks.2.attn.qkv.weight, decoder_blocks.2.attn.qkv.bias, decoder_blocks.2.attn.proj.weight, decoder_blocks.2.attn.proj.bias, decoder_blocks.2.norm2.weight, decoder_blocks.2.norm2.bias, decoder_blocks.2.mlp.fc1.weight, decoder_blocks.2.mlp.fc1.bias, decoder_blocks.2.mlp.fc2.weight, decoder_blocks.2.mlp.fc2.bias, decoder_blocks.3.norm1.weight, decoder_blocks.3.norm1.bias, decoder_blocks.3.attn.qkv.weight, decoder_blocks.3.attn.qkv.bias, decoder_blocks.3.attn.proj.weight, decoder_blocks.3.attn.proj.bias, decoder_blocks.3.norm2.weight, decoder_blocks.3.norm2.bias, decoder_blocks.3.mlp.fc1.weight, decoder_blocks.3.mlp.fc1.bias, decoder_blocks.3.mlp.fc2.weight, decoder_blocks.3.mlp.fc2.bias, decoder_blocks.4.norm1.weight, decoder_blocks.4.norm1.bias, decoder_blocks.4.attn.qkv.weight, decoder_blocks.4.attn.qkv.bias, decoder_blocks.4.attn.proj.weight, decoder_blocks.4.attn.proj.bias, decoder_blocks.4.norm2.weight, decoder_blocks.4.norm2.bias, decoder_blocks.4.mlp.fc1.weight, decoder_blocks.4.mlp.fc1.bias, decoder_blocks.4.mlp.fc2.weight, decoder_blocks.4.mlp.fc2.bias, decoder_blocks.5.norm1.weight, decoder_blocks.5.norm1.bias, decoder_blocks.5.attn.qkv.weight, decoder_blocks.5.attn.qkv.bias, decoder_blocks.5.attn.proj.weight, decoder_blocks.5.attn.proj.bias, decoder_blocks.5.norm2.weight, decoder_blocks.5.norm2.bias, decoder_blocks.5.mlp.fc1.weight, decoder_blocks.5.mlp.fc1.bias, decoder_blocks.5.mlp.fc2.weight, decoder_blocks.5.mlp.fc2.bias, decoder_blocks.6.norm1.weight, decoder_blocks.6.norm1.bias, decoder_blocks.6.attn.qkv.weight, decoder_blocks.6.attn.qkv.bias, decoder_blocks.6.attn.proj.weight, decoder_blocks.6.attn.proj.bias, decoder_blocks.6.norm2.weight, decoder_blocks.6.norm2.bias, decoder_blocks.6.mlp.fc1.weight, decoder_blocks.6.mlp.fc1.bias, decoder_blocks.6.mlp.fc2.weight, decoder_blocks.6.mlp.fc2.bias, decoder_blocks.7.norm1.weight, decoder_blocks.7.norm1.bias, decoder_blocks.7.attn.qkv.weight, decoder_blocks.7.attn.qkv.bias, decoder_blocks.7.attn.proj.weight, decoder_blocks.7.attn.proj.bias, decoder_blocks.7.norm2.weight, decoder_blocks.7.norm2.bias, decoder_blocks.7.mlp.fc1.weight, decoder_blocks.7.mlp.fc1.bias, decoder_blocks.7.mlp.fc2.weight, decoder_blocks.7.mlp.fc2.bias, decoder_norm.weight, decoder_norm.bias, decoder_pred.weight, decoder_pred.bias, block_16to8.1.norm2.weight, block_16to8.1.norm2.bias, block_16to8.1.mlp.fc1.weight, block_16to8.1.mlp.fc1.bias, block_16to8.1.mlp.fc2.weight, block_16to8.1.mlp.fc2.bias, block_8to4.1.norm2.weight, block_8to4.1.norm2.bias, block_8to4.1.mlp.fc1.weight, block_8to4.1.mlp.fc1.bias, block_8to4.1.mlp.fc2.weight, block_8to4.1.mlp.fc2.bias

2026-05-18 13:21:02,099 - mmdet - INFO - initialize GFLHead with init_cfg {'type': 'Normal', 'layer': 'Conv2d', 'std': 0.01, 'override': {'type': 'Normal', 'name': 'gfl_cls', 'std': 0.01, 'bias_prob': 0.01}}
Name of parameter - Initialization information

backbone.absolute_pos_embed - torch.Size([1, 196, 768]): 
Initialized by user-defined `init_weights` in iTPN_pixel  

backbone.patch_embed.proj.weight - torch.Size([192, 3, 4, 4]): 
Initialized by user-defined `init_weights` in iTPN_pixel  

backbone.patch_embed.proj.bias - torch.Size([192]): 
Initialized by user-defined `init_weights` in iTPN_pixel  

backbone.patch_embed.norm.weight - torch.Size([192]): 
Initialized by user-defined `init_weights` in iTPN_pixel  

backbone.patch_embed.norm.bias - torch.Size([192]): 
Initialized by user-defined `init_weights` in iTPN_pixel  

backbone.blocks.0.norm2.weight - torch.Size([192]): 
Initialized by user-defined `init_weights` in iTPN_pixel  

backbone.blocks.0.norm2.bias - torch.Size([192]): 
Initialized by user-defined `init_weights` in iTPN_pixel  

backbone.blocks.0.mlp.fc1.weight - torch.Size([576, 192]): 
Initialized by user-defined `init_weights` in iTPN_pixel  

backbone.blocks.0.mlp.fc1.bias - torch.Size([576]): 
Initialized by user-defined `init_weights` in iTPN_pixel  

backbone.blocks.0.mlp.fc2.weight - torch.Size([192, 576]): 
Initialized by user-defined `init_weights` in iTPN_pixel  

backbone.blocks.0.mlp.fc2.bias - torch.Size([192]): 
Initialized by user-defined `init_weights` in iTPN_pixel  

backbone.blocks.1.norm2.weight - torch.Size([192]): 
Initialized by user-defined `init_weights` in iTPN_pixel  

backbone.blocks.1.norm2.bias - torch.Size([192]): 
Initialized by user-defined `init_weights` in iTPN_pixel  

backbone.blocks.1.mlp.fc1.weight - torch.Size([576, 192]): 
Initialized by user-defined `init_weights` in iTPN_pixel  

backbone.blocks.1.mlp.fc1.bias - torch.Size([576]): 
Initialized by user-defined `init_weights` in iTPN_pixel  

backbone.blocks.1.mlp.fc2.weight - torch.Size([192, 576]): 
Initialized by user-defined `init_weights` in iTPN_pixel  

backbone.blocks.1.mlp.fc2.bias - torch.Size([192]): 
Initialized by user-defined `init_weights` in iTPN_pixel  

backbone.blocks.2.norm.weight - torch.Size([768]): 
Initialized by user-defined `init_weights` in iTPN_pixel  

backbone.blocks.2.norm.bias - torch.Size([768]): 
Initialized by user-defined `init_weights` in iTPN_pixel  

backbone.blocks.2.reduction.weight - torch.Size([384, 768]): 
Initialized by user-defined `init_weights` in iTPN_pixel  

backbone.blocks.3.norm2.weight - torch.Size([384]): 
Initialized by user-defined `init_weights` in iTPN_pixel  

backbone.blocks.3.norm2.bias - torch.Size([384]): 
Initialized by user-defined `init_weights` in iTPN_pixel  

backbone.blocks.3.mlp.fc1.weight - torch.Size([1152, 384]): 
Initialized by user-defined `init_weights` in iTPN_pixel  

backbone.blocks.3.mlp.fc1.bias - torch.Size([1152]): 
Initialized by user-defined `init_weights` in iTPN_pixel  

backbone.blocks.3.mlp.fc2.weight - torch.Size([384, 1152]): 
Initialized by user-defined `init_weights` in iTPN_pixel  

backbone.blocks.3.mlp.fc2.bias - torch.Size([384]): 
Initialized by user-defined `init_weights` in iTPN_pixel  

backbone.blocks.4.norm2.weight - torch.Size([384]): 
Initialized by user-defined `init_weights` in iTPN_pixel  

backbone.blocks.4.norm2.bias - torch.Size([384]): 
Initialized by user-defined `init_weights` in iTPN_pixel  

backbone.blocks.4.mlp.fc1.weight - torch.Size([1152, 384]): 
Initialized by user-defined `init_weights` in iTPN_pixel  

backbone.blocks.4.mlp.fc1.bias - torch.Size([1152]): 
Initialized by user-defined `init_weights` in iTPN_pixel  

backbone.blocks.4.mlp.fc2.weight - torch.Size([384, 1152]): 
Initialized by user-defined `init_weights` in iTPN_pixel  

backbone.blocks.4.mlp.fc2.bias - torch.Size([384]): 
Initialized by user-defined `init_weights` in iTPN_pixel  

backbone.blocks.5.norm.weight - torch.Size([1536]): 
Initialized by user-defined `init_weights` in iTPN_pixel  

backbone.blocks.5.norm.bias - torch.Size([1536]): 
Initialized by user-defined `init_weights` in iTPN_pixel  

backbone.blocks.5.reduction.weight - torch.Size([768, 1536]): 
Initialized by user-defined `init_weights` in iTPN_pixel  

backbone.blocks.6.norm1.weight - torch.Size([768]): 
Initialized by user-defined `init_weights` in iTPN_pixel  

backbone.blocks.6.norm1.bias - torch.Size([768]): 
Initialized by user-defined `init_weights` in iTPN_pixel  

backbone.blocks.6.attn.qkv.weight - torch.Size([2304, 768]): 
Initialized by user-defined `init_weights` in iTPN_pixel  

backbone.blocks.6.attn.qkv.bias - torch.Size([2304]): 
Initialized by user-defined `init_weights` in iTPN_pixel  

backbone.blocks.6.attn.proj.weight - torch.Size([768, 768]): 
Initialized by user-defined `init_weights` in iTPN_pixel  

backbone.blocks.6.attn.proj.bias - torch.Size([768]): 
Initialized by user-defined `init_weights` in iTPN_pixel  

backbone.blocks.6.norm2.weight - torch.Size([768]): 
Initialized by user-defined `init_weights` in iTPN_pixel  

backbone.blocks.6.norm2.bias - torch.Size([768]): 
Initialized by user-defined `init_weights` in iTPN_pixel  

backbone.blocks.6.mlp.fc1.weight - torch.Size([3072, 768]): 
Initialized by user-defined `init_weights` in iTPN_pixel  

backbone.blocks.6.mlp.fc1.bias - torch.Size([3072]): 
Initialized by user-defined `init_weights` in iTPN_pixel  

backbone.blocks.6.mlp.fc2.weight - torch.Size([768, 3072]): 
Initialized by user-defined `init_weights` in iTPN_pixel  

backbone.blocks.6.mlp.fc2.bias - torch.Size([768]): 
Initialized by user-defined `init_weights` in iTPN_pixel  

backbone.blocks.7.norm1.weight - torch.Size([768]): 
Initialized by user-defined `init_weights` in iTPN_pixel  

backbone.blocks.7.norm1.bias - torch.Size([768]): 
Initialized by user-defined `init_weights` in iTPN_pixel  

backbone.blocks.7.attn.qkv.weight - torch.Size([2304, 768]): 
Initialized by user-defined `init_weights` in iTPN_pixel  

backbone.blocks.7.attn.qkv.bias - torch.Size([2304]): 
Initialized by user-defined `init_weights` in iTPN_pixel  

backbone.blocks.7.attn.proj.weight - torch.Size([768, 768]): 
Initialized by user-defined `init_weights` in iTPN_pixel  

backbone.blocks.7.attn.proj.bias - torch.Size([768]): 
Initialized by user-defined `init_weights` in iTPN_pixel  

backbone.blocks.7.norm2.weight - torch.Size([768]): 
Initialized by user-defined `init_weights` in iTPN_pixel  

backbone.blocks.7.norm2.bias - torch.Size([768]): 
Initialized by user-defined `init_weights` in iTPN_pixel  

backbone.blocks.7.mlp.fc1.weight - torch.Size([3072, 768]): 
Initialized by user-defined `init_weights` in iTPN_pixel  

backbone.blocks.7.mlp.fc1.bias - torch.Size([3072]): 
Initialized by user-defined `init_weights` in iTPN_pixel  

backbone.blocks.7.mlp.fc2.weight - torch.Size([768, 3072]): 
Initialized by user-defined `init_weights` in iTPN_pixel  

backbone.blocks.7.mlp.fc2.bias - torch.Size([768]): 
Initialized by user-defined `init_weights` in iTPN_pixel  

backbone.blocks.8.norm1.weight - torch.Size([768]): 
Initialized by user-defined `init_weights` in iTPN_pixel  

backbone.blocks.8.norm1.bias - torch.Size([768]): 
Initialized by user-defined `init_weights` in iTPN_pixel  

backbone.blocks.8.attn.qkv.weight - torch.Size([2304, 768]): 
Initialized by user-defined `init_weights` in iTPN_pixel  

backbone.blocks.8.attn.qkv.bias - torch.Size([2304]): 
Initialized by user-defined `init_weights` in iTPN_pixel  

backbone.blocks.8.attn.proj.weight - torch.Size([768, 768]): 
Initialized by user-defined `init_weights` in iTPN_pixel  

backbone.blocks.8.attn.proj.bias - torch.Size([768]): 
Initialized by user-defined `init_weights` in iTPN_pixel  

backbone.blocks.8.norm2.weight - torch.Size([768]): 
Initialized by user-defined `init_weights` in iTPN_pixel  

backbone.blocks.8.norm2.bias - torch.Size([768]): 
Initialized by user-defined `init_weights` in iTPN_pixel  

backbone.blocks.8.mlp.fc1.weight - torch.Size([3072, 768]): 
Initialized by user-defined `init_weights` in iTPN_pixel  

backbone.blocks.8.mlp.fc1.bias - torch.Size([3072]): 
Initialized by user-defined `init_weights` in iTPN_pixel  

backbone.blocks.8.mlp.fc2.weight - torch.Size([768, 3072]): 
Initialized by user-defined `init_weights` in iTPN_pixel  

backbone.blocks.8.mlp.fc2.bias - torch.Size([768]): 
Initialized by user-defined `init_weights` in iTPN_pixel  

backbone.blocks.9.norm1.weight - torch.Size([768]): 
Initialized by user-defined `init_weights` in iTPN_pixel  

backbone.blocks.9.norm1.bias - torch.Size([768]): 
Initialized by user-defined `init_weights` in iTPN_pixel  

backbone.blocks.9.attn.qkv.weight - torch.Size([2304, 768]): 
Initialized by user-defined `init_weights` in iTPN_pixel  

backbone.blocks.9.attn.qkv.bias - torch.Size([2304]): 
Initialized by user-defined `init_weights` in iTPN_pixel  

backbone.blocks.9.attn.proj.weight - torch.Size([768, 768]): 
Initialized by user-defined `init_weights` in iTPN_pixel  

backbone.blocks.9.attn.proj.bias - torch.Size([768]): 
Initialized by user-defined `init_weights` in iTPN_pixel  

backbone.blocks.9.norm2.weight - torch.Size([768]): 
Initialized by user-defined `init_weights` in iTPN_pixel  

backbone.blocks.9.norm2.bias - torch.Size([768]): 
Initialized by user-defined `init_weights` in iTPN_pixel  

backbone.blocks.9.mlp.fc1.weight - torch.Size([3072, 768]): 
Initialized by user-defined `init_weights` in iTPN_pixel  

backbone.blocks.9.mlp.fc1.bias - torch.Size([3072]): 
Initialized by user-defined `init_weights` in iTPN_pixel  

backbone.blocks.9.mlp.fc2.weight - torch.Size([768, 3072]): 
Initialized by user-defined `init_weights` in iTPN_pixel  

backbone.blocks.9.mlp.fc2.bias - torch.Size([768]): 
Initialized by user-defined `init_weights` in iTPN_pixel  

backbone.blocks.10.norm1.weight - torch.Size([768]): 
Initialized by user-defined `init_weights` in iTPN_pixel  

backbone.blocks.10.norm1.bias - torch.Size([768]): 
Initialized by user-defined `init_weights` in iTPN_pixel  

backbone.blocks.10.attn.qkv.weight - torch.Size([2304, 768]): 
Initialized by user-defined `init_weights` in iTPN_pixel  

backbone.blocks.10.attn.qkv.bias - torch.Size([2304]): 
Initialized by user-defined `init_weights` in iTPN_pixel  

backbone.blocks.10.attn.proj.weight - torch.Size([768, 768]): 
Initialized by user-defined `init_weights` in iTPN_pixel  

backbone.blocks.10.attn.proj.bias - torch.Size([768]): 
Initialized by user-defined `init_weights` in iTPN_pixel  

backbone.blocks.10.norm2.weight - torch.Size([768]): 
Initialized by user-defined `init_weights` in iTPN_pixel  

backbone.blocks.10.norm2.bias - torch.Size([768]): 
Initialized by user-defined `init_weights` in iTPN_pixel  

backbone.blocks.10.mlp.fc1.weight - torch.Size([3072, 768]): 
Initialized by user-defined `init_weights` in iTPN_pixel  

backbone.blocks.10.mlp.fc1.bias - torch.Size([3072]): 
Initialized by user-defined `init_weights` in iTPN_pixel  

backbone.blocks.10.mlp.fc2.weight - torch.Size([768, 3072]): 
Initialized by user-defined `init_weights` in iTPN_pixel  

backbone.blocks.10.mlp.fc2.bias - torch.Size([768]): 
Initialized by user-defined `init_weights` in iTPN_pixel  

backbone.blocks.11.norm1.weight - torch.Size([768]): 
Initialized by user-defined `init_weights` in iTPN_pixel  

backbone.blocks.11.norm1.bias - torch.Size([768]): 
Initialized by user-defined `init_weights` in iTPN_pixel  

backbone.blocks.11.attn.qkv.weight - torch.Size([2304, 768]): 
Initialized by user-defined `init_weights` in iTPN_pixel  

backbone.blocks.11.attn.qkv.bias - torch.Size([2304]): 
Initialized by user-defined `init_weights` in iTPN_pixel  

backbone.blocks.11.attn.proj.weight - torch.Size([768, 768]): 
Initialized by user-defined `init_weights` in iTPN_pixel  

backbone.blocks.11.attn.proj.bias - torch.Size([768]): 
Initialized by user-defined `init_weights` in iTPN_pixel  

backbone.blocks.11.norm2.weight - torch.Size([768]): 
Initialized by user-defined `init_weights` in iTPN_pixel  

backbone.blocks.11.norm2.bias - torch.Size([768]): 
Initialized by user-defined `init_weights` in iTPN_pixel  

backbone.blocks.11.mlp.fc1.weight - torch.Size([3072, 768]): 
Initialized by user-defined `init_weights` in iTPN_pixel  

backbone.blocks.11.mlp.fc1.bias - torch.Size([3072]): 
Initialized by user-defined `init_weights` in iTPN_pixel  

backbone.blocks.11.mlp.fc2.weight - torch.Size([768, 3072]): 
Initialized by user-defined `init_weights` in iTPN_pixel  

backbone.blocks.11.mlp.fc2.bias - torch.Size([768]): 
Initialized by user-defined `init_weights` in iTPN_pixel  

backbone.blocks.12.norm1.weight - torch.Size([768]): 
Initialized by user-defined `init_weights` in iTPN_pixel  

backbone.blocks.12.norm1.bias - torch.Size([768]): 
Initialized by user-defined `init_weights` in iTPN_pixel  

backbone.blocks.12.attn.qkv.weight - torch.Size([2304, 768]): 
Initialized by user-defined `init_weights` in iTPN_pixel  

backbone.blocks.12.attn.qkv.bias - torch.Size([2304]): 
Initialized by user-defined `init_weights` in iTPN_pixel  

backbone.blocks.12.attn.proj.weight - torch.Size([768, 768]): 
Initialized by user-defined `init_weights` in iTPN_pixel  

backbone.blocks.12.attn.proj.bias - torch.Size([768]): 
Initialized by user-defined `init_weights` in iTPN_pixel  

backbone.blocks.12.norm2.weight - torch.Size([768]): 
Initialized by user-defined `init_weights` in iTPN_pixel  

backbone.blocks.12.norm2.bias - torch.Size([768]): 
Initialized by user-defined `init_weights` in iTPN_pixel  

backbone.blocks.12.mlp.fc1.weight - torch.Size([3072, 768]): 
Initialized by user-defined `init_weights` in iTPN_pixel  

backbone.blocks.12.mlp.fc1.bias - torch.Size([3072]): 
Initialized by user-defined `init_weights` in iTPN_pixel  

backbone.blocks.12.mlp.fc2.weight - torch.Size([768, 3072]): 
Initialized by user-defined `init_weights` in iTPN_pixel  

backbone.blocks.12.mlp.fc2.bias - torch.Size([768]): 
Initialized by user-defined `init_weights` in iTPN_pixel  

backbone.blocks.13.norm1.weight - torch.Size([768]): 
Initialized by user-defined `init_weights` in iTPN_pixel  

backbone.blocks.13.norm1.bias - torch.Size([768]): 
Initialized by user-defined `init_weights` in iTPN_pixel  

backbone.blocks.13.attn.qkv.weight - torch.Size([2304, 768]): 
Initialized by user-defined `init_weights` in iTPN_pixel  

backbone.blocks.13.attn.qkv.bias - torch.Size([2304]): 
Initialized by user-defined `init_weights` in iTPN_pixel  

backbone.blocks.13.attn.proj.weight - torch.Size([768, 768]): 
Initialized by user-defined `init_weights` in iTPN_pixel  

backbone.blocks.13.attn.proj.bias - torch.Size([768]): 
Initialized by user-defined `init_weights` in iTPN_pixel  

backbone.blocks.13.norm2.weight - torch.Size([768]): 
Initialized by user-defined `init_weights` in iTPN_pixel  

backbone.blocks.13.norm2.bias - torch.Size([768]): 
Initialized by user-defined `init_weights` in iTPN_pixel  

backbone.blocks.13.mlp.fc1.weight - torch.Size([3072, 768]): 
Initialized by user-defined `init_weights` in iTPN_pixel  

backbone.blocks.13.mlp.fc1.bias - torch.Size([3072]): 
Initialized by user-defined `init_weights` in iTPN_pixel  

backbone.blocks.13.mlp.fc2.weight - torch.Size([768, 3072]): 
Initialized by user-defined `init_weights` in iTPN_pixel  

backbone.blocks.13.mlp.fc2.bias - torch.Size([768]): 
Initialized by user-defined `init_weights` in iTPN_pixel  

backbone.blocks.14.norm1.weight - torch.Size([768]): 
Initialized by user-defined `init_weights` in iTPN_pixel  

backbone.blocks.14.norm1.bias - torch.Size([768]): 
Initialized by user-defined `init_weights` in iTPN_pixel  

backbone.blocks.14.attn.qkv.weight - torch.Size([2304, 768]): 
Initialized by user-defined `init_weights` in iTPN_pixel  

backbone.blocks.14.attn.qkv.bias - torch.Size([2304]): 
Initialized by user-defined `init_weights` in iTPN_pixel  

backbone.blocks.14.attn.proj.weight - torch.Size([768, 768]): 
Initialized by user-defined `init_weights` in iTPN_pixel  

backbone.blocks.14.attn.proj.bias - torch.Size([768]): 
Initialized by user-defined `init_weights` in iTPN_pixel  

backbone.blocks.14.norm2.weight - torch.Size([768]): 
Initialized by user-defined `init_weights` in iTPN_pixel  

backbone.blocks.14.norm2.bias - torch.Size([768]): 
Initialized by user-defined `init_weights` in iTPN_pixel  

backbone.blocks.14.mlp.fc1.weight - torch.Size([3072, 768]): 
Initialized by user-defined `init_weights` in iTPN_pixel  

backbone.blocks.14.mlp.fc1.bias - torch.Size([3072]): 
Initialized by user-defined `init_weights` in iTPN_pixel  

backbone.blocks.14.mlp.fc2.weight - torch.Size([768, 3072]): 
Initialized by user-defined `init_weights` in iTPN_pixel  

backbone.blocks.14.mlp.fc2.bias - torch.Size([768]): 
Initialized by user-defined `init_weights` in iTPN_pixel  

backbone.blocks.15.norm1.weight - torch.Size([768]): 
Initialized by user-defined `init_weights` in iTPN_pixel  

backbone.blocks.15.norm1.bias - torch.Size([768]): 
Initialized by user-defined `init_weights` in iTPN_pixel  

backbone.blocks.15.attn.qkv.weight - torch.Size([2304, 768]): 
Initialized by user-defined `init_weights` in iTPN_pixel  

backbone.blocks.15.attn.qkv.bias - torch.Size([2304]): 
Initialized by user-defined `init_weights` in iTPN_pixel  

backbone.blocks.15.attn.proj.weight - torch.Size([768, 768]): 
Initialized by user-defined `init_weights` in iTPN_pixel  

backbone.blocks.15.attn.proj.bias - torch.Size([768]): 
Initialized by user-defined `init_weights` in iTPN_pixel  

backbone.blocks.15.norm2.weight - torch.Size([768]): 
Initialized by user-defined `init_weights` in iTPN_pixel  

backbone.blocks.15.norm2.bias - torch.Size([768]): 
Initialized by user-defined `init_weights` in iTPN_pixel  

backbone.blocks.15.mlp.fc1.weight - torch.Size([3072, 768]): 
Initialized by user-defined `init_weights` in iTPN_pixel  

backbone.blocks.15.mlp.fc1.bias - torch.Size([3072]): 
Initialized by user-defined `init_weights` in iTPN_pixel  

backbone.blocks.15.mlp.fc2.weight - torch.Size([768, 3072]): 
Initialized by user-defined `init_weights` in iTPN_pixel  

backbone.blocks.15.mlp.fc2.bias - torch.Size([768]): 
Initialized by user-defined `init_weights` in iTPN_pixel  

backbone.blocks.16.norm1.weight - torch.Size([768]): 
Initialized by user-defined `init_weights` in iTPN_pixel  

backbone.blocks.16.norm1.bias - torch.Size([768]): 
Initialized by user-defined `init_weights` in iTPN_pixel  

backbone.blocks.16.attn.qkv.weight - torch.Size([2304, 768]): 
Initialized by user-defined `init_weights` in iTPN_pixel  

backbone.blocks.16.attn.qkv.bias - torch.Size([2304]): 
Initialized by user-defined `init_weights` in iTPN_pixel  

backbone.blocks.16.attn.proj.weight - torch.Size([768, 768]): 
Initialized by user-defined `init_weights` in iTPN_pixel  

backbone.blocks.16.attn.proj.bias - torch.Size([768]): 
Initialized by user-defined `init_weights` in iTPN_pixel  

backbone.blocks.16.norm2.weight - torch.Size([768]): 
Initialized by user-defined `init_weights` in iTPN_pixel  

backbone.blocks.16.norm2.bias - torch.Size([768]): 
Initialized by user-defined `init_weights` in iTPN_pixel  

backbone.blocks.16.mlp.fc1.weight - torch.Size([3072, 768]): 
Initialized by user-defined `init_weights` in iTPN_pixel  

backbone.blocks.16.mlp.fc1.bias - torch.Size([3072]): 
Initialized by user-defined `init_weights` in iTPN_pixel  

backbone.blocks.16.mlp.fc2.weight - torch.Size([768, 3072]): 
Initialized by user-defined `init_weights` in iTPN_pixel  

backbone.blocks.16.mlp.fc2.bias - torch.Size([768]): 
Initialized by user-defined `init_weights` in iTPN_pixel  

backbone.blocks.17.norm1.weight - torch.Size([768]): 
Initialized by user-defined `init_weights` in iTPN_pixel  

backbone.blocks.17.norm1.bias - torch.Size([768]): 
Initialized by user-defined `init_weights` in iTPN_pixel  

backbone.blocks.17.attn.qkv.weight - torch.Size([2304, 768]): 
Initialized by user-defined `init_weights` in iTPN_pixel  

backbone.blocks.17.attn.qkv.bias - torch.Size([2304]): 
Initialized by user-defined `init_weights` in iTPN_pixel  

backbone.blocks.17.attn.proj.weight - torch.Size([768, 768]): 
Initialized by user-defined `init_weights` in iTPN_pixel  

backbone.blocks.17.attn.proj.bias - torch.Size([768]): 
Initialized by user-defined `init_weights` in iTPN_pixel  

backbone.blocks.17.norm2.weight - torch.Size([768]): 
Initialized by user-defined `init_weights` in iTPN_pixel  

backbone.blocks.17.norm2.bias - torch.Size([768]): 
Initialized by user-defined `init_weights` in iTPN_pixel  

backbone.blocks.17.mlp.fc1.weight - torch.Size([3072, 768]): 
Initialized by user-defined `init_weights` in iTPN_pixel  

backbone.blocks.17.mlp.fc1.bias - torch.Size([3072]): 
Initialized by user-defined `init_weights` in iTPN_pixel  

backbone.blocks.17.mlp.fc2.weight - torch.Size([768, 3072]): 
Initialized by user-defined `init_weights` in iTPN_pixel  

backbone.blocks.17.mlp.fc2.bias - torch.Size([768]): 
Initialized by user-defined `init_weights` in iTPN_pixel  

backbone.blocks.18.norm1.weight - torch.Size([768]): 
Initialized by user-defined `init_weights` in iTPN_pixel  

backbone.blocks.18.norm1.bias - torch.Size([768]): 
Initialized by user-defined `init_weights` in iTPN_pixel  

backbone.blocks.18.attn.qkv.weight - torch.Size([2304, 768]): 
Initialized by user-defined `init_weights` in iTPN_pixel  

backbone.blocks.18.attn.qkv.bias - torch.Size([2304]): 
Initialized by user-defined `init_weights` in iTPN_pixel  

backbone.blocks.18.attn.proj.weight - torch.Size([768, 768]): 
Initialized by user-defined `init_weights` in iTPN_pixel  

backbone.blocks.18.attn.proj.bias - torch.Size([768]): 
Initialized by user-defined `init_weights` in iTPN_pixel  

backbone.blocks.18.norm2.weight - torch.Size([768]): 
Initialized by user-defined `init_weights` in iTPN_pixel  

backbone.blocks.18.norm2.bias - torch.Size([768]): 
Initialized by user-defined `init_weights` in iTPN_pixel  

backbone.blocks.18.mlp.fc1.weight - torch.Size([3072, 768]): 
Initialized by user-defined `init_weights` in iTPN_pixel  

backbone.blocks.18.mlp.fc1.bias - torch.Size([3072]): 
Initialized by user-defined `init_weights` in iTPN_pixel  

backbone.blocks.18.mlp.fc2.weight - torch.Size([768, 3072]): 
Initialized by user-defined `init_weights` in iTPN_pixel  

backbone.blocks.18.mlp.fc2.bias - torch.Size([768]): 
Initialized by user-defined `init_weights` in iTPN_pixel  

backbone.blocks.19.norm1.weight - torch.Size([768]): 
Initialized by user-defined `init_weights` in iTPN_pixel  

backbone.blocks.19.norm1.bias - torch.Size([768]): 
Initialized by user-defined `init_weights` in iTPN_pixel  

backbone.blocks.19.attn.qkv.weight - torch.Size([2304, 768]): 
Initialized by user-defined `init_weights` in iTPN_pixel  

backbone.blocks.19.attn.qkv.bias - torch.Size([2304]): 
Initialized by user-defined `init_weights` in iTPN_pixel  

backbone.blocks.19.attn.proj.weight - torch.Size([768, 768]): 
Initialized by user-defined `init_weights` in iTPN_pixel  

backbone.blocks.19.attn.proj.bias - torch.Size([768]): 
Initialized by user-defined `init_weights` in iTPN_pixel  

backbone.blocks.19.norm2.weight - torch.Size([768]): 
Initialized by user-defined `init_weights` in iTPN_pixel  

backbone.blocks.19.norm2.bias - torch.Size([768]): 
Initialized by user-defined `init_weights` in iTPN_pixel  

backbone.blocks.19.mlp.fc1.weight - torch.Size([3072, 768]): 
Initialized by user-defined `init_weights` in iTPN_pixel  

backbone.blocks.19.mlp.fc1.bias - torch.Size([3072]): 
Initialized by user-defined `init_weights` in iTPN_pixel  

backbone.blocks.19.mlp.fc2.weight - torch.Size([768, 3072]): 
Initialized by user-defined `init_weights` in iTPN_pixel  

backbone.blocks.19.mlp.fc2.bias - torch.Size([768]): 
Initialized by user-defined `init_weights` in iTPN_pixel  

backbone.blocks.20.norm1.weight - torch.Size([768]): 
Initialized by user-defined `init_weights` in iTPN_pixel  

backbone.blocks.20.norm1.bias - torch.Size([768]): 
Initialized by user-defined `init_weights` in iTPN_pixel  

backbone.blocks.20.attn.qkv.weight - torch.Size([2304, 768]): 
Initialized by user-defined `init_weights` in iTPN_pixel  

backbone.blocks.20.attn.qkv.bias - torch.Size([2304]): 
Initialized by user-defined `init_weights` in iTPN_pixel  

backbone.blocks.20.attn.proj.weight - torch.Size([768, 768]): 
Initialized by user-defined `init_weights` in iTPN_pixel  

backbone.blocks.20.attn.proj.bias - torch.Size([768]): 
Initialized by user-defined `init_weights` in iTPN_pixel  

backbone.blocks.20.norm2.weight - torch.Size([768]): 
Initialized by user-defined `init_weights` in iTPN_pixel  

backbone.blocks.20.norm2.bias - torch.Size([768]): 
Initialized by user-defined `init_weights` in iTPN_pixel  

backbone.blocks.20.mlp.fc1.weight - torch.Size([3072, 768]): 
Initialized by user-defined `init_weights` in iTPN_pixel  

backbone.blocks.20.mlp.fc1.bias - torch.Size([3072]): 
Initialized by user-defined `init_weights` in iTPN_pixel  

backbone.blocks.20.mlp.fc2.weight - torch.Size([768, 3072]): 
Initialized by user-defined `init_weights` in iTPN_pixel  

backbone.blocks.20.mlp.fc2.bias - torch.Size([768]): 
Initialized by user-defined `init_weights` in iTPN_pixel  

backbone.blocks.21.norm1.weight - torch.Size([768]): 
Initialized by user-defined `init_weights` in iTPN_pixel  

backbone.blocks.21.norm1.bias - torch.Size([768]): 
Initialized by user-defined `init_weights` in iTPN_pixel  

backbone.blocks.21.attn.qkv.weight - torch.Size([2304, 768]): 
Initialized by user-defined `init_weights` in iTPN_pixel  

backbone.blocks.21.attn.qkv.bias - torch.Size([2304]): 
Initialized by user-defined `init_weights` in iTPN_pixel  

backbone.blocks.21.attn.proj.weight - torch.Size([768, 768]): 
Initialized by user-defined `init_weights` in iTPN_pixel  

backbone.blocks.21.attn.proj.bias - torch.Size([768]): 
Initialized by user-defined `init_weights` in iTPN_pixel  

backbone.blocks.21.norm2.weight - torch.Size([768]): 
Initialized by user-defined `init_weights` in iTPN_pixel  

backbone.blocks.21.norm2.bias - torch.Size([768]): 
Initialized by user-defined `init_weights` in iTPN_pixel  

backbone.blocks.21.mlp.fc1.weight - torch.Size([3072, 768]): 
Initialized by user-defined `init_weights` in iTPN_pixel  

backbone.blocks.21.mlp.fc1.bias - torch.Size([3072]): 
Initialized by user-defined `init_weights` in iTPN_pixel  

backbone.blocks.21.mlp.fc2.weight - torch.Size([768, 3072]): 
Initialized by user-defined `init_weights` in iTPN_pixel  

backbone.blocks.21.mlp.fc2.bias - torch.Size([768]): 
Initialized by user-defined `init_weights` in iTPN_pixel  

backbone.blocks.22.norm1.weight - torch.Size([768]): 
Initialized by user-defined `init_weights` in iTPN_pixel  

backbone.blocks.22.norm1.bias - torch.Size([768]): 
Initialized by user-defined `init_weights` in iTPN_pixel  

backbone.blocks.22.attn.qkv.weight - torch.Size([2304, 768]): 
Initialized by user-defined `init_weights` in iTPN_pixel  

backbone.blocks.22.attn.qkv.bias - torch.Size([2304]): 
Initialized by user-defined `init_weights` in iTPN_pixel  

backbone.blocks.22.attn.proj.weight - torch.Size([768, 768]): 
Initialized by user-defined `init_weights` in iTPN_pixel  

backbone.blocks.22.attn.proj.bias - torch.Size([768]): 
Initialized by user-defined `init_weights` in iTPN_pixel  

backbone.blocks.22.norm2.weight - torch.Size([768]): 
Initialized by user-defined `init_weights` in iTPN_pixel  

backbone.blocks.22.norm2.bias - torch.Size([768]): 
Initialized by user-defined `init_weights` in iTPN_pixel  

backbone.blocks.22.mlp.fc1.weight - torch.Size([3072, 768]): 
Initialized by user-defined `init_weights` in iTPN_pixel  

backbone.blocks.22.mlp.fc1.bias - torch.Size([3072]): 
Initialized by user-defined `init_weights` in iTPN_pixel  

backbone.blocks.22.mlp.fc2.weight - torch.Size([768, 3072]): 
Initialized by user-defined `init_weights` in iTPN_pixel  

backbone.blocks.22.mlp.fc2.bias - torch.Size([768]): 
Initialized by user-defined `init_weights` in iTPN_pixel  

backbone.blocks.23.norm1.weight - torch.Size([768]): 
Initialized by user-defined `init_weights` in iTPN_pixel  

backbone.blocks.23.norm1.bias - torch.Size([768]): 
Initialized by user-defined `init_weights` in iTPN_pixel  

backbone.blocks.23.attn.qkv.weight - torch.Size([2304, 768]): 
Initialized by user-defined `init_weights` in iTPN_pixel  

backbone.blocks.23.attn.qkv.bias - torch.Size([2304]): 
Initialized by user-defined `init_weights` in iTPN_pixel  

backbone.blocks.23.attn.proj.weight - torch.Size([768, 768]): 
Initialized by user-defined `init_weights` in iTPN_pixel  

backbone.blocks.23.attn.proj.bias - torch.Size([768]): 
Initialized by user-defined `init_weights` in iTPN_pixel  

backbone.blocks.23.norm2.weight - torch.Size([768]): 
Initialized by user-defined `init_weights` in iTPN_pixel  

backbone.blocks.23.norm2.bias - torch.Size([768]): 
Initialized by user-defined `init_weights` in iTPN_pixel  

backbone.blocks.23.mlp.fc1.weight - torch.Size([3072, 768]): 
Initialized by user-defined `init_weights` in iTPN_pixel  

backbone.blocks.23.mlp.fc1.bias - torch.Size([3072]): 
Initialized by user-defined `init_weights` in iTPN_pixel  

backbone.blocks.23.mlp.fc2.weight - torch.Size([768, 3072]): 
Initialized by user-defined `init_weights` in iTPN_pixel  

backbone.blocks.23.mlp.fc2.bias - torch.Size([768]): 
Initialized by user-defined `init_weights` in iTPN_pixel  

backbone.blocks.24.norm1.weight - torch.Size([768]): 
Initialized by user-defined `init_weights` in iTPN_pixel  

backbone.blocks.24.norm1.bias - torch.Size([768]): 
Initialized by user-defined `init_weights` in iTPN_pixel  

backbone.blocks.24.attn.qkv.weight - torch.Size([2304, 768]): 
Initialized by user-defined `init_weights` in iTPN_pixel  

backbone.blocks.24.attn.qkv.bias - torch.Size([2304]): 
Initialized by user-defined `init_weights` in iTPN_pixel  

backbone.blocks.24.attn.proj.weight - torch.Size([768, 768]): 
Initialized by user-defined `init_weights` in iTPN_pixel  

backbone.blocks.24.attn.proj.bias - torch.Size([768]): 
Initialized by user-defined `init_weights` in iTPN_pixel  

backbone.blocks.24.norm2.weight - torch.Size([768]): 
Initialized by user-defined `init_weights` in iTPN_pixel  

backbone.blocks.24.norm2.bias - torch.Size([768]): 
Initialized by user-defined `init_weights` in iTPN_pixel  

backbone.blocks.24.mlp.fc1.weight - torch.Size([3072, 768]): 
Initialized by user-defined `init_weights` in iTPN_pixel  

backbone.blocks.24.mlp.fc1.bias - torch.Size([3072]): 
Initialized by user-defined `init_weights` in iTPN_pixel  

backbone.blocks.24.mlp.fc2.weight - torch.Size([768, 3072]): 
Initialized by user-defined `init_weights` in iTPN_pixel  

backbone.blocks.24.mlp.fc2.bias - torch.Size([768]): 
Initialized by user-defined `init_weights` in iTPN_pixel  

backbone.blocks.25.norm1.weight - torch.Size([768]): 
Initialized by user-defined `init_weights` in iTPN_pixel  

backbone.blocks.25.norm1.bias - torch.Size([768]): 
Initialized by user-defined `init_weights` in iTPN_pixel  

backbone.blocks.25.attn.qkv.weight - torch.Size([2304, 768]): 
Initialized by user-defined `init_weights` in iTPN_pixel  

backbone.blocks.25.attn.qkv.bias - torch.Size([2304]): 
Initialized by user-defined `init_weights` in iTPN_pixel  

backbone.blocks.25.attn.proj.weight - torch.Size([768, 768]): 
Initialized by user-defined `init_weights` in iTPN_pixel  

backbone.blocks.25.attn.proj.bias - torch.Size([768]): 
Initialized by user-defined `init_weights` in iTPN_pixel  

backbone.blocks.25.norm2.weight - torch.Size([768]): 
Initialized by user-defined `init_weights` in iTPN_pixel  

backbone.blocks.25.norm2.bias - torch.Size([768]): 
Initialized by user-defined `init_weights` in iTPN_pixel  

backbone.blocks.25.mlp.fc1.weight - torch.Size([3072, 768]): 
Initialized by user-defined `init_weights` in iTPN_pixel  

backbone.blocks.25.mlp.fc1.bias - torch.Size([3072]): 
Initialized by user-defined `init_weights` in iTPN_pixel  

backbone.blocks.25.mlp.fc2.weight - torch.Size([768, 3072]): 
Initialized by user-defined `init_weights` in iTPN_pixel  

backbone.blocks.25.mlp.fc2.bias - torch.Size([768]): 
Initialized by user-defined `init_weights` in iTPN_pixel  

backbone.blocks.26.norm1.weight - torch.Size([768]): 
Initialized by user-defined `init_weights` in iTPN_pixel  

backbone.blocks.26.norm1.bias - torch.Size([768]): 
Initialized by user-defined `init_weights` in iTPN_pixel  

backbone.blocks.26.attn.qkv.weight - torch.Size([2304, 768]): 
Initialized by user-defined `init_weights` in iTPN_pixel  

backbone.blocks.26.attn.qkv.bias - torch.Size([2304]): 
Initialized by user-defined `init_weights` in iTPN_pixel  

backbone.blocks.26.attn.proj.weight - torch.Size([768, 768]): 
Initialized by user-defined `init_weights` in iTPN_pixel  

backbone.blocks.26.attn.proj.bias - torch.Size([768]): 
Initialized by user-defined `init_weights` in iTPN_pixel  

backbone.blocks.26.norm2.weight - torch.Size([768]): 
Initialized by user-defined `init_weights` in iTPN_pixel  

backbone.blocks.26.norm2.bias - torch.Size([768]): 
Initialized by user-defined `init_weights` in iTPN_pixel  

backbone.blocks.26.mlp.fc1.weight - torch.Size([3072, 768]): 
Initialized by user-defined `init_weights` in iTPN_pixel  

backbone.blocks.26.mlp.fc1.bias - torch.Size([3072]): 
Initialized by user-defined `init_weights` in iTPN_pixel  

backbone.blocks.26.mlp.fc2.weight - torch.Size([768, 3072]): 
Initialized by user-defined `init_weights` in iTPN_pixel  

backbone.blocks.26.mlp.fc2.bias - torch.Size([768]): 
Initialized by user-defined `init_weights` in iTPN_pixel  

backbone.blocks.27.norm1.weight - torch.Size([768]): 
Initialized by user-defined `init_weights` in iTPN_pixel  

backbone.blocks.27.norm1.bias - torch.Size([768]): 
Initialized by user-defined `init_weights` in iTPN_pixel  

backbone.blocks.27.attn.qkv.weight - torch.Size([2304, 768]): 
Initialized by user-defined `init_weights` in iTPN_pixel  

backbone.blocks.27.attn.qkv.bias - torch.Size([2304]): 
Initialized by user-defined `init_weights` in iTPN_pixel  

backbone.blocks.27.attn.proj.weight - torch.Size([768, 768]): 
Initialized by user-defined `init_weights` in iTPN_pixel  

backbone.blocks.27.attn.proj.bias - torch.Size([768]): 
Initialized by user-defined `init_weights` in iTPN_pixel  

backbone.blocks.27.norm2.weight - torch.Size([768]): 
Initialized by user-defined `init_weights` in iTPN_pixel  

backbone.blocks.27.norm2.bias - torch.Size([768]): 
Initialized by user-defined `init_weights` in iTPN_pixel  

backbone.blocks.27.mlp.fc1.weight - torch.Size([3072, 768]): 
Initialized by user-defined `init_weights` in iTPN_pixel  

backbone.blocks.27.mlp.fc1.bias - torch.Size([3072]): 
Initialized by user-defined `init_weights` in iTPN_pixel  

backbone.blocks.27.mlp.fc2.weight - torch.Size([768, 3072]): 
Initialized by user-defined `init_weights` in iTPN_pixel  

backbone.blocks.27.mlp.fc2.bias - torch.Size([768]): 
Initialized by user-defined `init_weights` in iTPN_pixel  

backbone.blocks.28.norm1.weight - torch.Size([768]): 
Initialized by user-defined `init_weights` in iTPN_pixel  

backbone.blocks.28.norm1.bias - torch.Size([768]): 
Initialized by user-defined `init_weights` in iTPN_pixel  

backbone.blocks.28.attn.qkv.weight - torch.Size([2304, 768]): 
Initialized by user-defined `init_weights` in iTPN_pixel  

backbone.blocks.28.attn.qkv.bias - torch.Size([2304]): 
Initialized by user-defined `init_weights` in iTPN_pixel  

backbone.blocks.28.attn.proj.weight - torch.Size([768, 768]): 
Initialized by user-defined `init_weights` in iTPN_pixel  

backbone.blocks.28.attn.proj.bias - torch.Size([768]): 
Initialized by user-defined `init_weights` in iTPN_pixel  

backbone.blocks.28.norm2.weight - torch.Size([768]): 
Initialized by user-defined `init_weights` in iTPN_pixel  

backbone.blocks.28.norm2.bias - torch.Size([768]): 
Initialized by user-defined `init_weights` in iTPN_pixel  

backbone.blocks.28.mlp.fc1.weight - torch.Size([3072, 768]): 
Initialized by user-defined `init_weights` in iTPN_pixel  

backbone.blocks.28.mlp.fc1.bias - torch.Size([3072]): 
Initialized by user-defined `init_weights` in iTPN_pixel  

backbone.blocks.28.mlp.fc2.weight - torch.Size([768, 3072]): 
Initialized by user-defined `init_weights` in iTPN_pixel  

backbone.blocks.28.mlp.fc2.bias - torch.Size([768]): 
Initialized by user-defined `init_weights` in iTPN_pixel  

backbone.blocks.29.norm1.weight - torch.Size([768]): 
Initialized by user-defined `init_weights` in iTPN_pixel  

backbone.blocks.29.norm1.bias - torch.Size([768]): 
Initialized by user-defined `init_weights` in iTPN_pixel  

backbone.blocks.29.attn.qkv.weight - torch.Size([2304, 768]): 
Initialized by user-defined `init_weights` in iTPN_pixel  

backbone.blocks.29.attn.qkv.bias - torch.Size([2304]): 
Initialized by user-defined `init_weights` in iTPN_pixel  

backbone.blocks.29.attn.proj.weight - torch.Size([768, 768]): 
Initialized by user-defined `init_weights` in iTPN_pixel  

backbone.blocks.29.attn.proj.bias - torch.Size([768]): 
Initialized by user-defined `init_weights` in iTPN_pixel  

backbone.blocks.29.norm2.weight - torch.Size([768]): 
Initialized by user-defined `init_weights` in iTPN_pixel  

backbone.blocks.29.norm2.bias - torch.Size([768]): 
Initialized by user-defined `init_weights` in iTPN_pixel  

backbone.blocks.29.mlp.fc1.weight - torch.Size([3072, 768]): 
Initialized by user-defined `init_weights` in iTPN_pixel  

backbone.blocks.29.mlp.fc1.bias - torch.Size([3072]): 
Initialized by user-defined `init_weights` in iTPN_pixel  

backbone.blocks.29.mlp.fc2.weight - torch.Size([768, 3072]): 
Initialized by user-defined `init_weights` in iTPN_pixel  

backbone.blocks.29.mlp.fc2.bias - torch.Size([768]): 
Initialized by user-defined `init_weights` in iTPN_pixel  

backbone.blocks.30.norm1.weight - torch.Size([768]): 
Initialized by user-defined `init_weights` in iTPN_pixel  

backbone.blocks.30.norm1.bias - torch.Size([768]): 
Initialized by user-defined `init_weights` in iTPN_pixel  

backbone.blocks.30.attn.qkv.weight - torch.Size([2304, 768]): 
Initialized by user-defined `init_weights` in iTPN_pixel  

backbone.blocks.30.attn.qkv.bias - torch.Size([2304]): 
Initialized by user-defined `init_weights` in iTPN_pixel  

backbone.blocks.30.attn.proj.weight - torch.Size([768, 768]): 
Initialized by user-defined `init_weights` in iTPN_pixel  

backbone.blocks.30.attn.proj.bias - torch.Size([768]): 
Initialized by user-defined `init_weights` in iTPN_pixel  

backbone.blocks.30.norm2.weight - torch.Size([768]): 
Initialized by user-defined `init_weights` in iTPN_pixel  

backbone.blocks.30.norm2.bias - torch.Size([768]): 
Initialized by user-defined `init_weights` in iTPN_pixel  

backbone.blocks.30.mlp.fc1.weight - torch.Size([3072, 768]): 
Initialized by user-defined `init_weights` in iTPN_pixel  

backbone.blocks.30.mlp.fc1.bias - torch.Size([3072]): 
Initialized by user-defined `init_weights` in iTPN_pixel  

backbone.blocks.30.mlp.fc2.weight - torch.Size([768, 3072]): 
Initialized by user-defined `init_weights` in iTPN_pixel  

backbone.blocks.30.mlp.fc2.bias - torch.Size([768]): 
Initialized by user-defined `init_weights` in iTPN_pixel  

backbone.blocks.31.norm1.weight - torch.Size([768]): 
Initialized by user-defined `init_weights` in iTPN_pixel  

backbone.blocks.31.norm1.bias - torch.Size([768]): 
Initialized by user-defined `init_weights` in iTPN_pixel  

backbone.blocks.31.attn.qkv.weight - torch.Size([2304, 768]): 
Initialized by user-defined `init_weights` in iTPN_pixel  

backbone.blocks.31.attn.qkv.bias - torch.Size([2304]): 
Initialized by user-defined `init_weights` in iTPN_pixel  

backbone.blocks.31.attn.proj.weight - torch.Size([768, 768]): 
Initialized by user-defined `init_weights` in iTPN_pixel  

backbone.blocks.31.attn.proj.bias - torch.Size([768]): 
Initialized by user-defined `init_weights` in iTPN_pixel  

backbone.blocks.31.norm2.weight - torch.Size([768]): 
Initialized by user-defined `init_weights` in iTPN_pixel  

backbone.blocks.31.norm2.bias - torch.Size([768]): 
Initialized by user-defined `init_weights` in iTPN_pixel  

backbone.blocks.31.mlp.fc1.weight - torch.Size([3072, 768]): 
Initialized by user-defined `init_weights` in iTPN_pixel  

backbone.blocks.31.mlp.fc1.bias - torch.Size([3072]): 
Initialized by user-defined `init_weights` in iTPN_pixel  

backbone.blocks.31.mlp.fc2.weight - torch.Size([768, 3072]): 
Initialized by user-defined `init_weights` in iTPN_pixel  

backbone.blocks.31.mlp.fc2.bias - torch.Size([768]): 
Initialized by user-defined `init_weights` in iTPN_pixel  

backbone.blocks.32.norm1.weight - torch.Size([768]): 
Initialized by user-defined `init_weights` in iTPN_pixel  

backbone.blocks.32.norm1.bias - torch.Size([768]): 
Initialized by user-defined `init_weights` in iTPN_pixel  

backbone.blocks.32.attn.qkv.weight - torch.Size([2304, 768]): 
Initialized by user-defined `init_weights` in iTPN_pixel  

backbone.blocks.32.attn.qkv.bias - torch.Size([2304]): 
Initialized by user-defined `init_weights` in iTPN_pixel  

backbone.blocks.32.attn.proj.weight - torch.Size([768, 768]): 
Initialized by user-defined `init_weights` in iTPN_pixel  

backbone.blocks.32.attn.proj.bias - torch.Size([768]): 
Initialized by user-defined `init_weights` in iTPN_pixel  

backbone.blocks.32.norm2.weight - torch.Size([768]): 
Initialized by user-defined `init_weights` in iTPN_pixel  

backbone.blocks.32.norm2.bias - torch.Size([768]): 
Initialized by user-defined `init_weights` in iTPN_pixel  

backbone.blocks.32.mlp.fc1.weight - torch.Size([3072, 768]): 
Initialized by user-defined `init_weights` in iTPN_pixel  

backbone.blocks.32.mlp.fc1.bias - torch.Size([3072]): 
Initialized by user-defined `init_weights` in iTPN_pixel  

backbone.blocks.32.mlp.fc2.weight - torch.Size([768, 3072]): 
Initialized by user-defined `init_weights` in iTPN_pixel  

backbone.blocks.32.mlp.fc2.bias - torch.Size([768]): 
Initialized by user-defined `init_weights` in iTPN_pixel  

backbone.blocks.33.norm1.weight - torch.Size([768]): 
Initialized by user-defined `init_weights` in iTPN_pixel  

backbone.blocks.33.norm1.bias - torch.Size([768]): 
Initialized by user-defined `init_weights` in iTPN_pixel  

backbone.blocks.33.attn.qkv.weight - torch.Size([2304, 768]): 
Initialized by user-defined `init_weights` in iTPN_pixel  

backbone.blocks.33.attn.qkv.bias - torch.Size([2304]): 
Initialized by user-defined `init_weights` in iTPN_pixel  

backbone.blocks.33.attn.proj.weight - torch.Size([768, 768]): 
Initialized by user-defined `init_weights` in iTPN_pixel  

backbone.blocks.33.attn.proj.bias - torch.Size([768]): 
Initialized by user-defined `init_weights` in iTPN_pixel  

backbone.blocks.33.norm2.weight - torch.Size([768]): 
Initialized by user-defined `init_weights` in iTPN_pixel  

backbone.blocks.33.norm2.bias - torch.Size([768]): 
Initialized by user-defined `init_weights` in iTPN_pixel  

backbone.blocks.33.mlp.fc1.weight - torch.Size([3072, 768]): 
Initialized by user-defined `init_weights` in iTPN_pixel  

backbone.blocks.33.mlp.fc1.bias - torch.Size([3072]): 
Initialized by user-defined `init_weights` in iTPN_pixel  

backbone.blocks.33.mlp.fc2.weight - torch.Size([768, 3072]): 
Initialized by user-defined `init_weights` in iTPN_pixel  

backbone.blocks.33.mlp.fc2.bias - torch.Size([768]): 
Initialized by user-defined `init_weights` in iTPN_pixel  

backbone.blocks.34.norm1.weight - torch.Size([768]): 
Initialized by user-defined `init_weights` in iTPN_pixel  

backbone.blocks.34.norm1.bias - torch.Size([768]): 
Initialized by user-defined `init_weights` in iTPN_pixel  

backbone.blocks.34.attn.qkv.weight - torch.Size([2304, 768]): 
Initialized by user-defined `init_weights` in iTPN_pixel  

backbone.blocks.34.attn.qkv.bias - torch.Size([2304]): 
Initialized by user-defined `init_weights` in iTPN_pixel  

backbone.blocks.34.attn.proj.weight - torch.Size([768, 768]): 
Initialized by user-defined `init_weights` in iTPN_pixel  

backbone.blocks.34.attn.proj.bias - torch.Size([768]): 
Initialized by user-defined `init_weights` in iTPN_pixel  

backbone.blocks.34.norm2.weight - torch.Size([768]): 
Initialized by user-defined `init_weights` in iTPN_pixel  

backbone.blocks.34.norm2.bias - torch.Size([768]): 
Initialized by user-defined `init_weights` in iTPN_pixel  

backbone.blocks.34.mlp.fc1.weight - torch.Size([3072, 768]): 
Initialized by user-defined `init_weights` in iTPN_pixel  

backbone.blocks.34.mlp.fc1.bias - torch.Size([3072]): 
Initialized by user-defined `init_weights` in iTPN_pixel  

backbone.blocks.34.mlp.fc2.weight - torch.Size([768, 3072]): 
Initialized by user-defined `init_weights` in iTPN_pixel  

backbone.blocks.34.mlp.fc2.bias - torch.Size([768]): 
Initialized by user-defined `init_weights` in iTPN_pixel  

backbone.blocks.35.norm1.weight - torch.Size([768]): 
Initialized by user-defined `init_weights` in iTPN_pixel  

backbone.blocks.35.norm1.bias - torch.Size([768]): 
Initialized by user-defined `init_weights` in iTPN_pixel  

backbone.blocks.35.attn.qkv.weight - torch.Size([2304, 768]): 
Initialized by user-defined `init_weights` in iTPN_pixel  

backbone.blocks.35.attn.qkv.bias - torch.Size([2304]): 
Initialized by user-defined `init_weights` in iTPN_pixel  

backbone.blocks.35.attn.proj.weight - torch.Size([768, 768]): 
Initialized by user-defined `init_weights` in iTPN_pixel  

backbone.blocks.35.attn.proj.bias - torch.Size([768]): 
Initialized by user-defined `init_weights` in iTPN_pixel  

backbone.blocks.35.norm2.weight - torch.Size([768]): 
Initialized by user-defined `init_weights` in iTPN_pixel  

backbone.blocks.35.norm2.bias - torch.Size([768]): 
Initialized by user-defined `init_weights` in iTPN_pixel  

backbone.blocks.35.mlp.fc1.weight - torch.Size([3072, 768]): 
Initialized by user-defined `init_weights` in iTPN_pixel  

backbone.blocks.35.mlp.fc1.bias - torch.Size([3072]): 
Initialized by user-defined `init_weights` in iTPN_pixel  

backbone.blocks.35.mlp.fc2.weight - torch.Size([768, 3072]): 
Initialized by user-defined `init_weights` in iTPN_pixel  

backbone.blocks.35.mlp.fc2.bias - torch.Size([768]): 
Initialized by user-defined `init_weights` in iTPN_pixel  

backbone.blocks.36.norm1.weight - torch.Size([768]): 
Initialized by user-defined `init_weights` in iTPN_pixel  

backbone.blocks.36.norm1.bias - torch.Size([768]): 
Initialized by user-defined `init_weights` in iTPN_pixel  

backbone.blocks.36.attn.qkv.weight - torch.Size([2304, 768]): 
Initialized by user-defined `init_weights` in iTPN_pixel  

backbone.blocks.36.attn.qkv.bias - torch.Size([2304]): 
Initialized by user-defined `init_weights` in iTPN_pixel  

backbone.blocks.36.attn.proj.weight - torch.Size([768, 768]): 
Initialized by user-defined `init_weights` in iTPN_pixel  

backbone.blocks.36.attn.proj.bias - torch.Size([768]): 
Initialized by user-defined `init_weights` in iTPN_pixel  

backbone.blocks.36.norm2.weight - torch.Size([768]): 
Initialized by user-defined `init_weights` in iTPN_pixel  

backbone.blocks.36.norm2.bias - torch.Size([768]): 
Initialized by user-defined `init_weights` in iTPN_pixel  

backbone.blocks.36.mlp.fc1.weight - torch.Size([3072, 768]): 
Initialized by user-defined `init_weights` in iTPN_pixel  

backbone.blocks.36.mlp.fc1.bias - torch.Size([3072]): 
Initialized by user-defined `init_weights` in iTPN_pixel  

backbone.blocks.36.mlp.fc2.weight - torch.Size([768, 3072]): 
Initialized by user-defined `init_weights` in iTPN_pixel  

backbone.blocks.36.mlp.fc2.bias - torch.Size([768]): 
Initialized by user-defined `init_weights` in iTPN_pixel  

backbone.blocks.37.norm1.weight - torch.Size([768]): 
Initialized by user-defined `init_weights` in iTPN_pixel  

backbone.blocks.37.norm1.bias - torch.Size([768]): 
Initialized by user-defined `init_weights` in iTPN_pixel  

backbone.blocks.37.attn.qkv.weight - torch.Size([2304, 768]): 
Initialized by user-defined `init_weights` in iTPN_pixel  

backbone.blocks.37.attn.qkv.bias - torch.Size([2304]): 
Initialized by user-defined `init_weights` in iTPN_pixel  

backbone.blocks.37.attn.proj.weight - torch.Size([768, 768]): 
Initialized by user-defined `init_weights` in iTPN_pixel  

backbone.blocks.37.attn.proj.bias - torch.Size([768]): 
Initialized by user-defined `init_weights` in iTPN_pixel  

backbone.blocks.37.norm2.weight - torch.Size([768]): 
Initialized by user-defined `init_weights` in iTPN_pixel  

backbone.blocks.37.norm2.bias - torch.Size([768]): 
Initialized by user-defined `init_weights` in iTPN_pixel  

backbone.blocks.37.mlp.fc1.weight - torch.Size([3072, 768]): 
Initialized by user-defined `init_weights` in iTPN_pixel  

backbone.blocks.37.mlp.fc1.bias - torch.Size([3072]): 
Initialized by user-defined `init_weights` in iTPN_pixel  

backbone.blocks.37.mlp.fc2.weight - torch.Size([768, 3072]): 
Initialized by user-defined `init_weights` in iTPN_pixel  

backbone.blocks.37.mlp.fc2.bias - torch.Size([768]): 
Initialized by user-defined `init_weights` in iTPN_pixel  

backbone.blocks.38.norm1.weight - torch.Size([768]): 
Initialized by user-defined `init_weights` in iTPN_pixel  

backbone.blocks.38.norm1.bias - torch.Size([768]): 
Initialized by user-defined `init_weights` in iTPN_pixel  

backbone.blocks.38.attn.qkv.weight - torch.Size([2304, 768]): 
Initialized by user-defined `init_weights` in iTPN_pixel  

backbone.blocks.38.attn.qkv.bias - torch.Size([2304]): 
Initialized by user-defined `init_weights` in iTPN_pixel  

backbone.blocks.38.attn.proj.weight - torch.Size([768, 768]): 
Initialized by user-defined `init_weights` in iTPN_pixel  

backbone.blocks.38.attn.proj.bias - torch.Size([768]): 
Initialized by user-defined `init_weights` in iTPN_pixel  

backbone.blocks.38.norm2.weight - torch.Size([768]): 
Initialized by user-defined `init_weights` in iTPN_pixel  

backbone.blocks.38.norm2.bias - torch.Size([768]): 
Initialized by user-defined `init_weights` in iTPN_pixel  

backbone.blocks.38.mlp.fc1.weight - torch.Size([3072, 768]): 
Initialized by user-defined `init_weights` in iTPN_pixel  

backbone.blocks.38.mlp.fc1.bias - torch.Size([3072]): 
Initialized by user-defined `init_weights` in iTPN_pixel  

backbone.blocks.38.mlp.fc2.weight - torch.Size([768, 3072]): 
Initialized by user-defined `init_weights` in iTPN_pixel  

backbone.blocks.38.mlp.fc2.bias - torch.Size([768]): 
Initialized by user-defined `init_weights` in iTPN_pixel  

backbone.blocks.39.norm1.weight - torch.Size([768]): 
Initialized by user-defined `init_weights` in iTPN_pixel  

backbone.blocks.39.norm1.bias - torch.Size([768]): 
Initialized by user-defined `init_weights` in iTPN_pixel  

backbone.blocks.39.attn.qkv.weight - torch.Size([2304, 768]): 
Initialized by user-defined `init_weights` in iTPN_pixel  

backbone.blocks.39.attn.qkv.bias - torch.Size([2304]): 
Initialized by user-defined `init_weights` in iTPN_pixel  

backbone.blocks.39.attn.proj.weight - torch.Size([768, 768]): 
Initialized by user-defined `init_weights` in iTPN_pixel  

backbone.blocks.39.attn.proj.bias - torch.Size([768]): 
Initialized by user-defined `init_weights` in iTPN_pixel  

backbone.blocks.39.norm2.weight - torch.Size([768]): 
Initialized by user-defined `init_weights` in iTPN_pixel  

backbone.blocks.39.norm2.bias - torch.Size([768]): 
Initialized by user-defined `init_weights` in iTPN_pixel  

backbone.blocks.39.mlp.fc1.weight - torch.Size([3072, 768]): 
Initialized by user-defined `init_weights` in iTPN_pixel  

backbone.blocks.39.mlp.fc1.bias - torch.Size([3072]): 
Initialized by user-defined `init_weights` in iTPN_pixel  

backbone.blocks.39.mlp.fc2.weight - torch.Size([768, 3072]): 
Initialized by user-defined `init_weights` in iTPN_pixel  

backbone.blocks.39.mlp.fc2.bias - torch.Size([768]): 
Initialized by user-defined `init_weights` in iTPN_pixel  

backbone.blocks.40.norm1.weight - torch.Size([768]): 
Initialized by user-defined `init_weights` in iTPN_pixel  

backbone.blocks.40.norm1.bias - torch.Size([768]): 
Initialized by user-defined `init_weights` in iTPN_pixel  

backbone.blocks.40.attn.qkv.weight - torch.Size([2304, 768]): 
Initialized by user-defined `init_weights` in iTPN_pixel  

backbone.blocks.40.attn.qkv.bias - torch.Size([2304]): 
Initialized by user-defined `init_weights` in iTPN_pixel  

backbone.blocks.40.attn.proj.weight - torch.Size([768, 768]): 
Initialized by user-defined `init_weights` in iTPN_pixel  

backbone.blocks.40.attn.proj.bias - torch.Size([768]): 
Initialized by user-defined `init_weights` in iTPN_pixel  

backbone.blocks.40.norm2.weight - torch.Size([768]): 
Initialized by user-defined `init_weights` in iTPN_pixel  

backbone.blocks.40.norm2.bias - torch.Size([768]): 
Initialized by user-defined `init_weights` in iTPN_pixel  

backbone.blocks.40.mlp.fc1.weight - torch.Size([3072, 768]): 
Initialized by user-defined `init_weights` in iTPN_pixel  

backbone.blocks.40.mlp.fc1.bias - torch.Size([3072]): 
Initialized by user-defined `init_weights` in iTPN_pixel  

backbone.blocks.40.mlp.fc2.weight - torch.Size([768, 3072]): 
Initialized by user-defined `init_weights` in iTPN_pixel  

backbone.blocks.40.mlp.fc2.bias - torch.Size([768]): 
Initialized by user-defined `init_weights` in iTPN_pixel  

backbone.blocks.41.norm1.weight - torch.Size([768]): 
Initialized by user-defined `init_weights` in iTPN_pixel  

backbone.blocks.41.norm1.bias - torch.Size([768]): 
Initialized by user-defined `init_weights` in iTPN_pixel  

backbone.blocks.41.attn.qkv.weight - torch.Size([2304, 768]): 
Initialized by user-defined `init_weights` in iTPN_pixel  

backbone.blocks.41.attn.qkv.bias - torch.Size([2304]): 
Initialized by user-defined `init_weights` in iTPN_pixel  

backbone.blocks.41.attn.proj.weight - torch.Size([768, 768]): 
Initialized by user-defined `init_weights` in iTPN_pixel  

backbone.blocks.41.attn.proj.bias - torch.Size([768]): 
Initialized by user-defined `init_weights` in iTPN_pixel  

backbone.blocks.41.norm2.weight - torch.Size([768]): 
Initialized by user-defined `init_weights` in iTPN_pixel  

backbone.blocks.41.norm2.bias - torch.Size([768]): 
Initialized by user-defined `init_weights` in iTPN_pixel  

backbone.blocks.41.mlp.fc1.weight - torch.Size([3072, 768]): 
Initialized by user-defined `init_weights` in iTPN_pixel  

backbone.blocks.41.mlp.fc1.bias - torch.Size([3072]): 
Initialized by user-defined `init_weights` in iTPN_pixel  

backbone.blocks.41.mlp.fc2.weight - torch.Size([768, 3072]): 
Initialized by user-defined `init_weights` in iTPN_pixel  

backbone.blocks.41.mlp.fc2.bias - torch.Size([768]): 
Initialized by user-defined `init_weights` in iTPN_pixel  

backbone.blocks.42.norm1.weight - torch.Size([768]): 
Initialized by user-defined `init_weights` in iTPN_pixel  

backbone.blocks.42.norm1.bias - torch.Size([768]): 
Initialized by user-defined `init_weights` in iTPN_pixel  

backbone.blocks.42.attn.qkv.weight - torch.Size([2304, 768]): 
Initialized by user-defined `init_weights` in iTPN_pixel  

backbone.blocks.42.attn.qkv.bias - torch.Size([2304]): 
Initialized by user-defined `init_weights` in iTPN_pixel  

backbone.blocks.42.attn.proj.weight - torch.Size([768, 768]): 
Initialized by user-defined `init_weights` in iTPN_pixel  

backbone.blocks.42.attn.proj.bias - torch.Size([768]): 
Initialized by user-defined `init_weights` in iTPN_pixel  

backbone.blocks.42.norm2.weight - torch.Size([768]): 
Initialized by user-defined `init_weights` in iTPN_pixel  

backbone.blocks.42.norm2.bias - torch.Size([768]): 
Initialized by user-defined `init_weights` in iTPN_pixel  

backbone.blocks.42.mlp.fc1.weight - torch.Size([3072, 768]): 
Initialized by user-defined `init_weights` in iTPN_pixel  

backbone.blocks.42.mlp.fc1.bias - torch.Size([3072]): 
Initialized by user-defined `init_weights` in iTPN_pixel  

backbone.blocks.42.mlp.fc2.weight - torch.Size([768, 3072]): 
Initialized by user-defined `init_weights` in iTPN_pixel  

backbone.blocks.42.mlp.fc2.bias - torch.Size([768]): 
Initialized by user-defined `init_weights` in iTPN_pixel  

backbone.blocks.43.norm1.weight - torch.Size([768]): 
Initialized by user-defined `init_weights` in iTPN_pixel  

backbone.blocks.43.norm1.bias - torch.Size([768]): 
Initialized by user-defined `init_weights` in iTPN_pixel  

backbone.blocks.43.attn.qkv.weight - torch.Size([2304, 768]): 
Initialized by user-defined `init_weights` in iTPN_pixel  

backbone.blocks.43.attn.qkv.bias - torch.Size([2304]): 
Initialized by user-defined `init_weights` in iTPN_pixel  

backbone.blocks.43.attn.proj.weight - torch.Size([768, 768]): 
Initialized by user-defined `init_weights` in iTPN_pixel  

backbone.blocks.43.attn.proj.bias - torch.Size([768]): 
Initialized by user-defined `init_weights` in iTPN_pixel  

backbone.blocks.43.norm2.weight - torch.Size([768]): 
Initialized by user-defined `init_weights` in iTPN_pixel  

backbone.blocks.43.norm2.bias - torch.Size([768]): 
Initialized by user-defined `init_weights` in iTPN_pixel  

backbone.blocks.43.mlp.fc1.weight - torch.Size([3072, 768]): 
Initialized by user-defined `init_weights` in iTPN_pixel  

backbone.blocks.43.mlp.fc1.bias - torch.Size([3072]): 
Initialized by user-defined `init_weights` in iTPN_pixel  

backbone.blocks.43.mlp.fc2.weight - torch.Size([768, 3072]): 
Initialized by user-defined `init_weights` in iTPN_pixel  

backbone.blocks.43.mlp.fc2.bias - torch.Size([768]): 
Initialized by user-defined `init_weights` in iTPN_pixel  

backbone.blocks.44.norm1.weight - torch.Size([768]): 
Initialized by user-defined `init_weights` in iTPN_pixel  

backbone.blocks.44.norm1.bias - torch.Size([768]): 
Initialized by user-defined `init_weights` in iTPN_pixel  

backbone.blocks.44.attn.qkv.weight - torch.Size([2304, 768]): 
Initialized by user-defined `init_weights` in iTPN_pixel  

backbone.blocks.44.attn.qkv.bias - torch.Size([2304]): 
Initialized by user-defined `init_weights` in iTPN_pixel  

backbone.blocks.44.attn.proj.weight - torch.Size([768, 768]): 
Initialized by user-defined `init_weights` in iTPN_pixel  

backbone.blocks.44.attn.proj.bias - torch.Size([768]): 
Initialized by user-defined `init_weights` in iTPN_pixel  

backbone.blocks.44.norm2.weight - torch.Size([768]): 
Initialized by user-defined `init_weights` in iTPN_pixel  

backbone.blocks.44.norm2.bias - torch.Size([768]): 
Initialized by user-defined `init_weights` in iTPN_pixel  

backbone.blocks.44.mlp.fc1.weight - torch.Size([3072, 768]): 
Initialized by user-defined `init_weights` in iTPN_pixel  

backbone.blocks.44.mlp.fc1.bias - torch.Size([3072]): 
Initialized by user-defined `init_weights` in iTPN_pixel  

backbone.blocks.44.mlp.fc2.weight - torch.Size([768, 3072]): 
Initialized by user-defined `init_weights` in iTPN_pixel  

backbone.blocks.44.mlp.fc2.bias - torch.Size([768]): 
Initialized by user-defined `init_weights` in iTPN_pixel  

backbone.blocks.45.norm1.weight - torch.Size([768]): 
Initialized by user-defined `init_weights` in iTPN_pixel  

backbone.blocks.45.norm1.bias - torch.Size([768]): 
Initialized by user-defined `init_weights` in iTPN_pixel  

backbone.blocks.45.attn.qkv.weight - torch.Size([2304, 768]): 
Initialized by user-defined `init_weights` in iTPN_pixel  

backbone.blocks.45.attn.qkv.bias - torch.Size([2304]): 
Initialized by user-defined `init_weights` in iTPN_pixel  

backbone.blocks.45.attn.proj.weight - torch.Size([768, 768]): 
Initialized by user-defined `init_weights` in iTPN_pixel  

backbone.blocks.45.attn.proj.bias - torch.Size([768]): 
Initialized by user-defined `init_weights` in iTPN_pixel  

backbone.blocks.45.norm2.weight - torch.Size([768]): 
Initialized by user-defined `init_weights` in iTPN_pixel  

backbone.blocks.45.norm2.bias - torch.Size([768]): 
Initialized by user-defined `init_weights` in iTPN_pixel  

backbone.blocks.45.mlp.fc1.weight - torch.Size([3072, 768]): 
Initialized by user-defined `init_weights` in iTPN_pixel  

backbone.blocks.45.mlp.fc1.bias - torch.Size([3072]): 
Initialized by user-defined `init_weights` in iTPN_pixel  

backbone.blocks.45.mlp.fc2.weight - torch.Size([768, 3072]): 
Initialized by user-defined `init_weights` in iTPN_pixel  

backbone.blocks.45.mlp.fc2.bias - torch.Size([768]): 
Initialized by user-defined `init_weights` in iTPN_pixel  

backbone.align_dim_16tofpn.weight - torch.Size([256, 768]): 
Initialized by user-defined `init_weights` in iTPN_pixel  

backbone.align_dim_16tofpn.bias - torch.Size([256]): 
Initialized by user-defined `init_weights` in iTPN_pixel  

backbone.fpn_modules.0.norm2.weight - torch.Size([256]): 
Initialized by user-defined `init_weights` in iTPN_pixel  

backbone.fpn_modules.0.norm2.bias - torch.Size([256]): 
Initialized by user-defined `init_weights` in iTPN_pixel  

backbone.fpn_modules.0.mlp.fc1.weight - torch.Size([1024, 256]): 
Initialized by user-defined `init_weights` in iTPN_pixel  

backbone.fpn_modules.0.mlp.fc1.bias - torch.Size([1024]): 
Initialized by user-defined `init_weights` in iTPN_pixel  

backbone.fpn_modules.0.mlp.fc2.weight - torch.Size([256, 1024]): 
Initialized by user-defined `init_weights` in iTPN_pixel  

backbone.fpn_modules.0.mlp.fc2.bias - torch.Size([256]): 
Initialized by user-defined `init_weights` in iTPN_pixel  

backbone.fpn_modules.1.norm2.weight - torch.Size([256]): 
Initialized by user-defined `init_weights` in iTPN_pixel  

backbone.fpn_modules.1.norm2.bias - torch.Size([256]): 
Initialized by user-defined `init_weights` in iTPN_pixel  

backbone.fpn_modules.1.mlp.fc1.weight - torch.Size([1024, 256]): 
Initialized by user-defined `init_weights` in iTPN_pixel  

backbone.fpn_modules.1.mlp.fc1.bias - torch.Size([1024]): 
Initialized by user-defined `init_weights` in iTPN_pixel  

backbone.fpn_modules.1.mlp.fc2.weight - torch.Size([256, 1024]): 
Initialized by user-defined `init_weights` in iTPN_pixel  

backbone.fpn_modules.1.mlp.fc2.bias - torch.Size([256]): 
Initialized by user-defined `init_weights` in iTPN_pixel  

backbone.fpn_modules.2.norm2.weight - torch.Size([256]): 
Initialized by user-defined `init_weights` in iTPN_pixel  

backbone.fpn_modules.2.norm2.bias - torch.Size([256]): 
Initialized by user-defined `init_weights` in iTPN_pixel  

backbone.fpn_modules.2.mlp.fc1.weight - torch.Size([1024, 256]): 
Initialized by user-defined `init_weights` in iTPN_pixel  

backbone.fpn_modules.2.mlp.fc1.bias - torch.Size([1024]): 
Initialized by user-defined `init_weights` in iTPN_pixel  

backbone.fpn_modules.2.mlp.fc2.weight - torch.Size([256, 1024]): 
Initialized by user-defined `init_weights` in iTPN_pixel  

backbone.fpn_modules.2.mlp.fc2.bias - torch.Size([256]): 
Initialized by user-defined `init_weights` in iTPN_pixel  

backbone.align_dim_16to8.weight - torch.Size([256, 384]): 
Initialized by user-defined `init_weights` in iTPN_pixel  

backbone.split_16to8.norm.weight - torch.Size([768]): 
Initialized by user-defined `init_weights` in iTPN_pixel  

backbone.split_16to8.norm.bias - torch.Size([768]): 
Initialized by user-defined `init_weights` in iTPN_pixel  

backbone.split_16to8.reduction.weight - torch.Size([1024, 768]): 
Initialized by user-defined `init_weights` in iTPN_pixel  

backbone.block_16to8.0.norm2.weight - torch.Size([256]): 
Initialized by user-defined `init_weights` in iTPN_pixel  

backbone.block_16to8.0.norm2.bias - torch.Size([256]): 
Initialized by user-defined `init_weights` in iTPN_pixel  

backbone.block_16to8.0.mlp.fc1.weight - torch.Size([1024, 256]): 
Initialized by user-defined `init_weights` in iTPN_pixel  

backbone.block_16to8.0.mlp.fc1.bias - torch.Size([1024]): 
Initialized by user-defined `init_weights` in iTPN_pixel  

backbone.block_16to8.0.mlp.fc2.weight - torch.Size([256, 1024]): 
Initialized by user-defined `init_weights` in iTPN_pixel  

backbone.block_16to8.0.mlp.fc2.bias - torch.Size([256]): 
Initialized by user-defined `init_weights` in iTPN_pixel  

backbone.align_dim_8to4.weight - torch.Size([256, 192]): 
Initialized by user-defined `init_weights` in iTPN_pixel  

backbone.split_8to4.norm.weight - torch.Size([256]): 
Initialized by user-defined `init_weights` in iTPN_pixel  

backbone.split_8to4.norm.bias - torch.Size([256]): 
Initialized by user-defined `init_weights` in iTPN_pixel  

backbone.split_8to4.reduction.weight - torch.Size([1024, 256]): 
Initialized by user-defined `init_weights` in iTPN_pixel  

backbone.block_8to4.0.norm2.weight - torch.Size([256]): 
Initialized by user-defined `init_weights` in iTPN_pixel  

backbone.block_8to4.0.norm2.bias - torch.Size([256]): 
Initialized by user-defined `init_weights` in iTPN_pixel  

backbone.block_8to4.0.mlp.fc1.weight - torch.Size([1024, 256]): 
Initialized by user-defined `init_weights` in iTPN_pixel  

backbone.block_8to4.0.mlp.fc1.bias - torch.Size([1024]): 
Initialized by user-defined `init_weights` in iTPN_pixel  

backbone.block_8to4.0.mlp.fc2.weight - torch.Size([256, 1024]): 
Initialized by user-defined `init_weights` in iTPN_pixel  

backbone.block_8to4.0.mlp.fc2.bias - torch.Size([256]): 
Initialized by user-defined `init_weights` in iTPN_pixel  

bbox_head.cls_convs.0.conv.weight - torch.Size([256, 256, 3, 3]): 
NormalInit: mean=0, std=0.01, bias=0 

bbox_head.cls_convs.0.gn.weight - torch.Size([256]): 
The value is the same before and after calling `init_weights` of GFL  

bbox_head.cls_convs.0.gn.bias - torch.Size([256]): 
The value is the same before and after calling `init_weights` of GFL  

bbox_head.cls_convs.1.conv.weight - torch.Size([256, 256, 3, 3]): 
NormalInit: mean=0, std=0.01, bias=0 

bbox_head.cls_convs.1.gn.weight - torch.Size([256]): 
The value is the same before and after calling `init_weights` of GFL  

bbox_head.cls_convs.1.gn.bias - torch.Size([256]): 
The value is the same before and after calling `init_weights` of GFL  

bbox_head.cls_convs.2.conv.weight - torch.Size([256, 256, 3, 3]): 
NormalInit: mean=0, std=0.01, bias=0 

bbox_head.cls_convs.2.gn.weight - torch.Size([256]): 
The value is the same before and after calling `init_weights` of GFL  

bbox_head.cls_convs.2.gn.bias - torch.Size([256]): 
The value is the same before and after calling `init_weights` of GFL  

bbox_head.cls_convs.3.conv.weight - torch.Size([256, 256, 3, 3]): 
NormalInit: mean=0, std=0.01, bias=0 

bbox_head.cls_convs.3.gn.weight - torch.Size([256]): 
The value is the same before and after calling `init_weights` of GFL  

bbox_head.cls_convs.3.gn.bias - torch.Size([256]): 
The value is the same before and after calling `init_weights` of GFL  

bbox_head.cls_convs.4.conv.weight - torch.Size([256, 256, 3, 3]): 
NormalInit: mean=0, std=0.01, bias=0 

bbox_head.cls_convs.4.gn.weight - torch.Size([256]): 
The value is the same before and after calling `init_weights` of GFL  

bbox_head.cls_convs.4.gn.bias - torch.Size([256]): 
The value is the same before and after calling `init_weights` of GFL  

bbox_head.cls_convs.5.conv.weight - torch.Size([256, 256, 3, 3]): 
NormalInit: mean=0, std=0.01, bias=0 

bbox_head.cls_convs.5.gn.weight - torch.Size([256]): 
The value is the same before and after calling `init_weights` of GFL  

bbox_head.cls_convs.5.gn.bias - torch.Size([256]): 
The value is the same before and after calling `init_weights` of GFL  

bbox_head.reg_convs.0.conv.weight - torch.Size([256, 256, 3, 3]): 
NormalInit: mean=0, std=0.01, bias=0 

bbox_head.reg_convs.0.gn.weight - torch.Size([256]): 
The value is the same before and after calling `init_weights` of GFL  

bbox_head.reg_convs.0.gn.bias - torch.Size([256]): 
The value is the same before and after calling `init_weights` of GFL  

bbox_head.reg_convs.1.conv.weight - torch.Size([256, 256, 3, 3]): 
NormalInit: mean=0, std=0.01, bias=0 

bbox_head.reg_convs.1.gn.weight - torch.Size([256]): 
The value is the same before and after calling `init_weights` of GFL  

bbox_head.reg_convs.1.gn.bias - torch.Size([256]): 
The value is the same before and after calling `init_weights` of GFL  

bbox_head.reg_convs.2.conv.weight - torch.Size([256, 256, 3, 3]): 
NormalInit: mean=0, std=0.01, bias=0 

bbox_head.reg_convs.2.gn.weight - torch.Size([256]): 
The value is the same before and after calling `init_weights` of GFL  

bbox_head.reg_convs.2.gn.bias - torch.Size([256]): 
The value is the same before and after calling `init_weights` of GFL  

bbox_head.reg_convs.3.conv.weight - torch.Size([256, 256, 3, 3]): 
NormalInit: mean=0, std=0.01, bias=0 

bbox_head.reg_convs.3.gn.weight - torch.Size([256]): 
The value is the same before and after calling `init_weights` of GFL  

bbox_head.reg_convs.3.gn.bias - torch.Size([256]): 
The value is the same before and after calling `init_weights` of GFL  

bbox_head.reg_convs.4.conv.weight - torch.Size([256, 256, 3, 3]): 
NormalInit: mean=0, std=0.01, bias=0 

bbox_head.reg_convs.4.gn.weight - torch.Size([256]): 
The value is the same before and after calling `init_weights` of GFL  

bbox_head.reg_convs.4.gn.bias - torch.Size([256]): 
The value is the same before and after calling `init_weights` of GFL  

bbox_head.reg_convs.5.conv.weight - torch.Size([256, 256, 3, 3]): 
NormalInit: mean=0, std=0.01, bias=0 

bbox_head.reg_convs.5.gn.weight - torch.Size([256]): 
The value is the same before and after calling `init_weights` of GFL  

bbox_head.reg_convs.5.gn.bias - torch.Size([256]): 
The value is the same before and after calling `init_weights` of GFL  

bbox_head.gfl_cls.weight - torch.Size([1, 256, 3, 3]): 
NormalInit: mean=0, std=0.01, bias=-4.59511985013459 

bbox_head.gfl_cls.bias - torch.Size([1]): 
NormalInit: mean=0, std=0.01, bias=-4.59511985013459 

bbox_head.gfl_reg.weight - torch.Size([68, 256, 3, 3]): 
NormalInit: mean=0, std=0.01, bias=0 

bbox_head.gfl_reg.bias - torch.Size([68]): 
NormalInit: mean=0, std=0.01, bias=0 

bbox_head.scales.0.scale - torch.Size([]): 
The value is the same before and after calling `init_weights` of GFL  

bbox_head.scales.1.scale - torch.Size([]): 
The value is the same before and after calling `init_weights` of GFL  

bbox_head.scales.2.scale - torch.Size([]): 
The value is the same before and after calling `init_weights` of GFL  

bbox_head.scales.3.scale - torch.Size([]): 
The value is the same before and after calling `init_weights` of GFL  

bbox_head.scales.4.scale - torch.Size([]): 
The value is the same before and after calling `init_weights` of GFL  
2026-05-18 13:21:02,794 - mmdet - INFO - Training with 6 GPU(s) with 4 samples per GPU. The total batch size is 24.
2026-05-18 13:21:02,794 - mmdet - INFO - The batch size match the base batch size: 24, will not scaling the LR (0.0002).
2026-05-18 13:21:18,566 - mmdet - INFO - Start running, host: test@test, work_dir: /mnt/data7t/liweijie19/code/detection_iptn/work_dirs/pixel_itpn_GFL_hrsid_jpg_large
2026-05-18 13:21:18,566 - mmdet - INFO - Hooks will be executed in the following order:
before_run:
(VERY_HIGH   ) CosineAnnealingLrUpdaterHook       
(ABOVE_NORMAL) Fp16OptimizerHook                  
(NORMAL      ) CheckpointHook                     
(LOW         ) DistEvalHook                       
(VERY_LOW    ) TextLoggerHook                     
 -------------------- 
before_train_epoch:
(VERY_HIGH   ) CosineAnnealingLrUpdaterHook       
(NORMAL      ) NumClassCheckHook                  
(NORMAL      ) DistSamplerSeedHook                
(LOW         ) IterTimerHook                      
(LOW         ) DistEvalHook                       
(VERY_LOW    ) TextLoggerHook                     
 -------------------- 
before_train_iter:
(VERY_HIGH   ) CosineAnnealingLrUpdaterHook       
(LOW         ) IterTimerHook                      
(LOW         ) DistEvalHook                       
 -------------------- 
after_train_iter:
(ABOVE_NORMAL) Fp16OptimizerHook                  
(NORMAL      ) CheckpointHook                     
(LOW         ) IterTimerHook                      
(LOW         ) DistEvalHook                       
(VERY_LOW    ) TextLoggerHook                     
 -------------------- 
after_train_epoch:
(NORMAL      ) CheckpointHook                     
(LOW         ) DistEvalHook                       
(VERY_LOW    ) TextLoggerHook                     
 -------------------- 
before_val_epoch:
(NORMAL      ) NumClassCheckHook                  
(NORMAL      ) DistSamplerSeedHook                
(LOW         ) IterTimerHook                      
(VERY_LOW    ) TextLoggerHook                     
 -------------------- 
before_val_iter:
(LOW         ) IterTimerHook                      
 -------------------- 
after_val_iter:
(LOW         ) IterTimerHook                      
 -------------------- 
after_val_epoch:
(VERY_LOW    ) TextLoggerHook                     
 -------------------- 
after_run:
(VERY_LOW    ) TextLoggerHook                     
 -------------------- 
2026-05-18 13:21:18,566 - mmdet - INFO - workflow: [('train', 1), ('val', 1)], max: 36 epochs
2026-05-18 13:21:18,568 - mmdet - INFO - Checkpoints will be saved to /mnt/data7t/liweijie19/code/detection_iptn/work_dirs/pixel_itpn_GFL_hrsid_jpg_large by HardDiskBackend.
2026-05-18 13:22:45,516 - mmdet - INFO - Epoch [1][20/152]	lr: 3.996e-06, eta: 6:35:00, time: 4.347, data_time: 0.147, memory: 48815, loss_cls: 0.0704, loss_bbox: 1.4807, loss_dfl: 0.6772, loss: 2.2283, grad_norm: 5.2462
2026-05-18 13:24:03,467 - mmdet - INFO - Epoch [1][40/152]	lr: 7.992e-06, eta: 6:13:12, time: 3.897, data_time: 0.011, memory: 48815, loss_cls: 0.1177, loss_bbox: 1.3392, loss_dfl: 0.6472, loss: 2.1040, grad_norm: 8.4195
2026-05-18 13:25:21,048 - mmdet - INFO - Epoch [1][60/152]	lr: 1.199e-05, eta: 6:04:30, time: 3.879, data_time: 0.015, memory: 48815, loss_cls: 0.1960, loss_bbox: 1.1047, loss_dfl: 0.5723, loss: 1.8731, grad_norm: 11.6909
2026-05-18 13:26:38,912 - mmdet - INFO - Epoch [1][80/152]	lr: 1.598e-05, eta: 5:59:49, time: 3.893, data_time: 0.012, memory: 48815, loss_cls: 0.2353, loss_bbox: 0.9058, loss_dfl: 0.5127, loss: 1.6537, grad_norm: 11.9767
2026-05-18 13:27:56,592 - mmdet - INFO - Epoch [1][100/152]	lr: 1.998e-05, eta: 5:56:20, time: 3.884, data_time: 0.014, memory: 48815, loss_cls: 0.2663, loss_bbox: 0.8536, loss_dfl: 0.4678, loss: 1.5877, grad_norm: 16.5860
2026-05-18 13:29:14,490 - mmdet - INFO - Epoch [1][120/152]	lr: 2.398e-05, eta: 5:53:45, time: 3.895, data_time: 0.016, memory: 48815, loss_cls: 0.2859, loss_bbox: 0.7729, loss_dfl: 0.4368, loss: 1.4956, grad_norm: 15.4113
2026-05-18 13:30:32,237 - mmdet - INFO - Epoch [1][140/152]	lr: 2.797e-05, eta: 5:51:26, time: 3.887, data_time: 0.015, memory: 48815, loss_cls: 0.2961, loss_bbox: 0.7383, loss_dfl: 0.4156, loss: 1.4500, grad_norm: 18.0963
2026-05-18 13:31:19,021 - mmdet - INFO - Saving checkpoint at 1 epochs
2026-05-18 13:41:06,740 - mmdet - INFO - Evaluating bbox...
2026-05-18 13:43:07,768 - mmdet - INFO - 
Average Precision  (AP) @[ IoU=0.50:0.95 | area=   all | maxDets=100 ] = 0.188
Average Precision  (AP) @[ IoU=0.50      | area=   all | maxDets=1000 ] = 0.552
Average Precision  (AP) @[ IoU=0.75      | area=   all | maxDets=1000 ] = 0.068
Average Precision  (AP) @[ IoU=0.50:0.95 | area= small | maxDets=1000 ] = 0.235
Average Precision  (AP) @[ IoU=0.50:0.95 | area=medium | maxDets=1000 ] = 0.048
Average Precision  (AP) @[ IoU=0.50:0.95 | area= large | maxDets=1000 ] = 0.001
Average Recall     (AR) @[ IoU=0.50:0.95 | area=   all | maxDets=100 ] = 0.344
Average Recall     (AR) @[ IoU=0.50:0.95 | area=   all | maxDets=300 ] = 0.368
Average Recall     (AR) @[ IoU=0.50:0.95 | area=   all | maxDets=1000 ] = 0.397
Average Recall     (AR) @[ IoU=0.50:0.95 | area= small | maxDets=1000 ] = 0.409
Average Recall     (AR) @[ IoU=0.50:0.95 | area=medium | maxDets=1000 ] = 0.337
Average Recall     (AR) @[ IoU=0.50:0.95 | area= large | maxDets=1000 ] = 0.112

2026-05-18 13:43:07,768 - mmdet - INFO - 
+----------+-------+
| category | AP    |
+----------+-------+
| ship     | 0.190 |
+----------+-------+
2026-05-18 13:43:15,404 - mmdet - INFO - Now best checkpoint is saved as best_bbox_mAP_50_epoch_1.pth.
2026-05-18 13:43:15,404 - mmdet - INFO - Best bbox_mAP_50 is 0.5520 at 1 epoch.
2026-05-18 13:43:15,407 - mmdet - INFO - Exp name: pixel_itpn_GFL_hrsid_jpg_large.py
2026-05-18 13:43:15,407 - mmdet - INFO - Epoch(val) [1][327]	bbox_mAP: 0.1880, bbox_mAP_50: 0.5520, bbox_mAP_75: 0.0680, bbox_mAP_s: 0.2350, bbox_mAP_m: 0.0480, bbox_mAP_l: 0.0010, bbox_mAP_copypaste: 0.188 0.552 0.068 0.235 0.048 0.001
2026-05-18 13:44:38,197 - mmdet - INFO - Exp name: pixel_itpn_GFL_hrsid_jpg_large.py
2026-05-18 13:44:38,197 - mmdet - INFO - Epoch(val) [1][82]	loss_cls: 0.3159, loss_bbox: 0.6821, loss_dfl: 0.3880, loss: 1.3860
2026-05-18 13:45:58,080 - mmdet - INFO - Epoch [2][20/152]	lr: 3.430e-05, eta: 5:25:21, time: 3.993, data_time: 0.124, memory: 48815, loss_cls: 0.3219, loss_bbox: 0.7028, loss_dfl: 0.3887, loss: 1.4133, grad_norm: 18.8935
2026-05-18 13:47:15,617 - mmdet - INFO - Epoch [2][40/152]	lr: 3.829e-05, eta: 5:25:53, time: 3.876, data_time: 0.015, memory: 48815, loss_cls: 0.3537, loss_bbox: 0.6430, loss_dfl: 0.3779, loss: 1.3746, grad_norm: 15.2413
2026-05-18 13:48:33,063 - mmdet - INFO - Epoch [2][60/152]	lr: 4.228e-05, eta: 5:26:03, time: 3.873, data_time: 0.014, memory: 48815, loss_cls: 0.3130, loss_bbox: 0.6062, loss_dfl: 0.3582, loss: 1.2774, grad_norm: 12.5889
2026-05-18 13:49:50,731 - mmdet - INFO - Epoch [2][80/152]	lr: 4.627e-05, eta: 5:26:03, time: 3.883, data_time: 0.015, memory: 48815, loss_cls: 0.3243, loss_bbox: 0.6097, loss_dfl: 0.3499, loss: 1.2838, grad_norm: 17.3801
2026-05-18 13:51:08,180 - mmdet - INFO - Epoch [2][100/152]	lr: 5.025e-05, eta: 5:25:46, time: 3.872, data_time: 0.014, memory: 48815, loss_cls: 0.3457, loss_bbox: 0.5522, loss_dfl: 0.3361, loss: 1.2340, grad_norm: 18.7216
2026-05-18 13:52:25,744 - mmdet - INFO - Epoch [2][120/152]	lr: 5.424e-05, eta: 5:25:22, time: 3.878, data_time: 0.014, memory: 48815, loss_cls: 0.3510, loss_bbox: 0.5346, loss_dfl: 0.3232, loss: 1.2088, grad_norm: 14.6189
2026-05-18 13:53:43,348 - mmdet - INFO - Epoch [2][140/152]	lr: 5.823e-05, eta: 5:24:52, time: 3.880, data_time: 0.014, memory: 48815, loss_cls: 0.3338, loss_bbox: 0.5587, loss_dfl: 0.3168, loss: 1.2093, grad_norm: 15.3608
2026-05-18 13:54:29,838 - mmdet - INFO - Saving checkpoint at 2 epochs
2026-05-18 14:03:11,300 - mmdet - INFO - Evaluating bbox...
2026-05-18 14:05:13,921 - mmdet - INFO - 
Average Precision  (AP) @[ IoU=0.50:0.95 | area=   all | maxDets=100 ] = 0.383
Average Precision  (AP) @[ IoU=0.50      | area=   all | maxDets=1000 ] = 0.751
Average Precision  (AP) @[ IoU=0.75      | area=   all | maxDets=1000 ] = 0.342
Average Precision  (AP) @[ IoU=0.50:0.95 | area= small | maxDets=1000 ] = 0.438
Average Precision  (AP) @[ IoU=0.50:0.95 | area=medium | maxDets=1000 ] = 0.241
Average Precision  (AP) @[ IoU=0.50:0.95 | area= large | maxDets=1000 ] = 0.015
Average Recall     (AR) @[ IoU=0.50:0.95 | area=   all | maxDets=100 ] = 0.508
Average Recall     (AR) @[ IoU=0.50:0.95 | area=   all | maxDets=300 ] = 0.528
Average Recall     (AR) @[ IoU=0.50:0.95 | area=   all | maxDets=1000 ] = 0.548
Average Recall     (AR) @[ IoU=0.50:0.95 | area= small | maxDets=1000 ] = 0.561
Average Recall     (AR) @[ IoU=0.50:0.95 | area=medium | maxDets=1000 ] = 0.493
Average Recall     (AR) @[ IoU=0.50:0.95 | area= large | maxDets=1000 ] = 0.159

2026-05-18 14:05:13,921 - mmdet - INFO - 
+----------+-------+
| category | AP    |
+----------+-------+
| ship     | 0.385 |
+----------+-------+
2026-05-18 14:05:15,029 - mmdet - INFO - The previous best checkpoint /mnt/data7t/liweijie19/code/detection_iptn/work_dirs/pixel_itpn_GFL_hrsid_jpg_large/best_bbox_mAP_50_epoch_1.pth was removed
2026-05-18 14:05:22,082 - mmdet - INFO - Now best checkpoint is saved as best_bbox_mAP_50_epoch_2.pth.
2026-05-18 14:05:22,082 - mmdet - INFO - Best bbox_mAP_50 is 0.7510 at 2 epoch.
2026-05-18 14:05:22,085 - mmdet - INFO - Exp name: pixel_itpn_GFL_hrsid_jpg_large.py
2026-05-18 14:05:22,085 - mmdet - INFO - Epoch(val) [2][327]	bbox_mAP: 0.3830, bbox_mAP_50: 0.7510, bbox_mAP_75: 0.3420, bbox_mAP_s: 0.4380, bbox_mAP_m: 0.2410, bbox_mAP_l: 0.0150, bbox_mAP_copypaste: 0.383 0.751 0.342 0.438 0.241 0.015
2026-05-18 14:06:44,584 - mmdet - INFO - Exp name: pixel_itpn_GFL_hrsid_jpg_large.py
2026-05-18 14:06:44,584 - mmdet - INFO - Epoch(val) [2][82]	loss_cls: 0.3292, loss_bbox: 0.5060, loss_dfl: 0.3076, loss: 1.1428
2026-05-18 14:08:04,231 - mmdet - INFO - Epoch [3][20/152]	lr: 6.424e-05, eta: 5:12:03, time: 3.981, data_time: 0.120, memory: 48815, loss_cls: 0.3334, loss_bbox: 0.4663, loss_dfl: 0.2987, loss: 1.0984, grad_norm: 10.7263
2026-05-18 14:09:21,686 - mmdet - INFO - Epoch [3][40/152]	lr: 6.821e-05, eta: 5:12:01, time: 3.873, data_time: 0.014, memory: 48815, loss_cls: 0.3235, loss_bbox: 0.4625, loss_dfl: 0.2897, loss: 1.0757, grad_norm: 12.5921
2026-05-18 14:10:39,208 - mmdet - INFO - Epoch [3][60/152]	lr: 7.217e-05, eta: 5:11:51, time: 3.876, data_time: 0.014, memory: 48815, loss_cls: 0.3055, loss_bbox: 0.4590, loss_dfl: 0.2871, loss: 1.0516, grad_norm: 11.1976
2026-05-18 14:11:56,535 - mmdet - INFO - Epoch [3][80/152]	lr: 7.614e-05, eta: 5:11:32, time: 3.866, data_time: 0.011, memory: 48815, loss_cls: 0.3100, loss_bbox: 0.4660, loss_dfl: 0.2787, loss: 1.0547, grad_norm: 12.2302
2026-05-18 14:13:14,064 - mmdet - INFO - Epoch [3][100/152]	lr: 8.011e-05, eta: 5:11:09, time: 3.876, data_time: 0.013, memory: 48815, loss_cls: 0.3092, loss_bbox: 0.4509, loss_dfl: 0.2755, loss: 1.0356, grad_norm: 12.1312
2026-05-18 14:14:31,617 - mmdet - INFO - Epoch [3][120/152]	lr: 8.407e-05, eta: 5:10:41, time: 3.878, data_time: 0.014, memory: 48815, loss_cls: 0.3022, loss_bbox: 0.4342, loss_dfl: 0.2668, loss: 1.0031, grad_norm: 10.5710
2026-05-18 14:15:48,951 - mmdet - INFO - Epoch [3][140/152]	lr: 8.804e-05, eta: 5:10:07, time: 3.867, data_time: 0.012, memory: 48815, loss_cls: 0.3037, loss_bbox: 0.4445, loss_dfl: 0.2721, loss: 1.0203, grad_norm: 9.6769
2026-05-18 14:16:35,325 - mmdet - INFO - Saving checkpoint at 3 epochs
2026-05-18 14:24:39,596 - mmdet - INFO - Evaluating bbox...
2026-05-18 14:27:22,734 - mmdet - INFO - 
Average Precision  (AP) @[ IoU=0.50:0.95 | area=   all | maxDets=100 ] = 0.476
Average Precision  (AP) @[ IoU=0.50      | area=   all | maxDets=1000 ] = 0.820
Average Precision  (AP) @[ IoU=0.75      | area=   all | maxDets=1000 ] = 0.522
Average Precision  (AP) @[ IoU=0.50:0.95 | area= small | maxDets=1000 ] = 0.526
Average Precision  (AP) @[ IoU=0.50:0.95 | area=medium | maxDets=1000 ] = 0.357
Average Precision  (AP) @[ IoU=0.50:0.95 | area= large | maxDets=1000 ] = 0.017
Average Recall     (AR) @[ IoU=0.50:0.95 | area=   all | maxDets=100 ] = 0.582
Average Recall     (AR) @[ IoU=0.50:0.95 | area=   all | maxDets=300 ] = 0.606
Average Recall     (AR) @[ IoU=0.50:0.95 | area=   all | maxDets=1000 ] = 0.625
Average Recall     (AR) @[ IoU=0.50:0.95 | area= small | maxDets=1000 ] = 0.636
Average Recall     (AR) @[ IoU=0.50:0.95 | area=medium | maxDets=1000 ] = 0.579
Average Recall     (AR) @[ IoU=0.50:0.95 | area= large | maxDets=1000 ] = 0.271

2026-05-18 14:27:22,734 - mmdet - INFO - 
+----------+-------+
| category | AP    |
+----------+-------+
| ship     | 0.480 |
+----------+-------+
2026-05-18 14:27:23,862 - mmdet - INFO - The previous best checkpoint /mnt/data7t/liweijie19/code/detection_iptn/work_dirs/pixel_itpn_GFL_hrsid_jpg_large/best_bbox_mAP_50_epoch_2.pth was removed
2026-05-18 14:27:30,856 - mmdet - INFO - Now best checkpoint is saved as best_bbox_mAP_50_epoch_3.pth.
2026-05-18 14:27:30,856 - mmdet - INFO - Best bbox_mAP_50 is 0.8200 at 3 epoch.
2026-05-18 14:27:30,859 - mmdet - INFO - Exp name: pixel_itpn_GFL_hrsid_jpg_large.py
2026-05-18 14:27:30,859 - mmdet - INFO - Epoch(val) [3][327]	bbox_mAP: 0.4760, bbox_mAP_50: 0.8200, bbox_mAP_75: 0.5220, bbox_mAP_s: 0.5260, bbox_mAP_m: 0.3570, bbox_mAP_l: 0.0170, bbox_mAP_copypaste: 0.476 0.820 0.522 0.526 0.357 0.017
2026-05-18 14:28:53,343 - mmdet - INFO - Exp name: pixel_itpn_GFL_hrsid_jpg_large.py
2026-05-18 14:28:53,343 - mmdet - INFO - Epoch(val) [3][82]	loss_cls: 0.2854, loss_bbox: 0.4098, loss_dfl: 0.2573, loss: 0.9525
2026-05-18 14:30:12,859 - mmdet - INFO - Epoch [4][20/152]	lr: 9.348e-05, eta: 5:01:20, time: 3.975, data_time: 0.122, memory: 48815, loss_cls: 0.2954, loss_bbox: 0.4138, loss_dfl: 0.2634, loss: 0.9727, grad_norm: 10.0378
2026-05-18 14:31:30,213 - mmdet - INFO - Epoch [4][40/152]	lr: 9.741e-05, eta: 5:00:57, time: 3.868, data_time: 0.013, memory: 48815, loss_cls: 0.2646, loss_bbox: 0.4164, loss_dfl: 0.2515, loss: 0.9325, grad_norm: 8.3069
2026-05-18 14:32:47,670 - mmdet - INFO - Epoch [4][60/152]	lr: 1.013e-04, eta: 5:00:32, time: 3.873, data_time: 0.015, memory: 48815, loss_cls: 0.2910, loss_bbox: 0.4041, loss_dfl: 0.2520, loss: 0.9471, grad_norm: 8.4820
2026-05-18 14:34:05,210 - mmdet - INFO - Epoch [4][80/152]	lr: 1.053e-04, eta: 5:00:03, time: 3.877, data_time: 0.015, memory: 48815, loss_cls: 0.3090, loss_bbox: 0.3960, loss_dfl: 0.2460, loss: 0.9510, grad_norm: 10.8173
2026-05-18 14:35:22,728 - mmdet - INFO - Epoch [4][100/152]	lr: 1.092e-04, eta: 4:59:30, time: 3.876, data_time: 0.014, memory: 48815, loss_cls: 0.2879, loss_bbox: 0.3802, loss_dfl: 0.2429, loss: 0.9111, grad_norm: 8.2511
2026-05-18 14:36:40,172 - mmdet - INFO - Epoch [4][120/152]	lr: 1.131e-04, eta: 4:58:54, time: 3.872, data_time: 0.014, memory: 48815, loss_cls: 0.3057, loss_bbox: 0.3814, loss_dfl: 0.2452, loss: 0.9323, grad_norm: 9.3620
2026-05-18 14:37:57,674 - mmdet - INFO - Epoch [4][140/152]	lr: 1.171e-04, eta: 4:58:15, time: 3.875, data_time: 0.015, memory: 48815, loss_cls: 0.2749, loss_bbox: 0.3915, loss_dfl: 0.2471, loss: 0.9136, grad_norm: 8.3823
2026-05-18 14:38:44,197 - mmdet - INFO - Saving checkpoint at 4 epochs
2026-05-18 14:46:42,598 - mmdet - INFO - Evaluating bbox...
2026-05-18 14:50:24,731 - mmdet - INFO - 
Average Precision  (AP) @[ IoU=0.50:0.95 | area=   all | maxDets=100 ] = 0.532
Average Precision  (AP) @[ IoU=0.50      | area=   all | maxDets=1000 ] = 0.845
Average Precision  (AP) @[ IoU=0.75      | area=   all | maxDets=1000 ] = 0.595
Average Precision  (AP) @[ IoU=0.50:0.95 | area= small | maxDets=1000 ] = 0.567
Average Precision  (AP) @[ IoU=0.50:0.95 | area=medium | maxDets=1000 ] = 0.433
Average Precision  (AP) @[ IoU=0.50:0.95 | area= large | maxDets=1000 ] = 0.079
Average Recall     (AR) @[ IoU=0.50:0.95 | area=   all | maxDets=100 ] = 0.636
Average Recall     (AR) @[ IoU=0.50:0.95 | area=   all | maxDets=300 ] = 0.655
Average Recall     (AR) @[ IoU=0.50:0.95 | area=   all | maxDets=1000 ] = 0.670
Average Recall     (AR) @[ IoU=0.50:0.95 | area= small | maxDets=1000 ] = 0.677
Average Recall     (AR) @[ IoU=0.50:0.95 | area=medium | maxDets=1000 ] = 0.647
Average Recall     (AR) @[ IoU=0.50:0.95 | area= large | maxDets=1000 ] = 0.376

2026-05-18 14:50:24,732 - mmdet - INFO - 
+----------+-------+
| category | AP    |
+----------+-------+
| ship     | 0.535 |
+----------+-------+
2026-05-18 14:50:26,526 - mmdet - INFO - The previous best checkpoint /mnt/data7t/liweijie19/code/detection_iptn/work_dirs/pixel_itpn_GFL_hrsid_jpg_large/best_bbox_mAP_50_epoch_3.pth was removed
2026-05-18 14:50:34,884 - mmdet - INFO - Now best checkpoint is saved as best_bbox_mAP_50_epoch_4.pth.
2026-05-18 14:50:34,885 - mmdet - INFO - Best bbox_mAP_50 is 0.8450 at 4 epoch.
2026-05-18 14:50:34,888 - mmdet - INFO - Exp name: pixel_itpn_GFL_hrsid_jpg_large.py
2026-05-18 14:50:34,888 - mmdet - INFO - Epoch(val) [4][327]	bbox_mAP: 0.5320, bbox_mAP_50: 0.8450, bbox_mAP_75: 0.5950, bbox_mAP_s: 0.5670, bbox_mAP_m: 0.4330, bbox_mAP_l: 0.0790, bbox_mAP_copypaste: 0.532 0.845 0.595 0.567 0.433 0.079
2026-05-18 14:51:57,084 - mmdet - INFO - Exp name: pixel_itpn_GFL_hrsid_jpg_large.py
2026-05-18 14:51:57,084 - mmdet - INFO - Epoch(val) [4][82]	loss_cls: 0.2607, loss_bbox: 0.3832, loss_dfl: 0.2390, loss: 0.8829
2026-05-18 14:53:16,705 - mmdet - INFO - Epoch [5][20/152]	lr: 1.217e-04, eta: 4:51:26, time: 3.980, data_time: 0.125, memory: 48815, loss_cls: 0.2792, loss_bbox: 0.3614, loss_dfl: 0.2331, loss: 0.8738, grad_norm: 6.6203
2026-05-18 14:54:33,966 - mmdet - INFO - Epoch [5][40/152]	lr: 1.256e-04, eta: 4:50:52, time: 3.863, data_time: 0.011, memory: 48815, loss_cls: 0.2826, loss_bbox: 0.3505, loss_dfl: 0.2356, loss: 0.8687, grad_norm: 8.6669
2026-05-18 14:55:51,460 - mmdet - INFO - Epoch [5][60/152]	lr: 1.294e-04, eta: 4:50:16, time: 3.875, data_time: 0.015, memory: 48815, loss_cls: 0.2802, loss_bbox: 0.3942, loss_dfl: 0.2460, loss: 0.9205, grad_norm: 7.9954
2026-05-18 14:57:08,749 - mmdet - INFO - Epoch [5][80/152]	lr: 1.333e-04, eta: 4:49:37, time: 3.864, data_time: 0.015, memory: 48815, loss_cls: 0.2683, loss_bbox: 0.3749, loss_dfl: 0.2370, loss: 0.8802, grad_norm: 7.5186
2026-05-18 14:58:26,137 - mmdet - INFO - Epoch [5][100/152]	lr: 1.372e-04, eta: 4:48:56, time: 3.869, data_time: 0.014, memory: 48815, loss_cls: 0.2691, loss_bbox: 0.3791, loss_dfl: 0.2359, loss: 0.8841, grad_norm: 6.4866
2026-05-18 14:59:43,706 - mmdet - INFO - Epoch [5][120/152]	lr: 1.411e-04, eta: 4:48:15, time: 3.879, data_time: 0.016, memory: 48815, loss_cls: 0.2558, loss_bbox: 0.3865, loss_dfl: 0.2324, loss: 0.8747, grad_norm: 6.6916
2026-05-18 15:01:01,318 - mmdet - INFO - Epoch [5][140/152]	lr: 1.449e-04, eta: 4:47:31, time: 3.881, data_time: 0.016, memory: 48815, loss_cls: 0.2555, loss_bbox: 0.3589, loss_dfl: 0.2270, loss: 0.8414, grad_norm: 7.0555
2026-05-18 15:01:47,815 - mmdet - INFO - Saving checkpoint at 5 epochs
2026-05-18 15:09:42,903 - mmdet - INFO - Evaluating bbox...
2026-05-18 15:11:35,163 - mmdet - INFO - 
Average Precision  (AP) @[ IoU=0.50:0.95 | area=   all | maxDets=100 ] = 0.562
Average Precision  (AP) @[ IoU=0.50      | area=   all | maxDets=1000 ] = 0.858
Average Precision  (AP) @[ IoU=0.75      | area=   all | maxDets=1000 ] = 0.647
Average Precision  (AP) @[ IoU=0.50:0.95 | area= small | maxDets=1000 ] = 0.595
Average Precision  (AP) @[ IoU=0.50:0.95 | area=medium | maxDets=1000 ] = 0.502
Average Precision  (AP) @[ IoU=0.50:0.95 | area= large | maxDets=1000 ] = 0.074
Average Recall     (AR) @[ IoU=0.50:0.95 | area=   all | maxDets=100 ] = 0.659
Average Recall     (AR) @[ IoU=0.50:0.95 | area=   all | maxDets=300 ] = 0.677
Average Recall     (AR) @[ IoU=0.50:0.95 | area=   all | maxDets=1000 ] = 0.690
Average Recall     (AR) @[ IoU=0.50:0.95 | area= small | maxDets=1000 ] = 0.694
Average Recall     (AR) @[ IoU=0.50:0.95 | area=medium | maxDets=1000 ] = 0.686
Average Recall     (AR) @[ IoU=0.50:0.95 | area= large | maxDets=1000 ] = 0.476

2026-05-18 15:11:35,164 - mmdet - INFO - 
+----------+-------+
| category | AP    |
+----------+-------+
| ship     | 0.566 |
+----------+-------+
2026-05-18 15:11:36,252 - mmdet - INFO - The previous best checkpoint /mnt/data7t/liweijie19/code/detection_iptn/work_dirs/pixel_itpn_GFL_hrsid_jpg_large/best_bbox_mAP_50_epoch_4.pth was removed
2026-05-18 15:11:43,046 - mmdet - INFO - Now best checkpoint is saved as best_bbox_mAP_50_epoch_5.pth.
2026-05-18 15:11:43,047 - mmdet - INFO - Best bbox_mAP_50 is 0.8580 at 5 epoch.
2026-05-18 15:11:43,049 - mmdet - INFO - Exp name: pixel_itpn_GFL_hrsid_jpg_large.py
2026-05-18 15:11:43,049 - mmdet - INFO - Epoch(val) [5][327]	bbox_mAP: 0.5620, bbox_mAP_50: 0.8580, bbox_mAP_75: 0.6470, bbox_mAP_s: 0.5950, bbox_mAP_m: 0.5020, bbox_mAP_l: 0.0740, bbox_mAP_copypaste: 0.562 0.858 0.647 0.595 0.502 0.074
2026-05-18 15:13:05,464 - mmdet - INFO - Exp name: pixel_itpn_GFL_hrsid_jpg_large.py
2026-05-18 15:13:05,464 - mmdet - INFO - Epoch(val) [5][82]	loss_cls: 0.2641, loss_bbox: 0.3687, loss_dfl: 0.2311, loss: 0.8639
2026-05-18 15:14:25,101 - mmdet - INFO - Epoch [6][20/152]	lr: 1.485e-04, eta: 4:41:50, time: 3.981, data_time: 0.121, memory: 48815, loss_cls: 0.2692, loss_bbox: 0.3447, loss_dfl: 0.2252, loss: 0.8391, grad_norm: 6.7755
2026-05-18 15:15:42,513 - mmdet - INFO - Epoch [6][40/152]	lr: 1.524e-04, eta: 4:41:09, time: 3.871, data_time: 0.014, memory: 48815, loss_cls: 0.2780, loss_bbox: 0.3640, loss_dfl: 0.2310, loss: 0.8729, grad_norm: 6.8213
2026-05-18 15:16:59,896 - mmdet - INFO - Epoch [6][60/152]	lr: 1.562e-04, eta: 4:40:27, time: 3.869, data_time: 0.014, memory: 48815, loss_cls: 0.2753, loss_bbox: 0.3723, loss_dfl: 0.2334, loss: 0.8810, grad_norm: 8.2442
2026-05-18 15:18:17,341 - mmdet - INFO - Epoch [6][80/152]	lr: 1.600e-04, eta: 4:39:42, time: 3.872, data_time: 0.015, memory: 48815, loss_cls: 0.2637, loss_bbox: 0.3385, loss_dfl: 0.2229, loss: 0.8251, grad_norm: 5.9439
2026-05-18 15:19:34,858 - mmdet - INFO - Epoch [6][100/152]	lr: 1.638e-04, eta: 4:38:57, time: 3.876, data_time: 0.014, memory: 48815, loss_cls: 0.2642, loss_bbox: 0.3373, loss_dfl: 0.2265, loss: 0.8280, grad_norm: 7.2655
2026-05-18 15:20:52,329 - mmdet - INFO - Epoch [6][120/152]	lr: 1.676e-04, eta: 4:38:10, time: 3.874, data_time: 0.016, memory: 48815, loss_cls: 0.2559, loss_bbox: 0.3682, loss_dfl: 0.2283, loss: 0.8524, grad_norm: 5.1064
2026-05-18 15:22:09,874 - mmdet - INFO - Epoch [6][140/152]	lr: 1.714e-04, eta: 4:37:22, time: 3.877, data_time: 0.015, memory: 48815, loss_cls: 0.2527, loss_bbox: 0.3444, loss_dfl: 0.2235, loss: 0.8205, grad_norm: 5.9079
2026-05-18 15:22:56,270 - mmdet - INFO - Saving checkpoint at 6 epochs
2026-05-18 15:31:16,235 - mmdet - INFO - Evaluating bbox...
2026-05-18 15:34:44,946 - mmdet - INFO - 
Average Precision  (AP) @[ IoU=0.50:0.95 | area=   all | maxDets=100 ] = 0.577
Average Precision  (AP) @[ IoU=0.50      | area=   all | maxDets=1000 ] = 0.872
Average Precision  (AP) @[ IoU=0.75      | area=   all | maxDets=1000 ] = 0.671
Average Precision  (AP) @[ IoU=0.50:0.95 | area= small | maxDets=1000 ] = 0.604
Average Precision  (AP) @[ IoU=0.50:0.95 | area=medium | maxDets=1000 ] = 0.491
Average Precision  (AP) @[ IoU=0.50:0.95 | area= large | maxDets=1000 ] = 0.166
Average Recall     (AR) @[ IoU=0.50:0.95 | area=   all | maxDets=100 ] = 0.683
Average Recall     (AR) @[ IoU=0.50:0.95 | area=   all | maxDets=300 ] = 0.702
Average Recall     (AR) @[ IoU=0.50:0.95 | area=   all | maxDets=1000 ] = 0.714
Average Recall     (AR) @[ IoU=0.50:0.95 | area= small | maxDets=1000 ] = 0.718
Average Recall     (AR) @[ IoU=0.50:0.95 | area=medium | maxDets=1000 ] = 0.706
Average Recall     (AR) @[ IoU=0.50:0.95 | area= large | maxDets=1000 ] = 0.507

2026-05-18 15:34:44,947 - mmdet - INFO - 
+----------+-------+
| category | AP    |
+----------+-------+
| ship     | 0.581 |
+----------+-------+
2026-05-18 15:34:46,842 - mmdet - INFO - The previous best checkpoint /mnt/data7t/liweijie19/code/detection_iptn/work_dirs/pixel_itpn_GFL_hrsid_jpg_large/best_bbox_mAP_50_epoch_5.pth was removed
2026-05-18 15:34:56,249 - mmdet - INFO - Now best checkpoint is saved as best_bbox_mAP_50_epoch_6.pth.
2026-05-18 15:34:56,250 - mmdet - INFO - Best bbox_mAP_50 is 0.8720 at 6 epoch.
2026-05-18 15:34:56,253 - mmdet - INFO - Exp name: pixel_itpn_GFL_hrsid_jpg_large.py
2026-05-18 15:34:56,254 - mmdet - INFO - Epoch(val) [6][327]	bbox_mAP: 0.5770, bbox_mAP_50: 0.8720, bbox_mAP_75: 0.6710, bbox_mAP_s: 0.6040, bbox_mAP_m: 0.4910, bbox_mAP_l: 0.1660, bbox_mAP_copypaste: 0.577 0.872 0.671 0.604 0.491 0.166
2026-05-18 15:36:18,447 - mmdet - INFO - Exp name: pixel_itpn_GFL_hrsid_jpg_large.py
2026-05-18 15:36:18,448 - mmdet - INFO - Epoch(val) [6][82]	loss_cls: 0.2808, loss_bbox: 0.3472, loss_dfl: 0.2232, loss: 0.8512
2026-05-18 15:37:38,071 - mmdet - INFO - Epoch [7][20/152]	lr: 1.737e-04, eta: 4:32:26, time: 3.980, data_time: 0.129, memory: 48815, loss_cls: 0.2545, loss_bbox: 0.3403, loss_dfl: 0.2139, loss: 0.8087, grad_norm: 5.6300
2026-05-18 15:38:55,422 - mmdet - INFO - Epoch [7][40/152]	lr: 1.775e-04, eta: 4:31:39, time: 3.867, data_time: 0.013, memory: 48815, loss_cls: 0.2508, loss_bbox: 0.3501, loss_dfl: 0.2219, loss: 0.8228, grad_norm: 5.3716
2026-05-18 15:40:12,885 - mmdet - INFO - Epoch [7][60/152]	lr: 1.812e-04, eta: 4:30:52, time: 3.873, data_time: 0.013, memory: 48815, loss_cls: 0.2652, loss_bbox: 0.3507, loss_dfl: 0.2193, loss: 0.8353, grad_norm: 5.8872
2026-05-18 15:41:30,275 - mmdet - INFO - Epoch [7][80/152]	lr: 1.849e-04, eta: 4:30:03, time: 3.870, data_time: 0.015, memory: 48815, loss_cls: 0.2448, loss_bbox: 0.3595, loss_dfl: 0.2218, loss: 0.8262, grad_norm: 6.3274
2026-05-18 15:42:47,648 - mmdet - INFO - Epoch [7][100/152]	lr: 1.866e-04, eta: 4:29:13, time: 3.869, data_time: 0.014, memory: 48815, loss_cls: 0.2502, loss_bbox: 0.3265, loss_dfl: 0.2154, loss: 0.7920, grad_norm: 4.6130
2026-05-18 15:44:05,105 - mmdet - INFO - Epoch [7][120/152]	lr: 1.866e-04, eta: 4:28:22, time: 3.873, data_time: 0.015, memory: 48815, loss_cls: 0.2646, loss_bbox: 0.3199, loss_dfl: 0.2198, loss: 0.8043, grad_norm: 4.7769
2026-05-18 15:45:22,622 - mmdet - INFO - Epoch [7][140/152]	lr: 1.866e-04, eta: 4:27:30, time: 3.876, data_time: 0.015, memory: 48815, loss_cls: 0.2466, loss_bbox: 0.3047, loss_dfl: 0.2099, loss: 0.7612, grad_norm: 4.4534
2026-05-18 15:46:08,946 - mmdet - INFO - Saving checkpoint at 7 epochs
2026-05-18 15:53:48,331 - mmdet - INFO - Evaluating bbox...
2026-05-18 15:55:28,299 - mmdet - INFO - 
Average Precision  (AP) @[ IoU=0.50:0.95 | area=   all | maxDets=100 ] = 0.609
Average Precision  (AP) @[ IoU=0.50      | area=   all | maxDets=1000 ] = 0.891
Average Precision  (AP) @[ IoU=0.75      | area=   all | maxDets=1000 ] = 0.711
Average Precision  (AP) @[ IoU=0.50:0.95 | area= small | maxDets=1000 ] = 0.633
Average Precision  (AP) @[ IoU=0.50:0.95 | area=medium | maxDets=1000 ] = 0.535
Average Precision  (AP) @[ IoU=0.50:0.95 | area= large | maxDets=1000 ] = 0.223
Average Recall     (AR) @[ IoU=0.50:0.95 | area=   all | maxDets=100 ] = 0.706
Average Recall     (AR) @[ IoU=0.50:0.95 | area=   all | maxDets=300 ] = 0.724
Average Recall     (AR) @[ IoU=0.50:0.95 | area=   all | maxDets=1000 ] = 0.733
Average Recall     (AR) @[ IoU=0.50:0.95 | area= small | maxDets=1000 ] = 0.735
Average Recall     (AR) @[ IoU=0.50:0.95 | area=medium | maxDets=1000 ] = 0.736
Average Recall     (AR) @[ IoU=0.50:0.95 | area= large | maxDets=1000 ] = 0.568

2026-05-18 15:55:28,299 - mmdet - INFO - 
+----------+-------+
| category | AP    |
+----------+-------+
| ship     | 0.613 |
+----------+-------+
2026-05-18 15:55:29,262 - mmdet - INFO - The previous best checkpoint /mnt/data7t/liweijie19/code/detection_iptn/work_dirs/pixel_itpn_GFL_hrsid_jpg_large/best_bbox_mAP_50_epoch_6.pth was removed
2026-05-18 15:55:36,137 - mmdet - INFO - Now best checkpoint is saved as best_bbox_mAP_50_epoch_7.pth.
2026-05-18 15:55:36,137 - mmdet - INFO - Best bbox_mAP_50 is 0.8910 at 7 epoch.
2026-05-18 15:55:36,140 - mmdet - INFO - Exp name: pixel_itpn_GFL_hrsid_jpg_large.py
2026-05-18 15:55:36,140 - mmdet - INFO - Epoch(val) [7][327]	bbox_mAP: 0.6090, bbox_mAP_50: 0.8910, bbox_mAP_75: 0.7110, bbox_mAP_s: 0.6330, bbox_mAP_m: 0.5350, bbox_mAP_l: 0.2230, bbox_mAP_copypaste: 0.609 0.891 0.711 0.633 0.535 0.223
2026-05-18 15:56:58,760 - mmdet - INFO - Exp name: pixel_itpn_GFL_hrsid_jpg_large.py
2026-05-18 15:56:58,760 - mmdet - INFO - Epoch(val) [7][82]	loss_cls: 0.2414, loss_bbox: 0.3259, loss_dfl: 0.2118, loss: 0.7791
2026-05-18 15:58:18,256 - mmdet - INFO - Epoch [8][20/152]	lr: 1.819e-04, eta: 4:23:05, time: 3.974, data_time: 0.119, memory: 48815, loss_cls: 0.2332, loss_bbox: 0.3235, loss_dfl: 0.2134, loss: 0.7701, grad_norm: 5.3744
2026-05-18 15:59:35,676 - mmdet - INFO - Epoch [8][40/152]	lr: 1.819e-04, eta: 4:22:15, time: 3.871, data_time: 0.015, memory: 48815, loss_cls: 0.2360, loss_bbox: 0.3302, loss_dfl: 0.2158, loss: 0.7820, grad_norm: 4.6883
2026-05-18 16:00:53,241 - mmdet - INFO - Epoch [8][60/152]	lr: 1.819e-04, eta: 4:21:24, time: 3.878, data_time: 0.015, memory: 48815, loss_cls: 0.2445, loss_bbox: 0.3352, loss_dfl: 0.2153, loss: 0.7950, grad_norm: 5.5802
2026-05-18 16:02:10,528 - mmdet - INFO - Epoch [8][80/152]	lr: 1.819e-04, eta: 4:20:32, time: 3.864, data_time: 0.014, memory: 48815, loss_cls: 0.2532, loss_bbox: 0.3074, loss_dfl: 0.2117, loss: 0.7723, grad_norm: 3.8850
2026-05-18 16:03:28,054 - mmdet - INFO - Epoch [8][100/152]	lr: 1.819e-04, eta: 4:19:39, time: 3.876, data_time: 0.015, memory: 48815, loss_cls: 0.2242, loss_bbox: 0.3148, loss_dfl: 0.2056, loss: 0.7447, grad_norm: 3.9629
2026-05-18 16:04:45,506 - mmdet - INFO - Epoch [8][120/152]	lr: 1.819e-04, eta: 4:18:45, time: 3.872, data_time: 0.013, memory: 48815, loss_cls: 0.2474, loss_bbox: 0.2944, loss_dfl: 0.2056, loss: 0.7474, grad_norm: 4.2136
2026-05-18 16:06:02,972 - mmdet - INFO - Epoch [8][140/152]	lr: 1.819e-04, eta: 4:17:51, time: 3.873, data_time: 0.015, memory: 48815, loss_cls: 0.2371, loss_bbox: 0.3231, loss_dfl: 0.2086, loss: 0.7688, grad_norm: 4.1675
2026-05-18 16:06:49,387 - mmdet - INFO - Saving checkpoint at 8 epochs
2026-05-18 16:13:59,638 - mmdet - INFO - Evaluating bbox...
2026-05-18 16:15:33,163 - mmdet - INFO - 
Average Precision  (AP) @[ IoU=0.50:0.95 | area=   all | maxDets=100 ] = 0.620
Average Precision  (AP) @[ IoU=0.50      | area=   all | maxDets=1000 ] = 0.894
Average Precision  (AP) @[ IoU=0.75      | area=   all | maxDets=1000 ] = 0.729
Average Precision  (AP) @[ IoU=0.50:0.95 | area= small | maxDets=1000 ] = 0.647
Average Precision  (AP) @[ IoU=0.50:0.95 | area=medium | maxDets=1000 ] = 0.556
Average Precision  (AP) @[ IoU=0.50:0.95 | area= large | maxDets=1000 ] = 0.220
Average Recall     (AR) @[ IoU=0.50:0.95 | area=   all | maxDets=100 ] = 0.717
Average Recall     (AR) @[ IoU=0.50:0.95 | area=   all | maxDets=300 ] = 0.735
Average Recall     (AR) @[ IoU=0.50:0.95 | area=   all | maxDets=1000 ] = 0.746
Average Recall     (AR) @[ IoU=0.50:0.95 | area= small | maxDets=1000 ] = 0.748
Average Recall     (AR) @[ IoU=0.50:0.95 | area=medium | maxDets=1000 ] = 0.753
Average Recall     (AR) @[ IoU=0.50:0.95 | area= large | maxDets=1000 ] = 0.551

2026-05-18 16:15:33,164 - mmdet - INFO - 
+----------+-------+
| category | AP    |
+----------+-------+
| ship     | 0.624 |
+----------+-------+
2026-05-18 16:15:33,842 - mmdet - INFO - The previous best checkpoint /mnt/data7t/liweijie19/code/detection_iptn/work_dirs/pixel_itpn_GFL_hrsid_jpg_large/best_bbox_mAP_50_epoch_7.pth was removed
2026-05-18 16:15:40,785 - mmdet - INFO - Now best checkpoint is saved as best_bbox_mAP_50_epoch_8.pth.
2026-05-18 16:15:40,785 - mmdet - INFO - Best bbox_mAP_50 is 0.8940 at 8 epoch.
2026-05-18 16:15:40,788 - mmdet - INFO - Exp name: pixel_itpn_GFL_hrsid_jpg_large.py
2026-05-18 16:15:40,788 - mmdet - INFO - Epoch(val) [8][327]	bbox_mAP: 0.6200, bbox_mAP_50: 0.8940, bbox_mAP_75: 0.7290, bbox_mAP_s: 0.6470, bbox_mAP_m: 0.5560, bbox_mAP_l: 0.2200, bbox_mAP_copypaste: 0.620 0.894 0.729 0.647 0.556 0.220
2026-05-18 16:17:03,570 - mmdet - INFO - Exp name: pixel_itpn_GFL_hrsid_jpg_large.py
2026-05-18 16:17:03,571 - mmdet - INFO - Epoch(val) [8][82]	loss_cls: 0.2432, loss_bbox: 0.3132, loss_dfl: 0.2074, loss: 0.7638
2026-05-18 16:18:23,028 - mmdet - INFO - Epoch [9][20/152]	lr: 1.766e-04, eta: 4:13:49, time: 3.971, data_time: 0.123, memory: 48815, loss_cls: 0.2296, loss_bbox: 0.3031, loss_dfl: 0.2052, loss: 0.7379, grad_norm: 4.0558
2026-05-18 16:19:40,510 - mmdet - INFO - Epoch [9][40/152]	lr: 1.766e-04, eta: 4:12:56, time: 3.874, data_time: 0.017, memory: 48815, loss_cls: 0.2330, loss_bbox: 0.2894, loss_dfl: 0.2009, loss: 0.7233, grad_norm: 4.8749
2026-05-18 16:20:58,048 - mmdet - INFO - Epoch [9][60/152]	lr: 1.766e-04, eta: 4:12:02, time: 3.877, data_time: 0.016, memory: 48815, loss_cls: 0.2451, loss_bbox: 0.3057, loss_dfl: 0.2059, loss: 0.7567, grad_norm: 4.0162
2026-05-18 16:22:15,576 - mmdet - INFO - Epoch [9][80/152]	lr: 1.766e-04, eta: 4:11:08, time: 3.877, data_time: 0.017, memory: 48815, loss_cls: 0.2212, loss_bbox: 0.2981, loss_dfl: 0.2022, loss: 0.7215, grad_norm: 3.3582
2026-05-18 16:23:33,038 - mmdet - INFO - Epoch [9][100/152]	lr: 1.766e-04, eta: 4:10:12, time: 3.872, data_time: 0.014, memory: 48815, loss_cls: 0.2244, loss_bbox: 0.3179, loss_dfl: 0.2041, loss: 0.7464, grad_norm: 4.2496
2026-05-18 16:24:50,477 - mmdet - INFO - Epoch [9][120/152]	lr: 1.766e-04, eta: 4:09:16, time: 3.873, data_time: 0.014, memory: 48815, loss_cls: 0.2286, loss_bbox: 0.3048, loss_dfl: 0.2030, loss: 0.7364, grad_norm: 3.9628
2026-05-18 16:26:07,947 - mmdet - INFO - Epoch [9][140/152]	lr: 1.766e-04, eta: 4:08:19, time: 3.873, data_time: 0.016, memory: 48815, loss_cls: 0.2201, loss_bbox: 0.2825, loss_dfl: 0.1981, loss: 0.7007, grad_norm: 4.6327
2026-05-18 16:26:54,460 - mmdet - INFO - Saving checkpoint at 9 epochs
2026-05-18 16:33:52,510 - mmdet - INFO - Evaluating bbox...
2026-05-18 16:35:15,447 - mmdet - INFO - 
Average Precision  (AP) @[ IoU=0.50:0.95 | area=   all | maxDets=100 ] = 0.630
Average Precision  (AP) @[ IoU=0.50      | area=   all | maxDets=1000 ] = 0.898
Average Precision  (AP) @[ IoU=0.75      | area=   all | maxDets=1000 ] = 0.744
Average Precision  (AP) @[ IoU=0.50:0.95 | area= small | maxDets=1000 ] = 0.653
Average Precision  (AP) @[ IoU=0.50:0.95 | area=medium | maxDets=1000 ] = 0.566
Average Precision  (AP) @[ IoU=0.50:0.95 | area= large | maxDets=1000 ] = 0.207
Average Recall     (AR) @[ IoU=0.50:0.95 | area=   all | maxDets=100 ] = 0.724
Average Recall     (AR) @[ IoU=0.50:0.95 | area=   all | maxDets=300 ] = 0.742
Average Recall     (AR) @[ IoU=0.50:0.95 | area=   all | maxDets=1000 ] = 0.754
Average Recall     (AR) @[ IoU=0.50:0.95 | area= small | maxDets=1000 ] = 0.756
Average Recall     (AR) @[ IoU=0.50:0.95 | area=medium | maxDets=1000 ] = 0.756
Average Recall     (AR) @[ IoU=0.50:0.95 | area= large | maxDets=1000 ] = 0.572

2026-05-18 16:35:15,447 - mmdet - INFO - 
+----------+-------+
| category | AP    |
+----------+-------+
| ship     | 0.634 |
+----------+-------+
2026-05-18 16:35:16,268 - mmdet - INFO - The previous best checkpoint /mnt/data7t/liweijie19/code/detection_iptn/work_dirs/pixel_itpn_GFL_hrsid_jpg_large/best_bbox_mAP_50_epoch_8.pth was removed
2026-05-18 16:35:23,181 - mmdet - INFO - Now best checkpoint is saved as best_bbox_mAP_50_epoch_9.pth.
2026-05-18 16:35:23,182 - mmdet - INFO - Best bbox_mAP_50 is 0.8980 at 9 epoch.
2026-05-18 16:35:23,184 - mmdet - INFO - Exp name: pixel_itpn_GFL_hrsid_jpg_large.py
2026-05-18 16:35:23,184 - mmdet - INFO - Epoch(val) [9][327]	bbox_mAP: 0.6300, bbox_mAP_50: 0.8980, bbox_mAP_75: 0.7440, bbox_mAP_s: 0.6530, bbox_mAP_m: 0.5660, bbox_mAP_l: 0.2070, bbox_mAP_copypaste: 0.630 0.898 0.744 0.653 0.566 0.207
2026-05-18 16:36:46,072 - mmdet - INFO - Exp name: pixel_itpn_GFL_hrsid_jpg_large.py
2026-05-18 16:36:46,072 - mmdet - INFO - Epoch(val) [9][82]	loss_cls: 0.2389, loss_bbox: 0.3113, loss_dfl: 0.2052, loss: 0.7553
2026-05-18 16:38:05,664 - mmdet - INFO - Epoch [10][20/152]	lr: 1.707e-04, eta: 4:04:37, time: 3.978, data_time: 0.125, memory: 48815, loss_cls: 0.2530, loss_bbox: 0.2917, loss_dfl: 0.2017, loss: 0.7465, grad_norm: 4.8604
2026-05-18 16:39:23,240 - mmdet - INFO - Epoch [10][40/152]	lr: 1.707e-04, eta: 4:03:41, time: 3.879, data_time: 0.018, memory: 48815, loss_cls: 0.2187, loss_bbox: 0.3076, loss_dfl: 0.1989, loss: 0.7252, grad_norm: 4.1605
2026-05-18 16:40:40,796 - mmdet - INFO - Epoch [10][60/152]	lr: 1.707e-04, eta: 4:02:45, time: 3.878, data_time: 0.018, memory: 48815, loss_cls: 0.2216, loss_bbox: 0.2882, loss_dfl: 0.1985, loss: 0.7084, grad_norm: 3.9336
2026-05-18 16:41:58,438 - mmdet - INFO - Epoch [10][80/152]	lr: 1.707e-04, eta: 4:01:49, time: 3.882, data_time: 0.018, memory: 48815, loss_cls: 0.2235, loss_bbox: 0.2890, loss_dfl: 0.1991, loss: 0.7116, grad_norm: 3.7723
2026-05-18 16:43:15,970 - mmdet - INFO - Epoch [10][100/152]	lr: 1.707e-04, eta: 4:00:52, time: 3.877, data_time: 0.017, memory: 48815, loss_cls: 0.2220, loss_bbox: 0.2994, loss_dfl: 0.2030, loss: 0.7244, grad_norm: 3.8731
2026-05-18 16:44:33,521 - mmdet - INFO - Epoch [10][120/152]	lr: 1.707e-04, eta: 3:59:54, time: 3.878, data_time: 0.017, memory: 48815, loss_cls: 0.2259, loss_bbox: 0.2837, loss_dfl: 0.1978, loss: 0.7073, grad_norm: 3.7601
2026-05-18 16:45:51,031 - mmdet - INFO - Epoch [10][140/152]	lr: 1.707e-04, eta: 3:58:55, time: 3.876, data_time: 0.016, memory: 48815, loss_cls: 0.2258, loss_bbox: 0.2798, loss_dfl: 0.1996, loss: 0.7052, grad_norm: 4.0330
2026-05-18 16:46:37,527 - mmdet - INFO - Saving checkpoint at 10 epochs
2026-05-18 16:54:14,177 - mmdet - INFO - Evaluating bbox...
2026-05-18 16:55:54,447 - mmdet - INFO - 
Average Precision  (AP) @[ IoU=0.50:0.95 | area=   all | maxDets=100 ] = 0.613
Average Precision  (AP) @[ IoU=0.50      | area=   all | maxDets=1000 ] = 0.880
Average Precision  (AP) @[ IoU=0.75      | area=   all | maxDets=1000 ] = 0.713
Average Precision  (AP) @[ IoU=0.50:0.95 | area= small | maxDets=1000 ] = 0.628
Average Precision  (AP) @[ IoU=0.50:0.95 | area=medium | maxDets=1000 ] = 0.595
Average Precision  (AP) @[ IoU=0.50:0.95 | area= large | maxDets=1000 ] = 0.271
Average Recall     (AR) @[ IoU=0.50:0.95 | area=   all | maxDets=100 ] = 0.720
Average Recall     (AR) @[ IoU=0.50:0.95 | area=   all | maxDets=300 ] = 0.738
Average Recall     (AR) @[ IoU=0.50:0.95 | area=   all | maxDets=1000 ] = 0.748
Average Recall     (AR) @[ IoU=0.50:0.95 | area= small | maxDets=1000 ] = 0.747
Average Recall     (AR) @[ IoU=0.50:0.95 | area=medium | maxDets=1000 ] = 0.777
Average Recall     (AR) @[ IoU=0.50:0.95 | area= large | maxDets=1000 ] = 0.599

2026-05-18 16:55:54,447 - mmdet - INFO - 
+----------+-------+
| category | AP    |
+----------+-------+
| ship     | 0.616 |
+----------+-------+
2026-05-18 16:55:54,880 - mmdet - INFO - Exp name: pixel_itpn_GFL_hrsid_jpg_large.py
2026-05-18 16:55:54,880 - mmdet - INFO - Epoch(val) [10][327]	bbox_mAP: 0.6130, bbox_mAP_50: 0.8800, bbox_mAP_75: 0.7130, bbox_mAP_s: 0.6280, bbox_mAP_m: 0.5950, bbox_mAP_l: 0.2710, bbox_mAP_copypaste: 0.613 0.880 0.713 0.628 0.595 0.271
2026-05-18 16:57:17,588 - mmdet - INFO - Exp name: pixel_itpn_GFL_hrsid_jpg_large.py
2026-05-18 16:57:17,588 - mmdet - INFO - Epoch(val) [10][82]	loss_cls: 0.2700, loss_bbox: 0.3061, loss_dfl: 0.1982, loss: 0.7744
2026-05-18 16:58:37,326 - mmdet - INFO - Epoch [11][20/152]	lr: 1.643e-04, eta: 3:55:28, time: 3.986, data_time: 0.124, memory: 48815, loss_cls: 0.2167, loss_bbox: 0.2594, loss_dfl: 0.1895, loss: 0.6656, grad_norm: 3.5656
2026-05-18 16:59:54,867 - mmdet - INFO - Epoch [11][40/152]	lr: 1.643e-04, eta: 3:54:30, time: 3.877, data_time: 0.018, memory: 48815, loss_cls: 0.2131, loss_bbox: 0.2944, loss_dfl: 0.1973, loss: 0.7048, grad_norm: 3.8454
2026-05-18 17:01:12,409 - mmdet - INFO - Epoch [11][60/152]	lr: 1.643e-04, eta: 3:53:32, time: 3.877, data_time: 0.017, memory: 48815, loss_cls: 0.2312, loss_bbox: 0.2728, loss_dfl: 0.1986, loss: 0.7027, grad_norm: 3.7431
2026-05-18 17:02:29,868 - mmdet - INFO - Epoch [11][80/152]	lr: 1.643e-04, eta: 3:52:33, time: 3.873, data_time: 0.017, memory: 48815, loss_cls: 0.2098, loss_bbox: 0.2860, loss_dfl: 0.1981, loss: 0.6939, grad_norm: 3.9569
2026-05-18 17:03:47,171 - mmdet - INFO - Epoch [11][100/152]	lr: 1.643e-04, eta: 3:51:33, time: 3.865, data_time: 0.016, memory: 48815, loss_cls: 0.2054, loss_bbox: 0.2898, loss_dfl: 0.1967, loss: 0.6919, grad_norm: 3.3106
2026-05-18 17:05:04,656 - mmdet - INFO - Epoch [11][120/152]	lr: 1.643e-04, eta: 3:50:34, time: 3.874, data_time: 0.017, memory: 48815, loss_cls: 0.2067, loss_bbox: 0.2846, loss_dfl: 0.1952, loss: 0.6865, grad_norm: 3.8503
2026-05-18 17:06:21,911 - mmdet - INFO - Epoch [11][140/152]	lr: 1.643e-04, eta: 3:49:33, time: 3.863, data_time: 0.016, memory: 48815, loss_cls: 0.2054, loss_bbox: 0.2765, loss_dfl: 0.1949, loss: 0.6767, grad_norm: 3.3217
2026-05-18 17:07:08,292 - mmdet - INFO - Saving checkpoint at 11 epochs
2026-05-18 17:13:43,598 - mmdet - INFO - Evaluating bbox...
2026-05-18 17:14:49,870 - mmdet - INFO - 
Average Precision  (AP) @[ IoU=0.50:0.95 | area=   all | maxDets=100 ] = 0.656
Average Precision  (AP) @[ IoU=0.50      | area=   all | maxDets=1000 ] = 0.912
Average Precision  (AP) @[ IoU=0.75      | area=   all | maxDets=1000 ] = 0.770
Average Precision  (AP) @[ IoU=0.50:0.95 | area= small | maxDets=1000 ] = 0.680
Average Precision  (AP) @[ IoU=0.50:0.95 | area=medium | maxDets=1000 ] = 0.600
Average Precision  (AP) @[ IoU=0.50:0.95 | area= large | maxDets=1000 ] = 0.328
Average Recall     (AR) @[ IoU=0.50:0.95 | area=   all | maxDets=100 ] = 0.746
Average Recall     (AR) @[ IoU=0.50:0.95 | area=   all | maxDets=300 ] = 0.764
Average Recall     (AR) @[ IoU=0.50:0.95 | area=   all | maxDets=1000 ] = 0.772
Average Recall     (AR) @[ IoU=0.50:0.95 | area= small | maxDets=1000 ] = 0.773
Average Recall     (AR) @[ IoU=0.50:0.95 | area=medium | maxDets=1000 ] = 0.784
Average Recall     (AR) @[ IoU=0.50:0.95 | area= large | maxDets=1000 ] = 0.625

2026-05-18 17:14:49,871 - mmdet - INFO - 
+----------+-------+
| category | AP    |
+----------+-------+
| ship     | 0.659 |
+----------+-------+
2026-05-18 17:14:50,411 - mmdet - INFO - The previous best checkpoint /mnt/data7t/liweijie19/code/detection_iptn/work_dirs/pixel_itpn_GFL_hrsid_jpg_large/best_bbox_mAP_50_epoch_9.pth was removed
2026-05-18 17:14:57,343 - mmdet - INFO - Now best checkpoint is saved as best_bbox_mAP_50_epoch_11.pth.
2026-05-18 17:14:57,343 - mmdet - INFO - Best bbox_mAP_50 is 0.9120 at 11 epoch.
2026-05-18 17:14:57,345 - mmdet - INFO - Exp name: pixel_itpn_GFL_hrsid_jpg_large.py
2026-05-18 17:14:57,345 - mmdet - INFO - Epoch(val) [11][327]	bbox_mAP: 0.6560, bbox_mAP_50: 0.9120, bbox_mAP_75: 0.7700, bbox_mAP_s: 0.6800, bbox_mAP_m: 0.6000, bbox_mAP_l: 0.3280, bbox_mAP_copypaste: 0.656 0.912 0.770 0.680 0.600 0.328
2026-05-18 17:16:19,983 - mmdet - INFO - Exp name: pixel_itpn_GFL_hrsid_jpg_large.py
2026-05-18 17:16:19,984 - mmdet - INFO - Epoch(val) [11][82]	loss_cls: 0.2190, loss_bbox: 0.2934, loss_dfl: 0.2026, loss: 0.7150
2026-05-18 17:17:39,637 - mmdet - INFO - Epoch [12][20/152]	lr: 1.574e-04, eta: 3:46:17, time: 3.982, data_time: 0.122, memory: 48815, loss_cls: 0.2053, loss_bbox: 0.2768, loss_dfl: 0.1943, loss: 0.6764, grad_norm: 3.5347
2026-05-18 17:18:57,148 - mmdet - INFO - Epoch [12][40/152]	lr: 1.574e-04, eta: 3:45:18, time: 3.876, data_time: 0.017, memory: 48815, loss_cls: 0.2058, loss_bbox: 0.2837, loss_dfl: 0.1944, loss: 0.6839, grad_norm: 3.2586
2026-05-18 17:20:14,666 - mmdet - INFO - Epoch [12][60/152]	lr: 1.574e-04, eta: 3:44:18, time: 3.876, data_time: 0.017, memory: 48815, loss_cls: 0.2068, loss_bbox: 0.2633, loss_dfl: 0.1899, loss: 0.6601, grad_norm: 3.3361
2026-05-18 17:21:32,106 - mmdet - INFO - Epoch [12][80/152]	lr: 1.574e-04, eta: 3:43:18, time: 3.871, data_time: 0.012, memory: 48815, loss_cls: 0.2057, loss_bbox: 0.2631, loss_dfl: 0.1871, loss: 0.6559, grad_norm: 4.1339
2026-05-18 17:22:49,474 - mmdet - INFO - Epoch [12][100/152]	lr: 1.574e-04, eta: 3:42:17, time: 3.868, data_time: 0.012, memory: 48815, loss_cls: 0.2312, loss_bbox: 0.2632, loss_dfl: 0.1922, loss: 0.6866, grad_norm: 3.7993
2026-05-18 17:24:06,970 - mmdet - INFO - Epoch [12][120/152]	lr: 1.574e-04, eta: 3:41:16, time: 3.875, data_time: 0.016, memory: 48815, loss_cls: 0.2052, loss_bbox: 0.2681, loss_dfl: 0.1871, loss: 0.6604, grad_norm: 3.5737
2026-05-18 17:25:24,345 - mmdet - INFO - Epoch [12][140/152]	lr: 1.574e-04, eta: 3:40:14, time: 3.869, data_time: 0.012, memory: 48815, loss_cls: 0.2188, loss_bbox: 0.2747, loss_dfl: 0.1952, loss: 0.6888, grad_norm: 3.8871
2026-05-18 17:26:10,888 - mmdet - INFO - Saving checkpoint at 12 epochs
2026-05-18 17:32:48,183 - mmdet - INFO - Evaluating bbox...
2026-05-18 17:34:28,400 - mmdet - INFO - 
Average Precision  (AP) @[ IoU=0.50:0.95 | area=   all | maxDets=100 ] = 0.650
Average Precision  (AP) @[ IoU=0.50      | area=   all | maxDets=1000 ] = 0.914
Average Precision  (AP) @[ IoU=0.75      | area=   all | maxDets=1000 ] = 0.760
Average Precision  (AP) @[ IoU=0.50:0.95 | area= small | maxDets=1000 ] = 0.671
Average Precision  (AP) @[ IoU=0.50:0.95 | area=medium | maxDets=1000 ] = 0.593
Average Precision  (AP) @[ IoU=0.50:0.95 | area= large | maxDets=1000 ] = 0.331
Average Recall     (AR) @[ IoU=0.50:0.95 | area=   all | maxDets=100 ] = 0.744
Average Recall     (AR) @[ IoU=0.50:0.95 | area=   all | maxDets=300 ] = 0.761
Average Recall     (AR) @[ IoU=0.50:0.95 | area=   all | maxDets=1000 ] = 0.770
Average Recall     (AR) @[ IoU=0.50:0.95 | area= small | maxDets=1000 ] = 0.770
Average Recall     (AR) @[ IoU=0.50:0.95 | area=medium | maxDets=1000 ] = 0.793
Average Recall     (AR) @[ IoU=0.50:0.95 | area= large | maxDets=1000 ] = 0.624

2026-05-18 17:34:28,401 - mmdet - INFO - 
+----------+-------+
| category | AP    |
+----------+-------+
| ship     | 0.654 |
+----------+-------+
2026-05-18 17:34:29,299 - mmdet - INFO - The previous best checkpoint /mnt/data7t/liweijie19/code/detection_iptn/work_dirs/pixel_itpn_GFL_hrsid_jpg_large/best_bbox_mAP_50_epoch_11.pth was removed
2026-05-18 17:34:38,551 - mmdet - INFO - Now best checkpoint is saved as best_bbox_mAP_50_epoch_12.pth.
2026-05-18 17:34:38,552 - mmdet - INFO - Best bbox_mAP_50 is 0.9140 at 12 epoch.
2026-05-18 17:34:38,554 - mmdet - INFO - Exp name: pixel_itpn_GFL_hrsid_jpg_large.py
2026-05-18 17:34:38,554 - mmdet - INFO - Epoch(val) [12][327]	bbox_mAP: 0.6500, bbox_mAP_50: 0.9140, bbox_mAP_75: 0.7600, bbox_mAP_s: 0.6710, bbox_mAP_m: 0.5930, bbox_mAP_l: 0.3310, bbox_mAP_copypaste: 0.650 0.914 0.760 0.671 0.593 0.331
2026-05-18 17:36:01,668 - mmdet - INFO - Exp name: pixel_itpn_GFL_hrsid_jpg_large.py
2026-05-18 17:36:01,668 - mmdet - INFO - Epoch(val) [12][82]	loss_cls: 0.2125, loss_bbox: 0.2899, loss_dfl: 0.1966, loss: 0.6990
2026-05-18 17:37:21,416 - mmdet - INFO - Epoch [13][20/152]	lr: 1.500e-04, eta: 3:37:08, time: 3.986, data_time: 0.126, memory: 48815, loss_cls: 0.1990, loss_bbox: 0.2618, loss_dfl: 0.1896, loss: 0.6503, grad_norm: 3.8276
2026-05-18 17:38:38,930 - mmdet - INFO - Epoch [13][40/152]	lr: 1.500e-04, eta: 3:36:07, time: 3.876, data_time: 0.015, memory: 48815, loss_cls: 0.1947, loss_bbox: 0.2549, loss_dfl: 0.1869, loss: 0.6365, grad_norm: 3.3182
2026-05-18 17:39:56,618 - mmdet - INFO - Epoch [13][60/152]	lr: 1.500e-04, eta: 3:35:06, time: 3.884, data_time: 0.014, memory: 48815, loss_cls: 0.1908, loss_bbox: 0.2604, loss_dfl: 0.1848, loss: 0.6360, grad_norm: 3.7082
2026-05-18 17:41:14,145 - mmdet - INFO - Epoch [13][80/152]	lr: 1.500e-04, eta: 3:34:05, time: 3.876, data_time: 0.015, memory: 48815, loss_cls: 0.2128, loss_bbox: 0.2705, loss_dfl: 0.1924, loss: 0.6756, grad_norm: 3.8219
2026-05-18 17:42:31,734 - mmdet - INFO - Epoch [13][100/152]	lr: 1.500e-04, eta: 3:33:03, time: 3.879, data_time: 0.017, memory: 48815, loss_cls: 0.1959, loss_bbox: 0.2536, loss_dfl: 0.1853, loss: 0.6347, grad_norm: 3.4538
2026-05-18 17:43:49,350 - mmdet - INFO - Epoch [13][120/152]	lr: 1.500e-04, eta: 3:32:01, time: 3.881, data_time: 0.018, memory: 48815, loss_cls: 0.2010, loss_bbox: 0.2651, loss_dfl: 0.1880, loss: 0.6540, grad_norm: 3.4422
2026-05-18 17:45:06,879 - mmdet - INFO - Epoch [13][140/152]	lr: 1.500e-04, eta: 3:30:59, time: 3.877, data_time: 0.015, memory: 48815, loss_cls: 0.2073, loss_bbox: 0.2522, loss_dfl: 0.1890, loss: 0.6485, grad_norm: 3.3109
2026-05-18 17:45:53,498 - mmdet - INFO - Saving checkpoint at 13 epochs
2026-05-18 17:52:39,592 - mmdet - INFO - Evaluating bbox...
2026-05-18 17:53:43,339 - mmdet - INFO - 
Average Precision  (AP) @[ IoU=0.50:0.95 | area=   all | maxDets=100 ] = 0.671
Average Precision  (AP) @[ IoU=0.50      | area=   all | maxDets=1000 ] = 0.917
Average Precision  (AP) @[ IoU=0.75      | area=   all | maxDets=1000 ] = 0.793
Average Precision  (AP) @[ IoU=0.50:0.95 | area= small | maxDets=1000 ] = 0.692
Average Precision  (AP) @[ IoU=0.50:0.95 | area=medium | maxDets=1000 ] = 0.612
Average Precision  (AP) @[ IoU=0.50:0.95 | area= large | maxDets=1000 ] = 0.379
Average Recall     (AR) @[ IoU=0.50:0.95 | area=   all | maxDets=100 ] = 0.761
Average Recall     (AR) @[ IoU=0.50:0.95 | area=   all | maxDets=300 ] = 0.778
Average Recall     (AR) @[ IoU=0.50:0.95 | area=   all | maxDets=1000 ] = 0.786
Average Recall     (AR) @[ IoU=0.50:0.95 | area= small | maxDets=1000 ] = 0.786
Average Recall     (AR) @[ IoU=0.50:0.95 | area=medium | maxDets=1000 ] = 0.801
Average Recall     (AR) @[ IoU=0.50:0.95 | area= large | maxDets=1000 ] = 0.650

2026-05-18 17:53:43,339 - mmdet - INFO - 
+----------+-------+
| category | AP    |
+----------+-------+
| ship     | 0.675 |
+----------+-------+
2026-05-18 17:53:43,990 - mmdet - INFO - The previous best checkpoint /mnt/data7t/liweijie19/code/detection_iptn/work_dirs/pixel_itpn_GFL_hrsid_jpg_large/best_bbox_mAP_50_epoch_12.pth was removed
2026-05-18 17:53:50,803 - mmdet - INFO - Now best checkpoint is saved as best_bbox_mAP_50_epoch_13.pth.
2026-05-18 17:53:50,803 - mmdet - INFO - Best bbox_mAP_50 is 0.9170 at 13 epoch.
2026-05-18 17:53:50,806 - mmdet - INFO - Exp name: pixel_itpn_GFL_hrsid_jpg_large.py
2026-05-18 17:53:50,806 - mmdet - INFO - Epoch(val) [13][327]	bbox_mAP: 0.6710, bbox_mAP_50: 0.9170, bbox_mAP_75: 0.7930, bbox_mAP_s: 0.6920, bbox_mAP_m: 0.6120, bbox_mAP_l: 0.3790, bbox_mAP_copypaste: 0.671 0.917 0.793 0.692 0.612 0.379
2026-05-18 17:55:13,705 - mmdet - INFO - Exp name: pixel_itpn_GFL_hrsid_jpg_large.py
2026-05-18 17:55:13,705 - mmdet - INFO - Epoch(val) [13][82]	loss_cls: 0.2314, loss_bbox: 0.2737, loss_dfl: 0.1934, loss: 0.6985
2026-05-18 17:56:33,718 - mmdet - INFO - Epoch [14][20/152]	lr: 1.423e-04, eta: 3:28:02, time: 3.998, data_time: 0.121, memory: 48815, loss_cls: 0.1975, loss_bbox: 0.2487, loss_dfl: 0.1837, loss: 0.6300, grad_norm: 4.2562
2026-05-18 17:57:51,290 - mmdet - INFO - Epoch [14][40/152]	lr: 1.423e-04, eta: 3:27:00, time: 3.880, data_time: 0.014, memory: 48815, loss_cls: 0.2145, loss_bbox: 0.2775, loss_dfl: 0.1905, loss: 0.6824, grad_norm: 4.5244
2026-05-18 17:59:08,903 - mmdet - INFO - Epoch [14][60/152]	lr: 1.423e-04, eta: 3:25:57, time: 3.881, data_time: 0.016, memory: 48815, loss_cls: 0.1938, loss_bbox: 0.2531, loss_dfl: 0.1859, loss: 0.6328, grad_norm: 3.1500
2026-05-18 18:00:26,504 - mmdet - INFO - Epoch [14][80/152]	lr: 1.423e-04, eta: 3:24:55, time: 3.880, data_time: 0.016, memory: 48815, loss_cls: 0.1895, loss_bbox: 0.2632, loss_dfl: 0.1843, loss: 0.6370, grad_norm: 3.6240
2026-05-18 18:01:44,177 - mmdet - INFO - Epoch [14][100/152]	lr: 1.423e-04, eta: 3:23:52, time: 3.884, data_time: 0.016, memory: 48815, loss_cls: 0.1988, loss_bbox: 0.2483, loss_dfl: 0.1875, loss: 0.6346, grad_norm: 3.3270
2026-05-18 18:03:01,867 - mmdet - INFO - Epoch [14][120/152]	lr: 1.423e-04, eta: 3:22:49, time: 3.885, data_time: 0.016, memory: 48815, loss_cls: 0.1832, loss_bbox: 0.2529, loss_dfl: 0.1799, loss: 0.6161, grad_norm: 3.3946
2026-05-18 18:04:19,521 - mmdet - INFO - Epoch [14][140/152]	lr: 1.423e-04, eta: 3:21:46, time: 3.883, data_time: 0.017, memory: 48815, loss_cls: 0.2093, loss_bbox: 0.2472, loss_dfl: 0.1833, loss: 0.6398, grad_norm: 4.3882
2026-05-18 18:05:06,152 - mmdet - INFO - Saving checkpoint at 14 epochs
2026-05-18 18:12:02,749 - mmdet - INFO - Evaluating bbox...
2026-05-18 18:13:08,598 - mmdet - INFO - 
Average Precision  (AP) @[ IoU=0.50:0.95 | area=   all | maxDets=100 ] = 0.674
Average Precision  (AP) @[ IoU=0.50      | area=   all | maxDets=1000 ] = 0.926
Average Precision  (AP) @[ IoU=0.75      | area=   all | maxDets=1000 ] = 0.783
Average Precision  (AP) @[ IoU=0.50:0.95 | area= small | maxDets=1000 ] = 0.693
Average Precision  (AP) @[ IoU=0.50:0.95 | area=medium | maxDets=1000 ] = 0.627
Average Precision  (AP) @[ IoU=0.50:0.95 | area= large | maxDets=1000 ] = 0.333
Average Recall     (AR) @[ IoU=0.50:0.95 | area=   all | maxDets=100 ] = 0.762
Average Recall     (AR) @[ IoU=0.50:0.95 | area=   all | maxDets=300 ] = 0.775
Average Recall     (AR) @[ IoU=0.50:0.95 | area=   all | maxDets=1000 ] = 0.782
Average Recall     (AR) @[ IoU=0.50:0.95 | area= small | maxDets=1000 ] = 0.782
Average Recall     (AR) @[ IoU=0.50:0.95 | area=medium | maxDets=1000 ] = 0.801
Average Recall     (AR) @[ IoU=0.50:0.95 | area= large | maxDets=1000 ] = 0.672

2026-05-18 18:13:08,599 - mmdet - INFO - 
+----------+-------+
| category | AP    |
+----------+-------+
| ship     | 0.677 |
+----------+-------+
2026-05-18 18:13:09,263 - mmdet - INFO - The previous best checkpoint /mnt/data7t/liweijie19/code/detection_iptn/work_dirs/pixel_itpn_GFL_hrsid_jpg_large/best_bbox_mAP_50_epoch_13.pth was removed
2026-05-18 18:13:16,057 - mmdet - INFO - Now best checkpoint is saved as best_bbox_mAP_50_epoch_14.pth.
2026-05-18 18:13:16,058 - mmdet - INFO - Best bbox_mAP_50 is 0.9260 at 14 epoch.
2026-05-18 18:13:16,060 - mmdet - INFO - Exp name: pixel_itpn_GFL_hrsid_jpg_large.py
2026-05-18 18:13:16,060 - mmdet - INFO - Epoch(val) [14][327]	bbox_mAP: 0.6740, bbox_mAP_50: 0.9260, bbox_mAP_75: 0.7830, bbox_mAP_s: 0.6930, bbox_mAP_m: 0.6270, bbox_mAP_l: 0.3330, bbox_mAP_copypaste: 0.674 0.926 0.783 0.693 0.627 0.333
2026-05-18 18:14:39,400 - mmdet - INFO - Exp name: pixel_itpn_GFL_hrsid_jpg_large.py
2026-05-18 18:14:39,400 - mmdet - INFO - Epoch(val) [14][82]	loss_cls: 0.2186, loss_bbox: 0.2774, loss_dfl: 0.1928, loss: 0.6887
2026-05-18 18:15:59,122 - mmdet - INFO - Epoch [15][20/152]	lr: 1.342e-04, eta: 3:18:55, time: 3.985, data_time: 0.120, memory: 48815, loss_cls: 0.1858, loss_bbox: 0.2480, loss_dfl: 0.1816, loss: 0.6154, grad_norm: 3.1676
2026-05-18 18:17:16,852 - mmdet - INFO - Epoch [15][40/152]	lr: 1.342e-04, eta: 3:17:52, time: 3.886, data_time: 0.017, memory: 48815, loss_cls: 0.1913, loss_bbox: 0.2438, loss_dfl: 0.1806, loss: 0.6157, grad_norm: 4.1629
2026-05-18 18:18:34,558 - mmdet - INFO - Epoch [15][60/152]	lr: 1.342e-04, eta: 3:16:49, time: 3.885, data_time: 0.017, memory: 48815, loss_cls: 0.2000, loss_bbox: 0.2487, loss_dfl: 0.1826, loss: 0.6314, grad_norm: 3.6621
2026-05-18 18:19:52,281 - mmdet - INFO - Epoch [15][80/152]	lr: 1.342e-04, eta: 3:15:46, time: 3.886, data_time: 0.018, memory: 48815, loss_cls: 0.1766, loss_bbox: 0.2513, loss_dfl: 0.1835, loss: 0.6114, grad_norm: 3.2929
2026-05-18 18:21:09,886 - mmdet - INFO - Epoch [15][100/152]	lr: 1.342e-04, eta: 3:14:42, time: 3.880, data_time: 0.016, memory: 48815, loss_cls: 0.1920, loss_bbox: 0.2385, loss_dfl: 0.1818, loss: 0.6123, grad_norm: 3.2640
2026-05-18 18:22:27,527 - mmdet - INFO - Epoch [15][120/152]	lr: 1.342e-04, eta: 3:13:38, time: 3.883, data_time: 0.013, memory: 48815, loss_cls: 0.1865, loss_bbox: 0.2486, loss_dfl: 0.1801, loss: 0.6152, grad_norm: 3.5728
2026-05-18 18:23:45,190 - mmdet - INFO - Epoch [15][140/152]	lr: 1.342e-04, eta: 3:12:34, time: 3.883, data_time: 0.016, memory: 48815, loss_cls: 0.1945, loss_bbox: 0.2599, loss_dfl: 0.1901, loss: 0.6445, grad_norm: 3.5088
2026-05-18 18:24:31,858 - mmdet - INFO - Saving checkpoint at 15 epochs
2026-05-18 18:31:23,106 - mmdet - INFO - Evaluating bbox...
2026-05-18 18:32:29,132 - mmdet - INFO - 
Average Precision  (AP) @[ IoU=0.50:0.95 | area=   all | maxDets=100 ] = 0.686
Average Precision  (AP) @[ IoU=0.50      | area=   all | maxDets=1000 ] = 0.924
Average Precision  (AP) @[ IoU=0.75      | area=   all | maxDets=1000 ] = 0.802
Average Precision  (AP) @[ IoU=0.50:0.95 | area= small | maxDets=1000 ] = 0.707
Average Precision  (AP) @[ IoU=0.50:0.95 | area=medium | maxDets=1000 ] = 0.634
Average Precision  (AP) @[ IoU=0.50:0.95 | area= large | maxDets=1000 ] = 0.355
Average Recall     (AR) @[ IoU=0.50:0.95 | area=   all | maxDets=100 ] = 0.771
Average Recall     (AR) @[ IoU=0.50:0.95 | area=   all | maxDets=300 ] = 0.787
Average Recall     (AR) @[ IoU=0.50:0.95 | area=   all | maxDets=1000 ] = 0.793
Average Recall     (AR) @[ IoU=0.50:0.95 | area= small | maxDets=1000 ] = 0.793
Average Recall     (AR) @[ IoU=0.50:0.95 | area=medium | maxDets=1000 ] = 0.811
Average Recall     (AR) @[ IoU=0.50:0.95 | area= large | maxDets=1000 ] = 0.655

2026-05-18 18:32:29,133 - mmdet - INFO - 
+----------+-------+
| category | AP    |
+----------+-------+
| ship     | 0.689 |
+----------+-------+
2026-05-18 18:32:29,438 - mmdet - INFO - Exp name: pixel_itpn_GFL_hrsid_jpg_large.py
2026-05-18 18:32:29,438 - mmdet - INFO - Epoch(val) [15][327]	bbox_mAP: 0.6860, bbox_mAP_50: 0.9240, bbox_mAP_75: 0.8020, bbox_mAP_s: 0.7070, bbox_mAP_m: 0.6340, bbox_mAP_l: 0.3550, bbox_mAP_copypaste: 0.686 0.924 0.802 0.707 0.634 0.355
2026-05-18 18:33:52,098 - mmdet - INFO - Exp name: pixel_itpn_GFL_hrsid_jpg_large.py
2026-05-18 18:33:52,098 - mmdet - INFO - Epoch(val) [15][82]	loss_cls: 0.2133, loss_bbox: 0.2662, loss_dfl: 0.1894, loss: 0.6689
2026-05-18 18:35:12,054 - mmdet - INFO - Epoch [16][20/152]	lr: 1.259e-04, eta: 3:09:50, time: 3.997, data_time: 0.124, memory: 48815, loss_cls: 0.1869, loss_bbox: 0.2422, loss_dfl: 0.1836, loss: 0.6127, grad_norm: 3.0999
2026-05-18 18:36:29,857 - mmdet - INFO - Epoch [16][40/152]	lr: 1.259e-04, eta: 3:08:46, time: 3.890, data_time: 0.019, memory: 48815, loss_cls: 0.1657, loss_bbox: 0.2523, loss_dfl: 0.1797, loss: 0.5977, grad_norm: 2.8050
2026-05-18 18:37:47,585 - mmdet - INFO - Epoch [16][60/152]	lr: 1.259e-04, eta: 3:07:42, time: 3.886, data_time: 0.015, memory: 48815, loss_cls: 0.1876, loss_bbox: 0.2380, loss_dfl: 0.1809, loss: 0.6065, grad_norm: 3.8246
2026-05-18 18:39:05,296 - mmdet - INFO - Epoch [16][80/152]	lr: 1.259e-04, eta: 3:06:38, time: 3.885, data_time: 0.016, memory: 48815, loss_cls: 0.1842, loss_bbox: 0.2320, loss_dfl: 0.1802, loss: 0.5964, grad_norm: 3.1282
2026-05-18 18:40:22,988 - mmdet - INFO - Epoch [16][100/152]	lr: 1.259e-04, eta: 3:05:33, time: 3.885, data_time: 0.014, memory: 48815, loss_cls: 0.1904, loss_bbox: 0.2455, loss_dfl: 0.1810, loss: 0.6169, grad_norm: 3.2012
2026-05-18 18:41:40,579 - mmdet - INFO - Epoch [16][120/152]	lr: 1.259e-04, eta: 3:04:28, time: 3.879, data_time: 0.016, memory: 48815, loss_cls: 0.1798, loss_bbox: 0.2444, loss_dfl: 0.1811, loss: 0.6053, grad_norm: 2.9384
2026-05-18 18:42:58,166 - mmdet - INFO - Epoch [16][140/152]	lr: 1.259e-04, eta: 3:03:23, time: 3.879, data_time: 0.012, memory: 48815, loss_cls: 0.1757, loss_bbox: 0.2345, loss_dfl: 0.1802, loss: 0.5903, grad_norm: 3.0920
2026-05-18 18:43:44,776 - mmdet - INFO - Saving checkpoint at 16 epochs
2026-05-18 18:50:44,593 - mmdet - INFO - Evaluating bbox...
2026-05-18 18:53:10,325 - mmdet - INFO - 
Average Precision  (AP) @[ IoU=0.50:0.95 | area=   all | maxDets=100 ] = 0.681
Average Precision  (AP) @[ IoU=0.50      | area=   all | maxDets=1000 ] = 0.922
Average Precision  (AP) @[ IoU=0.75      | area=   all | maxDets=1000 ] = 0.800
Average Precision  (AP) @[ IoU=0.50:0.95 | area= small | maxDets=1000 ] = 0.703
Average Precision  (AP) @[ IoU=0.50:0.95 | area=medium | maxDets=1000 ] = 0.641
Average Precision  (AP) @[ IoU=0.50:0.95 | area= large | maxDets=1000 ] = 0.352
Average Recall     (AR) @[ IoU=0.50:0.95 | area=   all | maxDets=100 ] = 0.768
Average Recall     (AR) @[ IoU=0.50:0.95 | area=   all | maxDets=300 ] = 0.783
Average Recall     (AR) @[ IoU=0.50:0.95 | area=   all | maxDets=1000 ] = 0.791
Average Recall     (AR) @[ IoU=0.50:0.95 | area= small | maxDets=1000 ] = 0.791
Average Recall     (AR) @[ IoU=0.50:0.95 | area=medium | maxDets=1000 ] = 0.805
Average Recall     (AR) @[ IoU=0.50:0.95 | area= large | maxDets=1000 ] = 0.663

2026-05-18 18:53:10,326 - mmdet - INFO - 
+----------+-------+
| category | AP    |
+----------+-------+
| ship     | 0.684 |
+----------+-------+
2026-05-18 18:53:11,165 - mmdet - INFO - Exp name: pixel_itpn_GFL_hrsid_jpg_large.py
2026-05-18 18:53:11,165 - mmdet - INFO - Epoch(val) [16][327]	bbox_mAP: 0.6810, bbox_mAP_50: 0.9220, bbox_mAP_75: 0.8000, bbox_mAP_s: 0.7030, bbox_mAP_m: 0.6410, bbox_mAP_l: 0.3520, bbox_mAP_copypaste: 0.681 0.922 0.800 0.703 0.641 0.352
2026-05-18 18:54:34,291 - mmdet - INFO - Exp name: pixel_itpn_GFL_hrsid_jpg_large.py
2026-05-18 18:54:34,292 - mmdet - INFO - Epoch(val) [16][82]	loss_cls: 0.2080, loss_bbox: 0.2733, loss_dfl: 0.1906, loss: 0.6719
2026-05-18 18:55:54,173 - mmdet - INFO - Epoch [17][20/152]	lr: 1.174e-04, eta: 3:00:44, time: 3.993, data_time: 0.125, memory: 48815, loss_cls: 0.1627, loss_bbox: 0.2561, loss_dfl: 0.1788, loss: 0.5976, grad_norm: 3.0502
2026-05-18 18:57:11,946 - mmdet - INFO - Epoch [17][40/152]	lr: 1.174e-04, eta: 2:59:39, time: 3.888, data_time: 0.017, memory: 48815, loss_cls: 0.1722, loss_bbox: 0.2310, loss_dfl: 0.1815, loss: 0.5847, grad_norm: 3.3125
2026-05-18 18:58:29,636 - mmdet - INFO - Epoch [17][60/152]	lr: 1.174e-04, eta: 2:58:35, time: 3.884, data_time: 0.013, memory: 48815, loss_cls: 0.1703, loss_bbox: 0.2448, loss_dfl: 0.1813, loss: 0.5965, grad_norm: 3.0239
2026-05-18 18:59:47,411 - mmdet - INFO - Epoch [17][80/152]	lr: 1.174e-04, eta: 2:57:30, time: 3.890, data_time: 0.016, memory: 48815, loss_cls: 0.1695, loss_bbox: 0.2265, loss_dfl: 0.1746, loss: 0.5706, grad_norm: 3.1394
2026-05-18 19:01:05,202 - mmdet - INFO - Epoch [17][100/152]	lr: 1.174e-04, eta: 2:56:24, time: 3.890, data_time: 0.014, memory: 48815, loss_cls: 0.1765, loss_bbox: 0.2436, loss_dfl: 0.1797, loss: 0.5998, grad_norm: 3.6346
2026-05-18 19:02:22,897 - mmdet - INFO - Epoch [17][120/152]	lr: 1.174e-04, eta: 2:55:19, time: 3.885, data_time: 0.014, memory: 48815, loss_cls: 0.1807, loss_bbox: 0.2338, loss_dfl: 0.1824, loss: 0.5969, grad_norm: 2.9110
2026-05-18 19:03:40,710 - mmdet - INFO - Epoch [17][140/152]	lr: 1.174e-04, eta: 2:54:13, time: 3.891, data_time: 0.015, memory: 48815, loss_cls: 0.1734, loss_bbox: 0.2321, loss_dfl: 0.1760, loss: 0.5815, grad_norm: 2.8680
2026-05-18 19:04:27,402 - mmdet - INFO - Saving checkpoint at 17 epochs
2026-05-18 19:12:10,750 - mmdet - INFO - Evaluating bbox...
2026-05-18 19:14:01,252 - mmdet - INFO - 
Average Precision  (AP) @[ IoU=0.50:0.95 | area=   all | maxDets=100 ] = 0.687
Average Precision  (AP) @[ IoU=0.50      | area=   all | maxDets=1000 ] = 0.921
Average Precision  (AP) @[ IoU=0.75      | area=   all | maxDets=1000 ] = 0.801
Average Precision  (AP) @[ IoU=0.50:0.95 | area= small | maxDets=1000 ] = 0.709
Average Precision  (AP) @[ IoU=0.50:0.95 | area=medium | maxDets=1000 ] = 0.642
Average Precision  (AP) @[ IoU=0.50:0.95 | area= large | maxDets=1000 ] = 0.368
Average Recall     (AR) @[ IoU=0.50:0.95 | area=   all | maxDets=100 ] = 0.773
Average Recall     (AR) @[ IoU=0.50:0.95 | area=   all | maxDets=300 ] = 0.788
Average Recall     (AR) @[ IoU=0.50:0.95 | area=   all | maxDets=1000 ] = 0.797
Average Recall     (AR) @[ IoU=0.50:0.95 | area= small | maxDets=1000 ] = 0.797
Average Recall     (AR) @[ IoU=0.50:0.95 | area=medium | maxDets=1000 ] = 0.818
Average Recall     (AR) @[ IoU=0.50:0.95 | area= large | maxDets=1000 ] = 0.647

2026-05-18 19:14:01,252 - mmdet - INFO - 
+----------+-------+
| category | AP    |
+----------+-------+
| ship     | 0.691 |
+----------+-------+
2026-05-18 19:14:01,949 - mmdet - INFO - Exp name: pixel_itpn_GFL_hrsid_jpg_large.py
2026-05-18 19:14:01,950 - mmdet - INFO - Epoch(val) [17][327]	bbox_mAP: 0.6870, bbox_mAP_50: 0.9210, bbox_mAP_75: 0.8010, bbox_mAP_s: 0.7090, bbox_mAP_m: 0.6420, bbox_mAP_l: 0.3680, bbox_mAP_copypaste: 0.687 0.921 0.801 0.709 0.642 0.368
2026-05-18 19:15:25,380 - mmdet - INFO - Exp name: pixel_itpn_GFL_hrsid_jpg_large.py
2026-05-18 19:15:25,380 - mmdet - INFO - Epoch(val) [17][82]	loss_cls: 0.2256, loss_bbox: 0.2604, loss_dfl: 0.1878, loss: 0.6738
2026-05-18 19:16:45,229 - mmdet - INFO - Epoch [18][20/152]	lr: 1.087e-04, eta: 2:51:39, time: 3.991, data_time: 0.121, memory: 48815, loss_cls: 0.1867, loss_bbox: 0.2311, loss_dfl: 0.1779, loss: 0.5957, grad_norm: 3.5598
2026-05-18 19:18:03,151 - mmdet - INFO - Epoch [18][40/152]	lr: 1.087e-04, eta: 2:50:34, time: 3.896, data_time: 0.015, memory: 48815, loss_cls: 0.1718, loss_bbox: 0.2274, loss_dfl: 0.1762, loss: 0.5754, grad_norm: 2.8717
2026-05-18 19:19:20,899 - mmdet - INFO - Epoch [18][60/152]	lr: 1.087e-04, eta: 2:49:28, time: 3.887, data_time: 0.012, memory: 48815, loss_cls: 0.1615, loss_bbox: 0.2439, loss_dfl: 0.1741, loss: 0.5795, grad_norm: 3.2347
2026-05-18 19:20:38,721 - mmdet - INFO - Epoch [18][80/152]	lr: 1.087e-04, eta: 2:48:22, time: 3.891, data_time: 0.013, memory: 48815, loss_cls: 0.1824, loss_bbox: 0.2307, loss_dfl: 0.1767, loss: 0.5899, grad_norm: 3.5074
2026-05-18 19:21:56,623 - mmdet - INFO - Epoch [18][100/152]	lr: 1.087e-04, eta: 2:47:17, time: 3.895, data_time: 0.016, memory: 48815, loss_cls: 0.1785, loss_bbox: 0.2338, loss_dfl: 0.1747, loss: 0.5870, grad_norm: 3.8378
2026-05-18 19:23:14,542 - mmdet - INFO - Epoch [18][120/152]	lr: 1.087e-04, eta: 2:46:11, time: 3.896, data_time: 0.017, memory: 48815, loss_cls: 0.1768, loss_bbox: 0.2186, loss_dfl: 0.1756, loss: 0.5710, grad_norm: 3.2011
2026-05-18 19:24:32,387 - mmdet - INFO - Epoch [18][140/152]	lr: 1.087e-04, eta: 2:45:04, time: 3.892, data_time: 0.016, memory: 48815, loss_cls: 0.1565, loss_bbox: 0.2066, loss_dfl: 0.1718, loss: 0.5349, grad_norm: 3.1444
2026-05-18 19:25:19,041 - mmdet - INFO - Saving checkpoint at 18 epochs
2026-05-18 19:32:20,176 - mmdet - INFO - Evaluating bbox...
2026-05-18 19:33:57,139 - mmdet - INFO - 
Average Precision  (AP) @[ IoU=0.50:0.95 | area=   all | maxDets=100 ] = 0.693
Average Precision  (AP) @[ IoU=0.50      | area=   all | maxDets=1000 ] = 0.927
Average Precision  (AP) @[ IoU=0.75      | area=   all | maxDets=1000 ] = 0.808
Average Precision  (AP) @[ IoU=0.50:0.95 | area= small | maxDets=1000 ] = 0.712
Average Precision  (AP) @[ IoU=0.50:0.95 | area=medium | maxDets=1000 ] = 0.658
Average Precision  (AP) @[ IoU=0.50:0.95 | area= large | maxDets=1000 ] = 0.367
Average Recall     (AR) @[ IoU=0.50:0.95 | area=   all | maxDets=100 ] = 0.776
Average Recall     (AR) @[ IoU=0.50:0.95 | area=   all | maxDets=300 ] = 0.792
Average Recall     (AR) @[ IoU=0.50:0.95 | area=   all | maxDets=1000 ] = 0.801
Average Recall     (AR) @[ IoU=0.50:0.95 | area= small | maxDets=1000 ] = 0.801
Average Recall     (AR) @[ IoU=0.50:0.95 | area=medium | maxDets=1000 ] = 0.819
Average Recall     (AR) @[ IoU=0.50:0.95 | area= large | maxDets=1000 ] = 0.657

2026-05-18 19:33:57,139 - mmdet - INFO - 
+----------+-------+
| category | AP    |
+----------+-------+
| ship     | 0.696 |
+----------+-------+
2026-05-18 19:33:58,149 - mmdet - INFO - The previous best checkpoint /mnt/data7t/liweijie19/code/detection_iptn/work_dirs/pixel_itpn_GFL_hrsid_jpg_large/best_bbox_mAP_50_epoch_14.pth was removed
2026-05-18 19:34:04,922 - mmdet - INFO - Now best checkpoint is saved as best_bbox_mAP_50_epoch_18.pth.
2026-05-18 19:34:04,922 - mmdet - INFO - Best bbox_mAP_50 is 0.9270 at 18 epoch.
2026-05-18 19:34:04,924 - mmdet - INFO - Exp name: pixel_itpn_GFL_hrsid_jpg_large.py
2026-05-18 19:34:04,925 - mmdet - INFO - Epoch(val) [18][327]	bbox_mAP: 0.6930, bbox_mAP_50: 0.9270, bbox_mAP_75: 0.8080, bbox_mAP_s: 0.7120, bbox_mAP_m: 0.6580, bbox_mAP_l: 0.3670, bbox_mAP_copypaste: 0.693 0.927 0.808 0.712 0.658 0.367
2026-05-18 19:35:28,137 - mmdet - INFO - Exp name: pixel_itpn_GFL_hrsid_jpg_large.py
2026-05-18 19:35:28,137 - mmdet - INFO - Epoch(val) [18][82]	loss_cls: 0.2128, loss_bbox: 0.2579, loss_dfl: 0.1861, loss: 0.6568
2026-05-18 19:36:47,714 - mmdet - INFO - Epoch [19][20/152]	lr: 1.000e-04, eta: 2:42:34, time: 3.978, data_time: 0.122, memory: 48815, loss_cls: 0.1525, loss_bbox: 0.2260, loss_dfl: 0.1728, loss: 0.5513, grad_norm: 3.0504
2026-05-18 19:38:05,165 - mmdet - INFO - Epoch [19][40/152]	lr: 1.000e-04, eta: 2:41:28, time: 3.873, data_time: 0.017, memory: 48815, loss_cls: 0.1564, loss_bbox: 0.2199, loss_dfl: 0.1731, loss: 0.5494, grad_norm: 2.9654
2026-05-18 19:39:22,742 - mmdet - INFO - Epoch [19][60/152]	lr: 1.000e-04, eta: 2:40:21, time: 3.879, data_time: 0.017, memory: 48815, loss_cls: 0.1642, loss_bbox: 0.2265, loss_dfl: 0.1745, loss: 0.5652, grad_norm: 3.0951
2026-05-18 19:40:40,339 - mmdet - INFO - Epoch [19][80/152]	lr: 1.000e-04, eta: 2:39:15, time: 3.880, data_time: 0.017, memory: 48815, loss_cls: 0.1590, loss_bbox: 0.2338, loss_dfl: 0.1747, loss: 0.5675, grad_norm: 3.2264
2026-05-18 19:41:57,917 - mmdet - INFO - Epoch [19][100/152]	lr: 1.000e-04, eta: 2:38:08, time: 3.879, data_time: 0.018, memory: 48815, loss_cls: 0.1643, loss_bbox: 0.2319, loss_dfl: 0.1740, loss: 0.5702, grad_norm: 2.9035
2026-05-18 19:43:15,551 - mmdet - INFO - Epoch [19][120/152]	lr: 1.000e-04, eta: 2:37:01, time: 3.882, data_time: 0.018, memory: 48815, loss_cls: 0.1713, loss_bbox: 0.2244, loss_dfl: 0.1739, loss: 0.5695, grad_norm: 2.9151
2026-05-18 19:44:33,235 - mmdet - INFO - Epoch [19][140/152]	lr: 1.000e-04, eta: 2:35:54, time: 3.884, data_time: 0.018, memory: 48815, loss_cls: 0.1635, loss_bbox: 0.2127, loss_dfl: 0.1735, loss: 0.5497, grad_norm: 3.0679
2026-05-18 19:45:19,702 - mmdet - INFO - Saving checkpoint at 19 epochs
2026-05-18 19:51:39,112 - mmdet - INFO - Evaluating bbox...
2026-05-18 19:52:24,548 - mmdet - INFO - 
Average Precision  (AP) @[ IoU=0.50:0.95 | area=   all | maxDets=100 ] = 0.693
Average Precision  (AP) @[ IoU=0.50      | area=   all | maxDets=1000 ] = 0.928
Average Precision  (AP) @[ IoU=0.75      | area=   all | maxDets=1000 ] = 0.809
Average Precision  (AP) @[ IoU=0.50:0.95 | area= small | maxDets=1000 ] = 0.717
Average Precision  (AP) @[ IoU=0.50:0.95 | area=medium | maxDets=1000 ] = 0.654
Average Precision  (AP) @[ IoU=0.50:0.95 | area= large | maxDets=1000 ] = 0.380
Average Recall     (AR) @[ IoU=0.50:0.95 | area=   all | maxDets=100 ] = 0.778
Average Recall     (AR) @[ IoU=0.50:0.95 | area=   all | maxDets=300 ] = 0.794
Average Recall     (AR) @[ IoU=0.50:0.95 | area=   all | maxDets=1000 ] = 0.802
Average Recall     (AR) @[ IoU=0.50:0.95 | area= small | maxDets=1000 ] = 0.801
Average Recall     (AR) @[ IoU=0.50:0.95 | area=medium | maxDets=1000 ] = 0.816
Average Recall     (AR) @[ IoU=0.50:0.95 | area= large | maxDets=1000 ] = 0.692

2026-05-18 19:52:24,549 - mmdet - INFO - 
+----------+-------+
| category | AP    |
+----------+-------+
| ship     | 0.696 |
+----------+-------+
2026-05-18 19:52:25,041 - mmdet - INFO - The previous best checkpoint /mnt/data7t/liweijie19/code/detection_iptn/work_dirs/pixel_itpn_GFL_hrsid_jpg_large/best_bbox_mAP_50_epoch_18.pth was removed
2026-05-18 19:52:31,902 - mmdet - INFO - Now best checkpoint is saved as best_bbox_mAP_50_epoch_19.pth.
2026-05-18 19:52:31,902 - mmdet - INFO - Best bbox_mAP_50 is 0.9280 at 19 epoch.
2026-05-18 19:52:31,904 - mmdet - INFO - Exp name: pixel_itpn_GFL_hrsid_jpg_large.py
2026-05-18 19:52:31,904 - mmdet - INFO - Epoch(val) [19][327]	bbox_mAP: 0.6930, bbox_mAP_50: 0.9280, bbox_mAP_75: 0.8090, bbox_mAP_s: 0.7170, bbox_mAP_m: 0.6540, bbox_mAP_l: 0.3800, bbox_mAP_copypaste: 0.693 0.928 0.809 0.717 0.654 0.380
2026-05-18 19:53:55,008 - mmdet - INFO - Exp name: pixel_itpn_GFL_hrsid_jpg_large.py
2026-05-18 19:53:55,008 - mmdet - INFO - Epoch(val) [19][82]	loss_cls: 0.2163, loss_bbox: 0.2572, loss_dfl: 0.1865, loss: 0.6600
2026-05-18 19:55:14,649 - mmdet - INFO - Epoch [20][20/152]	lr: 9.128e-05, eta: 2:33:27, time: 3.980, data_time: 0.125, memory: 48815, loss_cls: 0.1644, loss_bbox: 0.2216, loss_dfl: 0.1763, loss: 0.5624, grad_norm: 3.0061
2026-05-18 19:56:31,995 - mmdet - INFO - Epoch [20][40/152]	lr: 9.128e-05, eta: 2:32:20, time: 3.868, data_time: 0.016, memory: 48815, loss_cls: 0.1571, loss_bbox: 0.2082, loss_dfl: 0.1722, loss: 0.5375, grad_norm: 2.9888
2026-05-18 19:57:49,259 - mmdet - INFO - Epoch [20][60/152]	lr: 9.128e-05, eta: 2:31:13, time: 3.863, data_time: 0.017, memory: 48815, loss_cls: 0.1447, loss_bbox: 0.2181, loss_dfl: 0.1679, loss: 0.5307, grad_norm: 2.9074
2026-05-18 19:59:06,716 - mmdet - INFO - Epoch [20][80/152]	lr: 9.128e-05, eta: 2:30:06, time: 3.873, data_time: 0.018, memory: 48815, loss_cls: 0.1554, loss_bbox: 0.2075, loss_dfl: 0.1702, loss: 0.5331, grad_norm: 3.2251
2026-05-18 20:00:24,052 - mmdet - INFO - Epoch [20][100/152]	lr: 9.128e-05, eta: 2:28:58, time: 3.867, data_time: 0.017, memory: 48815, loss_cls: 0.1597, loss_bbox: 0.2223, loss_dfl: 0.1710, loss: 0.5531, grad_norm: 2.8409
2026-05-18 20:01:41,614 - mmdet - INFO - Epoch [20][120/152]	lr: 9.128e-05, eta: 2:27:51, time: 3.878, data_time: 0.018, memory: 48815, loss_cls: 0.1459, loss_bbox: 0.2128, loss_dfl: 0.1697, loss: 0.5284, grad_norm: 3.0167
2026-05-18 20:02:59,225 - mmdet - INFO - Epoch [20][140/152]	lr: 9.128e-05, eta: 2:26:44, time: 3.881, data_time: 0.018, memory: 48815, loss_cls: 0.1591, loss_bbox: 0.2148, loss_dfl: 0.1713, loss: 0.5452, grad_norm: 2.8223
2026-05-18 20:03:45,815 - mmdet - INFO - Saving checkpoint at 20 epochs
2026-05-18 20:10:13,968 - mmdet - INFO - Evaluating bbox...
2026-05-18 20:10:59,128 - mmdet - INFO - 
Average Precision  (AP) @[ IoU=0.50:0.95 | area=   all | maxDets=100 ] = 0.696
Average Precision  (AP) @[ IoU=0.50      | area=   all | maxDets=1000 ] = 0.932
Average Precision  (AP) @[ IoU=0.75      | area=   all | maxDets=1000 ] = 0.810
Average Precision  (AP) @[ IoU=0.50:0.95 | area= small | maxDets=1000 ] = 0.717
Average Precision  (AP) @[ IoU=0.50:0.95 | area=medium | maxDets=1000 ] = 0.666
Average Precision  (AP) @[ IoU=0.50:0.95 | area= large | maxDets=1000 ] = 0.381
Average Recall     (AR) @[ IoU=0.50:0.95 | area=   all | maxDets=100 ] = 0.783
Average Recall     (AR) @[ IoU=0.50:0.95 | area=   all | maxDets=300 ] = 0.797
Average Recall     (AR) @[ IoU=0.50:0.95 | area=   all | maxDets=1000 ] = 0.802
Average Recall     (AR) @[ IoU=0.50:0.95 | area= small | maxDets=1000 ] = 0.801
Average Recall     (AR) @[ IoU=0.50:0.95 | area=medium | maxDets=1000 ] = 0.825
Average Recall     (AR) @[ IoU=0.50:0.95 | area= large | maxDets=1000 ] = 0.679

2026-05-18 20:10:59,129 - mmdet - INFO - 
+----------+-------+
| category | AP    |
+----------+-------+
| ship     | 0.699 |
+----------+-------+
2026-05-18 20:10:59,618 - mmdet - INFO - The previous best checkpoint /mnt/data7t/liweijie19/code/detection_iptn/work_dirs/pixel_itpn_GFL_hrsid_jpg_large/best_bbox_mAP_50_epoch_19.pth was removed
2026-05-18 20:11:06,453 - mmdet - INFO - Now best checkpoint is saved as best_bbox_mAP_50_epoch_20.pth.
2026-05-18 20:11:06,453 - mmdet - INFO - Best bbox_mAP_50 is 0.9320 at 20 epoch.
2026-05-18 20:11:06,455 - mmdet - INFO - Exp name: pixel_itpn_GFL_hrsid_jpg_large.py
2026-05-18 20:11:06,455 - mmdet - INFO - Epoch(val) [20][327]	bbox_mAP: 0.6960, bbox_mAP_50: 0.9320, bbox_mAP_75: 0.8100, bbox_mAP_s: 0.7170, bbox_mAP_m: 0.6660, bbox_mAP_l: 0.3810, bbox_mAP_copypaste: 0.696 0.932 0.810 0.717 0.666 0.381
2026-05-18 20:12:29,496 - mmdet - INFO - Exp name: pixel_itpn_GFL_hrsid_jpg_large.py
2026-05-18 20:12:29,496 - mmdet - INFO - Epoch(val) [20][82]	loss_cls: 0.2117, loss_bbox: 0.2529, loss_dfl: 0.1846, loss: 0.6492
2026-05-18 20:13:49,118 - mmdet - INFO - Epoch [21][20/152]	lr: 8.264e-05, eta: 2:24:20, time: 3.980, data_time: 0.122, memory: 48815, loss_cls: 0.1438, loss_bbox: 0.2095, loss_dfl: 0.1678, loss: 0.5212, grad_norm: 2.8848
2026-05-18 20:15:06,577 - mmdet - INFO - Epoch [21][40/152]	lr: 8.264e-05, eta: 2:23:13, time: 3.873, data_time: 0.016, memory: 48815, loss_cls: 0.1464, loss_bbox: 0.2278, loss_dfl: 0.1721, loss: 0.5463, grad_norm: 2.8482
2026-05-18 20:16:24,171 - mmdet - INFO - Epoch [21][60/152]	lr: 8.264e-05, eta: 2:22:05, time: 3.880, data_time: 0.017, memory: 48815, loss_cls: 0.1486, loss_bbox: 0.2161, loss_dfl: 0.1727, loss: 0.5373, grad_norm: 3.2849
2026-05-18 20:17:41,760 - mmdet - INFO - Epoch [21][80/152]	lr: 8.264e-05, eta: 2:20:58, time: 3.880, data_time: 0.017, memory: 48815, loss_cls: 0.1567, loss_bbox: 0.2094, loss_dfl: 0.1693, loss: 0.5354, grad_norm: 3.2241
2026-05-18 20:18:59,249 - mmdet - INFO - Epoch [21][100/152]	lr: 8.264e-05, eta: 2:19:50, time: 3.874, data_time: 0.016, memory: 48815, loss_cls: 0.1486, loss_bbox: 0.2136, loss_dfl: 0.1692, loss: 0.5313, grad_norm: 2.9708
2026-05-18 20:20:16,790 - mmdet - INFO - Epoch [21][120/152]	lr: 8.264e-05, eta: 2:18:42, time: 3.877, data_time: 0.017, memory: 48815, loss_cls: 0.1486, loss_bbox: 0.2178, loss_dfl: 0.1724, loss: 0.5388, grad_norm: 2.5886
2026-05-18 20:21:34,399 - mmdet - INFO - Epoch [21][140/152]	lr: 8.264e-05, eta: 2:17:34, time: 3.881, data_time: 0.018, memory: 48815, loss_cls: 0.1444, loss_bbox: 0.2100, loss_dfl: 0.1685, loss: 0.5228, grad_norm: 2.9230
2026-05-18 20:22:20,945 - mmdet - INFO - Saving checkpoint at 21 epochs
2026-05-18 20:28:45,322 - mmdet - INFO - Evaluating bbox...
2026-05-18 20:29:44,138 - mmdet - INFO - 
Average Precision  (AP) @[ IoU=0.50:0.95 | area=   all | maxDets=100 ] = 0.704
Average Precision  (AP) @[ IoU=0.50      | area=   all | maxDets=1000 ] = 0.931
Average Precision  (AP) @[ IoU=0.75      | area=   all | maxDets=1000 ] = 0.812
Average Precision  (AP) @[ IoU=0.50:0.95 | area= small | maxDets=1000 ] = 0.728
Average Precision  (AP) @[ IoU=0.50:0.95 | area=medium | maxDets=1000 ] = 0.672
Average Precision  (AP) @[ IoU=0.50:0.95 | area= large | maxDets=1000 ] = 0.401
Average Recall     (AR) @[ IoU=0.50:0.95 | area=   all | maxDets=100 ] = 0.787
Average Recall     (AR) @[ IoU=0.50:0.95 | area=   all | maxDets=300 ] = 0.803
Average Recall     (AR) @[ IoU=0.50:0.95 | area=   all | maxDets=1000 ] = 0.810
Average Recall     (AR) @[ IoU=0.50:0.95 | area= small | maxDets=1000 ] = 0.810
Average Recall     (AR) @[ IoU=0.50:0.95 | area=medium | maxDets=1000 ] = 0.830
Average Recall     (AR) @[ IoU=0.50:0.95 | area= large | maxDets=1000 ] = 0.655

2026-05-18 20:29:44,139 - mmdet - INFO - 
+----------+-------+
| category | AP    |
+----------+-------+
| ship     | 0.708 |
+----------+-------+
2026-05-18 20:29:44,409 - mmdet - INFO - Exp name: pixel_itpn_GFL_hrsid_jpg_large.py
2026-05-18 20:29:44,409 - mmdet - INFO - Epoch(val) [21][327]	bbox_mAP: 0.7040, bbox_mAP_50: 0.9310, bbox_mAP_75: 0.8120, bbox_mAP_s: 0.7280, bbox_mAP_m: 0.6720, bbox_mAP_l: 0.4010, bbox_mAP_copypaste: 0.704 0.931 0.812 0.728 0.672 0.401
2026-05-18 20:31:07,347 - mmdet - INFO - Exp name: pixel_itpn_GFL_hrsid_jpg_large.py
2026-05-18 20:31:07,348 - mmdet - INFO - Epoch(val) [21][82]	loss_cls: 0.2134, loss_bbox: 0.2453, loss_dfl: 0.1835, loss: 0.6423
2026-05-18 20:32:27,229 - mmdet - INFO - Epoch [22][20/152]	lr: 7.412e-05, eta: 2:15:14, time: 3.992, data_time: 0.125, memory: 48815, loss_cls: 0.1393, loss_bbox: 0.2083, loss_dfl: 0.1652, loss: 0.5128, grad_norm: 2.9824
2026-05-18 20:33:44,707 - mmdet - INFO - Epoch [22][40/152]	lr: 7.412e-05, eta: 2:14:06, time: 3.874, data_time: 0.012, memory: 48815, loss_cls: 0.1459, loss_bbox: 0.2066, loss_dfl: 0.1653, loss: 0.5177, grad_norm: 2.8999
2026-05-18 20:35:02,257 - mmdet - INFO - Epoch [22][60/152]	lr: 7.412e-05, eta: 2:12:58, time: 3.878, data_time: 0.015, memory: 48815, loss_cls: 0.1296, loss_bbox: 0.2006, loss_dfl: 0.1643, loss: 0.4945, grad_norm: 3.1032
2026-05-18 20:36:19,811 - mmdet - INFO - Epoch [22][80/152]	lr: 7.412e-05, eta: 2:11:50, time: 3.878, data_time: 0.016, memory: 48815, loss_cls: 0.1419, loss_bbox: 0.1991, loss_dfl: 0.1684, loss: 0.5094, grad_norm: 2.9388
2026-05-18 20:37:37,384 - mmdet - INFO - Epoch [22][100/152]	lr: 7.412e-05, eta: 2:10:42, time: 3.879, data_time: 0.016, memory: 48815, loss_cls: 0.1358, loss_bbox: 0.2145, loss_dfl: 0.1688, loss: 0.5191, grad_norm: 2.6729
2026-05-18 20:38:55,046 - mmdet - INFO - Epoch [22][120/152]	lr: 7.412e-05, eta: 2:09:34, time: 3.883, data_time: 0.016, memory: 48815, loss_cls: 0.1438, loss_bbox: 0.1921, loss_dfl: 0.1642, loss: 0.5002, grad_norm: 3.1124
2026-05-18 20:40:12,673 - mmdet - INFO - Epoch [22][140/152]	lr: 7.412e-05, eta: 2:08:25, time: 3.882, data_time: 0.016, memory: 48815, loss_cls: 0.1513, loss_bbox: 0.1967, loss_dfl: 0.1698, loss: 0.5178, grad_norm: 2.9721
2026-05-18 20:40:59,198 - mmdet - INFO - Saving checkpoint at 22 epochs
2026-05-18 20:47:26,273 - mmdet - INFO - Evaluating bbox...
2026-05-18 20:48:15,179 - mmdet - INFO - 
Average Precision  (AP) @[ IoU=0.50:0.95 | area=   all | maxDets=100 ] = 0.711
Average Precision  (AP) @[ IoU=0.50      | area=   all | maxDets=1000 ] = 0.934
Average Precision  (AP) @[ IoU=0.75      | area=   all | maxDets=1000 ] = 0.826
Average Precision  (AP) @[ IoU=0.50:0.95 | area= small | maxDets=1000 ] = 0.730
Average Precision  (AP) @[ IoU=0.50:0.95 | area=medium | maxDets=1000 ] = 0.675
Average Precision  (AP) @[ IoU=0.50:0.95 | area= large | maxDets=1000 ] = 0.420
Average Recall     (AR) @[ IoU=0.50:0.95 | area=   all | maxDets=100 ] = 0.792
Average Recall     (AR) @[ IoU=0.50:0.95 | area=   all | maxDets=300 ] = 0.808
Average Recall     (AR) @[ IoU=0.50:0.95 | area=   all | maxDets=1000 ] = 0.813
Average Recall     (AR) @[ IoU=0.50:0.95 | area= small | maxDets=1000 ] = 0.813
Average Recall     (AR) @[ IoU=0.50:0.95 | area=medium | maxDets=1000 ] = 0.829
Average Recall     (AR) @[ IoU=0.50:0.95 | area= large | maxDets=1000 ] = 0.683

2026-05-18 20:48:15,180 - mmdet - INFO - 
+----------+-------+
| category | AP    |
+----------+-------+
| ship     | 0.714 |
+----------+-------+
2026-05-18 20:48:15,707 - mmdet - INFO - The previous best checkpoint /mnt/data7t/liweijie19/code/detection_iptn/work_dirs/pixel_itpn_GFL_hrsid_jpg_large/best_bbox_mAP_50_epoch_20.pth was removed
2026-05-18 20:48:22,524 - mmdet - INFO - Now best checkpoint is saved as best_bbox_mAP_50_epoch_22.pth.
2026-05-18 20:48:22,524 - mmdet - INFO - Best bbox_mAP_50 is 0.9340 at 22 epoch.
2026-05-18 20:48:22,526 - mmdet - INFO - Exp name: pixel_itpn_GFL_hrsid_jpg_large.py
2026-05-18 20:48:22,527 - mmdet - INFO - Epoch(val) [22][327]	bbox_mAP: 0.7110, bbox_mAP_50: 0.9340, bbox_mAP_75: 0.8260, bbox_mAP_s: 0.7300, bbox_mAP_m: 0.6750, bbox_mAP_l: 0.4200, bbox_mAP_copypaste: 0.711 0.934 0.826 0.730 0.675 0.420
2026-05-18 20:49:45,840 - mmdet - INFO - Exp name: pixel_itpn_GFL_hrsid_jpg_large.py
2026-05-18 20:49:45,840 - mmdet - INFO - Epoch(val) [22][82]	loss_cls: 0.2200, loss_bbox: 0.2484, loss_dfl: 0.1831, loss: 0.6515
2026-05-18 20:51:05,688 - mmdet - INFO - Epoch [23][20/152]	lr: 6.580e-05, eta: 2:06:08, time: 3.991, data_time: 0.126, memory: 48815, loss_cls: 0.1400, loss_bbox: 0.2011, loss_dfl: 0.1658, loss: 0.5069, grad_norm: 3.0268
2026-05-18 20:52:23,175 - mmdet - INFO - Epoch [23][40/152]	lr: 6.580e-05, eta: 2:05:00, time: 3.874, data_time: 0.016, memory: 48815, loss_cls: 0.1353, loss_bbox: 0.2006, loss_dfl: 0.1643, loss: 0.5002, grad_norm: 2.8430
2026-05-18 20:53:40,641 - mmdet - INFO - Epoch [23][60/152]	lr: 6.580e-05, eta: 2:03:51, time: 3.873, data_time: 0.017, memory: 48815, loss_cls: 0.1402, loss_bbox: 0.2042, loss_dfl: 0.1675, loss: 0.5119, grad_norm: 2.7789
2026-05-18 20:54:58,313 - mmdet - INFO - Epoch [23][80/152]	lr: 6.580e-05, eta: 2:02:43, time: 3.884, data_time: 0.017, memory: 48815, loss_cls: 0.1370, loss_bbox: 0.1942, loss_dfl: 0.1679, loss: 0.4991, grad_norm: 3.0377
2026-05-18 20:56:15,993 - mmdet - INFO - Epoch [23][100/152]	lr: 6.580e-05, eta: 2:01:34, time: 3.884, data_time: 0.017, memory: 48815, loss_cls: 0.1301, loss_bbox: 0.1911, loss_dfl: 0.1642, loss: 0.4853, grad_norm: 3.0679
2026-05-18 20:57:33,669 - mmdet - INFO - Epoch [23][120/152]	lr: 6.580e-05, eta: 2:00:26, time: 3.884, data_time: 0.016, memory: 48815, loss_cls: 0.1358, loss_bbox: 0.2168, loss_dfl: 0.1683, loss: 0.5210, grad_norm: 2.8130
2026-05-18 20:58:51,202 - mmdet - INFO - Epoch [23][140/152]	lr: 6.580e-05, eta: 1:59:17, time: 3.877, data_time: 0.015, memory: 48815, loss_cls: 0.1445, loss_bbox: 0.1968, loss_dfl: 0.1651, loss: 0.5064, grad_norm: 3.0440
2026-05-18 20:59:37,753 - mmdet - INFO - Saving checkpoint at 23 epochs
2026-05-18 21:05:55,054 - mmdet - INFO - Evaluating bbox...
2026-05-18 21:06:42,578 - mmdet - INFO - 
Average Precision  (AP) @[ IoU=0.50:0.95 | area=   all | maxDets=100 ] = 0.709
Average Precision  (AP) @[ IoU=0.50      | area=   all | maxDets=1000 ] = 0.930
Average Precision  (AP) @[ IoU=0.75      | area=   all | maxDets=1000 ] = 0.822
Average Precision  (AP) @[ IoU=0.50:0.95 | area= small | maxDets=1000 ] = 0.728
Average Precision  (AP) @[ IoU=0.50:0.95 | area=medium | maxDets=1000 ] = 0.676
Average Precision  (AP) @[ IoU=0.50:0.95 | area= large | maxDets=1000 ] = 0.410
Average Recall     (AR) @[ IoU=0.50:0.95 | area=   all | maxDets=100 ] = 0.794
Average Recall     (AR) @[ IoU=0.50:0.95 | area=   all | maxDets=300 ] = 0.809
Average Recall     (AR) @[ IoU=0.50:0.95 | area=   all | maxDets=1000 ] = 0.815
Average Recall     (AR) @[ IoU=0.50:0.95 | area= small | maxDets=1000 ] = 0.815
Average Recall     (AR) @[ IoU=0.50:0.95 | area=medium | maxDets=1000 ] = 0.833
Average Recall     (AR) @[ IoU=0.50:0.95 | area= large | maxDets=1000 ] = 0.700

2026-05-18 21:06:42,578 - mmdet - INFO - 
+----------+-------+
| category | AP    |
+----------+-------+
| ship     | 0.712 |
+----------+-------+
2026-05-18 21:06:42,774 - mmdet - INFO - Exp name: pixel_itpn_GFL_hrsid_jpg_large.py
2026-05-18 21:06:42,775 - mmdet - INFO - Epoch(val) [23][327]	bbox_mAP: 0.7090, bbox_mAP_50: 0.9300, bbox_mAP_75: 0.8220, bbox_mAP_s: 0.7280, bbox_mAP_m: 0.6760, bbox_mAP_l: 0.4100, bbox_mAP_copypaste: 0.709 0.930 0.822 0.728 0.676 0.410
2026-05-18 21:08:05,749 - mmdet - INFO - Exp name: pixel_itpn_GFL_hrsid_jpg_large.py
2026-05-18 21:08:05,749 - mmdet - INFO - Epoch(val) [23][82]	loss_cls: 0.2108, loss_bbox: 0.2445, loss_dfl: 0.1811, loss: 0.6365
2026-05-18 21:09:25,507 - mmdet - INFO - Epoch [24][20/152]	lr: 5.774e-05, eta: 1:57:02, time: 3.987, data_time: 0.126, memory: 48815, loss_cls: 0.1384, loss_bbox: 0.1972, loss_dfl: 0.1682, loss: 0.5039, grad_norm: 2.7383
2026-05-18 21:10:43,151 - mmdet - INFO - Epoch [24][40/152]	lr: 5.774e-05, eta: 1:55:53, time: 3.882, data_time: 0.016, memory: 48815, loss_cls: 0.1369, loss_bbox: 0.1962, loss_dfl: 0.1627, loss: 0.4958, grad_norm: 3.1016
2026-05-18 21:12:00,645 - mmdet - INFO - Epoch [24][60/152]	lr: 5.774e-05, eta: 1:54:44, time: 3.875, data_time: 0.016, memory: 48815, loss_cls: 0.1235, loss_bbox: 0.1875, loss_dfl: 0.1590, loss: 0.4700, grad_norm: 2.9745
2026-05-18 21:13:18,191 - mmdet - INFO - Epoch [24][80/152]	lr: 5.774e-05, eta: 1:53:36, time: 3.877, data_time: 0.016, memory: 48815, loss_cls: 0.1214, loss_bbox: 0.1987, loss_dfl: 0.1624, loss: 0.4825, grad_norm: 2.5688
2026-05-18 21:14:35,662 - mmdet - INFO - Epoch [24][100/152]	lr: 5.774e-05, eta: 1:52:27, time: 3.874, data_time: 0.015, memory: 48815, loss_cls: 0.1263, loss_bbox: 0.1834, loss_dfl: 0.1631, loss: 0.4728, grad_norm: 3.0472
2026-05-18 21:15:53,241 - mmdet - INFO - Epoch [24][120/152]	lr: 5.774e-05, eta: 1:51:18, time: 3.879, data_time: 0.016, memory: 48815, loss_cls: 0.1309, loss_bbox: 0.1874, loss_dfl: 0.1626, loss: 0.4809, grad_norm: 3.1620
2026-05-18 21:17:10,770 - mmdet - INFO - Epoch [24][140/152]	lr: 5.774e-05, eta: 1:50:08, time: 3.876, data_time: 0.016, memory: 48815, loss_cls: 0.1412, loss_bbox: 0.1933, loss_dfl: 0.1623, loss: 0.4968, grad_norm: 3.3121
2026-05-18 21:17:57,348 - mmdet - INFO - Saving checkpoint at 24 epochs
2026-05-18 21:24:25,976 - mmdet - INFO - Evaluating bbox...
2026-05-18 21:25:52,535 - mmdet - INFO - 
Average Precision  (AP) @[ IoU=0.50:0.95 | area=   all | maxDets=100 ] = 0.714
Average Precision  (AP) @[ IoU=0.50      | area=   all | maxDets=1000 ] = 0.935
Average Precision  (AP) @[ IoU=0.75      | area=   all | maxDets=1000 ] = 0.832
Average Precision  (AP) @[ IoU=0.50:0.95 | area= small | maxDets=1000 ] = 0.733
Average Precision  (AP) @[ IoU=0.50:0.95 | area=medium | maxDets=1000 ] = 0.668
Average Precision  (AP) @[ IoU=0.50:0.95 | area= large | maxDets=1000 ] = 0.390
Average Recall     (AR) @[ IoU=0.50:0.95 | area=   all | maxDets=100 ] = 0.798
Average Recall     (AR) @[ IoU=0.50:0.95 | area=   all | maxDets=300 ] = 0.811
Average Recall     (AR) @[ IoU=0.50:0.95 | area=   all | maxDets=1000 ] = 0.817
Average Recall     (AR) @[ IoU=0.50:0.95 | area= small | maxDets=1000 ] = 0.817
Average Recall     (AR) @[ IoU=0.50:0.95 | area=medium | maxDets=1000 ] = 0.834
Average Recall     (AR) @[ IoU=0.50:0.95 | area= large | maxDets=1000 ] = 0.683

2026-05-18 21:25:52,536 - mmdet - INFO - 
+----------+-------+
| category | AP    |
+----------+-------+
| ship     | 0.717 |
+----------+-------+
2026-05-18 21:25:53,383 - mmdet - INFO - The previous best checkpoint /mnt/data7t/liweijie19/code/detection_iptn/work_dirs/pixel_itpn_GFL_hrsid_jpg_large/best_bbox_mAP_50_epoch_22.pth was removed
2026-05-18 21:26:02,738 - mmdet - INFO - Now best checkpoint is saved as best_bbox_mAP_50_epoch_24.pth.
2026-05-18 21:26:02,738 - mmdet - INFO - Best bbox_mAP_50 is 0.9350 at 24 epoch.
2026-05-18 21:26:02,741 - mmdet - INFO - Exp name: pixel_itpn_GFL_hrsid_jpg_large.py
2026-05-18 21:26:02,741 - mmdet - INFO - Epoch(val) [24][327]	bbox_mAP: 0.7140, bbox_mAP_50: 0.9350, bbox_mAP_75: 0.8320, bbox_mAP_s: 0.7330, bbox_mAP_m: 0.6680, bbox_mAP_l: 0.3900, bbox_mAP_copypaste: 0.714 0.935 0.832 0.733 0.668 0.390
2026-05-18 21:27:25,706 - mmdet - INFO - Exp name: pixel_itpn_GFL_hrsid_jpg_large.py
2026-05-18 21:27:25,706 - mmdet - INFO - Epoch(val) [24][82]	loss_cls: 0.2115, loss_bbox: 0.2432, loss_dfl: 0.1813, loss: 0.6361
2026-05-18 21:28:45,416 - mmdet - INFO - Epoch [25][20/152]	lr: 5.000e-05, eta: 1:47:56, time: 3.984, data_time: 0.124, memory: 48815, loss_cls: 0.1311, loss_bbox: 0.1923, loss_dfl: 0.1641, loss: 0.4875, grad_norm: 2.7521
2026-05-18 21:30:02,843 - mmdet - INFO - Epoch [25][40/152]	lr: 5.000e-05, eta: 1:46:47, time: 3.871, data_time: 0.015, memory: 48815, loss_cls: 0.1332, loss_bbox: 0.1915, loss_dfl: 0.1624, loss: 0.4872, grad_norm: 2.8855
2026-05-18 21:31:20,369 - mmdet - INFO - Epoch [25][60/152]	lr: 5.000e-05, eta: 1:45:38, time: 3.877, data_time: 0.015, memory: 48815, loss_cls: 0.1299, loss_bbox: 0.2012, loss_dfl: 0.1625, loss: 0.4936, grad_norm: 3.1661
2026-05-18 21:32:37,961 - mmdet - INFO - Epoch [25][80/152]	lr: 5.000e-05, eta: 1:44:28, time: 3.880, data_time: 0.016, memory: 48815, loss_cls: 0.1325, loss_bbox: 0.1906, loss_dfl: 0.1645, loss: 0.4875, grad_norm: 2.9416
2026-05-18 21:33:55,526 - mmdet - INFO - Epoch [25][100/152]	lr: 5.000e-05, eta: 1:43:19, time: 3.878, data_time: 0.016, memory: 48815, loss_cls: 0.1253, loss_bbox: 0.1794, loss_dfl: 0.1603, loss: 0.4649, grad_norm: 3.0021
2026-05-18 21:35:13,050 - mmdet - INFO - Epoch [25][120/152]	lr: 5.000e-05, eta: 1:42:10, time: 3.876, data_time: 0.015, memory: 48815, loss_cls: 0.1372, loss_bbox: 0.1770, loss_dfl: 0.1601, loss: 0.4744, grad_norm: 2.7630
2026-05-18 21:36:30,543 - mmdet - INFO - Epoch [25][140/152]	lr: 5.000e-05, eta: 1:41:00, time: 3.875, data_time: 0.016, memory: 48815, loss_cls: 0.1310, loss_bbox: 0.1810, loss_dfl: 0.1610, loss: 0.4730, grad_norm: 2.7600
2026-05-18 21:37:17,094 - mmdet - INFO - Saving checkpoint at 25 epochs
2026-05-18 21:44:05,669 - mmdet - INFO - Evaluating bbox...
2026-05-18 21:45:31,610 - mmdet - INFO - 
Average Precision  (AP) @[ IoU=0.50:0.95 | area=   all | maxDets=100 ] = 0.715
Average Precision  (AP) @[ IoU=0.50      | area=   all | maxDets=1000 ] = 0.933
Average Precision  (AP) @[ IoU=0.75      | area=   all | maxDets=1000 ] = 0.827
Average Precision  (AP) @[ IoU=0.50:0.95 | area= small | maxDets=1000 ] = 0.735
Average Precision  (AP) @[ IoU=0.50:0.95 | area=medium | maxDets=1000 ] = 0.670
Average Precision  (AP) @[ IoU=0.50:0.95 | area= large | maxDets=1000 ] = 0.423
Average Recall     (AR) @[ IoU=0.50:0.95 | area=   all | maxDets=100 ] = 0.796
Average Recall     (AR) @[ IoU=0.50:0.95 | area=   all | maxDets=300 ] = 0.810
Average Recall     (AR) @[ IoU=0.50:0.95 | area=   all | maxDets=1000 ] = 0.816
Average Recall     (AR) @[ IoU=0.50:0.95 | area= small | maxDets=1000 ] = 0.816
Average Recall     (AR) @[ IoU=0.50:0.95 | area=medium | maxDets=1000 ] = 0.829
Average Recall     (AR) @[ IoU=0.50:0.95 | area= large | maxDets=1000 ] = 0.687

2026-05-18 21:45:31,611 - mmdet - INFO - 
+----------+-------+
| category | AP    |
+----------+-------+
| ship     | 0.718 |
+----------+-------+
2026-05-18 21:45:32,162 - mmdet - INFO - Exp name: pixel_itpn_GFL_hrsid_jpg_large.py
2026-05-18 21:45:32,163 - mmdet - INFO - Epoch(val) [25][327]	bbox_mAP: 0.7150, bbox_mAP_50: 0.9330, bbox_mAP_75: 0.8270, bbox_mAP_s: 0.7350, bbox_mAP_m: 0.6700, bbox_mAP_l: 0.4230, bbox_mAP_copypaste: 0.715 0.933 0.827 0.735 0.670 0.423
2026-05-18 21:46:55,055 - mmdet - INFO - Exp name: pixel_itpn_GFL_hrsid_jpg_large.py
2026-05-18 21:46:55,055 - mmdet - INFO - Epoch(val) [25][82]	loss_cls: 0.2107, loss_bbox: 0.2378, loss_dfl: 0.1820, loss: 0.6305
2026-05-18 21:48:14,485 - mmdet - INFO - Epoch [26][20/152]	lr: 4.264e-05, eta: 1:38:50, time: 3.970, data_time: 0.123, memory: 48815, loss_cls: 0.1209, loss_bbox: 0.1950, loss_dfl: 0.1630, loss: 0.4789, grad_norm: 2.6008
2026-05-18 21:49:32,033 - mmdet - INFO - Epoch [26][40/152]	lr: 4.264e-05, eta: 1:37:40, time: 3.877, data_time: 0.016, memory: 48815, loss_cls: 0.1136, loss_bbox: 0.1738, loss_dfl: 0.1584, loss: 0.4458, grad_norm: 2.6524
2026-05-18 21:50:49,556 - mmdet - INFO - Epoch [26][60/152]	lr: 4.264e-05, eta: 1:36:31, time: 3.876, data_time: 0.015, memory: 48815, loss_cls: 0.1186, loss_bbox: 0.1754, loss_dfl: 0.1610, loss: 0.4550, grad_norm: 2.8003
2026-05-18 21:52:07,063 - mmdet - INFO - Epoch [26][80/152]	lr: 4.264e-05, eta: 1:35:21, time: 3.876, data_time: 0.015, memory: 48815, loss_cls: 0.1251, loss_bbox: 0.1872, loss_dfl: 0.1617, loss: 0.4740, grad_norm: 2.9252
2026-05-18 21:53:24,583 - mmdet - INFO - Epoch [26][100/152]	lr: 4.264e-05, eta: 1:34:12, time: 3.876, data_time: 0.015, memory: 48815, loss_cls: 0.1188, loss_bbox: 0.1897, loss_dfl: 0.1611, loss: 0.4696, grad_norm: 2.6588
2026-05-18 21:54:42,134 - mmdet - INFO - Epoch [26][120/152]	lr: 4.264e-05, eta: 1:33:02, time: 3.878, data_time: 0.015, memory: 48815, loss_cls: 0.1110, loss_bbox: 0.1787, loss_dfl: 0.1571, loss: 0.4468, grad_norm: 2.7774
2026-05-18 21:55:59,715 - mmdet - INFO - Epoch [26][140/152]	lr: 4.264e-05, eta: 1:31:52, time: 3.879, data_time: 0.015, memory: 48815, loss_cls: 0.1201, loss_bbox: 0.1780, loss_dfl: 0.1601, loss: 0.4583, grad_norm: 2.7455
2026-05-18 21:56:46,262 - mmdet - INFO - Saving checkpoint at 26 epochs
2026-05-18 22:03:05,648 - mmdet - INFO - Evaluating bbox...
2026-05-18 22:04:29,185 - mmdet - INFO - 
Average Precision  (AP) @[ IoU=0.50:0.95 | area=   all | maxDets=100 ] = 0.719
Average Precision  (AP) @[ IoU=0.50      | area=   all | maxDets=1000 ] = 0.936
Average Precision  (AP) @[ IoU=0.75      | area=   all | maxDets=1000 ] = 0.837
Average Precision  (AP) @[ IoU=0.50:0.95 | area= small | maxDets=1000 ] = 0.738
Average Precision  (AP) @[ IoU=0.50:0.95 | area=medium | maxDets=1000 ] = 0.683
Average Precision  (AP) @[ IoU=0.50:0.95 | area= large | maxDets=1000 ] = 0.425
Average Recall     (AR) @[ IoU=0.50:0.95 | area=   all | maxDets=100 ] = 0.802
Average Recall     (AR) @[ IoU=0.50:0.95 | area=   all | maxDets=300 ] = 0.816
Average Recall     (AR) @[ IoU=0.50:0.95 | area=   all | maxDets=1000 ] = 0.823
Average Recall     (AR) @[ IoU=0.50:0.95 | area= small | maxDets=1000 ] = 0.822
Average Recall     (AR) @[ IoU=0.50:0.95 | area=medium | maxDets=1000 ] = 0.843
Average Recall     (AR) @[ IoU=0.50:0.95 | area= large | maxDets=1000 ] = 0.716

2026-05-18 22:04:29,186 - mmdet - INFO - 
+----------+-------+
| category | AP    |
+----------+-------+
| ship     | 0.723 |
+----------+-------+
2026-05-18 22:04:29,935 - mmdet - INFO - The previous best checkpoint /mnt/data7t/liweijie19/code/detection_iptn/work_dirs/pixel_itpn_GFL_hrsid_jpg_large/best_bbox_mAP_50_epoch_24.pth was removed
2026-05-18 22:04:38,840 - mmdet - INFO - Now best checkpoint is saved as best_bbox_mAP_50_epoch_26.pth.
2026-05-18 22:04:38,840 - mmdet - INFO - Best bbox_mAP_50 is 0.9360 at 26 epoch.
2026-05-18 22:04:38,842 - mmdet - INFO - Exp name: pixel_itpn_GFL_hrsid_jpg_large.py
2026-05-18 22:04:38,843 - mmdet - INFO - Epoch(val) [26][327]	bbox_mAP: 0.7190, bbox_mAP_50: 0.9360, bbox_mAP_75: 0.8370, bbox_mAP_s: 0.7380, bbox_mAP_m: 0.6830, bbox_mAP_l: 0.4250, bbox_mAP_copypaste: 0.719 0.936 0.837 0.738 0.683 0.425
2026-05-18 22:06:01,569 - mmdet - INFO - Exp name: pixel_itpn_GFL_hrsid_jpg_large.py
2026-05-18 22:06:01,569 - mmdet - INFO - Epoch(val) [26][82]	loss_cls: 0.2221, loss_bbox: 0.2376, loss_dfl: 0.1792, loss: 0.6389
2026-05-18 22:07:21,206 - mmdet - INFO - Epoch [27][20/152]	lr: 3.572e-05, eta: 1:29:44, time: 3.980, data_time: 0.124, memory: 48815, loss_cls: 0.1204, loss_bbox: 0.1726, loss_dfl: 0.1576, loss: 0.4506, grad_norm: 3.0898
2026-05-18 22:08:38,776 - mmdet - INFO - Epoch [27][40/152]	lr: 3.572e-05, eta: 1:28:34, time: 3.878, data_time: 0.015, memory: 48815, loss_cls: 0.1079, loss_bbox: 0.1790, loss_dfl: 0.1574, loss: 0.4443, grad_norm: 2.6801
2026-05-18 22:09:56,349 - mmdet - INFO - Epoch [27][60/152]	lr: 3.572e-05, eta: 1:27:24, time: 3.879, data_time: 0.015, memory: 48815, loss_cls: 0.1107, loss_bbox: 0.1858, loss_dfl: 0.1589, loss: 0.4553, grad_norm: 2.7160
2026-05-18 22:11:13,958 - mmdet - INFO - Epoch [27][80/152]	lr: 3.572e-05, eta: 1:26:15, time: 3.881, data_time: 0.015, memory: 48815, loss_cls: 0.1202, loss_bbox: 0.1902, loss_dfl: 0.1629, loss: 0.4733, grad_norm: 2.9092
2026-05-18 22:12:31,464 - mmdet - INFO - Epoch [27][100/152]	lr: 3.572e-05, eta: 1:25:05, time: 3.875, data_time: 0.014, memory: 48815, loss_cls: 0.1147, loss_bbox: 0.1793, loss_dfl: 0.1559, loss: 0.4499, grad_norm: 2.8090
2026-05-18 22:13:48,954 - mmdet - INFO - Epoch [27][120/152]	lr: 3.572e-05, eta: 1:23:55, time: 3.875, data_time: 0.015, memory: 48815, loss_cls: 0.1137, loss_bbox: 0.1723, loss_dfl: 0.1576, loss: 0.4435, grad_norm: 2.8343
2026-05-18 22:15:06,522 - mmdet - INFO - Epoch [27][140/152]	lr: 3.572e-05, eta: 1:22:45, time: 3.879, data_time: 0.015, memory: 48815, loss_cls: 0.1089, loss_bbox: 0.1647, loss_dfl: 0.1568, loss: 0.4304, grad_norm: 3.0759
2026-05-18 22:15:53,077 - mmdet - INFO - Saving checkpoint at 27 epochs
2026-05-18 22:22:09,398 - mmdet - INFO - Evaluating bbox...
2026-05-18 22:22:51,393 - mmdet - INFO - 
Average Precision  (AP) @[ IoU=0.50:0.95 | area=   all | maxDets=100 ] = 0.723
Average Precision  (AP) @[ IoU=0.50      | area=   all | maxDets=1000 ] = 0.936
Average Precision  (AP) @[ IoU=0.75      | area=   all | maxDets=1000 ] = 0.837
Average Precision  (AP) @[ IoU=0.50:0.95 | area= small | maxDets=1000 ] = 0.742
Average Precision  (AP) @[ IoU=0.50:0.95 | area=medium | maxDets=1000 ] = 0.681
Average Precision  (AP) @[ IoU=0.50:0.95 | area= large | maxDets=1000 ] = 0.425
Average Recall     (AR) @[ IoU=0.50:0.95 | area=   all | maxDets=100 ] = 0.806
Average Recall     (AR) @[ IoU=0.50:0.95 | area=   all | maxDets=300 ] = 0.819
Average Recall     (AR) @[ IoU=0.50:0.95 | area=   all | maxDets=1000 ] = 0.825
Average Recall     (AR) @[ IoU=0.50:0.95 | area= small | maxDets=1000 ] = 0.825
Average Recall     (AR) @[ IoU=0.50:0.95 | area=medium | maxDets=1000 ] = 0.838
Average Recall     (AR) @[ IoU=0.50:0.95 | area= large | maxDets=1000 ] = 0.701

2026-05-18 22:22:51,394 - mmdet - INFO - 
+----------+-------+
| category | AP    |
+----------+-------+
| ship     | 0.726 |
+----------+-------+
2026-05-18 22:22:51,585 - mmdet - INFO - Exp name: pixel_itpn_GFL_hrsid_jpg_large.py
2026-05-18 22:22:51,585 - mmdet - INFO - Epoch(val) [27][327]	bbox_mAP: 0.7230, bbox_mAP_50: 0.9360, bbox_mAP_75: 0.8370, bbox_mAP_s: 0.7420, bbox_mAP_m: 0.6810, bbox_mAP_l: 0.4250, bbox_mAP_copypaste: 0.723 0.936 0.837 0.742 0.681 0.425
2026-05-18 22:24:14,434 - mmdet - INFO - Exp name: pixel_itpn_GFL_hrsid_jpg_large.py
2026-05-18 22:24:14,435 - mmdet - INFO - Epoch(val) [27][82]	loss_cls: 0.2191, loss_bbox: 0.2327, loss_dfl: 0.1789, loss: 0.6307
2026-05-18 22:25:34,065 - mmdet - INFO - Epoch [28][20/152]	lr: 2.929e-05, eta: 1:20:38, time: 3.980, data_time: 0.123, memory: 48815, loss_cls: 0.1147, loss_bbox: 0.1792, loss_dfl: 0.1571, loss: 0.4510, grad_norm: 2.7328
2026-05-18 22:26:51,432 - mmdet - INFO - Epoch [28][40/152]	lr: 2.929e-05, eta: 1:19:28, time: 3.868, data_time: 0.015, memory: 48815, loss_cls: 0.1039, loss_bbox: 0.1693, loss_dfl: 0.1560, loss: 0.4292, grad_norm: 2.7894
2026-05-18 22:28:09,015 - mmdet - INFO - Epoch [28][60/152]	lr: 2.929e-05, eta: 1:18:18, time: 3.879, data_time: 0.015, memory: 48815, loss_cls: 0.1126, loss_bbox: 0.1760, loss_dfl: 0.1585, loss: 0.4471, grad_norm: 2.6218
2026-05-18 22:29:26,612 - mmdet - INFO - Epoch [28][80/152]	lr: 2.929e-05, eta: 1:17:08, time: 3.880, data_time: 0.015, memory: 48815, loss_cls: 0.1170, loss_bbox: 0.1680, loss_dfl: 0.1586, loss: 0.4435, grad_norm: 2.8004
2026-05-18 22:30:44,244 - mmdet - INFO - Epoch [28][100/152]	lr: 2.929e-05, eta: 1:15:58, time: 3.882, data_time: 0.015, memory: 48815, loss_cls: 0.1032, loss_bbox: 0.1627, loss_dfl: 0.1546, loss: 0.4205, grad_norm: 2.7708
2026-05-18 22:32:01,617 - mmdet - INFO - Epoch [28][120/152]	lr: 2.929e-05, eta: 1:14:47, time: 3.868, data_time: 0.014, memory: 48815, loss_cls: 0.1038, loss_bbox: 0.1732, loss_dfl: 0.1560, loss: 0.4330, grad_norm: 2.6328
2026-05-18 22:33:19,204 - mmdet - INFO - Epoch [28][140/152]	lr: 2.929e-05, eta: 1:13:37, time: 3.880, data_time: 0.015, memory: 48815, loss_cls: 0.1141, loss_bbox: 0.1821, loss_dfl: 0.1605, loss: 0.4567, grad_norm: 2.7268
2026-05-18 22:34:05,697 - mmdet - INFO - Saving checkpoint at 28 epochs
2026-05-18 22:40:21,910 - mmdet - INFO - Evaluating bbox...
2026-05-18 22:41:30,842 - mmdet - INFO - 
Average Precision  (AP) @[ IoU=0.50:0.95 | area=   all | maxDets=100 ] = 0.725
Average Precision  (AP) @[ IoU=0.50      | area=   all | maxDets=1000 ] = 0.938
Average Precision  (AP) @[ IoU=0.75      | area=   all | maxDets=1000 ] = 0.842
Average Precision  (AP) @[ IoU=0.50:0.95 | area= small | maxDets=1000 ] = 0.746
Average Precision  (AP) @[ IoU=0.50:0.95 | area=medium | maxDets=1000 ] = 0.688
Average Precision  (AP) @[ IoU=0.50:0.95 | area= large | maxDets=1000 ] = 0.447
Average Recall     (AR) @[ IoU=0.50:0.95 | area=   all | maxDets=100 ] = 0.807
Average Recall     (AR) @[ IoU=0.50:0.95 | area=   all | maxDets=300 ] = 0.820
Average Recall     (AR) @[ IoU=0.50:0.95 | area=   all | maxDets=1000 ] = 0.825
Average Recall     (AR) @[ IoU=0.50:0.95 | area= small | maxDets=1000 ] = 0.824
Average Recall     (AR) @[ IoU=0.50:0.95 | area=medium | maxDets=1000 ] = 0.841
Average Recall     (AR) @[ IoU=0.50:0.95 | area= large | maxDets=1000 ] = 0.736

2026-05-18 22:41:30,842 - mmdet - INFO - 
+----------+-------+
| category | AP    |
+----------+-------+
| ship     | 0.729 |
+----------+-------+
2026-05-18 22:41:31,520 - mmdet - INFO - The previous best checkpoint /mnt/data7t/liweijie19/code/detection_iptn/work_dirs/pixel_itpn_GFL_hrsid_jpg_large/best_bbox_mAP_50_epoch_26.pth was removed
2026-05-18 22:41:40,760 - mmdet - INFO - Now best checkpoint is saved as best_bbox_mAP_50_epoch_28.pth.
2026-05-18 22:41:40,761 - mmdet - INFO - Best bbox_mAP_50 is 0.9380 at 28 epoch.
2026-05-18 22:41:40,763 - mmdet - INFO - Exp name: pixel_itpn_GFL_hrsid_jpg_large.py
2026-05-18 22:41:40,764 - mmdet - INFO - Epoch(val) [28][327]	bbox_mAP: 0.7250, bbox_mAP_50: 0.9380, bbox_mAP_75: 0.8420, bbox_mAP_s: 0.7460, bbox_mAP_m: 0.6880, bbox_mAP_l: 0.4470, bbox_mAP_copypaste: 0.725 0.938 0.842 0.746 0.688 0.447
2026-05-18 22:43:03,413 - mmdet - INFO - Exp name: pixel_itpn_GFL_hrsid_jpg_large.py
2026-05-18 22:43:03,414 - mmdet - INFO - Epoch(val) [28][82]	loss_cls: 0.2225, loss_bbox: 0.2327, loss_dfl: 0.1787, loss: 0.6340
2026-05-18 22:44:23,067 - mmdet - INFO - Epoch [29][20/152]	lr: 2.340e-05, eta: 1:11:32, time: 3.982, data_time: 0.121, memory: 48815, loss_cls: 0.1078, loss_bbox: 0.1714, loss_dfl: 0.1569, loss: 0.4362, grad_norm: 2.6231
2026-05-18 22:45:40,657 - mmdet - INFO - Epoch [29][40/152]	lr: 2.340e-05, eta: 1:10:22, time: 3.879, data_time: 0.015, memory: 48815, loss_cls: 0.1051, loss_bbox: 0.1714, loss_dfl: 0.1544, loss: 0.4310, grad_norm: 2.7987
2026-05-18 22:46:58,241 - mmdet - INFO - Epoch [29][60/152]	lr: 2.340e-05, eta: 1:09:12, time: 3.879, data_time: 0.015, memory: 48815, loss_cls: 0.0998, loss_bbox: 0.1740, loss_dfl: 0.1554, loss: 0.4292, grad_norm: 2.5775
2026-05-18 22:48:15,849 - mmdet - INFO - Epoch [29][80/152]	lr: 2.340e-05, eta: 1:08:01, time: 3.880, data_time: 0.015, memory: 48815, loss_cls: 0.1115, loss_bbox: 0.1768, loss_dfl: 0.1572, loss: 0.4455, grad_norm: 2.8085
2026-05-18 22:49:33,414 - mmdet - INFO - Epoch [29][100/152]	lr: 2.340e-05, eta: 1:06:51, time: 3.878, data_time: 0.014, memory: 48815, loss_cls: 0.1171, loss_bbox: 0.1716, loss_dfl: 0.1582, loss: 0.4469, grad_norm: 2.9225
2026-05-18 22:50:51,028 - mmdet - INFO - Epoch [29][120/152]	lr: 2.340e-05, eta: 1:05:40, time: 3.881, data_time: 0.015, memory: 48815, loss_cls: 0.1038, loss_bbox: 0.1745, loss_dfl: 0.1577, loss: 0.4361, grad_norm: 2.5416
2026-05-18 22:52:08,615 - mmdet - INFO - Epoch [29][140/152]	lr: 2.340e-05, eta: 1:04:30, time: 3.879, data_time: 0.015, memory: 48815, loss_cls: 0.1057, loss_bbox: 0.1712, loss_dfl: 0.1573, loss: 0.4342, grad_norm: 2.7787
2026-05-18 22:52:55,138 - mmdet - INFO - Saving checkpoint at 29 epochs
2026-05-18 22:59:16,097 - mmdet - INFO - Evaluating bbox...
2026-05-18 23:00:21,143 - mmdet - INFO - 
Average Precision  (AP) @[ IoU=0.50:0.95 | area=   all | maxDets=100 ] = 0.727
Average Precision  (AP) @[ IoU=0.50      | area=   all | maxDets=1000 ] = 0.939
Average Precision  (AP) @[ IoU=0.75      | area=   all | maxDets=1000 ] = 0.843
Average Precision  (AP) @[ IoU=0.50:0.95 | area= small | maxDets=1000 ] = 0.748
Average Precision  (AP) @[ IoU=0.50:0.95 | area=medium | maxDets=1000 ] = 0.682
Average Precision  (AP) @[ IoU=0.50:0.95 | area= large | maxDets=1000 ] = 0.426
Average Recall     (AR) @[ IoU=0.50:0.95 | area=   all | maxDets=100 ] = 0.810
Average Recall     (AR) @[ IoU=0.50:0.95 | area=   all | maxDets=300 ] = 0.823
Average Recall     (AR) @[ IoU=0.50:0.95 | area=   all | maxDets=1000 ] = 0.829
Average Recall     (AR) @[ IoU=0.50:0.95 | area= small | maxDets=1000 ] = 0.830
Average Recall     (AR) @[ IoU=0.50:0.95 | area=medium | maxDets=1000 ] = 0.839
Average Recall     (AR) @[ IoU=0.50:0.95 | area= large | maxDets=1000 ] = 0.707

2026-05-18 23:00:21,143 - mmdet - INFO - 
+----------+-------+
| category | AP    |
+----------+-------+
| ship     | 0.730 |
+----------+-------+
2026-05-18 23:00:21,642 - mmdet - INFO - The previous best checkpoint /mnt/data7t/liweijie19/code/detection_iptn/work_dirs/pixel_itpn_GFL_hrsid_jpg_large/best_bbox_mAP_50_epoch_28.pth was removed
2026-05-18 23:00:28,469 - mmdet - INFO - Now best checkpoint is saved as best_bbox_mAP_50_epoch_29.pth.
2026-05-18 23:00:28,469 - mmdet - INFO - Best bbox_mAP_50 is 0.9390 at 29 epoch.
2026-05-18 23:00:28,471 - mmdet - INFO - Exp name: pixel_itpn_GFL_hrsid_jpg_large.py
2026-05-18 23:00:28,471 - mmdet - INFO - Epoch(val) [29][327]	bbox_mAP: 0.7270, bbox_mAP_50: 0.9390, bbox_mAP_75: 0.8430, bbox_mAP_s: 0.7480, bbox_mAP_m: 0.6820, bbox_mAP_l: 0.4260, bbox_mAP_copypaste: 0.727 0.939 0.843 0.748 0.682 0.426
2026-05-18 23:01:50,904 - mmdet - INFO - Exp name: pixel_itpn_GFL_hrsid_jpg_large.py
2026-05-18 23:01:50,904 - mmdet - INFO - Epoch(val) [29][82]	loss_cls: 0.2167, loss_bbox: 0.2286, loss_dfl: 0.1783, loss: 0.6236
2026-05-18 23:03:10,562 - mmdet - INFO - Epoch [30][20/152]	lr: 1.808e-05, eta: 1:02:26, time: 3.982, data_time: 0.124, memory: 48815, loss_cls: 0.0988, loss_bbox: 0.1744, loss_dfl: 0.1574, loss: 0.4307, grad_norm: 2.4835
2026-05-18 23:04:28,090 - mmdet - INFO - Epoch [30][40/152]	lr: 1.808e-05, eta: 1:01:16, time: 3.876, data_time: 0.014, memory: 48815, loss_cls: 0.0958, loss_bbox: 0.1542, loss_dfl: 0.1515, loss: 0.4015, grad_norm: 2.5061
2026-05-18 23:05:45,680 - mmdet - INFO - Epoch [30][60/152]	lr: 1.808e-05, eta: 1:00:05, time: 3.880, data_time: 0.015, memory: 48815, loss_cls: 0.1029, loss_bbox: 0.1588, loss_dfl: 0.1558, loss: 0.4175, grad_norm: 2.8139
2026-05-18 23:07:03,237 - mmdet - INFO - Epoch [30][80/152]	lr: 1.808e-05, eta: 0:58:55, time: 3.878, data_time: 0.015, memory: 48815, loss_cls: 0.1055, loss_bbox: 0.1764, loss_dfl: 0.1559, loss: 0.4378, grad_norm: 2.5851
2026-05-18 23:08:20,856 - mmdet - INFO - Epoch [30][100/152]	lr: 1.808e-05, eta: 0:57:44, time: 3.881, data_time: 0.015, memory: 48815, loss_cls: 0.0982, loss_bbox: 0.1656, loss_dfl: 0.1529, loss: 0.4167, grad_norm: 2.6849
2026-05-18 23:09:38,440 - mmdet - INFO - Epoch [30][120/152]	lr: 1.808e-05, eta: 0:56:34, time: 3.879, data_time: 0.015, memory: 48815, loss_cls: 0.1029, loss_bbox: 0.1662, loss_dfl: 0.1556, loss: 0.4247, grad_norm: 2.7413
2026-05-18 23:10:56,081 - mmdet - INFO - Epoch [30][140/152]	lr: 1.808e-05, eta: 0:55:23, time: 3.882, data_time: 0.016, memory: 48815, loss_cls: 0.1026, loss_bbox: 0.1743, loss_dfl: 0.1569, loss: 0.4338, grad_norm: 2.7137
2026-05-18 23:11:42,633 - mmdet - INFO - Saving checkpoint at 30 epochs
2026-05-18 23:18:01,693 - mmdet - INFO - Evaluating bbox...
2026-05-18 23:19:26,231 - mmdet - INFO - 
Average Precision  (AP) @[ IoU=0.50:0.95 | area=   all | maxDets=100 ] = 0.730
Average Precision  (AP) @[ IoU=0.50      | area=   all | maxDets=1000 ] = 0.939
Average Precision  (AP) @[ IoU=0.75      | area=   all | maxDets=1000 ] = 0.843
Average Precision  (AP) @[ IoU=0.50:0.95 | area= small | maxDets=1000 ] = 0.749
Average Precision  (AP) @[ IoU=0.50:0.95 | area=medium | maxDets=1000 ] = 0.693
Average Precision  (AP) @[ IoU=0.50:0.95 | area= large | maxDets=1000 ] = 0.445
Average Recall     (AR) @[ IoU=0.50:0.95 | area=   all | maxDets=100 ] = 0.811
Average Recall     (AR) @[ IoU=0.50:0.95 | area=   all | maxDets=300 ] = 0.824
Average Recall     (AR) @[ IoU=0.50:0.95 | area=   all | maxDets=1000 ] = 0.830
Average Recall     (AR) @[ IoU=0.50:0.95 | area= small | maxDets=1000 ] = 0.829
Average Recall     (AR) @[ IoU=0.50:0.95 | area=medium | maxDets=1000 ] = 0.848
Average Recall     (AR) @[ IoU=0.50:0.95 | area= large | maxDets=1000 ] = 0.718

2026-05-18 23:19:26,231 - mmdet - INFO - 
+----------+-------+
| category | AP    |
+----------+-------+
| ship     | 0.733 |
+----------+-------+
2026-05-18 23:19:26,571 - mmdet - INFO - Exp name: pixel_itpn_GFL_hrsid_jpg_large.py
2026-05-18 23:19:26,571 - mmdet - INFO - Epoch(val) [30][327]	bbox_mAP: 0.7300, bbox_mAP_50: 0.9390, bbox_mAP_75: 0.8430, bbox_mAP_s: 0.7490, bbox_mAP_m: 0.6930, bbox_mAP_l: 0.4450, bbox_mAP_copypaste: 0.730 0.939 0.843 0.749 0.693 0.445
2026-05-18 23:20:49,159 - mmdet - INFO - Exp name: pixel_itpn_GFL_hrsid_jpg_large.py
2026-05-18 23:20:49,159 - mmdet - INFO - Epoch(val) [30][82]	loss_cls: 0.2204, loss_bbox: 0.2268, loss_dfl: 0.1761, loss: 0.6234
2026-05-18 23:22:08,961 - mmdet - INFO - Epoch [31][20/152]	lr: 1.340e-05, eta: 0:53:21, time: 3.989, data_time: 0.126, memory: 48815, loss_cls: 0.0942, loss_bbox: 0.1588, loss_dfl: 0.1532, loss: 0.4063, grad_norm: 2.6042
2026-05-18 23:23:26,582 - mmdet - INFO - Epoch [31][40/152]	lr: 1.340e-05, eta: 0:52:10, time: 3.881, data_time: 0.015, memory: 48815, loss_cls: 0.1046, loss_bbox: 0.1618, loss_dfl: 0.1575, loss: 0.4239, grad_norm: 2.9441
2026-05-18 23:24:44,167 - mmdet - INFO - Epoch [31][60/152]	lr: 1.340e-05, eta: 0:50:59, time: 3.879, data_time: 0.015, memory: 48815, loss_cls: 0.1005, loss_bbox: 0.1694, loss_dfl: 0.1544, loss: 0.4242, grad_norm: 2.7281
2026-05-18 23:26:01,759 - mmdet - INFO - Epoch [31][80/152]	lr: 1.340e-05, eta: 0:49:49, time: 3.880, data_time: 0.015, memory: 48815, loss_cls: 0.0978, loss_bbox: 0.1677, loss_dfl: 0.1557, loss: 0.4213, grad_norm: 2.6293
2026-05-18 23:27:19,292 - mmdet - INFO - Epoch [31][100/152]	lr: 1.340e-05, eta: 0:48:38, time: 3.877, data_time: 0.015, memory: 48815, loss_cls: 0.1006, loss_bbox: 0.1473, loss_dfl: 0.1547, loss: 0.4026, grad_norm: 2.7920
2026-05-18 23:28:36,833 - mmdet - INFO - Epoch [31][120/152]	lr: 1.340e-05, eta: 0:47:27, time: 3.877, data_time: 0.015, memory: 48815, loss_cls: 0.1017, loss_bbox: 0.1727, loss_dfl: 0.1555, loss: 0.4298, grad_norm: 2.6494
2026-05-18 23:29:54,299 - mmdet - INFO - Epoch [31][140/152]	lr: 1.340e-05, eta: 0:46:16, time: 3.873, data_time: 0.014, memory: 48815, loss_cls: 0.1036, loss_bbox: 0.1625, loss_dfl: 0.1536, loss: 0.4197, grad_norm: 2.5706
2026-05-18 23:30:40,807 - mmdet - INFO - Saving checkpoint at 31 epochs
2026-05-18 23:37:25,598 - mmdet - INFO - Evaluating bbox...
2026-05-18 23:39:40,790 - mmdet - INFO - 
Average Precision  (AP) @[ IoU=0.50:0.95 | area=   all | maxDets=100 ] = 0.730
Average Precision  (AP) @[ IoU=0.50      | area=   all | maxDets=1000 ] = 0.939
Average Precision  (AP) @[ IoU=0.75      | area=   all | maxDets=1000 ] = 0.843
Average Precision  (AP) @[ IoU=0.50:0.95 | area= small | maxDets=1000 ] = 0.750
Average Precision  (AP) @[ IoU=0.50:0.95 | area=medium | maxDets=1000 ] = 0.692
Average Precision  (AP) @[ IoU=0.50:0.95 | area= large | maxDets=1000 ] = 0.444
Average Recall     (AR) @[ IoU=0.50:0.95 | area=   all | maxDets=100 ] = 0.810
Average Recall     (AR) @[ IoU=0.50:0.95 | area=   all | maxDets=300 ] = 0.823
Average Recall     (AR) @[ IoU=0.50:0.95 | area=   all | maxDets=1000 ] = 0.830
Average Recall     (AR) @[ IoU=0.50:0.95 | area= small | maxDets=1000 ] = 0.830
Average Recall     (AR) @[ IoU=0.50:0.95 | area=medium | maxDets=1000 ] = 0.846
Average Recall     (AR) @[ IoU=0.50:0.95 | area= large | maxDets=1000 ] = 0.713

2026-05-18 23:39:40,791 - mmdet - INFO - 
+----------+-------+
| category | AP    |
+----------+-------+
| ship     | 0.733 |
+----------+-------+
2026-05-18 23:39:41,579 - mmdet - INFO - Exp name: pixel_itpn_GFL_hrsid_jpg_large.py
2026-05-18 23:39:41,580 - mmdet - INFO - Epoch(val) [31][327]	bbox_mAP: 0.7300, bbox_mAP_50: 0.9390, bbox_mAP_75: 0.8430, bbox_mAP_s: 0.7500, bbox_mAP_m: 0.6920, bbox_mAP_l: 0.4440, bbox_mAP_copypaste: 0.730 0.939 0.843 0.750 0.692 0.444
2026-05-18 23:41:04,061 - mmdet - INFO - Exp name: pixel_itpn_GFL_hrsid_jpg_large.py
2026-05-18 23:41:04,061 - mmdet - INFO - Epoch(val) [31][82]	loss_cls: 0.2143, loss_bbox: 0.2282, loss_dfl: 0.1769, loss: 0.6194
2026-05-18 23:42:23,760 - mmdet - INFO - Epoch [32][20/152]	lr: 9.369e-06, eta: 0:44:15, time: 3.984, data_time: 0.122, memory: 48815, loss_cls: 0.0979, loss_bbox: 0.1586, loss_dfl: 0.1546, loss: 0.4111, grad_norm: 2.4495
2026-05-18 23:43:41,332 - mmdet - INFO - Epoch [32][40/152]	lr: 9.369e-06, eta: 0:43:04, time: 3.879, data_time: 0.015, memory: 48815, loss_cls: 0.1013, loss_bbox: 0.1540, loss_dfl: 0.1522, loss: 0.4074, grad_norm: 2.6689
2026-05-18 23:44:58,974 - mmdet - INFO - Epoch [32][60/152]	lr: 9.369e-06, eta: 0:41:53, time: 3.881, data_time: 0.014, memory: 48815, loss_cls: 0.0971, loss_bbox: 0.1609, loss_dfl: 0.1528, loss: 0.4108, grad_norm: 2.6414
2026-05-18 23:46:16,162 - mmdet - INFO - Epoch [32][80/152]	lr: 9.369e-06, eta: 0:40:42, time: 3.859, data_time: 0.010, memory: 48815, loss_cls: 0.0891, loss_bbox: 0.1572, loss_dfl: 0.1493, loss: 0.3956, grad_norm: 2.6327
2026-05-18 23:47:33,613 - mmdet - INFO - Epoch [32][100/152]	lr: 9.369e-06, eta: 0:39:31, time: 3.873, data_time: 0.010, memory: 48815, loss_cls: 0.0999, loss_bbox: 0.1623, loss_dfl: 0.1548, loss: 0.4170, grad_norm: 2.6273
2026-05-18 23:48:51,082 - mmdet - INFO - Epoch [32][120/152]	lr: 9.369e-06, eta: 0:38:20, time: 3.873, data_time: 0.009, memory: 48815, loss_cls: 0.0978, loss_bbox: 0.1630, loss_dfl: 0.1540, loss: 0.4148, grad_norm: 2.5247
2026-05-18 23:50:08,578 - mmdet - INFO - Epoch [32][140/152]	lr: 9.369e-06, eta: 0:37:09, time: 3.875, data_time: 0.010, memory: 48815, loss_cls: 0.0889, loss_bbox: 0.1646, loss_dfl: 0.1535, loss: 0.4070, grad_norm: 2.3802
2026-05-18 23:50:55,024 - mmdet - INFO - Saving checkpoint at 32 epochs
2026-05-18 23:57:19,532 - mmdet - INFO - Evaluating bbox...
2026-05-18 23:58:13,100 - mmdet - INFO - 
Average Precision  (AP) @[ IoU=0.50:0.95 | area=   all | maxDets=100 ] = 0.732
Average Precision  (AP) @[ IoU=0.50      | area=   all | maxDets=1000 ] = 0.938
Average Precision  (AP) @[ IoU=0.75      | area=   all | maxDets=1000 ] = 0.845
Average Precision  (AP) @[ IoU=0.50:0.95 | area= small | maxDets=1000 ] = 0.751
Average Precision  (AP) @[ IoU=0.50:0.95 | area=medium | maxDets=1000 ] = 0.693
Average Precision  (AP) @[ IoU=0.50:0.95 | area= large | maxDets=1000 ] = 0.447
Average Recall     (AR) @[ IoU=0.50:0.95 | area=   all | maxDets=100 ] = 0.813
Average Recall     (AR) @[ IoU=0.50:0.95 | area=   all | maxDets=300 ] = 0.827
Average Recall     (AR) @[ IoU=0.50:0.95 | area=   all | maxDets=1000 ] = 0.833
Average Recall     (AR) @[ IoU=0.50:0.95 | area= small | maxDets=1000 ] = 0.832
Average Recall     (AR) @[ IoU=0.50:0.95 | area=medium | maxDets=1000 ] = 0.850
Average Recall     (AR) @[ IoU=0.50:0.95 | area= large | maxDets=1000 ] = 0.738

2026-05-18 23:58:13,100 - mmdet - INFO - 
+----------+-------+
| category | AP    |
+----------+-------+
| ship     | 0.735 |
+----------+-------+
2026-05-18 23:58:13,415 - mmdet - INFO - Exp name: pixel_itpn_GFL_hrsid_jpg_large.py
2026-05-18 23:58:13,416 - mmdet - INFO - Epoch(val) [32][327]	bbox_mAP: 0.7320, bbox_mAP_50: 0.9380, bbox_mAP_75: 0.8450, bbox_mAP_s: 0.7510, bbox_mAP_m: 0.6930, bbox_mAP_l: 0.4470, bbox_mAP_copypaste: 0.732 0.938 0.845 0.751 0.693 0.447
2026-05-18 23:59:35,821 - mmdet - INFO - Exp name: pixel_itpn_GFL_hrsid_jpg_large.py
2026-05-18 23:59:35,821 - mmdet - INFO - Epoch(val) [32][82]	loss_cls: 0.2238, loss_bbox: 0.2249, loss_dfl: 0.1768, loss: 0.6255
2026-05-19 00:00:55,516 - mmdet - INFO - Epoch [33][20/152]	lr: 6.031e-06, eta: 0:35:10, time: 3.984, data_time: 0.125, memory: 48815, loss_cls: 0.0894, loss_bbox: 0.1612, loss_dfl: 0.1519, loss: 0.4025, grad_norm: 2.4280
2026-05-19 00:02:13,065 - mmdet - INFO - Epoch [33][40/152]	lr: 6.031e-06, eta: 0:33:59, time: 3.877, data_time: 0.015, memory: 48815, loss_cls: 0.0918, loss_bbox: 0.1575, loss_dfl: 0.1532, loss: 0.4025, grad_norm: 2.6649
2026-05-19 00:03:30,589 - mmdet - INFO - Epoch [33][60/152]	lr: 6.031e-06, eta: 0:32:47, time: 3.876, data_time: 0.015, memory: 48815, loss_cls: 0.0981, loss_bbox: 0.1627, loss_dfl: 0.1549, loss: 0.4157, grad_norm: 2.5175
2026-05-19 00:04:48,215 - mmdet - INFO - Epoch [33][80/152]	lr: 6.031e-06, eta: 0:31:36, time: 3.881, data_time: 0.015, memory: 48815, loss_cls: 0.0925, loss_bbox: 0.1472, loss_dfl: 0.1523, loss: 0.3920, grad_norm: 2.4621
2026-05-19 00:06:05,837 - mmdet - INFO - Epoch [33][100/152]	lr: 6.031e-06, eta: 0:30:25, time: 3.881, data_time: 0.015, memory: 48815, loss_cls: 0.0910, loss_bbox: 0.1602, loss_dfl: 0.1528, loss: 0.4040, grad_norm: 2.6158
2026-05-19 00:07:23,423 - mmdet - INFO - Epoch [33][120/152]	lr: 6.031e-06, eta: 0:29:14, time: 3.879, data_time: 0.014, memory: 48815, loss_cls: 0.0962, loss_bbox: 0.1558, loss_dfl: 0.1538, loss: 0.4057, grad_norm: 2.6480
2026-05-19 00:08:41,002 - mmdet - INFO - Epoch [33][140/152]	lr: 6.031e-06, eta: 0:28:02, time: 3.879, data_time: 0.016, memory: 48815, loss_cls: 0.1010, loss_bbox: 0.1581, loss_dfl: 0.1538, loss: 0.4128, grad_norm: 2.8315
2026-05-19 00:09:27,490 - mmdet - INFO - Saving checkpoint at 33 epochs
2026-05-19 00:15:45,793 - mmdet - INFO - Evaluating bbox...
2026-05-19 00:16:38,374 - mmdet - INFO - 
Average Precision  (AP) @[ IoU=0.50:0.95 | area=   all | maxDets=100 ] = 0.734
Average Precision  (AP) @[ IoU=0.50      | area=   all | maxDets=1000 ] = 0.939
Average Precision  (AP) @[ IoU=0.75      | area=   all | maxDets=1000 ] = 0.847
Average Precision  (AP) @[ IoU=0.50:0.95 | area= small | maxDets=1000 ] = 0.753
Average Precision  (AP) @[ IoU=0.50:0.95 | area=medium | maxDets=1000 ] = 0.693
Average Precision  (AP) @[ IoU=0.50:0.95 | area= large | maxDets=1000 ] = 0.445
Average Recall     (AR) @[ IoU=0.50:0.95 | area=   all | maxDets=100 ] = 0.814
Average Recall     (AR) @[ IoU=0.50:0.95 | area=   all | maxDets=300 ] = 0.827
Average Recall     (AR) @[ IoU=0.50:0.95 | area=   all | maxDets=1000 ] = 0.833
Average Recall     (AR) @[ IoU=0.50:0.95 | area= small | maxDets=1000 ] = 0.832
Average Recall     (AR) @[ IoU=0.50:0.95 | area=medium | maxDets=1000 ] = 0.850
Average Recall     (AR) @[ IoU=0.50:0.95 | area= large | maxDets=1000 ] = 0.730

2026-05-19 00:16:38,375 - mmdet - INFO - 
+----------+-------+
| category | AP    |
+----------+-------+
| ship     | 0.736 |
+----------+-------+
2026-05-19 00:16:38,610 - mmdet - INFO - Exp name: pixel_itpn_GFL_hrsid_jpg_large.py
2026-05-19 00:16:38,610 - mmdet - INFO - Epoch(val) [33][327]	bbox_mAP: 0.7340, bbox_mAP_50: 0.9390, bbox_mAP_75: 0.8470, bbox_mAP_s: 0.7530, bbox_mAP_m: 0.6930, bbox_mAP_l: 0.4450, bbox_mAP_copypaste: 0.734 0.939 0.847 0.753 0.693 0.445
2026-05-19 00:18:01,038 - mmdet - INFO - Exp name: pixel_itpn_GFL_hrsid_jpg_large.py
2026-05-19 00:18:01,038 - mmdet - INFO - Epoch(val) [33][82]	loss_cls: 0.2239, loss_bbox: 0.2253, loss_dfl: 0.1785, loss: 0.6278
2026-05-19 00:19:20,811 - mmdet - INFO - Epoch [34][20/152]	lr: 3.408e-06, eta: 0:26:04, time: 3.988, data_time: 0.123, memory: 48815, loss_cls: 0.0949, loss_bbox: 0.1561, loss_dfl: 0.1527, loss: 0.4038, grad_norm: 2.5983
2026-05-19 00:20:38,349 - mmdet - INFO - Epoch [34][40/152]	lr: 3.408e-06, eta: 0:24:53, time: 3.877, data_time: 0.014, memory: 48815, loss_cls: 0.0984, loss_bbox: 0.1520, loss_dfl: 0.1524, loss: 0.4028, grad_norm: 2.6465
2026-05-19 00:21:56,012 - mmdet - INFO - Epoch [34][60/152]	lr: 3.408e-06, eta: 0:23:41, time: 3.883, data_time: 0.015, memory: 48815, loss_cls: 0.1006, loss_bbox: 0.1515, loss_dfl: 0.1524, loss: 0.4044, grad_norm: 2.7831
2026-05-19 00:23:13,626 - mmdet - INFO - Epoch [34][80/152]	lr: 3.408e-06, eta: 0:22:30, time: 3.881, data_time: 0.015, memory: 48815, loss_cls: 0.0908, loss_bbox: 0.1530, loss_dfl: 0.1514, loss: 0.3952, grad_norm: 2.5610
2026-05-19 00:24:31,174 - mmdet - INFO - Epoch [34][100/152]	lr: 3.408e-06, eta: 0:21:19, time: 3.877, data_time: 0.014, memory: 48815, loss_cls: 0.0923, loss_bbox: 0.1576, loss_dfl: 0.1559, loss: 0.4059, grad_norm: 2.6850
2026-05-19 00:25:48,820 - mmdet - INFO - Epoch [34][120/152]	lr: 3.408e-06, eta: 0:20:07, time: 3.882, data_time: 0.015, memory: 48815, loss_cls: 0.0907, loss_bbox: 0.1629, loss_dfl: 0.1535, loss: 0.4071, grad_norm: 2.5122
2026-05-19 00:27:06,539 - mmdet - INFO - Epoch [34][140/152]	lr: 3.408e-06, eta: 0:18:56, time: 3.886, data_time: 0.015, memory: 48815, loss_cls: 0.0940, loss_bbox: 0.1648, loss_dfl: 0.1535, loss: 0.4123, grad_norm: 2.5444
2026-05-19 00:27:53,105 - mmdet - INFO - Saving checkpoint at 34 epochs
2026-05-19 00:34:12,445 - mmdet - INFO - Evaluating bbox...
2026-05-19 00:35:06,144 - mmdet - INFO - 
Average Precision  (AP) @[ IoU=0.50:0.95 | area=   all | maxDets=100 ] = 0.735
Average Precision  (AP) @[ IoU=0.50      | area=   all | maxDets=1000 ] = 0.939
Average Precision  (AP) @[ IoU=0.75      | area=   all | maxDets=1000 ] = 0.846
Average Precision  (AP) @[ IoU=0.50:0.95 | area= small | maxDets=1000 ] = 0.753
Average Precision  (AP) @[ IoU=0.50:0.95 | area=medium | maxDets=1000 ] = 0.694
Average Precision  (AP) @[ IoU=0.50:0.95 | area= large | maxDets=1000 ] = 0.443
Average Recall     (AR) @[ IoU=0.50:0.95 | area=   all | maxDets=100 ] = 0.814
Average Recall     (AR) @[ IoU=0.50:0.95 | area=   all | maxDets=300 ] = 0.828
Average Recall     (AR) @[ IoU=0.50:0.95 | area=   all | maxDets=1000 ] = 0.834
Average Recall     (AR) @[ IoU=0.50:0.95 | area= small | maxDets=1000 ] = 0.833
Average Recall     (AR) @[ IoU=0.50:0.95 | area=medium | maxDets=1000 ] = 0.850
Average Recall     (AR) @[ IoU=0.50:0.95 | area= large | maxDets=1000 ] = 0.733

2026-05-19 00:35:06,144 - mmdet - INFO - 
+----------+-------+
| category | AP    |
+----------+-------+
| ship     | 0.737 |
+----------+-------+
2026-05-19 00:35:06,391 - mmdet - INFO - Exp name: pixel_itpn_GFL_hrsid_jpg_large.py
2026-05-19 00:35:06,392 - mmdet - INFO - Epoch(val) [34][327]	bbox_mAP: 0.7350, bbox_mAP_50: 0.9390, bbox_mAP_75: 0.8460, bbox_mAP_s: 0.7530, bbox_mAP_m: 0.6940, bbox_mAP_l: 0.4430, bbox_mAP_copypaste: 0.735 0.939 0.846 0.753 0.694 0.443
2026-05-19 00:36:29,113 - mmdet - INFO - Exp name: pixel_itpn_GFL_hrsid_jpg_large.py
2026-05-19 00:36:29,113 - mmdet - INFO - Epoch(val) [34][82]	loss_cls: 0.2235, loss_bbox: 0.2254, loss_dfl: 0.1773, loss: 0.6262
2026-05-19 00:37:48,819 - mmdet - INFO - Epoch [35][20/152]	lr: 1.519e-06, eta: 0:16:59, time: 3.984, data_time: 0.125, memory: 48815, loss_cls: 0.0873, loss_bbox: 0.1626, loss_dfl: 0.1543, loss: 0.4043, grad_norm: 2.4886
2026-05-19 00:39:06,439 - mmdet - INFO - Epoch [35][40/152]	lr: 1.519e-06, eta: 0:15:47, time: 3.881, data_time: 0.015, memory: 48815, loss_cls: 0.0945, loss_bbox: 0.1555, loss_dfl: 0.1507, loss: 0.4007, grad_norm: 2.7443
2026-05-19 00:40:23,925 - mmdet - INFO - Epoch [35][60/152]	lr: 1.519e-06, eta: 0:14:36, time: 3.874, data_time: 0.015, memory: 48815, loss_cls: 0.0897, loss_bbox: 0.1440, loss_dfl: 0.1513, loss: 0.3850, grad_norm: 2.6786
2026-05-19 00:41:41,502 - mmdet - INFO - Epoch [35][80/152]	lr: 1.519e-06, eta: 0:13:24, time: 3.879, data_time: 0.015, memory: 48815, loss_cls: 0.0895, loss_bbox: 0.1625, loss_dfl: 0.1531, loss: 0.4051, grad_norm: 2.5137
2026-05-19 00:42:59,095 - mmdet - INFO - Epoch [35][100/152]	lr: 1.519e-06, eta: 0:12:12, time: 3.880, data_time: 0.015, memory: 48815, loss_cls: 0.1069, loss_bbox: 0.1622, loss_dfl: 0.1549, loss: 0.4239, grad_norm: 2.7931
2026-05-19 00:44:16,710 - mmdet - INFO - Epoch [35][120/152]	lr: 1.519e-06, eta: 0:11:01, time: 3.881, data_time: 0.015, memory: 48815, loss_cls: 0.0917, loss_bbox: 0.1443, loss_dfl: 0.1514, loss: 0.3874, grad_norm: 2.6040
2026-05-19 00:45:34,113 - mmdet - INFO - Epoch [35][140/152]	lr: 1.519e-06, eta: 0:09:49, time: 3.870, data_time: 0.015, memory: 48815, loss_cls: 0.0869, loss_bbox: 0.1550, loss_dfl: 0.1488, loss: 0.3907, grad_norm: 2.3716
2026-05-19 00:46:20,597 - mmdet - INFO - Saving checkpoint at 35 epochs
2026-05-19 00:52:38,652 - mmdet - INFO - Evaluating bbox...
2026-05-19 00:53:29,339 - mmdet - INFO - 
Average Precision  (AP) @[ IoU=0.50:0.95 | area=   all | maxDets=100 ] = 0.735
Average Precision  (AP) @[ IoU=0.50      | area=   all | maxDets=1000 ] = 0.940
Average Precision  (AP) @[ IoU=0.75      | area=   all | maxDets=1000 ] = 0.846
Average Precision  (AP) @[ IoU=0.50:0.95 | area= small | maxDets=1000 ] = 0.754
Average Precision  (AP) @[ IoU=0.50:0.95 | area=medium | maxDets=1000 ] = 0.693
Average Precision  (AP) @[ IoU=0.50:0.95 | area= large | maxDets=1000 ] = 0.439
Average Recall     (AR) @[ IoU=0.50:0.95 | area=   all | maxDets=100 ] = 0.815
Average Recall     (AR) @[ IoU=0.50:0.95 | area=   all | maxDets=300 ] = 0.827
Average Recall     (AR) @[ IoU=0.50:0.95 | area=   all | maxDets=1000 ] = 0.834
Average Recall     (AR) @[ IoU=0.50:0.95 | area= small | maxDets=1000 ] = 0.833
Average Recall     (AR) @[ IoU=0.50:0.95 | area=medium | maxDets=1000 ] = 0.850
Average Recall     (AR) @[ IoU=0.50:0.95 | area= large | maxDets=1000 ] = 0.737

2026-05-19 00:53:29,340 - mmdet - INFO - 
+----------+-------+
| category | AP    |
+----------+-------+
| ship     | 0.737 |
+----------+-------+
2026-05-19 00:53:29,886 - mmdet - INFO - The previous best checkpoint /mnt/data7t/liweijie19/code/detection_iptn/work_dirs/pixel_itpn_GFL_hrsid_jpg_large/best_bbox_mAP_50_epoch_29.pth was removed
2026-05-19 00:53:36,711 - mmdet - INFO - Now best checkpoint is saved as best_bbox_mAP_50_epoch_35.pth.
2026-05-19 00:53:36,711 - mmdet - INFO - Best bbox_mAP_50 is 0.9400 at 35 epoch.
2026-05-19 00:53:36,714 - mmdet - INFO - Exp name: pixel_itpn_GFL_hrsid_jpg_large.py
2026-05-19 00:53:36,714 - mmdet - INFO - Epoch(val) [35][327]	bbox_mAP: 0.7350, bbox_mAP_50: 0.9400, bbox_mAP_75: 0.8460, bbox_mAP_s: 0.7540, bbox_mAP_m: 0.6930, bbox_mAP_l: 0.4390, bbox_mAP_copypaste: 0.735 0.940 0.846 0.754 0.693 0.439
2026-05-19 00:54:59,192 - mmdet - INFO - Exp name: pixel_itpn_GFL_hrsid_jpg_large.py
2026-05-19 00:54:59,192 - mmdet - INFO - Epoch(val) [35][82]	loss_cls: 0.2209, loss_bbox: 0.2250, loss_dfl: 0.1773, loss: 0.6232
2026-05-19 00:56:18,856 - mmdet - INFO - Epoch [36][20/152]	lr: 3.807e-07, eta: 0:07:53, time: 3.982, data_time: 0.124, memory: 48815, loss_cls: 0.0892, loss_bbox: 0.1618, loss_dfl: 0.1525, loss: 0.4035, grad_norm: 2.4703
2026-05-19 00:57:36,240 - mmdet - INFO - Epoch [36][40/152]	lr: 3.807e-07, eta: 0:06:42, time: 3.869, data_time: 0.015, memory: 48815, loss_cls: 0.0887, loss_bbox: 0.1592, loss_dfl: 0.1512, loss: 0.3991, grad_norm: 2.4126
2026-05-19 00:58:53,598 - mmdet - INFO - Epoch [36][60/152]	lr: 3.807e-07, eta: 0:05:30, time: 3.868, data_time: 0.015, memory: 48815, loss_cls: 0.0903, loss_bbox: 0.1508, loss_dfl: 0.1524, loss: 0.3935, grad_norm: 2.5488
2026-05-19 01:00:10,885 - mmdet - INFO - Epoch [36][80/152]	lr: 3.807e-07, eta: 0:04:18, time: 3.864, data_time: 0.015, memory: 48815, loss_cls: 0.0973, loss_bbox: 0.1536, loss_dfl: 0.1534, loss: 0.4043, grad_norm: 2.5814
2026-05-19 01:01:28,170 - mmdet - INFO - Epoch [36][100/152]	lr: 3.807e-07, eta: 0:03:06, time: 3.864, data_time: 0.015, memory: 48815, loss_cls: 0.0957, loss_bbox: 0.1664, loss_dfl: 0.1533, loss: 0.4155, grad_norm: 2.5798
2026-05-19 01:02:45,537 - mmdet - INFO - Epoch [36][120/152]	lr: 3.807e-07, eta: 0:01:54, time: 3.868, data_time: 0.015, memory: 48815, loss_cls: 0.0871, loss_bbox: 0.1586, loss_dfl: 0.1524, loss: 0.3982, grad_norm: 2.4151
2026-05-19 01:04:02,907 - mmdet - INFO - Epoch [36][140/152]	lr: 3.807e-07, eta: 0:00:43, time: 3.869, data_time: 0.015, memory: 48815, loss_cls: 0.0889, loss_bbox: 0.1428, loss_dfl: 0.1503, loss: 0.3820, grad_norm: 2.7153
2026-05-19 01:04:49,318 - mmdet - INFO - Saving checkpoint at 36 epochs
2026-05-19 01:11:11,825 - mmdet - INFO - Evaluating bbox...
2026-05-19 01:12:03,522 - mmdet - INFO - 
Average Precision  (AP) @[ IoU=0.50:0.95 | area=   all | maxDets=100 ] = 0.735
Average Precision  (AP) @[ IoU=0.50      | area=   all | maxDets=1000 ] = 0.940
Average Precision  (AP) @[ IoU=0.75      | area=   all | maxDets=1000 ] = 0.846
Average Precision  (AP) @[ IoU=0.50:0.95 | area= small | maxDets=1000 ] = 0.754
Average Precision  (AP) @[ IoU=0.50:0.95 | area=medium | maxDets=1000 ] = 0.693
Average Precision  (AP) @[ IoU=0.50:0.95 | area= large | maxDets=1000 ] = 0.440
Average Recall     (AR) @[ IoU=0.50:0.95 | area=   all | maxDets=100 ] = 0.814
Average Recall     (AR) @[ IoU=0.50:0.95 | area=   all | maxDets=300 ] = 0.827
Average Recall     (AR) @[ IoU=0.50:0.95 | area=   all | maxDets=1000 ] = 0.833
Average Recall     (AR) @[ IoU=0.50:0.95 | area= small | maxDets=1000 ] = 0.833
Average Recall     (AR) @[ IoU=0.50:0.95 | area=medium | maxDets=1000 ] = 0.850
Average Recall     (AR) @[ IoU=0.50:0.95 | area= large | maxDets=1000 ] = 0.732

2026-05-19 01:12:03,522 - mmdet - INFO - 
+----------+-------+
| category | AP    |
+----------+-------+
| ship     | 0.737 |
+----------+-------+
2026-05-19 01:12:03,754 - mmdet - INFO - Exp name: pixel_itpn_GFL_hrsid_jpg_large.py
2026-05-19 01:12:03,754 - mmdet - INFO - Epoch(val) [36][327]	bbox_mAP: 0.7350, bbox_mAP_50: 0.9400, bbox_mAP_75: 0.8460, bbox_mAP_s: 0.7540, bbox_mAP_m: 0.6930, bbox_mAP_l: 0.4400, bbox_mAP_copypaste: 0.735 0.940 0.846 0.754 0.693 0.440
2026-05-19 01:13:26,172 - mmdet - INFO - Exp name: pixel_itpn_GFL_hrsid_jpg_large.py
2026-05-19 01:13:26,173 - mmdet - INFO - Epoch(val) [36][82]	loss_cls: 0.2238, loss_bbox: 0.2259, loss_dfl: 0.1772, loss: 0.6269
