2026/05/13 04:36:28 - mmengine - INFO - 
------------------------------------------------------------
System environment:
    sys.platform: linux
    Python: 3.8.10 (default, Jun  4 2021, 15:09:15) [GCC 7.5.0]
    CUDA available: True
    numpy_random_seed: 337743374
    GPU 0: NVIDIA GeForce RTX 4090 D
    CUDA_HOME: /usr/local/cuda
    NVCC: Cuda compilation tools, release 11.8, V11.8.89
    GCC: gcc (Ubuntu 9.4.0-1ubuntu1~20.04.1) 9.4.0
    PyTorch: 2.0.0+cu118
    PyTorch compiling details: PyTorch built with:
  - GCC 9.3
  - C++ Version: 201703
  - Intel(R) oneAPI Math Kernel Library Version 2022.2-Product Build 20220804 for Intel(R) 64 architecture applications
  - Intel(R) MKL-DNN v2.7.3 (Git Hash 6dbeffbae1f23cbbeae17adb7b5b13f1f37c080e)
  - OpenMP 201511 (a.k.a. OpenMP 4.5)
  - LAPACK is enabled (usually provided by MKL)
  - NNPACK is enabled
  - CPU capability usage: AVX2
  - CUDA Runtime 11.8
  - NVCC architecture flags: -gencode;arch=compute_37,code=sm_37;-gencode;arch=compute_50,code=sm_50;-gencode;arch=compute_60,code=sm_60;-gencode;arch=compute_70,code=sm_70;-gencode;arch=compute_75,code=sm_75;-gencode;arch=compute_80,code=sm_80;-gencode;arch=compute_86,code=sm_86;-gencode;arch=compute_90,code=sm_90
  - CuDNN 8.7
  - Magma 2.6.1
  - Build settings: BLAS_INFO=mkl, BUILD_TYPE=Release, CUDA_VERSION=11.8, CUDNN_VERSION=8.7.0, CXX_COMPILER=/opt/rh/devtoolset-9/root/usr/bin/c++, CXX_FLAGS= -D_GLIBCXX_USE_CXX11_ABI=0 -fabi-version=11 -Wno-deprecated -fvisibility-inlines-hidden -DUSE_PTHREADPOOL -DNDEBUG -DUSE_KINETO -DLIBKINETO_NOROCTRACER -DUSE_FBGEMM -DUSE_QNNPACK -DUSE_PYTORCH_QNNPACK -DUSE_XNNPACK -DSYMBOLICATE_MOBILE_DEBUG_HANDLE -O2 -fPIC -Wall -Wextra -Werror=return-type -Werror=non-virtual-dtor -Werror=bool-operation -Wnarrowing -Wno-missing-field-initializers -Wno-type-limits -Wno-array-bounds -Wno-unknown-pragmas -Wunused-local-typedefs -Wno-unused-parameter -Wno-unused-function -Wno-unused-result -Wno-strict-overflow -Wno-strict-aliasing -Wno-error=deprecated-declarations -Wno-stringop-overflow -Wno-psabi -Wno-error=pedantic -Wno-error=redundant-decls -Wno-error=old-style-cast -fdiagnostics-color=always -faligned-new -Wno-unused-but-set-variable -Wno-maybe-uninitialized -fno-math-errno -fno-trapping-math -Werror=format -Werror=cast-function-type -Wno-stringop-overflow, LAPACK_INFO=mkl, PERF_WITH_AVX=1, PERF_WITH_AVX2=1, PERF_WITH_AVX512=1, TORCH_DISABLE_GPU_ASSERTS=ON, TORCH_VERSION=2.0.0, USE_CUDA=ON, USE_CUDNN=ON, USE_EXCEPTION_PTR=1, USE_GFLAGS=OFF, USE_GLOG=OFF, USE_MKL=ON, USE_MKLDNN=ON, USE_MPI=OFF, USE_NCCL=1, USE_NNPACK=ON, USE_OPENMP=ON, USE_ROCM=OFF, 

    TorchVision: 0.15.1+cu118
    OpenCV: 4.9.0
    MMEngine: 0.7.1

Runtime environment:
    cudnn_benchmark: True
    mp_cfg: {'mp_start_method': 'fork', 'opencv_num_threads': 0}
    dist_cfg: {'backend': 'nccl'}
    seed: None
    Distributed launcher: none
    Distributed training: False
    GPU number: 1
------------------------------------------------------------

2026/05/13 04:36:28 - mmengine - INFO - Config:
norm_cfg = dict(type='SyncBN', requires_grad=True)
data_preprocessor = dict(
    type='SegDataPreProcessor',
    mean=[123.675, 116.28, 103.53],
    std=[58.395, 57.12, 57.375],
    bgr_to_rgb=True,
    pad_val=0,
    seg_pad_val=255)
auto_scale_lr = dict(enable=False, base_batch_size=32)
work_dir = './work_dirs/weijie_whu_1xb4_80k_6e-4'
model = dict(
    type='EncoderDecoder',
    data_preprocessor=dict(
        type='SegDataPreProcessor',
        mean=[53.7795, 53.7795, 53.7795],
        std=[55.539, 55.539, 55.539],
        bgr_to_rgb=True,
        pad_val=0,
        seg_pad_val=255,
        size=(512, 512)),
    pretrained=None,
    backbone=dict(
        type='iTPN_weijie',
        img_size=512,
        patch_size=16,
        in_channels=3,
        embed_dims=768,
        num_layers=12,
        num_heads=8,
        mlp_ratio=4,
        out_indices=(3, 5, 7, 11),
        qv_bias=True,
        attn_drop_rate=0.0,
        drop_path_rate=0.1,
        norm_cfg=dict(type='LN', eps=1e-06),
        act_cfg=dict(type='GELU'),
        norm_eval=False,
        init_values=0.1,
        modality='SAR',
        embed_dim=512,
        mlp_depth1=3,
        mlp_depth2=3,
        depth=24,
        fpn_dim=256,
        fpn_depth=2,
        qkv_bias=True,
        ape=True,
        rpe=False,
        num_outs=4,
        use_checkpoint=False,
        init_cfg=dict(
            type='Pretrained',
            checkpoint=
            '/root/autodl-tmp/weights/weijie_saratrx_2/checkpoint-1200.pth')),
    neck=None,
    decode_head=dict(
        type='UPerHead',
        in_channels=[384, 512, 768, 768],
        in_index=[0, 1, 2, 3],
        pool_scales=(1, 2, 3, 6),
        channels=768,
        dropout_ratio=0.1,
        num_classes=7,
        norm_cfg=dict(type='BN', requires_grad=True),
        align_corners=False,
        loss_decode=dict(
            type='CrossEntropyLoss', use_sigmoid=False, loss_weight=1.0)),
    auxiliary_head=dict(
        type='FCNHead',
        in_channels=768,
        in_index=2,
        channels=256,
        num_convs=1,
        concat_input=False,
        dropout_ratio=0.1,
        num_classes=7,
        norm_cfg=dict(type='BN', requires_grad=True),
        align_corners=False,
        loss_decode=dict(
            type='CrossEntropyLoss', use_sigmoid=False, loss_weight=0.4)),
    train_cfg=dict(),
    test_cfg=dict(mode='whole'))
dataset_type = 'WHUDataset'
data_root = '/root/autodl-tmp/WHU-OPT-SAR/'
crop_size = (512, 512)
train_pipeline = [
    dict(type='LoadImageFromFile'),
    dict(type='LoadAnnotations', reduce_zero_label=True),
    dict(
        type='RandomResize',
        scale=(2048, 512),
        ratio_range=(0.5, 2.0),
        keep_ratio=True),
    dict(type='RandomCrop', crop_size=(512, 512), cat_max_ratio=0.75),
    dict(type='RandomFlip', prob=0.5),
    dict(type='PackSegInputs')
]
test_pipeline = [
    dict(type='LoadImageFromFile'),
    dict(type='LoadAnnotations', reduce_zero_label=True),
    dict(type='Resize', scale=(512, 512), keep_ratio=True),
    dict(type='PackSegInputs')
]
train_dataloader = dict(
    batch_size=4,
    num_workers=4,
    persistent_workers=True,
    sampler=dict(type='InfiniteSampler', shuffle=True),
    dataset=dict(
        type='WHUDataset',
        data_root='/root/autodl-tmp/WHU-OPT-SAR/',
        data_prefix=dict(img_path='SAR', seg_map_path='Label'),
        ann_file='train.txt',
        pipeline=[
            dict(type='LoadImageFromFile'),
            dict(type='LoadAnnotations', reduce_zero_label=True),
            dict(
                type='RandomResize',
                scale=(2048, 512),
                ratio_range=(0.5, 2.0),
                keep_ratio=True),
            dict(type='RandomCrop', crop_size=(512, 512), cat_max_ratio=0.75),
            dict(type='RandomFlip', prob=0.5),
            dict(type='PackSegInputs')
        ]))
val_dataloader = dict(
    batch_size=1,
    num_workers=4,
    persistent_workers=True,
    sampler=dict(type='DefaultSampler', shuffle=False),
    dataset=dict(
        type='WHUDataset',
        data_root='/root/autodl-tmp/WHU-OPT-SAR/',
        data_prefix=dict(img_path='SAR', seg_map_path='Label'),
        ann_file='test.txt',
        pipeline=[
            dict(type='LoadImageFromFile'),
            dict(type='LoadAnnotations', reduce_zero_label=True),
            dict(type='Resize', scale=(512, 512), keep_ratio=True),
            dict(type='PackSegInputs')
        ]))
test_dataloader = dict(
    batch_size=1,
    num_workers=4,
    persistent_workers=True,
    sampler=dict(type='DefaultSampler', shuffle=False),
    dataset=dict(
        type='WHUDataset',
        data_root='/root/autodl-tmp/WHU-OPT-SAR/',
        data_prefix=dict(img_path='SAR', seg_map_path='Label'),
        ann_file='test.txt',
        pipeline=[
            dict(type='LoadImageFromFile'),
            dict(type='LoadAnnotations', reduce_zero_label=True),
            dict(type='Resize', scale=(512, 512), keep_ratio=True),
            dict(type='PackSegInputs')
        ]))
val_evaluator = dict(
    type='CustomIoUMetric', iou_metrics=['mIoU', 'mFscore', 'Kappa'])
test_evaluator = dict(
    type='CustomIoUMetric', iou_metrics=['mIoU', 'mFscore', 'Kappa'])
default_scope = 'mmseg'
env_cfg = dict(
    cudnn_benchmark=True,
    mp_cfg=dict(mp_start_method='fork', opencv_num_threads=0),
    dist_cfg=dict(backend='nccl'))
vis_backends = [dict(type='LocalVisBackend')]
visualizer = dict(
    type='SegLocalVisualizer',
    vis_backends=[dict(type='LocalVisBackend')],
    name='visualizer')
log_processor = dict(by_epoch=False)
log_level = 'INFO'
load_from = None
resume = False
tta_model = dict(type='SegTTAModel')
optim_wrapper = dict(
    type='AmpOptimWrapper',
    loss_scale='dynamic',
    clip_grad=dict(max_norm=35, norm_type=2),
    constructor='itpn_LayerDecayOptimizerConstructor',
    paramwise_cfg=dict(
        decay_type='layer_wise',
        num_layers=31,
        decay_rate=0.9,
        absolute_pos_embed=dict(decay_mult=0.0),
        relative_position_bias_table=dict(decay_mult=0.0),
        norm=dict(decay_mult=0.0)),
    optimizer=dict(
        type='AdamW', lr=0.0006, betas=(0.9, 0.999), weight_decay=0.01))
train_cfg = dict(type='IterBasedTrainLoop', max_iters=80000, val_interval=4000)
param_scheduler = [
    dict(
        type='LinearLR', start_factor=1e-06, by_epoch=False, begin=0,
        end=2000),
    dict(
        type='PolyLR',
        eta_min=0.0,
        power=1.0,
        begin=2000,
        end=80000,
        by_epoch=False)
]
val_cfg = dict(type='ValLoop')
test_cfg = dict(type='TestLoop')
default_hooks = dict(
    timer=dict(type='IterTimerHook'),
    logger=dict(type='LoggerHook', interval=200, log_metric_by_epoch=False),
    param_scheduler=dict(type='ParamSchedulerHook'),
    checkpoint=dict(
        type='CheckpointHook',
        save_best='auto',
        max_keep_ckpts=1,
        by_epoch=False,
        interval=4000),
    sampler_seed=dict(type='DistSamplerSeedHook'),
    visualization=dict(type='SegVisualizationHook'))
launcher = 'none'

2026/05/13 04:36:31 - mmengine - INFO - Distributed training is not used, all SyncBatchNorm (SyncBN) layers in the model will be automatically reverted to BatchNormXd layers if they are used.
2026/05/13 04:36:31 - mmengine - INFO - Hooks will be executed in the following order:
before_run:
(VERY_HIGH   ) RuntimeInfoHook                    
(BELOW_NORMAL) LoggerHook                         
 -------------------- 
before_train:
(VERY_HIGH   ) RuntimeInfoHook                    
(NORMAL      ) IterTimerHook                      
(VERY_LOW    ) CheckpointHook                     
 -------------------- 
before_train_epoch:
(VERY_HIGH   ) RuntimeInfoHook                    
(NORMAL      ) IterTimerHook                      
(NORMAL      ) DistSamplerSeedHook                
 -------------------- 
before_train_iter:
(VERY_HIGH   ) RuntimeInfoHook                    
(NORMAL      ) IterTimerHook                      
 -------------------- 
after_train_iter:
(VERY_HIGH   ) RuntimeInfoHook                    
(NORMAL      ) IterTimerHook                      
(NORMAL      ) SegVisualizationHook               
(BELOW_NORMAL) LoggerHook                         
(LOW         ) ParamSchedulerHook                 
(VERY_LOW    ) CheckpointHook                     
 -------------------- 
after_train_epoch:
(NORMAL      ) IterTimerHook                      
(LOW         ) ParamSchedulerHook                 
(VERY_LOW    ) CheckpointHook                     
 -------------------- 
before_val_epoch:
(NORMAL      ) IterTimerHook                      
 -------------------- 
before_val_iter:
(NORMAL      ) IterTimerHook                      
 -------------------- 
after_val_iter:
(NORMAL      ) IterTimerHook                      
(NORMAL      ) SegVisualizationHook               
(BELOW_NORMAL) LoggerHook                         
 -------------------- 
after_val_epoch:
(VERY_HIGH   ) RuntimeInfoHook                    
(NORMAL      ) IterTimerHook                      
(BELOW_NORMAL) LoggerHook                         
(LOW         ) ParamSchedulerHook                 
(VERY_LOW    ) CheckpointHook                     
 -------------------- 
after_train:
(VERY_LOW    ) CheckpointHook                     
 -------------------- 
before_test_epoch:
(NORMAL      ) IterTimerHook                      
 -------------------- 
before_test_iter:
(NORMAL      ) IterTimerHook                      
 -------------------- 
after_test_iter:
(NORMAL      ) IterTimerHook                      
(NORMAL      ) SegVisualizationHook               
(BELOW_NORMAL) LoggerHook                         
 -------------------- 
after_test_epoch:
(VERY_HIGH   ) RuntimeInfoHook                    
(NORMAL      ) IterTimerHook                      
(BELOW_NORMAL) LoggerHook                         
 -------------------- 
after_run:
(BELOW_NORMAL) LoggerHook                         
 -------------------- 
2026/05/13 04:36:32 - mmengine - INFO - self.paramwise_cfg is {'decay_type': 'layer_wise', 'num_layers': 31, 'decay_rate': 0.9, 'absolute_pos_embed': {'decay_mult': 0.0}, 'relative_position_bias_table': {'decay_mult': 0.0}, 'norm': {'decay_mult': 0.0}}
2026/05/13 04:36:32 - mmengine - INFO - Build LearningRateDecayOptimizerConstructor  layer_wise 0.9 - 33
2026/05/13 04:36:32 - mmengine - INFO - set param backbone.absolute_pos_embed as id 0
2026/05/13 04:36:32 - mmengine - INFO - set param backbone.patch_embed.proj.weight as id 0
2026/05/13 04:36:32 - mmengine - INFO - set param backbone.patch_embed.proj.bias as id 0
2026/05/13 04:36:32 - mmengine - INFO - set param backbone.patch_embed.norm.weight as id 0
2026/05/13 04:36:32 - mmengine - INFO - set param backbone.patch_embed.norm.bias as id 0
2026/05/13 04:36:32 - mmengine - INFO - set param backbone.blocks.0.norm2.weight as id 1
2026/05/13 04:36:32 - mmengine - INFO - set param backbone.blocks.0.norm2.bias as id 1
2026/05/13 04:36:32 - mmengine - INFO - set param backbone.blocks.0.mlp.fc1.weight as id 1
2026/05/13 04:36:32 - mmengine - INFO - set param backbone.blocks.0.mlp.fc1.bias as id 1
2026/05/13 04:36:32 - mmengine - INFO - set param backbone.blocks.0.mlp.fc2.weight as id 1
2026/05/13 04:36:32 - mmengine - INFO - set param backbone.blocks.0.mlp.fc2.bias as id 1
2026/05/13 04:36:32 - mmengine - INFO - set param backbone.blocks.1.norm2.weight as id 2
2026/05/13 04:36:32 - mmengine - INFO - set param backbone.blocks.1.norm2.bias as id 2
2026/05/13 04:36:32 - mmengine - INFO - set param backbone.blocks.1.mlp.fc1.weight as id 2
2026/05/13 04:36:32 - mmengine - INFO - set param backbone.blocks.1.mlp.fc1.bias as id 2
2026/05/13 04:36:32 - mmengine - INFO - set param backbone.blocks.1.mlp.fc2.weight as id 2
2026/05/13 04:36:32 - mmengine - INFO - set param backbone.blocks.1.mlp.fc2.bias as id 2
2026/05/13 04:36:32 - mmengine - INFO - set param backbone.blocks.2.norm2.weight as id 3
2026/05/13 04:36:32 - mmengine - INFO - set param backbone.blocks.2.norm2.bias as id 3
2026/05/13 04:36:32 - mmengine - INFO - set param backbone.blocks.2.mlp.fc1.weight as id 3
2026/05/13 04:36:32 - mmengine - INFO - set param backbone.blocks.2.mlp.fc1.bias as id 3
2026/05/13 04:36:32 - mmengine - INFO - set param backbone.blocks.2.mlp.fc2.weight as id 3
2026/05/13 04:36:32 - mmengine - INFO - set param backbone.blocks.2.mlp.fc2.bias as id 3
2026/05/13 04:36:32 - mmengine - INFO - set param backbone.blocks.3.norm.weight as id 4
2026/05/13 04:36:32 - mmengine - INFO - set param backbone.blocks.3.norm.bias as id 4
2026/05/13 04:36:32 - mmengine - INFO - set param backbone.blocks.3.reduction.weight as id 4
2026/05/13 04:36:32 - mmengine - INFO - set param backbone.blocks.4.norm2.weight as id 5
2026/05/13 04:36:32 - mmengine - INFO - set param backbone.blocks.4.norm2.bias as id 5
2026/05/13 04:36:32 - mmengine - INFO - set param backbone.blocks.4.mlp.fc1.weight as id 5
2026/05/13 04:36:32 - mmengine - INFO - set param backbone.blocks.4.mlp.fc1.bias as id 5
2026/05/13 04:36:32 - mmengine - INFO - set param backbone.blocks.4.mlp.fc2.weight as id 5
2026/05/13 04:36:32 - mmengine - INFO - set param backbone.blocks.4.mlp.fc2.bias as id 5
2026/05/13 04:36:32 - mmengine - INFO - set param backbone.blocks.5.norm2.weight as id 6
2026/05/13 04:36:32 - mmengine - INFO - set param backbone.blocks.5.norm2.bias as id 6
2026/05/13 04:36:32 - mmengine - INFO - set param backbone.blocks.5.mlp.fc1.weight as id 6
2026/05/13 04:36:32 - mmengine - INFO - set param backbone.blocks.5.mlp.fc1.bias as id 6
2026/05/13 04:36:32 - mmengine - INFO - set param backbone.blocks.5.mlp.fc2.weight as id 6
2026/05/13 04:36:32 - mmengine - INFO - set param backbone.blocks.5.mlp.fc2.bias as id 6
2026/05/13 04:36:32 - mmengine - INFO - set param backbone.blocks.6.norm2.weight as id 7
2026/05/13 04:36:32 - mmengine - INFO - set param backbone.blocks.6.norm2.bias as id 7
2026/05/13 04:36:32 - mmengine - INFO - set param backbone.blocks.6.mlp.fc1.weight as id 7
2026/05/13 04:36:32 - mmengine - INFO - set param backbone.blocks.6.mlp.fc1.bias as id 7
2026/05/13 04:36:32 - mmengine - INFO - set param backbone.blocks.6.mlp.fc2.weight as id 7
2026/05/13 04:36:32 - mmengine - INFO - set param backbone.blocks.6.mlp.fc2.bias as id 7
2026/05/13 04:36:32 - mmengine - INFO - set param backbone.blocks.7.norm.weight as id 8
2026/05/13 04:36:32 - mmengine - INFO - set param backbone.blocks.7.norm.bias as id 8
2026/05/13 04:36:32 - mmengine - INFO - set param backbone.blocks.7.reduction.weight as id 8
2026/05/13 04:36:32 - mmengine - INFO - set param backbone.blocks.8.norm1.weight as id 9
2026/05/13 04:36:32 - mmengine - INFO - set param backbone.blocks.8.norm1.bias as id 9
2026/05/13 04:36:32 - mmengine - INFO - set param backbone.blocks.8.attn.qkv.weight as id 9
2026/05/13 04:36:32 - mmengine - INFO - set param backbone.blocks.8.attn.qkv.bias as id 9
2026/05/13 04:36:32 - mmengine - INFO - set param backbone.blocks.8.attn.proj.weight as id 9
2026/05/13 04:36:32 - mmengine - INFO - set param backbone.blocks.8.attn.proj.bias as id 9
2026/05/13 04:36:32 - mmengine - INFO - set param backbone.blocks.8.norm2.weight as id 9
2026/05/13 04:36:32 - mmengine - INFO - set param backbone.blocks.8.norm2.bias as id 9
2026/05/13 04:36:32 - mmengine - INFO - set param backbone.blocks.8.mlp.fc1.weight as id 9
2026/05/13 04:36:32 - mmengine - INFO - set param backbone.blocks.8.mlp.fc1.bias as id 9
2026/05/13 04:36:32 - mmengine - INFO - set param backbone.blocks.8.mlp.fc2.weight as id 9
2026/05/13 04:36:32 - mmengine - INFO - set param backbone.blocks.8.mlp.fc2.bias as id 9
2026/05/13 04:36:32 - mmengine - INFO - set param backbone.blocks.9.norm1.weight as id 10
2026/05/13 04:36:32 - mmengine - INFO - set param backbone.blocks.9.norm1.bias as id 10
2026/05/13 04:36:32 - mmengine - INFO - set param backbone.blocks.9.attn.qkv.weight as id 10
2026/05/13 04:36:32 - mmengine - INFO - set param backbone.blocks.9.attn.qkv.bias as id 10
2026/05/13 04:36:32 - mmengine - INFO - set param backbone.blocks.9.attn.proj.weight as id 10
2026/05/13 04:36:32 - mmengine - INFO - set param backbone.blocks.9.attn.proj.bias as id 10
2026/05/13 04:36:32 - mmengine - INFO - set param backbone.blocks.9.norm2.weight as id 10
2026/05/13 04:36:32 - mmengine - INFO - set param backbone.blocks.9.norm2.bias as id 10
2026/05/13 04:36:32 - mmengine - INFO - set param backbone.blocks.9.mlp.fc1.weight as id 10
2026/05/13 04:36:32 - mmengine - INFO - set param backbone.blocks.9.mlp.fc1.bias as id 10
2026/05/13 04:36:32 - mmengine - INFO - set param backbone.blocks.9.mlp.fc2.weight as id 10
2026/05/13 04:36:32 - mmengine - INFO - set param backbone.blocks.9.mlp.fc2.bias as id 10
2026/05/13 04:36:32 - mmengine - INFO - set param backbone.blocks.10.norm1.weight as id 11
2026/05/13 04:36:32 - mmengine - INFO - set param backbone.blocks.10.norm1.bias as id 11
2026/05/13 04:36:32 - mmengine - INFO - set param backbone.blocks.10.attn.qkv.weight as id 11
2026/05/13 04:36:32 - mmengine - INFO - set param backbone.blocks.10.attn.qkv.bias as id 11
2026/05/13 04:36:32 - mmengine - INFO - set param backbone.blocks.10.attn.proj.weight as id 11
2026/05/13 04:36:32 - mmengine - INFO - set param backbone.blocks.10.attn.proj.bias as id 11
2026/05/13 04:36:32 - mmengine - INFO - set param backbone.blocks.10.norm2.weight as id 11
2026/05/13 04:36:32 - mmengine - INFO - set param backbone.blocks.10.norm2.bias as id 11
2026/05/13 04:36:32 - mmengine - INFO - set param backbone.blocks.10.mlp.fc1.weight as id 11
2026/05/13 04:36:32 - mmengine - INFO - set param backbone.blocks.10.mlp.fc1.bias as id 11
2026/05/13 04:36:32 - mmengine - INFO - set param backbone.blocks.10.mlp.fc2.weight as id 11
2026/05/13 04:36:32 - mmengine - INFO - set param backbone.blocks.10.mlp.fc2.bias as id 11
2026/05/13 04:36:32 - mmengine - INFO - set param backbone.blocks.11.norm1.weight as id 12
2026/05/13 04:36:32 - mmengine - INFO - set param backbone.blocks.11.norm1.bias as id 12
2026/05/13 04:36:32 - mmengine - INFO - set param backbone.blocks.11.attn.qkv.weight as id 12
2026/05/13 04:36:32 - mmengine - INFO - set param backbone.blocks.11.attn.qkv.bias as id 12
2026/05/13 04:36:32 - mmengine - INFO - set param backbone.blocks.11.attn.proj.weight as id 12
2026/05/13 04:36:32 - mmengine - INFO - set param backbone.blocks.11.attn.proj.bias as id 12
2026/05/13 04:36:32 - mmengine - INFO - set param backbone.blocks.11.norm2.weight as id 12
2026/05/13 04:36:32 - mmengine - INFO - set param backbone.blocks.11.norm2.bias as id 12
2026/05/13 04:36:32 - mmengine - INFO - set param backbone.blocks.11.mlp.fc1.weight as id 12
2026/05/13 04:36:32 - mmengine - INFO - set param backbone.blocks.11.mlp.fc1.bias as id 12
2026/05/13 04:36:32 - mmengine - INFO - set param backbone.blocks.11.mlp.fc2.weight as id 12
2026/05/13 04:36:32 - mmengine - INFO - set param backbone.blocks.11.mlp.fc2.bias as id 12
2026/05/13 04:36:32 - mmengine - INFO - set param backbone.blocks.12.norm1.weight as id 13
2026/05/13 04:36:32 - mmengine - INFO - set param backbone.blocks.12.norm1.bias as id 13
2026/05/13 04:36:32 - mmengine - INFO - set param backbone.blocks.12.attn.qkv.weight as id 13
2026/05/13 04:36:32 - mmengine - INFO - set param backbone.blocks.12.attn.qkv.bias as id 13
2026/05/13 04:36:32 - mmengine - INFO - set param backbone.blocks.12.attn.proj.weight as id 13
2026/05/13 04:36:32 - mmengine - INFO - set param backbone.blocks.12.attn.proj.bias as id 13
2026/05/13 04:36:32 - mmengine - INFO - set param backbone.blocks.12.norm2.weight as id 13
2026/05/13 04:36:32 - mmengine - INFO - set param backbone.blocks.12.norm2.bias as id 13
2026/05/13 04:36:32 - mmengine - INFO - set param backbone.blocks.12.mlp.fc1.weight as id 13
2026/05/13 04:36:32 - mmengine - INFO - set param backbone.blocks.12.mlp.fc1.bias as id 13
2026/05/13 04:36:32 - mmengine - INFO - set param backbone.blocks.12.mlp.fc2.weight as id 13
2026/05/13 04:36:32 - mmengine - INFO - set param backbone.blocks.12.mlp.fc2.bias as id 13
2026/05/13 04:36:32 - mmengine - INFO - set param backbone.blocks.13.norm1.weight as id 14
2026/05/13 04:36:32 - mmengine - INFO - set param backbone.blocks.13.norm1.bias as id 14
2026/05/13 04:36:32 - mmengine - INFO - set param backbone.blocks.13.attn.qkv.weight as id 14
2026/05/13 04:36:32 - mmengine - INFO - set param backbone.blocks.13.attn.qkv.bias as id 14
2026/05/13 04:36:32 - mmengine - INFO - set param backbone.blocks.13.attn.proj.weight as id 14
2026/05/13 04:36:32 - mmengine - INFO - set param backbone.blocks.13.attn.proj.bias as id 14
2026/05/13 04:36:32 - mmengine - INFO - set param backbone.blocks.13.norm2.weight as id 14
2026/05/13 04:36:32 - mmengine - INFO - set param backbone.blocks.13.norm2.bias as id 14
2026/05/13 04:36:32 - mmengine - INFO - set param backbone.blocks.13.mlp.fc1.weight as id 14
2026/05/13 04:36:32 - mmengine - INFO - set param backbone.blocks.13.mlp.fc1.bias as id 14
2026/05/13 04:36:32 - mmengine - INFO - set param backbone.blocks.13.mlp.fc2.weight as id 14
2026/05/13 04:36:32 - mmengine - INFO - set param backbone.blocks.13.mlp.fc2.bias as id 14
2026/05/13 04:36:32 - mmengine - INFO - set param backbone.blocks.14.norm1.weight as id 15
2026/05/13 04:36:32 - mmengine - INFO - set param backbone.blocks.14.norm1.bias as id 15
2026/05/13 04:36:32 - mmengine - INFO - set param backbone.blocks.14.attn.qkv.weight as id 15
2026/05/13 04:36:32 - mmengine - INFO - set param backbone.blocks.14.attn.qkv.bias as id 15
2026/05/13 04:36:32 - mmengine - INFO - set param backbone.blocks.14.attn.proj.weight as id 15
2026/05/13 04:36:32 - mmengine - INFO - set param backbone.blocks.14.attn.proj.bias as id 15
2026/05/13 04:36:32 - mmengine - INFO - set param backbone.blocks.14.norm2.weight as id 15
2026/05/13 04:36:32 - mmengine - INFO - set param backbone.blocks.14.norm2.bias as id 15
2026/05/13 04:36:32 - mmengine - INFO - set param backbone.blocks.14.mlp.fc1.weight as id 15
2026/05/13 04:36:32 - mmengine - INFO - set param backbone.blocks.14.mlp.fc1.bias as id 15
2026/05/13 04:36:32 - mmengine - INFO - set param backbone.blocks.14.mlp.fc2.weight as id 15
2026/05/13 04:36:32 - mmengine - INFO - set param backbone.blocks.14.mlp.fc2.bias as id 15
2026/05/13 04:36:32 - mmengine - INFO - set param backbone.blocks.15.norm1.weight as id 16
2026/05/13 04:36:32 - mmengine - INFO - set param backbone.blocks.15.norm1.bias as id 16
2026/05/13 04:36:32 - mmengine - INFO - set param backbone.blocks.15.attn.qkv.weight as id 16
2026/05/13 04:36:32 - mmengine - INFO - set param backbone.blocks.15.attn.qkv.bias as id 16
2026/05/13 04:36:32 - mmengine - INFO - set param backbone.blocks.15.attn.proj.weight as id 16
2026/05/13 04:36:32 - mmengine - INFO - set param backbone.blocks.15.attn.proj.bias as id 16
2026/05/13 04:36:32 - mmengine - INFO - set param backbone.blocks.15.norm2.weight as id 16
2026/05/13 04:36:32 - mmengine - INFO - set param backbone.blocks.15.norm2.bias as id 16
2026/05/13 04:36:32 - mmengine - INFO - set param backbone.blocks.15.mlp.fc1.weight as id 16
2026/05/13 04:36:32 - mmengine - INFO - set param backbone.blocks.15.mlp.fc1.bias as id 16
2026/05/13 04:36:32 - mmengine - INFO - set param backbone.blocks.15.mlp.fc2.weight as id 16
2026/05/13 04:36:32 - mmengine - INFO - set param backbone.blocks.15.mlp.fc2.bias as id 16
2026/05/13 04:36:32 - mmengine - INFO - set param backbone.blocks.16.norm1.weight as id 17
2026/05/13 04:36:32 - mmengine - INFO - set param backbone.blocks.16.norm1.bias as id 17
2026/05/13 04:36:32 - mmengine - INFO - set param backbone.blocks.16.attn.qkv.weight as id 17
2026/05/13 04:36:32 - mmengine - INFO - set param backbone.blocks.16.attn.qkv.bias as id 17
2026/05/13 04:36:32 - mmengine - INFO - set param backbone.blocks.16.attn.proj.weight as id 17
2026/05/13 04:36:32 - mmengine - INFO - set param backbone.blocks.16.attn.proj.bias as id 17
2026/05/13 04:36:32 - mmengine - INFO - set param backbone.blocks.16.norm2.weight as id 17
2026/05/13 04:36:32 - mmengine - INFO - set param backbone.blocks.16.norm2.bias as id 17
2026/05/13 04:36:32 - mmengine - INFO - set param backbone.blocks.16.mlp.fc1.weight as id 17
2026/05/13 04:36:32 - mmengine - INFO - set param backbone.blocks.16.mlp.fc1.bias as id 17
2026/05/13 04:36:32 - mmengine - INFO - set param backbone.blocks.16.mlp.fc2.weight as id 17
2026/05/13 04:36:32 - mmengine - INFO - set param backbone.blocks.16.mlp.fc2.bias as id 17
2026/05/13 04:36:32 - mmengine - INFO - set param backbone.blocks.17.norm1.weight as id 18
2026/05/13 04:36:32 - mmengine - INFO - set param backbone.blocks.17.norm1.bias as id 18
2026/05/13 04:36:32 - mmengine - INFO - set param backbone.blocks.17.attn.qkv.weight as id 18
2026/05/13 04:36:32 - mmengine - INFO - set param backbone.blocks.17.attn.qkv.bias as id 18
2026/05/13 04:36:32 - mmengine - INFO - set param backbone.blocks.17.attn.proj.weight as id 18
2026/05/13 04:36:32 - mmengine - INFO - set param backbone.blocks.17.attn.proj.bias as id 18
2026/05/13 04:36:32 - mmengine - INFO - set param backbone.blocks.17.norm2.weight as id 18
2026/05/13 04:36:32 - mmengine - INFO - set param backbone.blocks.17.norm2.bias as id 18
2026/05/13 04:36:32 - mmengine - INFO - set param backbone.blocks.17.mlp.fc1.weight as id 18
2026/05/13 04:36:32 - mmengine - INFO - set param backbone.blocks.17.mlp.fc1.bias as id 18
2026/05/13 04:36:32 - mmengine - INFO - set param backbone.blocks.17.mlp.fc2.weight as id 18
2026/05/13 04:36:32 - mmengine - INFO - set param backbone.blocks.17.mlp.fc2.bias as id 18
2026/05/13 04:36:32 - mmengine - INFO - set param backbone.blocks.18.norm1.weight as id 19
2026/05/13 04:36:32 - mmengine - INFO - set param backbone.blocks.18.norm1.bias as id 19
2026/05/13 04:36:32 - mmengine - INFO - set param backbone.blocks.18.attn.qkv.weight as id 19
2026/05/13 04:36:32 - mmengine - INFO - set param backbone.blocks.18.attn.qkv.bias as id 19
2026/05/13 04:36:32 - mmengine - INFO - set param backbone.blocks.18.attn.proj.weight as id 19
2026/05/13 04:36:32 - mmengine - INFO - set param backbone.blocks.18.attn.proj.bias as id 19
2026/05/13 04:36:32 - mmengine - INFO - set param backbone.blocks.18.norm2.weight as id 19
2026/05/13 04:36:32 - mmengine - INFO - set param backbone.blocks.18.norm2.bias as id 19
2026/05/13 04:36:32 - mmengine - INFO - set param backbone.blocks.18.mlp.fc1.weight as id 19
2026/05/13 04:36:32 - mmengine - INFO - set param backbone.blocks.18.mlp.fc1.bias as id 19
2026/05/13 04:36:32 - mmengine - INFO - set param backbone.blocks.18.mlp.fc2.weight as id 19
2026/05/13 04:36:32 - mmengine - INFO - set param backbone.blocks.18.mlp.fc2.bias as id 19
2026/05/13 04:36:32 - mmengine - INFO - set param backbone.blocks.19.norm1.weight as id 20
2026/05/13 04:36:32 - mmengine - INFO - set param backbone.blocks.19.norm1.bias as id 20
2026/05/13 04:36:32 - mmengine - INFO - set param backbone.blocks.19.attn.qkv.weight as id 20
2026/05/13 04:36:32 - mmengine - INFO - set param backbone.blocks.19.attn.qkv.bias as id 20
2026/05/13 04:36:32 - mmengine - INFO - set param backbone.blocks.19.attn.proj.weight as id 20
2026/05/13 04:36:32 - mmengine - INFO - set param backbone.blocks.19.attn.proj.bias as id 20
2026/05/13 04:36:32 - mmengine - INFO - set param backbone.blocks.19.norm2.weight as id 20
2026/05/13 04:36:32 - mmengine - INFO - set param backbone.blocks.19.norm2.bias as id 20
2026/05/13 04:36:32 - mmengine - INFO - set param backbone.blocks.19.mlp.fc1.weight as id 20
2026/05/13 04:36:32 - mmengine - INFO - set param backbone.blocks.19.mlp.fc1.bias as id 20
2026/05/13 04:36:32 - mmengine - INFO - set param backbone.blocks.19.mlp.fc2.weight as id 20
2026/05/13 04:36:32 - mmengine - INFO - set param backbone.blocks.19.mlp.fc2.bias as id 20
2026/05/13 04:36:32 - mmengine - INFO - set param backbone.blocks.20.norm1.weight as id 21
2026/05/13 04:36:32 - mmengine - INFO - set param backbone.blocks.20.norm1.bias as id 21
2026/05/13 04:36:32 - mmengine - INFO - set param backbone.blocks.20.attn.qkv.weight as id 21
2026/05/13 04:36:32 - mmengine - INFO - set param backbone.blocks.20.attn.qkv.bias as id 21
2026/05/13 04:36:32 - mmengine - INFO - set param backbone.blocks.20.attn.proj.weight as id 21
2026/05/13 04:36:32 - mmengine - INFO - set param backbone.blocks.20.attn.proj.bias as id 21
2026/05/13 04:36:32 - mmengine - INFO - set param backbone.blocks.20.norm2.weight as id 21
2026/05/13 04:36:32 - mmengine - INFO - set param backbone.blocks.20.norm2.bias as id 21
2026/05/13 04:36:32 - mmengine - INFO - set param backbone.blocks.20.mlp.fc1.weight as id 21
2026/05/13 04:36:32 - mmengine - INFO - set param backbone.blocks.20.mlp.fc1.bias as id 21
2026/05/13 04:36:32 - mmengine - INFO - set param backbone.blocks.20.mlp.fc2.weight as id 21
2026/05/13 04:36:32 - mmengine - INFO - set param backbone.blocks.20.mlp.fc2.bias as id 21
2026/05/13 04:36:32 - mmengine - INFO - set param backbone.blocks.21.norm1.weight as id 22
2026/05/13 04:36:32 - mmengine - INFO - set param backbone.blocks.21.norm1.bias as id 22
2026/05/13 04:36:32 - mmengine - INFO - set param backbone.blocks.21.attn.qkv.weight as id 22
2026/05/13 04:36:32 - mmengine - INFO - set param backbone.blocks.21.attn.qkv.bias as id 22
2026/05/13 04:36:32 - mmengine - INFO - set param backbone.blocks.21.attn.proj.weight as id 22
2026/05/13 04:36:32 - mmengine - INFO - set param backbone.blocks.21.attn.proj.bias as id 22
2026/05/13 04:36:32 - mmengine - INFO - set param backbone.blocks.21.norm2.weight as id 22
2026/05/13 04:36:32 - mmengine - INFO - set param backbone.blocks.21.norm2.bias as id 22
2026/05/13 04:36:32 - mmengine - INFO - set param backbone.blocks.21.mlp.fc1.weight as id 22
2026/05/13 04:36:32 - mmengine - INFO - set param backbone.blocks.21.mlp.fc1.bias as id 22
2026/05/13 04:36:32 - mmengine - INFO - set param backbone.blocks.21.mlp.fc2.weight as id 22
2026/05/13 04:36:32 - mmengine - INFO - set param backbone.blocks.21.mlp.fc2.bias as id 22
2026/05/13 04:36:32 - mmengine - INFO - set param backbone.blocks.22.norm1.weight as id 23
2026/05/13 04:36:32 - mmengine - INFO - set param backbone.blocks.22.norm1.bias as id 23
2026/05/13 04:36:32 - mmengine - INFO - set param backbone.blocks.22.attn.qkv.weight as id 23
2026/05/13 04:36:32 - mmengine - INFO - set param backbone.blocks.22.attn.qkv.bias as id 23
2026/05/13 04:36:32 - mmengine - INFO - set param backbone.blocks.22.attn.proj.weight as id 23
2026/05/13 04:36:32 - mmengine - INFO - set param backbone.blocks.22.attn.proj.bias as id 23
2026/05/13 04:36:32 - mmengine - INFO - set param backbone.blocks.22.norm2.weight as id 23
2026/05/13 04:36:32 - mmengine - INFO - set param backbone.blocks.22.norm2.bias as id 23
2026/05/13 04:36:32 - mmengine - INFO - set param backbone.blocks.22.mlp.fc1.weight as id 23
2026/05/13 04:36:32 - mmengine - INFO - set param backbone.blocks.22.mlp.fc1.bias as id 23
2026/05/13 04:36:32 - mmengine - INFO - set param backbone.blocks.22.mlp.fc2.weight as id 23
2026/05/13 04:36:32 - mmengine - INFO - set param backbone.blocks.22.mlp.fc2.bias as id 23
2026/05/13 04:36:32 - mmengine - INFO - set param backbone.blocks.23.norm1.weight as id 24
2026/05/13 04:36:32 - mmengine - INFO - set param backbone.blocks.23.norm1.bias as id 24
2026/05/13 04:36:32 - mmengine - INFO - set param backbone.blocks.23.attn.qkv.weight as id 24
2026/05/13 04:36:32 - mmengine - INFO - set param backbone.blocks.23.attn.qkv.bias as id 24
2026/05/13 04:36:32 - mmengine - INFO - set param backbone.blocks.23.attn.proj.weight as id 24
2026/05/13 04:36:32 - mmengine - INFO - set param backbone.blocks.23.attn.proj.bias as id 24
2026/05/13 04:36:32 - mmengine - INFO - set param backbone.blocks.23.norm2.weight as id 24
2026/05/13 04:36:32 - mmengine - INFO - set param backbone.blocks.23.norm2.bias as id 24
2026/05/13 04:36:32 - mmengine - INFO - set param backbone.blocks.23.mlp.fc1.weight as id 24
2026/05/13 04:36:32 - mmengine - INFO - set param backbone.blocks.23.mlp.fc1.bias as id 24
2026/05/13 04:36:32 - mmengine - INFO - set param backbone.blocks.23.mlp.fc2.weight as id 24
2026/05/13 04:36:32 - mmengine - INFO - set param backbone.blocks.23.mlp.fc2.bias as id 24
2026/05/13 04:36:32 - mmengine - INFO - set param backbone.blocks.24.norm1.weight as id 25
2026/05/13 04:36:32 - mmengine - INFO - set param backbone.blocks.24.norm1.bias as id 25
2026/05/13 04:36:32 - mmengine - INFO - set param backbone.blocks.24.attn.qkv.weight as id 25
2026/05/13 04:36:32 - mmengine - INFO - set param backbone.blocks.24.attn.qkv.bias as id 25
2026/05/13 04:36:32 - mmengine - INFO - set param backbone.blocks.24.attn.proj.weight as id 25
2026/05/13 04:36:32 - mmengine - INFO - set param backbone.blocks.24.attn.proj.bias as id 25
2026/05/13 04:36:32 - mmengine - INFO - set param backbone.blocks.24.norm2.weight as id 25
2026/05/13 04:36:32 - mmengine - INFO - set param backbone.blocks.24.norm2.bias as id 25
2026/05/13 04:36:32 - mmengine - INFO - set param backbone.blocks.24.mlp.fc1.weight as id 25
2026/05/13 04:36:32 - mmengine - INFO - set param backbone.blocks.24.mlp.fc1.bias as id 25
2026/05/13 04:36:32 - mmengine - INFO - set param backbone.blocks.24.mlp.fc2.weight as id 25
2026/05/13 04:36:32 - mmengine - INFO - set param backbone.blocks.24.mlp.fc2.bias as id 25
2026/05/13 04:36:32 - mmengine - INFO - set param backbone.blocks.25.norm1.weight as id 26
2026/05/13 04:36:32 - mmengine - INFO - set param backbone.blocks.25.norm1.bias as id 26
2026/05/13 04:36:32 - mmengine - INFO - set param backbone.blocks.25.attn.qkv.weight as id 26
2026/05/13 04:36:32 - mmengine - INFO - set param backbone.blocks.25.attn.qkv.bias as id 26
2026/05/13 04:36:32 - mmengine - INFO - set param backbone.blocks.25.attn.proj.weight as id 26
2026/05/13 04:36:32 - mmengine - INFO - set param backbone.blocks.25.attn.proj.bias as id 26
2026/05/13 04:36:32 - mmengine - INFO - set param backbone.blocks.25.norm2.weight as id 26
2026/05/13 04:36:32 - mmengine - INFO - set param backbone.blocks.25.norm2.bias as id 26
2026/05/13 04:36:32 - mmengine - INFO - set param backbone.blocks.25.mlp.fc1.weight as id 26
2026/05/13 04:36:32 - mmengine - INFO - set param backbone.blocks.25.mlp.fc1.bias as id 26
2026/05/13 04:36:32 - mmengine - INFO - set param backbone.blocks.25.mlp.fc2.weight as id 26
2026/05/13 04:36:32 - mmengine - INFO - set param backbone.blocks.25.mlp.fc2.bias as id 26
2026/05/13 04:36:32 - mmengine - INFO - set param backbone.blocks.26.norm1.weight as id 27
2026/05/13 04:36:32 - mmengine - INFO - set param backbone.blocks.26.norm1.bias as id 27
2026/05/13 04:36:32 - mmengine - INFO - set param backbone.blocks.26.attn.qkv.weight as id 27
2026/05/13 04:36:32 - mmengine - INFO - set param backbone.blocks.26.attn.qkv.bias as id 27
2026/05/13 04:36:32 - mmengine - INFO - set param backbone.blocks.26.attn.proj.weight as id 27
2026/05/13 04:36:32 - mmengine - INFO - set param backbone.blocks.26.attn.proj.bias as id 27
2026/05/13 04:36:32 - mmengine - INFO - set param backbone.blocks.26.norm2.weight as id 27
2026/05/13 04:36:32 - mmengine - INFO - set param backbone.blocks.26.norm2.bias as id 27
2026/05/13 04:36:32 - mmengine - INFO - set param backbone.blocks.26.mlp.fc1.weight as id 27
2026/05/13 04:36:32 - mmengine - INFO - set param backbone.blocks.26.mlp.fc1.bias as id 27
2026/05/13 04:36:32 - mmengine - INFO - set param backbone.blocks.26.mlp.fc2.weight as id 27
2026/05/13 04:36:32 - mmengine - INFO - set param backbone.blocks.26.mlp.fc2.bias as id 27
2026/05/13 04:36:32 - mmengine - INFO - set param backbone.blocks.27.norm1.weight as id 28
2026/05/13 04:36:32 - mmengine - INFO - set param backbone.blocks.27.norm1.bias as id 28
2026/05/13 04:36:32 - mmengine - INFO - set param backbone.blocks.27.attn.qkv.weight as id 28
2026/05/13 04:36:32 - mmengine - INFO - set param backbone.blocks.27.attn.qkv.bias as id 28
2026/05/13 04:36:32 - mmengine - INFO - set param backbone.blocks.27.attn.proj.weight as id 28
2026/05/13 04:36:32 - mmengine - INFO - set param backbone.blocks.27.attn.proj.bias as id 28
2026/05/13 04:36:32 - mmengine - INFO - set param backbone.blocks.27.norm2.weight as id 28
2026/05/13 04:36:32 - mmengine - INFO - set param backbone.blocks.27.norm2.bias as id 28
2026/05/13 04:36:32 - mmengine - INFO - set param backbone.blocks.27.mlp.fc1.weight as id 28
2026/05/13 04:36:32 - mmengine - INFO - set param backbone.blocks.27.mlp.fc1.bias as id 28
2026/05/13 04:36:32 - mmengine - INFO - set param backbone.blocks.27.mlp.fc2.weight as id 28
2026/05/13 04:36:32 - mmengine - INFO - set param backbone.blocks.27.mlp.fc2.bias as id 28
2026/05/13 04:36:32 - mmengine - INFO - set param backbone.blocks.28.norm1.weight as id 29
2026/05/13 04:36:32 - mmengine - INFO - set param backbone.blocks.28.norm1.bias as id 29
2026/05/13 04:36:32 - mmengine - INFO - set param backbone.blocks.28.attn.qkv.weight as id 29
2026/05/13 04:36:32 - mmengine - INFO - set param backbone.blocks.28.attn.qkv.bias as id 29
2026/05/13 04:36:32 - mmengine - INFO - set param backbone.blocks.28.attn.proj.weight as id 29
2026/05/13 04:36:32 - mmengine - INFO - set param backbone.blocks.28.attn.proj.bias as id 29
2026/05/13 04:36:32 - mmengine - INFO - set param backbone.blocks.28.norm2.weight as id 29
2026/05/13 04:36:32 - mmengine - INFO - set param backbone.blocks.28.norm2.bias as id 29
2026/05/13 04:36:32 - mmengine - INFO - set param backbone.blocks.28.mlp.fc1.weight as id 29
2026/05/13 04:36:32 - mmengine - INFO - set param backbone.blocks.28.mlp.fc1.bias as id 29
2026/05/13 04:36:32 - mmengine - INFO - set param backbone.blocks.28.mlp.fc2.weight as id 29
2026/05/13 04:36:32 - mmengine - INFO - set param backbone.blocks.28.mlp.fc2.bias as id 29
2026/05/13 04:36:32 - mmengine - INFO - set param backbone.blocks.29.norm1.weight as id 30
2026/05/13 04:36:32 - mmengine - INFO - set param backbone.blocks.29.norm1.bias as id 30
2026/05/13 04:36:32 - mmengine - INFO - set param backbone.blocks.29.attn.qkv.weight as id 30
2026/05/13 04:36:32 - mmengine - INFO - set param backbone.blocks.29.attn.qkv.bias as id 30
2026/05/13 04:36:32 - mmengine - INFO - set param backbone.blocks.29.attn.proj.weight as id 30
2026/05/13 04:36:32 - mmengine - INFO - set param backbone.blocks.29.attn.proj.bias as id 30
2026/05/13 04:36:32 - mmengine - INFO - set param backbone.blocks.29.norm2.weight as id 30
2026/05/13 04:36:32 - mmengine - INFO - set param backbone.blocks.29.norm2.bias as id 30
2026/05/13 04:36:32 - mmengine - INFO - set param backbone.blocks.29.mlp.fc1.weight as id 30
2026/05/13 04:36:32 - mmengine - INFO - set param backbone.blocks.29.mlp.fc1.bias as id 30
2026/05/13 04:36:32 - mmengine - INFO - set param backbone.blocks.29.mlp.fc2.weight as id 30
2026/05/13 04:36:32 - mmengine - INFO - set param backbone.blocks.29.mlp.fc2.bias as id 30
2026/05/13 04:36:32 - mmengine - INFO - set param backbone.blocks.30.norm1.weight as id 31
2026/05/13 04:36:32 - mmengine - INFO - set param backbone.blocks.30.norm1.bias as id 31
2026/05/13 04:36:32 - mmengine - INFO - set param backbone.blocks.30.attn.qkv.weight as id 31
2026/05/13 04:36:32 - mmengine - INFO - set param backbone.blocks.30.attn.qkv.bias as id 31
2026/05/13 04:36:32 - mmengine - INFO - set param backbone.blocks.30.attn.proj.weight as id 31
2026/05/13 04:36:32 - mmengine - INFO - set param backbone.blocks.30.attn.proj.bias as id 31
2026/05/13 04:36:32 - mmengine - INFO - set param backbone.blocks.30.norm2.weight as id 31
2026/05/13 04:36:32 - mmengine - INFO - set param backbone.blocks.30.norm2.bias as id 31
2026/05/13 04:36:32 - mmengine - INFO - set param backbone.blocks.30.mlp.fc1.weight as id 31
2026/05/13 04:36:32 - mmengine - INFO - set param backbone.blocks.30.mlp.fc1.bias as id 31
2026/05/13 04:36:32 - mmengine - INFO - set param backbone.blocks.30.mlp.fc2.weight as id 31
2026/05/13 04:36:32 - mmengine - INFO - set param backbone.blocks.30.mlp.fc2.bias as id 31
2026/05/13 04:36:32 - mmengine - INFO - set param backbone.blocks.31.norm1.weight as id 32
2026/05/13 04:36:32 - mmengine - INFO - set param backbone.blocks.31.norm1.bias as id 32
2026/05/13 04:36:32 - mmengine - INFO - set param backbone.blocks.31.attn.qkv.weight as id 32
2026/05/13 04:36:32 - mmengine - INFO - set param backbone.blocks.31.attn.qkv.bias as id 32
2026/05/13 04:36:32 - mmengine - INFO - set param backbone.blocks.31.attn.proj.weight as id 32
2026/05/13 04:36:32 - mmengine - INFO - set param backbone.blocks.31.attn.proj.bias as id 32
2026/05/13 04:36:32 - mmengine - INFO - set param backbone.blocks.31.norm2.weight as id 32
2026/05/13 04:36:32 - mmengine - INFO - set param backbone.blocks.31.norm2.bias as id 32
2026/05/13 04:36:32 - mmengine - INFO - set param backbone.blocks.31.mlp.fc1.weight as id 32
2026/05/13 04:36:32 - mmengine - INFO - set param backbone.blocks.31.mlp.fc1.bias as id 32
2026/05/13 04:36:32 - mmengine - INFO - set param backbone.blocks.31.mlp.fc2.weight as id 32
2026/05/13 04:36:32 - mmengine - INFO - set param backbone.blocks.31.mlp.fc2.bias as id 32
2026/05/13 04:36:32 - mmengine - INFO - set param backbone.align_dim_16tofpn.weight as id 32
2026/05/13 04:36:32 - mmengine - INFO - set param backbone.align_dim_16tofpn.bias as id 32
2026/05/13 04:36:32 - mmengine - INFO - set param backbone.fpn_modules.0.norm2.weight as id 32
2026/05/13 04:36:32 - mmengine - INFO - set param backbone.fpn_modules.0.norm2.bias as id 32
2026/05/13 04:36:32 - mmengine - INFO - set param backbone.fpn_modules.0.mlp.fc1.weight as id 32
2026/05/13 04:36:32 - mmengine - INFO - set param backbone.fpn_modules.0.mlp.fc1.bias as id 32
2026/05/13 04:36:32 - mmengine - INFO - set param backbone.fpn_modules.0.mlp.fc2.weight as id 32
2026/05/13 04:36:32 - mmengine - INFO - set param backbone.fpn_modules.0.mlp.fc2.bias as id 32
2026/05/13 04:36:32 - mmengine - INFO - set param backbone.fpn_modules.1.norm2.weight as id 32
2026/05/13 04:36:32 - mmengine - INFO - set param backbone.fpn_modules.1.norm2.bias as id 32
2026/05/13 04:36:32 - mmengine - INFO - set param backbone.fpn_modules.1.mlp.fc1.weight as id 32
2026/05/13 04:36:32 - mmengine - INFO - set param backbone.fpn_modules.1.mlp.fc1.bias as id 32
2026/05/13 04:36:32 - mmengine - INFO - set param backbone.fpn_modules.1.mlp.fc2.weight as id 32
2026/05/13 04:36:32 - mmengine - INFO - set param backbone.fpn_modules.1.mlp.fc2.bias as id 32
2026/05/13 04:36:32 - mmengine - INFO - set param backbone.fpn_modules.2.norm2.weight as id 32
2026/05/13 04:36:32 - mmengine - INFO - set param backbone.fpn_modules.2.norm2.bias as id 32
2026/05/13 04:36:32 - mmengine - INFO - set param backbone.fpn_modules.2.mlp.fc1.weight as id 32
2026/05/13 04:36:32 - mmengine - INFO - set param backbone.fpn_modules.2.mlp.fc1.bias as id 32
2026/05/13 04:36:32 - mmengine - INFO - set param backbone.fpn_modules.2.mlp.fc2.weight as id 32
2026/05/13 04:36:32 - mmengine - INFO - set param backbone.fpn_modules.2.mlp.fc2.bias as id 32
2026/05/13 04:36:32 - mmengine - INFO - set param backbone.align_dim_16to8.weight as id 32
2026/05/13 04:36:32 - mmengine - INFO - set param backbone.split_16to8.norm.weight as id 32
2026/05/13 04:36:32 - mmengine - INFO - set param backbone.split_16to8.norm.bias as id 32
2026/05/13 04:36:32 - mmengine - INFO - set param backbone.split_16to8.reduction.weight as id 32
2026/05/13 04:36:32 - mmengine - INFO - set param backbone.block_16to8.0.norm2.weight as id 32
2026/05/13 04:36:32 - mmengine - INFO - set param backbone.block_16to8.0.norm2.bias as id 32
2026/05/13 04:36:32 - mmengine - INFO - set param backbone.block_16to8.0.mlp.fc1.weight as id 32
2026/05/13 04:36:32 - mmengine - INFO - set param backbone.block_16to8.0.mlp.fc1.bias as id 32
2026/05/13 04:36:32 - mmengine - INFO - set param backbone.block_16to8.0.mlp.fc2.weight as id 32
2026/05/13 04:36:32 - mmengine - INFO - set param backbone.block_16to8.0.mlp.fc2.bias as id 32
2026/05/13 04:36:32 - mmengine - INFO - set param backbone.block_16to8.1.norm2.weight as id 32
2026/05/13 04:36:32 - mmengine - INFO - set param backbone.block_16to8.1.norm2.bias as id 32
2026/05/13 04:36:32 - mmengine - INFO - set param backbone.block_16to8.1.mlp.fc1.weight as id 32
2026/05/13 04:36:32 - mmengine - INFO - set param backbone.block_16to8.1.mlp.fc1.bias as id 32
2026/05/13 04:36:32 - mmengine - INFO - set param backbone.block_16to8.1.mlp.fc2.weight as id 32
2026/05/13 04:36:32 - mmengine - INFO - set param backbone.block_16to8.1.mlp.fc2.bias as id 32
2026/05/13 04:36:32 - mmengine - INFO - set param backbone.align_dim_8to4.weight as id 32
2026/05/13 04:36:32 - mmengine - INFO - set param backbone.split_8to4.norm.weight as id 32
2026/05/13 04:36:32 - mmengine - INFO - set param backbone.split_8to4.norm.bias as id 32
2026/05/13 04:36:32 - mmengine - INFO - set param backbone.split_8to4.reduction.weight as id 32
2026/05/13 04:36:32 - mmengine - INFO - set param backbone.block_8to4.0.norm2.weight as id 32
2026/05/13 04:36:32 - mmengine - INFO - set param backbone.block_8to4.0.norm2.bias as id 32
2026/05/13 04:36:32 - mmengine - INFO - set param backbone.block_8to4.0.mlp.fc1.weight as id 32
2026/05/13 04:36:32 - mmengine - INFO - set param backbone.block_8to4.0.mlp.fc1.bias as id 32
2026/05/13 04:36:32 - mmengine - INFO - set param backbone.block_8to4.0.mlp.fc2.weight as id 32
2026/05/13 04:36:32 - mmengine - INFO - set param backbone.block_8to4.0.mlp.fc2.bias as id 32
2026/05/13 04:36:32 - mmengine - INFO - set param backbone.block_8to4.1.norm2.weight as id 32
2026/05/13 04:36:32 - mmengine - INFO - set param backbone.block_8to4.1.norm2.bias as id 32
2026/05/13 04:36:32 - mmengine - INFO - set param backbone.block_8to4.1.mlp.fc1.weight as id 32
2026/05/13 04:36:32 - mmengine - INFO - set param backbone.block_8to4.1.mlp.fc1.bias as id 32
2026/05/13 04:36:32 - mmengine - INFO - set param backbone.block_8to4.1.mlp.fc2.weight as id 32
2026/05/13 04:36:32 - mmengine - INFO - set param backbone.block_8to4.1.mlp.fc2.bias as id 32
2026/05/13 04:36:32 - mmengine - INFO - set param decode_head.conv_seg.weight as id 32
2026/05/13 04:36:32 - mmengine - INFO - set param decode_head.conv_seg.bias as id 32
2026/05/13 04:36:32 - mmengine - INFO - set param decode_head.psp_modules.0.1.conv.weight as id 32
2026/05/13 04:36:32 - mmengine - INFO - set param decode_head.psp_modules.0.1.bn.weight as id 32
2026/05/13 04:36:32 - mmengine - INFO - set param decode_head.psp_modules.0.1.bn.bias as id 32
2026/05/13 04:36:32 - mmengine - INFO - set param decode_head.psp_modules.1.1.conv.weight as id 32
2026/05/13 04:36:32 - mmengine - INFO - set param decode_head.psp_modules.1.1.bn.weight as id 32
2026/05/13 04:36:32 - mmengine - INFO - set param decode_head.psp_modules.1.1.bn.bias as id 32
2026/05/13 04:36:32 - mmengine - INFO - set param decode_head.psp_modules.2.1.conv.weight as id 32
2026/05/13 04:36:32 - mmengine - INFO - set param decode_head.psp_modules.2.1.bn.weight as id 32
2026/05/13 04:36:32 - mmengine - INFO - set param decode_head.psp_modules.2.1.bn.bias as id 32
2026/05/13 04:36:32 - mmengine - INFO - set param decode_head.psp_modules.3.1.conv.weight as id 32
2026/05/13 04:36:32 - mmengine - INFO - set param decode_head.psp_modules.3.1.bn.weight as id 32
2026/05/13 04:36:32 - mmengine - INFO - set param decode_head.psp_modules.3.1.bn.bias as id 32
2026/05/13 04:36:32 - mmengine - INFO - set param decode_head.bottleneck.conv.weight as id 32
2026/05/13 04:36:32 - mmengine - INFO - set param decode_head.bottleneck.bn.weight as id 32
2026/05/13 04:36:32 - mmengine - INFO - set param decode_head.bottleneck.bn.bias as id 32
2026/05/13 04:36:32 - mmengine - INFO - set param decode_head.lateral_convs.0.conv.weight as id 32
2026/05/13 04:36:32 - mmengine - INFO - set param decode_head.lateral_convs.0.bn.weight as id 32
2026/05/13 04:36:32 - mmengine - INFO - set param decode_head.lateral_convs.0.bn.bias as id 32
2026/05/13 04:36:32 - mmengine - INFO - set param decode_head.lateral_convs.1.conv.weight as id 32
2026/05/13 04:36:32 - mmengine - INFO - set param decode_head.lateral_convs.1.bn.weight as id 32
2026/05/13 04:36:32 - mmengine - INFO - set param decode_head.lateral_convs.1.bn.bias as id 32
2026/05/13 04:36:32 - mmengine - INFO - set param decode_head.lateral_convs.2.conv.weight as id 32
2026/05/13 04:36:32 - mmengine - INFO - set param decode_head.lateral_convs.2.bn.weight as id 32
2026/05/13 04:36:32 - mmengine - INFO - set param decode_head.lateral_convs.2.bn.bias as id 32
2026/05/13 04:36:32 - mmengine - INFO - set param decode_head.fpn_convs.0.conv.weight as id 32
2026/05/13 04:36:32 - mmengine - INFO - set param decode_head.fpn_convs.0.bn.weight as id 32
2026/05/13 04:36:32 - mmengine - INFO - set param decode_head.fpn_convs.0.bn.bias as id 32
2026/05/13 04:36:32 - mmengine - INFO - set param decode_head.fpn_convs.1.conv.weight as id 32
2026/05/13 04:36:32 - mmengine - INFO - set param decode_head.fpn_convs.1.bn.weight as id 32
2026/05/13 04:36:32 - mmengine - INFO - set param decode_head.fpn_convs.1.bn.bias as id 32
2026/05/13 04:36:32 - mmengine - INFO - set param decode_head.fpn_convs.2.conv.weight as id 32
2026/05/13 04:36:32 - mmengine - INFO - set param decode_head.fpn_convs.2.bn.weight as id 32
2026/05/13 04:36:32 - mmengine - INFO - set param decode_head.fpn_convs.2.bn.bias as id 32
2026/05/13 04:36:32 - mmengine - INFO - set param decode_head.fpn_bottleneck.conv.weight as id 32
2026/05/13 04:36:32 - mmengine - INFO - set param decode_head.fpn_bottleneck.bn.weight as id 32
2026/05/13 04:36:32 - mmengine - INFO - set param decode_head.fpn_bottleneck.bn.bias as id 32
2026/05/13 04:36:32 - mmengine - INFO - set param auxiliary_head.conv_seg.weight as id 32
2026/05/13 04:36:32 - mmengine - INFO - set param auxiliary_head.conv_seg.bias as id 32
2026/05/13 04:36:32 - mmengine - INFO - set param auxiliary_head.convs.0.conv.weight as id 32
2026/05/13 04:36:32 - mmengine - INFO - set param auxiliary_head.convs.0.bn.weight as id 32
2026/05/13 04:36:32 - mmengine - INFO - set param auxiliary_head.convs.0.bn.bias as id 32
2026/05/13 04:36:32 - mmengine - INFO - Param groups = {
  "layer_0_layer_0_no_decay": {
    "param_names": [
      "backbone.absolute_pos_embed",
      "backbone.patch_embed.proj.bias",
      "backbone.patch_embed.norm.weight",
      "backbone.patch_embed.norm.bias"
    ],
    "lr_scale": 0.03433683820292515,
    "lr": 2.060210292175509e-05,
    "weight_decay": 0.0
  },
  "layer_0_layer_0_decay": {
    "param_names": [
      "backbone.patch_embed.proj.weight"
    ],
    "lr_scale": 0.03433683820292515,
    "lr": 2.060210292175509e-05,
    "weight_decay": 0.01
  },
  "layer_1_layer_1_no_decay": {
    "param_names": [
      "backbone.blocks.0.norm2.weight",
      "backbone.blocks.0.norm2.bias",
      "backbone.blocks.0.mlp.fc1.bias",
      "backbone.blocks.0.mlp.fc2.bias"
    ],
    "lr_scale": 0.038152042447694615,
    "lr": 2.2891225468616767e-05,
    "weight_decay": 0.0
  },
  "layer_1_layer_1_decay": {
    "param_names": [
      "backbone.blocks.0.mlp.fc1.weight",
      "backbone.blocks.0.mlp.fc2.weight"
    ],
    "lr_scale": 0.038152042447694615,
    "lr": 2.2891225468616767e-05,
    "weight_decay": 0.01
  },
  "layer_2_layer_2_no_decay": {
    "param_names": [
      "backbone.blocks.1.norm2.weight",
      "backbone.blocks.1.norm2.bias",
      "backbone.blocks.1.mlp.fc1.bias",
      "backbone.blocks.1.mlp.fc2.bias"
    ],
    "lr_scale": 0.04239115827521624,
    "lr": 2.543469496512974e-05,
    "weight_decay": 0.0
  },
  "layer_2_layer_2_decay": {
    "param_names": [
      "backbone.blocks.1.mlp.fc1.weight",
      "backbone.blocks.1.mlp.fc2.weight"
    ],
    "lr_scale": 0.04239115827521624,
    "lr": 2.543469496512974e-05,
    "weight_decay": 0.01
  },
  "layer_3_layer_3_no_decay": {
    "param_names": [
      "backbone.blocks.2.norm2.weight",
      "backbone.blocks.2.norm2.bias",
      "backbone.blocks.2.mlp.fc1.bias",
      "backbone.blocks.2.mlp.fc2.bias"
    ],
    "lr_scale": 0.047101286972462485,
    "lr": 2.826077218347749e-05,
    "weight_decay": 0.0
  },
  "layer_3_layer_3_decay": {
    "param_names": [
      "backbone.blocks.2.mlp.fc1.weight",
      "backbone.blocks.2.mlp.fc2.weight"
    ],
    "lr_scale": 0.047101286972462485,
    "lr": 2.826077218347749e-05,
    "weight_decay": 0.01
  },
  "layer_4_layer_4_no_decay": {
    "param_names": [
      "backbone.blocks.3.norm.weight",
      "backbone.blocks.3.norm.bias"
    ],
    "lr_scale": 0.05233476330273609,
    "lr": 3.140085798164165e-05,
    "weight_decay": 0.0
  },
  "layer_4_layer_4_decay": {
    "param_names": [
      "backbone.blocks.3.reduction.weight"
    ],
    "lr_scale": 0.05233476330273609,
    "lr": 3.140085798164165e-05,
    "weight_decay": 0.01
  },
  "layer_5_layer_5_no_decay": {
    "param_names": [
      "backbone.blocks.4.norm2.weight",
      "backbone.blocks.4.norm2.bias",
      "backbone.blocks.4.mlp.fc1.bias",
      "backbone.blocks.4.mlp.fc2.bias"
    ],
    "lr_scale": 0.058149737003040096,
    "lr": 3.488984220182405e-05,
    "weight_decay": 0.0
  },
  "layer_5_layer_5_decay": {
    "param_names": [
      "backbone.blocks.4.mlp.fc1.weight",
      "backbone.blocks.4.mlp.fc2.weight"
    ],
    "lr_scale": 0.058149737003040096,
    "lr": 3.488984220182405e-05,
    "weight_decay": 0.01
  },
  "layer_6_layer_6_no_decay": {
    "param_names": [
      "backbone.blocks.5.norm2.weight",
      "backbone.blocks.5.norm2.bias",
      "backbone.blocks.5.mlp.fc1.bias",
      "backbone.blocks.5.mlp.fc2.bias"
    ],
    "lr_scale": 0.06461081889226677,
    "lr": 3.876649133536006e-05,
    "weight_decay": 0.0
  },
  "layer_6_layer_6_decay": {
    "param_names": [
      "backbone.blocks.5.mlp.fc1.weight",
      "backbone.blocks.5.mlp.fc2.weight"
    ],
    "lr_scale": 0.06461081889226677,
    "lr": 3.876649133536006e-05,
    "weight_decay": 0.01
  },
  "layer_7_layer_7_no_decay": {
    "param_names": [
      "backbone.blocks.6.norm2.weight",
      "backbone.blocks.6.norm2.bias",
      "backbone.blocks.6.mlp.fc1.bias",
      "backbone.blocks.6.mlp.fc2.bias"
    ],
    "lr_scale": 0.0717897987691853,
    "lr": 4.3073879261511174e-05,
    "weight_decay": 0.0
  },
  "layer_7_layer_7_decay": {
    "param_names": [
      "backbone.blocks.6.mlp.fc1.weight",
      "backbone.blocks.6.mlp.fc2.weight"
    ],
    "lr_scale": 0.0717897987691853,
    "lr": 4.3073879261511174e-05,
    "weight_decay": 0.01
  },
  "layer_8_layer_8_no_decay": {
    "param_names": [
      "backbone.blocks.7.norm.weight",
      "backbone.blocks.7.norm.bias"
    ],
    "lr_scale": 0.07976644307687256,
    "lr": 4.785986584612353e-05,
    "weight_decay": 0.0
  },
  "layer_8_layer_8_decay": {
    "param_names": [
      "backbone.blocks.7.reduction.weight"
    ],
    "lr_scale": 0.07976644307687256,
    "lr": 4.785986584612353e-05,
    "weight_decay": 0.01
  },
  "layer_9_layer_9_no_decay": {
    "param_names": [
      "backbone.blocks.8.norm1.weight",
      "backbone.blocks.8.norm1.bias",
      "backbone.blocks.8.attn.qkv.bias",
      "backbone.blocks.8.attn.proj.bias",
      "backbone.blocks.8.norm2.weight",
      "backbone.blocks.8.norm2.bias",
      "backbone.blocks.8.mlp.fc1.bias",
      "backbone.blocks.8.mlp.fc2.bias"
    ],
    "lr_scale": 0.08862938119652507,
    "lr": 5.317762871791503e-05,
    "weight_decay": 0.0
  },
  "layer_9_layer_9_decay": {
    "param_names": [
      "backbone.blocks.8.attn.qkv.weight",
      "backbone.blocks.8.attn.proj.weight",
      "backbone.blocks.8.mlp.fc1.weight",
      "backbone.blocks.8.mlp.fc2.weight"
    ],
    "lr_scale": 0.08862938119652507,
    "lr": 5.317762871791503e-05,
    "weight_decay": 0.01
  },
  "layer_10_layer_10_no_decay": {
    "param_names": [
      "backbone.blocks.9.norm1.weight",
      "backbone.blocks.9.norm1.bias",
      "backbone.blocks.9.attn.qkv.bias",
      "backbone.blocks.9.attn.proj.bias",
      "backbone.blocks.9.norm2.weight",
      "backbone.blocks.9.norm2.bias",
      "backbone.blocks.9.mlp.fc1.bias",
      "backbone.blocks.9.mlp.fc2.bias"
    ],
    "lr_scale": 0.09847709021836118,
    "lr": 5.90862541310167e-05,
    "weight_decay": 0.0
  },
  "layer_10_layer_10_decay": {
    "param_names": [
      "backbone.blocks.9.attn.qkv.weight",
      "backbone.blocks.9.attn.proj.weight",
      "backbone.blocks.9.mlp.fc1.weight",
      "backbone.blocks.9.mlp.fc2.weight"
    ],
    "lr_scale": 0.09847709021836118,
    "lr": 5.90862541310167e-05,
    "weight_decay": 0.01
  },
  "layer_11_layer_11_no_decay": {
    "param_names": [
      "backbone.blocks.10.norm1.weight",
      "backbone.blocks.10.norm1.bias",
      "backbone.blocks.10.attn.qkv.bias",
      "backbone.blocks.10.attn.proj.bias",
      "backbone.blocks.10.norm2.weight",
      "backbone.blocks.10.norm2.bias",
      "backbone.blocks.10.mlp.fc1.bias",
      "backbone.blocks.10.mlp.fc2.bias"
    ],
    "lr_scale": 0.10941898913151242,
    "lr": 6.565139347890744e-05,
    "weight_decay": 0.0
  },
  "layer_11_layer_11_decay": {
    "param_names": [
      "backbone.blocks.10.attn.qkv.weight",
      "backbone.blocks.10.attn.proj.weight",
      "backbone.blocks.10.mlp.fc1.weight",
      "backbone.blocks.10.mlp.fc2.weight"
    ],
    "lr_scale": 0.10941898913151242,
    "lr": 6.565139347890744e-05,
    "weight_decay": 0.01
  },
  "layer_12_layer_12_no_decay": {
    "param_names": [
      "backbone.blocks.11.norm1.weight",
      "backbone.blocks.11.norm1.bias",
      "backbone.blocks.11.attn.qkv.bias",
      "backbone.blocks.11.attn.proj.bias",
      "backbone.blocks.11.norm2.weight",
      "backbone.blocks.11.norm2.bias",
      "backbone.blocks.11.mlp.fc1.bias",
      "backbone.blocks.11.mlp.fc2.bias"
    ],
    "lr_scale": 0.12157665459056935,
    "lr": 7.29459927543416e-05,
    "weight_decay": 0.0
  },
  "layer_12_layer_12_decay": {
    "param_names": [
      "backbone.blocks.11.attn.qkv.weight",
      "backbone.blocks.11.attn.proj.weight",
      "backbone.blocks.11.mlp.fc1.weight",
      "backbone.blocks.11.mlp.fc2.weight"
    ],
    "lr_scale": 0.12157665459056935,
    "lr": 7.29459927543416e-05,
    "weight_decay": 0.01
  },
  "layer_13_layer_13_no_decay": {
    "param_names": [
      "backbone.blocks.12.norm1.weight",
      "backbone.blocks.12.norm1.bias",
      "backbone.blocks.12.attn.qkv.bias",
      "backbone.blocks.12.attn.proj.bias",
      "backbone.blocks.12.norm2.weight",
      "backbone.blocks.12.norm2.bias",
      "backbone.blocks.12.mlp.fc1.bias",
      "backbone.blocks.12.mlp.fc2.bias"
    ],
    "lr_scale": 0.13508517176729928,
    "lr": 8.105110306037956e-05,
    "weight_decay": 0.0
  },
  "layer_13_layer_13_decay": {
    "param_names": [
      "backbone.blocks.12.attn.qkv.weight",
      "backbone.blocks.12.attn.proj.weight",
      "backbone.blocks.12.mlp.fc1.weight",
      "backbone.blocks.12.mlp.fc2.weight"
    ],
    "lr_scale": 0.13508517176729928,
    "lr": 8.105110306037956e-05,
    "weight_decay": 0.01
  },
  "layer_14_layer_14_no_decay": {
    "param_names": [
      "backbone.blocks.13.norm1.weight",
      "backbone.blocks.13.norm1.bias",
      "backbone.blocks.13.attn.qkv.bias",
      "backbone.blocks.13.attn.proj.bias",
      "backbone.blocks.13.norm2.weight",
      "backbone.blocks.13.norm2.bias",
      "backbone.blocks.13.mlp.fc1.bias",
      "backbone.blocks.13.mlp.fc2.bias"
    ],
    "lr_scale": 0.15009463529699918,
    "lr": 9.00567811781995e-05,
    "weight_decay": 0.0
  },
  "layer_14_layer_14_decay": {
    "param_names": [
      "backbone.blocks.13.attn.qkv.weight",
      "backbone.blocks.13.attn.proj.weight",
      "backbone.blocks.13.mlp.fc1.weight",
      "backbone.blocks.13.mlp.fc2.weight"
    ],
    "lr_scale": 0.15009463529699918,
    "lr": 9.00567811781995e-05,
    "weight_decay": 0.01
  },
  "layer_15_layer_15_no_decay": {
    "param_names": [
      "backbone.blocks.14.norm1.weight",
      "backbone.blocks.14.norm1.bias",
      "backbone.blocks.14.attn.qkv.bias",
      "backbone.blocks.14.attn.proj.bias",
      "backbone.blocks.14.norm2.weight",
      "backbone.blocks.14.norm2.bias",
      "backbone.blocks.14.mlp.fc1.bias",
      "backbone.blocks.14.mlp.fc2.bias"
    ],
    "lr_scale": 0.16677181699666577,
    "lr": 0.00010006309019799945,
    "weight_decay": 0.0
  },
  "layer_15_layer_15_decay": {
    "param_names": [
      "backbone.blocks.14.attn.qkv.weight",
      "backbone.blocks.14.attn.proj.weight",
      "backbone.blocks.14.mlp.fc1.weight",
      "backbone.blocks.14.mlp.fc2.weight"
    ],
    "lr_scale": 0.16677181699666577,
    "lr": 0.00010006309019799945,
    "weight_decay": 0.01
  },
  "layer_16_layer_16_no_decay": {
    "param_names": [
      "backbone.blocks.15.norm1.weight",
      "backbone.blocks.15.norm1.bias",
      "backbone.blocks.15.attn.qkv.bias",
      "backbone.blocks.15.attn.proj.bias",
      "backbone.blocks.15.norm2.weight",
      "backbone.blocks.15.norm2.bias",
      "backbone.blocks.15.mlp.fc1.bias",
      "backbone.blocks.15.mlp.fc2.bias"
    ],
    "lr_scale": 0.18530201888518416,
    "lr": 0.00011118121133111048,
    "weight_decay": 0.0
  },
  "layer_16_layer_16_decay": {
    "param_names": [
      "backbone.blocks.15.attn.qkv.weight",
      "backbone.blocks.15.attn.proj.weight",
      "backbone.blocks.15.mlp.fc1.weight",
      "backbone.blocks.15.mlp.fc2.weight"
    ],
    "lr_scale": 0.18530201888518416,
    "lr": 0.00011118121133111048,
    "weight_decay": 0.01
  },
  "layer_17_layer_17_no_decay": {
    "param_names": [
      "backbone.blocks.16.norm1.weight",
      "backbone.blocks.16.norm1.bias",
      "backbone.blocks.16.attn.qkv.bias",
      "backbone.blocks.16.attn.proj.bias",
      "backbone.blocks.16.norm2.weight",
      "backbone.blocks.16.norm2.bias",
      "backbone.blocks.16.mlp.fc1.bias",
      "backbone.blocks.16.mlp.fc2.bias"
    ],
    "lr_scale": 0.20589113209464907,
    "lr": 0.00012353467925678942,
    "weight_decay": 0.0
  },
  "layer_17_layer_17_decay": {
    "param_names": [
      "backbone.blocks.16.attn.qkv.weight",
      "backbone.blocks.16.attn.proj.weight",
      "backbone.blocks.16.mlp.fc1.weight",
      "backbone.blocks.16.mlp.fc2.weight"
    ],
    "lr_scale": 0.20589113209464907,
    "lr": 0.00012353467925678942,
    "weight_decay": 0.01
  },
  "layer_18_layer_18_no_decay": {
    "param_names": [
      "backbone.blocks.17.norm1.weight",
      "backbone.blocks.17.norm1.bias",
      "backbone.blocks.17.attn.qkv.bias",
      "backbone.blocks.17.attn.proj.bias",
      "backbone.blocks.17.norm2.weight",
      "backbone.blocks.17.norm2.bias",
      "backbone.blocks.17.mlp.fc1.bias",
      "backbone.blocks.17.mlp.fc2.bias"
    ],
    "lr_scale": 0.2287679245496101,
    "lr": 0.00013726075472976604,
    "weight_decay": 0.0
  },
  "layer_18_layer_18_decay": {
    "param_names": [
      "backbone.blocks.17.attn.qkv.weight",
      "backbone.blocks.17.attn.proj.weight",
      "backbone.blocks.17.mlp.fc1.weight",
      "backbone.blocks.17.mlp.fc2.weight"
    ],
    "lr_scale": 0.2287679245496101,
    "lr": 0.00013726075472976604,
    "weight_decay": 0.01
  },
  "layer_19_layer_19_no_decay": {
    "param_names": [
      "backbone.blocks.18.norm1.weight",
      "backbone.blocks.18.norm1.bias",
      "backbone.blocks.18.attn.qkv.bias",
      "backbone.blocks.18.attn.proj.bias",
      "backbone.blocks.18.norm2.weight",
      "backbone.blocks.18.norm2.bias",
      "backbone.blocks.18.mlp.fc1.bias",
      "backbone.blocks.18.mlp.fc2.bias"
    ],
    "lr_scale": 0.2541865828329001,
    "lr": 0.00015251194969974002,
    "weight_decay": 0.0
  },
  "layer_19_layer_19_decay": {
    "param_names": [
      "backbone.blocks.18.attn.qkv.weight",
      "backbone.blocks.18.attn.proj.weight",
      "backbone.blocks.18.mlp.fc1.weight",
      "backbone.blocks.18.mlp.fc2.weight"
    ],
    "lr_scale": 0.2541865828329001,
    "lr": 0.00015251194969974002,
    "weight_decay": 0.01
  },
  "layer_20_layer_20_no_decay": {
    "param_names": [
      "backbone.blocks.19.norm1.weight",
      "backbone.blocks.19.norm1.bias",
      "backbone.blocks.19.attn.qkv.bias",
      "backbone.blocks.19.attn.proj.bias",
      "backbone.blocks.19.norm2.weight",
      "backbone.blocks.19.norm2.bias",
      "backbone.blocks.19.mlp.fc1.bias",
      "backbone.blocks.19.mlp.fc2.bias"
    ],
    "lr_scale": 0.2824295364810001,
    "lr": 0.00016945772188860006,
    "weight_decay": 0.0
  },
  "layer_20_layer_20_decay": {
    "param_names": [
      "backbone.blocks.19.attn.qkv.weight",
      "backbone.blocks.19.attn.proj.weight",
      "backbone.blocks.19.mlp.fc1.weight",
      "backbone.blocks.19.mlp.fc2.weight"
    ],
    "lr_scale": 0.2824295364810001,
    "lr": 0.00016945772188860006,
    "weight_decay": 0.01
  },
  "layer_21_layer_21_no_decay": {
    "param_names": [
      "backbone.blocks.20.norm1.weight",
      "backbone.blocks.20.norm1.bias",
      "backbone.blocks.20.attn.qkv.bias",
      "backbone.blocks.20.attn.proj.bias",
      "backbone.blocks.20.norm2.weight",
      "backbone.blocks.20.norm2.bias",
      "backbone.blocks.20.mlp.fc1.bias",
      "backbone.blocks.20.mlp.fc2.bias"
    ],
    "lr_scale": 0.31381059609000006,
    "lr": 0.00018828635765400002,
    "weight_decay": 0.0
  },
  "layer_21_layer_21_decay": {
    "param_names": [
      "backbone.blocks.20.attn.qkv.weight",
      "backbone.blocks.20.attn.proj.weight",
      "backbone.blocks.20.mlp.fc1.weight",
      "backbone.blocks.20.mlp.fc2.weight"
    ],
    "lr_scale": 0.31381059609000006,
    "lr": 0.00018828635765400002,
    "weight_decay": 0.01
  },
  "layer_22_layer_22_no_decay": {
    "param_names": [
      "backbone.blocks.21.norm1.weight",
      "backbone.blocks.21.norm1.bias",
      "backbone.blocks.21.attn.qkv.bias",
      "backbone.blocks.21.attn.proj.bias",
      "backbone.blocks.21.norm2.weight",
      "backbone.blocks.21.norm2.bias",
      "backbone.blocks.21.mlp.fc1.bias",
      "backbone.blocks.21.mlp.fc2.bias"
    ],
    "lr_scale": 0.3486784401000001,
    "lr": 0.00020920706406000005,
    "weight_decay": 0.0
  },
  "layer_22_layer_22_decay": {
    "param_names": [
      "backbone.blocks.21.attn.qkv.weight",
      "backbone.blocks.21.attn.proj.weight",
      "backbone.blocks.21.mlp.fc1.weight",
      "backbone.blocks.21.mlp.fc2.weight"
    ],
    "lr_scale": 0.3486784401000001,
    "lr": 0.00020920706406000005,
    "weight_decay": 0.01
  },
  "layer_23_layer_23_no_decay": {
    "param_names": [
      "backbone.blocks.22.norm1.weight",
      "backbone.blocks.22.norm1.bias",
      "backbone.blocks.22.attn.qkv.bias",
      "backbone.blocks.22.attn.proj.bias",
      "backbone.blocks.22.norm2.weight",
      "backbone.blocks.22.norm2.bias",
      "backbone.blocks.22.mlp.fc1.bias",
      "backbone.blocks.22.mlp.fc2.bias"
    ],
    "lr_scale": 0.3874204890000001,
    "lr": 0.00023245229340000003,
    "weight_decay": 0.0
  },
  "layer_23_layer_23_decay": {
    "param_names": [
      "backbone.blocks.22.attn.qkv.weight",
      "backbone.blocks.22.attn.proj.weight",
      "backbone.blocks.22.mlp.fc1.weight",
      "backbone.blocks.22.mlp.fc2.weight"
    ],
    "lr_scale": 0.3874204890000001,
    "lr": 0.00023245229340000003,
    "weight_decay": 0.01
  },
  "layer_24_layer_24_no_decay": {
    "param_names": [
      "backbone.blocks.23.norm1.weight",
      "backbone.blocks.23.norm1.bias",
      "backbone.blocks.23.attn.qkv.bias",
      "backbone.blocks.23.attn.proj.bias",
      "backbone.blocks.23.norm2.weight",
      "backbone.blocks.23.norm2.bias",
      "backbone.blocks.23.mlp.fc1.bias",
      "backbone.blocks.23.mlp.fc2.bias"
    ],
    "lr_scale": 0.4304672100000001,
    "lr": 0.00025828032600000005,
    "weight_decay": 0.0
  },
  "layer_24_layer_24_decay": {
    "param_names": [
      "backbone.blocks.23.attn.qkv.weight",
      "backbone.blocks.23.attn.proj.weight",
      "backbone.blocks.23.mlp.fc1.weight",
      "backbone.blocks.23.mlp.fc2.weight"
    ],
    "lr_scale": 0.4304672100000001,
    "lr": 0.00025828032600000005,
    "weight_decay": 0.01
  },
  "layer_25_layer_25_no_decay": {
    "param_names": [
      "backbone.blocks.24.norm1.weight",
      "backbone.blocks.24.norm1.bias",
      "backbone.blocks.24.attn.qkv.bias",
      "backbone.blocks.24.attn.proj.bias",
      "backbone.blocks.24.norm2.weight",
      "backbone.blocks.24.norm2.bias",
      "backbone.blocks.24.mlp.fc1.bias",
      "backbone.blocks.24.mlp.fc2.bias"
    ],
    "lr_scale": 0.4782969000000001,
    "lr": 0.00028697814,
    "weight_decay": 0.0
  },
  "layer_25_layer_25_decay": {
    "param_names": [
      "backbone.blocks.24.attn.qkv.weight",
      "backbone.blocks.24.attn.proj.weight",
      "backbone.blocks.24.mlp.fc1.weight",
      "backbone.blocks.24.mlp.fc2.weight"
    ],
    "lr_scale": 0.4782969000000001,
    "lr": 0.00028697814,
    "weight_decay": 0.01
  },
  "layer_26_layer_26_no_decay": {
    "param_names": [
      "backbone.blocks.25.norm1.weight",
      "backbone.blocks.25.norm1.bias",
      "backbone.blocks.25.attn.qkv.bias",
      "backbone.blocks.25.attn.proj.bias",
      "backbone.blocks.25.norm2.weight",
      "backbone.blocks.25.norm2.bias",
      "backbone.blocks.25.mlp.fc1.bias",
      "backbone.blocks.25.mlp.fc2.bias"
    ],
    "lr_scale": 0.531441,
    "lr": 0.0003188646,
    "weight_decay": 0.0
  },
  "layer_26_layer_26_decay": {
    "param_names": [
      "backbone.blocks.25.attn.qkv.weight",
      "backbone.blocks.25.attn.proj.weight",
      "backbone.blocks.25.mlp.fc1.weight",
      "backbone.blocks.25.mlp.fc2.weight"
    ],
    "lr_scale": 0.531441,
    "lr": 0.0003188646,
    "weight_decay": 0.01
  },
  "layer_27_layer_27_no_decay": {
    "param_names": [
      "backbone.blocks.26.norm1.weight",
      "backbone.blocks.26.norm1.bias",
      "backbone.blocks.26.attn.qkv.bias",
      "backbone.blocks.26.attn.proj.bias",
      "backbone.blocks.26.norm2.weight",
      "backbone.blocks.26.norm2.bias",
      "backbone.blocks.26.mlp.fc1.bias",
      "backbone.blocks.26.mlp.fc2.bias"
    ],
    "lr_scale": 0.5904900000000001,
    "lr": 0.000354294,
    "weight_decay": 0.0
  },
  "layer_27_layer_27_decay": {
    "param_names": [
      "backbone.blocks.26.attn.qkv.weight",
      "backbone.blocks.26.attn.proj.weight",
      "backbone.blocks.26.mlp.fc1.weight",
      "backbone.blocks.26.mlp.fc2.weight"
    ],
    "lr_scale": 0.5904900000000001,
    "lr": 0.000354294,
    "weight_decay": 0.01
  },
  "layer_28_layer_28_no_decay": {
    "param_names": [
      "backbone.blocks.27.norm1.weight",
      "backbone.blocks.27.norm1.bias",
      "backbone.blocks.27.attn.qkv.bias",
      "backbone.blocks.27.attn.proj.bias",
      "backbone.blocks.27.norm2.weight",
      "backbone.blocks.27.norm2.bias",
      "backbone.blocks.27.mlp.fc1.bias",
      "backbone.blocks.27.mlp.fc2.bias"
    ],
    "lr_scale": 0.6561,
    "lr": 0.00039366,
    "weight_decay": 0.0
  },
  "layer_28_layer_28_decay": {
    "param_names": [
      "backbone.blocks.27.attn.qkv.weight",
      "backbone.blocks.27.attn.proj.weight",
      "backbone.blocks.27.mlp.fc1.weight",
      "backbone.blocks.27.mlp.fc2.weight"
    ],
    "lr_scale": 0.6561,
    "lr": 0.00039366,
    "weight_decay": 0.01
  },
  "layer_29_layer_29_no_decay": {
    "param_names": [
      "backbone.blocks.28.norm1.weight",
      "backbone.blocks.28.norm1.bias",
      "backbone.blocks.28.attn.qkv.bias",
      "backbone.blocks.28.attn.proj.bias",
      "backbone.blocks.28.norm2.weight",
      "backbone.blocks.28.norm2.bias",
      "backbone.blocks.28.mlp.fc1.bias",
      "backbone.blocks.28.mlp.fc2.bias"
    ],
    "lr_scale": 0.7290000000000001,
    "lr": 0.0004374,
    "weight_decay": 0.0
  },
  "layer_29_layer_29_decay": {
    "param_names": [
      "backbone.blocks.28.attn.qkv.weight",
      "backbone.blocks.28.attn.proj.weight",
      "backbone.blocks.28.mlp.fc1.weight",
      "backbone.blocks.28.mlp.fc2.weight"
    ],
    "lr_scale": 0.7290000000000001,
    "lr": 0.0004374,
    "weight_decay": 0.01
  },
  "layer_30_layer_30_no_decay": {
    "param_names": [
      "backbone.blocks.29.norm1.weight",
      "backbone.blocks.29.norm1.bias",
      "backbone.blocks.29.attn.qkv.bias",
      "backbone.blocks.29.attn.proj.bias",
      "backbone.blocks.29.norm2.weight",
      "backbone.blocks.29.norm2.bias",
      "backbone.blocks.29.mlp.fc1.bias",
      "backbone.blocks.29.mlp.fc2.bias"
    ],
    "lr_scale": 0.81,
    "lr": 0.000486,
    "weight_decay": 0.0
  },
  "layer_30_layer_30_decay": {
    "param_names": [
      "backbone.blocks.29.attn.qkv.weight",
      "backbone.blocks.29.attn.proj.weight",
      "backbone.blocks.29.mlp.fc1.weight",
      "backbone.blocks.29.mlp.fc2.weight"
    ],
    "lr_scale": 0.81,
    "lr": 0.000486,
    "weight_decay": 0.01
  },
  "layer_31_layer_31_no_decay": {
    "param_names": [
      "backbone.blocks.30.norm1.weight",
      "backbone.blocks.30.norm1.bias",
      "backbone.blocks.30.attn.qkv.bias",
      "backbone.blocks.30.attn.proj.bias",
      "backbone.blocks.30.norm2.weight",
      "backbone.blocks.30.norm2.bias",
      "backbone.blocks.30.mlp.fc1.bias",
      "backbone.blocks.30.mlp.fc2.bias"
    ],
    "lr_scale": 0.9,
    "lr": 0.00054,
    "weight_decay": 0.0
  },
  "layer_31_layer_31_decay": {
    "param_names": [
      "backbone.blocks.30.attn.qkv.weight",
      "backbone.blocks.30.attn.proj.weight",
      "backbone.blocks.30.mlp.fc1.weight",
      "backbone.blocks.30.mlp.fc2.weight"
    ],
    "lr_scale": 0.9,
    "lr": 0.00054,
    "weight_decay": 0.01
  },
  "layer_32_layer_32_no_decay": {
    "param_names": [
      "backbone.blocks.31.norm1.weight",
      "backbone.blocks.31.norm1.bias",
      "backbone.blocks.31.attn.qkv.bias",
      "backbone.blocks.31.attn.proj.bias",
      "backbone.blocks.31.norm2.weight",
      "backbone.blocks.31.norm2.bias",
      "backbone.blocks.31.mlp.fc1.bias",
      "backbone.blocks.31.mlp.fc2.bias",
      "backbone.align_dim_16tofpn.bias",
      "backbone.fpn_modules.0.norm2.weight",
      "backbone.fpn_modules.0.norm2.bias",
      "backbone.fpn_modules.0.mlp.fc1.bias",
      "backbone.fpn_modules.0.mlp.fc2.bias",
      "backbone.fpn_modules.1.norm2.weight",
      "backbone.fpn_modules.1.norm2.bias",
      "backbone.fpn_modules.1.mlp.fc1.bias",
      "backbone.fpn_modules.1.mlp.fc2.bias",
      "backbone.fpn_modules.2.norm2.weight",
      "backbone.fpn_modules.2.norm2.bias",
      "backbone.fpn_modules.2.mlp.fc1.bias",
      "backbone.fpn_modules.2.mlp.fc2.bias",
      "backbone.split_16to8.norm.weight",
      "backbone.split_16to8.norm.bias",
      "backbone.block_16to8.0.norm2.weight",
      "backbone.block_16to8.0.norm2.bias",
      "backbone.block_16to8.0.mlp.fc1.bias",
      "backbone.block_16to8.0.mlp.fc2.bias",
      "backbone.block_16to8.1.norm2.weight",
      "backbone.block_16to8.1.norm2.bias",
      "backbone.block_16to8.1.mlp.fc1.bias",
      "backbone.block_16to8.1.mlp.fc2.bias",
      "backbone.split_8to4.norm.weight",
      "backbone.split_8to4.norm.bias",
      "backbone.block_8to4.0.norm2.weight",
      "backbone.block_8to4.0.norm2.bias",
      "backbone.block_8to4.0.mlp.fc1.bias",
      "backbone.block_8to4.0.mlp.fc2.bias",
      "backbone.block_8to4.1.norm2.weight",
      "backbone.block_8to4.1.norm2.bias",
      "backbone.block_8to4.1.mlp.fc1.bias",
      "backbone.block_8to4.1.mlp.fc2.bias",
      "decode_head.conv_seg.bias",
      "decode_head.psp_modules.0.1.bn.weight",
      "decode_head.psp_modules.0.1.bn.bias",
      "decode_head.psp_modules.1.1.bn.weight",
      "decode_head.psp_modules.1.1.bn.bias",
      "decode_head.psp_modules.2.1.bn.weight",
      "decode_head.psp_modules.2.1.bn.bias",
      "decode_head.psp_modules.3.1.bn.weight",
      "decode_head.psp_modules.3.1.bn.bias",
      "decode_head.bottleneck.bn.weight",
      "decode_head.bottleneck.bn.bias",
      "decode_head.lateral_convs.0.bn.weight",
      "decode_head.lateral_convs.0.bn.bias",
      "decode_head.lateral_convs.1.bn.weight",
      "decode_head.lateral_convs.1.bn.bias",
      "decode_head.lateral_convs.2.bn.weight",
      "decode_head.lateral_convs.2.bn.bias",
      "decode_head.fpn_convs.0.bn.weight",
      "decode_head.fpn_convs.0.bn.bias",
      "decode_head.fpn_convs.1.bn.weight",
      "decode_head.fpn_convs.1.bn.bias",
      "decode_head.fpn_convs.2.bn.weight",
      "decode_head.fpn_convs.2.bn.bias",
      "decode_head.fpn_bottleneck.bn.weight",
      "decode_head.fpn_bottleneck.bn.bias",
      "auxiliary_head.conv_seg.bias",
      "auxiliary_head.convs.0.bn.weight",
      "auxiliary_head.convs.0.bn.bias"
    ],
    "lr_scale": 1.0,
    "lr": 0.0006,
    "weight_decay": 0.0
  },
  "layer_32_layer_32_decay": {
    "param_names": [
      "backbone.blocks.31.attn.qkv.weight",
      "backbone.blocks.31.attn.proj.weight",
      "backbone.blocks.31.mlp.fc1.weight",
      "backbone.blocks.31.mlp.fc2.weight",
      "backbone.align_dim_16tofpn.weight",
      "backbone.fpn_modules.0.mlp.fc1.weight",
      "backbone.fpn_modules.0.mlp.fc2.weight",
      "backbone.fpn_modules.1.mlp.fc1.weight",
      "backbone.fpn_modules.1.mlp.fc2.weight",
      "backbone.fpn_modules.2.mlp.fc1.weight",
      "backbone.fpn_modules.2.mlp.fc2.weight",
      "backbone.align_dim_16to8.weight",
      "backbone.split_16to8.reduction.weight",
      "backbone.block_16to8.0.mlp.fc1.weight",
      "backbone.block_16to8.0.mlp.fc2.weight",
      "backbone.block_16to8.1.mlp.fc1.weight",
      "backbone.block_16to8.1.mlp.fc2.weight",
      "backbone.align_dim_8to4.weight",
      "backbone.split_8to4.reduction.weight",
      "backbone.block_8to4.0.mlp.fc1.weight",
      "backbone.block_8to4.0.mlp.fc2.weight",
      "backbone.block_8to4.1.mlp.fc1.weight",
      "backbone.block_8to4.1.mlp.fc2.weight",
      "decode_head.conv_seg.weight",
      "decode_head.psp_modules.0.1.conv.weight",
      "decode_head.psp_modules.1.1.conv.weight",
      "decode_head.psp_modules.2.1.conv.weight",
      "decode_head.psp_modules.3.1.conv.weight",
      "decode_head.bottleneck.conv.weight",
      "decode_head.lateral_convs.0.conv.weight",
      "decode_head.lateral_convs.1.conv.weight",
      "decode_head.lateral_convs.2.conv.weight",
      "decode_head.fpn_convs.0.conv.weight",
      "decode_head.fpn_convs.1.conv.weight",
      "decode_head.fpn_convs.2.conv.weight",
      "decode_head.fpn_bottleneck.conv.weight",
      "auxiliary_head.conv_seg.weight",
      "auxiliary_head.convs.0.conv.weight"
    ],
    "lr_scale": 1.0,
    "lr": 0.0006,
    "weight_decay": 0.01
  }
}
2026/05/13 04:36:32 - mmengine - WARNING - The prefix is not set in metric class CustomIoUMetric.
2026/05/13 04:36:32 - mmengine - INFO - Loads checkpoint by local backend from path: /root/autodl-tmp/weights/weijie_saratrx_2/checkpoint-1200.pth
2026/05/13 04:36:33 - mmengine - INFO - Checkpoint loaded from /root/autodl-tmp/weights/weijie_saratrx_2/checkpoint-1200.pth
2026/05/13 04:36:33 - mmengine - INFO - _IncompatibleKeys(missing_keys=[], unexpected_keys=['mask_token', 'decoder_pos_embed', 'hogs.simple_weights', 'hogs.SAR_Lay.weight_LBP1', 'hogs.SAR_Lay.weight_LBP2', 'hogs.SAR_Layer0.weight_x1', 'hogs.SAR_Layer0.weight_x2', 'hogs.SAR_Layer0.weight_y1', 'hogs.SAR_Layer0.weight_y2', 'hogs.SAR_Layer1.weight_x1', 'hogs.SAR_Layer1.weight_x2', 'hogs.SAR_Layer1.weight_y1', 'hogs.SAR_Layer1.weight_y2', 'hogs.SAR_Layer2.weight_x1', 'hogs.SAR_Layer2.weight_x2', 'hogs.SAR_Layer2.weight_y1', 'hogs.SAR_Layer2.weight_y2', 'hogs.SAR_Layer3.weight_x1', 'hogs.SAR_Layer3.weight_x2', 'hogs.SAR_Layer3.weight_y1', 'hogs.SAR_Layer3.weight_y2', 'hogs.SAR_Layer4.weight_x1', 'hogs.SAR_Layer4.weight_x2', 'hogs.SAR_Layer4.weight_y1', 'hogs.SAR_Layer4.weight_y2', 'decoder_embed.0.0.weight', 'decoder_embed.0.0.bias', 'decoder_embed.0.1.weight', 'decoder_embed.0.1.bias', 'decoder_embed.1.0.weight', 'decoder_embed.1.0.bias', 'decoder_embed.1.1.weight', 'decoder_embed.1.1.bias', 'decoder_embed.2.0.weight', 'decoder_embed.2.0.bias', 'decoder_embed.2.1.weight', 'decoder_embed.2.1.bias', 'decoder_blocks.0.norm1.weight', 'decoder_blocks.0.norm1.bias', 'decoder_blocks.0.attn.qkv.weight', 'decoder_blocks.0.attn.qkv.bias', 'decoder_blocks.0.attn.proj.weight', 'decoder_blocks.0.attn.proj.bias', 'decoder_blocks.0.norm2.weight', 'decoder_blocks.0.norm2.bias', 'decoder_blocks.0.mlp.fc1.weight', 'decoder_blocks.0.mlp.fc1.bias', 'decoder_blocks.0.mlp.fc2.weight', 'decoder_blocks.0.mlp.fc2.bias', 'decoder_blocks.1.norm1.weight', 'decoder_blocks.1.norm1.bias', 'decoder_blocks.1.attn.qkv.weight', 'decoder_blocks.1.attn.qkv.bias', 'decoder_blocks.1.attn.proj.weight', 'decoder_blocks.1.attn.proj.bias', 'decoder_blocks.1.norm2.weight', 'decoder_blocks.1.norm2.bias', 'decoder_blocks.1.mlp.fc1.weight', 'decoder_blocks.1.mlp.fc1.bias', 'decoder_blocks.1.mlp.fc2.weight', 'decoder_blocks.1.mlp.fc2.bias', 'decoder_blocks.2.norm1.weight', 'decoder_blocks.2.norm1.bias', 'decoder_blocks.2.attn.qkv.weight', 'decoder_blocks.2.attn.qkv.bias', 'decoder_blocks.2.attn.proj.weight', 'decoder_blocks.2.attn.proj.bias', 'decoder_blocks.2.norm2.weight', 'decoder_blocks.2.norm2.bias', 'decoder_blocks.2.mlp.fc1.weight', 'decoder_blocks.2.mlp.fc1.bias', 'decoder_blocks.2.mlp.fc2.weight', 'decoder_blocks.2.mlp.fc2.bias', 'decoder_blocks.3.norm1.weight', 'decoder_blocks.3.norm1.bias', 'decoder_blocks.3.attn.qkv.weight', 'decoder_blocks.3.attn.qkv.bias', 'decoder_blocks.3.attn.proj.weight', 'decoder_blocks.3.attn.proj.bias', 'decoder_blocks.3.norm2.weight', 'decoder_blocks.3.norm2.bias', 'decoder_blocks.3.mlp.fc1.weight', 'decoder_blocks.3.mlp.fc1.bias', 'decoder_blocks.3.mlp.fc2.weight', 'decoder_blocks.3.mlp.fc2.bias', 'decoder_blocks.4.norm1.weight', 'decoder_blocks.4.norm1.bias', 'decoder_blocks.4.attn.qkv.weight', 'decoder_blocks.4.attn.qkv.bias', 'decoder_blocks.4.attn.proj.weight', 'decoder_blocks.4.attn.proj.bias', 'decoder_blocks.4.norm2.weight', 'decoder_blocks.4.norm2.bias', 'decoder_blocks.4.mlp.fc1.weight', 'decoder_blocks.4.mlp.fc1.bias', 'decoder_blocks.4.mlp.fc2.weight', 'decoder_blocks.4.mlp.fc2.bias', 'decoder_blocks.5.norm1.weight', 'decoder_blocks.5.norm1.bias', 'decoder_blocks.5.attn.qkv.weight', 'decoder_blocks.5.attn.qkv.bias', 'decoder_blocks.5.attn.proj.weight', 'decoder_blocks.5.attn.proj.bias', 'decoder_blocks.5.norm2.weight', 'decoder_blocks.5.norm2.bias', 'decoder_blocks.5.mlp.fc1.weight', 'decoder_blocks.5.mlp.fc1.bias', 'decoder_blocks.5.mlp.fc2.weight', 'decoder_blocks.5.mlp.fc2.bias', 'decoder_blocks.6.norm1.weight', 'decoder_blocks.6.norm1.bias', 'decoder_blocks.6.attn.qkv.weight', 'decoder_blocks.6.attn.qkv.bias', 'decoder_blocks.6.attn.proj.weight', 'decoder_blocks.6.attn.proj.bias', 'decoder_blocks.6.norm2.weight', 'decoder_blocks.6.norm2.bias', 'decoder_blocks.6.mlp.fc1.weight', 'decoder_blocks.6.mlp.fc1.bias', 'decoder_blocks.6.mlp.fc2.weight', 'decoder_blocks.6.mlp.fc2.bias', 'decoder_blocks.7.norm1.weight', 'decoder_blocks.7.norm1.bias', 'decoder_blocks.7.attn.qkv.weight', 'decoder_blocks.7.attn.qkv.bias', 'decoder_blocks.7.attn.proj.weight', 'decoder_blocks.7.attn.proj.bias', 'decoder_blocks.7.norm2.weight', 'decoder_blocks.7.norm2.bias', 'decoder_blocks.7.mlp.fc1.weight', 'decoder_blocks.7.mlp.fc1.bias', 'decoder_blocks.7.mlp.fc2.weight', 'decoder_blocks.7.mlp.fc2.bias', 'decoder_norm.weight', 'decoder_norm.bias', 'decoder_pred.weight', 'decoder_pred.bias'])
Name of parameter - Initialization information

backbone.absolute_pos_embed - torch.Size([1, 196, 512]): 
Initialized by user-defined `init_weights` in iTPN_weijie  

backbone.patch_embed.proj.weight - torch.Size([128, 3, 4, 4]): 
Initialized by user-defined `init_weights` in iTPN_weijie  

backbone.patch_embed.proj.bias - torch.Size([128]): 
Initialized by user-defined `init_weights` in iTPN_weijie  

backbone.patch_embed.norm.weight - torch.Size([128]): 
Initialized by user-defined `init_weights` in iTPN_weijie  

backbone.patch_embed.norm.bias - torch.Size([128]): 
Initialized by user-defined `init_weights` in iTPN_weijie  

backbone.blocks.0.norm2.weight - torch.Size([128]): 
Initialized by user-defined `init_weights` in iTPN_weijie  

backbone.blocks.0.norm2.bias - torch.Size([128]): 
Initialized by user-defined `init_weights` in iTPN_weijie  

backbone.blocks.0.mlp.fc1.weight - torch.Size([384, 128]): 
Initialized by user-defined `init_weights` in iTPN_weijie  

backbone.blocks.0.mlp.fc1.bias - torch.Size([384]): 
Initialized by user-defined `init_weights` in iTPN_weijie  

backbone.blocks.0.mlp.fc2.weight - torch.Size([128, 384]): 
Initialized by user-defined `init_weights` in iTPN_weijie  

backbone.blocks.0.mlp.fc2.bias - torch.Size([128]): 
Initialized by user-defined `init_weights` in iTPN_weijie  

backbone.blocks.1.norm2.weight - torch.Size([128]): 
Initialized by user-defined `init_weights` in iTPN_weijie  

backbone.blocks.1.norm2.bias - torch.Size([128]): 
Initialized by user-defined `init_weights` in iTPN_weijie  

backbone.blocks.1.mlp.fc1.weight - torch.Size([384, 128]): 
Initialized by user-defined `init_weights` in iTPN_weijie  

backbone.blocks.1.mlp.fc1.bias - torch.Size([384]): 
Initialized by user-defined `init_weights` in iTPN_weijie  

backbone.blocks.1.mlp.fc2.weight - torch.Size([128, 384]): 
Initialized by user-defined `init_weights` in iTPN_weijie  

backbone.blocks.1.mlp.fc2.bias - torch.Size([128]): 
Initialized by user-defined `init_weights` in iTPN_weijie  

backbone.blocks.2.norm2.weight - torch.Size([128]): 
Initialized by user-defined `init_weights` in iTPN_weijie  

backbone.blocks.2.norm2.bias - torch.Size([128]): 
Initialized by user-defined `init_weights` in iTPN_weijie  

backbone.blocks.2.mlp.fc1.weight - torch.Size([384, 128]): 
Initialized by user-defined `init_weights` in iTPN_weijie  

backbone.blocks.2.mlp.fc1.bias - torch.Size([384]): 
Initialized by user-defined `init_weights` in iTPN_weijie  

backbone.blocks.2.mlp.fc2.weight - torch.Size([128, 384]): 
Initialized by user-defined `init_weights` in iTPN_weijie  

backbone.blocks.2.mlp.fc2.bias - torch.Size([128]): 
Initialized by user-defined `init_weights` in iTPN_weijie  

backbone.blocks.3.norm.weight - torch.Size([512]): 
Initialized by user-defined `init_weights` in iTPN_weijie  

backbone.blocks.3.norm.bias - torch.Size([512]): 
Initialized by user-defined `init_weights` in iTPN_weijie  

backbone.blocks.3.reduction.weight - torch.Size([256, 512]): 
Initialized by user-defined `init_weights` in iTPN_weijie  

backbone.blocks.4.norm2.weight - torch.Size([256]): 
Initialized by user-defined `init_weights` in iTPN_weijie  

backbone.blocks.4.norm2.bias - torch.Size([256]): 
Initialized by user-defined `init_weights` in iTPN_weijie  

backbone.blocks.4.mlp.fc1.weight - torch.Size([768, 256]): 
Initialized by user-defined `init_weights` in iTPN_weijie  

backbone.blocks.4.mlp.fc1.bias - torch.Size([768]): 
Initialized by user-defined `init_weights` in iTPN_weijie  

backbone.blocks.4.mlp.fc2.weight - torch.Size([256, 768]): 
Initialized by user-defined `init_weights` in iTPN_weijie  

backbone.blocks.4.mlp.fc2.bias - torch.Size([256]): 
Initialized by user-defined `init_weights` in iTPN_weijie  

backbone.blocks.5.norm2.weight - torch.Size([256]): 
Initialized by user-defined `init_weights` in iTPN_weijie  

backbone.blocks.5.norm2.bias - torch.Size([256]): 
Initialized by user-defined `init_weights` in iTPN_weijie  

backbone.blocks.5.mlp.fc1.weight - torch.Size([768, 256]): 
Initialized by user-defined `init_weights` in iTPN_weijie  

backbone.blocks.5.mlp.fc1.bias - torch.Size([768]): 
Initialized by user-defined `init_weights` in iTPN_weijie  

backbone.blocks.5.mlp.fc2.weight - torch.Size([256, 768]): 
Initialized by user-defined `init_weights` in iTPN_weijie  

backbone.blocks.5.mlp.fc2.bias - torch.Size([256]): 
Initialized by user-defined `init_weights` in iTPN_weijie  

backbone.blocks.6.norm2.weight - torch.Size([256]): 
Initialized by user-defined `init_weights` in iTPN_weijie  

backbone.blocks.6.norm2.bias - torch.Size([256]): 
Initialized by user-defined `init_weights` in iTPN_weijie  

backbone.blocks.6.mlp.fc1.weight - torch.Size([768, 256]): 
Initialized by user-defined `init_weights` in iTPN_weijie  

backbone.blocks.6.mlp.fc1.bias - torch.Size([768]): 
Initialized by user-defined `init_weights` in iTPN_weijie  

backbone.blocks.6.mlp.fc2.weight - torch.Size([256, 768]): 
Initialized by user-defined `init_weights` in iTPN_weijie  

backbone.blocks.6.mlp.fc2.bias - torch.Size([256]): 
Initialized by user-defined `init_weights` in iTPN_weijie  

backbone.blocks.7.norm.weight - torch.Size([1024]): 
Initialized by user-defined `init_weights` in iTPN_weijie  

backbone.blocks.7.norm.bias - torch.Size([1024]): 
Initialized by user-defined `init_weights` in iTPN_weijie  

backbone.blocks.7.reduction.weight - torch.Size([512, 1024]): 
Initialized by user-defined `init_weights` in iTPN_weijie  

backbone.blocks.8.norm1.weight - torch.Size([512]): 
Initialized by user-defined `init_weights` in iTPN_weijie  

backbone.blocks.8.norm1.bias - torch.Size([512]): 
Initialized by user-defined `init_weights` in iTPN_weijie  

backbone.blocks.8.attn.qkv.weight - torch.Size([1536, 512]): 
Initialized by user-defined `init_weights` in iTPN_weijie  

backbone.blocks.8.attn.qkv.bias - torch.Size([1536]): 
Initialized by user-defined `init_weights` in iTPN_weijie  

backbone.blocks.8.attn.proj.weight - torch.Size([512, 512]): 
Initialized by user-defined `init_weights` in iTPN_weijie  

backbone.blocks.8.attn.proj.bias - torch.Size([512]): 
Initialized by user-defined `init_weights` in iTPN_weijie  

backbone.blocks.8.norm2.weight - torch.Size([512]): 
Initialized by user-defined `init_weights` in iTPN_weijie  

backbone.blocks.8.norm2.bias - torch.Size([512]): 
Initialized by user-defined `init_weights` in iTPN_weijie  

backbone.blocks.8.mlp.fc1.weight - torch.Size([2048, 512]): 
Initialized by user-defined `init_weights` in iTPN_weijie  

backbone.blocks.8.mlp.fc1.bias - torch.Size([2048]): 
Initialized by user-defined `init_weights` in iTPN_weijie  

backbone.blocks.8.mlp.fc2.weight - torch.Size([512, 2048]): 
Initialized by user-defined `init_weights` in iTPN_weijie  

backbone.blocks.8.mlp.fc2.bias - torch.Size([512]): 
Initialized by user-defined `init_weights` in iTPN_weijie  

backbone.blocks.9.norm1.weight - torch.Size([512]): 
Initialized by user-defined `init_weights` in iTPN_weijie  

backbone.blocks.9.norm1.bias - torch.Size([512]): 
Initialized by user-defined `init_weights` in iTPN_weijie  

backbone.blocks.9.attn.qkv.weight - torch.Size([1536, 512]): 
Initialized by user-defined `init_weights` in iTPN_weijie  

backbone.blocks.9.attn.qkv.bias - torch.Size([1536]): 
Initialized by user-defined `init_weights` in iTPN_weijie  

backbone.blocks.9.attn.proj.weight - torch.Size([512, 512]): 
Initialized by user-defined `init_weights` in iTPN_weijie  

backbone.blocks.9.attn.proj.bias - torch.Size([512]): 
Initialized by user-defined `init_weights` in iTPN_weijie  

backbone.blocks.9.norm2.weight - torch.Size([512]): 
Initialized by user-defined `init_weights` in iTPN_weijie  

backbone.blocks.9.norm2.bias - torch.Size([512]): 
Initialized by user-defined `init_weights` in iTPN_weijie  

backbone.blocks.9.mlp.fc1.weight - torch.Size([2048, 512]): 
Initialized by user-defined `init_weights` in iTPN_weijie  

backbone.blocks.9.mlp.fc1.bias - torch.Size([2048]): 
Initialized by user-defined `init_weights` in iTPN_weijie  

backbone.blocks.9.mlp.fc2.weight - torch.Size([512, 2048]): 
Initialized by user-defined `init_weights` in iTPN_weijie  

backbone.blocks.9.mlp.fc2.bias - torch.Size([512]): 
Initialized by user-defined `init_weights` in iTPN_weijie  

backbone.blocks.10.norm1.weight - torch.Size([512]): 
Initialized by user-defined `init_weights` in iTPN_weijie  

backbone.blocks.10.norm1.bias - torch.Size([512]): 
Initialized by user-defined `init_weights` in iTPN_weijie  

backbone.blocks.10.attn.qkv.weight - torch.Size([1536, 512]): 
Initialized by user-defined `init_weights` in iTPN_weijie  

backbone.blocks.10.attn.qkv.bias - torch.Size([1536]): 
Initialized by user-defined `init_weights` in iTPN_weijie  

backbone.blocks.10.attn.proj.weight - torch.Size([512, 512]): 
Initialized by user-defined `init_weights` in iTPN_weijie  

backbone.blocks.10.attn.proj.bias - torch.Size([512]): 
Initialized by user-defined `init_weights` in iTPN_weijie  

backbone.blocks.10.norm2.weight - torch.Size([512]): 
Initialized by user-defined `init_weights` in iTPN_weijie  

backbone.blocks.10.norm2.bias - torch.Size([512]): 
Initialized by user-defined `init_weights` in iTPN_weijie  

backbone.blocks.10.mlp.fc1.weight - torch.Size([2048, 512]): 
Initialized by user-defined `init_weights` in iTPN_weijie  

backbone.blocks.10.mlp.fc1.bias - torch.Size([2048]): 
Initialized by user-defined `init_weights` in iTPN_weijie  

backbone.blocks.10.mlp.fc2.weight - torch.Size([512, 2048]): 
Initialized by user-defined `init_weights` in iTPN_weijie  

backbone.blocks.10.mlp.fc2.bias - torch.Size([512]): 
Initialized by user-defined `init_weights` in iTPN_weijie  

backbone.blocks.11.norm1.weight - torch.Size([512]): 
Initialized by user-defined `init_weights` in iTPN_weijie  

backbone.blocks.11.norm1.bias - torch.Size([512]): 
Initialized by user-defined `init_weights` in iTPN_weijie  

backbone.blocks.11.attn.qkv.weight - torch.Size([1536, 512]): 
Initialized by user-defined `init_weights` in iTPN_weijie  

backbone.blocks.11.attn.qkv.bias - torch.Size([1536]): 
Initialized by user-defined `init_weights` in iTPN_weijie  

backbone.blocks.11.attn.proj.weight - torch.Size([512, 512]): 
Initialized by user-defined `init_weights` in iTPN_weijie  

backbone.blocks.11.attn.proj.bias - torch.Size([512]): 
Initialized by user-defined `init_weights` in iTPN_weijie  

backbone.blocks.11.norm2.weight - torch.Size([512]): 
Initialized by user-defined `init_weights` in iTPN_weijie  

backbone.blocks.11.norm2.bias - torch.Size([512]): 
Initialized by user-defined `init_weights` in iTPN_weijie  

backbone.blocks.11.mlp.fc1.weight - torch.Size([2048, 512]): 
Initialized by user-defined `init_weights` in iTPN_weijie  

backbone.blocks.11.mlp.fc1.bias - torch.Size([2048]): 
Initialized by user-defined `init_weights` in iTPN_weijie  

backbone.blocks.11.mlp.fc2.weight - torch.Size([512, 2048]): 
Initialized by user-defined `init_weights` in iTPN_weijie  

backbone.blocks.11.mlp.fc2.bias - torch.Size([512]): 
Initialized by user-defined `init_weights` in iTPN_weijie  

backbone.blocks.12.norm1.weight - torch.Size([512]): 
Initialized by user-defined `init_weights` in iTPN_weijie  

backbone.blocks.12.norm1.bias - torch.Size([512]): 
Initialized by user-defined `init_weights` in iTPN_weijie  

backbone.blocks.12.attn.qkv.weight - torch.Size([1536, 512]): 
Initialized by user-defined `init_weights` in iTPN_weijie  

backbone.blocks.12.attn.qkv.bias - torch.Size([1536]): 
Initialized by user-defined `init_weights` in iTPN_weijie  

backbone.blocks.12.attn.proj.weight - torch.Size([512, 512]): 
Initialized by user-defined `init_weights` in iTPN_weijie  

backbone.blocks.12.attn.proj.bias - torch.Size([512]): 
Initialized by user-defined `init_weights` in iTPN_weijie  

backbone.blocks.12.norm2.weight - torch.Size([512]): 
Initialized by user-defined `init_weights` in iTPN_weijie  

backbone.blocks.12.norm2.bias - torch.Size([512]): 
Initialized by user-defined `init_weights` in iTPN_weijie  

backbone.blocks.12.mlp.fc1.weight - torch.Size([2048, 512]): 
Initialized by user-defined `init_weights` in iTPN_weijie  

backbone.blocks.12.mlp.fc1.bias - torch.Size([2048]): 
Initialized by user-defined `init_weights` in iTPN_weijie  

backbone.blocks.12.mlp.fc2.weight - torch.Size([512, 2048]): 
Initialized by user-defined `init_weights` in iTPN_weijie  

backbone.blocks.12.mlp.fc2.bias - torch.Size([512]): 
Initialized by user-defined `init_weights` in iTPN_weijie  

backbone.blocks.13.norm1.weight - torch.Size([512]): 
Initialized by user-defined `init_weights` in iTPN_weijie  

backbone.blocks.13.norm1.bias - torch.Size([512]): 
Initialized by user-defined `init_weights` in iTPN_weijie  

backbone.blocks.13.attn.qkv.weight - torch.Size([1536, 512]): 
Initialized by user-defined `init_weights` in iTPN_weijie  

backbone.blocks.13.attn.qkv.bias - torch.Size([1536]): 
Initialized by user-defined `init_weights` in iTPN_weijie  

backbone.blocks.13.attn.proj.weight - torch.Size([512, 512]): 
Initialized by user-defined `init_weights` in iTPN_weijie  

backbone.blocks.13.attn.proj.bias - torch.Size([512]): 
Initialized by user-defined `init_weights` in iTPN_weijie  

backbone.blocks.13.norm2.weight - torch.Size([512]): 
Initialized by user-defined `init_weights` in iTPN_weijie  

backbone.blocks.13.norm2.bias - torch.Size([512]): 
Initialized by user-defined `init_weights` in iTPN_weijie  

backbone.blocks.13.mlp.fc1.weight - torch.Size([2048, 512]): 
Initialized by user-defined `init_weights` in iTPN_weijie  

backbone.blocks.13.mlp.fc1.bias - torch.Size([2048]): 
Initialized by user-defined `init_weights` in iTPN_weijie  

backbone.blocks.13.mlp.fc2.weight - torch.Size([512, 2048]): 
Initialized by user-defined `init_weights` in iTPN_weijie  

backbone.blocks.13.mlp.fc2.bias - torch.Size([512]): 
Initialized by user-defined `init_weights` in iTPN_weijie  

backbone.blocks.14.norm1.weight - torch.Size([512]): 
Initialized by user-defined `init_weights` in iTPN_weijie  

backbone.blocks.14.norm1.bias - torch.Size([512]): 
Initialized by user-defined `init_weights` in iTPN_weijie  

backbone.blocks.14.attn.qkv.weight - torch.Size([1536, 512]): 
Initialized by user-defined `init_weights` in iTPN_weijie  

backbone.blocks.14.attn.qkv.bias - torch.Size([1536]): 
Initialized by user-defined `init_weights` in iTPN_weijie  

backbone.blocks.14.attn.proj.weight - torch.Size([512, 512]): 
Initialized by user-defined `init_weights` in iTPN_weijie  

backbone.blocks.14.attn.proj.bias - torch.Size([512]): 
Initialized by user-defined `init_weights` in iTPN_weijie  

backbone.blocks.14.norm2.weight - torch.Size([512]): 
Initialized by user-defined `init_weights` in iTPN_weijie  

backbone.blocks.14.norm2.bias - torch.Size([512]): 
Initialized by user-defined `init_weights` in iTPN_weijie  

backbone.blocks.14.mlp.fc1.weight - torch.Size([2048, 512]): 
Initialized by user-defined `init_weights` in iTPN_weijie  

backbone.blocks.14.mlp.fc1.bias - torch.Size([2048]): 
Initialized by user-defined `init_weights` in iTPN_weijie  

backbone.blocks.14.mlp.fc2.weight - torch.Size([512, 2048]): 
Initialized by user-defined `init_weights` in iTPN_weijie  

backbone.blocks.14.mlp.fc2.bias - torch.Size([512]): 
Initialized by user-defined `init_weights` in iTPN_weijie  

backbone.blocks.15.norm1.weight - torch.Size([512]): 
Initialized by user-defined `init_weights` in iTPN_weijie  

backbone.blocks.15.norm1.bias - torch.Size([512]): 
Initialized by user-defined `init_weights` in iTPN_weijie  

backbone.blocks.15.attn.qkv.weight - torch.Size([1536, 512]): 
Initialized by user-defined `init_weights` in iTPN_weijie  

backbone.blocks.15.attn.qkv.bias - torch.Size([1536]): 
Initialized by user-defined `init_weights` in iTPN_weijie  

backbone.blocks.15.attn.proj.weight - torch.Size([512, 512]): 
Initialized by user-defined `init_weights` in iTPN_weijie  

backbone.blocks.15.attn.proj.bias - torch.Size([512]): 
Initialized by user-defined `init_weights` in iTPN_weijie  

backbone.blocks.15.norm2.weight - torch.Size([512]): 
Initialized by user-defined `init_weights` in iTPN_weijie  

backbone.blocks.15.norm2.bias - torch.Size([512]): 
Initialized by user-defined `init_weights` in iTPN_weijie  

backbone.blocks.15.mlp.fc1.weight - torch.Size([2048, 512]): 
Initialized by user-defined `init_weights` in iTPN_weijie  

backbone.blocks.15.mlp.fc1.bias - torch.Size([2048]): 
Initialized by user-defined `init_weights` in iTPN_weijie  

backbone.blocks.15.mlp.fc2.weight - torch.Size([512, 2048]): 
Initialized by user-defined `init_weights` in iTPN_weijie  

backbone.blocks.15.mlp.fc2.bias - torch.Size([512]): 
Initialized by user-defined `init_weights` in iTPN_weijie  

backbone.blocks.16.norm1.weight - torch.Size([512]): 
Initialized by user-defined `init_weights` in iTPN_weijie  

backbone.blocks.16.norm1.bias - torch.Size([512]): 
Initialized by user-defined `init_weights` in iTPN_weijie  

backbone.blocks.16.attn.qkv.weight - torch.Size([1536, 512]): 
Initialized by user-defined `init_weights` in iTPN_weijie  

backbone.blocks.16.attn.qkv.bias - torch.Size([1536]): 
Initialized by user-defined `init_weights` in iTPN_weijie  

backbone.blocks.16.attn.proj.weight - torch.Size([512, 512]): 
Initialized by user-defined `init_weights` in iTPN_weijie  

backbone.blocks.16.attn.proj.bias - torch.Size([512]): 
Initialized by user-defined `init_weights` in iTPN_weijie  

backbone.blocks.16.norm2.weight - torch.Size([512]): 
Initialized by user-defined `init_weights` in iTPN_weijie  

backbone.blocks.16.norm2.bias - torch.Size([512]): 
Initialized by user-defined `init_weights` in iTPN_weijie  

backbone.blocks.16.mlp.fc1.weight - torch.Size([2048, 512]): 
Initialized by user-defined `init_weights` in iTPN_weijie  

backbone.blocks.16.mlp.fc1.bias - torch.Size([2048]): 
Initialized by user-defined `init_weights` in iTPN_weijie  

backbone.blocks.16.mlp.fc2.weight - torch.Size([512, 2048]): 
Initialized by user-defined `init_weights` in iTPN_weijie  

backbone.blocks.16.mlp.fc2.bias - torch.Size([512]): 
Initialized by user-defined `init_weights` in iTPN_weijie  

backbone.blocks.17.norm1.weight - torch.Size([512]): 
Initialized by user-defined `init_weights` in iTPN_weijie  

backbone.blocks.17.norm1.bias - torch.Size([512]): 
Initialized by user-defined `init_weights` in iTPN_weijie  

backbone.blocks.17.attn.qkv.weight - torch.Size([1536, 512]): 
Initialized by user-defined `init_weights` in iTPN_weijie  

backbone.blocks.17.attn.qkv.bias - torch.Size([1536]): 
Initialized by user-defined `init_weights` in iTPN_weijie  

backbone.blocks.17.attn.proj.weight - torch.Size([512, 512]): 
Initialized by user-defined `init_weights` in iTPN_weijie  

backbone.blocks.17.attn.proj.bias - torch.Size([512]): 
Initialized by user-defined `init_weights` in iTPN_weijie  

backbone.blocks.17.norm2.weight - torch.Size([512]): 
Initialized by user-defined `init_weights` in iTPN_weijie  

backbone.blocks.17.norm2.bias - torch.Size([512]): 
Initialized by user-defined `init_weights` in iTPN_weijie  

backbone.blocks.17.mlp.fc1.weight - torch.Size([2048, 512]): 
Initialized by user-defined `init_weights` in iTPN_weijie  

backbone.blocks.17.mlp.fc1.bias - torch.Size([2048]): 
Initialized by user-defined `init_weights` in iTPN_weijie  

backbone.blocks.17.mlp.fc2.weight - torch.Size([512, 2048]): 
Initialized by user-defined `init_weights` in iTPN_weijie  

backbone.blocks.17.mlp.fc2.bias - torch.Size([512]): 
Initialized by user-defined `init_weights` in iTPN_weijie  

backbone.blocks.18.norm1.weight - torch.Size([512]): 
Initialized by user-defined `init_weights` in iTPN_weijie  

backbone.blocks.18.norm1.bias - torch.Size([512]): 
Initialized by user-defined `init_weights` in iTPN_weijie  

backbone.blocks.18.attn.qkv.weight - torch.Size([1536, 512]): 
Initialized by user-defined `init_weights` in iTPN_weijie  

backbone.blocks.18.attn.qkv.bias - torch.Size([1536]): 
Initialized by user-defined `init_weights` in iTPN_weijie  

backbone.blocks.18.attn.proj.weight - torch.Size([512, 512]): 
Initialized by user-defined `init_weights` in iTPN_weijie  

backbone.blocks.18.attn.proj.bias - torch.Size([512]): 
Initialized by user-defined `init_weights` in iTPN_weijie  

backbone.blocks.18.norm2.weight - torch.Size([512]): 
Initialized by user-defined `init_weights` in iTPN_weijie  

backbone.blocks.18.norm2.bias - torch.Size([512]): 
Initialized by user-defined `init_weights` in iTPN_weijie  

backbone.blocks.18.mlp.fc1.weight - torch.Size([2048, 512]): 
Initialized by user-defined `init_weights` in iTPN_weijie  

backbone.blocks.18.mlp.fc1.bias - torch.Size([2048]): 
Initialized by user-defined `init_weights` in iTPN_weijie  

backbone.blocks.18.mlp.fc2.weight - torch.Size([512, 2048]): 
Initialized by user-defined `init_weights` in iTPN_weijie  

backbone.blocks.18.mlp.fc2.bias - torch.Size([512]): 
Initialized by user-defined `init_weights` in iTPN_weijie  

backbone.blocks.19.norm1.weight - torch.Size([512]): 
Initialized by user-defined `init_weights` in iTPN_weijie  

backbone.blocks.19.norm1.bias - torch.Size([512]): 
Initialized by user-defined `init_weights` in iTPN_weijie  

backbone.blocks.19.attn.qkv.weight - torch.Size([1536, 512]): 
Initialized by user-defined `init_weights` in iTPN_weijie  

backbone.blocks.19.attn.qkv.bias - torch.Size([1536]): 
Initialized by user-defined `init_weights` in iTPN_weijie  

backbone.blocks.19.attn.proj.weight - torch.Size([512, 512]): 
Initialized by user-defined `init_weights` in iTPN_weijie  

backbone.blocks.19.attn.proj.bias - torch.Size([512]): 
Initialized by user-defined `init_weights` in iTPN_weijie  

backbone.blocks.19.norm2.weight - torch.Size([512]): 
Initialized by user-defined `init_weights` in iTPN_weijie  

backbone.blocks.19.norm2.bias - torch.Size([512]): 
Initialized by user-defined `init_weights` in iTPN_weijie  

backbone.blocks.19.mlp.fc1.weight - torch.Size([2048, 512]): 
Initialized by user-defined `init_weights` in iTPN_weijie  

backbone.blocks.19.mlp.fc1.bias - torch.Size([2048]): 
Initialized by user-defined `init_weights` in iTPN_weijie  

backbone.blocks.19.mlp.fc2.weight - torch.Size([512, 2048]): 
Initialized by user-defined `init_weights` in iTPN_weijie  

backbone.blocks.19.mlp.fc2.bias - torch.Size([512]): 
Initialized by user-defined `init_weights` in iTPN_weijie  

backbone.blocks.20.norm1.weight - torch.Size([512]): 
Initialized by user-defined `init_weights` in iTPN_weijie  

backbone.blocks.20.norm1.bias - torch.Size([512]): 
Initialized by user-defined `init_weights` in iTPN_weijie  

backbone.blocks.20.attn.qkv.weight - torch.Size([1536, 512]): 
Initialized by user-defined `init_weights` in iTPN_weijie  

backbone.blocks.20.attn.qkv.bias - torch.Size([1536]): 
Initialized by user-defined `init_weights` in iTPN_weijie  

backbone.blocks.20.attn.proj.weight - torch.Size([512, 512]): 
Initialized by user-defined `init_weights` in iTPN_weijie  

backbone.blocks.20.attn.proj.bias - torch.Size([512]): 
Initialized by user-defined `init_weights` in iTPN_weijie  

backbone.blocks.20.norm2.weight - torch.Size([512]): 
Initialized by user-defined `init_weights` in iTPN_weijie  

backbone.blocks.20.norm2.bias - torch.Size([512]): 
Initialized by user-defined `init_weights` in iTPN_weijie  

backbone.blocks.20.mlp.fc1.weight - torch.Size([2048, 512]): 
Initialized by user-defined `init_weights` in iTPN_weijie  

backbone.blocks.20.mlp.fc1.bias - torch.Size([2048]): 
Initialized by user-defined `init_weights` in iTPN_weijie  

backbone.blocks.20.mlp.fc2.weight - torch.Size([512, 2048]): 
Initialized by user-defined `init_weights` in iTPN_weijie  

backbone.blocks.20.mlp.fc2.bias - torch.Size([512]): 
Initialized by user-defined `init_weights` in iTPN_weijie  

backbone.blocks.21.norm1.weight - torch.Size([512]): 
Initialized by user-defined `init_weights` in iTPN_weijie  

backbone.blocks.21.norm1.bias - torch.Size([512]): 
Initialized by user-defined `init_weights` in iTPN_weijie  

backbone.blocks.21.attn.qkv.weight - torch.Size([1536, 512]): 
Initialized by user-defined `init_weights` in iTPN_weijie  

backbone.blocks.21.attn.qkv.bias - torch.Size([1536]): 
Initialized by user-defined `init_weights` in iTPN_weijie  

backbone.blocks.21.attn.proj.weight - torch.Size([512, 512]): 
Initialized by user-defined `init_weights` in iTPN_weijie  

backbone.blocks.21.attn.proj.bias - torch.Size([512]): 
Initialized by user-defined `init_weights` in iTPN_weijie  

backbone.blocks.21.norm2.weight - torch.Size([512]): 
Initialized by user-defined `init_weights` in iTPN_weijie  

backbone.blocks.21.norm2.bias - torch.Size([512]): 
Initialized by user-defined `init_weights` in iTPN_weijie  

backbone.blocks.21.mlp.fc1.weight - torch.Size([2048, 512]): 
Initialized by user-defined `init_weights` in iTPN_weijie  

backbone.blocks.21.mlp.fc1.bias - torch.Size([2048]): 
Initialized by user-defined `init_weights` in iTPN_weijie  

backbone.blocks.21.mlp.fc2.weight - torch.Size([512, 2048]): 
Initialized by user-defined `init_weights` in iTPN_weijie  

backbone.blocks.21.mlp.fc2.bias - torch.Size([512]): 
Initialized by user-defined `init_weights` in iTPN_weijie  

backbone.blocks.22.norm1.weight - torch.Size([512]): 
Initialized by user-defined `init_weights` in iTPN_weijie  

backbone.blocks.22.norm1.bias - torch.Size([512]): 
Initialized by user-defined `init_weights` in iTPN_weijie  

backbone.blocks.22.attn.qkv.weight - torch.Size([1536, 512]): 
Initialized by user-defined `init_weights` in iTPN_weijie  

backbone.blocks.22.attn.qkv.bias - torch.Size([1536]): 
Initialized by user-defined `init_weights` in iTPN_weijie  

backbone.blocks.22.attn.proj.weight - torch.Size([512, 512]): 
Initialized by user-defined `init_weights` in iTPN_weijie  

backbone.blocks.22.attn.proj.bias - torch.Size([512]): 
Initialized by user-defined `init_weights` in iTPN_weijie  

backbone.blocks.22.norm2.weight - torch.Size([512]): 
Initialized by user-defined `init_weights` in iTPN_weijie  

backbone.blocks.22.norm2.bias - torch.Size([512]): 
Initialized by user-defined `init_weights` in iTPN_weijie  

backbone.blocks.22.mlp.fc1.weight - torch.Size([2048, 512]): 
Initialized by user-defined `init_weights` in iTPN_weijie  

backbone.blocks.22.mlp.fc1.bias - torch.Size([2048]): 
Initialized by user-defined `init_weights` in iTPN_weijie  

backbone.blocks.22.mlp.fc2.weight - torch.Size([512, 2048]): 
Initialized by user-defined `init_weights` in iTPN_weijie  

backbone.blocks.22.mlp.fc2.bias - torch.Size([512]): 
Initialized by user-defined `init_weights` in iTPN_weijie  

backbone.blocks.23.norm1.weight - torch.Size([512]): 
Initialized by user-defined `init_weights` in iTPN_weijie  

backbone.blocks.23.norm1.bias - torch.Size([512]): 
Initialized by user-defined `init_weights` in iTPN_weijie  

backbone.blocks.23.attn.qkv.weight - torch.Size([1536, 512]): 
Initialized by user-defined `init_weights` in iTPN_weijie  

backbone.blocks.23.attn.qkv.bias - torch.Size([1536]): 
Initialized by user-defined `init_weights` in iTPN_weijie  

backbone.blocks.23.attn.proj.weight - torch.Size([512, 512]): 
Initialized by user-defined `init_weights` in iTPN_weijie  

backbone.blocks.23.attn.proj.bias - torch.Size([512]): 
Initialized by user-defined `init_weights` in iTPN_weijie  

backbone.blocks.23.norm2.weight - torch.Size([512]): 
Initialized by user-defined `init_weights` in iTPN_weijie  

backbone.blocks.23.norm2.bias - torch.Size([512]): 
Initialized by user-defined `init_weights` in iTPN_weijie  

backbone.blocks.23.mlp.fc1.weight - torch.Size([2048, 512]): 
Initialized by user-defined `init_weights` in iTPN_weijie  

backbone.blocks.23.mlp.fc1.bias - torch.Size([2048]): 
Initialized by user-defined `init_weights` in iTPN_weijie  

backbone.blocks.23.mlp.fc2.weight - torch.Size([512, 2048]): 
Initialized by user-defined `init_weights` in iTPN_weijie  

backbone.blocks.23.mlp.fc2.bias - torch.Size([512]): 
Initialized by user-defined `init_weights` in iTPN_weijie  

backbone.blocks.24.norm1.weight - torch.Size([512]): 
Initialized by user-defined `init_weights` in iTPN_weijie  

backbone.blocks.24.norm1.bias - torch.Size([512]): 
Initialized by user-defined `init_weights` in iTPN_weijie  

backbone.blocks.24.attn.qkv.weight - torch.Size([1536, 512]): 
Initialized by user-defined `init_weights` in iTPN_weijie  

backbone.blocks.24.attn.qkv.bias - torch.Size([1536]): 
Initialized by user-defined `init_weights` in iTPN_weijie  

backbone.blocks.24.attn.proj.weight - torch.Size([512, 512]): 
Initialized by user-defined `init_weights` in iTPN_weijie  

backbone.blocks.24.attn.proj.bias - torch.Size([512]): 
Initialized by user-defined `init_weights` in iTPN_weijie  

backbone.blocks.24.norm2.weight - torch.Size([512]): 
Initialized by user-defined `init_weights` in iTPN_weijie  

backbone.blocks.24.norm2.bias - torch.Size([512]): 
Initialized by user-defined `init_weights` in iTPN_weijie  

backbone.blocks.24.mlp.fc1.weight - torch.Size([2048, 512]): 
Initialized by user-defined `init_weights` in iTPN_weijie  

backbone.blocks.24.mlp.fc1.bias - torch.Size([2048]): 
Initialized by user-defined `init_weights` in iTPN_weijie  

backbone.blocks.24.mlp.fc2.weight - torch.Size([512, 2048]): 
Initialized by user-defined `init_weights` in iTPN_weijie  

backbone.blocks.24.mlp.fc2.bias - torch.Size([512]): 
Initialized by user-defined `init_weights` in iTPN_weijie  

backbone.blocks.25.norm1.weight - torch.Size([512]): 
Initialized by user-defined `init_weights` in iTPN_weijie  

backbone.blocks.25.norm1.bias - torch.Size([512]): 
Initialized by user-defined `init_weights` in iTPN_weijie  

backbone.blocks.25.attn.qkv.weight - torch.Size([1536, 512]): 
Initialized by user-defined `init_weights` in iTPN_weijie  

backbone.blocks.25.attn.qkv.bias - torch.Size([1536]): 
Initialized by user-defined `init_weights` in iTPN_weijie  

backbone.blocks.25.attn.proj.weight - torch.Size([512, 512]): 
Initialized by user-defined `init_weights` in iTPN_weijie  

backbone.blocks.25.attn.proj.bias - torch.Size([512]): 
Initialized by user-defined `init_weights` in iTPN_weijie  

backbone.blocks.25.norm2.weight - torch.Size([512]): 
Initialized by user-defined `init_weights` in iTPN_weijie  

backbone.blocks.25.norm2.bias - torch.Size([512]): 
Initialized by user-defined `init_weights` in iTPN_weijie  

backbone.blocks.25.mlp.fc1.weight - torch.Size([2048, 512]): 
Initialized by user-defined `init_weights` in iTPN_weijie  

backbone.blocks.25.mlp.fc1.bias - torch.Size([2048]): 
Initialized by user-defined `init_weights` in iTPN_weijie  

backbone.blocks.25.mlp.fc2.weight - torch.Size([512, 2048]): 
Initialized by user-defined `init_weights` in iTPN_weijie  

backbone.blocks.25.mlp.fc2.bias - torch.Size([512]): 
Initialized by user-defined `init_weights` in iTPN_weijie  

backbone.blocks.26.norm1.weight - torch.Size([512]): 
Initialized by user-defined `init_weights` in iTPN_weijie  

backbone.blocks.26.norm1.bias - torch.Size([512]): 
Initialized by user-defined `init_weights` in iTPN_weijie  

backbone.blocks.26.attn.qkv.weight - torch.Size([1536, 512]): 
Initialized by user-defined `init_weights` in iTPN_weijie  

backbone.blocks.26.attn.qkv.bias - torch.Size([1536]): 
Initialized by user-defined `init_weights` in iTPN_weijie  

backbone.blocks.26.attn.proj.weight - torch.Size([512, 512]): 
Initialized by user-defined `init_weights` in iTPN_weijie  

backbone.blocks.26.attn.proj.bias - torch.Size([512]): 
Initialized by user-defined `init_weights` in iTPN_weijie  

backbone.blocks.26.norm2.weight - torch.Size([512]): 
Initialized by user-defined `init_weights` in iTPN_weijie  

backbone.blocks.26.norm2.bias - torch.Size([512]): 
Initialized by user-defined `init_weights` in iTPN_weijie  

backbone.blocks.26.mlp.fc1.weight - torch.Size([2048, 512]): 
Initialized by user-defined `init_weights` in iTPN_weijie  

backbone.blocks.26.mlp.fc1.bias - torch.Size([2048]): 
Initialized by user-defined `init_weights` in iTPN_weijie  

backbone.blocks.26.mlp.fc2.weight - torch.Size([512, 2048]): 
Initialized by user-defined `init_weights` in iTPN_weijie  

backbone.blocks.26.mlp.fc2.bias - torch.Size([512]): 
Initialized by user-defined `init_weights` in iTPN_weijie  

backbone.blocks.27.norm1.weight - torch.Size([512]): 
Initialized by user-defined `init_weights` in iTPN_weijie  

backbone.blocks.27.norm1.bias - torch.Size([512]): 
Initialized by user-defined `init_weights` in iTPN_weijie  

backbone.blocks.27.attn.qkv.weight - torch.Size([1536, 512]): 
Initialized by user-defined `init_weights` in iTPN_weijie  

backbone.blocks.27.attn.qkv.bias - torch.Size([1536]): 
Initialized by user-defined `init_weights` in iTPN_weijie  

backbone.blocks.27.attn.proj.weight - torch.Size([512, 512]): 
Initialized by user-defined `init_weights` in iTPN_weijie  

backbone.blocks.27.attn.proj.bias - torch.Size([512]): 
Initialized by user-defined `init_weights` in iTPN_weijie  

backbone.blocks.27.norm2.weight - torch.Size([512]): 
Initialized by user-defined `init_weights` in iTPN_weijie  

backbone.blocks.27.norm2.bias - torch.Size([512]): 
Initialized by user-defined `init_weights` in iTPN_weijie  

backbone.blocks.27.mlp.fc1.weight - torch.Size([2048, 512]): 
Initialized by user-defined `init_weights` in iTPN_weijie  

backbone.blocks.27.mlp.fc1.bias - torch.Size([2048]): 
Initialized by user-defined `init_weights` in iTPN_weijie  

backbone.blocks.27.mlp.fc2.weight - torch.Size([512, 2048]): 
Initialized by user-defined `init_weights` in iTPN_weijie  

backbone.blocks.27.mlp.fc2.bias - torch.Size([512]): 
Initialized by user-defined `init_weights` in iTPN_weijie  

backbone.blocks.28.norm1.weight - torch.Size([512]): 
Initialized by user-defined `init_weights` in iTPN_weijie  

backbone.blocks.28.norm1.bias - torch.Size([512]): 
Initialized by user-defined `init_weights` in iTPN_weijie  

backbone.blocks.28.attn.qkv.weight - torch.Size([1536, 512]): 
Initialized by user-defined `init_weights` in iTPN_weijie  

backbone.blocks.28.attn.qkv.bias - torch.Size([1536]): 
Initialized by user-defined `init_weights` in iTPN_weijie  

backbone.blocks.28.attn.proj.weight - torch.Size([512, 512]): 
Initialized by user-defined `init_weights` in iTPN_weijie  

backbone.blocks.28.attn.proj.bias - torch.Size([512]): 
Initialized by user-defined `init_weights` in iTPN_weijie  

backbone.blocks.28.norm2.weight - torch.Size([512]): 
Initialized by user-defined `init_weights` in iTPN_weijie  

backbone.blocks.28.norm2.bias - torch.Size([512]): 
Initialized by user-defined `init_weights` in iTPN_weijie  

backbone.blocks.28.mlp.fc1.weight - torch.Size([2048, 512]): 
Initialized by user-defined `init_weights` in iTPN_weijie  

backbone.blocks.28.mlp.fc1.bias - torch.Size([2048]): 
Initialized by user-defined `init_weights` in iTPN_weijie  

backbone.blocks.28.mlp.fc2.weight - torch.Size([512, 2048]): 
Initialized by user-defined `init_weights` in iTPN_weijie  

backbone.blocks.28.mlp.fc2.bias - torch.Size([512]): 
Initialized by user-defined `init_weights` in iTPN_weijie  

backbone.blocks.29.norm1.weight - torch.Size([512]): 
Initialized by user-defined `init_weights` in iTPN_weijie  

backbone.blocks.29.norm1.bias - torch.Size([512]): 
Initialized by user-defined `init_weights` in iTPN_weijie  

backbone.blocks.29.attn.qkv.weight - torch.Size([1536, 512]): 
Initialized by user-defined `init_weights` in iTPN_weijie  

backbone.blocks.29.attn.qkv.bias - torch.Size([1536]): 
Initialized by user-defined `init_weights` in iTPN_weijie  

backbone.blocks.29.attn.proj.weight - torch.Size([512, 512]): 
Initialized by user-defined `init_weights` in iTPN_weijie  

backbone.blocks.29.attn.proj.bias - torch.Size([512]): 
Initialized by user-defined `init_weights` in iTPN_weijie  

backbone.blocks.29.norm2.weight - torch.Size([512]): 
Initialized by user-defined `init_weights` in iTPN_weijie  

backbone.blocks.29.norm2.bias - torch.Size([512]): 
Initialized by user-defined `init_weights` in iTPN_weijie  

backbone.blocks.29.mlp.fc1.weight - torch.Size([2048, 512]): 
Initialized by user-defined `init_weights` in iTPN_weijie  

backbone.blocks.29.mlp.fc1.bias - torch.Size([2048]): 
Initialized by user-defined `init_weights` in iTPN_weijie  

backbone.blocks.29.mlp.fc2.weight - torch.Size([512, 2048]): 
Initialized by user-defined `init_weights` in iTPN_weijie  

backbone.blocks.29.mlp.fc2.bias - torch.Size([512]): 
Initialized by user-defined `init_weights` in iTPN_weijie  

backbone.blocks.30.norm1.weight - torch.Size([512]): 
Initialized by user-defined `init_weights` in iTPN_weijie  

backbone.blocks.30.norm1.bias - torch.Size([512]): 
Initialized by user-defined `init_weights` in iTPN_weijie  

backbone.blocks.30.attn.qkv.weight - torch.Size([1536, 512]): 
Initialized by user-defined `init_weights` in iTPN_weijie  

backbone.blocks.30.attn.qkv.bias - torch.Size([1536]): 
Initialized by user-defined `init_weights` in iTPN_weijie  

backbone.blocks.30.attn.proj.weight - torch.Size([512, 512]): 
Initialized by user-defined `init_weights` in iTPN_weijie  

backbone.blocks.30.attn.proj.bias - torch.Size([512]): 
Initialized by user-defined `init_weights` in iTPN_weijie  

backbone.blocks.30.norm2.weight - torch.Size([512]): 
Initialized by user-defined `init_weights` in iTPN_weijie  

backbone.blocks.30.norm2.bias - torch.Size([512]): 
Initialized by user-defined `init_weights` in iTPN_weijie  

backbone.blocks.30.mlp.fc1.weight - torch.Size([2048, 512]): 
Initialized by user-defined `init_weights` in iTPN_weijie  

backbone.blocks.30.mlp.fc1.bias - torch.Size([2048]): 
Initialized by user-defined `init_weights` in iTPN_weijie  

backbone.blocks.30.mlp.fc2.weight - torch.Size([512, 2048]): 
Initialized by user-defined `init_weights` in iTPN_weijie  

backbone.blocks.30.mlp.fc2.bias - torch.Size([512]): 
Initialized by user-defined `init_weights` in iTPN_weijie  

backbone.blocks.31.norm1.weight - torch.Size([512]): 
Initialized by user-defined `init_weights` in iTPN_weijie  

backbone.blocks.31.norm1.bias - torch.Size([512]): 
Initialized by user-defined `init_weights` in iTPN_weijie  

backbone.blocks.31.attn.qkv.weight - torch.Size([1536, 512]): 
Initialized by user-defined `init_weights` in iTPN_weijie  

backbone.blocks.31.attn.qkv.bias - torch.Size([1536]): 
Initialized by user-defined `init_weights` in iTPN_weijie  

backbone.blocks.31.attn.proj.weight - torch.Size([512, 512]): 
Initialized by user-defined `init_weights` in iTPN_weijie  

backbone.blocks.31.attn.proj.bias - torch.Size([512]): 
Initialized by user-defined `init_weights` in iTPN_weijie  

backbone.blocks.31.norm2.weight - torch.Size([512]): 
Initialized by user-defined `init_weights` in iTPN_weijie  

backbone.blocks.31.norm2.bias - torch.Size([512]): 
Initialized by user-defined `init_weights` in iTPN_weijie  

backbone.blocks.31.mlp.fc1.weight - torch.Size([2048, 512]): 
Initialized by user-defined `init_weights` in iTPN_weijie  

backbone.blocks.31.mlp.fc1.bias - torch.Size([2048]): 
Initialized by user-defined `init_weights` in iTPN_weijie  

backbone.blocks.31.mlp.fc2.weight - torch.Size([512, 2048]): 
Initialized by user-defined `init_weights` in iTPN_weijie  

backbone.blocks.31.mlp.fc2.bias - torch.Size([512]): 
Initialized by user-defined `init_weights` in iTPN_weijie  

backbone.align_dim_16tofpn.weight - torch.Size([256, 512]): 
Initialized by user-defined `init_weights` in iTPN_weijie  

backbone.align_dim_16tofpn.bias - torch.Size([256]): 
Initialized by user-defined `init_weights` in iTPN_weijie  

backbone.fpn_modules.0.norm2.weight - torch.Size([256]): 
Initialized by user-defined `init_weights` in iTPN_weijie  

backbone.fpn_modules.0.norm2.bias - torch.Size([256]): 
Initialized by user-defined `init_weights` in iTPN_weijie  

backbone.fpn_modules.0.mlp.fc1.weight - torch.Size([1024, 256]): 
Initialized by user-defined `init_weights` in iTPN_weijie  

backbone.fpn_modules.0.mlp.fc1.bias - torch.Size([1024]): 
Initialized by user-defined `init_weights` in iTPN_weijie  

backbone.fpn_modules.0.mlp.fc2.weight - torch.Size([256, 1024]): 
Initialized by user-defined `init_weights` in iTPN_weijie  

backbone.fpn_modules.0.mlp.fc2.bias - torch.Size([256]): 
Initialized by user-defined `init_weights` in iTPN_weijie  

backbone.fpn_modules.1.norm2.weight - torch.Size([256]): 
Initialized by user-defined `init_weights` in iTPN_weijie  

backbone.fpn_modules.1.norm2.bias - torch.Size([256]): 
Initialized by user-defined `init_weights` in iTPN_weijie  

backbone.fpn_modules.1.mlp.fc1.weight - torch.Size([1024, 256]): 
Initialized by user-defined `init_weights` in iTPN_weijie  

backbone.fpn_modules.1.mlp.fc1.bias - torch.Size([1024]): 
Initialized by user-defined `init_weights` in iTPN_weijie  

backbone.fpn_modules.1.mlp.fc2.weight - torch.Size([256, 1024]): 
Initialized by user-defined `init_weights` in iTPN_weijie  

backbone.fpn_modules.1.mlp.fc2.bias - torch.Size([256]): 
Initialized by user-defined `init_weights` in iTPN_weijie  

backbone.fpn_modules.2.norm2.weight - torch.Size([256]): 
Initialized by user-defined `init_weights` in iTPN_weijie  

backbone.fpn_modules.2.norm2.bias - torch.Size([256]): 
Initialized by user-defined `init_weights` in iTPN_weijie  

backbone.fpn_modules.2.mlp.fc1.weight - torch.Size([1024, 256]): 
Initialized by user-defined `init_weights` in iTPN_weijie  

backbone.fpn_modules.2.mlp.fc1.bias - torch.Size([1024]): 
Initialized by user-defined `init_weights` in iTPN_weijie  

backbone.fpn_modules.2.mlp.fc2.weight - torch.Size([256, 1024]): 
Initialized by user-defined `init_weights` in iTPN_weijie  

backbone.fpn_modules.2.mlp.fc2.bias - torch.Size([256]): 
Initialized by user-defined `init_weights` in iTPN_weijie  

backbone.align_dim_16to8.weight - torch.Size([256, 256]): 
Initialized by user-defined `init_weights` in iTPN_weijie  

backbone.split_16to8.norm.weight - torch.Size([512]): 
Initialized by user-defined `init_weights` in iTPN_weijie  

backbone.split_16to8.norm.bias - torch.Size([512]): 
Initialized by user-defined `init_weights` in iTPN_weijie  

backbone.split_16to8.reduction.weight - torch.Size([1024, 512]): 
Initialized by user-defined `init_weights` in iTPN_weijie  

backbone.block_16to8.0.norm2.weight - torch.Size([256]): 
Initialized by user-defined `init_weights` in iTPN_weijie  

backbone.block_16to8.0.norm2.bias - torch.Size([256]): 
Initialized by user-defined `init_weights` in iTPN_weijie  

backbone.block_16to8.0.mlp.fc1.weight - torch.Size([1024, 256]): 
Initialized by user-defined `init_weights` in iTPN_weijie  

backbone.block_16to8.0.mlp.fc1.bias - torch.Size([1024]): 
Initialized by user-defined `init_weights` in iTPN_weijie  

backbone.block_16to8.0.mlp.fc2.weight - torch.Size([256, 1024]): 
Initialized by user-defined `init_weights` in iTPN_weijie  

backbone.block_16to8.0.mlp.fc2.bias - torch.Size([256]): 
Initialized by user-defined `init_weights` in iTPN_weijie  

backbone.block_16to8.1.norm2.weight - torch.Size([256]): 
Initialized by user-defined `init_weights` in iTPN_weijie  

backbone.block_16to8.1.norm2.bias - torch.Size([256]): 
Initialized by user-defined `init_weights` in iTPN_weijie  

backbone.block_16to8.1.mlp.fc1.weight - torch.Size([1024, 256]): 
Initialized by user-defined `init_weights` in iTPN_weijie  

backbone.block_16to8.1.mlp.fc1.bias - torch.Size([1024]): 
Initialized by user-defined `init_weights` in iTPN_weijie  

backbone.block_16to8.1.mlp.fc2.weight - torch.Size([256, 1024]): 
Initialized by user-defined `init_weights` in iTPN_weijie  

backbone.block_16to8.1.mlp.fc2.bias - torch.Size([256]): 
Initialized by user-defined `init_weights` in iTPN_weijie  

backbone.align_dim_8to4.weight - torch.Size([256, 128]): 
Initialized by user-defined `init_weights` in iTPN_weijie  

backbone.split_8to4.norm.weight - torch.Size([256]): 
Initialized by user-defined `init_weights` in iTPN_weijie  

backbone.split_8to4.norm.bias - torch.Size([256]): 
Initialized by user-defined `init_weights` in iTPN_weijie  

backbone.split_8to4.reduction.weight - torch.Size([1024, 256]): 
Initialized by user-defined `init_weights` in iTPN_weijie  

backbone.block_8to4.0.norm2.weight - torch.Size([256]): 
Initialized by user-defined `init_weights` in iTPN_weijie  

backbone.block_8to4.0.norm2.bias - torch.Size([256]): 
Initialized by user-defined `init_weights` in iTPN_weijie  

backbone.block_8to4.0.mlp.fc1.weight - torch.Size([1024, 256]): 
Initialized by user-defined `init_weights` in iTPN_weijie  

backbone.block_8to4.0.mlp.fc1.bias - torch.Size([1024]): 
Initialized by user-defined `init_weights` in iTPN_weijie  

backbone.block_8to4.0.mlp.fc2.weight - torch.Size([256, 1024]): 
Initialized by user-defined `init_weights` in iTPN_weijie  

backbone.block_8to4.0.mlp.fc2.bias - torch.Size([256]): 
Initialized by user-defined `init_weights` in iTPN_weijie  

backbone.block_8to4.1.norm2.weight - torch.Size([256]): 
Initialized by user-defined `init_weights` in iTPN_weijie  

backbone.block_8to4.1.norm2.bias - torch.Size([256]): 
Initialized by user-defined `init_weights` in iTPN_weijie  

backbone.block_8to4.1.mlp.fc1.weight - torch.Size([1024, 256]): 
Initialized by user-defined `init_weights` in iTPN_weijie  

backbone.block_8to4.1.mlp.fc1.bias - torch.Size([1024]): 
Initialized by user-defined `init_weights` in iTPN_weijie  

backbone.block_8to4.1.mlp.fc2.weight - torch.Size([256, 1024]): 
Initialized by user-defined `init_weights` in iTPN_weijie  

backbone.block_8to4.1.mlp.fc2.bias - torch.Size([256]): 
Initialized by user-defined `init_weights` in iTPN_weijie  

decode_head.conv_seg.weight - torch.Size([7, 768, 1, 1]): 
NormalInit: mean=0, std=0.01, bias=0 

decode_head.conv_seg.bias - torch.Size([7]): 
NormalInit: mean=0, std=0.01, bias=0 

decode_head.psp_modules.0.1.conv.weight - torch.Size([768, 768, 1, 1]): 
The value is the same before and after calling `init_weights` of EncoderDecoder  

decode_head.psp_modules.0.1.bn.weight - torch.Size([768]): 
The value is the same before and after calling `init_weights` of EncoderDecoder  

decode_head.psp_modules.0.1.bn.bias - torch.Size([768]): 
The value is the same before and after calling `init_weights` of EncoderDecoder  

decode_head.psp_modules.1.1.conv.weight - torch.Size([768, 768, 1, 1]): 
The value is the same before and after calling `init_weights` of EncoderDecoder  

decode_head.psp_modules.1.1.bn.weight - torch.Size([768]): 
The value is the same before and after calling `init_weights` of EncoderDecoder  

decode_head.psp_modules.1.1.bn.bias - torch.Size([768]): 
The value is the same before and after calling `init_weights` of EncoderDecoder  

decode_head.psp_modules.2.1.conv.weight - torch.Size([768, 768, 1, 1]): 
The value is the same before and after calling `init_weights` of EncoderDecoder  

decode_head.psp_modules.2.1.bn.weight - torch.Size([768]): 
The value is the same before and after calling `init_weights` of EncoderDecoder  

decode_head.psp_modules.2.1.bn.bias - torch.Size([768]): 
The value is the same before and after calling `init_weights` of EncoderDecoder  

decode_head.psp_modules.3.1.conv.weight - torch.Size([768, 768, 1, 1]): 
The value is the same before and after calling `init_weights` of EncoderDecoder  

decode_head.psp_modules.3.1.bn.weight - torch.Size([768]): 
The value is the same before and after calling `init_weights` of EncoderDecoder  

decode_head.psp_modules.3.1.bn.bias - torch.Size([768]): 
The value is the same before and after calling `init_weights` of EncoderDecoder  

decode_head.bottleneck.conv.weight - torch.Size([768, 3840, 3, 3]): 
Initialized by user-defined `init_weights` in ConvModule  

decode_head.bottleneck.bn.weight - torch.Size([768]): 
The value is the same before and after calling `init_weights` of EncoderDecoder  

decode_head.bottleneck.bn.bias - torch.Size([768]): 
The value is the same before and after calling `init_weights` of EncoderDecoder  

decode_head.lateral_convs.0.conv.weight - torch.Size([768, 384, 1, 1]): 
The value is the same before and after calling `init_weights` of EncoderDecoder  

decode_head.lateral_convs.0.bn.weight - torch.Size([768]): 
The value is the same before and after calling `init_weights` of EncoderDecoder  

decode_head.lateral_convs.0.bn.bias - torch.Size([768]): 
The value is the same before and after calling `init_weights` of EncoderDecoder  

decode_head.lateral_convs.1.conv.weight - torch.Size([768, 512, 1, 1]): 
The value is the same before and after calling `init_weights` of EncoderDecoder  

decode_head.lateral_convs.1.bn.weight - torch.Size([768]): 
The value is the same before and after calling `init_weights` of EncoderDecoder  

decode_head.lateral_convs.1.bn.bias - torch.Size([768]): 
The value is the same before and after calling `init_weights` of EncoderDecoder  

decode_head.lateral_convs.2.conv.weight - torch.Size([768, 768, 1, 1]): 
The value is the same before and after calling `init_weights` of EncoderDecoder  

decode_head.lateral_convs.2.bn.weight - torch.Size([768]): 
The value is the same before and after calling `init_weights` of EncoderDecoder  

decode_head.lateral_convs.2.bn.bias - torch.Size([768]): 
The value is the same before and after calling `init_weights` of EncoderDecoder  

decode_head.fpn_convs.0.conv.weight - torch.Size([768, 768, 3, 3]): 
The value is the same before and after calling `init_weights` of EncoderDecoder  

decode_head.fpn_convs.0.bn.weight - torch.Size([768]): 
The value is the same before and after calling `init_weights` of EncoderDecoder  

decode_head.fpn_convs.0.bn.bias - torch.Size([768]): 
The value is the same before and after calling `init_weights` of EncoderDecoder  

decode_head.fpn_convs.1.conv.weight - torch.Size([768, 768, 3, 3]): 
The value is the same before and after calling `init_weights` of EncoderDecoder  

decode_head.fpn_convs.1.bn.weight - torch.Size([768]): 
The value is the same before and after calling `init_weights` of EncoderDecoder  

decode_head.fpn_convs.1.bn.bias - torch.Size([768]): 
The value is the same before and after calling `init_weights` of EncoderDecoder  

decode_head.fpn_convs.2.conv.weight - torch.Size([768, 768, 3, 3]): 
The value is the same before and after calling `init_weights` of EncoderDecoder  

decode_head.fpn_convs.2.bn.weight - torch.Size([768]): 
The value is the same before and after calling `init_weights` of EncoderDecoder  

decode_head.fpn_convs.2.bn.bias - torch.Size([768]): 
The value is the same before and after calling `init_weights` of EncoderDecoder  

decode_head.fpn_bottleneck.conv.weight - torch.Size([768, 3072, 3, 3]): 
Initialized by user-defined `init_weights` in ConvModule  

decode_head.fpn_bottleneck.bn.weight - torch.Size([768]): 
The value is the same before and after calling `init_weights` of EncoderDecoder  

decode_head.fpn_bottleneck.bn.bias - torch.Size([768]): 
The value is the same before and after calling `init_weights` of EncoderDecoder  

auxiliary_head.conv_seg.weight - torch.Size([7, 256, 1, 1]): 
NormalInit: mean=0, std=0.01, bias=0 

auxiliary_head.conv_seg.bias - torch.Size([7]): 
NormalInit: mean=0, std=0.01, bias=0 

auxiliary_head.convs.0.conv.weight - torch.Size([256, 768, 3, 3]): 
The value is the same before and after calling `init_weights` of EncoderDecoder  

auxiliary_head.convs.0.bn.weight - torch.Size([256]): 
The value is the same before and after calling `init_weights` of EncoderDecoder  

auxiliary_head.convs.0.bn.bias - torch.Size([256]): 
The value is the same before and after calling `init_weights` of EncoderDecoder  
2026/05/13 04:36:33 - mmengine - WARNING - "FileClient" will be deprecated in future. Please use io functions in https://mmengine.readthedocs.io/en/latest/api/fileio.html#file-io
2026/05/13 04:36:33 - mmengine - WARNING - "HardDiskBackend" is the alias of "LocalBackend" and the former will be deprecated in future.
2026/05/13 04:36:33 - mmengine - INFO - Checkpoints will be saved to /root/det/work_dirs/weijie_whu_1xb4_80k_6e-4.
2026/05/13 04:37:35 - mmengine - INFO - Iter(train) [  200/80000]  lr: 2.0510e-06  eta: 6:54:46  time: 0.2981  data_time: 0.0085  memory: 16614  grad_norm: 3.9415  loss: 1.3004  decode.loss_ce: 0.8561  decode.acc_seg: 78.9277  aux.loss_ce: 0.4443  aux.acc_seg: 81.8767
2026/05/13 04:38:36 - mmengine - INFO - Iter(train) [  400/80000]  lr: 4.1122e-06  eta: 6:46:30  time: 0.2978  data_time: 0.0082  memory: 15829  grad_norm: 4.0909  loss: 1.0877  decode.loss_ce: 0.7358  decode.acc_seg: 67.6043  aux.loss_ce: 0.3519  aux.acc_seg: 67.4588
2026/05/13 04:39:36 - mmengine - INFO - Iter(train) [  600/80000]  lr: 6.1734e-06  eta: 6:42:45  time: 0.3047  data_time: 0.0109  memory: 15829  grad_norm: 5.3325  loss: 1.0260  decode.loss_ce: 0.7197  decode.acc_seg: 70.0547  aux.loss_ce: 0.3063  aux.acc_seg: 68.5340
2026/05/13 04:40:35 - mmengine - INFO - Iter(train) [  800/80000]  lr: 8.2347e-06  eta: 6:39:36  time: 0.2983  data_time: 0.0086  memory: 15829  grad_norm: 4.1852  loss: 1.0877  decode.loss_ce: 0.7680  decode.acc_seg: 67.4555  aux.loss_ce: 0.3197  aux.acc_seg: 67.0849
2026/05/13 04:41:35 - mmengine - INFO - Exp name: new_weijie_whu_1xb4_80k_6e-4_dp10_ld90_20260513_043627
2026/05/13 04:41:35 - mmengine - INFO - Iter(train) [ 1000/80000]  lr: 1.0296e-05  eta: 6:37:13  time: 0.2980  data_time: 0.0082  memory: 15829  grad_norm: 5.4217  loss: 1.0334  decode.loss_ce: 0.7311  decode.acc_seg: 80.4296  aux.loss_ce: 0.3024  aux.acc_seg: 79.2301
2026/05/13 04:42:34 - mmengine - INFO - Iter(train) [ 1200/80000]  lr: 1.2357e-05  eta: 6:35:18  time: 0.2982  data_time: 0.0086  memory: 15829  grad_norm: 4.2330  loss: 0.9920  decode.loss_ce: 0.7008  decode.acc_seg: 85.1276  aux.loss_ce: 0.2912  aux.acc_seg: 84.6222
2026/05/13 04:43:34 - mmengine - INFO - Exp name: new_weijie_whu_1xb4_80k_6e-4_dp10_ld90_20260513_043627
2026/05/13 04:43:34 - mmengine - INFO - Iter(train) [ 1400/80000]  lr: 1.4418e-05  eta: 6:33:37  time: 0.2965  data_time: 0.0078  memory: 15829  grad_norm: 3.2845  loss: 1.0637  decode.loss_ce: 0.7531  decode.acc_seg: 68.6708  aux.loss_ce: 0.3106  aux.acc_seg: 64.4817
2026/05/13 04:44:33 - mmengine - INFO - Iter(train) [ 1600/80000]  lr: 1.6480e-05  eta: 6:32:10  time: 0.2973  data_time: 0.0081  memory: 15829  grad_norm: 4.7365  loss: 1.0792  decode.loss_ce: 0.7609  decode.acc_seg: 71.6648  aux.loss_ce: 0.3183  aux.acc_seg: 70.9432
2026/05/13 04:45:33 - mmengine - INFO - Iter(train) [ 1800/80000]  lr: 1.8541e-05  eta: 6:30:59  time: 0.2979  data_time: 0.0085  memory: 15829  grad_norm: 5.0677  loss: 0.9848  decode.loss_ce: 0.7014  decode.acc_seg: 78.6204  aux.loss_ce: 0.2834  aux.acc_seg: 78.0229
2026/05/13 04:46:33 - mmengine - INFO - Exp name: new_weijie_whu_1xb4_80k_6e-4_dp10_ld90_20260513_043627
2026/05/13 04:46:33 - mmengine - INFO - Iter(train) [ 2000/80000]  lr: 2.0602e-05  eta: 6:29:44  time: 0.2975  data_time: 0.0084  memory: 15829  grad_norm: 3.5538  loss: 0.8673  decode.loss_ce: 0.6131  decode.acc_seg: 83.2604  aux.loss_ce: 0.2542  aux.acc_seg: 82.0436
2026/05/13 04:47:32 - mmengine - INFO - Iter(train) [ 2200/80000]  lr: 2.0550e-05  eta: 6:28:31  time: 0.2982  data_time: 0.0086  memory: 15829  grad_norm: 2.5238  loss: 0.9684  decode.loss_ce: 0.6846  decode.acc_seg: 50.0626  aux.loss_ce: 0.2838  aux.acc_seg: 48.7501
2026/05/13 04:48:32 - mmengine - INFO - Iter(train) [ 2400/80000]  lr: 2.0497e-05  eta: 6:27:31  time: 0.2974  data_time: 0.0082  memory: 15829  grad_norm: 2.9624  loss: 0.7855  decode.loss_ce: 0.5597  decode.acc_seg: 71.2889  aux.loss_ce: 0.2258  aux.acc_seg: 72.0094
2026/05/13 04:49:32 - mmengine - INFO - Iter(train) [ 2600/80000]  lr: 2.0444e-05  eta: 6:26:27  time: 0.2976  data_time: 0.0086  memory: 15829  grad_norm: 3.9185  loss: 0.8536  decode.loss_ce: 0.6056  decode.acc_seg: 75.9611  aux.loss_ce: 0.2480  aux.acc_seg: 74.7089
2026/05/13 04:50:32 - mmengine - INFO - Iter(train) [ 2800/80000]  lr: 2.0391e-05  eta: 6:25:22  time: 0.3067  data_time: 0.0113  memory: 15829  grad_norm: 2.6585  loss: 0.9746  decode.loss_ce: 0.6928  decode.acc_seg: 50.3982  aux.loss_ce: 0.2818  aux.acc_seg: 49.7395
2026/05/13 04:51:32 - mmengine - INFO - Exp name: new_weijie_whu_1xb4_80k_6e-4_dp10_ld90_20260513_043627
2026/05/13 04:51:32 - mmengine - INFO - Iter(train) [ 3000/80000]  lr: 2.0338e-05  eta: 6:24:24  time: 0.2974  data_time: 0.0082  memory: 15829  grad_norm: 5.5099  loss: 0.9859  decode.loss_ce: 0.6991  decode.acc_seg: 70.6898  aux.loss_ce: 0.2868  aux.acc_seg: 70.1806
2026/05/13 04:52:31 - mmengine - INFO - Iter(train) [ 3200/80000]  lr: 2.0285e-05  eta: 6:23:17  time: 0.2975  data_time: 0.0082  memory: 15829  grad_norm: 2.9682  loss: 0.9716  decode.loss_ce: 0.6857  decode.acc_seg: 83.5999  aux.loss_ce: 0.2859  aux.acc_seg: 82.9145
2026/05/13 04:53:31 - mmengine - INFO - Iter(train) [ 3400/80000]  lr: 2.0233e-05  eta: 6:22:17  time: 0.2971  data_time: 0.0081  memory: 15829  grad_norm: 2.5706  loss: 0.9555  decode.loss_ce: 0.6782  decode.acc_seg: 69.2386  aux.loss_ce: 0.2773  aux.acc_seg: 69.1293
2026/05/13 04:54:31 - mmengine - INFO - Iter(train) [ 3600/80000]  lr: 2.0180e-05  eta: 6:21:13  time: 0.2981  data_time: 0.0088  memory: 15829  grad_norm: 2.2863  loss: 0.7478  decode.loss_ce: 0.5316  decode.acc_seg: 79.4478  aux.loss_ce: 0.2163  aux.acc_seg: 78.5407
2026/05/13 04:55:30 - mmengine - INFO - Iter(train) [ 3800/80000]  lr: 2.0127e-05  eta: 6:20:07  time: 0.2975  data_time: 0.0081  memory: 15829  grad_norm: 2.1586  loss: 1.1327  decode.loss_ce: 0.8042  decode.acc_seg: 75.1561  aux.loss_ce: 0.3286  aux.acc_seg: 74.8584
2026/05/13 04:56:30 - mmengine - INFO - Exp name: new_weijie_whu_1xb4_80k_6e-4_dp10_ld90_20260513_043627
2026/05/13 04:56:30 - mmengine - INFO - Iter(train) [ 4000/80000]  lr: 2.0074e-05  eta: 6:19:01  time: 0.2975  data_time: 0.0084  memory: 15829  grad_norm: 4.4991  loss: 0.9893  decode.loss_ce: 0.7065  decode.acc_seg: 77.4505  aux.loss_ce: 0.2828  aux.acc_seg: 75.3162
2026/05/13 04:56:30 - mmengine - INFO - Saving checkpoint at 4000 iterations
2026/05/13 04:56:44 - mmengine - INFO - Iter(val) [ 200/1400]    eta: 0:01:01  time: 0.0464  data_time: 0.0018  memory: 2490  
2026/05/13 04:56:53 - mmengine - INFO - Iter(val) [ 400/1400]    eta: 0:00:48  time: 0.0466  data_time: 0.0018  memory: 2442  
2026/05/13 04:57:02 - mmengine - INFO - Iter(val) [ 600/1400]    eta: 0:00:38  time: 0.0467  data_time: 0.0018  memory: 2442  
2026/05/13 04:57:12 - mmengine - INFO - Iter(val) [ 800/1400]    eta: 0:00:28  time: 0.0463  data_time: 0.0018  memory: 2442  
2026/05/13 04:57:21 - mmengine - INFO - Iter(val) [1000/1400]    eta: 0:00:19  time: 0.0470  data_time: 0.0019  memory: 2442  
2026/05/13 04:57:30 - mmengine - INFO - Iter(val) [1200/1400]    eta: 0:00:09  time: 0.0469  data_time: 0.0018  memory: 2442  
2026/05/13 04:57:40 - mmengine - INFO - Iter(val) [1400/1400]    eta: 0:00:00  time: 0.0463  data_time: 0.0018  memory: 2442  
2026/05/13 04:57:40 - mmengine - INFO - per class results:
2026/05/13 04:57:40 - mmengine - INFO - 
+----------+-------+-------+--------+-----------+--------+
|  Class   |  IoU  |  Acc  | Fscore | Precision | Recall |
+----------+-------+-------+--------+-----------+--------+
| farmland | 58.18 | 78.69 | 73.56  |   69.05   | 78.69  |
|   city   | 49.12 | 77.32 | 65.88  |   57.39   | 77.32  |
| village  | 29.62 | 41.51 |  45.7  |   50.84   | 41.51  |
|  water   |  51.8 | 65.23 | 68.25  |   71.56   | 65.23  |
|  forest  | 77.86 | 85.87 | 87.55  |    89.3   | 85.87  |
|   road   |  7.18 |  8.32 |  13.4  |   34.41   |  8.32  |
|  other   |  1.4  |  1.41 |  2.77  |   72.55   |  1.41  |
+----------+-------+-------+--------+-----------+--------+
2026/05/13 04:57:40 - mmengine - INFO - Iter(val) [1400/1400]  aAcc: 77.1200  mIoU: 39.3100  mAcc: 51.1900  mFscore: 51.0200  mPrecision: 63.5800  mRecall: 51.1900  Kappa: 32.7300  data_time: 0.0018  time: 0.0463
2026/05/13 04:57:41 - mmengine - INFO - The best checkpoint with 77.1200 aAcc at 4000 iter is saved to best_aAcc_iter_4000.pth.
2026/05/13 04:58:41 - mmengine - INFO - Iter(train) [ 4200/80000]  lr: 2.0021e-05  eta: 6:18:28  time: 0.2981  data_time: 0.0083  memory: 15828  grad_norm: 2.4258  loss: 0.9761  decode.loss_ce: 0.6956  decode.acc_seg: 76.3234  aux.loss_ce: 0.2805  aux.acc_seg: 75.2341
2026/05/13 04:59:41 - mmengine - INFO - Iter(train) [ 4400/80000]  lr: 1.9968e-05  eta: 6:17:26  time: 0.2977  data_time: 0.0082  memory: 15828  grad_norm: 1.8377  loss: 0.8631  decode.loss_ce: 0.6155  decode.acc_seg: 76.7231  aux.loss_ce: 0.2476  aux.acc_seg: 78.2386
2026/05/13 05:00:41 - mmengine - INFO - Iter(train) [ 4600/80000]  lr: 1.9916e-05  eta: 6:16:32  time: 0.2983  data_time: 0.0086  memory: 15828  grad_norm: 3.9788  loss: 1.0651  decode.loss_ce: 0.7602  decode.acc_seg: 79.1784  aux.loss_ce: 0.3049  aux.acc_seg: 76.2364
2026/05/13 05:01:41 - mmengine - INFO - Iter(train) [ 4800/80000]  lr: 1.9863e-05  eta: 6:15:27  time: 0.2985  data_time: 0.0086  memory: 15828  grad_norm: 2.6452  loss: 0.9721  decode.loss_ce: 0.6879  decode.acc_seg: 79.4537  aux.loss_ce: 0.2842  aux.acc_seg: 78.8189
2026/05/13 05:02:40 - mmengine - INFO - Exp name: new_weijie_whu_1xb4_80k_6e-4_dp10_ld90_20260513_043627
2026/05/13 05:02:40 - mmengine - INFO - Iter(train) [ 5000/80000]  lr: 1.9810e-05  eta: 6:14:22  time: 0.2979  data_time: 0.0083  memory: 15828  grad_norm: 2.4560  loss: 0.8385  decode.loss_ce: 0.5977  decode.acc_seg: 71.6978  aux.loss_ce: 0.2408  aux.acc_seg: 72.1391
2026/05/13 05:03:40 - mmengine - INFO - Iter(train) [ 5200/80000]  lr: 1.9757e-05  eta: 6:13:19  time: 0.2980  data_time: 0.0085  memory: 15828  grad_norm: 2.8332  loss: 0.8283  decode.loss_ce: 0.5859  decode.acc_seg: 76.1938  aux.loss_ce: 0.2424  aux.acc_seg: 74.7643
2026/05/13 05:04:40 - mmengine - INFO - Iter(train) [ 5400/80000]  lr: 1.9704e-05  eta: 6:12:16  time: 0.2976  data_time: 0.0080  memory: 15828  grad_norm: 4.8844  loss: 0.9523  decode.loss_ce: 0.6827  decode.acc_seg: 53.4579  aux.loss_ce: 0.2696  aux.acc_seg: 54.1684
2026/05/13 05:05:39 - mmengine - INFO - Iter(train) [ 5600/80000]  lr: 1.9651e-05  eta: 6:11:13  time: 0.2981  data_time: 0.0083  memory: 15828  grad_norm: 3.1678  loss: 1.0066  decode.loss_ce: 0.7223  decode.acc_seg: 67.3658  aux.loss_ce: 0.2842  aux.acc_seg: 66.4765
2026/05/13 05:06:39 - mmengine - INFO - Iter(train) [ 5800/80000]  lr: 1.9599e-05  eta: 6:10:11  time: 0.2982  data_time: 0.0084  memory: 15828  grad_norm: 3.0719  loss: 0.8570  decode.loss_ce: 0.6063  decode.acc_seg: 78.0981  aux.loss_ce: 0.2507  aux.acc_seg: 79.1906
2026/05/13 05:07:39 - mmengine - INFO - Exp name: new_weijie_whu_1xb4_80k_6e-4_dp10_ld90_20260513_043627
2026/05/13 05:07:39 - mmengine - INFO - Iter(train) [ 6000/80000]  lr: 1.9546e-05  eta: 6:09:12  time: 0.2979  data_time: 0.0083  memory: 15828  grad_norm: 3.4327  loss: 0.8712  decode.loss_ce: 0.6185  decode.acc_seg: 79.7335  aux.loss_ce: 0.2526  aux.acc_seg: 80.2589
2026/05/13 05:08:39 - mmengine - INFO - Iter(train) [ 6200/80000]  lr: 1.9493e-05  eta: 6:08:12  time: 0.2987  data_time: 0.0087  memory: 15828  grad_norm: 2.0966  loss: 0.9707  decode.loss_ce: 0.6916  decode.acc_seg: 64.3594  aux.loss_ce: 0.2791  aux.acc_seg: 63.5298
2026/05/13 05:09:39 - mmengine - INFO - Iter(train) [ 6400/80000]  lr: 1.9440e-05  eta: 6:07:11  time: 0.2974  data_time: 0.0081  memory: 15828  grad_norm: 2.3561  loss: 0.7278  decode.loss_ce: 0.5145  decode.acc_seg: 84.7164  aux.loss_ce: 0.2133  aux.acc_seg: 84.0360
2026/05/13 05:10:38 - mmengine - INFO - Iter(train) [ 6600/80000]  lr: 1.9387e-05  eta: 6:06:08  time: 0.2986  data_time: 0.0086  memory: 15828  grad_norm: 3.7300  loss: 0.9390  decode.loss_ce: 0.6653  decode.acc_seg: 73.2092  aux.loss_ce: 0.2737  aux.acc_seg: 68.0160
2026/05/13 05:11:38 - mmengine - INFO - Iter(train) [ 6800/80000]  lr: 1.9335e-05  eta: 6:05:08  time: 0.2973  data_time: 0.0079  memory: 15828  grad_norm: 3.1337  loss: 0.9016  decode.loss_ce: 0.6461  decode.acc_seg: 70.9882  aux.loss_ce: 0.2556  aux.acc_seg: 71.1232
2026/05/13 05:12:38 - mmengine - INFO - Exp name: new_weijie_whu_1xb4_80k_6e-4_dp10_ld90_20260513_043627
2026/05/13 05:12:38 - mmengine - INFO - Iter(train) [ 7000/80000]  lr: 1.9282e-05  eta: 6:04:07  time: 0.2988  data_time: 0.0087  memory: 15828  grad_norm: 1.9167  loss: 0.8653  decode.loss_ce: 0.6141  decode.acc_seg: 80.7781  aux.loss_ce: 0.2512  aux.acc_seg: 79.6270
2026/05/13 05:13:37 - mmengine - INFO - Iter(train) [ 7200/80000]  lr: 1.9229e-05  eta: 6:03:05  time: 0.2990  data_time: 0.0086  memory: 15828  grad_norm: 5.2891  loss: 0.9975  decode.loss_ce: 0.7095  decode.acc_seg: 74.0956  aux.loss_ce: 0.2880  aux.acc_seg: 73.7495
2026/05/13 05:14:37 - mmengine - INFO - Iter(train) [ 7400/80000]  lr: 1.9176e-05  eta: 6:02:03  time: 0.2977  data_time: 0.0082  memory: 15828  grad_norm: 2.3815  loss: 0.8248  decode.loss_ce: 0.5854  decode.acc_seg: 78.3534  aux.loss_ce: 0.2394  aux.acc_seg: 78.3229
2026/05/13 05:15:37 - mmengine - INFO - Iter(train) [ 7600/80000]  lr: 1.9123e-05  eta: 6:01:02  time: 0.2984  data_time: 0.0086  memory: 15828  grad_norm: 2.4151  loss: 0.7137  decode.loss_ce: 0.5098  decode.acc_seg: 82.6140  aux.loss_ce: 0.2039  aux.acc_seg: 81.7671
2026/05/13 05:16:36 - mmengine - INFO - Iter(train) [ 7800/80000]  lr: 1.9070e-05  eta: 6:00:01  time: 0.3000  data_time: 0.0092  memory: 15828  grad_norm: 2.0824  loss: 0.8021  decode.loss_ce: 0.5676  decode.acc_seg: 78.0512  aux.loss_ce: 0.2345  aux.acc_seg: 78.6791
2026/05/13 05:17:36 - mmengine - INFO - Exp name: new_weijie_whu_1xb4_80k_6e-4_dp10_ld90_20260513_043627
2026/05/13 05:17:36 - mmengine - INFO - Iter(train) [ 8000/80000]  lr: 1.9018e-05  eta: 5:58:58  time: 0.2979  data_time: 0.0080  memory: 15828  grad_norm: 3.7186  loss: 0.9994  decode.loss_ce: 0.7105  decode.acc_seg: 62.9792  aux.loss_ce: 0.2889  aux.acc_seg: 58.4371
2026/05/13 05:17:36 - mmengine - INFO - Saving checkpoint at 8000 iterations
2026/05/13 05:17:49 - mmengine - INFO - Iter(val) [ 200/1400]    eta: 0:00:58  time: 0.0460  data_time: 0.0018  memory: 2442  
2026/05/13 05:17:58 - mmengine - INFO - Iter(val) [ 400/1400]    eta: 0:00:47  time: 0.0472  data_time: 0.0019  memory: 2442  
2026/05/13 05:18:08 - mmengine - INFO - Iter(val) [ 600/1400]    eta: 0:00:37  time: 0.0465  data_time: 0.0018  memory: 2442  
2026/05/13 05:18:17 - mmengine - INFO - Iter(val) [ 800/1400]    eta: 0:00:28  time: 0.0463  data_time: 0.0018  memory: 2442  
2026/05/13 05:18:26 - mmengine - INFO - Iter(val) [1000/1400]    eta: 0:00:18  time: 0.0463  data_time: 0.0019  memory: 2442  
2026/05/13 05:18:36 - mmengine - INFO - Iter(val) [1200/1400]    eta: 0:00:09  time: 0.0468  data_time: 0.0020  memory: 2442  
2026/05/13 05:18:45 - mmengine - INFO - Iter(val) [1400/1400]    eta: 0:00:00  time: 0.0462  data_time: 0.0018  memory: 2442  
2026/05/13 05:18:45 - mmengine - INFO - per class results:
2026/05/13 05:18:45 - mmengine - INFO - 
+----------+-------+-------+--------+-----------+--------+
|  Class   |  IoU  |  Acc  | Fscore | Precision | Recall |
+----------+-------+-------+--------+-----------+--------+
| farmland | 58.83 | 73.84 | 74.08  |   74.32   | 73.84  |
|   city   | 52.11 | 75.12 | 68.52  |   62.98   | 75.12  |
| village  |  31.8 | 50.04 | 48.26  |    46.6   | 50.04  |
|  water   | 54.36 | 69.94 | 70.43  |   70.93   | 69.94  |
|  forest  | 79.69 | 89.54 |  88.7  |   87.88   | 89.54  |
|   road   | 16.58 | 24.04 | 28.44  |   34.82   | 24.04  |
|  other   |  7.45 |  7.92 | 13.87  |    56.1   |  7.92  |
+----------+-------+-------+--------+-----------+--------+
2026/05/13 05:18:45 - mmengine - INFO - Iter(val) [1400/1400]  aAcc: 78.3000  mIoU: 42.9800  mAcc: 55.7800  mFscore: 56.0400  mPrecision: 61.9400  mRecall: 55.7800  Kappa: 34.3700  data_time: 0.0018  time: 0.0462
2026/05/13 05:18:45 - mmengine - INFO - The previous best checkpoint /root/det/work_dirs/weijie_whu_1xb4_80k_6e-4/best_aAcc_iter_4000.pth is removed
2026/05/13 05:18:47 - mmengine - INFO - The best checkpoint with 78.3000 aAcc at 8000 iter is saved to best_aAcc_iter_8000.pth.
2026/05/13 05:19:48 - mmengine - INFO - Iter(train) [ 8200/80000]  lr: 1.8965e-05  eta: 5:58:23  time: 0.2988  data_time: 0.0085  memory: 15828  grad_norm: 2.7045  loss: 0.8937  decode.loss_ce: 0.6368  decode.acc_seg: 86.8727  aux.loss_ce: 0.2569  aux.acc_seg: 87.4427
2026/05/13 05:20:47 - mmengine - INFO - Iter(train) [ 8400/80000]  lr: 1.8912e-05  eta: 5:57:21  time: 0.2986  data_time: 0.0086  memory: 15828  grad_norm: 2.7453  loss: 0.9046  decode.loss_ce: 0.6430  decode.acc_seg: 79.9986  aux.loss_ce: 0.2616  aux.acc_seg: 79.3797
2026/05/13 05:21:47 - mmengine - INFO - Iter(train) [ 8600/80000]  lr: 1.8859e-05  eta: 5:56:20  time: 0.2996  data_time: 0.0088  memory: 15828  grad_norm: 3.2943  loss: 0.9309  decode.loss_ce: 0.6647  decode.acc_seg: 82.7649  aux.loss_ce: 0.2662  aux.acc_seg: 82.6553
2026/05/13 05:22:47 - mmengine - INFO - Iter(train) [ 8800/80000]  lr: 1.8806e-05  eta: 5:55:20  time: 0.3012  data_time: 0.0095  memory: 15828  grad_norm: 1.9070  loss: 0.6519  decode.loss_ce: 0.4641  decode.acc_seg: 84.6446  aux.loss_ce: 0.1878  aux.acc_seg: 84.5533
2026/05/13 05:23:47 - mmengine - INFO - Exp name: new_weijie_whu_1xb4_80k_6e-4_dp10_ld90_20260513_043627
2026/05/13 05:23:47 - mmengine - INFO - Iter(train) [ 9000/80000]  lr: 1.8753e-05  eta: 5:54:19  time: 0.2976  data_time: 0.0082  memory: 15828  grad_norm: 1.8532  loss: 0.8300  decode.loss_ce: 0.5898  decode.acc_seg: 73.3771  aux.loss_ce: 0.2402  aux.acc_seg: 72.3070
2026/05/13 05:24:47 - mmengine - INFO - Iter(train) [ 9200/80000]  lr: 1.8701e-05  eta: 5:53:21  time: 0.2976  data_time: 0.0082  memory: 15828  grad_norm: 3.1270  loss: 0.8728  decode.loss_ce: 0.6197  decode.acc_seg: 61.3072  aux.loss_ce: 0.2531  aux.acc_seg: 62.1679
2026/05/13 05:25:46 - mmengine - INFO - Iter(train) [ 9400/80000]  lr: 1.8648e-05  eta: 5:52:19  time: 0.2995  data_time: 0.0091  memory: 15828  grad_norm: 3.6587  loss: 0.8861  decode.loss_ce: 0.6356  decode.acc_seg: 69.4768  aux.loss_ce: 0.2505  aux.acc_seg: 69.2110
2026/05/13 05:26:46 - mmengine - INFO - Iter(train) [ 9600/80000]  lr: 1.8595e-05  eta: 5:51:17  time: 0.2978  data_time: 0.0084  memory: 15828  grad_norm: 3.5504  loss: 0.7435  decode.loss_ce: 0.5281  decode.acc_seg: 75.9807  aux.loss_ce: 0.2154  aux.acc_seg: 75.7710
2026/05/13 05:27:46 - mmengine - INFO - Iter(train) [ 9800/80000]  lr: 1.8542e-05  eta: 5:50:16  time: 0.2984  data_time: 0.0087  memory: 15828  grad_norm: 1.9124  loss: 0.7215  decode.loss_ce: 0.5133  decode.acc_seg: 88.8025  aux.loss_ce: 0.2081  aux.acc_seg: 88.3761
2026/05/13 05:28:46 - mmengine - INFO - Exp name: new_weijie_whu_1xb4_80k_6e-4_dp10_ld90_20260513_043627
2026/05/13 05:28:46 - mmengine - INFO - Iter(train) [10000/80000]  lr: 1.8489e-05  eta: 5:49:17  time: 0.2984  data_time: 0.0085  memory: 15828  grad_norm: 2.3023  loss: 0.8541  decode.loss_ce: 0.6060  decode.acc_seg: 85.2220  aux.loss_ce: 0.2481  aux.acc_seg: 85.3152
2026/05/13 05:29:45 - mmengine - INFO - Iter(train) [10200/80000]  lr: 1.8436e-05  eta: 5:48:15  time: 0.2979  data_time: 0.0082  memory: 15828  grad_norm: 1.9069  loss: 0.8033  decode.loss_ce: 0.5675  decode.acc_seg: 81.9759  aux.loss_ce: 0.2359  aux.acc_seg: 81.5069
2026/05/13 05:30:45 - mmengine - INFO - Iter(train) [10400/80000]  lr: 1.8384e-05  eta: 5:47:13  time: 0.2980  data_time: 0.0085  memory: 15828  grad_norm: 3.2155  loss: 0.8337  decode.loss_ce: 0.5927  decode.acc_seg: 65.5405  aux.loss_ce: 0.2410  aux.acc_seg: 65.3350
2026/05/13 05:31:45 - mmengine - INFO - Iter(train) [10600/80000]  lr: 1.8331e-05  eta: 5:46:11  time: 0.2973  data_time: 0.0080  memory: 15828  grad_norm: 4.0323  loss: 0.8015  decode.loss_ce: 0.5720  decode.acc_seg: 80.9764  aux.loss_ce: 0.2295  aux.acc_seg: 82.8414
2026/05/13 05:32:44 - mmengine - INFO - Iter(train) [10800/80000]  lr: 1.8278e-05  eta: 5:45:10  time: 0.2984  data_time: 0.0085  memory: 15828  grad_norm: 1.8160  loss: 0.7818  decode.loss_ce: 0.5545  decode.acc_seg: 82.1790  aux.loss_ce: 0.2273  aux.acc_seg: 81.4291
2026/05/13 05:33:44 - mmengine - INFO - Exp name: new_weijie_whu_1xb4_80k_6e-4_dp10_ld90_20260513_043627
2026/05/13 05:33:44 - mmengine - INFO - Iter(train) [11000/80000]  lr: 1.8225e-05  eta: 5:44:08  time: 0.2985  data_time: 0.0087  memory: 15828  grad_norm: 2.5848  loss: 0.9561  decode.loss_ce: 0.6745  decode.acc_seg: 86.5396  aux.loss_ce: 0.2815  aux.acc_seg: 75.1340
2026/05/13 05:34:43 - mmengine - INFO - Iter(train) [11200/80000]  lr: 1.8172e-05  eta: 5:43:07  time: 0.2992  data_time: 0.0085  memory: 15828  grad_norm: 3.8968  loss: 0.7804  decode.loss_ce: 0.5502  decode.acc_seg: 82.0899  aux.loss_ce: 0.2302  aux.acc_seg: 81.2668
2026/05/13 05:35:43 - mmengine - INFO - Iter(train) [11400/80000]  lr: 1.8120e-05  eta: 5:42:06  time: 0.2988  data_time: 0.0089  memory: 15828  grad_norm: 2.3124  loss: 0.8126  decode.loss_ce: 0.5793  decode.acc_seg: 73.8849  aux.loss_ce: 0.2334  aux.acc_seg: 73.3672
2026/05/13 05:36:43 - mmengine - INFO - Iter(train) [11600/80000]  lr: 1.8067e-05  eta: 5:41:05  time: 0.2982  data_time: 0.0084  memory: 15828  grad_norm: 2.4571  loss: 0.7924  decode.loss_ce: 0.5615  decode.acc_seg: 83.4035  aux.loss_ce: 0.2309  aux.acc_seg: 83.1634
2026/05/13 05:37:42 - mmengine - INFO - Iter(train) [11800/80000]  lr: 1.8014e-05  eta: 5:40:04  time: 0.2981  data_time: 0.0084  memory: 15828  grad_norm: 3.8095  loss: 0.8777  decode.loss_ce: 0.6194  decode.acc_seg: 68.8308  aux.loss_ce: 0.2583  aux.acc_seg: 67.9377
2026/05/13 05:38:42 - mmengine - INFO - Exp name: new_weijie_whu_1xb4_80k_6e-4_dp10_ld90_20260513_043627
2026/05/13 05:38:42 - mmengine - INFO - Iter(train) [12000/80000]  lr: 1.7961e-05  eta: 5:39:03  time: 0.2991  data_time: 0.0088  memory: 15828  grad_norm: 2.4876  loss: 0.7712  decode.loss_ce: 0.5476  decode.acc_seg: 84.6232  aux.loss_ce: 0.2236  aux.acc_seg: 84.7847
2026/05/13 05:38:42 - mmengine - INFO - Saving checkpoint at 12000 iterations
2026/05/13 05:38:55 - mmengine - INFO - Iter(val) [ 200/1400]    eta: 0:00:59  time: 0.0461  data_time: 0.0018  memory: 2442  
2026/05/13 05:39:05 - mmengine - INFO - Iter(val) [ 400/1400]    eta: 0:00:47  time: 0.0470  data_time: 0.0019  memory: 2442  
2026/05/13 05:39:14 - mmengine - INFO - Iter(val) [ 600/1400]    eta: 0:00:37  time: 0.0468  data_time: 0.0021  memory: 2442  
2026/05/13 05:39:23 - mmengine - INFO - Iter(val) [ 800/1400]    eta: 0:00:28  time: 0.0463  data_time: 0.0019  memory: 2442  
2026/05/13 05:39:33 - mmengine - INFO - Iter(val) [1000/1400]    eta: 0:00:18  time: 0.0462  data_time: 0.0019  memory: 2442  
2026/05/13 05:39:42 - mmengine - INFO - Iter(val) [1200/1400]    eta: 0:00:09  time: 0.0464  data_time: 0.0018  memory: 2442  
2026/05/13 05:39:51 - mmengine - INFO - Iter(val) [1400/1400]    eta: 0:00:00  time: 0.0462  data_time: 0.0018  memory: 2442  
2026/05/13 05:39:51 - mmengine - INFO - per class results:
2026/05/13 05:39:51 - mmengine - INFO - 
+----------+-------+-------+--------+-----------+--------+
|  Class   |  IoU  |  Acc  | Fscore | Precision | Recall |
+----------+-------+-------+--------+-----------+--------+
| farmland | 59.21 | 72.88 | 74.38  |   75.95   | 72.88  |
|   city   | 55.06 | 70.09 | 71.02  |   71.97   | 70.09  |
| village  | 32.48 | 50.98 | 49.04  |   47.24   | 50.98  |
|  water   | 54.64 | 63.36 | 70.67  |   79.89   | 63.36  |
|  forest  | 80.03 | 93.36 | 88.91  |   84.87   | 93.36  |
|   road   | 15.47 | 18.94 | 26.79  |   45.74   | 18.94  |
|  other   | 10.66 | 11.77 | 19.26  |   53.04   | 11.77  |
+----------+-------+-------+--------+-----------+--------+
2026/05/13 05:39:51 - mmengine - INFO - Iter(val) [1400/1400]  aAcc: 79.0100  mIoU: 43.9400  mAcc: 54.4800  mFscore: 57.1500  mPrecision: 65.5300  mRecall: 54.4800  Kappa: 31.1600  data_time: 0.0018  time: 0.0462
2026/05/13 05:39:51 - mmengine - INFO - The previous best checkpoint /root/det/work_dirs/weijie_whu_1xb4_80k_6e-4/best_aAcc_iter_8000.pth is removed
2026/05/13 05:39:54 - mmengine - INFO - The best checkpoint with 79.0100 aAcc at 12000 iter is saved to best_aAcc_iter_12000.pth.
2026/05/13 05:40:54 - mmengine - INFO - Iter(train) [12200/80000]  lr: 1.7908e-05  eta: 5:38:19  time: 0.2984  data_time: 0.0086  memory: 15828  grad_norm: 5.5492  loss: 0.9044  decode.loss_ce: 0.6439  decode.acc_seg: 65.1379  aux.loss_ce: 0.2604  aux.acc_seg: 63.4254
2026/05/13 05:41:53 - mmengine - INFO - Iter(train) [12400/80000]  lr: 1.7855e-05  eta: 5:37:18  time: 0.2984  data_time: 0.0086  memory: 15828  grad_norm: 2.9479  loss: 0.8868  decode.loss_ce: 0.6329  decode.acc_seg: 59.9524  aux.loss_ce: 0.2540  aux.acc_seg: 61.6752
2026/05/13 05:42:53 - mmengine - INFO - Iter(train) [12600/80000]  lr: 1.7803e-05  eta: 5:36:17  time: 0.2978  data_time: 0.0081  memory: 15828  grad_norm: 3.2628  loss: 0.7939  decode.loss_ce: 0.5665  decode.acc_seg: 62.5988  aux.loss_ce: 0.2275  aux.acc_seg: 62.6449
2026/05/13 05:43:53 - mmengine - INFO - Iter(train) [12800/80000]  lr: 1.7750e-05  eta: 5:35:16  time: 0.2977  data_time: 0.0082  memory: 15828  grad_norm: 2.5724  loss: 0.7440  decode.loss_ce: 0.5264  decode.acc_seg: 86.3499  aux.loss_ce: 0.2176  aux.acc_seg: 86.0581
2026/05/13 05:44:52 - mmengine - INFO - Exp name: new_weijie_whu_1xb4_80k_6e-4_dp10_ld90_20260513_043627
2026/05/13 05:44:52 - mmengine - INFO - Iter(train) [13000/80000]  lr: 1.7697e-05  eta: 5:34:15  time: 0.2989  data_time: 0.0088  memory: 15828  grad_norm: 2.9184  loss: 0.8602  decode.loss_ce: 0.6110  decode.acc_seg: 77.8994  aux.loss_ce: 0.2492  aux.acc_seg: 76.8123
2026/05/13 05:45:53 - mmengine - INFO - Iter(train) [13200/80000]  lr: 1.7644e-05  eta: 5:33:18  time: 0.2976  data_time: 0.0083  memory: 15828  grad_norm: 1.6163  loss: 0.7279  decode.loss_ce: 0.5134  decode.acc_seg: 83.3737  aux.loss_ce: 0.2145  aux.acc_seg: 82.5429
2026/05/13 05:46:53 - mmengine - INFO - Iter(train) [13400/80000]  lr: 1.7591e-05  eta: 5:32:17  time: 0.2982  data_time: 0.0085  memory: 15828  grad_norm: 1.8689  loss: 0.8504  decode.loss_ce: 0.6017  decode.acc_seg: 73.1059  aux.loss_ce: 0.2487  aux.acc_seg: 72.0787
2026/05/13 05:47:53 - mmengine - INFO - Iter(train) [13600/80000]  lr: 1.7538e-05  eta: 5:31:19  time: 0.2981  data_time: 0.0084  memory: 15828  grad_norm: 2.5424  loss: 0.7713  decode.loss_ce: 0.5467  decode.acc_seg: 87.1595  aux.loss_ce: 0.2246  aux.acc_seg: 87.0658
2026/05/13 05:48:52 - mmengine - INFO - Iter(train) [13800/80000]  lr: 1.7486e-05  eta: 5:30:18  time: 0.2979  data_time: 0.0082  memory: 15828  grad_norm: 3.8737  loss: 0.7858  decode.loss_ce: 0.5543  decode.acc_seg: 82.0570  aux.loss_ce: 0.2314  aux.acc_seg: 81.3401
2026/05/13 05:49:52 - mmengine - INFO - Exp name: new_weijie_whu_1xb4_80k_6e-4_dp10_ld90_20260513_043627
2026/05/13 05:49:52 - mmengine - INFO - Iter(train) [14000/80000]  lr: 1.7433e-05  eta: 5:29:17  time: 0.2982  data_time: 0.0083  memory: 15828  grad_norm: 3.3170  loss: 0.9175  decode.loss_ce: 0.6483  decode.acc_seg: 74.8305  aux.loss_ce: 0.2693  aux.acc_seg: 74.8230
2026/05/13 05:50:52 - mmengine - INFO - Iter(train) [14200/80000]  lr: 1.7380e-05  eta: 5:28:17  time: 0.2982  data_time: 0.0084  memory: 15828  grad_norm: 2.6173  loss: 0.8289  decode.loss_ce: 0.5863  decode.acc_seg: 77.1937  aux.loss_ce: 0.2426  aux.acc_seg: 77.3268
2026/05/13 05:51:52 - mmengine - INFO - Iter(train) [14400/80000]  lr: 1.7327e-05  eta: 5:27:17  time: 0.3033  data_time: 0.0102  memory: 15828  grad_norm: 2.6334  loss: 0.7954  decode.loss_ce: 0.5621  decode.acc_seg: 87.6496  aux.loss_ce: 0.2333  aux.acc_seg: 87.0838
2026/05/13 05:52:51 - mmengine - INFO - Iter(train) [14600/80000]  lr: 1.7274e-05  eta: 5:26:16  time: 0.2993  data_time: 0.0086  memory: 15828  grad_norm: 3.5503  loss: 0.8721  decode.loss_ce: 0.6217  decode.acc_seg: 55.4331  aux.loss_ce: 0.2504  aux.acc_seg: 55.4607
2026/05/13 05:53:51 - mmengine - INFO - Iter(train) [14800/80000]  lr: 1.7221e-05  eta: 5:25:16  time: 0.2979  data_time: 0.0079  memory: 15828  grad_norm: 2.0468  loss: 0.7364  decode.loss_ce: 0.5257  decode.acc_seg: 81.0618  aux.loss_ce: 0.2107  aux.acc_seg: 80.2649
2026/05/13 05:54:51 - mmengine - INFO - Exp name: new_weijie_whu_1xb4_80k_6e-4_dp10_ld90_20260513_043627
2026/05/13 05:54:51 - mmengine - INFO - Iter(train) [15000/80000]  lr: 1.7169e-05  eta: 5:24:15  time: 0.2978  data_time: 0.0081  memory: 15828  grad_norm: 1.8727  loss: 0.8277  decode.loss_ce: 0.5875  decode.acc_seg: 89.7359  aux.loss_ce: 0.2402  aux.acc_seg: 89.4831
2026/05/13 05:55:50 - mmengine - INFO - Iter(train) [15200/80000]  lr: 1.7116e-05  eta: 5:23:14  time: 0.2999  data_time: 0.0090  memory: 15828  grad_norm: 1.8638  loss: 0.8264  decode.loss_ce: 0.5878  decode.acc_seg: 75.0557  aux.loss_ce: 0.2386  aux.acc_seg: 74.6412
2026/05/13 05:56:50 - mmengine - INFO - Iter(train) [15400/80000]  lr: 1.7063e-05  eta: 5:22:14  time: 0.2986  data_time: 0.0084  memory: 15828  grad_norm: 3.7221  loss: 0.8916  decode.loss_ce: 0.6327  decode.acc_seg: 80.2796  aux.loss_ce: 0.2589  aux.acc_seg: 79.9732
2026/05/13 05:57:50 - mmengine - INFO - Iter(train) [15600/80000]  lr: 1.7010e-05  eta: 5:21:13  time: 0.2992  data_time: 0.0089  memory: 15828  grad_norm: 2.3266  loss: 0.7540  decode.loss_ce: 0.5356  decode.acc_seg: 76.3072  aux.loss_ce: 0.2184  aux.acc_seg: 76.1358
2026/05/13 05:58:50 - mmengine - INFO - Iter(train) [15800/80000]  lr: 1.6957e-05  eta: 5:20:13  time: 0.2983  data_time: 0.0083  memory: 15828  grad_norm: 2.6574  loss: 0.7878  decode.loss_ce: 0.5558  decode.acc_seg: 70.9577  aux.loss_ce: 0.2320  aux.acc_seg: 69.6528
2026/05/13 05:59:49 - mmengine - INFO - Exp name: new_weijie_whu_1xb4_80k_6e-4_dp10_ld90_20260513_043627
2026/05/13 05:59:49 - mmengine - INFO - Iter(train) [16000/80000]  lr: 1.6905e-05  eta: 5:19:12  time: 0.2987  data_time: 0.0085  memory: 15828  grad_norm: 3.5316  loss: 0.9730  decode.loss_ce: 0.6911  decode.acc_seg: 72.1119  aux.loss_ce: 0.2819  aux.acc_seg: 70.8481
2026/05/13 05:59:49 - mmengine - INFO - Saving checkpoint at 16000 iterations
2026/05/13 06:00:02 - mmengine - INFO - Iter(val) [ 200/1400]    eta: 0:00:56  time: 0.0462  data_time: 0.0018  memory: 2442  
2026/05/13 06:00:12 - mmengine - INFO - Iter(val) [ 400/1400]    eta: 0:00:46  time: 0.0472  data_time: 0.0019  memory: 2442  
2026/05/13 06:00:21 - mmengine - INFO - Iter(val) [ 600/1400]    eta: 0:00:37  time: 0.0468  data_time: 0.0020  memory: 2442  
2026/05/13 06:00:30 - mmengine - INFO - Iter(val) [ 800/1400]    eta: 0:00:28  time: 0.0461  data_time: 0.0018  memory: 2442  
2026/05/13 06:00:40 - mmengine - INFO - Iter(val) [1000/1400]    eta: 0:00:18  time: 0.0465  data_time: 0.0019  memory: 2442  
2026/05/13 06:00:49 - mmengine - INFO - Iter(val) [1200/1400]    eta: 0:00:09  time: 0.0466  data_time: 0.0020  memory: 2442  
2026/05/13 06:00:58 - mmengine - INFO - Iter(val) [1400/1400]    eta: 0:00:00  time: 0.0464  data_time: 0.0017  memory: 2442  
2026/05/13 06:00:58 - mmengine - INFO - per class results:
2026/05/13 06:00:58 - mmengine - INFO - 
+----------+-------+-------+--------+-----------+--------+
|  Class   |  IoU  |  Acc  | Fscore | Precision | Recall |
+----------+-------+-------+--------+-----------+--------+
| farmland | 60.15 | 76.56 | 75.12  |   73.73   | 76.56  |
|   city   | 56.18 | 72.01 | 71.94  |   71.88   | 72.01  |
| village  | 33.58 | 53.39 | 50.28  |   47.51   | 53.39  |
|  water   | 54.35 | 62.52 | 70.42  |   80.62   | 62.52  |
|  forest  | 80.15 | 90.72 | 88.98  |   87.32   | 90.72  |
|   road   |  19.8 | 27.46 | 33.05  |   41.49   | 27.46  |
|  other   | 10.76 | 11.98 | 19.43  |   51.29   | 11.98  |
+----------+-------+-------+--------+-----------+--------+
2026/05/13 06:00:58 - mmengine - INFO - Iter(val) [1400/1400]  aAcc: 79.1200  mIoU: 45.0000  mAcc: 56.3800  mFscore: 58.4600  mPrecision: 64.8300  mRecall: 56.3800  Kappa: 36.7400  data_time: 0.0017  time: 0.0464
2026/05/13 06:00:58 - mmengine - INFO - The previous best checkpoint /root/det/work_dirs/weijie_whu_1xb4_80k_6e-4/best_aAcc_iter_12000.pth is removed
2026/05/13 06:01:00 - mmengine - INFO - The best checkpoint with 79.1200 aAcc at 16000 iter is saved to best_aAcc_iter_16000.pth.
2026/05/13 06:02:00 - mmengine - INFO - Iter(train) [16200/80000]  lr: 1.6852e-05  eta: 5:18:18  time: 0.2989  data_time: 0.0084  memory: 15828  grad_norm: 1.9972  loss: 0.7112  decode.loss_ce: 0.5023  decode.acc_seg: 61.3598  aux.loss_ce: 0.2089  aux.acc_seg: 60.9777
2026/05/13 06:02:59 - mmengine - INFO - Iter(train) [16400/80000]  lr: 1.6799e-05  eta: 5:17:17  time: 0.2988  data_time: 0.0085  memory: 15828  grad_norm: 2.9012  loss: 0.7836  decode.loss_ce: 0.5587  decode.acc_seg: 88.4409  aux.loss_ce: 0.2249  aux.acc_seg: 87.7456
2026/05/13 06:03:59 - mmengine - INFO - Iter(train) [16600/80000]  lr: 1.6746e-05  eta: 5:16:17  time: 0.2990  data_time: 0.0086  memory: 15828  grad_norm: 2.3967  loss: 0.7782  decode.loss_ce: 0.5496  decode.acc_seg: 79.6631  aux.loss_ce: 0.2286  aux.acc_seg: 79.1037
2026/05/13 06:04:59 - mmengine - INFO - Iter(train) [16800/80000]  lr: 1.6693e-05  eta: 5:15:18  time: 0.2983  data_time: 0.0084  memory: 15828  grad_norm: 2.2771  loss: 0.7683  decode.loss_ce: 0.5431  decode.acc_seg: 79.6501  aux.loss_ce: 0.2253  aux.acc_seg: 79.6801
2026/05/13 06:05:59 - mmengine - INFO - Exp name: new_weijie_whu_1xb4_80k_6e-4_dp10_ld90_20260513_043627
2026/05/13 06:05:59 - mmengine - INFO - Iter(train) [17000/80000]  lr: 1.6640e-05  eta: 5:14:17  time: 0.2991  data_time: 0.0088  memory: 15828  grad_norm: 2.7311  loss: 0.7698  decode.loss_ce: 0.5463  decode.acc_seg: 71.9640  aux.loss_ce: 0.2235  aux.acc_seg: 71.1504
2026/05/13 06:06:59 - mmengine - INFO - Iter(train) [17200/80000]  lr: 1.6588e-05  eta: 5:13:17  time: 0.2983  data_time: 0.0082  memory: 15828  grad_norm: 3.0814  loss: 0.8557  decode.loss_ce: 0.6046  decode.acc_seg: 71.9266  aux.loss_ce: 0.2511  aux.acc_seg: 71.0070
2026/05/13 06:07:58 - mmengine - INFO - Iter(train) [17400/80000]  lr: 1.6535e-05  eta: 5:12:17  time: 0.2983  data_time: 0.0083  memory: 15828  grad_norm: 3.7429  loss: 0.7853  decode.loss_ce: 0.5593  decode.acc_seg: 71.2678  aux.loss_ce: 0.2260  aux.acc_seg: 71.6320
2026/05/13 06:08:58 - mmengine - INFO - Iter(train) [17600/80000]  lr: 1.6482e-05  eta: 5:11:17  time: 0.2984  data_time: 0.0084  memory: 15828  grad_norm: 2.2405  loss: 0.8323  decode.loss_ce: 0.5911  decode.acc_seg: 74.9634  aux.loss_ce: 0.2411  aux.acc_seg: 73.8383
2026/05/13 06:09:58 - mmengine - INFO - Iter(train) [17800/80000]  lr: 1.6429e-05  eta: 5:10:17  time: 0.2997  data_time: 0.0086  memory: 15828  grad_norm: 2.3370  loss: 0.8343  decode.loss_ce: 0.5899  decode.acc_seg: 77.9676  aux.loss_ce: 0.2443  aux.acc_seg: 77.5023
2026/05/13 06:10:58 - mmengine - INFO - Exp name: new_weijie_whu_1xb4_80k_6e-4_dp10_ld90_20260513_043627
2026/05/13 06:10:58 - mmengine - INFO - Iter(train) [18000/80000]  lr: 1.6376e-05  eta: 5:09:19  time: 0.3021  data_time: 0.0094  memory: 15828  grad_norm: 2.8297  loss: 0.7526  decode.loss_ce: 0.5340  decode.acc_seg: 77.2499  aux.loss_ce: 0.2186  aux.acc_seg: 76.0772
2026/05/13 06:11:58 - mmengine - INFO - Iter(train) [18200/80000]  lr: 1.6323e-05  eta: 5:08:19  time: 0.2983  data_time: 0.0083  memory: 15828  grad_norm: 1.8642  loss: 0.7269  decode.loss_ce: 0.5162  decode.acc_seg: 78.3800  aux.loss_ce: 0.2107  aux.acc_seg: 77.1411
2026/05/13 06:12:58 - mmengine - INFO - Iter(train) [18400/80000]  lr: 1.6271e-05  eta: 5:07:19  time: 0.2985  data_time: 0.0085  memory: 15828  grad_norm: 2.1002  loss: 0.6741  decode.loss_ce: 0.4768  decode.acc_seg: 74.6433  aux.loss_ce: 0.1973  aux.acc_seg: 74.7240
2026/05/13 06:13:58 - mmengine - INFO - Iter(train) [18600/80000]  lr: 1.6218e-05  eta: 5:06:19  time: 0.2986  data_time: 0.0083  memory: 15828  grad_norm: 2.4226  loss: 0.9533  decode.loss_ce: 0.6786  decode.acc_seg: 72.4194  aux.loss_ce: 0.2747  aux.acc_seg: 71.7766
2026/05/13 06:14:58 - mmengine - INFO - Iter(train) [18800/80000]  lr: 1.6165e-05  eta: 5:05:19  time: 0.2989  data_time: 0.0085  memory: 15828  grad_norm: 2.4120  loss: 0.6190  decode.loss_ce: 0.4382  decode.acc_seg: 88.1842  aux.loss_ce: 0.1808  aux.acc_seg: 87.6074
2026/05/13 06:15:58 - mmengine - INFO - Exp name: new_weijie_whu_1xb4_80k_6e-4_dp10_ld90_20260513_043627
2026/05/13 06:15:58 - mmengine - INFO - Iter(train) [19000/80000]  lr: 1.6112e-05  eta: 5:04:19  time: 0.2980  data_time: 0.0082  memory: 15828  grad_norm: 2.3763  loss: 0.6945  decode.loss_ce: 0.4919  decode.acc_seg: 86.2370  aux.loss_ce: 0.2027  aux.acc_seg: 86.3135
2026/05/13 06:16:57 - mmengine - INFO - Iter(train) [19200/80000]  lr: 1.6059e-05  eta: 5:03:19  time: 0.2993  data_time: 0.0086  memory: 15828  grad_norm: 1.4188  loss: 0.6586  decode.loss_ce: 0.4677  decode.acc_seg: 78.9203  aux.loss_ce: 0.1909  aux.acc_seg: 78.4613
2026/05/13 06:17:57 - mmengine - INFO - Iter(train) [19400/80000]  lr: 1.6006e-05  eta: 5:02:19  time: 0.2985  data_time: 0.0083  memory: 15828  grad_norm: 1.9415  loss: 0.7411  decode.loss_ce: 0.5253  decode.acc_seg: 71.5455  aux.loss_ce: 0.2159  aux.acc_seg: 71.8756
2026/05/13 06:18:57 - mmengine - INFO - Iter(train) [19600/80000]  lr: 1.5954e-05  eta: 5:01:19  time: 0.2974  data_time: 0.0077  memory: 15828  grad_norm: 3.0758  loss: 0.8696  decode.loss_ce: 0.6136  decode.acc_seg: 86.0219  aux.loss_ce: 0.2560  aux.acc_seg: 86.1191
2026/05/13 06:19:57 - mmengine - INFO - Iter(train) [19800/80000]  lr: 1.5901e-05  eta: 5:00:19  time: 0.3001  data_time: 0.0091  memory: 15828  grad_norm: 3.3030  loss: 0.9436  decode.loss_ce: 0.6667  decode.acc_seg: 80.1416  aux.loss_ce: 0.2768  aux.acc_seg: 79.6844
2026/05/13 06:20:56 - mmengine - INFO - Exp name: new_weijie_whu_1xb4_80k_6e-4_dp10_ld90_20260513_043627
2026/05/13 06:20:56 - mmengine - INFO - Iter(train) [20000/80000]  lr: 1.5848e-05  eta: 4:59:18  time: 0.2984  data_time: 0.0084  memory: 15828  grad_norm: 2.5272  loss: 0.7807  decode.loss_ce: 0.5547  decode.acc_seg: 71.0327  aux.loss_ce: 0.2260  aux.acc_seg: 71.0757
2026/05/13 06:20:56 - mmengine - INFO - Saving checkpoint at 20000 iterations
2026/05/13 06:21:10 - mmengine - INFO - Iter(val) [ 200/1400]    eta: 0:00:57  time: 0.0460  data_time: 0.0018  memory: 2442  
2026/05/13 06:21:19 - mmengine - INFO - Iter(val) [ 400/1400]    eta: 0:00:46  time: 0.0470  data_time: 0.0018  memory: 2442  
2026/05/13 06:21:28 - mmengine - INFO - Iter(val) [ 600/1400]    eta: 0:00:37  time: 0.0463  data_time: 0.0018  memory: 2442  
2026/05/13 06:21:37 - mmengine - INFO - Iter(val) [ 800/1400]    eta: 0:00:28  time: 0.0463  data_time: 0.0020  memory: 2442  
2026/05/13 06:21:47 - mmengine - INFO - Iter(val) [1000/1400]    eta: 0:00:18  time: 0.0478  data_time: 0.0023  memory: 2442  
2026/05/13 06:21:56 - mmengine - INFO - Iter(val) [1200/1400]    eta: 0:00:09  time: 0.0468  data_time: 0.0019  memory: 2442  
2026/05/13 06:22:06 - mmengine - INFO - Iter(val) [1400/1400]    eta: 0:00:00  time: 0.0460  data_time: 0.0018  memory: 2442  
2026/05/13 06:22:06 - mmengine - INFO - per class results:
2026/05/13 06:22:06 - mmengine - INFO - 
+----------+-------+-------+--------+-----------+--------+
|  Class   |  IoU  |  Acc  | Fscore | Precision | Recall |
+----------+-------+-------+--------+-----------+--------+
| farmland | 60.22 |  73.7 | 75.17  |   76.69   |  73.7  |
|   city   | 55.96 | 78.84 | 71.76  |   65.86   | 78.84  |
| village  | 33.12 | 47.62 | 49.76  |   52.09   | 47.62  |
|  water   | 55.78 |  65.4 | 71.61  |   79.13   |  65.4  |
|  forest  | 80.23 | 93.07 | 89.03  |   85.33   | 93.07  |
|   road   |  19.2 | 25.09 | 32.21  |   44.96   | 25.09  |
|  other   | 12.69 |  14.9 | 22.52  |   46.17   |  14.9  |
+----------+-------+-------+--------+-----------+--------+
2026/05/13 06:22:06 - mmengine - INFO - Iter(val) [1400/1400]  aAcc: 79.5300  mIoU: 45.3100  mAcc: 56.9500  mFscore: 58.8700  mPrecision: 64.3200  mRecall: 56.9500  Kappa: 35.3000  data_time: 0.0018  time: 0.0460
2026/05/13 06:22:06 - mmengine - INFO - The previous best checkpoint /root/det/work_dirs/weijie_whu_1xb4_80k_6e-4/best_aAcc_iter_16000.pth is removed
2026/05/13 06:22:07 - mmengine - INFO - The best checkpoint with 79.5300 aAcc at 20000 iter is saved to best_aAcc_iter_20000.pth.
2026/05/13 06:23:07 - mmengine - INFO - Iter(train) [20200/80000]  lr: 1.5795e-05  eta: 4:58:23  time: 0.3046  data_time: 0.0083  memory: 15828  grad_norm: 1.8545  loss: 0.7861  decode.loss_ce: 0.5539  decode.acc_seg: 90.4773  aux.loss_ce: 0.2321  aux.acc_seg: 90.1934
2026/05/13 06:24:07 - mmengine - INFO - Iter(train) [20400/80000]  lr: 1.5742e-05  eta: 4:57:22  time: 0.2991  data_time: 0.0087  memory: 15828  grad_norm: 1.9700  loss: 0.8255  decode.loss_ce: 0.5847  decode.acc_seg: 66.2851  aux.loss_ce: 0.2408  aux.acc_seg: 65.2020
2026/05/13 06:25:07 - mmengine - INFO - Iter(train) [20600/80000]  lr: 1.5689e-05  eta: 4:56:23  time: 0.2983  data_time: 0.0083  memory: 15828  grad_norm: 1.5513  loss: 0.6080  decode.loss_ce: 0.4306  decode.acc_seg: 82.3048  aux.loss_ce: 0.1774  aux.acc_seg: 81.6309
2026/05/13 06:26:06 - mmengine - INFO - Iter(train) [20800/80000]  lr: 1.5637e-05  eta: 4:55:22  time: 0.2979  data_time: 0.0081  memory: 15828  grad_norm: 2.2814  loss: 0.7768  decode.loss_ce: 0.5486  decode.acc_seg: 80.5387  aux.loss_ce: 0.2282  aux.acc_seg: 79.4919
2026/05/13 06:27:06 - mmengine - INFO - Exp name: new_weijie_whu_1xb4_80k_6e-4_dp10_ld90_20260513_043627
2026/05/13 06:27:06 - mmengine - INFO - Iter(train) [21000/80000]  lr: 1.5584e-05  eta: 4:54:22  time: 0.2986  data_time: 0.0085  memory: 15828  grad_norm: 3.0938  loss: 0.7977  decode.loss_ce: 0.5611  decode.acc_seg: 74.9368  aux.loss_ce: 0.2367  aux.acc_seg: 74.7361
2026/05/13 06:28:06 - mmengine - INFO - Iter(train) [21200/80000]  lr: 1.5531e-05  eta: 4:53:22  time: 0.2977  data_time: 0.0079  memory: 15828  grad_norm: 2.4135  loss: 0.8033  decode.loss_ce: 0.5692  decode.acc_seg: 68.8338  aux.loss_ce: 0.2341  aux.acc_seg: 67.5501
2026/05/13 06:29:06 - mmengine - INFO - Iter(train) [21400/80000]  lr: 1.5478e-05  eta: 4:52:22  time: 0.2985  data_time: 0.0085  memory: 15828  grad_norm: 2.1242  loss: 0.6123  decode.loss_ce: 0.4336  decode.acc_seg: 78.8552  aux.loss_ce: 0.1787  aux.acc_seg: 78.6192
2026/05/13 06:30:05 - mmengine - INFO - Iter(train) [21600/80000]  lr: 1.5425e-05  eta: 4:51:21  time: 0.2985  data_time: 0.0084  memory: 15828  grad_norm: 1.8936  loss: 0.7404  decode.loss_ce: 0.5228  decode.acc_seg: 74.4640  aux.loss_ce: 0.2176  aux.acc_seg: 73.7991
2026/05/13 06:31:05 - mmengine - INFO - Iter(train) [21800/80000]  lr: 1.5373e-05  eta: 4:50:20  time: 0.2971  data_time: 0.0078  memory: 15828  grad_norm: 2.1601  loss: 0.7638  decode.loss_ce: 0.5403  decode.acc_seg: 76.3051  aux.loss_ce: 0.2235  aux.acc_seg: 76.5823
2026/05/13 06:32:04 - mmengine - INFO - Exp name: new_weijie_whu_1xb4_80k_6e-4_dp10_ld90_20260513_043627
2026/05/13 06:32:04 - mmengine - INFO - Iter(train) [22000/80000]  lr: 1.5320e-05  eta: 4:49:20  time: 0.2986  data_time: 0.0085  memory: 15828  grad_norm: 2.2491  loss: 0.7987  decode.loss_ce: 0.5653  decode.acc_seg: 69.9136  aux.loss_ce: 0.2333  aux.acc_seg: 69.3630
2026/05/13 06:33:04 - mmengine - INFO - Iter(train) [22200/80000]  lr: 1.5267e-05  eta: 4:48:19  time: 0.2979  data_time: 0.0082  memory: 15828  grad_norm: 1.5543  loss: 0.7860  decode.loss_ce: 0.5563  decode.acc_seg: 71.4518  aux.loss_ce: 0.2297  aux.acc_seg: 70.8614
2026/05/13 06:34:04 - mmengine - INFO - Iter(train) [22400/80000]  lr: 1.5214e-05  eta: 4:47:19  time: 0.2984  data_time: 0.0086  memory: 15828  grad_norm: 2.3401  loss: 0.7051  decode.loss_ce: 0.5038  decode.acc_seg: 78.6344  aux.loss_ce: 0.2012  aux.acc_seg: 77.7355
2026/05/13 06:35:03 - mmengine - INFO - Iter(train) [22600/80000]  lr: 1.5161e-05  eta: 4:46:19  time: 0.2982  data_time: 0.0080  memory: 15828  grad_norm: 2.5762  loss: 0.7882  decode.loss_ce: 0.5579  decode.acc_seg: 68.3859  aux.loss_ce: 0.2303  aux.acc_seg: 67.7461
2026/05/13 06:36:03 - mmengine - INFO - Iter(train) [22800/80000]  lr: 1.5108e-05  eta: 4:45:18  time: 0.2979  data_time: 0.0082  memory: 15828  grad_norm: 2.1311  loss: 0.5210  decode.loss_ce: 0.3697  decode.acc_seg: 94.4622  aux.loss_ce: 0.1514  aux.acc_seg: 94.0993
2026/05/13 06:37:03 - mmengine - INFO - Exp name: new_weijie_whu_1xb4_80k_6e-4_dp10_ld90_20260513_043627
2026/05/13 06:37:03 - mmengine - INFO - Iter(train) [23000/80000]  lr: 1.5056e-05  eta: 4:44:18  time: 0.2974  data_time: 0.0079  memory: 15828  grad_norm: 5.3785  loss: 0.7185  decode.loss_ce: 0.5038  decode.acc_seg: 83.3621  aux.loss_ce: 0.2148  aux.acc_seg: 83.1527
2026/05/13 06:38:02 - mmengine - INFO - Iter(train) [23200/80000]  lr: 1.5003e-05  eta: 4:43:17  time: 0.2982  data_time: 0.0083  memory: 15828  grad_norm: 2.3656  loss: 0.7838  decode.loss_ce: 0.5589  decode.acc_seg: 83.7114  aux.loss_ce: 0.2249  aux.acc_seg: 83.4299
2026/05/13 06:39:02 - mmengine - INFO - Iter(train) [23400/80000]  lr: 1.4950e-05  eta: 4:42:17  time: 0.2998  data_time: 0.0087  memory: 15828  grad_norm: 1.2555  loss: 0.7038  decode.loss_ce: 0.4981  decode.acc_seg: 77.5281  aux.loss_ce: 0.2057  aux.acc_seg: 76.8902
2026/05/13 06:40:02 - mmengine - INFO - Iter(train) [23600/80000]  lr: 1.4897e-05  eta: 4:41:17  time: 0.2980  data_time: 0.0082  memory: 15828  grad_norm: 2.5517  loss: 0.8338  decode.loss_ce: 0.5876  decode.acc_seg: 83.4279  aux.loss_ce: 0.2461  aux.acc_seg: 83.2699
2026/05/13 06:41:01 - mmengine - INFO - Iter(train) [23800/80000]  lr: 1.4844e-05  eta: 4:40:17  time: 0.2981  data_time: 0.0082  memory: 15828  grad_norm: 2.4749  loss: 0.7398  decode.loss_ce: 0.5246  decode.acc_seg: 87.3210  aux.loss_ce: 0.2152  aux.acc_seg: 87.3298
2026/05/13 06:42:01 - mmengine - INFO - Exp name: new_weijie_whu_1xb4_80k_6e-4_dp10_ld90_20260513_043627
2026/05/13 06:42:01 - mmengine - INFO - Iter(train) [24000/80000]  lr: 1.4791e-05  eta: 4:39:17  time: 0.3070  data_time: 0.0117  memory: 15828  grad_norm: 2.3807  loss: 0.8069  decode.loss_ce: 0.5698  decode.acc_seg: 72.9177  aux.loss_ce: 0.2371  aux.acc_seg: 72.9290
2026/05/13 06:42:01 - mmengine - INFO - Saving checkpoint at 24000 iterations
2026/05/13 06:42:14 - mmengine - INFO - Iter(val) [ 200/1400]    eta: 0:00:55  time: 0.0459  data_time: 0.0019  memory: 2442  
2026/05/13 06:42:23 - mmengine - INFO - Iter(val) [ 400/1400]    eta: 0:00:46  time: 0.0472  data_time: 0.0018  memory: 2442  
2026/05/13 06:42:33 - mmengine - INFO - Iter(val) [ 600/1400]    eta: 0:00:37  time: 0.0465  data_time: 0.0019  memory: 2442  
2026/05/13 06:42:42 - mmengine - INFO - Iter(val) [ 800/1400]    eta: 0:00:27  time: 0.0459  data_time: 0.0018  memory: 2442  
2026/05/13 06:42:51 - mmengine - INFO - Iter(val) [1000/1400]    eta: 0:00:18  time: 0.0459  data_time: 0.0018  memory: 2442  
2026/05/13 06:43:00 - mmengine - INFO - Iter(val) [1200/1400]    eta: 0:00:09  time: 0.0467  data_time: 0.0019  memory: 2442  
2026/05/13 06:43:10 - mmengine - INFO - Iter(val) [1400/1400]    eta: 0:00:00  time: 0.0462  data_time: 0.0017  memory: 2442  
2026/05/13 06:43:10 - mmengine - INFO - per class results:
2026/05/13 06:43:10 - mmengine - INFO - 
+----------+-------+-------+--------+-----------+--------+
|  Class   |  IoU  |  Acc  | Fscore | Precision | Recall |
+----------+-------+-------+--------+-----------+--------+
| farmland | 58.15 | 69.18 | 73.54  |   78.49   | 69.18  |
|   city   |  55.1 | 74.69 | 71.05  |   67.75   | 74.69  |
| village  |  33.4 | 56.61 | 50.07  |   44.89   | 56.61  |
|  water   | 55.54 | 71.02 | 71.42  |   71.83   | 71.02  |
|  forest  | 80.04 | 92.33 | 88.92  |   85.74   | 92.33  |
|   road   | 21.85 | 30.29 | 35.86  |   43.95   | 30.29  |
|  other   | 11.78 | 13.61 | 21.08  |   46.65   | 13.61  |
+----------+-------+-------+--------+-----------+--------+
2026/05/13 06:43:10 - mmengine - INFO - Iter(val) [1400/1400]  aAcc: 78.6500  mIoU: 45.1200  mAcc: 58.2500  mFscore: 58.8500  mPrecision: 62.7600  mRecall: 58.2500  Kappa: 35.2100  data_time: 0.0017  time: 0.0462
2026/05/13 06:44:10 - mmengine - INFO - Iter(train) [24200/80000]  lr: 1.4739e-05  eta: 4:38:17  time: 0.2980  data_time: 0.0083  memory: 15828  grad_norm: 1.9038  loss: 0.7379  decode.loss_ce: 0.5218  decode.acc_seg: 87.8884  aux.loss_ce: 0.2161  aux.acc_seg: 87.3993
2026/05/13 06:45:09 - mmengine - INFO - Iter(train) [24400/80000]  lr: 1.4686e-05  eta: 4:37:16  time: 0.2969  data_time: 0.0077  memory: 15828  grad_norm: 1.6934  loss: 0.7078  decode.loss_ce: 0.5027  decode.acc_seg: 73.2409  aux.loss_ce: 0.2050  aux.acc_seg: 74.7258
2026/05/13 06:46:09 - mmengine - INFO - Iter(train) [24600/80000]  lr: 1.4633e-05  eta: 4:36:16  time: 0.2989  data_time: 0.0087  memory: 15828  grad_norm: 1.5602  loss: 0.7427  decode.loss_ce: 0.5261  decode.acc_seg: 81.6834  aux.loss_ce: 0.2166  aux.acc_seg: 81.3050
2026/05/13 06:47:09 - mmengine - INFO - Iter(train) [24800/80000]  lr: 1.4580e-05  eta: 4:35:16  time: 0.2978  data_time: 0.0081  memory: 15828  grad_norm: 1.9716  loss: 0.7862  decode.loss_ce: 0.5526  decode.acc_seg: 78.4516  aux.loss_ce: 0.2336  aux.acc_seg: 77.9706
2026/05/13 06:48:08 - mmengine - INFO - Exp name: new_weijie_whu_1xb4_80k_6e-4_dp10_ld90_20260513_043627
2026/05/13 06:48:08 - mmengine - INFO - Iter(train) [25000/80000]  lr: 1.4527e-05  eta: 4:34:16  time: 0.2977  data_time: 0.0080  memory: 15828  grad_norm: 3.4095  loss: 0.6799  decode.loss_ce: 0.4761  decode.acc_seg: 79.8366  aux.loss_ce: 0.2038  aux.acc_seg: 79.6695
2026/05/13 06:49:08 - mmengine - INFO - Iter(train) [25200/80000]  lr: 1.4474e-05  eta: 4:33:16  time: 0.2986  data_time: 0.0084  memory: 15828  grad_norm: 3.3638  loss: 0.8007  decode.loss_ce: 0.5653  decode.acc_seg: 80.5811  aux.loss_ce: 0.2353  aux.acc_seg: 80.3763
2026/05/13 06:50:08 - mmengine - INFO - Iter(train) [25400/80000]  lr: 1.4422e-05  eta: 4:32:16  time: 0.2983  data_time: 0.0084  memory: 15828  grad_norm: 1.7612  loss: 0.7196  decode.loss_ce: 0.5081  decode.acc_seg: 85.8093  aux.loss_ce: 0.2116  aux.acc_seg: 85.6093
2026/05/13 06:51:07 - mmengine - INFO - Iter(train) [25600/80000]  lr: 1.4369e-05  eta: 4:31:16  time: 0.2973  data_time: 0.0077  memory: 15828  grad_norm: 2.4031  loss: 0.7910  decode.loss_ce: 0.5579  decode.acc_seg: 76.5733  aux.loss_ce: 0.2331  aux.acc_seg: 75.9377
2026/05/13 06:52:07 - mmengine - INFO - Iter(train) [25800/80000]  lr: 1.4316e-05  eta: 4:30:15  time: 0.2979  data_time: 0.0082  memory: 15828  grad_norm: 1.7798  loss: 0.6600  decode.loss_ce: 0.4665  decode.acc_seg: 78.4654  aux.loss_ce: 0.1936  aux.acc_seg: 78.9676
2026/05/13 06:53:07 - mmengine - INFO - Exp name: new_weijie_whu_1xb4_80k_6e-4_dp10_ld90_20260513_043627
2026/05/13 06:53:07 - mmengine - INFO - Iter(train) [26000/80000]  lr: 1.4263e-05  eta: 4:29:15  time: 0.2990  data_time: 0.0087  memory: 15828  grad_norm: 1.6851  loss: 0.6306  decode.loss_ce: 0.4461  decode.acc_seg: 83.2297  aux.loss_ce: 0.1845  aux.acc_seg: 82.7396
2026/05/13 06:54:06 - mmengine - INFO - Iter(train) [26200/80000]  lr: 1.4210e-05  eta: 4:28:15  time: 0.2976  data_time: 0.0080  memory: 15828  grad_norm: 1.7798  loss: 0.7953  decode.loss_ce: 0.5644  decode.acc_seg: 77.8974  aux.loss_ce: 0.2309  aux.acc_seg: 77.3782
2026/05/13 06:55:06 - mmengine - INFO - Iter(train) [26400/80000]  lr: 1.4158e-05  eta: 4:27:15  time: 0.2992  data_time: 0.0087  memory: 15828  grad_norm: 1.9783  loss: 0.7662  decode.loss_ce: 0.5413  decode.acc_seg: 67.8437  aux.loss_ce: 0.2249  aux.acc_seg: 66.9746
2026/05/13 06:56:06 - mmengine - INFO - Iter(train) [26600/80000]  lr: 1.4105e-05  eta: 4:26:15  time: 0.2982  data_time: 0.0084  memory: 15828  grad_norm: 2.8616  loss: 0.6864  decode.loss_ce: 0.4866  decode.acc_seg: 86.7468  aux.loss_ce: 0.1998  aux.acc_seg: 86.7647
2026/05/13 06:57:06 - mmengine - INFO - Iter(train) [26800/80000]  lr: 1.4052e-05  eta: 4:25:15  time: 0.2983  data_time: 0.0083  memory: 15828  grad_norm: 1.5944  loss: 0.6729  decode.loss_ce: 0.4759  decode.acc_seg: 85.5511  aux.loss_ce: 0.1970  aux.acc_seg: 84.8458
2026/05/13 06:58:05 - mmengine - INFO - Exp name: new_weijie_whu_1xb4_80k_6e-4_dp10_ld90_20260513_043627
2026/05/13 06:58:05 - mmengine - INFO - Iter(train) [27000/80000]  lr: 1.3999e-05  eta: 4:24:15  time: 0.2995  data_time: 0.0089  memory: 15828  grad_norm: 2.5714  loss: 0.8935  decode.loss_ce: 0.6263  decode.acc_seg: 77.4023  aux.loss_ce: 0.2672  aux.acc_seg: 76.4294
2026/05/13 06:59:05 - mmengine - INFO - Iter(train) [27200/80000]  lr: 1.3946e-05  eta: 4:23:15  time: 0.2982  data_time: 0.0083  memory: 15828  grad_norm: 1.8693  loss: 0.6385  decode.loss_ce: 0.4519  decode.acc_seg: 81.6323  aux.loss_ce: 0.1866  aux.acc_seg: 81.2235
2026/05/13 07:00:05 - mmengine - INFO - Iter(train) [27400/80000]  lr: 1.3893e-05  eta: 4:22:15  time: 0.2989  data_time: 0.0086  memory: 15828  grad_norm: 2.2545  loss: 0.6917  decode.loss_ce: 0.4893  decode.acc_seg: 82.1080  aux.loss_ce: 0.2024  aux.acc_seg: 81.2723
2026/05/13 07:01:04 - mmengine - INFO - Iter(train) [27600/80000]  lr: 1.3841e-05  eta: 4:21:15  time: 0.2983  data_time: 0.0083  memory: 15828  grad_norm: 1.9078  loss: 0.7088  decode.loss_ce: 0.4970  decode.acc_seg: 79.6047  aux.loss_ce: 0.2118  aux.acc_seg: 78.8826
2026/05/13 07:02:04 - mmengine - INFO - Iter(train) [27800/80000]  lr: 1.3788e-05  eta: 4:20:15  time: 0.2987  data_time: 0.0086  memory: 15828  grad_norm: 2.3468  loss: 0.8074  decode.loss_ce: 0.5661  decode.acc_seg: 73.2938  aux.loss_ce: 0.2412  aux.acc_seg: 72.1708
2026/05/13 07:03:04 - mmengine - INFO - Exp name: new_weijie_whu_1xb4_80k_6e-4_dp10_ld90_20260513_043627
2026/05/13 07:03:04 - mmengine - INFO - Iter(train) [28000/80000]  lr: 1.3735e-05  eta: 4:19:15  time: 0.2988  data_time: 0.0084  memory: 15828  grad_norm: 2.5757  loss: 0.7844  decode.loss_ce: 0.5554  decode.acc_seg: 81.3017  aux.loss_ce: 0.2291  aux.acc_seg: 81.6485
2026/05/13 07:03:04 - mmengine - INFO - Saving checkpoint at 28000 iterations
2026/05/13 07:03:17 - mmengine - INFO - Iter(val) [ 200/1400]    eta: 0:00:55  time: 0.0462  data_time: 0.0019  memory: 2442  
2026/05/13 07:03:26 - mmengine - INFO - Iter(val) [ 400/1400]    eta: 0:00:46  time: 0.0471  data_time: 0.0019  memory: 2442  
2026/05/13 07:03:36 - mmengine - INFO - Iter(val) [ 600/1400]    eta: 0:00:37  time: 0.0464  data_time: 0.0018  memory: 2442  
2026/05/13 07:03:45 - mmengine - INFO - Iter(val) [ 800/1400]    eta: 0:00:27  time: 0.0464  data_time: 0.0020  memory: 2442  
2026/05/13 07:03:54 - mmengine - INFO - Iter(val) [1000/1400]    eta: 0:00:18  time: 0.0465  data_time: 0.0019  memory: 2442  
2026/05/13 07:04:03 - mmengine - INFO - Iter(val) [1200/1400]    eta: 0:00:09  time: 0.0466  data_time: 0.0019  memory: 2442  
2026/05/13 07:04:13 - mmengine - INFO - Iter(val) [1400/1400]    eta: 0:00:00  time: 0.0464  data_time: 0.0019  memory: 2442  
2026/05/13 07:04:13 - mmengine - INFO - per class results:
2026/05/13 07:04:13 - mmengine - INFO - 
+----------+-------+-------+--------+-----------+--------+
|  Class   |  IoU  |  Acc  | Fscore | Precision | Recall |
+----------+-------+-------+--------+-----------+--------+
| farmland | 59.86 |  74.7 | 74.89  |   75.08   |  74.7  |
|   city   | 54.64 | 78.76 | 70.67  |   64.09   | 78.76  |
| village  | 32.57 | 57.78 | 49.14  |   42.75   | 57.78  |
|  water   | 52.31 | 58.71 | 68.69  |   82.77   | 58.71  |
|  forest  | 80.28 | 90.97 | 89.06  |   87.23   | 90.97  |
|   road   | 20.76 | 27.03 | 34.38  |   47.23   | 27.03  |
|  other   |  13.8 | 16.19 | 24.25  |   48.29   | 16.19  |
+----------+-------+-------+--------+-----------+--------+
2026/05/13 07:04:13 - mmengine - INFO - Iter(val) [1400/1400]  aAcc: 78.7100  mIoU: 44.8900  mAcc: 57.7300  mFscore: 58.7300  mPrecision: 63.9200  mRecall: 57.7300  Kappa: 36.4700  data_time: 0.0019  time: 0.0464
2026/05/13 07:05:13 - mmengine - INFO - Iter(train) [28200/80000]  lr: 1.3682e-05  eta: 4:18:15  time: 0.2987  data_time: 0.0085  memory: 15828  grad_norm: 2.8421  loss: 0.7178  decode.loss_ce: 0.5054  decode.acc_seg: 72.5971  aux.loss_ce: 0.2124  aux.acc_seg: 73.5692
2026/05/13 07:06:12 - mmengine - INFO - Iter(train) [28400/80000]  lr: 1.3629e-05  eta: 4:17:15  time: 0.2980  data_time: 0.0083  memory: 15828  grad_norm: 1.8591  loss: 0.7115  decode.loss_ce: 0.5023  decode.acc_seg: 77.0359  aux.loss_ce: 0.2091  aux.acc_seg: 76.4055
2026/05/13 07:07:12 - mmengine - INFO - Iter(train) [28600/80000]  lr: 1.3576e-05  eta: 4:16:15  time: 0.2986  data_time: 0.0084  memory: 15828  grad_norm: 2.1224  loss: 0.7188  decode.loss_ce: 0.5070  decode.acc_seg: 86.0168  aux.loss_ce: 0.2118  aux.acc_seg: 85.7433
2026/05/13 07:08:12 - mmengine - INFO - Iter(train) [28800/80000]  lr: 1.3524e-05  eta: 4:15:15  time: 0.2975  data_time: 0.0079  memory: 15828  grad_norm: 1.4312  loss: 0.6695  decode.loss_ce: 0.4751  decode.acc_seg: 84.2867  aux.loss_ce: 0.1944  aux.acc_seg: 83.4583
2026/05/13 07:09:11 - mmengine - INFO - Exp name: new_weijie_whu_1xb4_80k_6e-4_dp10_ld90_20260513_043627
2026/05/13 07:09:11 - mmengine - INFO - Iter(train) [29000/80000]  lr: 1.3471e-05  eta: 4:14:15  time: 0.2990  data_time: 0.0087  memory: 15828  grad_norm: 2.1849  loss: 0.7064  decode.loss_ce: 0.4960  decode.acc_seg: 70.5379  aux.loss_ce: 0.2104  aux.acc_seg: 71.3367
2026/05/13 07:10:11 - mmengine - INFO - Iter(train) [29200/80000]  lr: 1.3418e-05  eta: 4:13:15  time: 0.2981  data_time: 0.0083  memory: 15828  grad_norm: 2.0930  loss: 0.7364  decode.loss_ce: 0.5206  decode.acc_seg: 80.7972  aux.loss_ce: 0.2158  aux.acc_seg: 80.5661
2026/05/13 07:11:11 - mmengine - INFO - Iter(train) [29400/80000]  lr: 1.3365e-05  eta: 4:12:14  time: 0.2980  data_time: 0.0083  memory: 15828  grad_norm: 1.4461  loss: 0.5480  decode.loss_ce: 0.3877  decode.acc_seg: 86.3998  aux.loss_ce: 0.1603  aux.acc_seg: 85.9959
2026/05/13 07:12:11 - mmengine - INFO - Iter(train) [29600/80000]  lr: 1.3312e-05  eta: 4:11:15  time: 0.2988  data_time: 0.0086  memory: 15828  grad_norm: 2.0460  loss: 0.6586  decode.loss_ce: 0.4639  decode.acc_seg: 82.9116  aux.loss_ce: 0.1947  aux.acc_seg: 82.1100
2026/05/13 07:13:10 - mmengine - INFO - Iter(train) [29800/80000]  lr: 1.3259e-05  eta: 4:10:14  time: 0.2977  data_time: 0.0081  memory: 15828  grad_norm: 2.1890  loss: 0.6877  decode.loss_ce: 0.4865  decode.acc_seg: 78.9617  aux.loss_ce: 0.2012  aux.acc_seg: 78.8026
2026/05/13 07:14:10 - mmengine - INFO - Exp name: new_weijie_whu_1xb4_80k_6e-4_dp10_ld90_20260513_043627
2026/05/13 07:14:10 - mmengine - INFO - Iter(train) [30000/80000]  lr: 1.3207e-05  eta: 4:09:14  time: 0.2982  data_time: 0.0083  memory: 15828  grad_norm: 1.8329  loss: 0.5659  decode.loss_ce: 0.3992  decode.acc_seg: 87.0980  aux.loss_ce: 0.1668  aux.acc_seg: 86.6777
2026/05/13 07:15:10 - mmengine - INFO - Iter(train) [30200/80000]  lr: 1.3154e-05  eta: 4:08:14  time: 0.2980  data_time: 0.0082  memory: 15828  grad_norm: 3.1553  loss: 0.7448  decode.loss_ce: 0.5251  decode.acc_seg: 75.5604  aux.loss_ce: 0.2197  aux.acc_seg: 74.9693
2026/05/13 07:16:09 - mmengine - INFO - Iter(train) [30400/80000]  lr: 1.3101e-05  eta: 4:07:14  time: 0.2985  data_time: 0.0083  memory: 15828  grad_norm: 2.2876  loss: 0.7905  decode.loss_ce: 0.5550  decode.acc_seg: 73.5927  aux.loss_ce: 0.2355  aux.acc_seg: 71.5153
2026/05/13 07:17:09 - mmengine - INFO - Iter(train) [30600/80000]  lr: 1.3048e-05  eta: 4:06:15  time: 0.2983  data_time: 0.0084  memory: 15828  grad_norm: 1.5733  loss: 0.5050  decode.loss_ce: 0.3551  decode.acc_seg: 89.2706  aux.loss_ce: 0.1500  aux.acc_seg: 88.1672
2026/05/13 07:18:09 - mmengine - INFO - Iter(train) [30800/80000]  lr: 1.2995e-05  eta: 4:05:15  time: 0.2981  data_time: 0.0083  memory: 15828  grad_norm: 1.7068  loss: 0.6738  decode.loss_ce: 0.4755  decode.acc_seg: 82.0405  aux.loss_ce: 0.1983  aux.acc_seg: 81.1217
2026/05/13 07:19:09 - mmengine - INFO - Exp name: new_weijie_whu_1xb4_80k_6e-4_dp10_ld90_20260513_043627
2026/05/13 07:19:09 - mmengine - INFO - Iter(train) [31000/80000]  lr: 1.2943e-05  eta: 4:04:15  time: 0.2991  data_time: 0.0085  memory: 15828  grad_norm: 2.2439  loss: 0.7014  decode.loss_ce: 0.4982  decode.acc_seg: 91.6566  aux.loss_ce: 0.2032  aux.acc_seg: 91.5707
2026/05/13 07:20:08 - mmengine - INFO - Iter(train) [31200/80000]  lr: 1.2890e-05  eta: 4:03:15  time: 0.2988  data_time: 0.0084  memory: 15828  grad_norm: 1.7950  loss: 0.6334  decode.loss_ce: 0.4480  decode.acc_seg: 86.2468  aux.loss_ce: 0.1854  aux.acc_seg: 86.4492
2026/05/13 07:21:08 - mmengine - INFO - Iter(train) [31400/80000]  lr: 1.2837e-05  eta: 4:02:15  time: 0.2994  data_time: 0.0087  memory: 15828  grad_norm: 2.1271  loss: 0.5924  decode.loss_ce: 0.4185  decode.acc_seg: 85.2630  aux.loss_ce: 0.1739  aux.acc_seg: 84.1391
2026/05/13 07:22:08 - mmengine - INFO - Iter(train) [31600/80000]  lr: 1.2784e-05  eta: 4:01:15  time: 0.2982  data_time: 0.0083  memory: 15828  grad_norm: 2.2470  loss: 0.7436  decode.loss_ce: 0.5240  decode.acc_seg: 86.2839  aux.loss_ce: 0.2197  aux.acc_seg: 85.9045
2026/05/13 07:23:07 - mmengine - INFO - Iter(train) [31800/80000]  lr: 1.2731e-05  eta: 4:00:15  time: 0.3000  data_time: 0.0088  memory: 15828  grad_norm: 1.8516  loss: 0.5729  decode.loss_ce: 0.4036  decode.acc_seg: 91.1094  aux.loss_ce: 0.1692  aux.acc_seg: 90.8822
2026/05/13 07:24:07 - mmengine - INFO - Exp name: new_weijie_whu_1xb4_80k_6e-4_dp10_ld90_20260513_043627
2026/05/13 07:24:07 - mmengine - INFO - Iter(train) [32000/80000]  lr: 1.2678e-05  eta: 3:59:15  time: 0.2979  data_time: 0.0081  memory: 15828  grad_norm: 3.3812  loss: 0.7914  decode.loss_ce: 0.5614  decode.acc_seg: 72.5546  aux.loss_ce: 0.2300  aux.acc_seg: 72.6275
2026/05/13 07:24:07 - mmengine - INFO - Saving checkpoint at 32000 iterations
2026/05/13 07:24:20 - mmengine - INFO - Iter(val) [ 200/1400]    eta: 0:00:58  time: 0.0460  data_time: 0.0018  memory: 2442  
2026/05/13 07:24:30 - mmengine - INFO - Iter(val) [ 400/1400]    eta: 0:00:47  time: 0.0471  data_time: 0.0019  memory: 2442  
2026/05/13 07:24:39 - mmengine - INFO - Iter(val) [ 600/1400]    eta: 0:00:37  time: 0.0464  data_time: 0.0019  memory: 2442  
2026/05/13 07:24:48 - mmengine - INFO - Iter(val) [ 800/1400]    eta: 0:00:28  time: 0.0460  data_time: 0.0018  memory: 2442  
2026/05/13 07:24:58 - mmengine - INFO - Iter(val) [1000/1400]    eta: 0:00:18  time: 0.0461  data_time: 0.0019  memory: 2442  
2026/05/13 07:25:07 - mmengine - INFO - Iter(val) [1200/1400]    eta: 0:00:09  time: 0.0482  data_time: 0.0020  memory: 2442  
2026/05/13 07:25:16 - mmengine - INFO - Iter(val) [1400/1400]    eta: 0:00:00  time: 0.0461  data_time: 0.0018  memory: 2442  
2026/05/13 07:25:16 - mmengine - INFO - per class results:
2026/05/13 07:25:16 - mmengine - INFO - 
+----------+-------+-------+--------+-----------+--------+
|  Class   |  IoU  |  Acc  | Fscore | Precision | Recall |
+----------+-------+-------+--------+-----------+--------+
| farmland | 60.49 | 73.89 | 75.38  |   76.94   | 73.89  |
|   city   | 53.49 | 79.45 |  69.7  |   62.08   | 79.45  |
| village  | 32.59 | 49.25 | 49.16  |   49.08   | 49.25  |
|  water   | 55.12 | 64.48 | 71.07  |   79.16   | 64.48  |
|  forest  | 80.54 | 92.67 | 89.22  |   86.03   | 92.67  |
|   road   | 22.35 | 29.57 | 36.53  |   47.79   | 29.57  |
|  other   | 13.39 | 16.02 | 23.61  |   44.91   | 16.02  |
+----------+-------+-------+--------+-----------+--------+
2026/05/13 07:25:16 - mmengine - INFO - Iter(val) [1400/1400]  aAcc: 79.4400  mIoU: 45.4300  mAcc: 57.9000  mFscore: 59.2400  mPrecision: 63.7100  mRecall: 57.9000  Kappa: 35.3600  data_time: 0.0018  time: 0.0461
2026/05/13 07:26:16 - mmengine - INFO - Iter(train) [32200/80000]  lr: 1.2626e-05  eta: 3:58:15  time: 0.2978  data_time: 0.0079  memory: 15828  grad_norm: 1.5415  loss: 0.5891  decode.loss_ce: 0.4172  decode.acc_seg: 80.1353  aux.loss_ce: 0.1719  aux.acc_seg: 78.7907
2026/05/13 07:27:16 - mmengine - INFO - Iter(train) [32400/80000]  lr: 1.2573e-05  eta: 3:57:15  time: 0.2983  data_time: 0.0083  memory: 15828  grad_norm: 1.8352  loss: 0.5975  decode.loss_ce: 0.4229  decode.acc_seg: 84.5202  aux.loss_ce: 0.1747  aux.acc_seg: 83.8068
2026/05/13 07:28:16 - mmengine - INFO - Iter(train) [32600/80000]  lr: 1.2520e-05  eta: 3:56:15  time: 0.3072  data_time: 0.0118  memory: 15828  grad_norm: 1.7056  loss: 0.6577  decode.loss_ce: 0.4653  decode.acc_seg: 76.3072  aux.loss_ce: 0.1924  aux.acc_seg: 75.6042
2026/05/13 07:29:15 - mmengine - INFO - Iter(train) [32800/80000]  lr: 1.2467e-05  eta: 3:55:16  time: 0.2981  data_time: 0.0082  memory: 15828  grad_norm: 2.2591  loss: 0.6420  decode.loss_ce: 0.4540  decode.acc_seg: 85.0502  aux.loss_ce: 0.1880  aux.acc_seg: 84.7223
2026/05/13 07:30:15 - mmengine - INFO - Exp name: new_weijie_whu_1xb4_80k_6e-4_dp10_ld90_20260513_043627
2026/05/13 07:30:15 - mmengine - INFO - Iter(train) [33000/80000]  lr: 1.2414e-05  eta: 3:54:16  time: 0.2987  data_time: 0.0085  memory: 15828  grad_norm: 1.6819  loss: 0.6045  decode.loss_ce: 0.4279  decode.acc_seg: 75.5743  aux.loss_ce: 0.1766  aux.acc_seg: 74.9394
2026/05/13 07:31:15 - mmengine - INFO - Iter(train) [33200/80000]  lr: 1.2361e-05  eta: 3:53:16  time: 0.2980  data_time: 0.0081  memory: 15828  grad_norm: 1.9023  loss: 0.7821  decode.loss_ce: 0.5496  decode.acc_seg: 80.9829  aux.loss_ce: 0.2325  aux.acc_seg: 79.6477
2026/05/13 07:32:15 - mmengine - INFO - Iter(train) [33400/80000]  lr: 1.2309e-05  eta: 3:52:16  time: 0.2987  data_time: 0.0084  memory: 15828  grad_norm: 1.7466  loss: 0.7152  decode.loss_ce: 0.5042  decode.acc_seg: 77.9983  aux.loss_ce: 0.2110  aux.acc_seg: 77.1366
2026/05/13 07:33:15 - mmengine - INFO - Iter(train) [33600/80000]  lr: 1.2256e-05  eta: 3:51:16  time: 0.2991  data_time: 0.0086  memory: 15828  grad_norm: 2.2825  loss: 0.6958  decode.loss_ce: 0.4896  decode.acc_seg: 82.4026  aux.loss_ce: 0.2063  aux.acc_seg: 81.7208
2026/05/13 07:34:14 - mmengine - INFO - Iter(train) [33800/80000]  lr: 1.2203e-05  eta: 3:50:16  time: 0.2985  data_time: 0.0083  memory: 15828  grad_norm: 1.8220  loss: 0.6875  decode.loss_ce: 0.4883  decode.acc_seg: 97.5506  aux.loss_ce: 0.1992  aux.acc_seg: 97.1614
2026/05/13 07:35:14 - mmengine - INFO - Exp name: new_weijie_whu_1xb4_80k_6e-4_dp10_ld90_20260513_043627
2026/05/13 07:35:14 - mmengine - INFO - Iter(train) [34000/80000]  lr: 1.2150e-05  eta: 3:49:16  time: 0.2994  data_time: 0.0087  memory: 15828  grad_norm: 1.4648  loss: 0.6011  decode.loss_ce: 0.4260  decode.acc_seg: 78.2388  aux.loss_ce: 0.1751  aux.acc_seg: 75.9245
2026/05/13 07:36:14 - mmengine - INFO - Iter(train) [34200/80000]  lr: 1.2097e-05  eta: 3:48:16  time: 0.2997  data_time: 0.0090  memory: 15828  grad_norm: 1.8040  loss: 0.7826  decode.loss_ce: 0.5518  decode.acc_seg: 86.2740  aux.loss_ce: 0.2308  aux.acc_seg: 85.5331
2026/05/13 07:37:13 - mmengine - INFO - Iter(train) [34400/80000]  lr: 1.2044e-05  eta: 3:47:16  time: 0.2987  data_time: 0.0085  memory: 15828  grad_norm: 2.3484  loss: 0.7488  decode.loss_ce: 0.5282  decode.acc_seg: 77.1352  aux.loss_ce: 0.2207  aux.acc_seg: 76.1154
2026/05/13 07:38:13 - mmengine - INFO - Iter(train) [34600/80000]  lr: 1.1992e-05  eta: 3:46:16  time: 0.2989  data_time: 0.0086  memory: 15828  grad_norm: 2.2931  loss: 0.7282  decode.loss_ce: 0.5156  decode.acc_seg: 76.0425  aux.loss_ce: 0.2126  aux.acc_seg: 75.3020
2026/05/13 07:39:13 - mmengine - INFO - Iter(train) [34800/80000]  lr: 1.1939e-05  eta: 3:45:16  time: 0.2974  data_time: 0.0079  memory: 15828  grad_norm: 2.8885  loss: 0.6497  decode.loss_ce: 0.4579  decode.acc_seg: 79.0131  aux.loss_ce: 0.1918  aux.acc_seg: 79.5785
2026/05/13 07:40:12 - mmengine - INFO - Exp name: new_weijie_whu_1xb4_80k_6e-4_dp10_ld90_20260513_043627
2026/05/13 07:40:12 - mmengine - INFO - Iter(train) [35000/80000]  lr: 1.1886e-05  eta: 3:44:16  time: 0.2981  data_time: 0.0083  memory: 15828  grad_norm: 1.8730  loss: 0.6515  decode.loss_ce: 0.4580  decode.acc_seg: 78.3702  aux.loss_ce: 0.1935  aux.acc_seg: 76.5292
2026/05/13 07:41:12 - mmengine - INFO - Iter(train) [35200/80000]  lr: 1.1833e-05  eta: 3:43:16  time: 0.2982  data_time: 0.0082  memory: 15828  grad_norm: 1.7734  loss: 0.6527  decode.loss_ce: 0.4598  decode.acc_seg: 81.5857  aux.loss_ce: 0.1929  aux.acc_seg: 80.3597
2026/05/13 07:42:12 - mmengine - INFO - Iter(train) [35400/80000]  lr: 1.1780e-05  eta: 3:42:16  time: 0.2988  data_time: 0.0087  memory: 15828  grad_norm: 2.1380  loss: 0.6700  decode.loss_ce: 0.4717  decode.acc_seg: 86.8062  aux.loss_ce: 0.1983  aux.acc_seg: 86.5721
2026/05/13 07:43:11 - mmengine - INFO - Iter(train) [35600/80000]  lr: 1.1728e-05  eta: 3:41:16  time: 0.2974  data_time: 0.0079  memory: 15828  grad_norm: 2.5255  loss: 0.7303  decode.loss_ce: 0.5143  decode.acc_seg: 79.6571  aux.loss_ce: 0.2160  aux.acc_seg: 79.3353
2026/05/13 07:44:11 - mmengine - INFO - Iter(train) [35800/80000]  lr: 1.1675e-05  eta: 3:40:16  time: 0.2982  data_time: 0.0083  memory: 15828  grad_norm: 1.2573  loss: 0.6921  decode.loss_ce: 0.4891  decode.acc_seg: 81.1410  aux.loss_ce: 0.2030  aux.acc_seg: 80.8330
2026/05/13 07:45:11 - mmengine - INFO - Exp name: new_weijie_whu_1xb4_80k_6e-4_dp10_ld90_20260513_043627
2026/05/13 07:45:11 - mmengine - INFO - Iter(train) [36000/80000]  lr: 1.1622e-05  eta: 3:39:17  time: 0.2997  data_time: 0.0089  memory: 15828  grad_norm: 2.0041  loss: 0.7435  decode.loss_ce: 0.5241  decode.acc_seg: 79.6389  aux.loss_ce: 0.2194  aux.acc_seg: 79.3009
2026/05/13 07:45:11 - mmengine - INFO - Saving checkpoint at 36000 iterations
2026/05/13 07:45:24 - mmengine - INFO - Iter(val) [ 200/1400]    eta: 0:00:56  time: 0.0460  data_time: 0.0019  memory: 2442  
2026/05/13 07:45:33 - mmengine - INFO - Iter(val) [ 400/1400]    eta: 0:00:46  time: 0.0468  data_time: 0.0019  memory: 2442  
2026/05/13 07:45:43 - mmengine - INFO - Iter(val) [ 600/1400]    eta: 0:00:37  time: 0.0463  data_time: 0.0019  memory: 2442  
2026/05/13 07:45:52 - mmengine - INFO - Iter(val) [ 800/1400]    eta: 0:00:27  time: 0.0463  data_time: 0.0019  memory: 2442  
2026/05/13 07:46:01 - mmengine - INFO - Iter(val) [1000/1400]    eta: 0:00:18  time: 0.0460  data_time: 0.0019  memory: 2442  
2026/05/13 07:46:10 - mmengine - INFO - Iter(val) [1200/1400]    eta: 0:00:09  time: 0.0465  data_time: 0.0019  memory: 2442  
2026/05/13 07:46:20 - mmengine - INFO - Iter(val) [1400/1400]    eta: 0:00:00  time: 0.0464  data_time: 0.0018  memory: 2442  
2026/05/13 07:46:20 - mmengine - INFO - per class results:
2026/05/13 07:46:20 - mmengine - INFO - 
+----------+-------+-------+--------+-----------+--------+
|  Class   |  IoU  |  Acc  | Fscore | Precision | Recall |
+----------+-------+-------+--------+-----------+--------+
| farmland | 60.48 | 74.82 | 75.37  |   75.93   | 74.82  |
|   city   | 53.14 | 75.55 |  69.4  |   64.18   | 75.55  |
| village  | 34.31 | 54.72 | 51.09  |   47.91   | 54.72  |
|  water   | 54.02 |  61.1 | 70.15  |   82.34   |  61.1  |
|  forest  | 80.13 | 91.91 | 88.97  |   86.21   | 91.91  |
|   road   | 22.66 | 31.84 | 36.95  |   44.01   | 31.84  |
|  other   | 12.94 | 15.52 | 22.91  |   43.72   | 15.52  |
+----------+-------+-------+--------+-----------+--------+
2026/05/13 07:46:20 - mmengine - INFO - Iter(val) [1400/1400]  aAcc: 79.2100  mIoU: 45.3800  mAcc: 57.9200  mFscore: 59.2600  mPrecision: 63.4700  mRecall: 57.9200  Kappa: 36.7600  data_time: 0.0018  time: 0.0464
2026/05/13 07:47:20 - mmengine - INFO - Iter(train) [36200/80000]  lr: 1.1569e-05  eta: 3:38:17  time: 0.2984  data_time: 0.0083  memory: 15828  grad_norm: 2.1814  loss: 0.6940  decode.loss_ce: 0.4904  decode.acc_seg: 83.7801  aux.loss_ce: 0.2037  aux.acc_seg: 83.5237
2026/05/13 07:48:19 - mmengine - INFO - Iter(train) [36400/80000]  lr: 1.1516e-05  eta: 3:37:17  time: 0.2989  data_time: 0.0085  memory: 15828  grad_norm: 2.5381  loss: 0.7185  decode.loss_ce: 0.5095  decode.acc_seg: 74.7877  aux.loss_ce: 0.2090  aux.acc_seg: 74.0393
2026/05/13 07:49:19 - mmengine - INFO - Iter(train) [36600/80000]  lr: 1.1463e-05  eta: 3:36:17  time: 0.2986  data_time: 0.0083  memory: 15828  grad_norm: 2.7851  loss: 0.6797  decode.loss_ce: 0.4798  decode.acc_seg: 89.3549  aux.loss_ce: 0.1999  aux.acc_seg: 89.0736
2026/05/13 07:50:19 - mmengine - INFO - Iter(train) [36800/80000]  lr: 1.1411e-05  eta: 3:35:17  time: 0.2976  data_time: 0.0080  memory: 15828  grad_norm: 3.2958  loss: 0.7519  decode.loss_ce: 0.5287  decode.acc_seg: 71.1248  aux.loss_ce: 0.2232  aux.acc_seg: 69.4368
2026/05/13 07:51:18 - mmengine - INFO - Exp name: new_weijie_whu_1xb4_80k_6e-4_dp10_ld90_20260513_043627
2026/05/13 07:51:18 - mmengine - INFO - Iter(train) [37000/80000]  lr: 1.1358e-05  eta: 3:34:17  time: 0.2980  data_time: 0.0082  memory: 15828  grad_norm: 1.8942  loss: 0.6438  decode.loss_ce: 0.4545  decode.acc_seg: 82.6031  aux.loss_ce: 0.1893  aux.acc_seg: 81.0341
2026/05/13 07:52:18 - mmengine - INFO - Iter(train) [37200/80000]  lr: 1.1305e-05  eta: 3:33:17  time: 0.2990  data_time: 0.0085  memory: 15828  grad_norm: 1.9902  loss: 0.6500  decode.loss_ce: 0.4578  decode.acc_seg: 87.6435  aux.loss_ce: 0.1922  aux.acc_seg: 87.8320
2026/05/13 07:53:18 - mmengine - INFO - Iter(train) [37400/80000]  lr: 1.1252e-05  eta: 3:32:18  time: 0.2975  data_time: 0.0079  memory: 15828  grad_norm: 1.7638  loss: 0.7473  decode.loss_ce: 0.5271  decode.acc_seg: 76.3572  aux.loss_ce: 0.2202  aux.acc_seg: 74.4743
2026/05/13 07:54:18 - mmengine - INFO - Iter(train) [37600/80000]  lr: 1.1199e-05  eta: 3:31:18  time: 0.2988  data_time: 0.0085  memory: 15828  grad_norm: 2.2901  loss: 0.8181  decode.loss_ce: 0.5777  decode.acc_seg: 69.0309  aux.loss_ce: 0.2403  aux.acc_seg: 67.9688
2026/05/13 07:55:17 - mmengine - INFO - Iter(train) [37800/80000]  lr: 1.1146e-05  eta: 3:30:18  time: 0.2992  data_time: 0.0086  memory: 15828  grad_norm: 2.1541  loss: 0.7302  decode.loss_ce: 0.5146  decode.acc_seg: 75.9852  aux.loss_ce: 0.2156  aux.acc_seg: 76.4313
2026/05/13 07:56:17 - mmengine - INFO - Exp name: new_weijie_whu_1xb4_80k_6e-4_dp10_ld90_20260513_043627
2026/05/13 07:56:17 - mmengine - INFO - Iter(train) [38000/80000]  lr: 1.1094e-05  eta: 3:29:18  time: 0.2991  data_time: 0.0085  memory: 15828  grad_norm: 1.5386  loss: 0.7230  decode.loss_ce: 0.5105  decode.acc_seg: 80.3145  aux.loss_ce: 0.2125  aux.acc_seg: 79.4499
2026/05/13 07:57:17 - mmengine - INFO - Iter(train) [38200/80000]  lr: 1.1041e-05  eta: 3:28:18  time: 0.2988  data_time: 0.0084  memory: 15828  grad_norm: 1.8765  loss: 0.7374  decode.loss_ce: 0.5211  decode.acc_seg: 72.7425  aux.loss_ce: 0.2163  aux.acc_seg: 73.0530
2026/05/13 07:58:17 - mmengine - INFO - Iter(train) [38400/80000]  lr: 1.0988e-05  eta: 3:27:18  time: 0.2985  data_time: 0.0084  memory: 15828  grad_norm: 1.8313  loss: 0.6546  decode.loss_ce: 0.4594  decode.acc_seg: 76.7156  aux.loss_ce: 0.1952  aux.acc_seg: 75.5593
2026/05/13 07:59:16 - mmengine - INFO - Iter(train) [38600/80000]  lr: 1.0935e-05  eta: 3:26:18  time: 0.2987  data_time: 0.0084  memory: 15828  grad_norm: 2.7831  loss: 0.6785  decode.loss_ce: 0.4775  decode.acc_seg: 82.9169  aux.loss_ce: 0.2009  aux.acc_seg: 82.3462
2026/05/13 08:00:16 - mmengine - INFO - Iter(train) [38800/80000]  lr: 1.0882e-05  eta: 3:25:18  time: 0.2996  data_time: 0.0086  memory: 15828  grad_norm: 2.2677  loss: 0.8338  decode.loss_ce: 0.5869  decode.acc_seg: 84.9026  aux.loss_ce: 0.2468  aux.acc_seg: 84.4748
2026/05/13 08:01:16 - mmengine - INFO - Exp name: new_weijie_whu_1xb4_80k_6e-4_dp10_ld90_20260513_043627
2026/05/13 08:01:16 - mmengine - INFO - Iter(train) [39000/80000]  lr: 1.0829e-05  eta: 3:24:18  time: 0.2982  data_time: 0.0081  memory: 15828  grad_norm: 2.0075  loss: 0.6309  decode.loss_ce: 0.4431  decode.acc_seg: 87.0100  aux.loss_ce: 0.1878  aux.acc_seg: 86.5144
2026/05/13 08:02:16 - mmengine - INFO - Iter(train) [39200/80000]  lr: 1.0777e-05  eta: 3:23:18  time: 0.2970  data_time: 0.0077  memory: 15828  grad_norm: 1.3075  loss: 0.6189  decode.loss_ce: 0.4376  decode.acc_seg: 81.9997  aux.loss_ce: 0.1812  aux.acc_seg: 82.1468
2026/05/13 08:03:15 - mmengine - INFO - Iter(train) [39400/80000]  lr: 1.0724e-05  eta: 3:22:19  time: 0.2988  data_time: 0.0084  memory: 15828  grad_norm: 2.2043  loss: 0.7482  decode.loss_ce: 0.5292  decode.acc_seg: 76.0068  aux.loss_ce: 0.2190  aux.acc_seg: 74.6007
2026/05/13 08:04:15 - mmengine - INFO - Iter(train) [39600/80000]  lr: 1.0671e-05  eta: 3:21:19  time: 0.2981  data_time: 0.0083  memory: 15828  grad_norm: 2.1486  loss: 0.6683  decode.loss_ce: 0.4712  decode.acc_seg: 71.7753  aux.loss_ce: 0.1971  aux.acc_seg: 72.1715
2026/05/13 08:05:15 - mmengine - INFO - Iter(train) [39800/80000]  lr: 1.0618e-05  eta: 3:20:19  time: 0.2992  data_time: 0.0087  memory: 15828  grad_norm: 1.6367  loss: 0.5653  decode.loss_ce: 0.3973  decode.acc_seg: 76.2223  aux.loss_ce: 0.1679  aux.acc_seg: 74.5741
2026/05/13 08:06:15 - mmengine - INFO - Exp name: new_weijie_whu_1xb4_80k_6e-4_dp10_ld90_20260513_043627
2026/05/13 08:06:15 - mmengine - INFO - Iter(train) [40000/80000]  lr: 1.0565e-05  eta: 3:19:19  time: 0.2987  data_time: 0.0083  memory: 15828  grad_norm: 1.3963  loss: 0.6935  decode.loss_ce: 0.4867  decode.acc_seg: 72.6324  aux.loss_ce: 0.2068  aux.acc_seg: 72.1560
2026/05/13 08:06:15 - mmengine - INFO - Saving checkpoint at 40000 iterations
2026/05/13 08:06:28 - mmengine - INFO - Iter(val) [ 200/1400]    eta: 0:00:57  time: 0.0461  data_time: 0.0016  memory: 2442  
2026/05/13 08:06:37 - mmengine - INFO - Iter(val) [ 400/1400]    eta: 0:00:47  time: 0.0468  data_time: 0.0017  memory: 2442  
2026/05/13 08:06:46 - mmengine - INFO - Iter(val) [ 600/1400]    eta: 0:00:37  time: 0.0462  data_time: 0.0017  memory: 2442  
2026/05/13 08:06:55 - mmengine - INFO - Iter(val) [ 800/1400]    eta: 0:00:27  time: 0.0457  data_time: 0.0016  memory: 2442  
2026/05/13 08:07:05 - mmengine - INFO - Iter(val) [1000/1400]    eta: 0:00:18  time: 0.0460  data_time: 0.0016  memory: 2442  
2026/05/13 08:07:14 - mmengine - INFO - Iter(val) [1200/1400]    eta: 0:00:09  time: 0.0462  data_time: 0.0017  memory: 2442  
2026/05/13 08:07:23 - mmengine - INFO - Iter(val) [1400/1400]    eta: 0:00:00  time: 0.0458  data_time: 0.0016  memory: 2442  
2026/05/13 08:07:23 - mmengine - INFO - per class results:
2026/05/13 08:07:23 - mmengine - INFO - 
+----------+-------+-------+--------+-----------+--------+
|  Class   |  IoU  |  Acc  | Fscore | Precision | Recall |
+----------+-------+-------+--------+-----------+--------+
| farmland | 60.64 | 74.24 |  75.5  |    76.8   | 74.24  |
|   city   | 53.57 | 76.32 | 69.77  |   64.25   | 76.32  |
| village  | 34.34 |  51.9 | 51.12  |   50.37   |  51.9  |
|  water   | 55.64 | 65.14 |  71.5  |   79.24   | 65.14  |
|  forest  | 80.47 | 92.49 | 89.18  |   86.09   | 92.49  |
|   road   | 22.15 | 30.53 | 36.26  |   44.63   | 30.53  |
|  other   | 12.73 | 14.89 | 22.58  |   46.64   | 14.89  |
+----------+-------+-------+--------+-----------+--------+
2026/05/13 08:07:23 - mmengine - INFO - Iter(val) [1400/1400]  aAcc: 79.5800  mIoU: 45.6500  mAcc: 57.9300  mFscore: 59.4100  mPrecision: 64.0000  mRecall: 57.9300  Kappa: 37.1400  data_time: 0.0016  time: 0.0458
2026/05/13 08:07:23 - mmengine - INFO - The previous best checkpoint /root/det/work_dirs/weijie_whu_1xb4_80k_6e-4/best_aAcc_iter_20000.pth is removed
2026/05/13 08:07:25 - mmengine - INFO - The best checkpoint with 79.5800 aAcc at 40000 iter is saved to best_aAcc_iter_40000.pth.
2026/05/13 08:08:24 - mmengine - INFO - Iter(train) [40200/80000]  lr: 1.0512e-05  eta: 3:18:21  time: 0.3010  data_time: 0.0094  memory: 15828  grad_norm: 2.3052  loss: 0.5269  decode.loss_ce: 0.3689  decode.acc_seg: 88.5903  aux.loss_ce: 0.1581  aux.acc_seg: 88.5079
2026/05/13 08:09:24 - mmengine - INFO - Iter(train) [40400/80000]  lr: 1.0460e-05  eta: 3:17:21  time: 0.2981  data_time: 0.0083  memory: 15828  grad_norm: 1.9424  loss: 0.6087  decode.loss_ce: 0.4295  decode.acc_seg: 94.2159  aux.loss_ce: 0.1792  aux.acc_seg: 94.1402
2026/05/13 08:10:24 - mmengine - INFO - Iter(train) [40600/80000]  lr: 1.0407e-05  eta: 3:16:21  time: 0.2988  data_time: 0.0084  memory: 15828  grad_norm: 1.4629  loss: 0.5929  decode.loss_ce: 0.4194  decode.acc_seg: 76.8934  aux.loss_ce: 0.1735  aux.acc_seg: 76.5651
2026/05/13 08:11:24 - mmengine - INFO - Iter(train) [40800/80000]  lr: 1.0354e-05  eta: 3:15:22  time: 0.2975  data_time: 0.0079  memory: 15828  grad_norm: 2.5315  loss: 0.6783  decode.loss_ce: 0.4792  decode.acc_seg: 80.1026  aux.loss_ce: 0.1991  aux.acc_seg: 77.8564
2026/05/13 08:12:24 - mmengine - INFO - Exp name: new_weijie_whu_1xb4_80k_6e-4_dp10_ld90_20260513_043627
2026/05/13 08:12:24 - mmengine - INFO - Iter(train) [41000/80000]  lr: 1.0301e-05  eta: 3:14:22  time: 0.2978  data_time: 0.0079  memory: 15828  grad_norm: 2.3806  loss: 0.6930  decode.loss_ce: 0.4881  decode.acc_seg: 88.0078  aux.loss_ce: 0.2049  aux.acc_seg: 88.2672
2026/05/13 08:13:23 - mmengine - INFO - Iter(train) [41200/80000]  lr: 1.0248e-05  eta: 3:13:22  time: 0.2991  data_time: 0.0085  memory: 15828  grad_norm: 1.6736  loss: 0.7179  decode.loss_ce: 0.5057  decode.acc_seg: 80.7001  aux.loss_ce: 0.2122  aux.acc_seg: 80.7682
2026/05/13 08:14:23 - mmengine - INFO - Iter(train) [41400/80000]  lr: 1.0196e-05  eta: 3:12:22  time: 0.2977  data_time: 0.0079  memory: 15828  grad_norm: 2.0769  loss: 0.5912  decode.loss_ce: 0.4157  decode.acc_seg: 86.1069  aux.loss_ce: 0.1755  aux.acc_seg: 85.7847
2026/05/13 08:15:23 - mmengine - INFO - Iter(train) [41600/80000]  lr: 1.0143e-05  eta: 3:11:22  time: 0.3016  data_time: 0.0092  memory: 15828  grad_norm: 1.9449  loss: 0.7245  decode.loss_ce: 0.5094  decode.acc_seg: 78.1901  aux.loss_ce: 0.2152  aux.acc_seg: 77.2086
2026/05/13 08:16:23 - mmengine - INFO - Iter(train) [41800/80000]  lr: 1.0090e-05  eta: 3:10:22  time: 0.2981  data_time: 0.0082  memory: 15828  grad_norm: 1.4863  loss: 0.5451  decode.loss_ce: 0.3834  decode.acc_seg: 84.8556  aux.loss_ce: 0.1617  aux.acc_seg: 84.4060
2026/05/13 08:17:23 - mmengine - INFO - Exp name: new_weijie_whu_1xb4_80k_6e-4_dp10_ld90_20260513_043627
2026/05/13 08:17:23 - mmengine - INFO - Iter(train) [42000/80000]  lr: 1.0037e-05  eta: 3:09:22  time: 0.2988  data_time: 0.0083  memory: 15828  grad_norm: 2.2780  loss: 0.6660  decode.loss_ce: 0.4707  decode.acc_seg: 83.3198  aux.loss_ce: 0.1953  aux.acc_seg: 82.2332
2026/05/13 08:18:22 - mmengine - INFO - Iter(train) [42200/80000]  lr: 9.9842e-06  eta: 3:08:23  time: 0.2992  data_time: 0.0085  memory: 15828  grad_norm: 1.6211  loss: 0.6044  decode.loss_ce: 0.4273  decode.acc_seg: 86.1001  aux.loss_ce: 0.1772  aux.acc_seg: 85.6514
2026/05/13 08:19:22 - mmengine - INFO - Iter(train) [42400/80000]  lr: 9.9314e-06  eta: 3:07:23  time: 0.2983  data_time: 0.0082  memory: 15828  grad_norm: 1.6507  loss: 0.6634  decode.loss_ce: 0.4659  decode.acc_seg: 79.8641  aux.loss_ce: 0.1975  aux.acc_seg: 78.7846
2026/05/13 08:20:22 - mmengine - INFO - Iter(train) [42600/80000]  lr: 9.8786e-06  eta: 3:06:23  time: 0.2996  data_time: 0.0089  memory: 15828  grad_norm: 2.1308  loss: 0.6107  decode.loss_ce: 0.4311  decode.acc_seg: 78.9070  aux.loss_ce: 0.1796  aux.acc_seg: 77.6904
2026/05/13 08:21:22 - mmengine - INFO - Iter(train) [42800/80000]  lr: 9.8257e-06  eta: 3:05:23  time: 0.2990  data_time: 0.0085  memory: 15828  grad_norm: 2.1802  loss: 0.6831  decode.loss_ce: 0.4788  decode.acc_seg: 80.6075  aux.loss_ce: 0.2042  aux.acc_seg: 80.7874
2026/05/13 08:22:22 - mmengine - INFO - Exp name: new_weijie_whu_1xb4_80k_6e-4_dp10_ld90_20260513_043627
2026/05/13 08:22:22 - mmengine - INFO - Iter(train) [43000/80000]  lr: 9.7729e-06  eta: 3:04:23  time: 0.2986  data_time: 0.0083  memory: 15828  grad_norm: 1.5828  loss: 0.6829  decode.loss_ce: 0.4821  decode.acc_seg: 71.9532  aux.loss_ce: 0.2008  aux.acc_seg: 70.2210
2026/05/13 08:23:21 - mmengine - INFO - Iter(train) [43200/80000]  lr: 9.7201e-06  eta: 3:03:23  time: 0.2992  data_time: 0.0088  memory: 15828  grad_norm: 1.6501  loss: 0.5942  decode.loss_ce: 0.4187  decode.acc_seg: 77.3464  aux.loss_ce: 0.1754  aux.acc_seg: 75.2846
2026/05/13 08:24:21 - mmengine - INFO - Iter(train) [43400/80000]  lr: 9.6673e-06  eta: 3:02:24  time: 0.2996  data_time: 0.0088  memory: 15828  grad_norm: 1.3174  loss: 0.6909  decode.loss_ce: 0.4865  decode.acc_seg: 80.9126  aux.loss_ce: 0.2044  aux.acc_seg: 80.0402
2026/05/13 08:25:21 - mmengine - INFO - Iter(train) [43600/80000]  lr: 9.6144e-06  eta: 3:01:24  time: 0.2994  data_time: 0.0086  memory: 15828  grad_norm: 2.1052  loss: 0.7200  decode.loss_ce: 0.5081  decode.acc_seg: 82.0488  aux.loss_ce: 0.2119  aux.acc_seg: 81.1752
2026/05/13 08:26:21 - mmengine - INFO - Iter(train) [43800/80000]  lr: 9.5616e-06  eta: 3:00:24  time: 0.2981  data_time: 0.0082  memory: 15828  grad_norm: 2.4231  loss: 0.7429  decode.loss_ce: 0.5223  decode.acc_seg: 84.7210  aux.loss_ce: 0.2206  aux.acc_seg: 84.2297
2026/05/13 08:27:20 - mmengine - INFO - Exp name: new_weijie_whu_1xb4_80k_6e-4_dp10_ld90_20260513_043627
2026/05/13 08:27:20 - mmengine - INFO - Iter(train) [44000/80000]  lr: 9.5088e-06  eta: 2:59:24  time: 0.3002  data_time: 0.0089  memory: 15828  grad_norm: 2.6352  loss: 0.6971  decode.loss_ce: 0.5043  decode.acc_seg: 80.3873  aux.loss_ce: 0.1927  aux.acc_seg: 78.6914
2026/05/13 08:27:20 - mmengine - INFO - Saving checkpoint at 44000 iterations
2026/05/13 08:27:35 - mmengine - INFO - Iter(val) [ 200/1400]    eta: 0:01:03  time: 0.0470  data_time: 0.0020  memory: 2442  
2026/05/13 08:27:44 - mmengine - INFO - Iter(val) [ 400/1400]    eta: 0:00:49  time: 0.0469  data_time: 0.0019  memory: 2442  
2026/05/13 08:27:53 - mmengine - INFO - Iter(val) [ 600/1400]    eta: 0:00:38  time: 0.0464  data_time: 0.0018  memory: 2442  
2026/05/13 08:28:03 - mmengine - INFO - Iter(val) [ 800/1400]    eta: 0:00:28  time: 0.0462  data_time: 0.0018  memory: 2442  
2026/05/13 08:28:12 - mmengine - INFO - Iter(val) [1000/1400]    eta: 0:00:19  time: 0.0460  data_time: 0.0018  memory: 2442  
2026/05/13 08:28:21 - mmengine - INFO - Iter(val) [1200/1400]    eta: 0:00:09  time: 0.0466  data_time: 0.0019  memory: 2442  
2026/05/13 08:28:30 - mmengine - INFO - Iter(val) [1400/1400]    eta: 0:00:00  time: 0.0462  data_time: 0.0018  memory: 2442  
2026/05/13 08:28:30 - mmengine - INFO - per class results:
2026/05/13 08:28:30 - mmengine - INFO - 
+----------+-------+-------+--------+-----------+--------+
|  Class   |  IoU  |  Acc  | Fscore | Precision | Recall |
+----------+-------+-------+--------+-----------+--------+
| farmland | 61.89 | 78.98 | 76.46  |    74.1   | 78.98  |
|   city   | 54.79 | 76.21 | 70.79  |   66.09   | 76.21  |
| village  | 34.04 | 49.14 | 50.79  |   52.55   | 49.14  |
|  water   | 54.49 | 63.06 | 70.55  |   80.04   | 63.06  |
|  forest  | 80.32 | 90.31 | 89.09  |   87.89   | 90.31  |
|   road   | 19.36 | 22.81 | 32.45  |    56.2   | 22.81  |
|  other   | 11.46 | 13.86 | 20.56  |    39.8   | 13.86  |
+----------+-------+-------+--------+-----------+--------+
2026/05/13 08:28:30 - mmengine - INFO - Iter(val) [1400/1400]  aAcc: 79.6900  mIoU: 45.1900  mAcc: 56.3400  mFscore: 58.6700  mPrecision: 65.2400  mRecall: 56.3400  Kappa: 37.6200  data_time: 0.0018  time: 0.0462
2026/05/13 08:28:30 - mmengine - INFO - The previous best checkpoint /root/det/work_dirs/weijie_whu_1xb4_80k_6e-4/best_aAcc_iter_40000.pth is removed
2026/05/13 08:28:32 - mmengine - INFO - The best checkpoint with 79.6900 aAcc at 44000 iter is saved to best_aAcc_iter_44000.pth.
2026/05/13 08:29:32 - mmengine - INFO - Iter(train) [44200/80000]  lr: 9.4560e-06  eta: 2:58:26  time: 0.3048  data_time: 0.0082  memory: 15828  grad_norm: 1.9726  loss: 0.5555  decode.loss_ce: 0.3892  decode.acc_seg: 79.2569  aux.loss_ce: 0.1663  aux.acc_seg: 79.4504
2026/05/13 08:30:32 - mmengine - INFO - Iter(train) [44400/80000]  lr: 9.4031e-06  eta: 2:57:26  time: 0.3016  data_time: 0.0091  memory: 15828  grad_norm: 1.8230  loss: 0.6929  decode.loss_ce: 0.4871  decode.acc_seg: 70.6948  aux.loss_ce: 0.2058  aux.acc_seg: 69.3427
2026/05/13 08:31:32 - mmengine - INFO - Iter(train) [44600/80000]  lr: 9.3503e-06  eta: 2:56:26  time: 0.2989  data_time: 0.0085  memory: 15828  grad_norm: 2.0035  loss: 0.7027  decode.loss_ce: 0.4930  decode.acc_seg: 73.6846  aux.loss_ce: 0.2097  aux.acc_seg: 72.0363
2026/05/13 08:32:31 - mmengine - INFO - Iter(train) [44800/80000]  lr: 9.2975e-06  eta: 2:55:26  time: 0.2985  data_time: 0.0083  memory: 15828  grad_norm: 2.1205  loss: 0.7291  decode.loss_ce: 0.5132  decode.acc_seg: 75.0593  aux.loss_ce: 0.2158  aux.acc_seg: 74.6791
2026/05/13 08:33:31 - mmengine - INFO - Exp name: new_weijie_whu_1xb4_80k_6e-4_dp10_ld90_20260513_043627
2026/05/13 08:33:31 - mmengine - INFO - Iter(train) [45000/80000]  lr: 9.2447e-06  eta: 2:54:26  time: 0.2976  data_time: 0.0080  memory: 15828  grad_norm: 2.3077  loss: 0.6321  decode.loss_ce: 0.4447  decode.acc_seg: 85.9790  aux.loss_ce: 0.1874  aux.acc_seg: 86.4522
2026/05/13 08:34:31 - mmengine - INFO - Iter(train) [45200/80000]  lr: 9.1918e-06  eta: 2:53:27  time: 0.2993  data_time: 0.0088  memory: 15828  grad_norm: 3.2872  loss: 0.7886  decode.loss_ce: 0.5550  decode.acc_seg: 77.9914  aux.loss_ce: 0.2336  aux.acc_seg: 76.9990
2026/05/13 08:35:31 - mmengine - INFO - Iter(train) [45400/80000]  lr: 9.1390e-06  eta: 2:52:27  time: 0.2977  data_time: 0.0080  memory: 15828  grad_norm: 2.3689  loss: 0.6372  decode.loss_ce: 0.4445  decode.acc_seg: 82.7168  aux.loss_ce: 0.1927  aux.acc_seg: 81.2952
2026/05/13 08:36:31 - mmengine - INFO - Iter(train) [45600/80000]  lr: 9.0862e-06  eta: 2:51:27  time: 0.2987  data_time: 0.0084  memory: 15828  grad_norm: 2.0623  loss: 0.6089  decode.loss_ce: 0.4275  decode.acc_seg: 86.8029  aux.loss_ce: 0.1814  aux.acc_seg: 86.1332
2026/05/13 08:37:30 - mmengine - INFO - Iter(train) [45800/80000]  lr: 9.0333e-06  eta: 2:50:27  time: 0.2981  data_time: 0.0081  memory: 15828  grad_norm: 1.8357  loss: 0.6234  decode.loss_ce: 0.4416  decode.acc_seg: 82.2770  aux.loss_ce: 0.1819  aux.acc_seg: 81.5810
2026/05/13 08:38:30 - mmengine - INFO - Exp name: new_weijie_whu_1xb4_80k_6e-4_dp10_ld90_20260513_043627
2026/05/13 08:38:30 - mmengine - INFO - Iter(train) [46000/80000]  lr: 8.9805e-06  eta: 2:49:27  time: 0.2987  data_time: 0.0085  memory: 15828  grad_norm: 1.5444  loss: 0.6743  decode.loss_ce: 0.4754  decode.acc_seg: 80.9583  aux.loss_ce: 0.1989  aux.acc_seg: 79.9780
2026/05/13 08:39:30 - mmengine - INFO - Iter(train) [46200/80000]  lr: 8.9277e-06  eta: 2:48:27  time: 0.2992  data_time: 0.0085  memory: 15828  grad_norm: 3.0176  loss: 0.6757  decode.loss_ce: 0.4740  decode.acc_seg: 71.5019  aux.loss_ce: 0.2017  aux.acc_seg: 71.1277
2026/05/13 08:40:30 - mmengine - INFO - Iter(train) [46400/80000]  lr: 8.8749e-06  eta: 2:47:28  time: 0.2988  data_time: 0.0082  memory: 15828  grad_norm: 2.4711  loss: 0.6182  decode.loss_ce: 0.4318  decode.acc_seg: 88.7672  aux.loss_ce: 0.1864  aux.acc_seg: 88.1036
2026/05/13 08:41:30 - mmengine - INFO - Iter(train) [46600/80000]  lr: 8.8220e-06  eta: 2:46:28  time: 0.2995  data_time: 0.0087  memory: 15828  grad_norm: 2.8359  loss: 0.6850  decode.loss_ce: 0.4840  decode.acc_seg: 84.0242  aux.loss_ce: 0.2010  aux.acc_seg: 83.4642
2026/05/13 08:42:29 - mmengine - INFO - Iter(train) [46800/80000]  lr: 8.7692e-06  eta: 2:45:28  time: 0.2986  data_time: 0.0083  memory: 15828  grad_norm: 2.2815  loss: 0.7272  decode.loss_ce: 0.5076  decode.acc_seg: 79.1380  aux.loss_ce: 0.2197  aux.acc_seg: 76.3304
2026/05/13 08:43:29 - mmengine - INFO - Exp name: new_weijie_whu_1xb4_80k_6e-4_dp10_ld90_20260513_043627
2026/05/13 08:43:29 - mmengine - INFO - Iter(train) [47000/80000]  lr: 8.7164e-06  eta: 2:44:28  time: 0.2983  data_time: 0.0080  memory: 15828  grad_norm: 1.7148  loss: 0.6207  decode.loss_ce: 0.4372  decode.acc_seg: 77.9910  aux.loss_ce: 0.1836  aux.acc_seg: 77.1213
2026/05/13 08:44:29 - mmengine - INFO - Iter(train) [47200/80000]  lr: 8.6636e-06  eta: 2:43:28  time: 0.2989  data_time: 0.0088  memory: 15828  grad_norm: 1.7101  loss: 0.6217  decode.loss_ce: 0.4366  decode.acc_seg: 79.4505  aux.loss_ce: 0.1852  aux.acc_seg: 79.6706
2026/05/13 08:45:29 - mmengine - INFO - Iter(train) [47400/80000]  lr: 8.6107e-06  eta: 2:42:28  time: 0.2982  data_time: 0.0080  memory: 15828  grad_norm: 3.1246  loss: 0.7595  decode.loss_ce: 0.5371  decode.acc_seg: 85.3541  aux.loss_ce: 0.2224  aux.acc_seg: 84.3878
2026/05/13 08:46:29 - mmengine - INFO - Iter(train) [47600/80000]  lr: 8.5579e-06  eta: 2:41:29  time: 0.3000  data_time: 0.0089  memory: 15828  grad_norm: 2.0868  loss: 0.6582  decode.loss_ce: 0.4638  decode.acc_seg: 84.6019  aux.loss_ce: 0.1944  aux.acc_seg: 84.2172
2026/05/13 08:47:29 - mmengine - INFO - Iter(train) [47800/80000]  lr: 8.5051e-06  eta: 2:40:29  time: 0.2978  data_time: 0.0080  memory: 15828  grad_norm: 2.4387  loss: 0.7952  decode.loss_ce: 0.5608  decode.acc_seg: 77.3078  aux.loss_ce: 0.2344  aux.acc_seg: 77.1965
2026/05/13 08:48:28 - mmengine - INFO - Exp name: new_weijie_whu_1xb4_80k_6e-4_dp10_ld90_20260513_043627
2026/05/13 08:48:28 - mmengine - INFO - Iter(train) [48000/80000]  lr: 8.4523e-06  eta: 2:39:29  time: 0.2990  data_time: 0.0084  memory: 15828  grad_norm: 2.3056  loss: 0.6744  decode.loss_ce: 0.4740  decode.acc_seg: 80.7168  aux.loss_ce: 0.2004  aux.acc_seg: 78.4071
2026/05/13 08:48:28 - mmengine - INFO - Saving checkpoint at 48000 iterations
2026/05/13 08:48:42 - mmengine - INFO - Iter(val) [ 200/1400]    eta: 0:00:56  time: 0.0463  data_time: 0.0019  memory: 2442  
2026/05/13 08:48:51 - mmengine - INFO - Iter(val) [ 400/1400]    eta: 0:00:46  time: 0.0470  data_time: 0.0019  memory: 2442  
2026/05/13 08:49:01 - mmengine - INFO - Iter(val) [ 600/1400]    eta: 0:00:37  time: 0.0465  data_time: 0.0017  memory: 2442  
2026/05/13 08:49:10 - mmengine - INFO - Iter(val) [ 800/1400]    eta: 0:00:28  time: 0.0462  data_time: 0.0018  memory: 2442  
2026/05/13 08:49:19 - mmengine - INFO - Iter(val) [1000/1400]    eta: 0:00:18  time: 0.0462  data_time: 0.0019  memory: 2442  
2026/05/13 08:49:29 - mmengine - INFO - Iter(val) [1200/1400]    eta: 0:00:09  time: 0.0465  data_time: 0.0019  memory: 2442  
2026/05/13 08:49:38 - mmengine - INFO - Iter(val) [1400/1400]    eta: 0:00:00  time: 0.0460  data_time: 0.0017  memory: 2442  
2026/05/13 08:49:38 - mmengine - INFO - per class results:
2026/05/13 08:49:38 - mmengine - INFO - 
+----------+-------+-------+--------+-----------+--------+
|  Class   |  IoU  |  Acc  | Fscore | Precision | Recall |
+----------+-------+-------+--------+-----------+--------+
| farmland | 60.75 | 75.13 | 75.58  |   76.04   | 75.13  |
|   city   | 54.31 |  73.4 | 70.39  |   67.62   |  73.4  |
| village  | 33.48 | 48.33 | 50.16  |   52.14   | 48.33  |
|  water   | 54.76 | 63.09 | 70.76  |   80.56   | 63.09  |
|  forest  |  80.4 | 92.81 | 89.14  |   85.74   | 92.81  |
|   road   | 23.45 | 32.26 |  38.0  |   46.22   | 32.26  |
|  other   | 14.71 | 18.25 | 25.64  |    43.1   | 18.25  |
+----------+-------+-------+--------+-----------+--------+
2026/05/13 08:49:38 - mmengine - INFO - Iter(val) [1400/1400]  aAcc: 79.5900  mIoU: 45.9800  mAcc: 57.6100  mFscore: 59.9500  mPrecision: 64.4900  mRecall: 57.6100  Kappa: 36.4500  data_time: 0.0017  time: 0.0460
2026/05/13 08:50:38 - mmengine - INFO - Iter(train) [48200/80000]  lr: 8.3994e-06  eta: 2:38:29  time: 0.2989  data_time: 0.0085  memory: 15828  grad_norm: 2.0491  loss: 0.6811  decode.loss_ce: 0.4793  decode.acc_seg: 75.6393  aux.loss_ce: 0.2019  aux.acc_seg: 74.5933
2026/05/13 08:51:38 - mmengine - INFO - Iter(train) [48400/80000]  lr: 8.3466e-06  eta: 2:37:30  time: 0.3013  data_time: 0.0090  memory: 15828  grad_norm: 1.9382  loss: 0.4828  decode.loss_ce: 0.3405  decode.acc_seg: 92.0939  aux.loss_ce: 0.1423  aux.acc_seg: 91.8960
2026/05/13 08:52:38 - mmengine - INFO - Iter(train) [48600/80000]  lr: 8.2938e-06  eta: 2:36:30  time: 0.3116  data_time: 0.0127  memory: 15828  grad_norm: 1.9974  loss: 0.6404  decode.loss_ce: 0.4495  decode.acc_seg: 76.5885  aux.loss_ce: 0.1909  aux.acc_seg: 77.0842
2026/05/13 08:53:38 - mmengine - INFO - Iter(train) [48800/80000]  lr: 8.2409e-06  eta: 2:35:31  time: 0.2993  data_time: 0.0088  memory: 15828  grad_norm: 1.7670  loss: 0.6119  decode.loss_ce: 0.4309  decode.acc_seg: 84.6629  aux.loss_ce: 0.1811  aux.acc_seg: 84.3122
2026/05/13 08:54:38 - mmengine - INFO - Exp name: new_weijie_whu_1xb4_80k_6e-4_dp10_ld90_20260513_043627
2026/05/13 08:54:38 - mmengine - INFO - Iter(train) [49000/80000]  lr: 8.1881e-06  eta: 2:34:31  time: 0.2981  data_time: 0.0083  memory: 15828  grad_norm: 1.9870  loss: 0.5911  decode.loss_ce: 0.4164  decode.acc_seg: 80.4742  aux.loss_ce: 0.1746  aux.acc_seg: 79.5280
2026/05/13 08:55:38 - mmengine - INFO - Iter(train) [49200/80000]  lr: 8.1353e-06  eta: 2:33:31  time: 0.2985  data_time: 0.0083  memory: 15828  grad_norm: 2.5624  loss: 0.5849  decode.loss_ce: 0.4094  decode.acc_seg: 80.9501  aux.loss_ce: 0.1756  aux.acc_seg: 79.7234
2026/05/13 08:56:38 - mmengine - INFO - Iter(train) [49400/80000]  lr: 8.0825e-06  eta: 2:32:31  time: 0.2988  data_time: 0.0086  memory: 15828  grad_norm: 3.2295  loss: 0.7004  decode.loss_ce: 0.4923  decode.acc_seg: 77.7455  aux.loss_ce: 0.2082  aux.acc_seg: 75.8954
2026/05/13 08:57:37 - mmengine - INFO - Iter(train) [49600/80000]  lr: 8.0296e-06  eta: 2:31:31  time: 0.2990  data_time: 0.0086  memory: 15828  grad_norm: 1.8442  loss: 0.6538  decode.loss_ce: 0.4581  decode.acc_seg: 70.9852  aux.loss_ce: 0.1957  aux.acc_seg: 72.0606
2026/05/13 08:58:37 - mmengine - INFO - Iter(train) [49800/80000]  lr: 7.9768e-06  eta: 2:30:31  time: 0.2983  data_time: 0.0082  memory: 15828  grad_norm: 2.1615  loss: 0.6461  decode.loss_ce: 0.4559  decode.acc_seg: 88.1340  aux.loss_ce: 0.1902  aux.acc_seg: 87.7437
2026/05/13 08:59:37 - mmengine - INFO - Exp name: new_weijie_whu_1xb4_80k_6e-4_dp10_ld90_20260513_043627
2026/05/13 08:59:37 - mmengine - INFO - Iter(train) [50000/80000]  lr: 7.9240e-06  eta: 2:29:31  time: 0.2989  data_time: 0.0083  memory: 15828  grad_norm: 1.9236  loss: 0.7450  decode.loss_ce: 0.5233  decode.acc_seg: 80.4741  aux.loss_ce: 0.2216  aux.acc_seg: 80.6608
2026/05/13 09:00:37 - mmengine - INFO - Iter(train) [50200/80000]  lr: 7.8712e-06  eta: 2:28:32  time: 0.2981  data_time: 0.0080  memory: 15828  grad_norm: 2.0866  loss: 0.6413  decode.loss_ce: 0.4505  decode.acc_seg: 66.9229  aux.loss_ce: 0.1907  aux.acc_seg: 65.7957
2026/05/13 09:01:37 - mmengine - INFO - Iter(train) [50400/80000]  lr: 7.8183e-06  eta: 2:27:32  time: 0.2981  data_time: 0.0081  memory: 15828  grad_norm: 1.9002  loss: 0.6998  decode.loss_ce: 0.4917  decode.acc_seg: 86.3385  aux.loss_ce: 0.2081  aux.acc_seg: 83.4616
2026/05/13 09:02:36 - mmengine - INFO - Iter(train) [50600/80000]  lr: 7.7655e-06  eta: 2:26:32  time: 0.2985  data_time: 0.0081  memory: 15828  grad_norm: 1.8987  loss: 0.5845  decode.loss_ce: 0.4109  decode.acc_seg: 84.2692  aux.loss_ce: 0.1736  aux.acc_seg: 83.7373
2026/05/13 09:03:36 - mmengine - INFO - Iter(train) [50800/80000]  lr: 7.7127e-06  eta: 2:25:32  time: 0.2986  data_time: 0.0086  memory: 15828  grad_norm: 2.1714  loss: 0.6206  decode.loss_ce: 0.4357  decode.acc_seg: 82.0809  aux.loss_ce: 0.1849  aux.acc_seg: 81.1702
2026/05/13 09:04:36 - mmengine - INFO - Exp name: new_weijie_whu_1xb4_80k_6e-4_dp10_ld90_20260513_043627
2026/05/13 09:04:36 - mmengine - INFO - Iter(train) [51000/80000]  lr: 7.6599e-06  eta: 2:24:32  time: 0.2988  data_time: 0.0085  memory: 15828  grad_norm: 2.2251  loss: 0.6431  decode.loss_ce: 0.4525  decode.acc_seg: 80.4349  aux.loss_ce: 0.1906  aux.acc_seg: 79.9146
2026/05/13 09:05:36 - mmengine - INFO - Iter(train) [51200/80000]  lr: 7.6070e-06  eta: 2:23:32  time: 0.2980  data_time: 0.0082  memory: 15828  grad_norm: 1.7940  loss: 0.5988  decode.loss_ce: 0.4200  decode.acc_seg: 84.1102  aux.loss_ce: 0.1788  aux.acc_seg: 83.0019
2026/05/13 09:06:35 - mmengine - INFO - Iter(train) [51400/80000]  lr: 7.5542e-06  eta: 2:22:32  time: 0.2985  data_time: 0.0084  memory: 15828  grad_norm: 2.0417  loss: 0.6124  decode.loss_ce: 0.4307  decode.acc_seg: 78.1274  aux.loss_ce: 0.1818  aux.acc_seg: 76.8549
2026/05/13 09:07:35 - mmengine - INFO - Iter(train) [51600/80000]  lr: 7.5014e-06  eta: 2:21:33  time: 0.2985  data_time: 0.0084  memory: 15828  grad_norm: 3.1366  loss: 0.6287  decode.loss_ce: 0.4469  decode.acc_seg: 82.2508  aux.loss_ce: 0.1817  aux.acc_seg: 81.5323
2026/05/13 09:08:35 - mmengine - INFO - Iter(train) [51800/80000]  lr: 7.4485e-06  eta: 2:20:33  time: 0.2981  data_time: 0.0081  memory: 15828  grad_norm: 2.3540  loss: 0.6454  decode.loss_ce: 0.4571  decode.acc_seg: 83.5866  aux.loss_ce: 0.1884  aux.acc_seg: 83.0375
2026/05/13 09:09:35 - mmengine - INFO - Exp name: new_weijie_whu_1xb4_80k_6e-4_dp10_ld90_20260513_043627
2026/05/13 09:09:35 - mmengine - INFO - Iter(train) [52000/80000]  lr: 7.3957e-06  eta: 2:19:33  time: 0.2989  data_time: 0.0086  memory: 15828  grad_norm: 2.1060  loss: 0.6335  decode.loss_ce: 0.4467  decode.acc_seg: 82.2729  aux.loss_ce: 0.1868  aux.acc_seg: 81.0145
2026/05/13 09:09:35 - mmengine - INFO - Saving checkpoint at 52000 iterations
2026/05/13 09:09:49 - mmengine - INFO - Iter(val) [ 200/1400]    eta: 0:00:59  time: 0.0460  data_time: 0.0018  memory: 2442  
2026/05/13 09:09:58 - mmengine - INFO - Iter(val) [ 400/1400]    eta: 0:00:48  time: 0.0468  data_time: 0.0018  memory: 2442  
2026/05/13 09:10:07 - mmengine - INFO - Iter(val) [ 600/1400]    eta: 0:00:38  time: 0.0463  data_time: 0.0018  memory: 2442  
2026/05/13 09:10:17 - mmengine - INFO - Iter(val) [ 800/1400]    eta: 0:00:28  time: 0.0462  data_time: 0.0019  memory: 2442  
2026/05/13 09:10:26 - mmengine - INFO - Iter(val) [1000/1400]    eta: 0:00:18  time: 0.0463  data_time: 0.0019  memory: 2442  
2026/05/13 09:10:35 - mmengine - INFO - Iter(val) [1200/1400]    eta: 0:00:09  time: 0.0464  data_time: 0.0018  memory: 2442  
2026/05/13 09:10:45 - mmengine - INFO - Iter(val) [1400/1400]    eta: 0:00:00  time: 0.0464  data_time: 0.0018  memory: 2442  
2026/05/13 09:10:45 - mmengine - INFO - per class results:
2026/05/13 09:10:45 - mmengine - INFO - 
+----------+-------+-------+--------+-----------+--------+
|  Class   |  IoU  |  Acc  | Fscore | Precision | Recall |
+----------+-------+-------+--------+-----------+--------+
| farmland |  61.1 | 76.09 | 75.85  |   75.62   | 76.09  |
|   city   |  52.0 | 78.95 | 68.42  |   60.37   | 78.95  |
| village  | 32.55 | 43.31 | 49.11  |   56.71   | 43.31  |
|  water   | 54.53 | 63.52 | 70.57  |   79.39   | 63.52  |
|  forest  | 80.56 |  92.5 | 89.23  |   86.19   |  92.5  |
|   road   | 22.53 | 31.07 | 36.78  |   45.06   | 31.07  |
|  other   |  13.0 | 15.24 | 23.01  |   47.01   | 15.24  |
+----------+-------+-------+--------+-----------+--------+
2026/05/13 09:10:45 - mmengine - INFO - Iter(val) [1400/1400]  aAcc: 79.6600  mIoU: 45.1800  mAcc: 57.2400  mFscore: 59.0000  mPrecision: 64.3400  mRecall: 57.2400  Kappa: 36.3200  data_time: 0.0018  time: 0.0464
2026/05/13 09:11:44 - mmengine - INFO - Iter(train) [52200/80000]  lr: 7.3429e-06  eta: 2:18:33  time: 0.2997  data_time: 0.0088  memory: 15828  grad_norm: 2.0600  loss: 0.5524  decode.loss_ce: 0.3893  decode.acc_seg: 81.2537  aux.loss_ce: 0.1630  aux.acc_seg: 80.0814
2026/05/13 09:12:44 - mmengine - INFO - Iter(train) [52400/80000]  lr: 7.2901e-06  eta: 2:17:33  time: 0.2990  data_time: 0.0085  memory: 15828  grad_norm: 1.7963  loss: 0.7035  decode.loss_ce: 0.4944  decode.acc_seg: 79.2156  aux.loss_ce: 0.2092  aux.acc_seg: 78.6063
2026/05/13 09:13:44 - mmengine - INFO - Iter(train) [52600/80000]  lr: 7.2372e-06  eta: 2:16:34  time: 0.2985  data_time: 0.0084  memory: 15828  grad_norm: 2.3392  loss: 0.6771  decode.loss_ce: 0.4750  decode.acc_seg: 85.1495  aux.loss_ce: 0.2022  aux.acc_seg: 84.3625
2026/05/13 09:14:44 - mmengine - INFO - Iter(train) [52800/80000]  lr: 7.1844e-06  eta: 2:15:34  time: 0.2977  data_time: 0.0079  memory: 15828  grad_norm: 3.2418  loss: 0.7444  decode.loss_ce: 0.5212  decode.acc_seg: 80.4176  aux.loss_ce: 0.2232  aux.acc_seg: 79.6130
2026/05/13 09:15:44 - mmengine - INFO - Exp name: new_weijie_whu_1xb4_80k_6e-4_dp10_ld90_20260513_043627
2026/05/13 09:15:44 - mmengine - INFO - Iter(train) [53000/80000]  lr: 7.1316e-06  eta: 2:14:34  time: 0.2992  data_time: 0.0087  memory: 15828  grad_norm: 1.9410  loss: 0.6138  decode.loss_ce: 0.4310  decode.acc_seg: 86.3823  aux.loss_ce: 0.1828  aux.acc_seg: 85.6751
2026/05/13 09:16:43 - mmengine - INFO - Iter(train) [53200/80000]  lr: 7.0788e-06  eta: 2:13:34  time: 0.2980  data_time: 0.0080  memory: 15828  grad_norm: 3.1669  loss: 0.7922  decode.loss_ce: 0.5557  decode.acc_seg: 69.8506  aux.loss_ce: 0.2364  aux.acc_seg: 69.2189
2026/05/13 09:17:43 - mmengine - INFO - Iter(train) [53400/80000]  lr: 7.0259e-06  eta: 2:12:34  time: 0.2990  data_time: 0.0085  memory: 15828  grad_norm: 1.5203  loss: 0.6258  decode.loss_ce: 0.4387  decode.acc_seg: 77.8272  aux.loss_ce: 0.1871  aux.acc_seg: 76.6720
2026/05/13 09:18:43 - mmengine - INFO - Iter(train) [53600/80000]  lr: 6.9731e-06  eta: 2:11:34  time: 0.2996  data_time: 0.0086  memory: 15828  grad_norm: 1.8903  loss: 0.6144  decode.loss_ce: 0.4323  decode.acc_seg: 82.0568  aux.loss_ce: 0.1821  aux.acc_seg: 81.5697
2026/05/13 09:19:43 - mmengine - INFO - Iter(train) [53800/80000]  lr: 6.9203e-06  eta: 2:10:35  time: 0.2985  data_time: 0.0083  memory: 15828  grad_norm: 2.3053  loss: 0.6480  decode.loss_ce: 0.4537  decode.acc_seg: 69.9470  aux.loss_ce: 0.1943  aux.acc_seg: 68.2703
2026/05/13 09:20:43 - mmengine - INFO - Exp name: new_weijie_whu_1xb4_80k_6e-4_dp10_ld90_20260513_043627
2026/05/13 09:20:43 - mmengine - INFO - Iter(train) [54000/80000]  lr: 6.8675e-06  eta: 2:09:35  time: 0.2993  data_time: 0.0085  memory: 15828  grad_norm: 2.5917  loss: 0.7153  decode.loss_ce: 0.5039  decode.acc_seg: 81.4475  aux.loss_ce: 0.2114  aux.acc_seg: 80.1673
2026/05/13 09:21:43 - mmengine - INFO - Iter(train) [54200/80000]  lr: 6.8146e-06  eta: 2:08:35  time: 0.3108  data_time: 0.0124  memory: 15828  grad_norm: 2.3956  loss: 0.7227  decode.loss_ce: 0.5086  decode.acc_seg: 84.6320  aux.loss_ce: 0.2141  aux.acc_seg: 84.3441
2026/05/13 09:22:43 - mmengine - INFO - Iter(train) [54400/80000]  lr: 6.7618e-06  eta: 2:07:35  time: 0.2982  data_time: 0.0080  memory: 15828  grad_norm: 1.6469  loss: 0.5965  decode.loss_ce: 0.4188  decode.acc_seg: 79.9529  aux.loss_ce: 0.1777  aux.acc_seg: 79.4150
2026/05/13 09:23:43 - mmengine - INFO - Iter(train) [54600/80000]  lr: 6.7090e-06  eta: 2:06:36  time: 0.2987  data_time: 0.0084  memory: 15828  grad_norm: 1.8674  loss: 0.5746  decode.loss_ce: 0.4043  decode.acc_seg: 85.9941  aux.loss_ce: 0.1703  aux.acc_seg: 86.4471
2026/05/13 09:24:42 - mmengine - INFO - Iter(train) [54800/80000]  lr: 6.6561e-06  eta: 2:05:36  time: 0.2983  data_time: 0.0082  memory: 15828  grad_norm: 2.1693  loss: 0.6082  decode.loss_ce: 0.4235  decode.acc_seg: 81.6226  aux.loss_ce: 0.1848  aux.acc_seg: 80.5192
2026/05/13 09:25:42 - mmengine - INFO - Exp name: new_weijie_whu_1xb4_80k_6e-4_dp10_ld90_20260513_043627
2026/05/13 09:25:42 - mmengine - INFO - Iter(train) [55000/80000]  lr: 6.6033e-06  eta: 2:04:36  time: 0.2987  data_time: 0.0083  memory: 15828  grad_norm: 2.3495  loss: 0.6661  decode.loss_ce: 0.4664  decode.acc_seg: 74.4995  aux.loss_ce: 0.1998  aux.acc_seg: 73.2989
2026/05/13 09:26:42 - mmengine - INFO - Iter(train) [55200/80000]  lr: 6.5505e-06  eta: 2:03:36  time: 0.2986  data_time: 0.0085  memory: 15828  grad_norm: 2.0716  loss: 0.5437  decode.loss_ce: 0.3824  decode.acc_seg: 72.0684  aux.loss_ce: 0.1613  aux.acc_seg: 70.1310
2026/05/13 09:27:42 - mmengine - INFO - Iter(train) [55400/80000]  lr: 6.4977e-06  eta: 2:02:36  time: 0.2986  data_time: 0.0083  memory: 15828  grad_norm: 1.9045  loss: 0.5649  decode.loss_ce: 0.3959  decode.acc_seg: 95.1888  aux.loss_ce: 0.1690  aux.acc_seg: 94.6719
2026/05/13 09:28:42 - mmengine - INFO - Iter(train) [55600/80000]  lr: 6.4448e-06  eta: 2:01:36  time: 0.2984  data_time: 0.0081  memory: 15828  grad_norm: 2.2409  loss: 0.6366  decode.loss_ce: 0.4485  decode.acc_seg: 79.8258  aux.loss_ce: 0.1881  aux.acc_seg: 78.3892
2026/05/13 09:29:41 - mmengine - INFO - Iter(train) [55800/80000]  lr: 6.3920e-06  eta: 2:00:37  time: 0.2996  data_time: 0.0087  memory: 15828  grad_norm: 2.5165  loss: 0.6204  decode.loss_ce: 0.4358  decode.acc_seg: 91.0467  aux.loss_ce: 0.1846  aux.acc_seg: 90.6286
2026/05/13 09:30:41 - mmengine - INFO - Exp name: new_weijie_whu_1xb4_80k_6e-4_dp10_ld90_20260513_043627
2026/05/13 09:30:41 - mmengine - INFO - Iter(train) [56000/80000]  lr: 6.3392e-06  eta: 1:59:37  time: 0.2989  data_time: 0.0084  memory: 15828  grad_norm: 2.0688  loss: 0.6585  decode.loss_ce: 0.4638  decode.acc_seg: 80.0328  aux.loss_ce: 0.1948  aux.acc_seg: 80.1420
2026/05/13 09:30:41 - mmengine - INFO - Saving checkpoint at 56000 iterations
2026/05/13 09:30:55 - mmengine - INFO - Iter(val) [ 200/1400]    eta: 0:00:55  time: 0.0462  data_time: 0.0019  memory: 2442  
2026/05/13 09:31:04 - mmengine - INFO - Iter(val) [ 400/1400]    eta: 0:00:46  time: 0.0469  data_time: 0.0018  memory: 2442  
2026/05/13 09:31:13 - mmengine - INFO - Iter(val) [ 600/1400]    eta: 0:00:37  time: 0.0462  data_time: 0.0018  memory: 2442  
2026/05/13 09:31:22 - mmengine - INFO - Iter(val) [ 800/1400]    eta: 0:00:27  time: 0.0464  data_time: 0.0020  memory: 2442  
2026/05/13 09:31:32 - mmengine - INFO - Iter(val) [1000/1400]    eta: 0:00:18  time: 0.0462  data_time: 0.0019  memory: 2442  
2026/05/13 09:31:41 - mmengine - INFO - Iter(val) [1200/1400]    eta: 0:00:09  time: 0.0469  data_time: 0.0020  memory: 2442  
2026/05/13 09:31:50 - mmengine - INFO - Iter(val) [1400/1400]    eta: 0:00:00  time: 0.0465  data_time: 0.0018  memory: 2442  
2026/05/13 09:31:50 - mmengine - INFO - per class results:
2026/05/13 09:31:50 - mmengine - INFO - 
+----------+-------+-------+--------+-----------+--------+
|  Class   |  IoU  |  Acc  | Fscore | Precision | Recall |
+----------+-------+-------+--------+-----------+--------+
| farmland | 60.52 |  73.9 |  75.4  |   76.97   |  73.9  |
|   city   | 53.96 |  74.0 | 70.09  |   66.58   |  74.0  |
| village  | 33.69 | 48.49 |  50.4  |   52.47   | 48.49  |
|  water   | 54.39 | 62.75 | 70.46  |   80.34   | 62.75  |
|  forest  | 79.79 | 93.24 | 88.76  |   84.69   | 93.24  |
|   road   |  24.1 | 33.55 | 38.84  |   46.11   | 33.55  |
|  other   | 13.89 | 17.26 | 24.39  |   41.55   | 17.26  |
+----------+-------+-------+--------+-----------+--------+
2026/05/13 09:31:50 - mmengine - INFO - Iter(val) [1400/1400]  aAcc: 79.3700  mIoU: 45.7600  mAcc: 57.6000  mFscore: 59.7600  mPrecision: 64.1000  mRecall: 57.6000  Kappa: 35.9500  data_time: 0.0018  time: 0.0465
2026/05/13 09:32:50 - mmengine - INFO - Iter(train) [56200/80000]  lr: 6.2864e-06  eta: 1:58:37  time: 0.2981  data_time: 0.0081  memory: 15828  grad_norm: 2.9385  loss: 0.6873  decode.loss_ce: 0.4797  decode.acc_seg: 74.4024  aux.loss_ce: 0.2076  aux.acc_seg: 72.5691
2026/05/13 09:33:50 - mmengine - INFO - Iter(train) [56400/80000]  lr: 6.2335e-06  eta: 1:57:37  time: 0.2989  data_time: 0.0086  memory: 15828  grad_norm: 1.9413  loss: 0.6274  decode.loss_ce: 0.4412  decode.acc_seg: 76.0216  aux.loss_ce: 0.1861  aux.acc_seg: 74.5492
2026/05/13 09:34:49 - mmengine - INFO - Iter(train) [56600/80000]  lr: 6.1807e-06  eta: 1:56:37  time: 0.2987  data_time: 0.0085  memory: 15828  grad_norm: 2.0569  loss: 0.6101  decode.loss_ce: 0.4258  decode.acc_seg: 83.0369  aux.loss_ce: 0.1844  aux.acc_seg: 82.4706
2026/05/13 09:35:49 - mmengine - INFO - Iter(train) [56800/80000]  lr: 6.1279e-06  eta: 1:55:37  time: 0.2981  data_time: 0.0081  memory: 15828  grad_norm: 2.2352  loss: 0.6316  decode.loss_ce: 0.4447  decode.acc_seg: 85.2976  aux.loss_ce: 0.1869  aux.acc_seg: 84.9280
2026/05/13 09:36:49 - mmengine - INFO - Exp name: new_weijie_whu_1xb4_80k_6e-4_dp10_ld90_20260513_043627
2026/05/13 09:36:49 - mmengine - INFO - Iter(train) [57000/80000]  lr: 6.0751e-06  eta: 1:54:38  time: 0.2986  data_time: 0.0084  memory: 15828  grad_norm: 2.5406  loss: 0.6331  decode.loss_ce: 0.4441  decode.acc_seg: 80.8657  aux.loss_ce: 0.1890  aux.acc_seg: 78.7028
2026/05/13 09:37:49 - mmengine - INFO - Iter(train) [57200/80000]  lr: 6.0222e-06  eta: 1:53:38  time: 0.2979  data_time: 0.0081  memory: 15828  grad_norm: 2.7147  loss: 0.6105  decode.loss_ce: 0.4292  decode.acc_seg: 88.1483  aux.loss_ce: 0.1813  aux.acc_seg: 87.1435
2026/05/13 09:38:48 - mmengine - INFO - Iter(train) [57400/80000]  lr: 5.9694e-06  eta: 1:52:38  time: 0.2994  data_time: 0.0088  memory: 15828  grad_norm: 2.5353  loss: 0.7400  decode.loss_ce: 0.5187  decode.acc_seg: 77.9446  aux.loss_ce: 0.2213  aux.acc_seg: 75.7687
2026/05/13 09:39:48 - mmengine - INFO - Iter(train) [57600/80000]  lr: 5.9166e-06  eta: 1:51:38  time: 0.2991  data_time: 0.0086  memory: 15828  grad_norm: 2.4236  loss: 0.6336  decode.loss_ce: 0.4411  decode.acc_seg: 85.9351  aux.loss_ce: 0.1926  aux.acc_seg: 85.2880
2026/05/13 09:40:48 - mmengine - INFO - Iter(train) [57800/80000]  lr: 5.8638e-06  eta: 1:50:38  time: 0.2978  data_time: 0.0080  memory: 15828  grad_norm: 1.9233  loss: 0.5645  decode.loss_ce: 0.3981  decode.acc_seg: 76.3474  aux.loss_ce: 0.1665  aux.acc_seg: 75.2887
2026/05/13 09:41:48 - mmengine - INFO - Exp name: new_weijie_whu_1xb4_80k_6e-4_dp10_ld90_20260513_043627
2026/05/13 09:41:48 - mmengine - INFO - Iter(train) [58000/80000]  lr: 5.8109e-06  eta: 1:49:38  time: 0.2993  data_time: 0.0085  memory: 15828  grad_norm: 2.9404  loss: 0.6731  decode.loss_ce: 0.4729  decode.acc_seg: 78.7923  aux.loss_ce: 0.2002  aux.acc_seg: 78.1761
2026/05/13 09:42:48 - mmengine - INFO - Iter(train) [58200/80000]  lr: 5.7581e-06  eta: 1:48:39  time: 0.2990  data_time: 0.0086  memory: 15828  grad_norm: 1.8648  loss: 0.5964  decode.loss_ce: 0.4181  decode.acc_seg: 93.8772  aux.loss_ce: 0.1783  aux.acc_seg: 92.7030
2026/05/13 09:43:47 - mmengine - INFO - Iter(train) [58400/80000]  lr: 5.7053e-06  eta: 1:47:39  time: 0.2997  data_time: 0.0086  memory: 15828  grad_norm: 1.9486  loss: 0.5407  decode.loss_ce: 0.3798  decode.acc_seg: 84.9978  aux.loss_ce: 0.1609  aux.acc_seg: 84.6397
2026/05/13 09:44:47 - mmengine - INFO - Iter(train) [58600/80000]  lr: 5.6524e-06  eta: 1:46:39  time: 0.2985  data_time: 0.0083  memory: 15828  grad_norm: 1.9323  loss: 0.6157  decode.loss_ce: 0.4322  decode.acc_seg: 81.5534  aux.loss_ce: 0.1835  aux.acc_seg: 79.6060
2026/05/13 09:45:47 - mmengine - INFO - Iter(train) [58800/80000]  lr: 5.5996e-06  eta: 1:45:39  time: 0.2999  data_time: 0.0087  memory: 15828  grad_norm: 2.7874  loss: 0.6928  decode.loss_ce: 0.4868  decode.acc_seg: 81.9255  aux.loss_ce: 0.2060  aux.acc_seg: 81.5890
2026/05/13 09:46:47 - mmengine - INFO - Exp name: new_weijie_whu_1xb4_80k_6e-4_dp10_ld90_20260513_043627
2026/05/13 09:46:47 - mmengine - INFO - Iter(train) [59000/80000]  lr: 5.5468e-06  eta: 1:44:39  time: 0.2986  data_time: 0.0082  memory: 15828  grad_norm: 1.6919  loss: 0.5765  decode.loss_ce: 0.4033  decode.acc_seg: 85.6369  aux.loss_ce: 0.1732  aux.acc_seg: 85.0764
2026/05/13 09:47:47 - mmengine - INFO - Iter(train) [59200/80000]  lr: 5.4940e-06  eta: 1:43:40  time: 0.2988  data_time: 0.0085  memory: 15828  grad_norm: 2.3939  loss: 0.5623  decode.loss_ce: 0.3925  decode.acc_seg: 81.4511  aux.loss_ce: 0.1698  aux.acc_seg: 79.7805
2026/05/13 09:48:47 - mmengine - INFO - Iter(train) [59400/80000]  lr: 5.4411e-06  eta: 1:42:40  time: 0.2982  data_time: 0.0081  memory: 15828  grad_norm: 1.8750  loss: 0.5918  decode.loss_ce: 0.4166  decode.acc_seg: 80.8868  aux.loss_ce: 0.1752  aux.acc_seg: 79.3189
2026/05/13 09:49:46 - mmengine - INFO - Iter(train) [59600/80000]  lr: 5.3883e-06  eta: 1:41:40  time: 0.2983  data_time: 0.0082  memory: 15828  grad_norm: 2.8397  loss: 0.6600  decode.loss_ce: 0.4647  decode.acc_seg: 81.1823  aux.loss_ce: 0.1954  aux.acc_seg: 80.2198
2026/05/13 09:50:46 - mmengine - INFO - Iter(train) [59800/80000]  lr: 5.3355e-06  eta: 1:40:40  time: 0.2987  data_time: 0.0084  memory: 15828  grad_norm: 1.8521  loss: 0.6026  decode.loss_ce: 0.4255  decode.acc_seg: 86.8597  aux.loss_ce: 0.1771  aux.acc_seg: 85.7312
2026/05/13 09:51:46 - mmengine - INFO - Exp name: new_weijie_whu_1xb4_80k_6e-4_dp10_ld90_20260513_043627
2026/05/13 09:51:46 - mmengine - INFO - Iter(train) [60000/80000]  lr: 5.2827e-06  eta: 1:39:40  time: 0.2976  data_time: 0.0079  memory: 15828  grad_norm: 1.8267  loss: 0.4992  decode.loss_ce: 0.3507  decode.acc_seg: 88.7028  aux.loss_ce: 0.1486  aux.acc_seg: 89.7046
2026/05/13 09:51:46 - mmengine - INFO - Saving checkpoint at 60000 iterations
2026/05/13 09:51:59 - mmengine - INFO - Iter(val) [ 200/1400]    eta: 0:00:55  time: 0.0459  data_time: 0.0018  memory: 2442  
2026/05/13 09:52:08 - mmengine - INFO - Iter(val) [ 400/1400]    eta: 0:00:46  time: 0.0470  data_time: 0.0019  memory: 2442  
2026/05/13 09:52:17 - mmengine - INFO - Iter(val) [ 600/1400]    eta: 0:00:37  time: 0.0464  data_time: 0.0019  memory: 2442  
2026/05/13 09:52:27 - mmengine - INFO - Iter(val) [ 800/1400]    eta: 0:00:27  time: 0.0460  data_time: 0.0019  memory: 2442  
2026/05/13 09:52:36 - mmengine - INFO - Iter(val) [1000/1400]    eta: 0:00:18  time: 0.0461  data_time: 0.0019  memory: 2442  
2026/05/13 09:52:45 - mmengine - INFO - Iter(val) [1200/1400]    eta: 0:00:09  time: 0.0464  data_time: 0.0019  memory: 2442  
2026/05/13 09:52:54 - mmengine - INFO - Iter(val) [1400/1400]    eta: 0:00:00  time: 0.0462  data_time: 0.0018  memory: 2442  
2026/05/13 09:52:55 - mmengine - INFO - per class results:
2026/05/13 09:52:55 - mmengine - INFO - 
+----------+-------+-------+--------+-----------+--------+
|  Class   |  IoU  |  Acc  | Fscore | Precision | Recall |
+----------+-------+-------+--------+-----------+--------+
| farmland | 61.26 | 74.89 | 75.98  |    77.1   | 74.89  |
|   city   | 52.81 |  74.1 | 69.12  |   64.77   |  74.1  |
| village  | 34.32 | 52.69 |  51.1  |   49.61   | 52.69  |
|  water   | 55.42 | 64.03 | 71.31  |   80.46   | 64.03  |
|  forest  | 80.86 |  92.7 | 89.42  |   86.36   |  92.7  |
|   road   | 24.28 | 34.43 | 39.08  |   45.17   | 34.43  |
|  other   | 13.79 | 16.65 | 24.24  |   44.55   | 16.65  |
+----------+-------+-------+--------+-----------+--------+
2026/05/13 09:52:55 - mmengine - INFO - Iter(val) [1400/1400]  aAcc: 79.8000  mIoU: 46.1100  mAcc: 58.5000  mFscore: 60.0400  mPrecision: 64.0000  mRecall: 58.5000  Kappa: 35.7600  data_time: 0.0018  time: 0.0462
2026/05/13 09:52:55 - mmengine - INFO - The previous best checkpoint /root/det/work_dirs/weijie_whu_1xb4_80k_6e-4/best_aAcc_iter_44000.pth is removed
2026/05/13 09:52:56 - mmengine - INFO - The best checkpoint with 79.8000 aAcc at 60000 iter is saved to best_aAcc_iter_60000.pth.
2026/05/13 09:53:56 - mmengine - INFO - Iter(train) [60200/80000]  lr: 5.2298e-06  eta: 1:38:41  time: 0.2981  data_time: 0.0081  memory: 15828  grad_norm: 2.3002  loss: 0.6144  decode.loss_ce: 0.4301  decode.acc_seg: 78.0645  aux.loss_ce: 0.1842  aux.acc_seg: 76.5617
2026/05/13 09:54:56 - mmengine - INFO - Iter(train) [60400/80000]  lr: 5.1770e-06  eta: 1:37:41  time: 0.2986  data_time: 0.0083  memory: 15828  grad_norm: 1.9053  loss: 0.6251  decode.loss_ce: 0.4419  decode.acc_seg: 80.5440  aux.loss_ce: 0.1831  aux.acc_seg: 80.0727
2026/05/13 09:55:56 - mmengine - INFO - Iter(train) [60600/80000]  lr: 5.1242e-06  eta: 1:36:41  time: 0.2994  data_time: 0.0086  memory: 15828  grad_norm: 3.3898  loss: 0.6603  decode.loss_ce: 0.4599  decode.acc_seg: 77.6566  aux.loss_ce: 0.2003  aux.acc_seg: 75.7665
2026/05/13 09:56:55 - mmengine - INFO - Iter(train) [60800/80000]  lr: 5.0714e-06  eta: 1:35:42  time: 0.2980  data_time: 0.0082  memory: 15828  grad_norm: 1.5396  loss: 0.4618  decode.loss_ce: 0.3230  decode.acc_seg: 79.0507  aux.loss_ce: 0.1388  aux.acc_seg: 77.4133
2026/05/13 09:57:55 - mmengine - INFO - Exp name: new_weijie_whu_1xb4_80k_6e-4_dp10_ld90_20260513_043627
2026/05/13 09:57:55 - mmengine - INFO - Iter(train) [61000/80000]  lr: 5.0185e-06  eta: 1:34:42  time: 0.2993  data_time: 0.0088  memory: 15828  grad_norm: 1.5697  loss: 0.5604  decode.loss_ce: 0.3940  decode.acc_seg: 81.4939  aux.loss_ce: 0.1664  aux.acc_seg: 80.8262
2026/05/13 09:58:55 - mmengine - INFO - Iter(train) [61200/80000]  lr: 4.9657e-06  eta: 1:33:42  time: 0.2990  data_time: 0.0086  memory: 15828  grad_norm: 2.2149  loss: 0.6400  decode.loss_ce: 0.4497  decode.acc_seg: 85.6743  aux.loss_ce: 0.1903  aux.acc_seg: 84.8447
2026/05/13 09:59:55 - mmengine - INFO - Iter(train) [61400/80000]  lr: 4.9129e-06  eta: 1:32:42  time: 0.3000  data_time: 0.0091  memory: 15828  grad_norm: 2.1630  loss: 0.6615  decode.loss_ce: 0.4631  decode.acc_seg: 79.1610  aux.loss_ce: 0.1983  aux.acc_seg: 77.8206
2026/05/13 10:00:55 - mmengine - INFO - Iter(train) [61600/80000]  lr: 4.8600e-06  eta: 1:31:42  time: 0.2994  data_time: 0.0088  memory: 15828  grad_norm: 2.0377  loss: 0.6548  decode.loss_ce: 0.4597  decode.acc_seg: 79.2394  aux.loss_ce: 0.1951  aux.acc_seg: 78.0853
2026/05/13 10:01:55 - mmengine - INFO - Iter(train) [61800/80000]  lr: 4.8072e-06  eta: 1:30:42  time: 0.2986  data_time: 0.0084  memory: 15828  grad_norm: 2.1876  loss: 0.6962  decode.loss_ce: 0.4893  decode.acc_seg: 85.5708  aux.loss_ce: 0.2069  aux.acc_seg: 84.3236
2026/05/13 10:02:54 - mmengine - INFO - Exp name: new_weijie_whu_1xb4_80k_6e-4_dp10_ld90_20260513_043627
2026/05/13 10:02:54 - mmengine - INFO - Iter(train) [62000/80000]  lr: 4.7544e-06  eta: 1:29:43  time: 0.2981  data_time: 0.0080  memory: 15828  grad_norm: 3.3524  loss: 0.5403  decode.loss_ce: 0.3792  decode.acc_seg: 89.2837  aux.loss_ce: 0.1611  aux.acc_seg: 88.6437
2026/05/13 10:03:54 - mmengine - INFO - Iter(train) [62200/80000]  lr: 4.7016e-06  eta: 1:28:43  time: 0.2975  data_time: 0.0078  memory: 15828  grad_norm: 2.0862  loss: 0.5888  decode.loss_ce: 0.4126  decode.acc_seg: 88.8567  aux.loss_ce: 0.1762  aux.acc_seg: 87.6941
2026/05/13 10:04:54 - mmengine - INFO - Iter(train) [62400/80000]  lr: 4.6487e-06  eta: 1:27:43  time: 0.2978  data_time: 0.0080  memory: 15828  grad_norm: 1.9199  loss: 0.6102  decode.loss_ce: 0.4287  decode.acc_seg: 80.0096  aux.loss_ce: 0.1815  aux.acc_seg: 78.1655
2026/05/13 10:05:54 - mmengine - INFO - Iter(train) [62600/80000]  lr: 4.5959e-06  eta: 1:26:43  time: 0.2995  data_time: 0.0089  memory: 15828  grad_norm: 1.9175  loss: 0.6014  decode.loss_ce: 0.4225  decode.acc_seg: 81.4747  aux.loss_ce: 0.1789  aux.acc_seg: 80.5324
2026/05/13 10:06:54 - mmengine - INFO - Iter(train) [62800/80000]  lr: 4.5431e-06  eta: 1:25:43  time: 0.2994  data_time: 0.0086  memory: 15828  grad_norm: 1.9477  loss: 0.6413  decode.loss_ce: 0.4503  decode.acc_seg: 75.2426  aux.loss_ce: 0.1910  aux.acc_seg: 74.3205
2026/05/13 10:07:54 - mmengine - INFO - Exp name: new_weijie_whu_1xb4_80k_6e-4_dp10_ld90_20260513_043627
2026/05/13 10:07:54 - mmengine - INFO - Iter(train) [63000/80000]  lr: 4.4903e-06  eta: 1:24:44  time: 0.2995  data_time: 0.0087  memory: 15828  grad_norm: 2.1779  loss: 0.5239  decode.loss_ce: 0.3667  decode.acc_seg: 79.7565  aux.loss_ce: 0.1571  aux.acc_seg: 79.3532
2026/05/13 10:08:53 - mmengine - INFO - Iter(train) [63200/80000]  lr: 4.4374e-06  eta: 1:23:44  time: 0.2978  data_time: 0.0081  memory: 15828  grad_norm: 1.7309  loss: 0.5528  decode.loss_ce: 0.3859  decode.acc_seg: 86.4458  aux.loss_ce: 0.1669  aux.acc_seg: 85.2030
2026/05/13 10:09:53 - mmengine - INFO - Iter(train) [63400/80000]  lr: 4.3846e-06  eta: 1:22:44  time: 0.2991  data_time: 0.0085  memory: 15828  grad_norm: 1.6942  loss: 0.5164  decode.loss_ce: 0.3602  decode.acc_seg: 82.0725  aux.loss_ce: 0.1563  aux.acc_seg: 80.1450
2026/05/13 10:10:53 - mmengine - INFO - Iter(train) [63600/80000]  lr: 4.3318e-06  eta: 1:21:44  time: 0.2985  data_time: 0.0083  memory: 15828  grad_norm: 2.1940  loss: 0.5091  decode.loss_ce: 0.3562  decode.acc_seg: 80.3098  aux.loss_ce: 0.1529  aux.acc_seg: 79.5368
2026/05/13 10:11:53 - mmengine - INFO - Iter(train) [63800/80000]  lr: 4.2790e-06  eta: 1:20:44  time: 0.2988  data_time: 0.0085  memory: 15828  grad_norm: 2.4469  loss: 0.5079  decode.loss_ce: 0.3563  decode.acc_seg: 86.3561  aux.loss_ce: 0.1516  aux.acc_seg: 86.1894
2026/05/13 10:12:53 - mmengine - INFO - Exp name: new_weijie_whu_1xb4_80k_6e-4_dp10_ld90_20260513_043627
2026/05/13 10:12:53 - mmengine - INFO - Iter(train) [64000/80000]  lr: 4.2261e-06  eta: 1:19:45  time: 0.2994  data_time: 0.0088  memory: 15828  grad_norm: 1.8318  loss: 0.5727  decode.loss_ce: 0.3994  decode.acc_seg: 80.0285  aux.loss_ce: 0.1733  aux.acc_seg: 78.8916
2026/05/13 10:12:53 - mmengine - INFO - Saving checkpoint at 64000 iterations
2026/05/13 10:13:06 - mmengine - INFO - Iter(val) [ 200/1400]    eta: 0:00:55  time: 0.0461  data_time: 0.0019  memory: 2442  
2026/05/13 10:13:15 - mmengine - INFO - Iter(val) [ 400/1400]    eta: 0:00:46  time: 0.0468  data_time: 0.0018  memory: 2442  
2026/05/13 10:13:25 - mmengine - INFO - Iter(val) [ 600/1400]    eta: 0:00:37  time: 0.0466  data_time: 0.0019  memory: 2442  
2026/05/13 10:13:34 - mmengine - INFO - Iter(val) [ 800/1400]    eta: 0:00:27  time: 0.0461  data_time: 0.0019  memory: 2442  
2026/05/13 10:13:43 - mmengine - INFO - Iter(val) [1000/1400]    eta: 0:00:18  time: 0.0460  data_time: 0.0019  memory: 2442  
2026/05/13 10:13:53 - mmengine - INFO - Iter(val) [1200/1400]    eta: 0:00:09  time: 0.0465  data_time: 0.0019  memory: 2442  
2026/05/13 10:14:02 - mmengine - INFO - Iter(val) [1400/1400]    eta: 0:00:00  time: 0.0463  data_time: 0.0018  memory: 2442  
2026/05/13 10:14:02 - mmengine - INFO - per class results:
2026/05/13 10:14:02 - mmengine - INFO - 
+----------+-------+-------+--------+-----------+--------+
|  Class   |  IoU  |  Acc  | Fscore | Precision | Recall |
+----------+-------+-------+--------+-----------+--------+
| farmland | 60.34 |  73.7 | 75.26  |   76.89   |  73.7  |
|   city   | 52.53 | 72.52 | 68.88  |   65.59   | 72.52  |
| village  | 33.92 | 49.69 | 50.66  |   51.65   | 49.69  |
|  water   | 54.73 | 63.86 | 70.74  |    79.3   | 63.86  |
|  forest  | 80.19 | 93.26 | 89.01  |   85.12   | 93.26  |
|   road   | 23.11 | 30.03 | 37.54  |   50.05   | 30.03  |
|  other   | 13.56 | 16.41 | 23.88  |   43.87   | 16.41  |
+----------+-------+-------+--------+-----------+--------+
2026/05/13 10:14:02 - mmengine - INFO - Iter(val) [1400/1400]  aAcc: 79.4200  mIoU: 45.4800  mAcc: 57.0700  mFscore: 59.4200  mPrecision: 64.6400  mRecall: 57.0700  Kappa: 35.9700  data_time: 0.0018  time: 0.0463
2026/05/13 10:15:02 - mmengine - INFO - Iter(train) [64200/80000]  lr: 4.1733e-06  eta: 1:18:45  time: 0.2989  data_time: 0.0084  memory: 15828  grad_norm: 1.7236  loss: 0.6089  decode.loss_ce: 0.4269  decode.acc_seg: 79.7760  aux.loss_ce: 0.1820  aux.acc_seg: 77.8469
2026/05/13 10:16:02 - mmengine - INFO - Iter(train) [64400/80000]  lr: 4.1205e-06  eta: 1:17:45  time: 0.3000  data_time: 0.0090  memory: 15828  grad_norm: 1.6850  loss: 0.6090  decode.loss_ce: 0.4274  decode.acc_seg: 79.3906  aux.loss_ce: 0.1816  aux.acc_seg: 77.9861
2026/05/13 10:17:02 - mmengine - INFO - Iter(train) [64600/80000]  lr: 4.0676e-06  eta: 1:16:45  time: 0.2990  data_time: 0.0084  memory: 15828  grad_norm: 2.7049  loss: 0.5514  decode.loss_ce: 0.3857  decode.acc_seg: 74.2636  aux.loss_ce: 0.1657  aux.acc_seg: 70.7836
2026/05/13 10:18:01 - mmengine - INFO - Iter(train) [64800/80000]  lr: 4.0148e-06  eta: 1:15:45  time: 0.2984  data_time: 0.0083  memory: 15828  grad_norm: 2.4618  loss: 0.6384  decode.loss_ce: 0.4492  decode.acc_seg: 70.7286  aux.loss_ce: 0.1892  aux.acc_seg: 69.6898
2026/05/13 10:19:01 - mmengine - INFO - Exp name: new_weijie_whu_1xb4_80k_6e-4_dp10_ld90_20260513_043627
2026/05/13 10:19:01 - mmengine - INFO - Iter(train) [65000/80000]  lr: 3.9620e-06  eta: 1:14:46  time: 0.2999  data_time: 0.0089  memory: 15828  grad_norm: 2.4084  loss: 0.6681  decode.loss_ce: 0.4700  decode.acc_seg: 80.5142  aux.loss_ce: 0.1981  aux.acc_seg: 79.3256
2026/05/13 10:20:01 - mmengine - INFO - Iter(train) [65200/80000]  lr: 3.9092e-06  eta: 1:13:46  time: 0.2981  data_time: 0.0082  memory: 15828  grad_norm: 1.5068  loss: 0.5927  decode.loss_ce: 0.4151  decode.acc_seg: 79.3353  aux.loss_ce: 0.1776  aux.acc_seg: 77.8175
2026/05/13 10:21:01 - mmengine - INFO - Iter(train) [65400/80000]  lr: 3.8563e-06  eta: 1:12:46  time: 0.2997  data_time: 0.0086  memory: 15828  grad_norm: 3.6623  loss: 0.7628  decode.loss_ce: 0.5342  decode.acc_seg: 81.3219  aux.loss_ce: 0.2285  aux.acc_seg: 79.9959
2026/05/13 10:22:01 - mmengine - INFO - Iter(train) [65600/80000]  lr: 3.8035e-06  eta: 1:11:46  time: 0.3003  data_time: 0.0089  memory: 15828  grad_norm: 2.2563  loss: 0.5809  decode.loss_ce: 0.4070  decode.acc_seg: 78.3763  aux.loss_ce: 0.1738  aux.acc_seg: 77.3452
2026/05/13 10:23:01 - mmengine - INFO - Iter(train) [65800/80000]  lr: 3.7507e-06  eta: 1:10:46  time: 0.3002  data_time: 0.0088  memory: 15828  grad_norm: 3.1159  loss: 0.5845  decode.loss_ce: 0.4095  decode.acc_seg: 86.8207  aux.loss_ce: 0.1750  aux.acc_seg: 85.9618
2026/05/13 10:24:01 - mmengine - INFO - Exp name: new_weijie_whu_1xb4_80k_6e-4_dp10_ld90_20260513_043627
2026/05/13 10:24:01 - mmengine - INFO - Iter(train) [66000/80000]  lr: 3.6979e-06  eta: 1:09:47  time: 0.2988  data_time: 0.0083  memory: 15828  grad_norm: 1.9632  loss: 0.5509  decode.loss_ce: 0.3845  decode.acc_seg: 84.4415  aux.loss_ce: 0.1663  aux.acc_seg: 82.7862
2026/05/13 10:25:00 - mmengine - INFO - Iter(train) [66200/80000]  lr: 3.6450e-06  eta: 1:08:47  time: 0.2993  data_time: 0.0086  memory: 15828  grad_norm: 1.3862  loss: 0.5716  decode.loss_ce: 0.4007  decode.acc_seg: 85.2893  aux.loss_ce: 0.1708  aux.acc_seg: 84.1844
2026/05/13 10:26:00 - mmengine - INFO - Iter(train) [66400/80000]  lr: 3.5922e-06  eta: 1:07:47  time: 0.2997  data_time: 0.0088  memory: 15828  grad_norm: 1.9781  loss: 0.6545  decode.loss_ce: 0.4606  decode.acc_seg: 77.4767  aux.loss_ce: 0.1940  aux.acc_seg: 76.6184
2026/05/13 10:27:00 - mmengine - INFO - Iter(train) [66600/80000]  lr: 3.5394e-06  eta: 1:06:47  time: 0.2988  data_time: 0.0082  memory: 15828  grad_norm: 1.6024  loss: 0.5992  decode.loss_ce: 0.4206  decode.acc_seg: 91.0022  aux.loss_ce: 0.1786  aux.acc_seg: 90.1880
2026/05/13 10:28:00 - mmengine - INFO - Iter(train) [66800/80000]  lr: 3.4866e-06  eta: 1:05:47  time: 0.2978  data_time: 0.0079  memory: 15828  grad_norm: 2.0921  loss: 0.5572  decode.loss_ce: 0.3860  decode.acc_seg: 94.4828  aux.loss_ce: 0.1712  aux.acc_seg: 93.8111
2026/05/13 10:29:00 - mmengine - INFO - Exp name: new_weijie_whu_1xb4_80k_6e-4_dp10_ld90_20260513_043627
2026/05/13 10:29:00 - mmengine - INFO - Iter(train) [67000/80000]  lr: 3.4337e-06  eta: 1:04:48  time: 0.2999  data_time: 0.0088  memory: 15828  grad_norm: 1.9057  loss: 0.6367  decode.loss_ce: 0.4470  decode.acc_seg: 85.1948  aux.loss_ce: 0.1897  aux.acc_seg: 84.4859
2026/05/13 10:30:00 - mmengine - INFO - Iter(train) [67200/80000]  lr: 3.3809e-06  eta: 1:03:48  time: 0.2985  data_time: 0.0082  memory: 15828  grad_norm: 2.0380  loss: 0.6205  decode.loss_ce: 0.4351  decode.acc_seg: 74.8267  aux.loss_ce: 0.1854  aux.acc_seg: 73.6287
2026/05/13 10:31:00 - mmengine - INFO - Iter(train) [67400/80000]  lr: 3.3281e-06  eta: 1:02:48  time: 0.2991  data_time: 0.0084  memory: 15828  grad_norm: 1.7502  loss: 0.4982  decode.loss_ce: 0.3493  decode.acc_seg: 89.6616  aux.loss_ce: 0.1489  aux.acc_seg: 88.9096
2026/05/13 10:32:00 - mmengine - INFO - Iter(train) [67600/80000]  lr: 3.2752e-06  eta: 1:01:48  time: 0.2993  data_time: 0.0087  memory: 15828  grad_norm: 2.0556  loss: 0.5617  decode.loss_ce: 0.3944  decode.acc_seg: 83.1289  aux.loss_ce: 0.1674  aux.acc_seg: 82.7701
2026/05/13 10:32:59 - mmengine - INFO - Iter(train) [67800/80000]  lr: 3.2224e-06  eta: 1:00:48  time: 0.2984  data_time: 0.0084  memory: 15828  grad_norm: 2.4130  loss: 0.5884  decode.loss_ce: 0.4121  decode.acc_seg: 78.4250  aux.loss_ce: 0.1763  aux.acc_seg: 76.9691
2026/05/13 10:33:59 - mmengine - INFO - Exp name: new_weijie_whu_1xb4_80k_6e-4_dp10_ld90_20260513_043627
2026/05/13 10:33:59 - mmengine - INFO - Iter(train) [68000/80000]  lr: 3.1696e-06  eta: 0:59:48  time: 0.2978  data_time: 0.0079  memory: 15828  grad_norm: 2.1255  loss: 0.5377  decode.loss_ce: 0.3788  decode.acc_seg: 75.9717  aux.loss_ce: 0.1589  aux.acc_seg: 75.7789
2026/05/13 10:33:59 - mmengine - INFO - Saving checkpoint at 68000 iterations
2026/05/13 10:34:13 - mmengine - INFO - Iter(val) [ 200/1400]    eta: 0:00:57  time: 0.0463  data_time: 0.0020  memory: 2442  
2026/05/13 10:34:22 - mmengine - INFO - Iter(val) [ 400/1400]    eta: 0:00:47  time: 0.0475  data_time: 0.0019  memory: 2442  
2026/05/13 10:34:31 - mmengine - INFO - Iter(val) [ 600/1400]    eta: 0:00:37  time: 0.0466  data_time: 0.0019  memory: 2442  
2026/05/13 10:34:40 - mmengine - INFO - Iter(val) [ 800/1400]    eta: 0:00:28  time: 0.0462  data_time: 0.0020  memory: 2442  
2026/05/13 10:34:50 - mmengine - INFO - Iter(val) [1000/1400]    eta: 0:00:18  time: 0.0462  data_time: 0.0019  memory: 2442  
2026/05/13 10:34:59 - mmengine - INFO - Iter(val) [1200/1400]    eta: 0:00:09  time: 0.0465  data_time: 0.0019  memory: 2442  
2026/05/13 10:35:08 - mmengine - INFO - Iter(val) [1400/1400]    eta: 0:00:00  time: 0.0462  data_time: 0.0017  memory: 2442  
2026/05/13 10:35:08 - mmengine - INFO - per class results:
2026/05/13 10:35:08 - mmengine - INFO - 
+----------+-------+-------+--------+-----------+--------+
|  Class   |  IoU  |  Acc  | Fscore | Precision | Recall |
+----------+-------+-------+--------+-----------+--------+
| farmland | 59.71 | 71.86 | 74.78  |   77.94   | 71.86  |
|   city   | 52.39 | 74.21 | 68.76  |   64.05   | 74.21  |
| village  | 34.05 | 50.87 | 50.81  |   50.74   | 50.87  |
|  water   |  55.3 | 64.75 | 71.22  |   79.13   | 64.75  |
|  forest  | 79.92 | 93.76 | 88.84  |   84.41   | 93.76  |
|   road   | 23.49 | 31.14 | 38.04  |   48.86   | 31.14  |
|  other   | 13.08 |  15.6 | 23.14  |   44.75   |  15.6  |
+----------+-------+-------+--------+-----------+--------+
2026/05/13 10:35:08 - mmengine - INFO - Iter(val) [1400/1400]  aAcc: 79.2500  mIoU: 45.4200  mAcc: 57.4600  mFscore: 59.3700  mPrecision: 64.2700  mRecall: 57.4600  Kappa: 35.7600  data_time: 0.0017  time: 0.0462
2026/05/13 10:36:08 - mmengine - INFO - Iter(train) [68200/80000]  lr: 3.1168e-06  eta: 0:58:49  time: 0.3011  data_time: 0.0091  memory: 15828  grad_norm: 2.5366  loss: 0.6192  decode.loss_ce: 0.4354  decode.acc_seg: 86.7652  aux.loss_ce: 0.1838  aux.acc_seg: 86.2447
2026/05/13 10:37:09 - mmengine - INFO - Iter(train) [68400/80000]  lr: 3.0639e-06  eta: 0:57:49  time: 0.2990  data_time: 0.0083  memory: 15828  grad_norm: 1.7207  loss: 0.5483  decode.loss_ce: 0.3843  decode.acc_seg: 87.0116  aux.loss_ce: 0.1641  aux.acc_seg: 86.4814
2026/05/13 10:38:08 - mmengine - INFO - Iter(train) [68600/80000]  lr: 3.0111e-06  eta: 0:56:49  time: 0.3010  data_time: 0.0092  memory: 15828  grad_norm: 2.3423  loss: 0.6364  decode.loss_ce: 0.4471  decode.acc_seg: 83.9123  aux.loss_ce: 0.1893  aux.acc_seg: 83.1931
2026/05/13 10:39:09 - mmengine - INFO - Iter(train) [68800/80000]  lr: 2.9583e-06  eta: 0:55:49  time: 0.2998  data_time: 0.0086  memory: 15828  grad_norm: 2.0905  loss: 0.5793  decode.loss_ce: 0.4067  decode.acc_seg: 90.7083  aux.loss_ce: 0.1726  aux.acc_seg: 90.0997
2026/05/13 10:40:09 - mmengine - INFO - Exp name: new_weijie_whu_1xb4_80k_6e-4_dp10_ld90_20260513_043627
2026/05/13 10:40:09 - mmengine - INFO - Iter(train) [69000/80000]  lr: 2.9055e-06  eta: 0:54:49  time: 0.3007  data_time: 0.0087  memory: 15828  grad_norm: 2.0020  loss: 0.5486  decode.loss_ce: 0.3819  decode.acc_seg: 85.4086  aux.loss_ce: 0.1667  aux.acc_seg: 83.6782
2026/05/13 10:41:09 - mmengine - INFO - Iter(train) [69200/80000]  lr: 2.8526e-06  eta: 0:53:50  time: 0.3100  data_time: 0.0116  memory: 15828  grad_norm: 1.7681  loss: 0.5993  decode.loss_ce: 0.4194  decode.acc_seg: 78.4408  aux.loss_ce: 0.1798  aux.acc_seg: 77.3030
2026/05/13 10:42:10 - mmengine - INFO - Iter(train) [69400/80000]  lr: 2.7998e-06  eta: 0:52:50  time: 0.3020  data_time: 0.0092  memory: 15828  grad_norm: 1.7629  loss: 0.5578  decode.loss_ce: 0.3887  decode.acc_seg: 82.1370  aux.loss_ce: 0.1690  aux.acc_seg: 80.5452
2026/05/13 10:43:11 - mmengine - INFO - Iter(train) [69600/80000]  lr: 2.7470e-06  eta: 0:51:50  time: 0.3031  data_time: 0.0093  memory: 15828  grad_norm: 2.6855  loss: 0.6670  decode.loss_ce: 0.4669  decode.acc_seg: 77.9250  aux.loss_ce: 0.2001  aux.acc_seg: 76.5133
2026/05/13 10:44:11 - mmengine - INFO - Iter(train) [69800/80000]  lr: 2.6942e-06  eta: 0:50:51  time: 0.3011  data_time: 0.0090  memory: 15828  grad_norm: 2.0507  loss: 0.6109  decode.loss_ce: 0.4307  decode.acc_seg: 83.8157  aux.loss_ce: 0.1802  aux.acc_seg: 82.0477
2026/05/13 10:45:12 - mmengine - INFO - Exp name: new_weijie_whu_1xb4_80k_6e-4_dp10_ld90_20260513_043627
2026/05/13 10:45:12 - mmengine - INFO - Iter(train) [70000/80000]  lr: 2.6413e-06  eta: 0:49:51  time: 0.3018  data_time: 0.0093  memory: 15828  grad_norm: 1.8151  loss: 0.5600  decode.loss_ce: 0.3927  decode.acc_seg: 82.2093  aux.loss_ce: 0.1674  aux.acc_seg: 82.1429
2026/05/13 10:46:12 - mmengine - INFO - Iter(train) [70200/80000]  lr: 2.5885e-06  eta: 0:48:51  time: 0.3018  data_time: 0.0094  memory: 15828  grad_norm: 1.6070  loss: 0.5490  decode.loss_ce: 0.3850  decode.acc_seg: 82.9060  aux.loss_ce: 0.1640  aux.acc_seg: 81.7061
2026/05/13 10:47:13 - mmengine - INFO - Iter(train) [70400/80000]  lr: 2.5357e-06  eta: 0:47:51  time: 0.3012  data_time: 0.0092  memory: 15828  grad_norm: 1.7603  loss: 0.5430  decode.loss_ce: 0.3815  decode.acc_seg: 85.7575  aux.loss_ce: 0.1615  aux.acc_seg: 85.2110
2026/05/13 10:48:13 - mmengine - INFO - Iter(train) [70600/80000]  lr: 2.4828e-06  eta: 0:46:52  time: 0.3014  data_time: 0.0091  memory: 15828  grad_norm: 2.4519  loss: 0.6896  decode.loss_ce: 0.4822  decode.acc_seg: 79.8855  aux.loss_ce: 0.2074  aux.acc_seg: 77.7308
2026/05/13 10:49:13 - mmengine - INFO - Iter(train) [70800/80000]  lr: 2.4300e-06  eta: 0:45:52  time: 0.3023  data_time: 0.0097  memory: 15828  grad_norm: 2.9441  loss: 0.5661  decode.loss_ce: 0.3923  decode.acc_seg: 80.6868  aux.loss_ce: 0.1738  aux.acc_seg: 76.2524
2026/05/13 10:50:14 - mmengine - INFO - Exp name: new_weijie_whu_1xb4_80k_6e-4_dp10_ld90_20260513_043627
2026/05/13 10:50:14 - mmengine - INFO - Iter(train) [71000/80000]  lr: 2.3772e-06  eta: 0:44:52  time: 0.3008  data_time: 0.0085  memory: 15828  grad_norm: 1.9167  loss: 0.5864  decode.loss_ce: 0.4103  decode.acc_seg: 73.4942  aux.loss_ce: 0.1762  aux.acc_seg: 71.4084
2026/05/13 10:51:15 - mmengine - INFO - Iter(train) [71200/80000]  lr: 2.3244e-06  eta: 0:43:52  time: 0.3014  data_time: 0.0093  memory: 15828  grad_norm: 1.8014  loss: 0.4848  decode.loss_ce: 0.3401  decode.acc_seg: 84.4840  aux.loss_ce: 0.1447  aux.acc_seg: 84.0441
2026/05/13 10:52:15 - mmengine - INFO - Iter(train) [71400/80000]  lr: 2.2715e-06  eta: 0:42:53  time: 0.3012  data_time: 0.0092  memory: 15828  grad_norm: 2.0867  loss: 0.6310  decode.loss_ce: 0.4417  decode.acc_seg: 81.6394  aux.loss_ce: 0.1893  aux.acc_seg: 81.6865
2026/05/13 10:53:15 - mmengine - INFO - Iter(train) [71600/80000]  lr: 2.2187e-06  eta: 0:41:53  time: 0.3059  data_time: 0.0105  memory: 15828  grad_norm: 1.9329  loss: 0.5556  decode.loss_ce: 0.3886  decode.acc_seg: 85.7853  aux.loss_ce: 0.1671  aux.acc_seg: 85.4370
2026/05/13 10:54:16 - mmengine - INFO - Iter(train) [71800/80000]  lr: 2.1659e-06  eta: 0:40:53  time: 0.3003  data_time: 0.0085  memory: 15828  grad_norm: 1.8576  loss: 0.6594  decode.loss_ce: 0.4626  decode.acc_seg: 76.2023  aux.loss_ce: 0.1968  aux.acc_seg: 73.9752
2026/05/13 10:55:16 - mmengine - INFO - Exp name: new_weijie_whu_1xb4_80k_6e-4_dp10_ld90_20260513_043627
2026/05/13 10:55:16 - mmengine - INFO - Iter(train) [72000/80000]  lr: 2.1131e-06  eta: 0:39:53  time: 0.3020  data_time: 0.0092  memory: 15828  grad_norm: 2.2230  loss: 0.6223  decode.loss_ce: 0.4390  decode.acc_seg: 83.9007  aux.loss_ce: 0.1834  aux.acc_seg: 83.1785
2026/05/13 10:55:16 - mmengine - INFO - Saving checkpoint at 72000 iterations
2026/05/13 10:55:29 - mmengine - INFO - Iter(val) [ 200/1400]    eta: 0:00:58  time: 0.0469  data_time: 0.0022  memory: 2442  
2026/05/13 10:55:39 - mmengine - INFO - Iter(val) [ 400/1400]    eta: 0:00:47  time: 0.0478  data_time: 0.0021  memory: 2442  
2026/05/13 10:55:48 - mmengine - INFO - Iter(val) [ 600/1400]    eta: 0:00:38  time: 0.0471  data_time: 0.0019  memory: 2442  
2026/05/13 10:55:58 - mmengine - INFO - Iter(val) [ 800/1400]    eta: 0:00:28  time: 0.0468  data_time: 0.0019  memory: 2442  
2026/05/13 10:56:07 - mmengine - INFO - Iter(val) [1000/1400]    eta: 0:00:19  time: 0.0480  data_time: 0.0021  memory: 2442  
2026/05/13 10:56:17 - mmengine - INFO - Iter(val) [1200/1400]    eta: 0:00:09  time: 0.0487  data_time: 0.0020  memory: 2442  
2026/05/13 10:56:27 - mmengine - INFO - Iter(val) [1400/1400]    eta: 0:00:00  time: 0.0476  data_time: 0.0020  memory: 2442  
2026/05/13 10:56:27 - mmengine - INFO - per class results:
2026/05/13 10:56:27 - mmengine - INFO - 
+----------+-------+-------+--------+-----------+--------+
|  Class   |  IoU  |  Acc  | Fscore | Precision | Recall |
+----------+-------+-------+--------+-----------+--------+
| farmland | 60.55 | 73.59 | 75.43  |   77.36   | 73.59  |
|   city   | 52.19 | 73.56 | 68.59  |   64.24   | 73.56  |
| village  |  34.4 |  51.5 | 51.19  |   50.88   |  51.5  |
|  water   | 55.64 | 64.94 | 71.49  |   79.53   | 64.94  |
|  forest  | 80.34 | 93.08 |  89.1  |   85.45   | 93.08  |
|   road   | 24.61 | 33.85 |  39.5  |    47.4   | 33.85  |
|  other   | 13.35 | 16.03 | 23.56  |   44.41   | 16.03  |
+----------+-------+-------+--------+-----------+--------+
2026/05/13 10:56:27 - mmengine - INFO - Iter(val) [1400/1400]  aAcc: 79.5500  mIoU: 45.8700  mAcc: 58.0800  mFscore: 59.8400  mPrecision: 64.1800  mRecall: 58.0800  Kappa: 36.7000  data_time: 0.0020  time: 0.0476
2026/05/13 10:57:27 - mmengine - INFO - Iter(train) [72200/80000]  lr: 2.0602e-06  eta: 0:38:54  time: 0.3040  data_time: 0.0096  memory: 15828  grad_norm: 1.8672  loss: 0.5965  decode.loss_ce: 0.4179  decode.acc_seg: 81.9051  aux.loss_ce: 0.1786  aux.acc_seg: 81.5248
2026/05/13 10:58:28 - mmengine - INFO - Iter(train) [72400/80000]  lr: 2.0074e-06  eta: 0:37:54  time: 0.3001  data_time: 0.0088  memory: 15828  grad_norm: 2.5011  loss: 0.5990  decode.loss_ce: 0.4178  decode.acc_seg: 86.4234  aux.loss_ce: 0.1813  aux.acc_seg: 86.2876
2026/05/13 10:59:28 - mmengine - INFO - Iter(train) [72600/80000]  lr: 1.9546e-06  eta: 0:36:54  time: 0.3009  data_time: 0.0088  memory: 15828  grad_norm: 2.1460  loss: 0.6184  decode.loss_ce: 0.4352  decode.acc_seg: 87.7431  aux.loss_ce: 0.1832  aux.acc_seg: 86.7710
2026/05/13 11:00:29 - mmengine - INFO - Iter(train) [72800/80000]  lr: 1.9018e-06  eta: 0:35:54  time: 0.3030  data_time: 0.0094  memory: 15828  grad_norm: 2.2262  loss: 0.5812  decode.loss_ce: 0.4067  decode.acc_seg: 80.0358  aux.loss_ce: 0.1745  aux.acc_seg: 79.5160
2026/05/13 11:01:29 - mmengine - INFO - Exp name: new_weijie_whu_1xb4_80k_6e-4_dp10_ld90_20260513_043627
2026/05/13 11:01:29 - mmengine - INFO - Iter(train) [73000/80000]  lr: 1.8489e-06  eta: 0:34:54  time: 0.3002  data_time: 0.0087  memory: 15828  grad_norm: 3.4189  loss: 0.6636  decode.loss_ce: 0.4650  decode.acc_seg: 82.3414  aux.loss_ce: 0.1986  aux.acc_seg: 81.3475
2026/05/13 11:02:29 - mmengine - INFO - Iter(train) [73200/80000]  lr: 1.7961e-06  eta: 0:33:55  time: 0.3111  data_time: 0.0111  memory: 15828  grad_norm: 2.0495  loss: 0.5952  decode.loss_ce: 0.4194  decode.acc_seg: 74.5842  aux.loss_ce: 0.1757  aux.acc_seg: 72.0029
2026/05/13 11:03:30 - mmengine - INFO - Iter(train) [73400/80000]  lr: 1.7433e-06  eta: 0:32:55  time: 0.2993  data_time: 0.0083  memory: 15828  grad_norm: 1.8860  loss: 0.5257  decode.loss_ce: 0.3683  decode.acc_seg: 78.1275  aux.loss_ce: 0.1574  aux.acc_seg: 76.6200
2026/05/13 11:04:31 - mmengine - INFO - Iter(train) [73600/80000]  lr: 1.6905e-06  eta: 0:31:55  time: 0.3029  data_time: 0.0095  memory: 15828  grad_norm: 3.2481  loss: 0.6773  decode.loss_ce: 0.4740  decode.acc_seg: 74.6965  aux.loss_ce: 0.2032  aux.acc_seg: 72.9174
2026/05/13 11:05:31 - mmengine - INFO - Iter(train) [73800/80000]  lr: 1.6376e-06  eta: 0:30:55  time: 0.3018  data_time: 0.0090  memory: 15828  grad_norm: 1.8053  loss: 0.5136  decode.loss_ce: 0.3608  decode.acc_seg: 84.6915  aux.loss_ce: 0.1528  aux.acc_seg: 84.1410
2026/05/13 11:06:31 - mmengine - INFO - Exp name: new_weijie_whu_1xb4_80k_6e-4_dp10_ld90_20260513_043627
2026/05/13 11:06:31 - mmengine - INFO - Iter(train) [74000/80000]  lr: 1.5848e-06  eta: 0:29:55  time: 0.3033  data_time: 0.0094  memory: 15828  grad_norm: 1.7160  loss: 0.4500  decode.loss_ce: 0.3160  decode.acc_seg: 87.4200  aux.loss_ce: 0.1340  aux.acc_seg: 86.2578
2026/05/13 11:07:32 - mmengine - INFO - Iter(train) [74200/80000]  lr: 1.5320e-06  eta: 0:28:56  time: 0.3015  data_time: 0.0092  memory: 15828  grad_norm: 2.0514  loss: 0.5557  decode.loss_ce: 0.3897  decode.acc_seg: 90.6878  aux.loss_ce: 0.1660  aux.acc_seg: 90.3770
2026/05/13 11:08:32 - mmengine - INFO - Iter(train) [74400/80000]  lr: 1.4791e-06  eta: 0:27:56  time: 0.2999  data_time: 0.0085  memory: 15828  grad_norm: 1.9603  loss: 0.6431  decode.loss_ce: 0.4504  decode.acc_seg: 78.5389  aux.loss_ce: 0.1927  aux.acc_seg: 76.6507
2026/05/13 11:09:32 - mmengine - INFO - Iter(train) [74600/80000]  lr: 1.4263e-06  eta: 0:26:56  time: 0.3011  data_time: 0.0092  memory: 15828  grad_norm: 2.1184  loss: 0.5294  decode.loss_ce: 0.3707  decode.acc_seg: 72.9081  aux.loss_ce: 0.1587  aux.acc_seg: 71.4931
2026/05/13 11:10:32 - mmengine - INFO - Iter(train) [74800/80000]  lr: 1.3735e-06  eta: 0:25:56  time: 0.3006  data_time: 0.0088  memory: 15828  grad_norm: 1.8322  loss: 0.5332  decode.loss_ce: 0.3736  decode.acc_seg: 87.5656  aux.loss_ce: 0.1597  aux.acc_seg: 86.4646
2026/05/13 11:11:32 - mmengine - INFO - Exp name: new_weijie_whu_1xb4_80k_6e-4_dp10_ld90_20260513_043627
2026/05/13 11:11:32 - mmengine - INFO - Iter(train) [75000/80000]  lr: 1.3207e-06  eta: 0:24:56  time: 0.3005  data_time: 0.0090  memory: 15828  grad_norm: 2.1319  loss: 0.5569  decode.loss_ce: 0.3899  decode.acc_seg: 79.3555  aux.loss_ce: 0.1670  aux.acc_seg: 78.0828
2026/05/13 11:12:33 - mmengine - INFO - Iter(train) [75200/80000]  lr: 1.2678e-06  eta: 0:23:56  time: 0.3018  data_time: 0.0092  memory: 15828  grad_norm: 1.6460  loss: 0.4979  decode.loss_ce: 0.3491  decode.acc_seg: 87.6646  aux.loss_ce: 0.1488  aux.acc_seg: 86.5807
2026/05/13 11:13:33 - mmengine - INFO - Iter(train) [75400/80000]  lr: 1.2150e-06  eta: 0:22:56  time: 0.3015  data_time: 0.0092  memory: 15828  grad_norm: 2.5779  loss: 0.6998  decode.loss_ce: 0.4897  decode.acc_seg: 76.4240  aux.loss_ce: 0.2101  aux.acc_seg: 75.2349
2026/05/13 11:14:34 - mmengine - INFO - Iter(train) [75600/80000]  lr: 1.1622e-06  eta: 0:21:57  time: 0.3019  data_time: 0.0095  memory: 15828  grad_norm: 1.9230  loss: 0.5236  decode.loss_ce: 0.3662  decode.acc_seg: 86.0963  aux.loss_ce: 0.1574  aux.acc_seg: 85.0697
2026/05/13 11:15:35 - mmengine - INFO - Iter(train) [75800/80000]  lr: 1.1094e-06  eta: 0:20:57  time: 0.3107  data_time: 0.0111  memory: 15828  grad_norm: 2.1912  loss: 0.5953  decode.loss_ce: 0.4186  decode.acc_seg: 86.4002  aux.loss_ce: 0.1767  aux.acc_seg: 86.4417
2026/05/13 11:16:36 - mmengine - INFO - Exp name: new_weijie_whu_1xb4_80k_6e-4_dp10_ld90_20260513_043627
2026/05/13 11:16:36 - mmengine - INFO - Iter(train) [76000/80000]  lr: 1.0565e-06  eta: 0:19:57  time: 0.3025  data_time: 0.0091  memory: 15828  grad_norm: 1.7416  loss: 0.6170  decode.loss_ce: 0.4320  decode.acc_seg: 80.2543  aux.loss_ce: 0.1850  aux.acc_seg: 79.4297
2026/05/13 11:16:36 - mmengine - INFO - Saving checkpoint at 76000 iterations
2026/05/13 11:16:49 - mmengine - INFO - Iter(val) [ 200/1400]    eta: 0:00:57  time: 0.0472  data_time: 0.0022  memory: 2442  
2026/05/13 11:16:59 - mmengine - INFO - Iter(val) [ 400/1400]    eta: 0:00:47  time: 0.0481  data_time: 0.0019  memory: 2442  
2026/05/13 11:17:09 - mmengine - INFO - Iter(val) [ 600/1400]    eta: 0:00:38  time: 0.0479  data_time: 0.0019  memory: 2442  
2026/05/13 11:17:18 - mmengine - INFO - Iter(val) [ 800/1400]    eta: 0:00:29  time: 0.0476  data_time: 0.0019  memory: 2442  
2026/05/13 11:17:28 - mmengine - INFO - Iter(val) [1000/1400]    eta: 0:00:19  time: 0.0479  data_time: 0.0021  memory: 2442  
2026/05/13 11:17:38 - mmengine - INFO - Iter(val) [1200/1400]    eta: 0:00:09  time: 0.0480  data_time: 0.0021  memory: 2442  
2026/05/13 11:17:47 - mmengine - INFO - Iter(val) [1400/1400]    eta: 0:00:00  time: 0.0474  data_time: 0.0020  memory: 2442  
2026/05/13 11:17:47 - mmengine - INFO - per class results:
2026/05/13 11:17:47 - mmengine - INFO - 
+----------+-------+-------+--------+-----------+--------+
|  Class   |  IoU  |  Acc  | Fscore | Precision | Recall |
+----------+-------+-------+--------+-----------+--------+
| farmland |  60.7 | 74.33 | 75.55  |    76.8   | 74.33  |
|   city   | 52.76 | 74.28 | 69.08  |   64.56   | 74.28  |
| village  | 33.99 | 47.93 | 50.74  |   53.89   | 47.93  |
|  water   | 55.48 | 64.72 | 71.36  |   79.52   | 64.72  |
|  forest  | 80.22 | 93.16 | 89.03  |   85.24   | 93.16  |
|   road   | 23.33 | 30.65 | 37.84  |   49.43   | 30.65  |
|  other   |  13.0 | 15.53 |  23.0  |   44.33   | 15.53  |
+----------+-------+-------+--------+-----------+--------+
2026/05/13 11:17:47 - mmengine - INFO - Iter(val) [1400/1400]  aAcc: 79.6200  mIoU: 45.6400  mAcc: 57.2300  mFscore: 59.5100  mPrecision: 64.8300  mRecall: 57.2300  Kappa: 36.6900  data_time: 0.0020  time: 0.0474
2026/05/13 11:18:48 - mmengine - INFO - Iter(train) [76200/80000]  lr: 1.0037e-06  eta: 0:18:57  time: 0.3009  data_time: 0.0087  memory: 15828  grad_norm: 1.5848  loss: 0.4787  decode.loss_ce: 0.3358  decode.acc_seg: 78.2182  aux.loss_ce: 0.1428  aux.acc_seg: 77.0955
2026/05/13 11:19:48 - mmengine - INFO - Iter(train) [76400/80000]  lr: 9.5088e-07  eta: 0:17:57  time: 0.3025  data_time: 0.0093  memory: 15828  grad_norm: 1.7306  loss: 0.4835  decode.loss_ce: 0.3386  decode.acc_seg: 75.9769  aux.loss_ce: 0.1449  aux.acc_seg: 75.0123
2026/05/13 11:20:49 - mmengine - INFO - Iter(train) [76600/80000]  lr: 8.9805e-07  eta: 0:16:57  time: 0.3014  data_time: 0.0090  memory: 15828  grad_norm: 1.9674  loss: 0.5061  decode.loss_ce: 0.3552  decode.acc_seg: 93.4419  aux.loss_ce: 0.1509  aux.acc_seg: 93.2886
2026/05/13 11:21:50 - mmengine - INFO - Iter(train) [76800/80000]  lr: 8.4523e-07  eta: 0:15:58  time: 0.3022  data_time: 0.0091  memory: 15828  grad_norm: 1.4591  loss: 0.5400  decode.loss_ce: 0.3774  decode.acc_seg: 76.8550  aux.loss_ce: 0.1626  aux.acc_seg: 75.9032
2026/05/13 11:22:50 - mmengine - INFO - Exp name: new_weijie_whu_1xb4_80k_6e-4_dp10_ld90_20260513_043627
2026/05/13 11:22:50 - mmengine - INFO - Iter(train) [77000/80000]  lr: 7.9240e-07  eta: 0:14:58  time: 0.3032  data_time: 0.0099  memory: 15828  grad_norm: 2.0133  loss: 0.6569  decode.loss_ce: 0.4595  decode.acc_seg: 75.7669  aux.loss_ce: 0.1974  aux.acc_seg: 75.0349
2026/05/13 11:23:51 - mmengine - INFO - Iter(train) [77200/80000]  lr: 7.3957e-07  eta: 0:13:58  time: 0.3112  data_time: 0.0113  memory: 15828  grad_norm: 2.4575  loss: 0.5617  decode.loss_ce: 0.3947  decode.acc_seg: 80.3849  aux.loss_ce: 0.1670  aux.acc_seg: 79.7781
2026/05/13 11:24:52 - mmengine - INFO - Iter(train) [77400/80000]  lr: 6.8675e-07  eta: 0:12:58  time: 0.3057  data_time: 0.0093  memory: 15828  grad_norm: 2.3295  loss: 0.5846  decode.loss_ce: 0.4097  decode.acc_seg: 76.7238  aux.loss_ce: 0.1748  aux.acc_seg: 74.9111
2026/05/13 11:25:53 - mmengine - INFO - Iter(train) [77600/80000]  lr: 6.3392e-07  eta: 0:11:58  time: 0.3020  data_time: 0.0094  memory: 15828  grad_norm: 2.4077  loss: 0.5822  decode.loss_ce: 0.4053  decode.acc_seg: 77.6692  aux.loss_ce: 0.1769  aux.acc_seg: 76.5831
2026/05/13 11:26:54 - mmengine - INFO - Iter(train) [77800/80000]  lr: 5.8109e-07  eta: 0:10:58  time: 0.3027  data_time: 0.0093  memory: 15828  grad_norm: 2.9618  loss: 0.6858  decode.loss_ce: 0.4806  decode.acc_seg: 79.2595  aux.loss_ce: 0.2053  aux.acc_seg: 77.7497
2026/05/13 11:27:54 - mmengine - INFO - Exp name: new_weijie_whu_1xb4_80k_6e-4_dp10_ld90_20260513_043627
2026/05/13 11:27:54 - mmengine - INFO - Iter(train) [78000/80000]  lr: 5.2827e-07  eta: 0:09:58  time: 0.3035  data_time: 0.0097  memory: 15828  grad_norm: 1.9308  loss: 0.6260  decode.loss_ce: 0.4391  decode.acc_seg: 68.2061  aux.loss_ce: 0.1869  aux.acc_seg: 66.2309
2026/05/13 11:28:55 - mmengine - INFO - Iter(train) [78200/80000]  lr: 4.7544e-07  eta: 0:08:59  time: 0.3027  data_time: 0.0096  memory: 15828  grad_norm: 2.0113  loss: 0.5812  decode.loss_ce: 0.4069  decode.acc_seg: 86.4241  aux.loss_ce: 0.1743  aux.acc_seg: 85.8835
2026/05/13 11:29:56 - mmengine - INFO - Iter(train) [78400/80000]  lr: 4.2261e-07  eta: 0:07:59  time: 0.3041  data_time: 0.0100  memory: 15828  grad_norm: 1.9904  loss: 0.5937  decode.loss_ce: 0.4170  decode.acc_seg: 88.1459  aux.loss_ce: 0.1767  aux.acc_seg: 87.5335
2026/05/13 11:30:57 - mmengine - INFO - Iter(train) [78600/80000]  lr: 3.6979e-07  eta: 0:06:59  time: 0.3021  data_time: 0.0093  memory: 15828  grad_norm: 2.2523  loss: 0.5693  decode.loss_ce: 0.3976  decode.acc_seg: 86.7901  aux.loss_ce: 0.1718  aux.acc_seg: 85.2061
2026/05/13 11:31:57 - mmengine - INFO - Iter(train) [78800/80000]  lr: 3.1696e-07  eta: 0:05:59  time: 0.3021  data_time: 0.0093  memory: 15828  grad_norm: 1.3826  loss: 0.4561  decode.loss_ce: 0.3189  decode.acc_seg: 92.8570  aux.loss_ce: 0.1372  aux.acc_seg: 92.4586
2026/05/13 11:32:58 - mmengine - INFO - Exp name: new_weijie_whu_1xb4_80k_6e-4_dp10_ld90_20260513_043627
2026/05/13 11:32:58 - mmengine - INFO - Iter(train) [79000/80000]  lr: 2.6413e-07  eta: 0:04:59  time: 0.3033  data_time: 0.0096  memory: 15828  grad_norm: 1.4443  loss: 0.5869  decode.loss_ce: 0.4126  decode.acc_seg: 82.8587  aux.loss_ce: 0.1743  aux.acc_seg: 81.1952
2026/05/13 11:33:59 - mmengine - INFO - Iter(train) [79200/80000]  lr: 2.1131e-07  eta: 0:03:59  time: 0.3023  data_time: 0.0093  memory: 15828  grad_norm: 1.8966  loss: 0.6141  decode.loss_ce: 0.4282  decode.acc_seg: 81.8316  aux.loss_ce: 0.1860  aux.acc_seg: 80.6015
2026/05/13 11:35:00 - mmengine - INFO - Iter(train) [79400/80000]  lr: 1.5848e-07  eta: 0:02:59  time: 0.3030  data_time: 0.0093  memory: 15828  grad_norm: 1.6184  loss: 0.5581  decode.loss_ce: 0.3913  decode.acc_seg: 74.6435  aux.loss_ce: 0.1667  aux.acc_seg: 72.3910
2026/05/13 11:36:00 - mmengine - INFO - Iter(train) [79600/80000]  lr: 1.0565e-07  eta: 0:01:59  time: 0.3028  data_time: 0.0095  memory: 15828  grad_norm: 2.0909  loss: 0.6610  decode.loss_ce: 0.4623  decode.acc_seg: 81.2635  aux.loss_ce: 0.1987  aux.acc_seg: 79.6533
2026/05/13 11:37:01 - mmengine - INFO - Iter(train) [79800/80000]  lr: 5.2827e-08  eta: 0:00:59  time: 0.3014  data_time: 0.0088  memory: 15828  grad_norm: 1.5813  loss: 0.3990  decode.loss_ce: 0.2784  decode.acc_seg: 92.6397  aux.loss_ce: 0.1206  aux.acc_seg: 92.3114
2026/05/13 11:38:02 - mmengine - INFO - Exp name: new_weijie_whu_1xb4_80k_6e-4_dp10_ld90_20260513_043627
2026/05/13 11:38:02 - mmengine - INFO - Iter(train) [80000/80000]  lr: 0.0000e+00  eta: 0:00:00  time: 0.3026  data_time: 0.0095  memory: 15828  grad_norm: 1.6664  loss: 0.5685  decode.loss_ce: 0.3992  decode.acc_seg: 86.5215  aux.loss_ce: 0.1693  aux.acc_seg: 85.1673
2026/05/13 11:38:02 - mmengine - INFO - Saving checkpoint at 80000 iterations
2026/05/13 11:38:15 - mmengine - INFO - Iter(val) [ 200/1400]    eta: 0:00:58  time: 0.0473  data_time: 0.0020  memory: 2442  
2026/05/13 11:38:25 - mmengine - INFO - Iter(val) [ 400/1400]    eta: 0:00:49  time: 0.0546  data_time: 0.0024  memory: 2442  
2026/05/13 11:38:35 - mmengine - INFO - Iter(val) [ 600/1400]    eta: 0:00:39  time: 0.0479  data_time: 0.0021  memory: 2442  
2026/05/13 11:38:45 - mmengine - INFO - Iter(val) [ 800/1400]    eta: 0:00:29  time: 0.0480  data_time: 0.0021  memory: 2442  
2026/05/13 11:38:54 - mmengine - INFO - Iter(val) [1000/1400]    eta: 0:00:19  time: 0.0478  data_time: 0.0022  memory: 2442  
2026/05/13 11:39:04 - mmengine - INFO - Iter(val) [1200/1400]    eta: 0:00:09  time: 0.0480  data_time: 0.0022  memory: 2442  
2026/05/13 11:39:14 - mmengine - INFO - Iter(val) [1400/1400]    eta: 0:00:00  time: 0.0474  data_time: 0.0020  memory: 2442  
2026/05/13 11:39:14 - mmengine - INFO - per class results:
2026/05/13 11:39:14 - mmengine - INFO - 
+----------+-------+-------+--------+-----------+--------+
|  Class   |  IoU  |  Acc  | Fscore | Precision | Recall |
+----------+-------+-------+--------+-----------+--------+
| farmland |  60.8 |  74.6 | 75.62  |   76.67   |  74.6  |
|   city   | 52.51 | 74.33 | 68.86  |   64.14   | 74.33  |
| village  | 34.17 |  49.3 | 50.93  |   52.67   |  49.3  |
|  water   | 55.34 | 64.44 | 71.25  |   79.66   | 64.44  |
|  forest  | 80.25 | 92.78 | 89.04  |   85.59   | 92.78  |
|   road   | 24.05 | 32.09 | 38.78  |   48.98   | 32.09  |
|  other   | 13.03 | 15.66 | 23.06  |    43.7   | 15.66  |
+----------+-------+-------+--------+-----------+--------+
2026/05/13 11:39:14 - mmengine - INFO - Iter(val) [1400/1400]  aAcc: 79.5900  mIoU: 45.7400  mAcc: 57.6000  mFscore: 59.6500  mPrecision: 64.4900  mRecall: 57.6000  Kappa: 37.2400  data_time: 0.0020  time: 0.0474
