2026/05/15 07:14:07 - mmengine - INFO - 
------------------------------------------------------------
System environment:
    sys.platform: linux
    Python: 3.8.10 (default, Jun  4 2021, 15:09:15) [GCC 7.5.0]
    CUDA available: True
    numpy_random_seed: 2123719151
    GPU 0: NVIDIA GeForce RTX 4090 D
    CUDA_HOME: /usr/local/cuda
    NVCC: Cuda compilation tools, release 11.8, V11.8.89
    GCC: gcc (Ubuntu 9.4.0-1ubuntu1~20.04.1) 9.4.0
    PyTorch: 2.0.0+cu118
    PyTorch compiling details: PyTorch built with:
  - GCC 9.3
  - C++ Version: 201703
  - Intel(R) oneAPI Math Kernel Library Version 2022.2-Product Build 20220804 for Intel(R) 64 architecture applications
  - Intel(R) MKL-DNN v2.7.3 (Git Hash 6dbeffbae1f23cbbeae17adb7b5b13f1f37c080e)
  - OpenMP 201511 (a.k.a. OpenMP 4.5)
  - LAPACK is enabled (usually provided by MKL)
  - NNPACK is enabled
  - CPU capability usage: AVX2
  - CUDA Runtime 11.8
  - NVCC architecture flags: -gencode;arch=compute_37,code=sm_37;-gencode;arch=compute_50,code=sm_50;-gencode;arch=compute_60,code=sm_60;-gencode;arch=compute_70,code=sm_70;-gencode;arch=compute_75,code=sm_75;-gencode;arch=compute_80,code=sm_80;-gencode;arch=compute_86,code=sm_86;-gencode;arch=compute_90,code=sm_90
  - CuDNN 8.7
  - Magma 2.6.1
  - Build settings: BLAS_INFO=mkl, BUILD_TYPE=Release, CUDA_VERSION=11.8, CUDNN_VERSION=8.7.0, CXX_COMPILER=/opt/rh/devtoolset-9/root/usr/bin/c++, CXX_FLAGS= -D_GLIBCXX_USE_CXX11_ABI=0 -fabi-version=11 -Wno-deprecated -fvisibility-inlines-hidden -DUSE_PTHREADPOOL -DNDEBUG -DUSE_KINETO -DLIBKINETO_NOROCTRACER -DUSE_FBGEMM -DUSE_QNNPACK -DUSE_PYTORCH_QNNPACK -DUSE_XNNPACK -DSYMBOLICATE_MOBILE_DEBUG_HANDLE -O2 -fPIC -Wall -Wextra -Werror=return-type -Werror=non-virtual-dtor -Werror=bool-operation -Wnarrowing -Wno-missing-field-initializers -Wno-type-limits -Wno-array-bounds -Wno-unknown-pragmas -Wunused-local-typedefs -Wno-unused-parameter -Wno-unused-function -Wno-unused-result -Wno-strict-overflow -Wno-strict-aliasing -Wno-error=deprecated-declarations -Wno-stringop-overflow -Wno-psabi -Wno-error=pedantic -Wno-error=redundant-decls -Wno-error=old-style-cast -fdiagnostics-color=always -faligned-new -Wno-unused-but-set-variable -Wno-maybe-uninitialized -fno-math-errno -fno-trapping-math -Werror=format -Werror=cast-function-type -Wno-stringop-overflow, LAPACK_INFO=mkl, PERF_WITH_AVX=1, PERF_WITH_AVX2=1, PERF_WITH_AVX512=1, TORCH_DISABLE_GPU_ASSERTS=ON, TORCH_VERSION=2.0.0, USE_CUDA=ON, USE_CUDNN=ON, USE_EXCEPTION_PTR=1, USE_GFLAGS=OFF, USE_GLOG=OFF, USE_MKL=ON, USE_MKLDNN=ON, USE_MPI=OFF, USE_NCCL=1, USE_NNPACK=ON, USE_OPENMP=ON, USE_ROCM=OFF, 

    TorchVision: 0.15.1+cu118
    OpenCV: 4.9.0
    MMEngine: 0.7.1

Runtime environment:
    cudnn_benchmark: True
    mp_cfg: {'mp_start_method': 'fork', 'opencv_num_threads': 0}
    dist_cfg: {'backend': 'nccl'}
    seed: None
    Distributed launcher: none
    Distributed training: False
    GPU number: 1
------------------------------------------------------------

2026/05/15 07:14:07 - mmengine - INFO - Config:
auto_scale_lr = dict(enable=False, base_batch_size=32)
work_dir = './work_dirs/large_weijie_whu_1xb4_80k_4e-4_dp20_ld90'
model = dict(
    type='EncoderDecoder',
    data_preprocessor=dict(
        type='SegDataPreProcessor',
        mean=[53.7795, 53.7795, 53.7795],
        std=[55.539, 55.539, 55.539],
        bgr_to_rgb=True,
        pad_val=0,
        seg_pad_val=255,
        size=(512, 512)),
    pretrained=None,
    backbone=dict(
        type='iTPN_weijie',
        img_size=512,
        patch_size=16,
        in_channels=3,
        mlp_depth1=2,
        mlp_depth2=2,
        embed_dim=768,
        depth=40,
        num_heads=12,
        mlp_ratio=4,
        qv_bias=True,
        attn_drop_rate=0.0,
        drop_path_rate=0.2,
        norm_cfg=dict(type='LN', eps=1e-06),
        act_cfg=dict(type='GELU'),
        norm_eval=False,
        init_values=None,
        fpn_dim=256,
        fpn_depth=2,
        qkv_bias=True,
        ape=True,
        rpe=False,
        num_outs=4,
        use_checkpoint=True,
        init_cfg=dict(
            type='Pretrained',
            checkpoint=
            '/root/autodl-tmp/weights/weijie_saratrx_2_large/checkpoint-1200.pth'
        )),
    neck=None,
    decode_head=dict(
        type='UPerHead',
        in_channels=[448, 640, 1024, 1024],
        in_index=[0, 1, 2, 3],
        pool_scales=(1, 2, 3, 6),
        channels=768,
        dropout_ratio=0.1,
        num_classes=7,
        norm_cfg=dict(type='BN', requires_grad=True),
        align_corners=False,
        loss_decode=dict(
            type='CrossEntropyLoss', use_sigmoid=False, loss_weight=1.0)),
    auxiliary_head=dict(
        type='FCNHead',
        in_channels=1024,
        in_index=2,
        channels=256,
        num_convs=1,
        concat_input=False,
        dropout_ratio=0.1,
        num_classes=7,
        norm_cfg=dict(type='BN', requires_grad=True),
        align_corners=False,
        loss_decode=dict(
            type='CrossEntropyLoss', use_sigmoid=False, loss_weight=0.4)),
    train_cfg=dict(),
    test_cfg=dict(mode='whole'))
dataset_type = 'WHUDataset'
data_root = '/root/autodl-tmp/WHU-OPT-SAR/'
crop_size = (512, 512)
train_pipeline = [
    dict(type='LoadImageFromFile'),
    dict(type='LoadAnnotations', reduce_zero_label=True),
    dict(
        type='RandomResize',
        scale=(2048, 512),
        ratio_range=(0.5, 2.0),
        keep_ratio=True),
    dict(type='RandomCrop', crop_size=(512, 512), cat_max_ratio=0.75),
    dict(type='RandomFlip', prob=0.5),
    dict(type='PackSegInputs')
]
test_pipeline = [
    dict(type='LoadImageFromFile'),
    dict(type='LoadAnnotations', reduce_zero_label=True),
    dict(type='Resize', scale=(512, 512), keep_ratio=True),
    dict(type='PackSegInputs')
]
train_dataloader = dict(
    batch_size=4,
    num_workers=4,
    persistent_workers=True,
    sampler=dict(type='InfiniteSampler', shuffle=True),
    dataset=dict(
        type='WHUDataset',
        data_root='/root/autodl-tmp/WHU-OPT-SAR/',
        data_prefix=dict(img_path='SAR', seg_map_path='Label'),
        ann_file='train.txt',
        pipeline=[
            dict(type='LoadImageFromFile'),
            dict(type='LoadAnnotations', reduce_zero_label=True),
            dict(
                type='RandomResize',
                scale=(2048, 512),
                ratio_range=(0.5, 2.0),
                keep_ratio=True),
            dict(type='RandomCrop', crop_size=(512, 512), cat_max_ratio=0.75),
            dict(type='RandomFlip', prob=0.5),
            dict(type='PackSegInputs')
        ]))
val_dataloader = dict(
    batch_size=1,
    num_workers=4,
    persistent_workers=True,
    sampler=dict(type='DefaultSampler', shuffle=False),
    dataset=dict(
        type='WHUDataset',
        data_root='/root/autodl-tmp/WHU-OPT-SAR/',
        data_prefix=dict(img_path='SAR', seg_map_path='Label'),
        ann_file='test.txt',
        pipeline=[
            dict(type='LoadImageFromFile'),
            dict(type='LoadAnnotations', reduce_zero_label=True),
            dict(type='Resize', scale=(512, 512), keep_ratio=True),
            dict(type='PackSegInputs')
        ]))
test_dataloader = dict(
    batch_size=1,
    num_workers=4,
    persistent_workers=True,
    sampler=dict(type='DefaultSampler', shuffle=False),
    dataset=dict(
        type='WHUDataset',
        data_root='/root/autodl-tmp/WHU-OPT-SAR/',
        data_prefix=dict(img_path='SAR', seg_map_path='Label'),
        ann_file='test.txt',
        pipeline=[
            dict(type='LoadImageFromFile'),
            dict(type='LoadAnnotations', reduce_zero_label=True),
            dict(type='Resize', scale=(512, 512), keep_ratio=True),
            dict(type='PackSegInputs')
        ]))
val_evaluator = dict(
    type='CustomIoUMetric', iou_metrics=['mIoU', 'mFscore', 'Kappa'])
test_evaluator = dict(
    type='CustomIoUMetric', iou_metrics=['mIoU', 'mFscore', 'Kappa'])
default_scope = 'mmseg'
env_cfg = dict(
    cudnn_benchmark=True,
    mp_cfg=dict(mp_start_method='fork', opencv_num_threads=0),
    dist_cfg=dict(backend='nccl'))
vis_backends = [dict(type='LocalVisBackend')]
visualizer = dict(
    type='SegLocalVisualizer',
    vis_backends=[dict(type='LocalVisBackend')],
    name='visualizer')
log_processor = dict(by_epoch=False)
log_level = 'INFO'
load_from = None
resume = False
tta_model = dict(type='SegTTAModel')
optim_wrapper = dict(
    type='AmpOptimWrapper',
    loss_scale='dynamic',
    clip_grad=dict(max_norm=35, norm_type=2),
    constructor='itpn_LayerDecayOptimizerConstructor',
    paramwise_cfg=dict(
        decay_type='layer_wise',
        num_layers=45,
        decay_rate=0.9,
        absolute_pos_embed=dict(decay_mult=0.0),
        relative_position_bias_table=dict(decay_mult=0.0),
        norm=dict(decay_mult=0.0)),
    optimizer=dict(
        type='AdamW', lr=0.0004, betas=(0.9, 0.999), weight_decay=0.05))
train_cfg = dict(type='IterBasedTrainLoop', max_iters=80000, val_interval=4000)
param_scheduler = [
    dict(
        type='LinearLR', start_factor=1e-06, by_epoch=False, begin=0,
        end=2000),
    dict(
        type='PolyLR',
        eta_min=0.0,
        power=1.0,
        begin=2000,
        end=80000,
        by_epoch=False)
]
val_cfg = dict(type='ValLoop')
test_cfg = dict(type='TestLoop')
default_hooks = dict(
    timer=dict(type='IterTimerHook'),
    logger=dict(type='LoggerHook', interval=200, log_metric_by_epoch=False),
    param_scheduler=dict(type='ParamSchedulerHook'),
    checkpoint=dict(
        type='CheckpointHook',
        save_best='auto',
        max_keep_ckpts=1,
        by_epoch=False,
        interval=4000),
    sampler_seed=dict(type='DistSamplerSeedHook'),
    visualization=dict(type='SegVisualizationHook'))
launcher = 'none'

2026/05/15 07:14:14 - mmengine - INFO - Distributed training is not used, all SyncBatchNorm (SyncBN) layers in the model will be automatically reverted to BatchNormXd layers if they are used.
2026/05/15 07:14:14 - mmengine - INFO - Hooks will be executed in the following order:
before_run:
(VERY_HIGH   ) RuntimeInfoHook                    
(BELOW_NORMAL) LoggerHook                         
 -------------------- 
before_train:
(VERY_HIGH   ) RuntimeInfoHook                    
(NORMAL      ) IterTimerHook                      
(VERY_LOW    ) CheckpointHook                     
 -------------------- 
before_train_epoch:
(VERY_HIGH   ) RuntimeInfoHook                    
(NORMAL      ) IterTimerHook                      
(NORMAL      ) DistSamplerSeedHook                
 -------------------- 
before_train_iter:
(VERY_HIGH   ) RuntimeInfoHook                    
(NORMAL      ) IterTimerHook                      
 -------------------- 
after_train_iter:
(VERY_HIGH   ) RuntimeInfoHook                    
(NORMAL      ) IterTimerHook                      
(NORMAL      ) SegVisualizationHook               
(BELOW_NORMAL) LoggerHook                         
(LOW         ) ParamSchedulerHook                 
(VERY_LOW    ) CheckpointHook                     
 -------------------- 
after_train_epoch:
(NORMAL      ) IterTimerHook                      
(LOW         ) ParamSchedulerHook                 
(VERY_LOW    ) CheckpointHook                     
 -------------------- 
before_val_epoch:
(NORMAL      ) IterTimerHook                      
 -------------------- 
before_val_iter:
(NORMAL      ) IterTimerHook                      
 -------------------- 
after_val_iter:
(NORMAL      ) IterTimerHook                      
(NORMAL      ) SegVisualizationHook               
(BELOW_NORMAL) LoggerHook                         
 -------------------- 
after_val_epoch:
(VERY_HIGH   ) RuntimeInfoHook                    
(NORMAL      ) IterTimerHook                      
(BELOW_NORMAL) LoggerHook                         
(LOW         ) ParamSchedulerHook                 
(VERY_LOW    ) CheckpointHook                     
 -------------------- 
after_train:
(VERY_LOW    ) CheckpointHook                     
 -------------------- 
before_test_epoch:
(NORMAL      ) IterTimerHook                      
 -------------------- 
before_test_iter:
(NORMAL      ) IterTimerHook                      
 -------------------- 
after_test_iter:
(NORMAL      ) IterTimerHook                      
(NORMAL      ) SegVisualizationHook               
(BELOW_NORMAL) LoggerHook                         
 -------------------- 
after_test_epoch:
(VERY_HIGH   ) RuntimeInfoHook                    
(NORMAL      ) IterTimerHook                      
(BELOW_NORMAL) LoggerHook                         
 -------------------- 
after_run:
(BELOW_NORMAL) LoggerHook                         
 -------------------- 
2026/05/15 07:14:14 - mmengine - INFO - self.paramwise_cfg is {'decay_type': 'layer_wise', 'num_layers': 45, 'decay_rate': 0.9, 'absolute_pos_embed': {'decay_mult': 0.0}, 'relative_position_bias_table': {'decay_mult': 0.0}, 'norm': {'decay_mult': 0.0}}
2026/05/15 07:14:14 - mmengine - INFO - Build LearningRateDecayOptimizerConstructor  layer_wise 0.9 - 47
2026/05/15 07:14:14 - mmengine - INFO - set param backbone.absolute_pos_embed as id 0
2026/05/15 07:14:14 - mmengine - INFO - set param backbone.patch_embed.proj.weight as id 0
2026/05/15 07:14:14 - mmengine - INFO - set param backbone.patch_embed.proj.bias as id 0
2026/05/15 07:14:14 - mmengine - INFO - set param backbone.patch_embed.norm.weight as id 0
2026/05/15 07:14:14 - mmengine - INFO - set param backbone.patch_embed.norm.bias as id 0
2026/05/15 07:14:14 - mmengine - INFO - set param backbone.blocks.0.norm2.weight as id 1
2026/05/15 07:14:14 - mmengine - INFO - set param backbone.blocks.0.norm2.bias as id 1
2026/05/15 07:14:14 - mmengine - INFO - set param backbone.blocks.0.mlp.fc1.weight as id 1
2026/05/15 07:14:14 - mmengine - INFO - set param backbone.blocks.0.mlp.fc1.bias as id 1
2026/05/15 07:14:14 - mmengine - INFO - set param backbone.blocks.0.mlp.fc2.weight as id 1
2026/05/15 07:14:14 - mmengine - INFO - set param backbone.blocks.0.mlp.fc2.bias as id 1
2026/05/15 07:14:14 - mmengine - INFO - set param backbone.blocks.1.norm2.weight as id 2
2026/05/15 07:14:14 - mmengine - INFO - set param backbone.blocks.1.norm2.bias as id 2
2026/05/15 07:14:14 - mmengine - INFO - set param backbone.blocks.1.mlp.fc1.weight as id 2
2026/05/15 07:14:14 - mmengine - INFO - set param backbone.blocks.1.mlp.fc1.bias as id 2
2026/05/15 07:14:14 - mmengine - INFO - set param backbone.blocks.1.mlp.fc2.weight as id 2
2026/05/15 07:14:14 - mmengine - INFO - set param backbone.blocks.1.mlp.fc2.bias as id 2
2026/05/15 07:14:14 - mmengine - INFO - set param backbone.blocks.2.norm.weight as id 3
2026/05/15 07:14:14 - mmengine - INFO - set param backbone.blocks.2.norm.bias as id 3
2026/05/15 07:14:14 - mmengine - INFO - set param backbone.blocks.2.reduction.weight as id 3
2026/05/15 07:14:14 - mmengine - INFO - set param backbone.blocks.3.norm2.weight as id 4
2026/05/15 07:14:14 - mmengine - INFO - set param backbone.blocks.3.norm2.bias as id 4
2026/05/15 07:14:14 - mmengine - INFO - set param backbone.blocks.3.mlp.fc1.weight as id 4
2026/05/15 07:14:14 - mmengine - INFO - set param backbone.blocks.3.mlp.fc1.bias as id 4
2026/05/15 07:14:14 - mmengine - INFO - set param backbone.blocks.3.mlp.fc2.weight as id 4
2026/05/15 07:14:14 - mmengine - INFO - set param backbone.blocks.3.mlp.fc2.bias as id 4
2026/05/15 07:14:14 - mmengine - INFO - set param backbone.blocks.4.norm2.weight as id 5
2026/05/15 07:14:14 - mmengine - INFO - set param backbone.blocks.4.norm2.bias as id 5
2026/05/15 07:14:14 - mmengine - INFO - set param backbone.blocks.4.mlp.fc1.weight as id 5
2026/05/15 07:14:14 - mmengine - INFO - set param backbone.blocks.4.mlp.fc1.bias as id 5
2026/05/15 07:14:14 - mmengine - INFO - set param backbone.blocks.4.mlp.fc2.weight as id 5
2026/05/15 07:14:14 - mmengine - INFO - set param backbone.blocks.4.mlp.fc2.bias as id 5
2026/05/15 07:14:14 - mmengine - INFO - set param backbone.blocks.5.norm.weight as id 6
2026/05/15 07:14:14 - mmengine - INFO - set param backbone.blocks.5.norm.bias as id 6
2026/05/15 07:14:14 - mmengine - INFO - set param backbone.blocks.5.reduction.weight as id 6
2026/05/15 07:14:14 - mmengine - INFO - set param backbone.blocks.6.norm1.weight as id 7
2026/05/15 07:14:14 - mmengine - INFO - set param backbone.blocks.6.norm1.bias as id 7
2026/05/15 07:14:14 - mmengine - INFO - set param backbone.blocks.6.attn.qkv.weight as id 7
2026/05/15 07:14:14 - mmengine - INFO - set param backbone.blocks.6.attn.qkv.bias as id 7
2026/05/15 07:14:14 - mmengine - INFO - set param backbone.blocks.6.attn.proj.weight as id 7
2026/05/15 07:14:14 - mmengine - INFO - set param backbone.blocks.6.attn.proj.bias as id 7
2026/05/15 07:14:14 - mmengine - INFO - set param backbone.blocks.6.norm2.weight as id 7
2026/05/15 07:14:14 - mmengine - INFO - set param backbone.blocks.6.norm2.bias as id 7
2026/05/15 07:14:14 - mmengine - INFO - set param backbone.blocks.6.mlp.fc1.weight as id 7
2026/05/15 07:14:14 - mmengine - INFO - set param backbone.blocks.6.mlp.fc1.bias as id 7
2026/05/15 07:14:14 - mmengine - INFO - set param backbone.blocks.6.mlp.fc2.weight as id 7
2026/05/15 07:14:14 - mmengine - INFO - set param backbone.blocks.6.mlp.fc2.bias as id 7
2026/05/15 07:14:14 - mmengine - INFO - set param backbone.blocks.7.norm1.weight as id 8
2026/05/15 07:14:14 - mmengine - INFO - set param backbone.blocks.7.norm1.bias as id 8
2026/05/15 07:14:14 - mmengine - INFO - set param backbone.blocks.7.attn.qkv.weight as id 8
2026/05/15 07:14:14 - mmengine - INFO - set param backbone.blocks.7.attn.qkv.bias as id 8
2026/05/15 07:14:14 - mmengine - INFO - set param backbone.blocks.7.attn.proj.weight as id 8
2026/05/15 07:14:14 - mmengine - INFO - set param backbone.blocks.7.attn.proj.bias as id 8
2026/05/15 07:14:14 - mmengine - INFO - set param backbone.blocks.7.norm2.weight as id 8
2026/05/15 07:14:14 - mmengine - INFO - set param backbone.blocks.7.norm2.bias as id 8
2026/05/15 07:14:14 - mmengine - INFO - set param backbone.blocks.7.mlp.fc1.weight as id 8
2026/05/15 07:14:14 - mmengine - INFO - set param backbone.blocks.7.mlp.fc1.bias as id 8
2026/05/15 07:14:14 - mmengine - INFO - set param backbone.blocks.7.mlp.fc2.weight as id 8
2026/05/15 07:14:14 - mmengine - INFO - set param backbone.blocks.7.mlp.fc2.bias as id 8
2026/05/15 07:14:14 - mmengine - INFO - set param backbone.blocks.8.norm1.weight as id 9
2026/05/15 07:14:14 - mmengine - INFO - set param backbone.blocks.8.norm1.bias as id 9
2026/05/15 07:14:14 - mmengine - INFO - set param backbone.blocks.8.attn.qkv.weight as id 9
2026/05/15 07:14:14 - mmengine - INFO - set param backbone.blocks.8.attn.qkv.bias as id 9
2026/05/15 07:14:14 - mmengine - INFO - set param backbone.blocks.8.attn.proj.weight as id 9
2026/05/15 07:14:14 - mmengine - INFO - set param backbone.blocks.8.attn.proj.bias as id 9
2026/05/15 07:14:14 - mmengine - INFO - set param backbone.blocks.8.norm2.weight as id 9
2026/05/15 07:14:14 - mmengine - INFO - set param backbone.blocks.8.norm2.bias as id 9
2026/05/15 07:14:14 - mmengine - INFO - set param backbone.blocks.8.mlp.fc1.weight as id 9
2026/05/15 07:14:14 - mmengine - INFO - set param backbone.blocks.8.mlp.fc1.bias as id 9
2026/05/15 07:14:14 - mmengine - INFO - set param backbone.blocks.8.mlp.fc2.weight as id 9
2026/05/15 07:14:14 - mmengine - INFO - set param backbone.blocks.8.mlp.fc2.bias as id 9
2026/05/15 07:14:14 - mmengine - INFO - set param backbone.blocks.9.norm1.weight as id 10
2026/05/15 07:14:14 - mmengine - INFO - set param backbone.blocks.9.norm1.bias as id 10
2026/05/15 07:14:14 - mmengine - INFO - set param backbone.blocks.9.attn.qkv.weight as id 10
2026/05/15 07:14:14 - mmengine - INFO - set param backbone.blocks.9.attn.qkv.bias as id 10
2026/05/15 07:14:14 - mmengine - INFO - set param backbone.blocks.9.attn.proj.weight as id 10
2026/05/15 07:14:14 - mmengine - INFO - set param backbone.blocks.9.attn.proj.bias as id 10
2026/05/15 07:14:14 - mmengine - INFO - set param backbone.blocks.9.norm2.weight as id 10
2026/05/15 07:14:14 - mmengine - INFO - set param backbone.blocks.9.norm2.bias as id 10
2026/05/15 07:14:14 - mmengine - INFO - set param backbone.blocks.9.mlp.fc1.weight as id 10
2026/05/15 07:14:14 - mmengine - INFO - set param backbone.blocks.9.mlp.fc1.bias as id 10
2026/05/15 07:14:14 - mmengine - INFO - set param backbone.blocks.9.mlp.fc2.weight as id 10
2026/05/15 07:14:14 - mmengine - INFO - set param backbone.blocks.9.mlp.fc2.bias as id 10
2026/05/15 07:14:14 - mmengine - INFO - set param backbone.blocks.10.norm1.weight as id 11
2026/05/15 07:14:14 - mmengine - INFO - set param backbone.blocks.10.norm1.bias as id 11
2026/05/15 07:14:14 - mmengine - INFO - set param backbone.blocks.10.attn.qkv.weight as id 11
2026/05/15 07:14:14 - mmengine - INFO - set param backbone.blocks.10.attn.qkv.bias as id 11
2026/05/15 07:14:14 - mmengine - INFO - set param backbone.blocks.10.attn.proj.weight as id 11
2026/05/15 07:14:14 - mmengine - INFO - set param backbone.blocks.10.attn.proj.bias as id 11
2026/05/15 07:14:14 - mmengine - INFO - set param backbone.blocks.10.norm2.weight as id 11
2026/05/15 07:14:14 - mmengine - INFO - set param backbone.blocks.10.norm2.bias as id 11
2026/05/15 07:14:14 - mmengine - INFO - set param backbone.blocks.10.mlp.fc1.weight as id 11
2026/05/15 07:14:14 - mmengine - INFO - set param backbone.blocks.10.mlp.fc1.bias as id 11
2026/05/15 07:14:14 - mmengine - INFO - set param backbone.blocks.10.mlp.fc2.weight as id 11
2026/05/15 07:14:14 - mmengine - INFO - set param backbone.blocks.10.mlp.fc2.bias as id 11
2026/05/15 07:14:14 - mmengine - INFO - set param backbone.blocks.11.norm1.weight as id 12
2026/05/15 07:14:14 - mmengine - INFO - set param backbone.blocks.11.norm1.bias as id 12
2026/05/15 07:14:14 - mmengine - INFO - set param backbone.blocks.11.attn.qkv.weight as id 12
2026/05/15 07:14:14 - mmengine - INFO - set param backbone.blocks.11.attn.qkv.bias as id 12
2026/05/15 07:14:14 - mmengine - INFO - set param backbone.blocks.11.attn.proj.weight as id 12
2026/05/15 07:14:14 - mmengine - INFO - set param backbone.blocks.11.attn.proj.bias as id 12
2026/05/15 07:14:14 - mmengine - INFO - set param backbone.blocks.11.norm2.weight as id 12
2026/05/15 07:14:14 - mmengine - INFO - set param backbone.blocks.11.norm2.bias as id 12
2026/05/15 07:14:14 - mmengine - INFO - set param backbone.blocks.11.mlp.fc1.weight as id 12
2026/05/15 07:14:14 - mmengine - INFO - set param backbone.blocks.11.mlp.fc1.bias as id 12
2026/05/15 07:14:14 - mmengine - INFO - set param backbone.blocks.11.mlp.fc2.weight as id 12
2026/05/15 07:14:14 - mmengine - INFO - set param backbone.blocks.11.mlp.fc2.bias as id 12
2026/05/15 07:14:14 - mmengine - INFO - set param backbone.blocks.12.norm1.weight as id 13
2026/05/15 07:14:14 - mmengine - INFO - set param backbone.blocks.12.norm1.bias as id 13
2026/05/15 07:14:14 - mmengine - INFO - set param backbone.blocks.12.attn.qkv.weight as id 13
2026/05/15 07:14:14 - mmengine - INFO - set param backbone.blocks.12.attn.qkv.bias as id 13
2026/05/15 07:14:14 - mmengine - INFO - set param backbone.blocks.12.attn.proj.weight as id 13
2026/05/15 07:14:14 - mmengine - INFO - set param backbone.blocks.12.attn.proj.bias as id 13
2026/05/15 07:14:14 - mmengine - INFO - set param backbone.blocks.12.norm2.weight as id 13
2026/05/15 07:14:14 - mmengine - INFO - set param backbone.blocks.12.norm2.bias as id 13
2026/05/15 07:14:14 - mmengine - INFO - set param backbone.blocks.12.mlp.fc1.weight as id 13
2026/05/15 07:14:14 - mmengine - INFO - set param backbone.blocks.12.mlp.fc1.bias as id 13
2026/05/15 07:14:14 - mmengine - INFO - set param backbone.blocks.12.mlp.fc2.weight as id 13
2026/05/15 07:14:14 - mmengine - INFO - set param backbone.blocks.12.mlp.fc2.bias as id 13
2026/05/15 07:14:14 - mmengine - INFO - set param backbone.blocks.13.norm1.weight as id 14
2026/05/15 07:14:14 - mmengine - INFO - set param backbone.blocks.13.norm1.bias as id 14
2026/05/15 07:14:14 - mmengine - INFO - set param backbone.blocks.13.attn.qkv.weight as id 14
2026/05/15 07:14:14 - mmengine - INFO - set param backbone.blocks.13.attn.qkv.bias as id 14
2026/05/15 07:14:14 - mmengine - INFO - set param backbone.blocks.13.attn.proj.weight as id 14
2026/05/15 07:14:14 - mmengine - INFO - set param backbone.blocks.13.attn.proj.bias as id 14
2026/05/15 07:14:14 - mmengine - INFO - set param backbone.blocks.13.norm2.weight as id 14
2026/05/15 07:14:14 - mmengine - INFO - set param backbone.blocks.13.norm2.bias as id 14
2026/05/15 07:14:14 - mmengine - INFO - set param backbone.blocks.13.mlp.fc1.weight as id 14
2026/05/15 07:14:14 - mmengine - INFO - set param backbone.blocks.13.mlp.fc1.bias as id 14
2026/05/15 07:14:14 - mmengine - INFO - set param backbone.blocks.13.mlp.fc2.weight as id 14
2026/05/15 07:14:14 - mmengine - INFO - set param backbone.blocks.13.mlp.fc2.bias as id 14
2026/05/15 07:14:14 - mmengine - INFO - set param backbone.blocks.14.norm1.weight as id 15
2026/05/15 07:14:14 - mmengine - INFO - set param backbone.blocks.14.norm1.bias as id 15
2026/05/15 07:14:14 - mmengine - INFO - set param backbone.blocks.14.attn.qkv.weight as id 15
2026/05/15 07:14:14 - mmengine - INFO - set param backbone.blocks.14.attn.qkv.bias as id 15
2026/05/15 07:14:14 - mmengine - INFO - set param backbone.blocks.14.attn.proj.weight as id 15
2026/05/15 07:14:14 - mmengine - INFO - set param backbone.blocks.14.attn.proj.bias as id 15
2026/05/15 07:14:14 - mmengine - INFO - set param backbone.blocks.14.norm2.weight as id 15
2026/05/15 07:14:14 - mmengine - INFO - set param backbone.blocks.14.norm2.bias as id 15
2026/05/15 07:14:14 - mmengine - INFO - set param backbone.blocks.14.mlp.fc1.weight as id 15
2026/05/15 07:14:14 - mmengine - INFO - set param backbone.blocks.14.mlp.fc1.bias as id 15
2026/05/15 07:14:14 - mmengine - INFO - set param backbone.blocks.14.mlp.fc2.weight as id 15
2026/05/15 07:14:14 - mmengine - INFO - set param backbone.blocks.14.mlp.fc2.bias as id 15
2026/05/15 07:14:14 - mmengine - INFO - set param backbone.blocks.15.norm1.weight as id 16
2026/05/15 07:14:14 - mmengine - INFO - set param backbone.blocks.15.norm1.bias as id 16
2026/05/15 07:14:14 - mmengine - INFO - set param backbone.blocks.15.attn.qkv.weight as id 16
2026/05/15 07:14:14 - mmengine - INFO - set param backbone.blocks.15.attn.qkv.bias as id 16
2026/05/15 07:14:14 - mmengine - INFO - set param backbone.blocks.15.attn.proj.weight as id 16
2026/05/15 07:14:14 - mmengine - INFO - set param backbone.blocks.15.attn.proj.bias as id 16
2026/05/15 07:14:14 - mmengine - INFO - set param backbone.blocks.15.norm2.weight as id 16
2026/05/15 07:14:14 - mmengine - INFO - set param backbone.blocks.15.norm2.bias as id 16
2026/05/15 07:14:14 - mmengine - INFO - set param backbone.blocks.15.mlp.fc1.weight as id 16
2026/05/15 07:14:14 - mmengine - INFO - set param backbone.blocks.15.mlp.fc1.bias as id 16
2026/05/15 07:14:14 - mmengine - INFO - set param backbone.blocks.15.mlp.fc2.weight as id 16
2026/05/15 07:14:14 - mmengine - INFO - set param backbone.blocks.15.mlp.fc2.bias as id 16
2026/05/15 07:14:14 - mmengine - INFO - set param backbone.blocks.16.norm1.weight as id 17
2026/05/15 07:14:14 - mmengine - INFO - set param backbone.blocks.16.norm1.bias as id 17
2026/05/15 07:14:14 - mmengine - INFO - set param backbone.blocks.16.attn.qkv.weight as id 17
2026/05/15 07:14:14 - mmengine - INFO - set param backbone.blocks.16.attn.qkv.bias as id 17
2026/05/15 07:14:14 - mmengine - INFO - set param backbone.blocks.16.attn.proj.weight as id 17
2026/05/15 07:14:14 - mmengine - INFO - set param backbone.blocks.16.attn.proj.bias as id 17
2026/05/15 07:14:14 - mmengine - INFO - set param backbone.blocks.16.norm2.weight as id 17
2026/05/15 07:14:14 - mmengine - INFO - set param backbone.blocks.16.norm2.bias as id 17
2026/05/15 07:14:14 - mmengine - INFO - set param backbone.blocks.16.mlp.fc1.weight as id 17
2026/05/15 07:14:14 - mmengine - INFO - set param backbone.blocks.16.mlp.fc1.bias as id 17
2026/05/15 07:14:14 - mmengine - INFO - set param backbone.blocks.16.mlp.fc2.weight as id 17
2026/05/15 07:14:14 - mmengine - INFO - set param backbone.blocks.16.mlp.fc2.bias as id 17
2026/05/15 07:14:14 - mmengine - INFO - set param backbone.blocks.17.norm1.weight as id 18
2026/05/15 07:14:14 - mmengine - INFO - set param backbone.blocks.17.norm1.bias as id 18
2026/05/15 07:14:14 - mmengine - INFO - set param backbone.blocks.17.attn.qkv.weight as id 18
2026/05/15 07:14:14 - mmengine - INFO - set param backbone.blocks.17.attn.qkv.bias as id 18
2026/05/15 07:14:14 - mmengine - INFO - set param backbone.blocks.17.attn.proj.weight as id 18
2026/05/15 07:14:14 - mmengine - INFO - set param backbone.blocks.17.attn.proj.bias as id 18
2026/05/15 07:14:14 - mmengine - INFO - set param backbone.blocks.17.norm2.weight as id 18
2026/05/15 07:14:14 - mmengine - INFO - set param backbone.blocks.17.norm2.bias as id 18
2026/05/15 07:14:14 - mmengine - INFO - set param backbone.blocks.17.mlp.fc1.weight as id 18
2026/05/15 07:14:14 - mmengine - INFO - set param backbone.blocks.17.mlp.fc1.bias as id 18
2026/05/15 07:14:14 - mmengine - INFO - set param backbone.blocks.17.mlp.fc2.weight as id 18
2026/05/15 07:14:14 - mmengine - INFO - set param backbone.blocks.17.mlp.fc2.bias as id 18
2026/05/15 07:14:14 - mmengine - INFO - set param backbone.blocks.18.norm1.weight as id 19
2026/05/15 07:14:14 - mmengine - INFO - set param backbone.blocks.18.norm1.bias as id 19
2026/05/15 07:14:14 - mmengine - INFO - set param backbone.blocks.18.attn.qkv.weight as id 19
2026/05/15 07:14:14 - mmengine - INFO - set param backbone.blocks.18.attn.qkv.bias as id 19
2026/05/15 07:14:14 - mmengine - INFO - set param backbone.blocks.18.attn.proj.weight as id 19
2026/05/15 07:14:14 - mmengine - INFO - set param backbone.blocks.18.attn.proj.bias as id 19
2026/05/15 07:14:14 - mmengine - INFO - set param backbone.blocks.18.norm2.weight as id 19
2026/05/15 07:14:14 - mmengine - INFO - set param backbone.blocks.18.norm2.bias as id 19
2026/05/15 07:14:14 - mmengine - INFO - set param backbone.blocks.18.mlp.fc1.weight as id 19
2026/05/15 07:14:14 - mmengine - INFO - set param backbone.blocks.18.mlp.fc1.bias as id 19
2026/05/15 07:14:14 - mmengine - INFO - set param backbone.blocks.18.mlp.fc2.weight as id 19
2026/05/15 07:14:14 - mmengine - INFO - set param backbone.blocks.18.mlp.fc2.bias as id 19
2026/05/15 07:14:14 - mmengine - INFO - set param backbone.blocks.19.norm1.weight as id 20
2026/05/15 07:14:14 - mmengine - INFO - set param backbone.blocks.19.norm1.bias as id 20
2026/05/15 07:14:14 - mmengine - INFO - set param backbone.blocks.19.attn.qkv.weight as id 20
2026/05/15 07:14:14 - mmengine - INFO - set param backbone.blocks.19.attn.qkv.bias as id 20
2026/05/15 07:14:14 - mmengine - INFO - set param backbone.blocks.19.attn.proj.weight as id 20
2026/05/15 07:14:14 - mmengine - INFO - set param backbone.blocks.19.attn.proj.bias as id 20
2026/05/15 07:14:14 - mmengine - INFO - set param backbone.blocks.19.norm2.weight as id 20
2026/05/15 07:14:14 - mmengine - INFO - set param backbone.blocks.19.norm2.bias as id 20
2026/05/15 07:14:14 - mmengine - INFO - set param backbone.blocks.19.mlp.fc1.weight as id 20
2026/05/15 07:14:14 - mmengine - INFO - set param backbone.blocks.19.mlp.fc1.bias as id 20
2026/05/15 07:14:14 - mmengine - INFO - set param backbone.blocks.19.mlp.fc2.weight as id 20
2026/05/15 07:14:14 - mmengine - INFO - set param backbone.blocks.19.mlp.fc2.bias as id 20
2026/05/15 07:14:14 - mmengine - INFO - set param backbone.blocks.20.norm1.weight as id 21
2026/05/15 07:14:14 - mmengine - INFO - set param backbone.blocks.20.norm1.bias as id 21
2026/05/15 07:14:14 - mmengine - INFO - set param backbone.blocks.20.attn.qkv.weight as id 21
2026/05/15 07:14:14 - mmengine - INFO - set param backbone.blocks.20.attn.qkv.bias as id 21
2026/05/15 07:14:14 - mmengine - INFO - set param backbone.blocks.20.attn.proj.weight as id 21
2026/05/15 07:14:14 - mmengine - INFO - set param backbone.blocks.20.attn.proj.bias as id 21
2026/05/15 07:14:14 - mmengine - INFO - set param backbone.blocks.20.norm2.weight as id 21
2026/05/15 07:14:14 - mmengine - INFO - set param backbone.blocks.20.norm2.bias as id 21
2026/05/15 07:14:14 - mmengine - INFO - set param backbone.blocks.20.mlp.fc1.weight as id 21
2026/05/15 07:14:14 - mmengine - INFO - set param backbone.blocks.20.mlp.fc1.bias as id 21
2026/05/15 07:14:14 - mmengine - INFO - set param backbone.blocks.20.mlp.fc2.weight as id 21
2026/05/15 07:14:14 - mmengine - INFO - set param backbone.blocks.20.mlp.fc2.bias as id 21
2026/05/15 07:14:14 - mmengine - INFO - set param backbone.blocks.21.norm1.weight as id 22
2026/05/15 07:14:14 - mmengine - INFO - set param backbone.blocks.21.norm1.bias as id 22
2026/05/15 07:14:14 - mmengine - INFO - set param backbone.blocks.21.attn.qkv.weight as id 22
2026/05/15 07:14:14 - mmengine - INFO - set param backbone.blocks.21.attn.qkv.bias as id 22
2026/05/15 07:14:14 - mmengine - INFO - set param backbone.blocks.21.attn.proj.weight as id 22
2026/05/15 07:14:14 - mmengine - INFO - set param backbone.blocks.21.attn.proj.bias as id 22
2026/05/15 07:14:14 - mmengine - INFO - set param backbone.blocks.21.norm2.weight as id 22
2026/05/15 07:14:14 - mmengine - INFO - set param backbone.blocks.21.norm2.bias as id 22
2026/05/15 07:14:14 - mmengine - INFO - set param backbone.blocks.21.mlp.fc1.weight as id 22
2026/05/15 07:14:14 - mmengine - INFO - set param backbone.blocks.21.mlp.fc1.bias as id 22
2026/05/15 07:14:14 - mmengine - INFO - set param backbone.blocks.21.mlp.fc2.weight as id 22
2026/05/15 07:14:14 - mmengine - INFO - set param backbone.blocks.21.mlp.fc2.bias as id 22
2026/05/15 07:14:14 - mmengine - INFO - set param backbone.blocks.22.norm1.weight as id 23
2026/05/15 07:14:14 - mmengine - INFO - set param backbone.blocks.22.norm1.bias as id 23
2026/05/15 07:14:14 - mmengine - INFO - set param backbone.blocks.22.attn.qkv.weight as id 23
2026/05/15 07:14:14 - mmengine - INFO - set param backbone.blocks.22.attn.qkv.bias as id 23
2026/05/15 07:14:14 - mmengine - INFO - set param backbone.blocks.22.attn.proj.weight as id 23
2026/05/15 07:14:14 - mmengine - INFO - set param backbone.blocks.22.attn.proj.bias as id 23
2026/05/15 07:14:14 - mmengine - INFO - set param backbone.blocks.22.norm2.weight as id 23
2026/05/15 07:14:14 - mmengine - INFO - set param backbone.blocks.22.norm2.bias as id 23
2026/05/15 07:14:14 - mmengine - INFO - set param backbone.blocks.22.mlp.fc1.weight as id 23
2026/05/15 07:14:14 - mmengine - INFO - set param backbone.blocks.22.mlp.fc1.bias as id 23
2026/05/15 07:14:14 - mmengine - INFO - set param backbone.blocks.22.mlp.fc2.weight as id 23
2026/05/15 07:14:14 - mmengine - INFO - set param backbone.blocks.22.mlp.fc2.bias as id 23
2026/05/15 07:14:14 - mmengine - INFO - set param backbone.blocks.23.norm1.weight as id 24
2026/05/15 07:14:14 - mmengine - INFO - set param backbone.blocks.23.norm1.bias as id 24
2026/05/15 07:14:14 - mmengine - INFO - set param backbone.blocks.23.attn.qkv.weight as id 24
2026/05/15 07:14:14 - mmengine - INFO - set param backbone.blocks.23.attn.qkv.bias as id 24
2026/05/15 07:14:14 - mmengine - INFO - set param backbone.blocks.23.attn.proj.weight as id 24
2026/05/15 07:14:14 - mmengine - INFO - set param backbone.blocks.23.attn.proj.bias as id 24
2026/05/15 07:14:14 - mmengine - INFO - set param backbone.blocks.23.norm2.weight as id 24
2026/05/15 07:14:14 - mmengine - INFO - set param backbone.blocks.23.norm2.bias as id 24
2026/05/15 07:14:14 - mmengine - INFO - set param backbone.blocks.23.mlp.fc1.weight as id 24
2026/05/15 07:14:14 - mmengine - INFO - set param backbone.blocks.23.mlp.fc1.bias as id 24
2026/05/15 07:14:14 - mmengine - INFO - set param backbone.blocks.23.mlp.fc2.weight as id 24
2026/05/15 07:14:14 - mmengine - INFO - set param backbone.blocks.23.mlp.fc2.bias as id 24
2026/05/15 07:14:14 - mmengine - INFO - set param backbone.blocks.24.norm1.weight as id 25
2026/05/15 07:14:14 - mmengine - INFO - set param backbone.blocks.24.norm1.bias as id 25
2026/05/15 07:14:14 - mmengine - INFO - set param backbone.blocks.24.attn.qkv.weight as id 25
2026/05/15 07:14:14 - mmengine - INFO - set param backbone.blocks.24.attn.qkv.bias as id 25
2026/05/15 07:14:14 - mmengine - INFO - set param backbone.blocks.24.attn.proj.weight as id 25
2026/05/15 07:14:14 - mmengine - INFO - set param backbone.blocks.24.attn.proj.bias as id 25
2026/05/15 07:14:14 - mmengine - INFO - set param backbone.blocks.24.norm2.weight as id 25
2026/05/15 07:14:14 - mmengine - INFO - set param backbone.blocks.24.norm2.bias as id 25
2026/05/15 07:14:14 - mmengine - INFO - set param backbone.blocks.24.mlp.fc1.weight as id 25
2026/05/15 07:14:14 - mmengine - INFO - set param backbone.blocks.24.mlp.fc1.bias as id 25
2026/05/15 07:14:14 - mmengine - INFO - set param backbone.blocks.24.mlp.fc2.weight as id 25
2026/05/15 07:14:14 - mmengine - INFO - set param backbone.blocks.24.mlp.fc2.bias as id 25
2026/05/15 07:14:14 - mmengine - INFO - set param backbone.blocks.25.norm1.weight as id 26
2026/05/15 07:14:14 - mmengine - INFO - set param backbone.blocks.25.norm1.bias as id 26
2026/05/15 07:14:14 - mmengine - INFO - set param backbone.blocks.25.attn.qkv.weight as id 26
2026/05/15 07:14:14 - mmengine - INFO - set param backbone.blocks.25.attn.qkv.bias as id 26
2026/05/15 07:14:14 - mmengine - INFO - set param backbone.blocks.25.attn.proj.weight as id 26
2026/05/15 07:14:14 - mmengine - INFO - set param backbone.blocks.25.attn.proj.bias as id 26
2026/05/15 07:14:14 - mmengine - INFO - set param backbone.blocks.25.norm2.weight as id 26
2026/05/15 07:14:14 - mmengine - INFO - set param backbone.blocks.25.norm2.bias as id 26
2026/05/15 07:14:14 - mmengine - INFO - set param backbone.blocks.25.mlp.fc1.weight as id 26
2026/05/15 07:14:14 - mmengine - INFO - set param backbone.blocks.25.mlp.fc1.bias as id 26
2026/05/15 07:14:14 - mmengine - INFO - set param backbone.blocks.25.mlp.fc2.weight as id 26
2026/05/15 07:14:14 - mmengine - INFO - set param backbone.blocks.25.mlp.fc2.bias as id 26
2026/05/15 07:14:14 - mmengine - INFO - set param backbone.blocks.26.norm1.weight as id 27
2026/05/15 07:14:14 - mmengine - INFO - set param backbone.blocks.26.norm1.bias as id 27
2026/05/15 07:14:14 - mmengine - INFO - set param backbone.blocks.26.attn.qkv.weight as id 27
2026/05/15 07:14:14 - mmengine - INFO - set param backbone.blocks.26.attn.qkv.bias as id 27
2026/05/15 07:14:14 - mmengine - INFO - set param backbone.blocks.26.attn.proj.weight as id 27
2026/05/15 07:14:14 - mmengine - INFO - set param backbone.blocks.26.attn.proj.bias as id 27
2026/05/15 07:14:14 - mmengine - INFO - set param backbone.blocks.26.norm2.weight as id 27
2026/05/15 07:14:14 - mmengine - INFO - set param backbone.blocks.26.norm2.bias as id 27
2026/05/15 07:14:14 - mmengine - INFO - set param backbone.blocks.26.mlp.fc1.weight as id 27
2026/05/15 07:14:14 - mmengine - INFO - set param backbone.blocks.26.mlp.fc1.bias as id 27
2026/05/15 07:14:14 - mmengine - INFO - set param backbone.blocks.26.mlp.fc2.weight as id 27
2026/05/15 07:14:14 - mmengine - INFO - set param backbone.blocks.26.mlp.fc2.bias as id 27
2026/05/15 07:14:14 - mmengine - INFO - set param backbone.blocks.27.norm1.weight as id 28
2026/05/15 07:14:14 - mmengine - INFO - set param backbone.blocks.27.norm1.bias as id 28
2026/05/15 07:14:14 - mmengine - INFO - set param backbone.blocks.27.attn.qkv.weight as id 28
2026/05/15 07:14:14 - mmengine - INFO - set param backbone.blocks.27.attn.qkv.bias as id 28
2026/05/15 07:14:14 - mmengine - INFO - set param backbone.blocks.27.attn.proj.weight as id 28
2026/05/15 07:14:14 - mmengine - INFO - set param backbone.blocks.27.attn.proj.bias as id 28
2026/05/15 07:14:14 - mmengine - INFO - set param backbone.blocks.27.norm2.weight as id 28
2026/05/15 07:14:14 - mmengine - INFO - set param backbone.blocks.27.norm2.bias as id 28
2026/05/15 07:14:14 - mmengine - INFO - set param backbone.blocks.27.mlp.fc1.weight as id 28
2026/05/15 07:14:14 - mmengine - INFO - set param backbone.blocks.27.mlp.fc1.bias as id 28
2026/05/15 07:14:14 - mmengine - INFO - set param backbone.blocks.27.mlp.fc2.weight as id 28
2026/05/15 07:14:14 - mmengine - INFO - set param backbone.blocks.27.mlp.fc2.bias as id 28
2026/05/15 07:14:14 - mmengine - INFO - set param backbone.blocks.28.norm1.weight as id 29
2026/05/15 07:14:14 - mmengine - INFO - set param backbone.blocks.28.norm1.bias as id 29
2026/05/15 07:14:14 - mmengine - INFO - set param backbone.blocks.28.attn.qkv.weight as id 29
2026/05/15 07:14:14 - mmengine - INFO - set param backbone.blocks.28.attn.qkv.bias as id 29
2026/05/15 07:14:14 - mmengine - INFO - set param backbone.blocks.28.attn.proj.weight as id 29
2026/05/15 07:14:14 - mmengine - INFO - set param backbone.blocks.28.attn.proj.bias as id 29
2026/05/15 07:14:14 - mmengine - INFO - set param backbone.blocks.28.norm2.weight as id 29
2026/05/15 07:14:14 - mmengine - INFO - set param backbone.blocks.28.norm2.bias as id 29
2026/05/15 07:14:14 - mmengine - INFO - set param backbone.blocks.28.mlp.fc1.weight as id 29
2026/05/15 07:14:14 - mmengine - INFO - set param backbone.blocks.28.mlp.fc1.bias as id 29
2026/05/15 07:14:14 - mmengine - INFO - set param backbone.blocks.28.mlp.fc2.weight as id 29
2026/05/15 07:14:14 - mmengine - INFO - set param backbone.blocks.28.mlp.fc2.bias as id 29
2026/05/15 07:14:14 - mmengine - INFO - set param backbone.blocks.29.norm1.weight as id 30
2026/05/15 07:14:14 - mmengine - INFO - set param backbone.blocks.29.norm1.bias as id 30
2026/05/15 07:14:14 - mmengine - INFO - set param backbone.blocks.29.attn.qkv.weight as id 30
2026/05/15 07:14:14 - mmengine - INFO - set param backbone.blocks.29.attn.qkv.bias as id 30
2026/05/15 07:14:14 - mmengine - INFO - set param backbone.blocks.29.attn.proj.weight as id 30
2026/05/15 07:14:14 - mmengine - INFO - set param backbone.blocks.29.attn.proj.bias as id 30
2026/05/15 07:14:14 - mmengine - INFO - set param backbone.blocks.29.norm2.weight as id 30
2026/05/15 07:14:14 - mmengine - INFO - set param backbone.blocks.29.norm2.bias as id 30
2026/05/15 07:14:14 - mmengine - INFO - set param backbone.blocks.29.mlp.fc1.weight as id 30
2026/05/15 07:14:14 - mmengine - INFO - set param backbone.blocks.29.mlp.fc1.bias as id 30
2026/05/15 07:14:14 - mmengine - INFO - set param backbone.blocks.29.mlp.fc2.weight as id 30
2026/05/15 07:14:14 - mmengine - INFO - set param backbone.blocks.29.mlp.fc2.bias as id 30
2026/05/15 07:14:14 - mmengine - INFO - set param backbone.blocks.30.norm1.weight as id 31
2026/05/15 07:14:14 - mmengine - INFO - set param backbone.blocks.30.norm1.bias as id 31
2026/05/15 07:14:14 - mmengine - INFO - set param backbone.blocks.30.attn.qkv.weight as id 31
2026/05/15 07:14:14 - mmengine - INFO - set param backbone.blocks.30.attn.qkv.bias as id 31
2026/05/15 07:14:14 - mmengine - INFO - set param backbone.blocks.30.attn.proj.weight as id 31
2026/05/15 07:14:14 - mmengine - INFO - set param backbone.blocks.30.attn.proj.bias as id 31
2026/05/15 07:14:14 - mmengine - INFO - set param backbone.blocks.30.norm2.weight as id 31
2026/05/15 07:14:14 - mmengine - INFO - set param backbone.blocks.30.norm2.bias as id 31
2026/05/15 07:14:14 - mmengine - INFO - set param backbone.blocks.30.mlp.fc1.weight as id 31
2026/05/15 07:14:14 - mmengine - INFO - set param backbone.blocks.30.mlp.fc1.bias as id 31
2026/05/15 07:14:14 - mmengine - INFO - set param backbone.blocks.30.mlp.fc2.weight as id 31
2026/05/15 07:14:14 - mmengine - INFO - set param backbone.blocks.30.mlp.fc2.bias as id 31
2026/05/15 07:14:14 - mmengine - INFO - set param backbone.blocks.31.norm1.weight as id 32
2026/05/15 07:14:14 - mmengine - INFO - set param backbone.blocks.31.norm1.bias as id 32
2026/05/15 07:14:14 - mmengine - INFO - set param backbone.blocks.31.attn.qkv.weight as id 32
2026/05/15 07:14:14 - mmengine - INFO - set param backbone.blocks.31.attn.qkv.bias as id 32
2026/05/15 07:14:14 - mmengine - INFO - set param backbone.blocks.31.attn.proj.weight as id 32
2026/05/15 07:14:14 - mmengine - INFO - set param backbone.blocks.31.attn.proj.bias as id 32
2026/05/15 07:14:14 - mmengine - INFO - set param backbone.blocks.31.norm2.weight as id 32
2026/05/15 07:14:14 - mmengine - INFO - set param backbone.blocks.31.norm2.bias as id 32
2026/05/15 07:14:14 - mmengine - INFO - set param backbone.blocks.31.mlp.fc1.weight as id 32
2026/05/15 07:14:14 - mmengine - INFO - set param backbone.blocks.31.mlp.fc1.bias as id 32
2026/05/15 07:14:14 - mmengine - INFO - set param backbone.blocks.31.mlp.fc2.weight as id 32
2026/05/15 07:14:14 - mmengine - INFO - set param backbone.blocks.31.mlp.fc2.bias as id 32
2026/05/15 07:14:14 - mmengine - INFO - set param backbone.blocks.32.norm1.weight as id 33
2026/05/15 07:14:14 - mmengine - INFO - set param backbone.blocks.32.norm1.bias as id 33
2026/05/15 07:14:14 - mmengine - INFO - set param backbone.blocks.32.attn.qkv.weight as id 33
2026/05/15 07:14:14 - mmengine - INFO - set param backbone.blocks.32.attn.qkv.bias as id 33
2026/05/15 07:14:14 - mmengine - INFO - set param backbone.blocks.32.attn.proj.weight as id 33
2026/05/15 07:14:14 - mmengine - INFO - set param backbone.blocks.32.attn.proj.bias as id 33
2026/05/15 07:14:14 - mmengine - INFO - set param backbone.blocks.32.norm2.weight as id 33
2026/05/15 07:14:14 - mmengine - INFO - set param backbone.blocks.32.norm2.bias as id 33
2026/05/15 07:14:14 - mmengine - INFO - set param backbone.blocks.32.mlp.fc1.weight as id 33
2026/05/15 07:14:14 - mmengine - INFO - set param backbone.blocks.32.mlp.fc1.bias as id 33
2026/05/15 07:14:14 - mmengine - INFO - set param backbone.blocks.32.mlp.fc2.weight as id 33
2026/05/15 07:14:14 - mmengine - INFO - set param backbone.blocks.32.mlp.fc2.bias as id 33
2026/05/15 07:14:14 - mmengine - INFO - set param backbone.blocks.33.norm1.weight as id 34
2026/05/15 07:14:14 - mmengine - INFO - set param backbone.blocks.33.norm1.bias as id 34
2026/05/15 07:14:14 - mmengine - INFO - set param backbone.blocks.33.attn.qkv.weight as id 34
2026/05/15 07:14:14 - mmengine - INFO - set param backbone.blocks.33.attn.qkv.bias as id 34
2026/05/15 07:14:14 - mmengine - INFO - set param backbone.blocks.33.attn.proj.weight as id 34
2026/05/15 07:14:14 - mmengine - INFO - set param backbone.blocks.33.attn.proj.bias as id 34
2026/05/15 07:14:14 - mmengine - INFO - set param backbone.blocks.33.norm2.weight as id 34
2026/05/15 07:14:14 - mmengine - INFO - set param backbone.blocks.33.norm2.bias as id 34
2026/05/15 07:14:14 - mmengine - INFO - set param backbone.blocks.33.mlp.fc1.weight as id 34
2026/05/15 07:14:14 - mmengine - INFO - set param backbone.blocks.33.mlp.fc1.bias as id 34
2026/05/15 07:14:14 - mmengine - INFO - set param backbone.blocks.33.mlp.fc2.weight as id 34
2026/05/15 07:14:14 - mmengine - INFO - set param backbone.blocks.33.mlp.fc2.bias as id 34
2026/05/15 07:14:14 - mmengine - INFO - set param backbone.blocks.34.norm1.weight as id 35
2026/05/15 07:14:14 - mmengine - INFO - set param backbone.blocks.34.norm1.bias as id 35
2026/05/15 07:14:14 - mmengine - INFO - set param backbone.blocks.34.attn.qkv.weight as id 35
2026/05/15 07:14:14 - mmengine - INFO - set param backbone.blocks.34.attn.qkv.bias as id 35
2026/05/15 07:14:14 - mmengine - INFO - set param backbone.blocks.34.attn.proj.weight as id 35
2026/05/15 07:14:14 - mmengine - INFO - set param backbone.blocks.34.attn.proj.bias as id 35
2026/05/15 07:14:14 - mmengine - INFO - set param backbone.blocks.34.norm2.weight as id 35
2026/05/15 07:14:14 - mmengine - INFO - set param backbone.blocks.34.norm2.bias as id 35
2026/05/15 07:14:14 - mmengine - INFO - set param backbone.blocks.34.mlp.fc1.weight as id 35
2026/05/15 07:14:14 - mmengine - INFO - set param backbone.blocks.34.mlp.fc1.bias as id 35
2026/05/15 07:14:14 - mmengine - INFO - set param backbone.blocks.34.mlp.fc2.weight as id 35
2026/05/15 07:14:14 - mmengine - INFO - set param backbone.blocks.34.mlp.fc2.bias as id 35
2026/05/15 07:14:14 - mmengine - INFO - set param backbone.blocks.35.norm1.weight as id 36
2026/05/15 07:14:14 - mmengine - INFO - set param backbone.blocks.35.norm1.bias as id 36
2026/05/15 07:14:14 - mmengine - INFO - set param backbone.blocks.35.attn.qkv.weight as id 36
2026/05/15 07:14:14 - mmengine - INFO - set param backbone.blocks.35.attn.qkv.bias as id 36
2026/05/15 07:14:14 - mmengine - INFO - set param backbone.blocks.35.attn.proj.weight as id 36
2026/05/15 07:14:14 - mmengine - INFO - set param backbone.blocks.35.attn.proj.bias as id 36
2026/05/15 07:14:14 - mmengine - INFO - set param backbone.blocks.35.norm2.weight as id 36
2026/05/15 07:14:14 - mmengine - INFO - set param backbone.blocks.35.norm2.bias as id 36
2026/05/15 07:14:14 - mmengine - INFO - set param backbone.blocks.35.mlp.fc1.weight as id 36
2026/05/15 07:14:14 - mmengine - INFO - set param backbone.blocks.35.mlp.fc1.bias as id 36
2026/05/15 07:14:14 - mmengine - INFO - set param backbone.blocks.35.mlp.fc2.weight as id 36
2026/05/15 07:14:14 - mmengine - INFO - set param backbone.blocks.35.mlp.fc2.bias as id 36
2026/05/15 07:14:14 - mmengine - INFO - set param backbone.blocks.36.norm1.weight as id 37
2026/05/15 07:14:14 - mmengine - INFO - set param backbone.blocks.36.norm1.bias as id 37
2026/05/15 07:14:14 - mmengine - INFO - set param backbone.blocks.36.attn.qkv.weight as id 37
2026/05/15 07:14:14 - mmengine - INFO - set param backbone.blocks.36.attn.qkv.bias as id 37
2026/05/15 07:14:14 - mmengine - INFO - set param backbone.blocks.36.attn.proj.weight as id 37
2026/05/15 07:14:14 - mmengine - INFO - set param backbone.blocks.36.attn.proj.bias as id 37
2026/05/15 07:14:14 - mmengine - INFO - set param backbone.blocks.36.norm2.weight as id 37
2026/05/15 07:14:14 - mmengine - INFO - set param backbone.blocks.36.norm2.bias as id 37
2026/05/15 07:14:14 - mmengine - INFO - set param backbone.blocks.36.mlp.fc1.weight as id 37
2026/05/15 07:14:14 - mmengine - INFO - set param backbone.blocks.36.mlp.fc1.bias as id 37
2026/05/15 07:14:14 - mmengine - INFO - set param backbone.blocks.36.mlp.fc2.weight as id 37
2026/05/15 07:14:14 - mmengine - INFO - set param backbone.blocks.36.mlp.fc2.bias as id 37
2026/05/15 07:14:14 - mmengine - INFO - set param backbone.blocks.37.norm1.weight as id 38
2026/05/15 07:14:14 - mmengine - INFO - set param backbone.blocks.37.norm1.bias as id 38
2026/05/15 07:14:14 - mmengine - INFO - set param backbone.blocks.37.attn.qkv.weight as id 38
2026/05/15 07:14:14 - mmengine - INFO - set param backbone.blocks.37.attn.qkv.bias as id 38
2026/05/15 07:14:14 - mmengine - INFO - set param backbone.blocks.37.attn.proj.weight as id 38
2026/05/15 07:14:14 - mmengine - INFO - set param backbone.blocks.37.attn.proj.bias as id 38
2026/05/15 07:14:14 - mmengine - INFO - set param backbone.blocks.37.norm2.weight as id 38
2026/05/15 07:14:14 - mmengine - INFO - set param backbone.blocks.37.norm2.bias as id 38
2026/05/15 07:14:14 - mmengine - INFO - set param backbone.blocks.37.mlp.fc1.weight as id 38
2026/05/15 07:14:14 - mmengine - INFO - set param backbone.blocks.37.mlp.fc1.bias as id 38
2026/05/15 07:14:14 - mmengine - INFO - set param backbone.blocks.37.mlp.fc2.weight as id 38
2026/05/15 07:14:14 - mmengine - INFO - set param backbone.blocks.37.mlp.fc2.bias as id 38
2026/05/15 07:14:14 - mmengine - INFO - set param backbone.blocks.38.norm1.weight as id 39
2026/05/15 07:14:14 - mmengine - INFO - set param backbone.blocks.38.norm1.bias as id 39
2026/05/15 07:14:14 - mmengine - INFO - set param backbone.blocks.38.attn.qkv.weight as id 39
2026/05/15 07:14:14 - mmengine - INFO - set param backbone.blocks.38.attn.qkv.bias as id 39
2026/05/15 07:14:14 - mmengine - INFO - set param backbone.blocks.38.attn.proj.weight as id 39
2026/05/15 07:14:14 - mmengine - INFO - set param backbone.blocks.38.attn.proj.bias as id 39
2026/05/15 07:14:14 - mmengine - INFO - set param backbone.blocks.38.norm2.weight as id 39
2026/05/15 07:14:14 - mmengine - INFO - set param backbone.blocks.38.norm2.bias as id 39
2026/05/15 07:14:14 - mmengine - INFO - set param backbone.blocks.38.mlp.fc1.weight as id 39
2026/05/15 07:14:14 - mmengine - INFO - set param backbone.blocks.38.mlp.fc1.bias as id 39
2026/05/15 07:14:14 - mmengine - INFO - set param backbone.blocks.38.mlp.fc2.weight as id 39
2026/05/15 07:14:14 - mmengine - INFO - set param backbone.blocks.38.mlp.fc2.bias as id 39
2026/05/15 07:14:14 - mmengine - INFO - set param backbone.blocks.39.norm1.weight as id 40
2026/05/15 07:14:14 - mmengine - INFO - set param backbone.blocks.39.norm1.bias as id 40
2026/05/15 07:14:14 - mmengine - INFO - set param backbone.blocks.39.attn.qkv.weight as id 40
2026/05/15 07:14:14 - mmengine - INFO - set param backbone.blocks.39.attn.qkv.bias as id 40
2026/05/15 07:14:14 - mmengine - INFO - set param backbone.blocks.39.attn.proj.weight as id 40
2026/05/15 07:14:14 - mmengine - INFO - set param backbone.blocks.39.attn.proj.bias as id 40
2026/05/15 07:14:14 - mmengine - INFO - set param backbone.blocks.39.norm2.weight as id 40
2026/05/15 07:14:14 - mmengine - INFO - set param backbone.blocks.39.norm2.bias as id 40
2026/05/15 07:14:14 - mmengine - INFO - set param backbone.blocks.39.mlp.fc1.weight as id 40
2026/05/15 07:14:14 - mmengine - INFO - set param backbone.blocks.39.mlp.fc1.bias as id 40
2026/05/15 07:14:14 - mmengine - INFO - set param backbone.blocks.39.mlp.fc2.weight as id 40
2026/05/15 07:14:14 - mmengine - INFO - set param backbone.blocks.39.mlp.fc2.bias as id 40
2026/05/15 07:14:14 - mmengine - INFO - set param backbone.blocks.40.norm1.weight as id 41
2026/05/15 07:14:14 - mmengine - INFO - set param backbone.blocks.40.norm1.bias as id 41
2026/05/15 07:14:14 - mmengine - INFO - set param backbone.blocks.40.attn.qkv.weight as id 41
2026/05/15 07:14:14 - mmengine - INFO - set param backbone.blocks.40.attn.qkv.bias as id 41
2026/05/15 07:14:14 - mmengine - INFO - set param backbone.blocks.40.attn.proj.weight as id 41
2026/05/15 07:14:14 - mmengine - INFO - set param backbone.blocks.40.attn.proj.bias as id 41
2026/05/15 07:14:14 - mmengine - INFO - set param backbone.blocks.40.norm2.weight as id 41
2026/05/15 07:14:14 - mmengine - INFO - set param backbone.blocks.40.norm2.bias as id 41
2026/05/15 07:14:14 - mmengine - INFO - set param backbone.blocks.40.mlp.fc1.weight as id 41
2026/05/15 07:14:14 - mmengine - INFO - set param backbone.blocks.40.mlp.fc1.bias as id 41
2026/05/15 07:14:14 - mmengine - INFO - set param backbone.blocks.40.mlp.fc2.weight as id 41
2026/05/15 07:14:14 - mmengine - INFO - set param backbone.blocks.40.mlp.fc2.bias as id 41
2026/05/15 07:14:14 - mmengine - INFO - set param backbone.blocks.41.norm1.weight as id 42
2026/05/15 07:14:14 - mmengine - INFO - set param backbone.blocks.41.norm1.bias as id 42
2026/05/15 07:14:14 - mmengine - INFO - set param backbone.blocks.41.attn.qkv.weight as id 42
2026/05/15 07:14:14 - mmengine - INFO - set param backbone.blocks.41.attn.qkv.bias as id 42
2026/05/15 07:14:14 - mmengine - INFO - set param backbone.blocks.41.attn.proj.weight as id 42
2026/05/15 07:14:14 - mmengine - INFO - set param backbone.blocks.41.attn.proj.bias as id 42
2026/05/15 07:14:14 - mmengine - INFO - set param backbone.blocks.41.norm2.weight as id 42
2026/05/15 07:14:14 - mmengine - INFO - set param backbone.blocks.41.norm2.bias as id 42
2026/05/15 07:14:14 - mmengine - INFO - set param backbone.blocks.41.mlp.fc1.weight as id 42
2026/05/15 07:14:14 - mmengine - INFO - set param backbone.blocks.41.mlp.fc1.bias as id 42
2026/05/15 07:14:14 - mmengine - INFO - set param backbone.blocks.41.mlp.fc2.weight as id 42
2026/05/15 07:14:14 - mmengine - INFO - set param backbone.blocks.41.mlp.fc2.bias as id 42
2026/05/15 07:14:14 - mmengine - INFO - set param backbone.blocks.42.norm1.weight as id 43
2026/05/15 07:14:14 - mmengine - INFO - set param backbone.blocks.42.norm1.bias as id 43
2026/05/15 07:14:14 - mmengine - INFO - set param backbone.blocks.42.attn.qkv.weight as id 43
2026/05/15 07:14:14 - mmengine - INFO - set param backbone.blocks.42.attn.qkv.bias as id 43
2026/05/15 07:14:14 - mmengine - INFO - set param backbone.blocks.42.attn.proj.weight as id 43
2026/05/15 07:14:14 - mmengine - INFO - set param backbone.blocks.42.attn.proj.bias as id 43
2026/05/15 07:14:14 - mmengine - INFO - set param backbone.blocks.42.norm2.weight as id 43
2026/05/15 07:14:14 - mmengine - INFO - set param backbone.blocks.42.norm2.bias as id 43
2026/05/15 07:14:14 - mmengine - INFO - set param backbone.blocks.42.mlp.fc1.weight as id 43
2026/05/15 07:14:14 - mmengine - INFO - set param backbone.blocks.42.mlp.fc1.bias as id 43
2026/05/15 07:14:14 - mmengine - INFO - set param backbone.blocks.42.mlp.fc2.weight as id 43
2026/05/15 07:14:14 - mmengine - INFO - set param backbone.blocks.42.mlp.fc2.bias as id 43
2026/05/15 07:14:14 - mmengine - INFO - set param backbone.blocks.43.norm1.weight as id 44
2026/05/15 07:14:14 - mmengine - INFO - set param backbone.blocks.43.norm1.bias as id 44
2026/05/15 07:14:14 - mmengine - INFO - set param backbone.blocks.43.attn.qkv.weight as id 44
2026/05/15 07:14:14 - mmengine - INFO - set param backbone.blocks.43.attn.qkv.bias as id 44
2026/05/15 07:14:14 - mmengine - INFO - set param backbone.blocks.43.attn.proj.weight as id 44
2026/05/15 07:14:14 - mmengine - INFO - set param backbone.blocks.43.attn.proj.bias as id 44
2026/05/15 07:14:14 - mmengine - INFO - set param backbone.blocks.43.norm2.weight as id 44
2026/05/15 07:14:14 - mmengine - INFO - set param backbone.blocks.43.norm2.bias as id 44
2026/05/15 07:14:14 - mmengine - INFO - set param backbone.blocks.43.mlp.fc1.weight as id 44
2026/05/15 07:14:14 - mmengine - INFO - set param backbone.blocks.43.mlp.fc1.bias as id 44
2026/05/15 07:14:14 - mmengine - INFO - set param backbone.blocks.43.mlp.fc2.weight as id 44
2026/05/15 07:14:14 - mmengine - INFO - set param backbone.blocks.43.mlp.fc2.bias as id 44
2026/05/15 07:14:14 - mmengine - INFO - set param backbone.blocks.44.norm1.weight as id 45
2026/05/15 07:14:14 - mmengine - INFO - set param backbone.blocks.44.norm1.bias as id 45
2026/05/15 07:14:14 - mmengine - INFO - set param backbone.blocks.44.attn.qkv.weight as id 45
2026/05/15 07:14:14 - mmengine - INFO - set param backbone.blocks.44.attn.qkv.bias as id 45
2026/05/15 07:14:14 - mmengine - INFO - set param backbone.blocks.44.attn.proj.weight as id 45
2026/05/15 07:14:14 - mmengine - INFO - set param backbone.blocks.44.attn.proj.bias as id 45
2026/05/15 07:14:14 - mmengine - INFO - set param backbone.blocks.44.norm2.weight as id 45
2026/05/15 07:14:14 - mmengine - INFO - set param backbone.blocks.44.norm2.bias as id 45
2026/05/15 07:14:14 - mmengine - INFO - set param backbone.blocks.44.mlp.fc1.weight as id 45
2026/05/15 07:14:14 - mmengine - INFO - set param backbone.blocks.44.mlp.fc1.bias as id 45
2026/05/15 07:14:14 - mmengine - INFO - set param backbone.blocks.44.mlp.fc2.weight as id 45
2026/05/15 07:14:14 - mmengine - INFO - set param backbone.blocks.44.mlp.fc2.bias as id 45
2026/05/15 07:14:14 - mmengine - INFO - set param backbone.blocks.45.norm1.weight as id 46
2026/05/15 07:14:14 - mmengine - INFO - set param backbone.blocks.45.norm1.bias as id 46
2026/05/15 07:14:14 - mmengine - INFO - set param backbone.blocks.45.attn.qkv.weight as id 46
2026/05/15 07:14:14 - mmengine - INFO - set param backbone.blocks.45.attn.qkv.bias as id 46
2026/05/15 07:14:14 - mmengine - INFO - set param backbone.blocks.45.attn.proj.weight as id 46
2026/05/15 07:14:14 - mmengine - INFO - set param backbone.blocks.45.attn.proj.bias as id 46
2026/05/15 07:14:14 - mmengine - INFO - set param backbone.blocks.45.norm2.weight as id 46
2026/05/15 07:14:14 - mmengine - INFO - set param backbone.blocks.45.norm2.bias as id 46
2026/05/15 07:14:14 - mmengine - INFO - set param backbone.blocks.45.mlp.fc1.weight as id 46
2026/05/15 07:14:14 - mmengine - INFO - set param backbone.blocks.45.mlp.fc1.bias as id 46
2026/05/15 07:14:14 - mmengine - INFO - set param backbone.blocks.45.mlp.fc2.weight as id 46
2026/05/15 07:14:14 - mmengine - INFO - set param backbone.blocks.45.mlp.fc2.bias as id 46
2026/05/15 07:14:14 - mmengine - INFO - set param backbone.align_dim_16tofpn.weight as id 46
2026/05/15 07:14:14 - mmengine - INFO - set param backbone.align_dim_16tofpn.bias as id 46
2026/05/15 07:14:14 - mmengine - INFO - set param backbone.fpn_modules.0.norm2.weight as id 46
2026/05/15 07:14:14 - mmengine - INFO - set param backbone.fpn_modules.0.norm2.bias as id 46
2026/05/15 07:14:14 - mmengine - INFO - set param backbone.fpn_modules.0.mlp.fc1.weight as id 46
2026/05/15 07:14:14 - mmengine - INFO - set param backbone.fpn_modules.0.mlp.fc1.bias as id 46
2026/05/15 07:14:14 - mmengine - INFO - set param backbone.fpn_modules.0.mlp.fc2.weight as id 46
2026/05/15 07:14:14 - mmengine - INFO - set param backbone.fpn_modules.0.mlp.fc2.bias as id 46
2026/05/15 07:14:14 - mmengine - INFO - set param backbone.fpn_modules.1.norm2.weight as id 46
2026/05/15 07:14:14 - mmengine - INFO - set param backbone.fpn_modules.1.norm2.bias as id 46
2026/05/15 07:14:14 - mmengine - INFO - set param backbone.fpn_modules.1.mlp.fc1.weight as id 46
2026/05/15 07:14:14 - mmengine - INFO - set param backbone.fpn_modules.1.mlp.fc1.bias as id 46
2026/05/15 07:14:14 - mmengine - INFO - set param backbone.fpn_modules.1.mlp.fc2.weight as id 46
2026/05/15 07:14:14 - mmengine - INFO - set param backbone.fpn_modules.1.mlp.fc2.bias as id 46
2026/05/15 07:14:14 - mmengine - INFO - set param backbone.fpn_modules.2.norm2.weight as id 46
2026/05/15 07:14:14 - mmengine - INFO - set param backbone.fpn_modules.2.norm2.bias as id 46
2026/05/15 07:14:14 - mmengine - INFO - set param backbone.fpn_modules.2.mlp.fc1.weight as id 46
2026/05/15 07:14:14 - mmengine - INFO - set param backbone.fpn_modules.2.mlp.fc1.bias as id 46
2026/05/15 07:14:14 - mmengine - INFO - set param backbone.fpn_modules.2.mlp.fc2.weight as id 46
2026/05/15 07:14:14 - mmengine - INFO - set param backbone.fpn_modules.2.mlp.fc2.bias as id 46
2026/05/15 07:14:14 - mmengine - INFO - set param backbone.align_dim_16to8.weight as id 46
2026/05/15 07:14:14 - mmengine - INFO - set param backbone.split_16to8.norm.weight as id 46
2026/05/15 07:14:14 - mmengine - INFO - set param backbone.split_16to8.norm.bias as id 46
2026/05/15 07:14:14 - mmengine - INFO - set param backbone.split_16to8.reduction.weight as id 46
2026/05/15 07:14:14 - mmengine - INFO - set param backbone.block_16to8.0.norm2.weight as id 46
2026/05/15 07:14:14 - mmengine - INFO - set param backbone.block_16to8.0.norm2.bias as id 46
2026/05/15 07:14:14 - mmengine - INFO - set param backbone.block_16to8.0.mlp.fc1.weight as id 46
2026/05/15 07:14:14 - mmengine - INFO - set param backbone.block_16to8.0.mlp.fc1.bias as id 46
2026/05/15 07:14:14 - mmengine - INFO - set param backbone.block_16to8.0.mlp.fc2.weight as id 46
2026/05/15 07:14:14 - mmengine - INFO - set param backbone.block_16to8.0.mlp.fc2.bias as id 46
2026/05/15 07:14:14 - mmengine - INFO - set param backbone.block_16to8.1.norm2.weight as id 46
2026/05/15 07:14:14 - mmengine - INFO - set param backbone.block_16to8.1.norm2.bias as id 46
2026/05/15 07:14:14 - mmengine - INFO - set param backbone.block_16to8.1.mlp.fc1.weight as id 46
2026/05/15 07:14:14 - mmengine - INFO - set param backbone.block_16to8.1.mlp.fc1.bias as id 46
2026/05/15 07:14:14 - mmengine - INFO - set param backbone.block_16to8.1.mlp.fc2.weight as id 46
2026/05/15 07:14:14 - mmengine - INFO - set param backbone.block_16to8.1.mlp.fc2.bias as id 46
2026/05/15 07:14:14 - mmengine - INFO - set param backbone.align_dim_8to4.weight as id 46
2026/05/15 07:14:14 - mmengine - INFO - set param backbone.split_8to4.norm.weight as id 46
2026/05/15 07:14:14 - mmengine - INFO - set param backbone.split_8to4.norm.bias as id 46
2026/05/15 07:14:14 - mmengine - INFO - set param backbone.split_8to4.reduction.weight as id 46
2026/05/15 07:14:14 - mmengine - INFO - set param backbone.block_8to4.0.norm2.weight as id 46
2026/05/15 07:14:14 - mmengine - INFO - set param backbone.block_8to4.0.norm2.bias as id 46
2026/05/15 07:14:14 - mmengine - INFO - set param backbone.block_8to4.0.mlp.fc1.weight as id 46
2026/05/15 07:14:14 - mmengine - INFO - set param backbone.block_8to4.0.mlp.fc1.bias as id 46
2026/05/15 07:14:14 - mmengine - INFO - set param backbone.block_8to4.0.mlp.fc2.weight as id 46
2026/05/15 07:14:14 - mmengine - INFO - set param backbone.block_8to4.0.mlp.fc2.bias as id 46
2026/05/15 07:14:14 - mmengine - INFO - set param backbone.block_8to4.1.norm2.weight as id 46
2026/05/15 07:14:14 - mmengine - INFO - set param backbone.block_8to4.1.norm2.bias as id 46
2026/05/15 07:14:14 - mmengine - INFO - set param backbone.block_8to4.1.mlp.fc1.weight as id 46
2026/05/15 07:14:14 - mmengine - INFO - set param backbone.block_8to4.1.mlp.fc1.bias as id 46
2026/05/15 07:14:14 - mmengine - INFO - set param backbone.block_8to4.1.mlp.fc2.weight as id 46
2026/05/15 07:14:14 - mmengine - INFO - set param backbone.block_8to4.1.mlp.fc2.bias as id 46
2026/05/15 07:14:14 - mmengine - INFO - set param decode_head.conv_seg.weight as id 46
2026/05/15 07:14:14 - mmengine - INFO - set param decode_head.conv_seg.bias as id 46
2026/05/15 07:14:14 - mmengine - INFO - set param decode_head.psp_modules.0.1.conv.weight as id 46
2026/05/15 07:14:14 - mmengine - INFO - set param decode_head.psp_modules.0.1.bn.weight as id 46
2026/05/15 07:14:14 - mmengine - INFO - set param decode_head.psp_modules.0.1.bn.bias as id 46
2026/05/15 07:14:14 - mmengine - INFO - set param decode_head.psp_modules.1.1.conv.weight as id 46
2026/05/15 07:14:14 - mmengine - INFO - set param decode_head.psp_modules.1.1.bn.weight as id 46
2026/05/15 07:14:14 - mmengine - INFO - set param decode_head.psp_modules.1.1.bn.bias as id 46
2026/05/15 07:14:14 - mmengine - INFO - set param decode_head.psp_modules.2.1.conv.weight as id 46
2026/05/15 07:14:14 - mmengine - INFO - set param decode_head.psp_modules.2.1.bn.weight as id 46
2026/05/15 07:14:14 - mmengine - INFO - set param decode_head.psp_modules.2.1.bn.bias as id 46
2026/05/15 07:14:14 - mmengine - INFO - set param decode_head.psp_modules.3.1.conv.weight as id 46
2026/05/15 07:14:14 - mmengine - INFO - set param decode_head.psp_modules.3.1.bn.weight as id 46
2026/05/15 07:14:14 - mmengine - INFO - set param decode_head.psp_modules.3.1.bn.bias as id 46
2026/05/15 07:14:14 - mmengine - INFO - set param decode_head.bottleneck.conv.weight as id 46
2026/05/15 07:14:14 - mmengine - INFO - set param decode_head.bottleneck.bn.weight as id 46
2026/05/15 07:14:14 - mmengine - INFO - set param decode_head.bottleneck.bn.bias as id 46
2026/05/15 07:14:14 - mmengine - INFO - set param decode_head.lateral_convs.0.conv.weight as id 46
2026/05/15 07:14:14 - mmengine - INFO - set param decode_head.lateral_convs.0.bn.weight as id 46
2026/05/15 07:14:14 - mmengine - INFO - set param decode_head.lateral_convs.0.bn.bias as id 46
2026/05/15 07:14:14 - mmengine - INFO - set param decode_head.lateral_convs.1.conv.weight as id 46
2026/05/15 07:14:14 - mmengine - INFO - set param decode_head.lateral_convs.1.bn.weight as id 46
2026/05/15 07:14:14 - mmengine - INFO - set param decode_head.lateral_convs.1.bn.bias as id 46
2026/05/15 07:14:14 - mmengine - INFO - set param decode_head.lateral_convs.2.conv.weight as id 46
2026/05/15 07:14:14 - mmengine - INFO - set param decode_head.lateral_convs.2.bn.weight as id 46
2026/05/15 07:14:14 - mmengine - INFO - set param decode_head.lateral_convs.2.bn.bias as id 46
2026/05/15 07:14:14 - mmengine - INFO - set param decode_head.fpn_convs.0.conv.weight as id 46
2026/05/15 07:14:14 - mmengine - INFO - set param decode_head.fpn_convs.0.bn.weight as id 46
2026/05/15 07:14:14 - mmengine - INFO - set param decode_head.fpn_convs.0.bn.bias as id 46
2026/05/15 07:14:14 - mmengine - INFO - set param decode_head.fpn_convs.1.conv.weight as id 46
2026/05/15 07:14:14 - mmengine - INFO - set param decode_head.fpn_convs.1.bn.weight as id 46
2026/05/15 07:14:14 - mmengine - INFO - set param decode_head.fpn_convs.1.bn.bias as id 46
2026/05/15 07:14:14 - mmengine - INFO - set param decode_head.fpn_convs.2.conv.weight as id 46
2026/05/15 07:14:14 - mmengine - INFO - set param decode_head.fpn_convs.2.bn.weight as id 46
2026/05/15 07:14:14 - mmengine - INFO - set param decode_head.fpn_convs.2.bn.bias as id 46
2026/05/15 07:14:14 - mmengine - INFO - set param decode_head.fpn_bottleneck.conv.weight as id 46
2026/05/15 07:14:14 - mmengine - INFO - set param decode_head.fpn_bottleneck.bn.weight as id 46
2026/05/15 07:14:14 - mmengine - INFO - set param decode_head.fpn_bottleneck.bn.bias as id 46
2026/05/15 07:14:14 - mmengine - INFO - set param auxiliary_head.conv_seg.weight as id 46
2026/05/15 07:14:14 - mmengine - INFO - set param auxiliary_head.conv_seg.bias as id 46
2026/05/15 07:14:14 - mmengine - INFO - set param auxiliary_head.convs.0.conv.weight as id 46
2026/05/15 07:14:14 - mmengine - INFO - set param auxiliary_head.convs.0.bn.weight as id 46
2026/05/15 07:14:14 - mmengine - INFO - set param auxiliary_head.convs.0.bn.bias as id 46
2026/05/15 07:14:14 - mmengine - INFO - Param groups = {
  "layer_0_layer_0_no_decay": {
    "param_names": [
      "backbone.absolute_pos_embed",
      "backbone.patch_embed.proj.bias",
      "backbone.patch_embed.norm.weight",
      "backbone.patch_embed.norm.bias"
    ],
    "lr_scale": 0.00785516721127895,
    "lr": 3.1420668845115805e-06,
    "weight_decay": 0.0
  },
  "layer_0_layer_0_decay": {
    "param_names": [
      "backbone.patch_embed.proj.weight"
    ],
    "lr_scale": 0.00785516721127895,
    "lr": 3.1420668845115805e-06,
    "weight_decay": 0.05
  },
  "layer_1_layer_1_no_decay": {
    "param_names": [
      "backbone.blocks.0.norm2.weight",
      "backbone.blocks.0.norm2.bias",
      "backbone.blocks.0.mlp.fc1.bias",
      "backbone.blocks.0.mlp.fc2.bias"
    ],
    "lr_scale": 0.008727963568087723,
    "lr": 3.4911854272350892e-06,
    "weight_decay": 0.0
  },
  "layer_1_layer_1_decay": {
    "param_names": [
      "backbone.blocks.0.mlp.fc1.weight",
      "backbone.blocks.0.mlp.fc2.weight"
    ],
    "lr_scale": 0.008727963568087723,
    "lr": 3.4911854272350892e-06,
    "weight_decay": 0.05
  },
  "layer_2_layer_2_no_decay": {
    "param_names": [
      "backbone.blocks.1.norm2.weight",
      "backbone.blocks.1.norm2.bias",
      "backbone.blocks.1.mlp.fc1.bias",
      "backbone.blocks.1.mlp.fc2.bias"
    ],
    "lr_scale": 0.009697737297875247,
    "lr": 3.879094919150099e-06,
    "weight_decay": 0.0
  },
  "layer_2_layer_2_decay": {
    "param_names": [
      "backbone.blocks.1.mlp.fc1.weight",
      "backbone.blocks.1.mlp.fc2.weight"
    ],
    "lr_scale": 0.009697737297875247,
    "lr": 3.879094919150099e-06,
    "weight_decay": 0.05
  },
  "layer_3_layer_3_no_decay": {
    "param_names": [
      "backbone.blocks.2.norm.weight",
      "backbone.blocks.2.norm.bias"
    ],
    "lr_scale": 0.01077526366430583,
    "lr": 4.310105465722332e-06,
    "weight_decay": 0.0
  },
  "layer_3_layer_3_decay": {
    "param_names": [
      "backbone.blocks.2.reduction.weight"
    ],
    "lr_scale": 0.01077526366430583,
    "lr": 4.310105465722332e-06,
    "weight_decay": 0.05
  },
  "layer_4_layer_4_no_decay": {
    "param_names": [
      "backbone.blocks.3.norm2.weight",
      "backbone.blocks.3.norm2.bias",
      "backbone.blocks.3.mlp.fc1.bias",
      "backbone.blocks.3.mlp.fc2.bias"
    ],
    "lr_scale": 0.011972515182562033,
    "lr": 4.7890060730248135e-06,
    "weight_decay": 0.0
  },
  "layer_4_layer_4_decay": {
    "param_names": [
      "backbone.blocks.3.mlp.fc1.weight",
      "backbone.blocks.3.mlp.fc2.weight"
    ],
    "lr_scale": 0.011972515182562033,
    "lr": 4.7890060730248135e-06,
    "weight_decay": 0.05
  },
  "layer_5_layer_5_no_decay": {
    "param_names": [
      "backbone.blocks.4.norm2.weight",
      "backbone.blocks.4.norm2.bias",
      "backbone.blocks.4.mlp.fc1.bias",
      "backbone.blocks.4.mlp.fc2.bias"
    ],
    "lr_scale": 0.013302794647291146,
    "lr": 5.321117858916458e-06,
    "weight_decay": 0.0
  },
  "layer_5_layer_5_decay": {
    "param_names": [
      "backbone.blocks.4.mlp.fc1.weight",
      "backbone.blocks.4.mlp.fc2.weight"
    ],
    "lr_scale": 0.013302794647291146,
    "lr": 5.321117858916458e-06,
    "weight_decay": 0.05
  },
  "layer_6_layer_6_no_decay": {
    "param_names": [
      "backbone.blocks.5.norm.weight",
      "backbone.blocks.5.norm.bias"
    ],
    "lr_scale": 0.014780882941434608,
    "lr": 5.9123531765738435e-06,
    "weight_decay": 0.0
  },
  "layer_6_layer_6_decay": {
    "param_names": [
      "backbone.blocks.5.reduction.weight"
    ],
    "lr_scale": 0.014780882941434608,
    "lr": 5.9123531765738435e-06,
    "weight_decay": 0.05
  },
  "layer_7_layer_7_no_decay": {
    "param_names": [
      "backbone.blocks.6.norm1.weight",
      "backbone.blocks.6.norm1.bias",
      "backbone.blocks.6.attn.qkv.bias",
      "backbone.blocks.6.attn.proj.bias",
      "backbone.blocks.6.norm2.weight",
      "backbone.blocks.6.norm2.bias",
      "backbone.blocks.6.mlp.fc1.bias",
      "backbone.blocks.6.mlp.fc2.bias"
    ],
    "lr_scale": 0.016423203268260675,
    "lr": 6.56928130730427e-06,
    "weight_decay": 0.0
  },
  "layer_7_layer_7_decay": {
    "param_names": [
      "backbone.blocks.6.attn.qkv.weight",
      "backbone.blocks.6.attn.proj.weight",
      "backbone.blocks.6.mlp.fc1.weight",
      "backbone.blocks.6.mlp.fc2.weight"
    ],
    "lr_scale": 0.016423203268260675,
    "lr": 6.56928130730427e-06,
    "weight_decay": 0.05
  },
  "layer_8_layer_8_no_decay": {
    "param_names": [
      "backbone.blocks.7.norm1.weight",
      "backbone.blocks.7.norm1.bias",
      "backbone.blocks.7.attn.qkv.bias",
      "backbone.blocks.7.attn.proj.bias",
      "backbone.blocks.7.norm2.weight",
      "backbone.blocks.7.norm2.bias",
      "backbone.blocks.7.mlp.fc1.bias",
      "backbone.blocks.7.mlp.fc2.bias"
    ],
    "lr_scale": 0.01824800363140075,
    "lr": 7.2992014525603005e-06,
    "weight_decay": 0.0
  },
  "layer_8_layer_8_decay": {
    "param_names": [
      "backbone.blocks.7.attn.qkv.weight",
      "backbone.blocks.7.attn.proj.weight",
      "backbone.blocks.7.mlp.fc1.weight",
      "backbone.blocks.7.mlp.fc2.weight"
    ],
    "lr_scale": 0.01824800363140075,
    "lr": 7.2992014525603005e-06,
    "weight_decay": 0.05
  },
  "layer_9_layer_9_no_decay": {
    "param_names": [
      "backbone.blocks.8.norm1.weight",
      "backbone.blocks.8.norm1.bias",
      "backbone.blocks.8.attn.qkv.bias",
      "backbone.blocks.8.attn.proj.bias",
      "backbone.blocks.8.norm2.weight",
      "backbone.blocks.8.norm2.bias",
      "backbone.blocks.8.mlp.fc1.bias",
      "backbone.blocks.8.mlp.fc2.bias"
    ],
    "lr_scale": 0.020275559590445275,
    "lr": 8.11022383617811e-06,
    "weight_decay": 0.0
  },
  "layer_9_layer_9_decay": {
    "param_names": [
      "backbone.blocks.8.attn.qkv.weight",
      "backbone.blocks.8.attn.proj.weight",
      "backbone.blocks.8.mlp.fc1.weight",
      "backbone.blocks.8.mlp.fc2.weight"
    ],
    "lr_scale": 0.020275559590445275,
    "lr": 8.11022383617811e-06,
    "weight_decay": 0.05
  },
  "layer_10_layer_10_no_decay": {
    "param_names": [
      "backbone.blocks.9.norm1.weight",
      "backbone.blocks.9.norm1.bias",
      "backbone.blocks.9.attn.qkv.bias",
      "backbone.blocks.9.attn.proj.bias",
      "backbone.blocks.9.norm2.weight",
      "backbone.blocks.9.norm2.bias",
      "backbone.blocks.9.mlp.fc1.bias",
      "backbone.blocks.9.mlp.fc2.bias"
    ],
    "lr_scale": 0.022528399544939195,
    "lr": 9.011359817975678e-06,
    "weight_decay": 0.0
  },
  "layer_10_layer_10_decay": {
    "param_names": [
      "backbone.blocks.9.attn.qkv.weight",
      "backbone.blocks.9.attn.proj.weight",
      "backbone.blocks.9.mlp.fc1.weight",
      "backbone.blocks.9.mlp.fc2.weight"
    ],
    "lr_scale": 0.022528399544939195,
    "lr": 9.011359817975678e-06,
    "weight_decay": 0.05
  },
  "layer_11_layer_11_no_decay": {
    "param_names": [
      "backbone.blocks.10.norm1.weight",
      "backbone.blocks.10.norm1.bias",
      "backbone.blocks.10.attn.qkv.bias",
      "backbone.blocks.10.attn.proj.bias",
      "backbone.blocks.10.norm2.weight",
      "backbone.blocks.10.norm2.bias",
      "backbone.blocks.10.mlp.fc1.bias",
      "backbone.blocks.10.mlp.fc2.bias"
    ],
    "lr_scale": 0.025031555049932437,
    "lr": 1.0012622019972976e-05,
    "weight_decay": 0.0
  },
  "layer_11_layer_11_decay": {
    "param_names": [
      "backbone.blocks.10.attn.qkv.weight",
      "backbone.blocks.10.attn.proj.weight",
      "backbone.blocks.10.mlp.fc1.weight",
      "backbone.blocks.10.mlp.fc2.weight"
    ],
    "lr_scale": 0.025031555049932437,
    "lr": 1.0012622019972976e-05,
    "weight_decay": 0.05
  },
  "layer_12_layer_12_no_decay": {
    "param_names": [
      "backbone.blocks.11.norm1.weight",
      "backbone.blocks.11.norm1.bias",
      "backbone.blocks.11.attn.qkv.bias",
      "backbone.blocks.11.attn.proj.bias",
      "backbone.blocks.11.norm2.weight",
      "backbone.blocks.11.norm2.bias",
      "backbone.blocks.11.mlp.fc1.bias",
      "backbone.blocks.11.mlp.fc2.bias"
    ],
    "lr_scale": 0.027812838944369374,
    "lr": 1.112513557774775e-05,
    "weight_decay": 0.0
  },
  "layer_12_layer_12_decay": {
    "param_names": [
      "backbone.blocks.11.attn.qkv.weight",
      "backbone.blocks.11.attn.proj.weight",
      "backbone.blocks.11.mlp.fc1.weight",
      "backbone.blocks.11.mlp.fc2.weight"
    ],
    "lr_scale": 0.027812838944369374,
    "lr": 1.112513557774775e-05,
    "weight_decay": 0.05
  },
  "layer_13_layer_13_no_decay": {
    "param_names": [
      "backbone.blocks.12.norm1.weight",
      "backbone.blocks.12.norm1.bias",
      "backbone.blocks.12.attn.qkv.bias",
      "backbone.blocks.12.attn.proj.bias",
      "backbone.blocks.12.norm2.weight",
      "backbone.blocks.12.norm2.bias",
      "backbone.blocks.12.mlp.fc1.bias",
      "backbone.blocks.12.mlp.fc2.bias"
    ],
    "lr_scale": 0.030903154382632636,
    "lr": 1.2361261753053056e-05,
    "weight_decay": 0.0
  },
  "layer_13_layer_13_decay": {
    "param_names": [
      "backbone.blocks.12.attn.qkv.weight",
      "backbone.blocks.12.attn.proj.weight",
      "backbone.blocks.12.mlp.fc1.weight",
      "backbone.blocks.12.mlp.fc2.weight"
    ],
    "lr_scale": 0.030903154382632636,
    "lr": 1.2361261753053056e-05,
    "weight_decay": 0.05
  },
  "layer_14_layer_14_no_decay": {
    "param_names": [
      "backbone.blocks.13.norm1.weight",
      "backbone.blocks.13.norm1.bias",
      "backbone.blocks.13.attn.qkv.bias",
      "backbone.blocks.13.attn.proj.bias",
      "backbone.blocks.13.norm2.weight",
      "backbone.blocks.13.norm2.bias",
      "backbone.blocks.13.mlp.fc1.bias",
      "backbone.blocks.13.mlp.fc2.bias"
    ],
    "lr_scale": 0.03433683820292515,
    "lr": 1.3734735281170061e-05,
    "weight_decay": 0.0
  },
  "layer_14_layer_14_decay": {
    "param_names": [
      "backbone.blocks.13.attn.qkv.weight",
      "backbone.blocks.13.attn.proj.weight",
      "backbone.blocks.13.mlp.fc1.weight",
      "backbone.blocks.13.mlp.fc2.weight"
    ],
    "lr_scale": 0.03433683820292515,
    "lr": 1.3734735281170061e-05,
    "weight_decay": 0.05
  },
  "layer_15_layer_15_no_decay": {
    "param_names": [
      "backbone.blocks.14.norm1.weight",
      "backbone.blocks.14.norm1.bias",
      "backbone.blocks.14.attn.qkv.bias",
      "backbone.blocks.14.attn.proj.bias",
      "backbone.blocks.14.norm2.weight",
      "backbone.blocks.14.norm2.bias",
      "backbone.blocks.14.mlp.fc1.bias",
      "backbone.blocks.14.mlp.fc2.bias"
    ],
    "lr_scale": 0.038152042447694615,
    "lr": 1.5260816979077847e-05,
    "weight_decay": 0.0
  },
  "layer_15_layer_15_decay": {
    "param_names": [
      "backbone.blocks.14.attn.qkv.weight",
      "backbone.blocks.14.attn.proj.weight",
      "backbone.blocks.14.mlp.fc1.weight",
      "backbone.blocks.14.mlp.fc2.weight"
    ],
    "lr_scale": 0.038152042447694615,
    "lr": 1.5260816979077847e-05,
    "weight_decay": 0.05
  },
  "layer_16_layer_16_no_decay": {
    "param_names": [
      "backbone.blocks.15.norm1.weight",
      "backbone.blocks.15.norm1.bias",
      "backbone.blocks.15.attn.qkv.bias",
      "backbone.blocks.15.attn.proj.bias",
      "backbone.blocks.15.norm2.weight",
      "backbone.blocks.15.norm2.bias",
      "backbone.blocks.15.mlp.fc1.bias",
      "backbone.blocks.15.mlp.fc2.bias"
    ],
    "lr_scale": 0.04239115827521624,
    "lr": 1.6956463310086495e-05,
    "weight_decay": 0.0
  },
  "layer_16_layer_16_decay": {
    "param_names": [
      "backbone.blocks.15.attn.qkv.weight",
      "backbone.blocks.15.attn.proj.weight",
      "backbone.blocks.15.mlp.fc1.weight",
      "backbone.blocks.15.mlp.fc2.weight"
    ],
    "lr_scale": 0.04239115827521624,
    "lr": 1.6956463310086495e-05,
    "weight_decay": 0.05
  },
  "layer_17_layer_17_no_decay": {
    "param_names": [
      "backbone.blocks.16.norm1.weight",
      "backbone.blocks.16.norm1.bias",
      "backbone.blocks.16.attn.qkv.bias",
      "backbone.blocks.16.attn.proj.bias",
      "backbone.blocks.16.norm2.weight",
      "backbone.blocks.16.norm2.bias",
      "backbone.blocks.16.mlp.fc1.bias",
      "backbone.blocks.16.mlp.fc2.bias"
    ],
    "lr_scale": 0.047101286972462485,
    "lr": 1.8840514788984995e-05,
    "weight_decay": 0.0
  },
  "layer_17_layer_17_decay": {
    "param_names": [
      "backbone.blocks.16.attn.qkv.weight",
      "backbone.blocks.16.attn.proj.weight",
      "backbone.blocks.16.mlp.fc1.weight",
      "backbone.blocks.16.mlp.fc2.weight"
    ],
    "lr_scale": 0.047101286972462485,
    "lr": 1.8840514788984995e-05,
    "weight_decay": 0.05
  },
  "layer_18_layer_18_no_decay": {
    "param_names": [
      "backbone.blocks.17.norm1.weight",
      "backbone.blocks.17.norm1.bias",
      "backbone.blocks.17.attn.qkv.bias",
      "backbone.blocks.17.attn.proj.bias",
      "backbone.blocks.17.norm2.weight",
      "backbone.blocks.17.norm2.bias",
      "backbone.blocks.17.mlp.fc1.bias",
      "backbone.blocks.17.mlp.fc2.bias"
    ],
    "lr_scale": 0.05233476330273609,
    "lr": 2.093390532109444e-05,
    "weight_decay": 0.0
  },
  "layer_18_layer_18_decay": {
    "param_names": [
      "backbone.blocks.17.attn.qkv.weight",
      "backbone.blocks.17.attn.proj.weight",
      "backbone.blocks.17.mlp.fc1.weight",
      "backbone.blocks.17.mlp.fc2.weight"
    ],
    "lr_scale": 0.05233476330273609,
    "lr": 2.093390532109444e-05,
    "weight_decay": 0.05
  },
  "layer_19_layer_19_no_decay": {
    "param_names": [
      "backbone.blocks.18.norm1.weight",
      "backbone.blocks.18.norm1.bias",
      "backbone.blocks.18.attn.qkv.bias",
      "backbone.blocks.18.attn.proj.bias",
      "backbone.blocks.18.norm2.weight",
      "backbone.blocks.18.norm2.bias",
      "backbone.blocks.18.mlp.fc1.bias",
      "backbone.blocks.18.mlp.fc2.bias"
    ],
    "lr_scale": 0.058149737003040096,
    "lr": 2.3259894801216038e-05,
    "weight_decay": 0.0
  },
  "layer_19_layer_19_decay": {
    "param_names": [
      "backbone.blocks.18.attn.qkv.weight",
      "backbone.blocks.18.attn.proj.weight",
      "backbone.blocks.18.mlp.fc1.weight",
      "backbone.blocks.18.mlp.fc2.weight"
    ],
    "lr_scale": 0.058149737003040096,
    "lr": 2.3259894801216038e-05,
    "weight_decay": 0.05
  },
  "layer_20_layer_20_no_decay": {
    "param_names": [
      "backbone.blocks.19.norm1.weight",
      "backbone.blocks.19.norm1.bias",
      "backbone.blocks.19.attn.qkv.bias",
      "backbone.blocks.19.attn.proj.bias",
      "backbone.blocks.19.norm2.weight",
      "backbone.blocks.19.norm2.bias",
      "backbone.blocks.19.mlp.fc1.bias",
      "backbone.blocks.19.mlp.fc2.bias"
    ],
    "lr_scale": 0.06461081889226677,
    "lr": 2.584432755690671e-05,
    "weight_decay": 0.0
  },
  "layer_20_layer_20_decay": {
    "param_names": [
      "backbone.blocks.19.attn.qkv.weight",
      "backbone.blocks.19.attn.proj.weight",
      "backbone.blocks.19.mlp.fc1.weight",
      "backbone.blocks.19.mlp.fc2.weight"
    ],
    "lr_scale": 0.06461081889226677,
    "lr": 2.584432755690671e-05,
    "weight_decay": 0.05
  },
  "layer_21_layer_21_no_decay": {
    "param_names": [
      "backbone.blocks.20.norm1.weight",
      "backbone.blocks.20.norm1.bias",
      "backbone.blocks.20.attn.qkv.bias",
      "backbone.blocks.20.attn.proj.bias",
      "backbone.blocks.20.norm2.weight",
      "backbone.blocks.20.norm2.bias",
      "backbone.blocks.20.mlp.fc1.bias",
      "backbone.blocks.20.mlp.fc2.bias"
    ],
    "lr_scale": 0.0717897987691853,
    "lr": 2.8715919507674123e-05,
    "weight_decay": 0.0
  },
  "layer_21_layer_21_decay": {
    "param_names": [
      "backbone.blocks.20.attn.qkv.weight",
      "backbone.blocks.20.attn.proj.weight",
      "backbone.blocks.20.mlp.fc1.weight",
      "backbone.blocks.20.mlp.fc2.weight"
    ],
    "lr_scale": 0.0717897987691853,
    "lr": 2.8715919507674123e-05,
    "weight_decay": 0.05
  },
  "layer_22_layer_22_no_decay": {
    "param_names": [
      "backbone.blocks.21.norm1.weight",
      "backbone.blocks.21.norm1.bias",
      "backbone.blocks.21.attn.qkv.bias",
      "backbone.blocks.21.attn.proj.bias",
      "backbone.blocks.21.norm2.weight",
      "backbone.blocks.21.norm2.bias",
      "backbone.blocks.21.mlp.fc1.bias",
      "backbone.blocks.21.mlp.fc2.bias"
    ],
    "lr_scale": 0.07976644307687256,
    "lr": 3.190657723074902e-05,
    "weight_decay": 0.0
  },
  "layer_22_layer_22_decay": {
    "param_names": [
      "backbone.blocks.21.attn.qkv.weight",
      "backbone.blocks.21.attn.proj.weight",
      "backbone.blocks.21.mlp.fc1.weight",
      "backbone.blocks.21.mlp.fc2.weight"
    ],
    "lr_scale": 0.07976644307687256,
    "lr": 3.190657723074902e-05,
    "weight_decay": 0.05
  },
  "layer_23_layer_23_no_decay": {
    "param_names": [
      "backbone.blocks.22.norm1.weight",
      "backbone.blocks.22.norm1.bias",
      "backbone.blocks.22.attn.qkv.bias",
      "backbone.blocks.22.attn.proj.bias",
      "backbone.blocks.22.norm2.weight",
      "backbone.blocks.22.norm2.bias",
      "backbone.blocks.22.mlp.fc1.bias",
      "backbone.blocks.22.mlp.fc2.bias"
    ],
    "lr_scale": 0.08862938119652507,
    "lr": 3.545175247861003e-05,
    "weight_decay": 0.0
  },
  "layer_23_layer_23_decay": {
    "param_names": [
      "backbone.blocks.22.attn.qkv.weight",
      "backbone.blocks.22.attn.proj.weight",
      "backbone.blocks.22.mlp.fc1.weight",
      "backbone.blocks.22.mlp.fc2.weight"
    ],
    "lr_scale": 0.08862938119652507,
    "lr": 3.545175247861003e-05,
    "weight_decay": 0.05
  },
  "layer_24_layer_24_no_decay": {
    "param_names": [
      "backbone.blocks.23.norm1.weight",
      "backbone.blocks.23.norm1.bias",
      "backbone.blocks.23.attn.qkv.bias",
      "backbone.blocks.23.attn.proj.bias",
      "backbone.blocks.23.norm2.weight",
      "backbone.blocks.23.norm2.bias",
      "backbone.blocks.23.mlp.fc1.bias",
      "backbone.blocks.23.mlp.fc2.bias"
    ],
    "lr_scale": 0.09847709021836118,
    "lr": 3.939083608734447e-05,
    "weight_decay": 0.0
  },
  "layer_24_layer_24_decay": {
    "param_names": [
      "backbone.blocks.23.attn.qkv.weight",
      "backbone.blocks.23.attn.proj.weight",
      "backbone.blocks.23.mlp.fc1.weight",
      "backbone.blocks.23.mlp.fc2.weight"
    ],
    "lr_scale": 0.09847709021836118,
    "lr": 3.939083608734447e-05,
    "weight_decay": 0.05
  },
  "layer_25_layer_25_no_decay": {
    "param_names": [
      "backbone.blocks.24.norm1.weight",
      "backbone.blocks.24.norm1.bias",
      "backbone.blocks.24.attn.qkv.bias",
      "backbone.blocks.24.attn.proj.bias",
      "backbone.blocks.24.norm2.weight",
      "backbone.blocks.24.norm2.bias",
      "backbone.blocks.24.mlp.fc1.bias",
      "backbone.blocks.24.mlp.fc2.bias"
    ],
    "lr_scale": 0.10941898913151242,
    "lr": 4.376759565260497e-05,
    "weight_decay": 0.0
  },
  "layer_25_layer_25_decay": {
    "param_names": [
      "backbone.blocks.24.attn.qkv.weight",
      "backbone.blocks.24.attn.proj.weight",
      "backbone.blocks.24.mlp.fc1.weight",
      "backbone.blocks.24.mlp.fc2.weight"
    ],
    "lr_scale": 0.10941898913151242,
    "lr": 4.376759565260497e-05,
    "weight_decay": 0.05
  },
  "layer_26_layer_26_no_decay": {
    "param_names": [
      "backbone.blocks.25.norm1.weight",
      "backbone.blocks.25.norm1.bias",
      "backbone.blocks.25.attn.qkv.bias",
      "backbone.blocks.25.attn.proj.bias",
      "backbone.blocks.25.norm2.weight",
      "backbone.blocks.25.norm2.bias",
      "backbone.blocks.25.mlp.fc1.bias",
      "backbone.blocks.25.mlp.fc2.bias"
    ],
    "lr_scale": 0.12157665459056935,
    "lr": 4.863066183622774e-05,
    "weight_decay": 0.0
  },
  "layer_26_layer_26_decay": {
    "param_names": [
      "backbone.blocks.25.attn.qkv.weight",
      "backbone.blocks.25.attn.proj.weight",
      "backbone.blocks.25.mlp.fc1.weight",
      "backbone.blocks.25.mlp.fc2.weight"
    ],
    "lr_scale": 0.12157665459056935,
    "lr": 4.863066183622774e-05,
    "weight_decay": 0.05
  },
  "layer_27_layer_27_no_decay": {
    "param_names": [
      "backbone.blocks.26.norm1.weight",
      "backbone.blocks.26.norm1.bias",
      "backbone.blocks.26.attn.qkv.bias",
      "backbone.blocks.26.attn.proj.bias",
      "backbone.blocks.26.norm2.weight",
      "backbone.blocks.26.norm2.bias",
      "backbone.blocks.26.mlp.fc1.bias",
      "backbone.blocks.26.mlp.fc2.bias"
    ],
    "lr_scale": 0.13508517176729928,
    "lr": 5.4034068706919716e-05,
    "weight_decay": 0.0
  },
  "layer_27_layer_27_decay": {
    "param_names": [
      "backbone.blocks.26.attn.qkv.weight",
      "backbone.blocks.26.attn.proj.weight",
      "backbone.blocks.26.mlp.fc1.weight",
      "backbone.blocks.26.mlp.fc2.weight"
    ],
    "lr_scale": 0.13508517176729928,
    "lr": 5.4034068706919716e-05,
    "weight_decay": 0.05
  },
  "layer_28_layer_28_no_decay": {
    "param_names": [
      "backbone.blocks.27.norm1.weight",
      "backbone.blocks.27.norm1.bias",
      "backbone.blocks.27.attn.qkv.bias",
      "backbone.blocks.27.attn.proj.bias",
      "backbone.blocks.27.norm2.weight",
      "backbone.blocks.27.norm2.bias",
      "backbone.blocks.27.mlp.fc1.bias",
      "backbone.blocks.27.mlp.fc2.bias"
    ],
    "lr_scale": 0.15009463529699918,
    "lr": 6.0037854118799675e-05,
    "weight_decay": 0.0
  },
  "layer_28_layer_28_decay": {
    "param_names": [
      "backbone.blocks.27.attn.qkv.weight",
      "backbone.blocks.27.attn.proj.weight",
      "backbone.blocks.27.mlp.fc1.weight",
      "backbone.blocks.27.mlp.fc2.weight"
    ],
    "lr_scale": 0.15009463529699918,
    "lr": 6.0037854118799675e-05,
    "weight_decay": 0.05
  },
  "layer_29_layer_29_no_decay": {
    "param_names": [
      "backbone.blocks.28.norm1.weight",
      "backbone.blocks.28.norm1.bias",
      "backbone.blocks.28.attn.qkv.bias",
      "backbone.blocks.28.attn.proj.bias",
      "backbone.blocks.28.norm2.weight",
      "backbone.blocks.28.norm2.bias",
      "backbone.blocks.28.mlp.fc1.bias",
      "backbone.blocks.28.mlp.fc2.bias"
    ],
    "lr_scale": 0.16677181699666577,
    "lr": 6.670872679866631e-05,
    "weight_decay": 0.0
  },
  "layer_29_layer_29_decay": {
    "param_names": [
      "backbone.blocks.28.attn.qkv.weight",
      "backbone.blocks.28.attn.proj.weight",
      "backbone.blocks.28.mlp.fc1.weight",
      "backbone.blocks.28.mlp.fc2.weight"
    ],
    "lr_scale": 0.16677181699666577,
    "lr": 6.670872679866631e-05,
    "weight_decay": 0.05
  },
  "layer_30_layer_30_no_decay": {
    "param_names": [
      "backbone.blocks.29.norm1.weight",
      "backbone.blocks.29.norm1.bias",
      "backbone.blocks.29.attn.qkv.bias",
      "backbone.blocks.29.attn.proj.bias",
      "backbone.blocks.29.norm2.weight",
      "backbone.blocks.29.norm2.bias",
      "backbone.blocks.29.mlp.fc1.bias",
      "backbone.blocks.29.mlp.fc2.bias"
    ],
    "lr_scale": 0.18530201888518416,
    "lr": 7.412080755407366e-05,
    "weight_decay": 0.0
  },
  "layer_30_layer_30_decay": {
    "param_names": [
      "backbone.blocks.29.attn.qkv.weight",
      "backbone.blocks.29.attn.proj.weight",
      "backbone.blocks.29.mlp.fc1.weight",
      "backbone.blocks.29.mlp.fc2.weight"
    ],
    "lr_scale": 0.18530201888518416,
    "lr": 7.412080755407366e-05,
    "weight_decay": 0.05
  },
  "layer_31_layer_31_no_decay": {
    "param_names": [
      "backbone.blocks.30.norm1.weight",
      "backbone.blocks.30.norm1.bias",
      "backbone.blocks.30.attn.qkv.bias",
      "backbone.blocks.30.attn.proj.bias",
      "backbone.blocks.30.norm2.weight",
      "backbone.blocks.30.norm2.bias",
      "backbone.blocks.30.mlp.fc1.bias",
      "backbone.blocks.30.mlp.fc2.bias"
    ],
    "lr_scale": 0.20589113209464907,
    "lr": 8.235645283785963e-05,
    "weight_decay": 0.0
  },
  "layer_31_layer_31_decay": {
    "param_names": [
      "backbone.blocks.30.attn.qkv.weight",
      "backbone.blocks.30.attn.proj.weight",
      "backbone.blocks.30.mlp.fc1.weight",
      "backbone.blocks.30.mlp.fc2.weight"
    ],
    "lr_scale": 0.20589113209464907,
    "lr": 8.235645283785963e-05,
    "weight_decay": 0.05
  },
  "layer_32_layer_32_no_decay": {
    "param_names": [
      "backbone.blocks.31.norm1.weight",
      "backbone.blocks.31.norm1.bias",
      "backbone.blocks.31.attn.qkv.bias",
      "backbone.blocks.31.attn.proj.bias",
      "backbone.blocks.31.norm2.weight",
      "backbone.blocks.31.norm2.bias",
      "backbone.blocks.31.mlp.fc1.bias",
      "backbone.blocks.31.mlp.fc2.bias"
    ],
    "lr_scale": 0.2287679245496101,
    "lr": 9.150716981984404e-05,
    "weight_decay": 0.0
  },
  "layer_32_layer_32_decay": {
    "param_names": [
      "backbone.blocks.31.attn.qkv.weight",
      "backbone.blocks.31.attn.proj.weight",
      "backbone.blocks.31.mlp.fc1.weight",
      "backbone.blocks.31.mlp.fc2.weight"
    ],
    "lr_scale": 0.2287679245496101,
    "lr": 9.150716981984404e-05,
    "weight_decay": 0.05
  },
  "layer_33_layer_33_no_decay": {
    "param_names": [
      "backbone.blocks.32.norm1.weight",
      "backbone.blocks.32.norm1.bias",
      "backbone.blocks.32.attn.qkv.bias",
      "backbone.blocks.32.attn.proj.bias",
      "backbone.blocks.32.norm2.weight",
      "backbone.blocks.32.norm2.bias",
      "backbone.blocks.32.mlp.fc1.bias",
      "backbone.blocks.32.mlp.fc2.bias"
    ],
    "lr_scale": 0.2541865828329001,
    "lr": 0.00010167463313316004,
    "weight_decay": 0.0
  },
  "layer_33_layer_33_decay": {
    "param_names": [
      "backbone.blocks.32.attn.qkv.weight",
      "backbone.blocks.32.attn.proj.weight",
      "backbone.blocks.32.mlp.fc1.weight",
      "backbone.blocks.32.mlp.fc2.weight"
    ],
    "lr_scale": 0.2541865828329001,
    "lr": 0.00010167463313316004,
    "weight_decay": 0.05
  },
  "layer_34_layer_34_no_decay": {
    "param_names": [
      "backbone.blocks.33.norm1.weight",
      "backbone.blocks.33.norm1.bias",
      "backbone.blocks.33.attn.qkv.bias",
      "backbone.blocks.33.attn.proj.bias",
      "backbone.blocks.33.norm2.weight",
      "backbone.blocks.33.norm2.bias",
      "backbone.blocks.33.mlp.fc1.bias",
      "backbone.blocks.33.mlp.fc2.bias"
    ],
    "lr_scale": 0.2824295364810001,
    "lr": 0.00011297181459240004,
    "weight_decay": 0.0
  },
  "layer_34_layer_34_decay": {
    "param_names": [
      "backbone.blocks.33.attn.qkv.weight",
      "backbone.blocks.33.attn.proj.weight",
      "backbone.blocks.33.mlp.fc1.weight",
      "backbone.blocks.33.mlp.fc2.weight"
    ],
    "lr_scale": 0.2824295364810001,
    "lr": 0.00011297181459240004,
    "weight_decay": 0.05
  },
  "layer_35_layer_35_no_decay": {
    "param_names": [
      "backbone.blocks.34.norm1.weight",
      "backbone.blocks.34.norm1.bias",
      "backbone.blocks.34.attn.qkv.bias",
      "backbone.blocks.34.attn.proj.bias",
      "backbone.blocks.34.norm2.weight",
      "backbone.blocks.34.norm2.bias",
      "backbone.blocks.34.mlp.fc1.bias",
      "backbone.blocks.34.mlp.fc2.bias"
    ],
    "lr_scale": 0.31381059609000006,
    "lr": 0.00012552423843600004,
    "weight_decay": 0.0
  },
  "layer_35_layer_35_decay": {
    "param_names": [
      "backbone.blocks.34.attn.qkv.weight",
      "backbone.blocks.34.attn.proj.weight",
      "backbone.blocks.34.mlp.fc1.weight",
      "backbone.blocks.34.mlp.fc2.weight"
    ],
    "lr_scale": 0.31381059609000006,
    "lr": 0.00012552423843600004,
    "weight_decay": 0.05
  },
  "layer_36_layer_36_no_decay": {
    "param_names": [
      "backbone.blocks.35.norm1.weight",
      "backbone.blocks.35.norm1.bias",
      "backbone.blocks.35.attn.qkv.bias",
      "backbone.blocks.35.attn.proj.bias",
      "backbone.blocks.35.norm2.weight",
      "backbone.blocks.35.norm2.bias",
      "backbone.blocks.35.mlp.fc1.bias",
      "backbone.blocks.35.mlp.fc2.bias"
    ],
    "lr_scale": 0.3486784401000001,
    "lr": 0.00013947137604000004,
    "weight_decay": 0.0
  },
  "layer_36_layer_36_decay": {
    "param_names": [
      "backbone.blocks.35.attn.qkv.weight",
      "backbone.blocks.35.attn.proj.weight",
      "backbone.blocks.35.mlp.fc1.weight",
      "backbone.blocks.35.mlp.fc2.weight"
    ],
    "lr_scale": 0.3486784401000001,
    "lr": 0.00013947137604000004,
    "weight_decay": 0.05
  },
  "layer_37_layer_37_no_decay": {
    "param_names": [
      "backbone.blocks.36.norm1.weight",
      "backbone.blocks.36.norm1.bias",
      "backbone.blocks.36.attn.qkv.bias",
      "backbone.blocks.36.attn.proj.bias",
      "backbone.blocks.36.norm2.weight",
      "backbone.blocks.36.norm2.bias",
      "backbone.blocks.36.mlp.fc1.bias",
      "backbone.blocks.36.mlp.fc2.bias"
    ],
    "lr_scale": 0.3874204890000001,
    "lr": 0.00015496819560000005,
    "weight_decay": 0.0
  },
  "layer_37_layer_37_decay": {
    "param_names": [
      "backbone.blocks.36.attn.qkv.weight",
      "backbone.blocks.36.attn.proj.weight",
      "backbone.blocks.36.mlp.fc1.weight",
      "backbone.blocks.36.mlp.fc2.weight"
    ],
    "lr_scale": 0.3874204890000001,
    "lr": 0.00015496819560000005,
    "weight_decay": 0.05
  },
  "layer_38_layer_38_no_decay": {
    "param_names": [
      "backbone.blocks.37.norm1.weight",
      "backbone.blocks.37.norm1.bias",
      "backbone.blocks.37.attn.qkv.bias",
      "backbone.blocks.37.attn.proj.bias",
      "backbone.blocks.37.norm2.weight",
      "backbone.blocks.37.norm2.bias",
      "backbone.blocks.37.mlp.fc1.bias",
      "backbone.blocks.37.mlp.fc2.bias"
    ],
    "lr_scale": 0.4304672100000001,
    "lr": 0.00017218688400000005,
    "weight_decay": 0.0
  },
  "layer_38_layer_38_decay": {
    "param_names": [
      "backbone.blocks.37.attn.qkv.weight",
      "backbone.blocks.37.attn.proj.weight",
      "backbone.blocks.37.mlp.fc1.weight",
      "backbone.blocks.37.mlp.fc2.weight"
    ],
    "lr_scale": 0.4304672100000001,
    "lr": 0.00017218688400000005,
    "weight_decay": 0.05
  },
  "layer_39_layer_39_no_decay": {
    "param_names": [
      "backbone.blocks.38.norm1.weight",
      "backbone.blocks.38.norm1.bias",
      "backbone.blocks.38.attn.qkv.bias",
      "backbone.blocks.38.attn.proj.bias",
      "backbone.blocks.38.norm2.weight",
      "backbone.blocks.38.norm2.bias",
      "backbone.blocks.38.mlp.fc1.bias",
      "backbone.blocks.38.mlp.fc2.bias"
    ],
    "lr_scale": 0.4782969000000001,
    "lr": 0.00019131876000000005,
    "weight_decay": 0.0
  },
  "layer_39_layer_39_decay": {
    "param_names": [
      "backbone.blocks.38.attn.qkv.weight",
      "backbone.blocks.38.attn.proj.weight",
      "backbone.blocks.38.mlp.fc1.weight",
      "backbone.blocks.38.mlp.fc2.weight"
    ],
    "lr_scale": 0.4782969000000001,
    "lr": 0.00019131876000000005,
    "weight_decay": 0.05
  },
  "layer_40_layer_40_no_decay": {
    "param_names": [
      "backbone.blocks.39.norm1.weight",
      "backbone.blocks.39.norm1.bias",
      "backbone.blocks.39.attn.qkv.bias",
      "backbone.blocks.39.attn.proj.bias",
      "backbone.blocks.39.norm2.weight",
      "backbone.blocks.39.norm2.bias",
      "backbone.blocks.39.mlp.fc1.bias",
      "backbone.blocks.39.mlp.fc2.bias"
    ],
    "lr_scale": 0.531441,
    "lr": 0.00021257640000000002,
    "weight_decay": 0.0
  },
  "layer_40_layer_40_decay": {
    "param_names": [
      "backbone.blocks.39.attn.qkv.weight",
      "backbone.blocks.39.attn.proj.weight",
      "backbone.blocks.39.mlp.fc1.weight",
      "backbone.blocks.39.mlp.fc2.weight"
    ],
    "lr_scale": 0.531441,
    "lr": 0.00021257640000000002,
    "weight_decay": 0.05
  },
  "layer_41_layer_41_no_decay": {
    "param_names": [
      "backbone.blocks.40.norm1.weight",
      "backbone.blocks.40.norm1.bias",
      "backbone.blocks.40.attn.qkv.bias",
      "backbone.blocks.40.attn.proj.bias",
      "backbone.blocks.40.norm2.weight",
      "backbone.blocks.40.norm2.bias",
      "backbone.blocks.40.mlp.fc1.bias",
      "backbone.blocks.40.mlp.fc2.bias"
    ],
    "lr_scale": 0.5904900000000001,
    "lr": 0.00023619600000000004,
    "weight_decay": 0.0
  },
  "layer_41_layer_41_decay": {
    "param_names": [
      "backbone.blocks.40.attn.qkv.weight",
      "backbone.blocks.40.attn.proj.weight",
      "backbone.blocks.40.mlp.fc1.weight",
      "backbone.blocks.40.mlp.fc2.weight"
    ],
    "lr_scale": 0.5904900000000001,
    "lr": 0.00023619600000000004,
    "weight_decay": 0.05
  },
  "layer_42_layer_42_no_decay": {
    "param_names": [
      "backbone.blocks.41.norm1.weight",
      "backbone.blocks.41.norm1.bias",
      "backbone.blocks.41.attn.qkv.bias",
      "backbone.blocks.41.attn.proj.bias",
      "backbone.blocks.41.norm2.weight",
      "backbone.blocks.41.norm2.bias",
      "backbone.blocks.41.mlp.fc1.bias",
      "backbone.blocks.41.mlp.fc2.bias"
    ],
    "lr_scale": 0.6561,
    "lr": 0.00026244,
    "weight_decay": 0.0
  },
  "layer_42_layer_42_decay": {
    "param_names": [
      "backbone.blocks.41.attn.qkv.weight",
      "backbone.blocks.41.attn.proj.weight",
      "backbone.blocks.41.mlp.fc1.weight",
      "backbone.blocks.41.mlp.fc2.weight"
    ],
    "lr_scale": 0.6561,
    "lr": 0.00026244,
    "weight_decay": 0.05
  },
  "layer_43_layer_43_no_decay": {
    "param_names": [
      "backbone.blocks.42.norm1.weight",
      "backbone.blocks.42.norm1.bias",
      "backbone.blocks.42.attn.qkv.bias",
      "backbone.blocks.42.attn.proj.bias",
      "backbone.blocks.42.norm2.weight",
      "backbone.blocks.42.norm2.bias",
      "backbone.blocks.42.mlp.fc1.bias",
      "backbone.blocks.42.mlp.fc2.bias"
    ],
    "lr_scale": 0.7290000000000001,
    "lr": 0.00029160000000000004,
    "weight_decay": 0.0
  },
  "layer_43_layer_43_decay": {
    "param_names": [
      "backbone.blocks.42.attn.qkv.weight",
      "backbone.blocks.42.attn.proj.weight",
      "backbone.blocks.42.mlp.fc1.weight",
      "backbone.blocks.42.mlp.fc2.weight"
    ],
    "lr_scale": 0.7290000000000001,
    "lr": 0.00029160000000000004,
    "weight_decay": 0.05
  },
  "layer_44_layer_44_no_decay": {
    "param_names": [
      "backbone.blocks.43.norm1.weight",
      "backbone.blocks.43.norm1.bias",
      "backbone.blocks.43.attn.qkv.bias",
      "backbone.blocks.43.attn.proj.bias",
      "backbone.blocks.43.norm2.weight",
      "backbone.blocks.43.norm2.bias",
      "backbone.blocks.43.mlp.fc1.bias",
      "backbone.blocks.43.mlp.fc2.bias"
    ],
    "lr_scale": 0.81,
    "lr": 0.000324,
    "weight_decay": 0.0
  },
  "layer_44_layer_44_decay": {
    "param_names": [
      "backbone.blocks.43.attn.qkv.weight",
      "backbone.blocks.43.attn.proj.weight",
      "backbone.blocks.43.mlp.fc1.weight",
      "backbone.blocks.43.mlp.fc2.weight"
    ],
    "lr_scale": 0.81,
    "lr": 0.000324,
    "weight_decay": 0.05
  },
  "layer_45_layer_45_no_decay": {
    "param_names": [
      "backbone.blocks.44.norm1.weight",
      "backbone.blocks.44.norm1.bias",
      "backbone.blocks.44.attn.qkv.bias",
      "backbone.blocks.44.attn.proj.bias",
      "backbone.blocks.44.norm2.weight",
      "backbone.blocks.44.norm2.bias",
      "backbone.blocks.44.mlp.fc1.bias",
      "backbone.blocks.44.mlp.fc2.bias"
    ],
    "lr_scale": 0.9,
    "lr": 0.00036,
    "weight_decay": 0.0
  },
  "layer_45_layer_45_decay": {
    "param_names": [
      "backbone.blocks.44.attn.qkv.weight",
      "backbone.blocks.44.attn.proj.weight",
      "backbone.blocks.44.mlp.fc1.weight",
      "backbone.blocks.44.mlp.fc2.weight"
    ],
    "lr_scale": 0.9,
    "lr": 0.00036,
    "weight_decay": 0.05
  },
  "layer_46_layer_46_no_decay": {
    "param_names": [
      "backbone.blocks.45.norm1.weight",
      "backbone.blocks.45.norm1.bias",
      "backbone.blocks.45.attn.qkv.bias",
      "backbone.blocks.45.attn.proj.bias",
      "backbone.blocks.45.norm2.weight",
      "backbone.blocks.45.norm2.bias",
      "backbone.blocks.45.mlp.fc1.bias",
      "backbone.blocks.45.mlp.fc2.bias",
      "backbone.align_dim_16tofpn.bias",
      "backbone.fpn_modules.0.norm2.weight",
      "backbone.fpn_modules.0.norm2.bias",
      "backbone.fpn_modules.0.mlp.fc1.bias",
      "backbone.fpn_modules.0.mlp.fc2.bias",
      "backbone.fpn_modules.1.norm2.weight",
      "backbone.fpn_modules.1.norm2.bias",
      "backbone.fpn_modules.1.mlp.fc1.bias",
      "backbone.fpn_modules.1.mlp.fc2.bias",
      "backbone.fpn_modules.2.norm2.weight",
      "backbone.fpn_modules.2.norm2.bias",
      "backbone.fpn_modules.2.mlp.fc1.bias",
      "backbone.fpn_modules.2.mlp.fc2.bias",
      "backbone.split_16to8.norm.weight",
      "backbone.split_16to8.norm.bias",
      "backbone.block_16to8.0.norm2.weight",
      "backbone.block_16to8.0.norm2.bias",
      "backbone.block_16to8.0.mlp.fc1.bias",
      "backbone.block_16to8.0.mlp.fc2.bias",
      "backbone.block_16to8.1.norm2.weight",
      "backbone.block_16to8.1.norm2.bias",
      "backbone.block_16to8.1.mlp.fc1.bias",
      "backbone.block_16to8.1.mlp.fc2.bias",
      "backbone.split_8to4.norm.weight",
      "backbone.split_8to4.norm.bias",
      "backbone.block_8to4.0.norm2.weight",
      "backbone.block_8to4.0.norm2.bias",
      "backbone.block_8to4.0.mlp.fc1.bias",
      "backbone.block_8to4.0.mlp.fc2.bias",
      "backbone.block_8to4.1.norm2.weight",
      "backbone.block_8to4.1.norm2.bias",
      "backbone.block_8to4.1.mlp.fc1.bias",
      "backbone.block_8to4.1.mlp.fc2.bias",
      "decode_head.conv_seg.bias",
      "decode_head.psp_modules.0.1.bn.weight",
      "decode_head.psp_modules.0.1.bn.bias",
      "decode_head.psp_modules.1.1.bn.weight",
      "decode_head.psp_modules.1.1.bn.bias",
      "decode_head.psp_modules.2.1.bn.weight",
      "decode_head.psp_modules.2.1.bn.bias",
      "decode_head.psp_modules.3.1.bn.weight",
      "decode_head.psp_modules.3.1.bn.bias",
      "decode_head.bottleneck.bn.weight",
      "decode_head.bottleneck.bn.bias",
      "decode_head.lateral_convs.0.bn.weight",
      "decode_head.lateral_convs.0.bn.bias",
      "decode_head.lateral_convs.1.bn.weight",
      "decode_head.lateral_convs.1.bn.bias",
      "decode_head.lateral_convs.2.bn.weight",
      "decode_head.lateral_convs.2.bn.bias",
      "decode_head.fpn_convs.0.bn.weight",
      "decode_head.fpn_convs.0.bn.bias",
      "decode_head.fpn_convs.1.bn.weight",
      "decode_head.fpn_convs.1.bn.bias",
      "decode_head.fpn_convs.2.bn.weight",
      "decode_head.fpn_convs.2.bn.bias",
      "decode_head.fpn_bottleneck.bn.weight",
      "decode_head.fpn_bottleneck.bn.bias",
      "auxiliary_head.conv_seg.bias",
      "auxiliary_head.convs.0.bn.weight",
      "auxiliary_head.convs.0.bn.bias"
    ],
    "lr_scale": 1.0,
    "lr": 0.0004,
    "weight_decay": 0.0
  },
  "layer_46_layer_46_decay": {
    "param_names": [
      "backbone.blocks.45.attn.qkv.weight",
      "backbone.blocks.45.attn.proj.weight",
      "backbone.blocks.45.mlp.fc1.weight",
      "backbone.blocks.45.mlp.fc2.weight",
      "backbone.align_dim_16tofpn.weight",
      "backbone.fpn_modules.0.mlp.fc1.weight",
      "backbone.fpn_modules.0.mlp.fc2.weight",
      "backbone.fpn_modules.1.mlp.fc1.weight",
      "backbone.fpn_modules.1.mlp.fc2.weight",
      "backbone.fpn_modules.2.mlp.fc1.weight",
      "backbone.fpn_modules.2.mlp.fc2.weight",
      "backbone.align_dim_16to8.weight",
      "backbone.split_16to8.reduction.weight",
      "backbone.block_16to8.0.mlp.fc1.weight",
      "backbone.block_16to8.0.mlp.fc2.weight",
      "backbone.block_16to8.1.mlp.fc1.weight",
      "backbone.block_16to8.1.mlp.fc2.weight",
      "backbone.align_dim_8to4.weight",
      "backbone.split_8to4.reduction.weight",
      "backbone.block_8to4.0.mlp.fc1.weight",
      "backbone.block_8to4.0.mlp.fc2.weight",
      "backbone.block_8to4.1.mlp.fc1.weight",
      "backbone.block_8to4.1.mlp.fc2.weight",
      "decode_head.conv_seg.weight",
      "decode_head.psp_modules.0.1.conv.weight",
      "decode_head.psp_modules.1.1.conv.weight",
      "decode_head.psp_modules.2.1.conv.weight",
      "decode_head.psp_modules.3.1.conv.weight",
      "decode_head.bottleneck.conv.weight",
      "decode_head.lateral_convs.0.conv.weight",
      "decode_head.lateral_convs.1.conv.weight",
      "decode_head.lateral_convs.2.conv.weight",
      "decode_head.fpn_convs.0.conv.weight",
      "decode_head.fpn_convs.1.conv.weight",
      "decode_head.fpn_convs.2.conv.weight",
      "decode_head.fpn_bottleneck.conv.weight",
      "auxiliary_head.conv_seg.weight",
      "auxiliary_head.convs.0.conv.weight"
    ],
    "lr_scale": 1.0,
    "lr": 0.0004,
    "weight_decay": 0.05
  }
}
2026/05/15 07:14:14 - mmengine - WARNING - The prefix is not set in metric class CustomIoUMetric.
2026/05/15 07:14:15 - mmengine - INFO - Loads checkpoint by local backend from path: /root/autodl-tmp/weights/weijie_saratrx_2_large/checkpoint-1200.pth
2026/05/15 07:14:17 - mmengine - INFO - Checkpoint loaded from /root/autodl-tmp/weights/weijie_saratrx_2_large/checkpoint-1200.pth
2026/05/15 07:14:17 - mmengine - INFO - _IncompatibleKeys(missing_keys=[], unexpected_keys=['mask_token', 'decoder_pos_embed', 'hogs.simple_weights', 'hogs.SAR_Lay.weight_LBP1', 'hogs.SAR_Lay.weight_LBP2', 'hogs.SAR_Layer0.weight_x1', 'hogs.SAR_Layer0.weight_x2', 'hogs.SAR_Layer0.weight_y1', 'hogs.SAR_Layer0.weight_y2', 'hogs.SAR_Layer1.weight_x1', 'hogs.SAR_Layer1.weight_x2', 'hogs.SAR_Layer1.weight_y1', 'hogs.SAR_Layer1.weight_y2', 'hogs.SAR_Layer2.weight_x1', 'hogs.SAR_Layer2.weight_x2', 'hogs.SAR_Layer2.weight_y1', 'hogs.SAR_Layer2.weight_y2', 'hogs.SAR_Layer3.weight_x1', 'hogs.SAR_Layer3.weight_x2', 'hogs.SAR_Layer3.weight_y1', 'hogs.SAR_Layer3.weight_y2', 'hogs.SAR_Layer4.weight_x1', 'hogs.SAR_Layer4.weight_x2', 'hogs.SAR_Layer4.weight_y1', 'hogs.SAR_Layer4.weight_y2', 'decoder_embed.0.0.weight', 'decoder_embed.0.0.bias', 'decoder_embed.0.1.weight', 'decoder_embed.0.1.bias', 'decoder_embed.1.0.weight', 'decoder_embed.1.0.bias', 'decoder_embed.1.1.weight', 'decoder_embed.1.1.bias', 'decoder_embed.2.0.weight', 'decoder_embed.2.0.bias', 'decoder_embed.2.1.weight', 'decoder_embed.2.1.bias', 'decoder_blocks.0.norm1.weight', 'decoder_blocks.0.norm1.bias', 'decoder_blocks.0.attn.qkv.weight', 'decoder_blocks.0.attn.qkv.bias', 'decoder_blocks.0.attn.proj.weight', 'decoder_blocks.0.attn.proj.bias', 'decoder_blocks.0.norm2.weight', 'decoder_blocks.0.norm2.bias', 'decoder_blocks.0.mlp.fc1.weight', 'decoder_blocks.0.mlp.fc1.bias', 'decoder_blocks.0.mlp.fc2.weight', 'decoder_blocks.0.mlp.fc2.bias', 'decoder_blocks.1.norm1.weight', 'decoder_blocks.1.norm1.bias', 'decoder_blocks.1.attn.qkv.weight', 'decoder_blocks.1.attn.qkv.bias', 'decoder_blocks.1.attn.proj.weight', 'decoder_blocks.1.attn.proj.bias', 'decoder_blocks.1.norm2.weight', 'decoder_blocks.1.norm2.bias', 'decoder_blocks.1.mlp.fc1.weight', 'decoder_blocks.1.mlp.fc1.bias', 'decoder_blocks.1.mlp.fc2.weight', 'decoder_blocks.1.mlp.fc2.bias', 'decoder_blocks.2.norm1.weight', 'decoder_blocks.2.norm1.bias', 'decoder_blocks.2.attn.qkv.weight', 'decoder_blocks.2.attn.qkv.bias', 'decoder_blocks.2.attn.proj.weight', 'decoder_blocks.2.attn.proj.bias', 'decoder_blocks.2.norm2.weight', 'decoder_blocks.2.norm2.bias', 'decoder_blocks.2.mlp.fc1.weight', 'decoder_blocks.2.mlp.fc1.bias', 'decoder_blocks.2.mlp.fc2.weight', 'decoder_blocks.2.mlp.fc2.bias', 'decoder_blocks.3.norm1.weight', 'decoder_blocks.3.norm1.bias', 'decoder_blocks.3.attn.qkv.weight', 'decoder_blocks.3.attn.qkv.bias', 'decoder_blocks.3.attn.proj.weight', 'decoder_blocks.3.attn.proj.bias', 'decoder_blocks.3.norm2.weight', 'decoder_blocks.3.norm2.bias', 'decoder_blocks.3.mlp.fc1.weight', 'decoder_blocks.3.mlp.fc1.bias', 'decoder_blocks.3.mlp.fc2.weight', 'decoder_blocks.3.mlp.fc2.bias', 'decoder_blocks.4.norm1.weight', 'decoder_blocks.4.norm1.bias', 'decoder_blocks.4.attn.qkv.weight', 'decoder_blocks.4.attn.qkv.bias', 'decoder_blocks.4.attn.proj.weight', 'decoder_blocks.4.attn.proj.bias', 'decoder_blocks.4.norm2.weight', 'decoder_blocks.4.norm2.bias', 'decoder_blocks.4.mlp.fc1.weight', 'decoder_blocks.4.mlp.fc1.bias', 'decoder_blocks.4.mlp.fc2.weight', 'decoder_blocks.4.mlp.fc2.bias', 'decoder_blocks.5.norm1.weight', 'decoder_blocks.5.norm1.bias', 'decoder_blocks.5.attn.qkv.weight', 'decoder_blocks.5.attn.qkv.bias', 'decoder_blocks.5.attn.proj.weight', 'decoder_blocks.5.attn.proj.bias', 'decoder_blocks.5.norm2.weight', 'decoder_blocks.5.norm2.bias', 'decoder_blocks.5.mlp.fc1.weight', 'decoder_blocks.5.mlp.fc1.bias', 'decoder_blocks.5.mlp.fc2.weight', 'decoder_blocks.5.mlp.fc2.bias', 'decoder_blocks.6.norm1.weight', 'decoder_blocks.6.norm1.bias', 'decoder_blocks.6.attn.qkv.weight', 'decoder_blocks.6.attn.qkv.bias', 'decoder_blocks.6.attn.proj.weight', 'decoder_blocks.6.attn.proj.bias', 'decoder_blocks.6.norm2.weight', 'decoder_blocks.6.norm2.bias', 'decoder_blocks.6.mlp.fc1.weight', 'decoder_blocks.6.mlp.fc1.bias', 'decoder_blocks.6.mlp.fc2.weight', 'decoder_blocks.6.mlp.fc2.bias', 'decoder_blocks.7.norm1.weight', 'decoder_blocks.7.norm1.bias', 'decoder_blocks.7.attn.qkv.weight', 'decoder_blocks.7.attn.qkv.bias', 'decoder_blocks.7.attn.proj.weight', 'decoder_blocks.7.attn.proj.bias', 'decoder_blocks.7.norm2.weight', 'decoder_blocks.7.norm2.bias', 'decoder_blocks.7.mlp.fc1.weight', 'decoder_blocks.7.mlp.fc1.bias', 'decoder_blocks.7.mlp.fc2.weight', 'decoder_blocks.7.mlp.fc2.bias', 'decoder_norm.weight', 'decoder_norm.bias', 'decoder_pred.weight', 'decoder_pred.bias'])
Name of parameter - Initialization information

backbone.absolute_pos_embed - torch.Size([1, 196, 768]): 
Initialized by user-defined `init_weights` in iTPN_weijie  

backbone.patch_embed.proj.weight - torch.Size([192, 3, 4, 4]): 
Initialized by user-defined `init_weights` in iTPN_weijie  

backbone.patch_embed.proj.bias - torch.Size([192]): 
Initialized by user-defined `init_weights` in iTPN_weijie  

backbone.patch_embed.norm.weight - torch.Size([192]): 
Initialized by user-defined `init_weights` in iTPN_weijie  

backbone.patch_embed.norm.bias - torch.Size([192]): 
Initialized by user-defined `init_weights` in iTPN_weijie  

backbone.blocks.0.norm2.weight - torch.Size([192]): 
Initialized by user-defined `init_weights` in iTPN_weijie  

backbone.blocks.0.norm2.bias - torch.Size([192]): 
Initialized by user-defined `init_weights` in iTPN_weijie  

backbone.blocks.0.mlp.fc1.weight - torch.Size([576, 192]): 
Initialized by user-defined `init_weights` in iTPN_weijie  

backbone.blocks.0.mlp.fc1.bias - torch.Size([576]): 
Initialized by user-defined `init_weights` in iTPN_weijie  

backbone.blocks.0.mlp.fc2.weight - torch.Size([192, 576]): 
Initialized by user-defined `init_weights` in iTPN_weijie  

backbone.blocks.0.mlp.fc2.bias - torch.Size([192]): 
Initialized by user-defined `init_weights` in iTPN_weijie  

backbone.blocks.1.norm2.weight - torch.Size([192]): 
Initialized by user-defined `init_weights` in iTPN_weijie  

backbone.blocks.1.norm2.bias - torch.Size([192]): 
Initialized by user-defined `init_weights` in iTPN_weijie  

backbone.blocks.1.mlp.fc1.weight - torch.Size([576, 192]): 
Initialized by user-defined `init_weights` in iTPN_weijie  

backbone.blocks.1.mlp.fc1.bias - torch.Size([576]): 
Initialized by user-defined `init_weights` in iTPN_weijie  

backbone.blocks.1.mlp.fc2.weight - torch.Size([192, 576]): 
Initialized by user-defined `init_weights` in iTPN_weijie  

backbone.blocks.1.mlp.fc2.bias - torch.Size([192]): 
Initialized by user-defined `init_weights` in iTPN_weijie  

backbone.blocks.2.norm.weight - torch.Size([768]): 
Initialized by user-defined `init_weights` in iTPN_weijie  

backbone.blocks.2.norm.bias - torch.Size([768]): 
Initialized by user-defined `init_weights` in iTPN_weijie  

backbone.blocks.2.reduction.weight - torch.Size([384, 768]): 
Initialized by user-defined `init_weights` in iTPN_weijie  

backbone.blocks.3.norm2.weight - torch.Size([384]): 
Initialized by user-defined `init_weights` in iTPN_weijie  

backbone.blocks.3.norm2.bias - torch.Size([384]): 
Initialized by user-defined `init_weights` in iTPN_weijie  

backbone.blocks.3.mlp.fc1.weight - torch.Size([1152, 384]): 
Initialized by user-defined `init_weights` in iTPN_weijie  

backbone.blocks.3.mlp.fc1.bias - torch.Size([1152]): 
Initialized by user-defined `init_weights` in iTPN_weijie  

backbone.blocks.3.mlp.fc2.weight - torch.Size([384, 1152]): 
Initialized by user-defined `init_weights` in iTPN_weijie  

backbone.blocks.3.mlp.fc2.bias - torch.Size([384]): 
Initialized by user-defined `init_weights` in iTPN_weijie  

backbone.blocks.4.norm2.weight - torch.Size([384]): 
Initialized by user-defined `init_weights` in iTPN_weijie  

backbone.blocks.4.norm2.bias - torch.Size([384]): 
Initialized by user-defined `init_weights` in iTPN_weijie  

backbone.blocks.4.mlp.fc1.weight - torch.Size([1152, 384]): 
Initialized by user-defined `init_weights` in iTPN_weijie  

backbone.blocks.4.mlp.fc1.bias - torch.Size([1152]): 
Initialized by user-defined `init_weights` in iTPN_weijie  

backbone.blocks.4.mlp.fc2.weight - torch.Size([384, 1152]): 
Initialized by user-defined `init_weights` in iTPN_weijie  

backbone.blocks.4.mlp.fc2.bias - torch.Size([384]): 
Initialized by user-defined `init_weights` in iTPN_weijie  

backbone.blocks.5.norm.weight - torch.Size([1536]): 
Initialized by user-defined `init_weights` in iTPN_weijie  

backbone.blocks.5.norm.bias - torch.Size([1536]): 
Initialized by user-defined `init_weights` in iTPN_weijie  

backbone.blocks.5.reduction.weight - torch.Size([768, 1536]): 
Initialized by user-defined `init_weights` in iTPN_weijie  

backbone.blocks.6.norm1.weight - torch.Size([768]): 
Initialized by user-defined `init_weights` in iTPN_weijie  

backbone.blocks.6.norm1.bias - torch.Size([768]): 
Initialized by user-defined `init_weights` in iTPN_weijie  

backbone.blocks.6.attn.qkv.weight - torch.Size([2304, 768]): 
Initialized by user-defined `init_weights` in iTPN_weijie  

backbone.blocks.6.attn.qkv.bias - torch.Size([2304]): 
Initialized by user-defined `init_weights` in iTPN_weijie  

backbone.blocks.6.attn.proj.weight - torch.Size([768, 768]): 
Initialized by user-defined `init_weights` in iTPN_weijie  

backbone.blocks.6.attn.proj.bias - torch.Size([768]): 
Initialized by user-defined `init_weights` in iTPN_weijie  

backbone.blocks.6.norm2.weight - torch.Size([768]): 
Initialized by user-defined `init_weights` in iTPN_weijie  

backbone.blocks.6.norm2.bias - torch.Size([768]): 
Initialized by user-defined `init_weights` in iTPN_weijie  

backbone.blocks.6.mlp.fc1.weight - torch.Size([3072, 768]): 
Initialized by user-defined `init_weights` in iTPN_weijie  

backbone.blocks.6.mlp.fc1.bias - torch.Size([3072]): 
Initialized by user-defined `init_weights` in iTPN_weijie  

backbone.blocks.6.mlp.fc2.weight - torch.Size([768, 3072]): 
Initialized by user-defined `init_weights` in iTPN_weijie  

backbone.blocks.6.mlp.fc2.bias - torch.Size([768]): 
Initialized by user-defined `init_weights` in iTPN_weijie  

backbone.blocks.7.norm1.weight - torch.Size([768]): 
Initialized by user-defined `init_weights` in iTPN_weijie  

backbone.blocks.7.norm1.bias - torch.Size([768]): 
Initialized by user-defined `init_weights` in iTPN_weijie  

backbone.blocks.7.attn.qkv.weight - torch.Size([2304, 768]): 
Initialized by user-defined `init_weights` in iTPN_weijie  

backbone.blocks.7.attn.qkv.bias - torch.Size([2304]): 
Initialized by user-defined `init_weights` in iTPN_weijie  

backbone.blocks.7.attn.proj.weight - torch.Size([768, 768]): 
Initialized by user-defined `init_weights` in iTPN_weijie  

backbone.blocks.7.attn.proj.bias - torch.Size([768]): 
Initialized by user-defined `init_weights` in iTPN_weijie  

backbone.blocks.7.norm2.weight - torch.Size([768]): 
Initialized by user-defined `init_weights` in iTPN_weijie  

backbone.blocks.7.norm2.bias - torch.Size([768]): 
Initialized by user-defined `init_weights` in iTPN_weijie  

backbone.blocks.7.mlp.fc1.weight - torch.Size([3072, 768]): 
Initialized by user-defined `init_weights` in iTPN_weijie  

backbone.blocks.7.mlp.fc1.bias - torch.Size([3072]): 
Initialized by user-defined `init_weights` in iTPN_weijie  

backbone.blocks.7.mlp.fc2.weight - torch.Size([768, 3072]): 
Initialized by user-defined `init_weights` in iTPN_weijie  

backbone.blocks.7.mlp.fc2.bias - torch.Size([768]): 
Initialized by user-defined `init_weights` in iTPN_weijie  

backbone.blocks.8.norm1.weight - torch.Size([768]): 
Initialized by user-defined `init_weights` in iTPN_weijie  

backbone.blocks.8.norm1.bias - torch.Size([768]): 
Initialized by user-defined `init_weights` in iTPN_weijie  

backbone.blocks.8.attn.qkv.weight - torch.Size([2304, 768]): 
Initialized by user-defined `init_weights` in iTPN_weijie  

backbone.blocks.8.attn.qkv.bias - torch.Size([2304]): 
Initialized by user-defined `init_weights` in iTPN_weijie  

backbone.blocks.8.attn.proj.weight - torch.Size([768, 768]): 
Initialized by user-defined `init_weights` in iTPN_weijie  

backbone.blocks.8.attn.proj.bias - torch.Size([768]): 
Initialized by user-defined `init_weights` in iTPN_weijie  

backbone.blocks.8.norm2.weight - torch.Size([768]): 
Initialized by user-defined `init_weights` in iTPN_weijie  

backbone.blocks.8.norm2.bias - torch.Size([768]): 
Initialized by user-defined `init_weights` in iTPN_weijie  

backbone.blocks.8.mlp.fc1.weight - torch.Size([3072, 768]): 
Initialized by user-defined `init_weights` in iTPN_weijie  

backbone.blocks.8.mlp.fc1.bias - torch.Size([3072]): 
Initialized by user-defined `init_weights` in iTPN_weijie  

backbone.blocks.8.mlp.fc2.weight - torch.Size([768, 3072]): 
Initialized by user-defined `init_weights` in iTPN_weijie  

backbone.blocks.8.mlp.fc2.bias - torch.Size([768]): 
Initialized by user-defined `init_weights` in iTPN_weijie  

backbone.blocks.9.norm1.weight - torch.Size([768]): 
Initialized by user-defined `init_weights` in iTPN_weijie  

backbone.blocks.9.norm1.bias - torch.Size([768]): 
Initialized by user-defined `init_weights` in iTPN_weijie  

backbone.blocks.9.attn.qkv.weight - torch.Size([2304, 768]): 
Initialized by user-defined `init_weights` in iTPN_weijie  

backbone.blocks.9.attn.qkv.bias - torch.Size([2304]): 
Initialized by user-defined `init_weights` in iTPN_weijie  

backbone.blocks.9.attn.proj.weight - torch.Size([768, 768]): 
Initialized by user-defined `init_weights` in iTPN_weijie  

backbone.blocks.9.attn.proj.bias - torch.Size([768]): 
Initialized by user-defined `init_weights` in iTPN_weijie  

backbone.blocks.9.norm2.weight - torch.Size([768]): 
Initialized by user-defined `init_weights` in iTPN_weijie  

backbone.blocks.9.norm2.bias - torch.Size([768]): 
Initialized by user-defined `init_weights` in iTPN_weijie  

backbone.blocks.9.mlp.fc1.weight - torch.Size([3072, 768]): 
Initialized by user-defined `init_weights` in iTPN_weijie  

backbone.blocks.9.mlp.fc1.bias - torch.Size([3072]): 
Initialized by user-defined `init_weights` in iTPN_weijie  

backbone.blocks.9.mlp.fc2.weight - torch.Size([768, 3072]): 
Initialized by user-defined `init_weights` in iTPN_weijie  

backbone.blocks.9.mlp.fc2.bias - torch.Size([768]): 
Initialized by user-defined `init_weights` in iTPN_weijie  

backbone.blocks.10.norm1.weight - torch.Size([768]): 
Initialized by user-defined `init_weights` in iTPN_weijie  

backbone.blocks.10.norm1.bias - torch.Size([768]): 
Initialized by user-defined `init_weights` in iTPN_weijie  

backbone.blocks.10.attn.qkv.weight - torch.Size([2304, 768]): 
Initialized by user-defined `init_weights` in iTPN_weijie  

backbone.blocks.10.attn.qkv.bias - torch.Size([2304]): 
Initialized by user-defined `init_weights` in iTPN_weijie  

backbone.blocks.10.attn.proj.weight - torch.Size([768, 768]): 
Initialized by user-defined `init_weights` in iTPN_weijie  

backbone.blocks.10.attn.proj.bias - torch.Size([768]): 
Initialized by user-defined `init_weights` in iTPN_weijie  

backbone.blocks.10.norm2.weight - torch.Size([768]): 
Initialized by user-defined `init_weights` in iTPN_weijie  

backbone.blocks.10.norm2.bias - torch.Size([768]): 
Initialized by user-defined `init_weights` in iTPN_weijie  

backbone.blocks.10.mlp.fc1.weight - torch.Size([3072, 768]): 
Initialized by user-defined `init_weights` in iTPN_weijie  

backbone.blocks.10.mlp.fc1.bias - torch.Size([3072]): 
Initialized by user-defined `init_weights` in iTPN_weijie  

backbone.blocks.10.mlp.fc2.weight - torch.Size([768, 3072]): 
Initialized by user-defined `init_weights` in iTPN_weijie  

backbone.blocks.10.mlp.fc2.bias - torch.Size([768]): 
Initialized by user-defined `init_weights` in iTPN_weijie  

backbone.blocks.11.norm1.weight - torch.Size([768]): 
Initialized by user-defined `init_weights` in iTPN_weijie  

backbone.blocks.11.norm1.bias - torch.Size([768]): 
Initialized by user-defined `init_weights` in iTPN_weijie  

backbone.blocks.11.attn.qkv.weight - torch.Size([2304, 768]): 
Initialized by user-defined `init_weights` in iTPN_weijie  

backbone.blocks.11.attn.qkv.bias - torch.Size([2304]): 
Initialized by user-defined `init_weights` in iTPN_weijie  

backbone.blocks.11.attn.proj.weight - torch.Size([768, 768]): 
Initialized by user-defined `init_weights` in iTPN_weijie  

backbone.blocks.11.attn.proj.bias - torch.Size([768]): 
Initialized by user-defined `init_weights` in iTPN_weijie  

backbone.blocks.11.norm2.weight - torch.Size([768]): 
Initialized by user-defined `init_weights` in iTPN_weijie  

backbone.blocks.11.norm2.bias - torch.Size([768]): 
Initialized by user-defined `init_weights` in iTPN_weijie  

backbone.blocks.11.mlp.fc1.weight - torch.Size([3072, 768]): 
Initialized by user-defined `init_weights` in iTPN_weijie  

backbone.blocks.11.mlp.fc1.bias - torch.Size([3072]): 
Initialized by user-defined `init_weights` in iTPN_weijie  

backbone.blocks.11.mlp.fc2.weight - torch.Size([768, 3072]): 
Initialized by user-defined `init_weights` in iTPN_weijie  

backbone.blocks.11.mlp.fc2.bias - torch.Size([768]): 
Initialized by user-defined `init_weights` in iTPN_weijie  

backbone.blocks.12.norm1.weight - torch.Size([768]): 
Initialized by user-defined `init_weights` in iTPN_weijie  

backbone.blocks.12.norm1.bias - torch.Size([768]): 
Initialized by user-defined `init_weights` in iTPN_weijie  

backbone.blocks.12.attn.qkv.weight - torch.Size([2304, 768]): 
Initialized by user-defined `init_weights` in iTPN_weijie  

backbone.blocks.12.attn.qkv.bias - torch.Size([2304]): 
Initialized by user-defined `init_weights` in iTPN_weijie  

backbone.blocks.12.attn.proj.weight - torch.Size([768, 768]): 
Initialized by user-defined `init_weights` in iTPN_weijie  

backbone.blocks.12.attn.proj.bias - torch.Size([768]): 
Initialized by user-defined `init_weights` in iTPN_weijie  

backbone.blocks.12.norm2.weight - torch.Size([768]): 
Initialized by user-defined `init_weights` in iTPN_weijie  

backbone.blocks.12.norm2.bias - torch.Size([768]): 
Initialized by user-defined `init_weights` in iTPN_weijie  

backbone.blocks.12.mlp.fc1.weight - torch.Size([3072, 768]): 
Initialized by user-defined `init_weights` in iTPN_weijie  

backbone.blocks.12.mlp.fc1.bias - torch.Size([3072]): 
Initialized by user-defined `init_weights` in iTPN_weijie  

backbone.blocks.12.mlp.fc2.weight - torch.Size([768, 3072]): 
Initialized by user-defined `init_weights` in iTPN_weijie  

backbone.blocks.12.mlp.fc2.bias - torch.Size([768]): 
Initialized by user-defined `init_weights` in iTPN_weijie  

backbone.blocks.13.norm1.weight - torch.Size([768]): 
Initialized by user-defined `init_weights` in iTPN_weijie  

backbone.blocks.13.norm1.bias - torch.Size([768]): 
Initialized by user-defined `init_weights` in iTPN_weijie  

backbone.blocks.13.attn.qkv.weight - torch.Size([2304, 768]): 
Initialized by user-defined `init_weights` in iTPN_weijie  

backbone.blocks.13.attn.qkv.bias - torch.Size([2304]): 
Initialized by user-defined `init_weights` in iTPN_weijie  

backbone.blocks.13.attn.proj.weight - torch.Size([768, 768]): 
Initialized by user-defined `init_weights` in iTPN_weijie  

backbone.blocks.13.attn.proj.bias - torch.Size([768]): 
Initialized by user-defined `init_weights` in iTPN_weijie  

backbone.blocks.13.norm2.weight - torch.Size([768]): 
Initialized by user-defined `init_weights` in iTPN_weijie  

backbone.blocks.13.norm2.bias - torch.Size([768]): 
Initialized by user-defined `init_weights` in iTPN_weijie  

backbone.blocks.13.mlp.fc1.weight - torch.Size([3072, 768]): 
Initialized by user-defined `init_weights` in iTPN_weijie  

backbone.blocks.13.mlp.fc1.bias - torch.Size([3072]): 
Initialized by user-defined `init_weights` in iTPN_weijie  

backbone.blocks.13.mlp.fc2.weight - torch.Size([768, 3072]): 
Initialized by user-defined `init_weights` in iTPN_weijie  

backbone.blocks.13.mlp.fc2.bias - torch.Size([768]): 
Initialized by user-defined `init_weights` in iTPN_weijie  

backbone.blocks.14.norm1.weight - torch.Size([768]): 
Initialized by user-defined `init_weights` in iTPN_weijie  

backbone.blocks.14.norm1.bias - torch.Size([768]): 
Initialized by user-defined `init_weights` in iTPN_weijie  

backbone.blocks.14.attn.qkv.weight - torch.Size([2304, 768]): 
Initialized by user-defined `init_weights` in iTPN_weijie  

backbone.blocks.14.attn.qkv.bias - torch.Size([2304]): 
Initialized by user-defined `init_weights` in iTPN_weijie  

backbone.blocks.14.attn.proj.weight - torch.Size([768, 768]): 
Initialized by user-defined `init_weights` in iTPN_weijie  

backbone.blocks.14.attn.proj.bias - torch.Size([768]): 
Initialized by user-defined `init_weights` in iTPN_weijie  

backbone.blocks.14.norm2.weight - torch.Size([768]): 
Initialized by user-defined `init_weights` in iTPN_weijie  

backbone.blocks.14.norm2.bias - torch.Size([768]): 
Initialized by user-defined `init_weights` in iTPN_weijie  

backbone.blocks.14.mlp.fc1.weight - torch.Size([3072, 768]): 
Initialized by user-defined `init_weights` in iTPN_weijie  

backbone.blocks.14.mlp.fc1.bias - torch.Size([3072]): 
Initialized by user-defined `init_weights` in iTPN_weijie  

backbone.blocks.14.mlp.fc2.weight - torch.Size([768, 3072]): 
Initialized by user-defined `init_weights` in iTPN_weijie  

backbone.blocks.14.mlp.fc2.bias - torch.Size([768]): 
Initialized by user-defined `init_weights` in iTPN_weijie  

backbone.blocks.15.norm1.weight - torch.Size([768]): 
Initialized by user-defined `init_weights` in iTPN_weijie  

backbone.blocks.15.norm1.bias - torch.Size([768]): 
Initialized by user-defined `init_weights` in iTPN_weijie  

backbone.blocks.15.attn.qkv.weight - torch.Size([2304, 768]): 
Initialized by user-defined `init_weights` in iTPN_weijie  

backbone.blocks.15.attn.qkv.bias - torch.Size([2304]): 
Initialized by user-defined `init_weights` in iTPN_weijie  

backbone.blocks.15.attn.proj.weight - torch.Size([768, 768]): 
Initialized by user-defined `init_weights` in iTPN_weijie  

backbone.blocks.15.attn.proj.bias - torch.Size([768]): 
Initialized by user-defined `init_weights` in iTPN_weijie  

backbone.blocks.15.norm2.weight - torch.Size([768]): 
Initialized by user-defined `init_weights` in iTPN_weijie  

backbone.blocks.15.norm2.bias - torch.Size([768]): 
Initialized by user-defined `init_weights` in iTPN_weijie  

backbone.blocks.15.mlp.fc1.weight - torch.Size([3072, 768]): 
Initialized by user-defined `init_weights` in iTPN_weijie  

backbone.blocks.15.mlp.fc1.bias - torch.Size([3072]): 
Initialized by user-defined `init_weights` in iTPN_weijie  

backbone.blocks.15.mlp.fc2.weight - torch.Size([768, 3072]): 
Initialized by user-defined `init_weights` in iTPN_weijie  

backbone.blocks.15.mlp.fc2.bias - torch.Size([768]): 
Initialized by user-defined `init_weights` in iTPN_weijie  

backbone.blocks.16.norm1.weight - torch.Size([768]): 
Initialized by user-defined `init_weights` in iTPN_weijie  

backbone.blocks.16.norm1.bias - torch.Size([768]): 
Initialized by user-defined `init_weights` in iTPN_weijie  

backbone.blocks.16.attn.qkv.weight - torch.Size([2304, 768]): 
Initialized by user-defined `init_weights` in iTPN_weijie  

backbone.blocks.16.attn.qkv.bias - torch.Size([2304]): 
Initialized by user-defined `init_weights` in iTPN_weijie  

backbone.blocks.16.attn.proj.weight - torch.Size([768, 768]): 
Initialized by user-defined `init_weights` in iTPN_weijie  

backbone.blocks.16.attn.proj.bias - torch.Size([768]): 
Initialized by user-defined `init_weights` in iTPN_weijie  

backbone.blocks.16.norm2.weight - torch.Size([768]): 
Initialized by user-defined `init_weights` in iTPN_weijie  

backbone.blocks.16.norm2.bias - torch.Size([768]): 
Initialized by user-defined `init_weights` in iTPN_weijie  

backbone.blocks.16.mlp.fc1.weight - torch.Size([3072, 768]): 
Initialized by user-defined `init_weights` in iTPN_weijie  

backbone.blocks.16.mlp.fc1.bias - torch.Size([3072]): 
Initialized by user-defined `init_weights` in iTPN_weijie  

backbone.blocks.16.mlp.fc2.weight - torch.Size([768, 3072]): 
Initialized by user-defined `init_weights` in iTPN_weijie  

backbone.blocks.16.mlp.fc2.bias - torch.Size([768]): 
Initialized by user-defined `init_weights` in iTPN_weijie  

backbone.blocks.17.norm1.weight - torch.Size([768]): 
Initialized by user-defined `init_weights` in iTPN_weijie  

backbone.blocks.17.norm1.bias - torch.Size([768]): 
Initialized by user-defined `init_weights` in iTPN_weijie  

backbone.blocks.17.attn.qkv.weight - torch.Size([2304, 768]): 
Initialized by user-defined `init_weights` in iTPN_weijie  

backbone.blocks.17.attn.qkv.bias - torch.Size([2304]): 
Initialized by user-defined `init_weights` in iTPN_weijie  

backbone.blocks.17.attn.proj.weight - torch.Size([768, 768]): 
Initialized by user-defined `init_weights` in iTPN_weijie  

backbone.blocks.17.attn.proj.bias - torch.Size([768]): 
Initialized by user-defined `init_weights` in iTPN_weijie  

backbone.blocks.17.norm2.weight - torch.Size([768]): 
Initialized by user-defined `init_weights` in iTPN_weijie  

backbone.blocks.17.norm2.bias - torch.Size([768]): 
Initialized by user-defined `init_weights` in iTPN_weijie  

backbone.blocks.17.mlp.fc1.weight - torch.Size([3072, 768]): 
Initialized by user-defined `init_weights` in iTPN_weijie  

backbone.blocks.17.mlp.fc1.bias - torch.Size([3072]): 
Initialized by user-defined `init_weights` in iTPN_weijie  

backbone.blocks.17.mlp.fc2.weight - torch.Size([768, 3072]): 
Initialized by user-defined `init_weights` in iTPN_weijie  

backbone.blocks.17.mlp.fc2.bias - torch.Size([768]): 
Initialized by user-defined `init_weights` in iTPN_weijie  

backbone.blocks.18.norm1.weight - torch.Size([768]): 
Initialized by user-defined `init_weights` in iTPN_weijie  

backbone.blocks.18.norm1.bias - torch.Size([768]): 
Initialized by user-defined `init_weights` in iTPN_weijie  

backbone.blocks.18.attn.qkv.weight - torch.Size([2304, 768]): 
Initialized by user-defined `init_weights` in iTPN_weijie  

backbone.blocks.18.attn.qkv.bias - torch.Size([2304]): 
Initialized by user-defined `init_weights` in iTPN_weijie  

backbone.blocks.18.attn.proj.weight - torch.Size([768, 768]): 
Initialized by user-defined `init_weights` in iTPN_weijie  

backbone.blocks.18.attn.proj.bias - torch.Size([768]): 
Initialized by user-defined `init_weights` in iTPN_weijie  

backbone.blocks.18.norm2.weight - torch.Size([768]): 
Initialized by user-defined `init_weights` in iTPN_weijie  

backbone.blocks.18.norm2.bias - torch.Size([768]): 
Initialized by user-defined `init_weights` in iTPN_weijie  

backbone.blocks.18.mlp.fc1.weight - torch.Size([3072, 768]): 
Initialized by user-defined `init_weights` in iTPN_weijie  

backbone.blocks.18.mlp.fc1.bias - torch.Size([3072]): 
Initialized by user-defined `init_weights` in iTPN_weijie  

backbone.blocks.18.mlp.fc2.weight - torch.Size([768, 3072]): 
Initialized by user-defined `init_weights` in iTPN_weijie  

backbone.blocks.18.mlp.fc2.bias - torch.Size([768]): 
Initialized by user-defined `init_weights` in iTPN_weijie  

backbone.blocks.19.norm1.weight - torch.Size([768]): 
Initialized by user-defined `init_weights` in iTPN_weijie  

backbone.blocks.19.norm1.bias - torch.Size([768]): 
Initialized by user-defined `init_weights` in iTPN_weijie  

backbone.blocks.19.attn.qkv.weight - torch.Size([2304, 768]): 
Initialized by user-defined `init_weights` in iTPN_weijie  

backbone.blocks.19.attn.qkv.bias - torch.Size([2304]): 
Initialized by user-defined `init_weights` in iTPN_weijie  

backbone.blocks.19.attn.proj.weight - torch.Size([768, 768]): 
Initialized by user-defined `init_weights` in iTPN_weijie  

backbone.blocks.19.attn.proj.bias - torch.Size([768]): 
Initialized by user-defined `init_weights` in iTPN_weijie  

backbone.blocks.19.norm2.weight - torch.Size([768]): 
Initialized by user-defined `init_weights` in iTPN_weijie  

backbone.blocks.19.norm2.bias - torch.Size([768]): 
Initialized by user-defined `init_weights` in iTPN_weijie  

backbone.blocks.19.mlp.fc1.weight - torch.Size([3072, 768]): 
Initialized by user-defined `init_weights` in iTPN_weijie  

backbone.blocks.19.mlp.fc1.bias - torch.Size([3072]): 
Initialized by user-defined `init_weights` in iTPN_weijie  

backbone.blocks.19.mlp.fc2.weight - torch.Size([768, 3072]): 
Initialized by user-defined `init_weights` in iTPN_weijie  

backbone.blocks.19.mlp.fc2.bias - torch.Size([768]): 
Initialized by user-defined `init_weights` in iTPN_weijie  

backbone.blocks.20.norm1.weight - torch.Size([768]): 
Initialized by user-defined `init_weights` in iTPN_weijie  

backbone.blocks.20.norm1.bias - torch.Size([768]): 
Initialized by user-defined `init_weights` in iTPN_weijie  

backbone.blocks.20.attn.qkv.weight - torch.Size([2304, 768]): 
Initialized by user-defined `init_weights` in iTPN_weijie  

backbone.blocks.20.attn.qkv.bias - torch.Size([2304]): 
Initialized by user-defined `init_weights` in iTPN_weijie  

backbone.blocks.20.attn.proj.weight - torch.Size([768, 768]): 
Initialized by user-defined `init_weights` in iTPN_weijie  

backbone.blocks.20.attn.proj.bias - torch.Size([768]): 
Initialized by user-defined `init_weights` in iTPN_weijie  

backbone.blocks.20.norm2.weight - torch.Size([768]): 
Initialized by user-defined `init_weights` in iTPN_weijie  

backbone.blocks.20.norm2.bias - torch.Size([768]): 
Initialized by user-defined `init_weights` in iTPN_weijie  

backbone.blocks.20.mlp.fc1.weight - torch.Size([3072, 768]): 
Initialized by user-defined `init_weights` in iTPN_weijie  

backbone.blocks.20.mlp.fc1.bias - torch.Size([3072]): 
Initialized by user-defined `init_weights` in iTPN_weijie  

backbone.blocks.20.mlp.fc2.weight - torch.Size([768, 3072]): 
Initialized by user-defined `init_weights` in iTPN_weijie  

backbone.blocks.20.mlp.fc2.bias - torch.Size([768]): 
Initialized by user-defined `init_weights` in iTPN_weijie  

backbone.blocks.21.norm1.weight - torch.Size([768]): 
Initialized by user-defined `init_weights` in iTPN_weijie  

backbone.blocks.21.norm1.bias - torch.Size([768]): 
Initialized by user-defined `init_weights` in iTPN_weijie  

backbone.blocks.21.attn.qkv.weight - torch.Size([2304, 768]): 
Initialized by user-defined `init_weights` in iTPN_weijie  

backbone.blocks.21.attn.qkv.bias - torch.Size([2304]): 
Initialized by user-defined `init_weights` in iTPN_weijie  

backbone.blocks.21.attn.proj.weight - torch.Size([768, 768]): 
Initialized by user-defined `init_weights` in iTPN_weijie  

backbone.blocks.21.attn.proj.bias - torch.Size([768]): 
Initialized by user-defined `init_weights` in iTPN_weijie  

backbone.blocks.21.norm2.weight - torch.Size([768]): 
Initialized by user-defined `init_weights` in iTPN_weijie  

backbone.blocks.21.norm2.bias - torch.Size([768]): 
Initialized by user-defined `init_weights` in iTPN_weijie  

backbone.blocks.21.mlp.fc1.weight - torch.Size([3072, 768]): 
Initialized by user-defined `init_weights` in iTPN_weijie  

backbone.blocks.21.mlp.fc1.bias - torch.Size([3072]): 
Initialized by user-defined `init_weights` in iTPN_weijie  

backbone.blocks.21.mlp.fc2.weight - torch.Size([768, 3072]): 
Initialized by user-defined `init_weights` in iTPN_weijie  

backbone.blocks.21.mlp.fc2.bias - torch.Size([768]): 
Initialized by user-defined `init_weights` in iTPN_weijie  

backbone.blocks.22.norm1.weight - torch.Size([768]): 
Initialized by user-defined `init_weights` in iTPN_weijie  

backbone.blocks.22.norm1.bias - torch.Size([768]): 
Initialized by user-defined `init_weights` in iTPN_weijie  

backbone.blocks.22.attn.qkv.weight - torch.Size([2304, 768]): 
Initialized by user-defined `init_weights` in iTPN_weijie  

backbone.blocks.22.attn.qkv.bias - torch.Size([2304]): 
Initialized by user-defined `init_weights` in iTPN_weijie  

backbone.blocks.22.attn.proj.weight - torch.Size([768, 768]): 
Initialized by user-defined `init_weights` in iTPN_weijie  

backbone.blocks.22.attn.proj.bias - torch.Size([768]): 
Initialized by user-defined `init_weights` in iTPN_weijie  

backbone.blocks.22.norm2.weight - torch.Size([768]): 
Initialized by user-defined `init_weights` in iTPN_weijie  

backbone.blocks.22.norm2.bias - torch.Size([768]): 
Initialized by user-defined `init_weights` in iTPN_weijie  

backbone.blocks.22.mlp.fc1.weight - torch.Size([3072, 768]): 
Initialized by user-defined `init_weights` in iTPN_weijie  

backbone.blocks.22.mlp.fc1.bias - torch.Size([3072]): 
Initialized by user-defined `init_weights` in iTPN_weijie  

backbone.blocks.22.mlp.fc2.weight - torch.Size([768, 3072]): 
Initialized by user-defined `init_weights` in iTPN_weijie  

backbone.blocks.22.mlp.fc2.bias - torch.Size([768]): 
Initialized by user-defined `init_weights` in iTPN_weijie  

backbone.blocks.23.norm1.weight - torch.Size([768]): 
Initialized by user-defined `init_weights` in iTPN_weijie  

backbone.blocks.23.norm1.bias - torch.Size([768]): 
Initialized by user-defined `init_weights` in iTPN_weijie  

backbone.blocks.23.attn.qkv.weight - torch.Size([2304, 768]): 
Initialized by user-defined `init_weights` in iTPN_weijie  

backbone.blocks.23.attn.qkv.bias - torch.Size([2304]): 
Initialized by user-defined `init_weights` in iTPN_weijie  

backbone.blocks.23.attn.proj.weight - torch.Size([768, 768]): 
Initialized by user-defined `init_weights` in iTPN_weijie  

backbone.blocks.23.attn.proj.bias - torch.Size([768]): 
Initialized by user-defined `init_weights` in iTPN_weijie  

backbone.blocks.23.norm2.weight - torch.Size([768]): 
Initialized by user-defined `init_weights` in iTPN_weijie  

backbone.blocks.23.norm2.bias - torch.Size([768]): 
Initialized by user-defined `init_weights` in iTPN_weijie  

backbone.blocks.23.mlp.fc1.weight - torch.Size([3072, 768]): 
Initialized by user-defined `init_weights` in iTPN_weijie  

backbone.blocks.23.mlp.fc1.bias - torch.Size([3072]): 
Initialized by user-defined `init_weights` in iTPN_weijie  

backbone.blocks.23.mlp.fc2.weight - torch.Size([768, 3072]): 
Initialized by user-defined `init_weights` in iTPN_weijie  

backbone.blocks.23.mlp.fc2.bias - torch.Size([768]): 
Initialized by user-defined `init_weights` in iTPN_weijie  

backbone.blocks.24.norm1.weight - torch.Size([768]): 
Initialized by user-defined `init_weights` in iTPN_weijie  

backbone.blocks.24.norm1.bias - torch.Size([768]): 
Initialized by user-defined `init_weights` in iTPN_weijie  

backbone.blocks.24.attn.qkv.weight - torch.Size([2304, 768]): 
Initialized by user-defined `init_weights` in iTPN_weijie  

backbone.blocks.24.attn.qkv.bias - torch.Size([2304]): 
Initialized by user-defined `init_weights` in iTPN_weijie  

backbone.blocks.24.attn.proj.weight - torch.Size([768, 768]): 
Initialized by user-defined `init_weights` in iTPN_weijie  

backbone.blocks.24.attn.proj.bias - torch.Size([768]): 
Initialized by user-defined `init_weights` in iTPN_weijie  

backbone.blocks.24.norm2.weight - torch.Size([768]): 
Initialized by user-defined `init_weights` in iTPN_weijie  

backbone.blocks.24.norm2.bias - torch.Size([768]): 
Initialized by user-defined `init_weights` in iTPN_weijie  

backbone.blocks.24.mlp.fc1.weight - torch.Size([3072, 768]): 
Initialized by user-defined `init_weights` in iTPN_weijie  

backbone.blocks.24.mlp.fc1.bias - torch.Size([3072]): 
Initialized by user-defined `init_weights` in iTPN_weijie  

backbone.blocks.24.mlp.fc2.weight - torch.Size([768, 3072]): 
Initialized by user-defined `init_weights` in iTPN_weijie  

backbone.blocks.24.mlp.fc2.bias - torch.Size([768]): 
Initialized by user-defined `init_weights` in iTPN_weijie  

backbone.blocks.25.norm1.weight - torch.Size([768]): 
Initialized by user-defined `init_weights` in iTPN_weijie  

backbone.blocks.25.norm1.bias - torch.Size([768]): 
Initialized by user-defined `init_weights` in iTPN_weijie  

backbone.blocks.25.attn.qkv.weight - torch.Size([2304, 768]): 
Initialized by user-defined `init_weights` in iTPN_weijie  

backbone.blocks.25.attn.qkv.bias - torch.Size([2304]): 
Initialized by user-defined `init_weights` in iTPN_weijie  

backbone.blocks.25.attn.proj.weight - torch.Size([768, 768]): 
Initialized by user-defined `init_weights` in iTPN_weijie  

backbone.blocks.25.attn.proj.bias - torch.Size([768]): 
Initialized by user-defined `init_weights` in iTPN_weijie  

backbone.blocks.25.norm2.weight - torch.Size([768]): 
Initialized by user-defined `init_weights` in iTPN_weijie  

backbone.blocks.25.norm2.bias - torch.Size([768]): 
Initialized by user-defined `init_weights` in iTPN_weijie  

backbone.blocks.25.mlp.fc1.weight - torch.Size([3072, 768]): 
Initialized by user-defined `init_weights` in iTPN_weijie  

backbone.blocks.25.mlp.fc1.bias - torch.Size([3072]): 
Initialized by user-defined `init_weights` in iTPN_weijie  

backbone.blocks.25.mlp.fc2.weight - torch.Size([768, 3072]): 
Initialized by user-defined `init_weights` in iTPN_weijie  

backbone.blocks.25.mlp.fc2.bias - torch.Size([768]): 
Initialized by user-defined `init_weights` in iTPN_weijie  

backbone.blocks.26.norm1.weight - torch.Size([768]): 
Initialized by user-defined `init_weights` in iTPN_weijie  

backbone.blocks.26.norm1.bias - torch.Size([768]): 
Initialized by user-defined `init_weights` in iTPN_weijie  

backbone.blocks.26.attn.qkv.weight - torch.Size([2304, 768]): 
Initialized by user-defined `init_weights` in iTPN_weijie  

backbone.blocks.26.attn.qkv.bias - torch.Size([2304]): 
Initialized by user-defined `init_weights` in iTPN_weijie  

backbone.blocks.26.attn.proj.weight - torch.Size([768, 768]): 
Initialized by user-defined `init_weights` in iTPN_weijie  

backbone.blocks.26.attn.proj.bias - torch.Size([768]): 
Initialized by user-defined `init_weights` in iTPN_weijie  

backbone.blocks.26.norm2.weight - torch.Size([768]): 
Initialized by user-defined `init_weights` in iTPN_weijie  

backbone.blocks.26.norm2.bias - torch.Size([768]): 
Initialized by user-defined `init_weights` in iTPN_weijie  

backbone.blocks.26.mlp.fc1.weight - torch.Size([3072, 768]): 
Initialized by user-defined `init_weights` in iTPN_weijie  

backbone.blocks.26.mlp.fc1.bias - torch.Size([3072]): 
Initialized by user-defined `init_weights` in iTPN_weijie  

backbone.blocks.26.mlp.fc2.weight - torch.Size([768, 3072]): 
Initialized by user-defined `init_weights` in iTPN_weijie  

backbone.blocks.26.mlp.fc2.bias - torch.Size([768]): 
Initialized by user-defined `init_weights` in iTPN_weijie  

backbone.blocks.27.norm1.weight - torch.Size([768]): 
Initialized by user-defined `init_weights` in iTPN_weijie  

backbone.blocks.27.norm1.bias - torch.Size([768]): 
Initialized by user-defined `init_weights` in iTPN_weijie  

backbone.blocks.27.attn.qkv.weight - torch.Size([2304, 768]): 
Initialized by user-defined `init_weights` in iTPN_weijie  

backbone.blocks.27.attn.qkv.bias - torch.Size([2304]): 
Initialized by user-defined `init_weights` in iTPN_weijie  

backbone.blocks.27.attn.proj.weight - torch.Size([768, 768]): 
Initialized by user-defined `init_weights` in iTPN_weijie  

backbone.blocks.27.attn.proj.bias - torch.Size([768]): 
Initialized by user-defined `init_weights` in iTPN_weijie  

backbone.blocks.27.norm2.weight - torch.Size([768]): 
Initialized by user-defined `init_weights` in iTPN_weijie  

backbone.blocks.27.norm2.bias - torch.Size([768]): 
Initialized by user-defined `init_weights` in iTPN_weijie  

backbone.blocks.27.mlp.fc1.weight - torch.Size([3072, 768]): 
Initialized by user-defined `init_weights` in iTPN_weijie  

backbone.blocks.27.mlp.fc1.bias - torch.Size([3072]): 
Initialized by user-defined `init_weights` in iTPN_weijie  

backbone.blocks.27.mlp.fc2.weight - torch.Size([768, 3072]): 
Initialized by user-defined `init_weights` in iTPN_weijie  

backbone.blocks.27.mlp.fc2.bias - torch.Size([768]): 
Initialized by user-defined `init_weights` in iTPN_weijie  

backbone.blocks.28.norm1.weight - torch.Size([768]): 
Initialized by user-defined `init_weights` in iTPN_weijie  

backbone.blocks.28.norm1.bias - torch.Size([768]): 
Initialized by user-defined `init_weights` in iTPN_weijie  

backbone.blocks.28.attn.qkv.weight - torch.Size([2304, 768]): 
Initialized by user-defined `init_weights` in iTPN_weijie  

backbone.blocks.28.attn.qkv.bias - torch.Size([2304]): 
Initialized by user-defined `init_weights` in iTPN_weijie  

backbone.blocks.28.attn.proj.weight - torch.Size([768, 768]): 
Initialized by user-defined `init_weights` in iTPN_weijie  

backbone.blocks.28.attn.proj.bias - torch.Size([768]): 
Initialized by user-defined `init_weights` in iTPN_weijie  

backbone.blocks.28.norm2.weight - torch.Size([768]): 
Initialized by user-defined `init_weights` in iTPN_weijie  

backbone.blocks.28.norm2.bias - torch.Size([768]): 
Initialized by user-defined `init_weights` in iTPN_weijie  

backbone.blocks.28.mlp.fc1.weight - torch.Size([3072, 768]): 
Initialized by user-defined `init_weights` in iTPN_weijie  

backbone.blocks.28.mlp.fc1.bias - torch.Size([3072]): 
Initialized by user-defined `init_weights` in iTPN_weijie  

backbone.blocks.28.mlp.fc2.weight - torch.Size([768, 3072]): 
Initialized by user-defined `init_weights` in iTPN_weijie  

backbone.blocks.28.mlp.fc2.bias - torch.Size([768]): 
Initialized by user-defined `init_weights` in iTPN_weijie  

backbone.blocks.29.norm1.weight - torch.Size([768]): 
Initialized by user-defined `init_weights` in iTPN_weijie  

backbone.blocks.29.norm1.bias - torch.Size([768]): 
Initialized by user-defined `init_weights` in iTPN_weijie  

backbone.blocks.29.attn.qkv.weight - torch.Size([2304, 768]): 
Initialized by user-defined `init_weights` in iTPN_weijie  

backbone.blocks.29.attn.qkv.bias - torch.Size([2304]): 
Initialized by user-defined `init_weights` in iTPN_weijie  

backbone.blocks.29.attn.proj.weight - torch.Size([768, 768]): 
Initialized by user-defined `init_weights` in iTPN_weijie  

backbone.blocks.29.attn.proj.bias - torch.Size([768]): 
Initialized by user-defined `init_weights` in iTPN_weijie  

backbone.blocks.29.norm2.weight - torch.Size([768]): 
Initialized by user-defined `init_weights` in iTPN_weijie  

backbone.blocks.29.norm2.bias - torch.Size([768]): 
Initialized by user-defined `init_weights` in iTPN_weijie  

backbone.blocks.29.mlp.fc1.weight - torch.Size([3072, 768]): 
Initialized by user-defined `init_weights` in iTPN_weijie  

backbone.blocks.29.mlp.fc1.bias - torch.Size([3072]): 
Initialized by user-defined `init_weights` in iTPN_weijie  

backbone.blocks.29.mlp.fc2.weight - torch.Size([768, 3072]): 
Initialized by user-defined `init_weights` in iTPN_weijie  

backbone.blocks.29.mlp.fc2.bias - torch.Size([768]): 
Initialized by user-defined `init_weights` in iTPN_weijie  

backbone.blocks.30.norm1.weight - torch.Size([768]): 
Initialized by user-defined `init_weights` in iTPN_weijie  

backbone.blocks.30.norm1.bias - torch.Size([768]): 
Initialized by user-defined `init_weights` in iTPN_weijie  

backbone.blocks.30.attn.qkv.weight - torch.Size([2304, 768]): 
Initialized by user-defined `init_weights` in iTPN_weijie  

backbone.blocks.30.attn.qkv.bias - torch.Size([2304]): 
Initialized by user-defined `init_weights` in iTPN_weijie  

backbone.blocks.30.attn.proj.weight - torch.Size([768, 768]): 
Initialized by user-defined `init_weights` in iTPN_weijie  

backbone.blocks.30.attn.proj.bias - torch.Size([768]): 
Initialized by user-defined `init_weights` in iTPN_weijie  

backbone.blocks.30.norm2.weight - torch.Size([768]): 
Initialized by user-defined `init_weights` in iTPN_weijie  

backbone.blocks.30.norm2.bias - torch.Size([768]): 
Initialized by user-defined `init_weights` in iTPN_weijie  

backbone.blocks.30.mlp.fc1.weight - torch.Size([3072, 768]): 
Initialized by user-defined `init_weights` in iTPN_weijie  

backbone.blocks.30.mlp.fc1.bias - torch.Size([3072]): 
Initialized by user-defined `init_weights` in iTPN_weijie  

backbone.blocks.30.mlp.fc2.weight - torch.Size([768, 3072]): 
Initialized by user-defined `init_weights` in iTPN_weijie  

backbone.blocks.30.mlp.fc2.bias - torch.Size([768]): 
Initialized by user-defined `init_weights` in iTPN_weijie  

backbone.blocks.31.norm1.weight - torch.Size([768]): 
Initialized by user-defined `init_weights` in iTPN_weijie  

backbone.blocks.31.norm1.bias - torch.Size([768]): 
Initialized by user-defined `init_weights` in iTPN_weijie  

backbone.blocks.31.attn.qkv.weight - torch.Size([2304, 768]): 
Initialized by user-defined `init_weights` in iTPN_weijie  

backbone.blocks.31.attn.qkv.bias - torch.Size([2304]): 
Initialized by user-defined `init_weights` in iTPN_weijie  

backbone.blocks.31.attn.proj.weight - torch.Size([768, 768]): 
Initialized by user-defined `init_weights` in iTPN_weijie  

backbone.blocks.31.attn.proj.bias - torch.Size([768]): 
Initialized by user-defined `init_weights` in iTPN_weijie  

backbone.blocks.31.norm2.weight - torch.Size([768]): 
Initialized by user-defined `init_weights` in iTPN_weijie  

backbone.blocks.31.norm2.bias - torch.Size([768]): 
Initialized by user-defined `init_weights` in iTPN_weijie  

backbone.blocks.31.mlp.fc1.weight - torch.Size([3072, 768]): 
Initialized by user-defined `init_weights` in iTPN_weijie  

backbone.blocks.31.mlp.fc1.bias - torch.Size([3072]): 
Initialized by user-defined `init_weights` in iTPN_weijie  

backbone.blocks.31.mlp.fc2.weight - torch.Size([768, 3072]): 
Initialized by user-defined `init_weights` in iTPN_weijie  

backbone.blocks.31.mlp.fc2.bias - torch.Size([768]): 
Initialized by user-defined `init_weights` in iTPN_weijie  

backbone.blocks.32.norm1.weight - torch.Size([768]): 
Initialized by user-defined `init_weights` in iTPN_weijie  

backbone.blocks.32.norm1.bias - torch.Size([768]): 
Initialized by user-defined `init_weights` in iTPN_weijie  

backbone.blocks.32.attn.qkv.weight - torch.Size([2304, 768]): 
Initialized by user-defined `init_weights` in iTPN_weijie  

backbone.blocks.32.attn.qkv.bias - torch.Size([2304]): 
Initialized by user-defined `init_weights` in iTPN_weijie  

backbone.blocks.32.attn.proj.weight - torch.Size([768, 768]): 
Initialized by user-defined `init_weights` in iTPN_weijie  

backbone.blocks.32.attn.proj.bias - torch.Size([768]): 
Initialized by user-defined `init_weights` in iTPN_weijie  

backbone.blocks.32.norm2.weight - torch.Size([768]): 
Initialized by user-defined `init_weights` in iTPN_weijie  

backbone.blocks.32.norm2.bias - torch.Size([768]): 
Initialized by user-defined `init_weights` in iTPN_weijie  

backbone.blocks.32.mlp.fc1.weight - torch.Size([3072, 768]): 
Initialized by user-defined `init_weights` in iTPN_weijie  

backbone.blocks.32.mlp.fc1.bias - torch.Size([3072]): 
Initialized by user-defined `init_weights` in iTPN_weijie  

backbone.blocks.32.mlp.fc2.weight - torch.Size([768, 3072]): 
Initialized by user-defined `init_weights` in iTPN_weijie  

backbone.blocks.32.mlp.fc2.bias - torch.Size([768]): 
Initialized by user-defined `init_weights` in iTPN_weijie  

backbone.blocks.33.norm1.weight - torch.Size([768]): 
Initialized by user-defined `init_weights` in iTPN_weijie  

backbone.blocks.33.norm1.bias - torch.Size([768]): 
Initialized by user-defined `init_weights` in iTPN_weijie  

backbone.blocks.33.attn.qkv.weight - torch.Size([2304, 768]): 
Initialized by user-defined `init_weights` in iTPN_weijie  

backbone.blocks.33.attn.qkv.bias - torch.Size([2304]): 
Initialized by user-defined `init_weights` in iTPN_weijie  

backbone.blocks.33.attn.proj.weight - torch.Size([768, 768]): 
Initialized by user-defined `init_weights` in iTPN_weijie  

backbone.blocks.33.attn.proj.bias - torch.Size([768]): 
Initialized by user-defined `init_weights` in iTPN_weijie  

backbone.blocks.33.norm2.weight - torch.Size([768]): 
Initialized by user-defined `init_weights` in iTPN_weijie  

backbone.blocks.33.norm2.bias - torch.Size([768]): 
Initialized by user-defined `init_weights` in iTPN_weijie  

backbone.blocks.33.mlp.fc1.weight - torch.Size([3072, 768]): 
Initialized by user-defined `init_weights` in iTPN_weijie  

backbone.blocks.33.mlp.fc1.bias - torch.Size([3072]): 
Initialized by user-defined `init_weights` in iTPN_weijie  

backbone.blocks.33.mlp.fc2.weight - torch.Size([768, 3072]): 
Initialized by user-defined `init_weights` in iTPN_weijie  

backbone.blocks.33.mlp.fc2.bias - torch.Size([768]): 
Initialized by user-defined `init_weights` in iTPN_weijie  

backbone.blocks.34.norm1.weight - torch.Size([768]): 
Initialized by user-defined `init_weights` in iTPN_weijie  

backbone.blocks.34.norm1.bias - torch.Size([768]): 
Initialized by user-defined `init_weights` in iTPN_weijie  

backbone.blocks.34.attn.qkv.weight - torch.Size([2304, 768]): 
Initialized by user-defined `init_weights` in iTPN_weijie  

backbone.blocks.34.attn.qkv.bias - torch.Size([2304]): 
Initialized by user-defined `init_weights` in iTPN_weijie  

backbone.blocks.34.attn.proj.weight - torch.Size([768, 768]): 
Initialized by user-defined `init_weights` in iTPN_weijie  

backbone.blocks.34.attn.proj.bias - torch.Size([768]): 
Initialized by user-defined `init_weights` in iTPN_weijie  

backbone.blocks.34.norm2.weight - torch.Size([768]): 
Initialized by user-defined `init_weights` in iTPN_weijie  

backbone.blocks.34.norm2.bias - torch.Size([768]): 
Initialized by user-defined `init_weights` in iTPN_weijie  

backbone.blocks.34.mlp.fc1.weight - torch.Size([3072, 768]): 
Initialized by user-defined `init_weights` in iTPN_weijie  

backbone.blocks.34.mlp.fc1.bias - torch.Size([3072]): 
Initialized by user-defined `init_weights` in iTPN_weijie  

backbone.blocks.34.mlp.fc2.weight - torch.Size([768, 3072]): 
Initialized by user-defined `init_weights` in iTPN_weijie  

backbone.blocks.34.mlp.fc2.bias - torch.Size([768]): 
Initialized by user-defined `init_weights` in iTPN_weijie  

backbone.blocks.35.norm1.weight - torch.Size([768]): 
Initialized by user-defined `init_weights` in iTPN_weijie  

backbone.blocks.35.norm1.bias - torch.Size([768]): 
Initialized by user-defined `init_weights` in iTPN_weijie  

backbone.blocks.35.attn.qkv.weight - torch.Size([2304, 768]): 
Initialized by user-defined `init_weights` in iTPN_weijie  

backbone.blocks.35.attn.qkv.bias - torch.Size([2304]): 
Initialized by user-defined `init_weights` in iTPN_weijie  

backbone.blocks.35.attn.proj.weight - torch.Size([768, 768]): 
Initialized by user-defined `init_weights` in iTPN_weijie  

backbone.blocks.35.attn.proj.bias - torch.Size([768]): 
Initialized by user-defined `init_weights` in iTPN_weijie  

backbone.blocks.35.norm2.weight - torch.Size([768]): 
Initialized by user-defined `init_weights` in iTPN_weijie  

backbone.blocks.35.norm2.bias - torch.Size([768]): 
Initialized by user-defined `init_weights` in iTPN_weijie  

backbone.blocks.35.mlp.fc1.weight - torch.Size([3072, 768]): 
Initialized by user-defined `init_weights` in iTPN_weijie  

backbone.blocks.35.mlp.fc1.bias - torch.Size([3072]): 
Initialized by user-defined `init_weights` in iTPN_weijie  

backbone.blocks.35.mlp.fc2.weight - torch.Size([768, 3072]): 
Initialized by user-defined `init_weights` in iTPN_weijie  

backbone.blocks.35.mlp.fc2.bias - torch.Size([768]): 
Initialized by user-defined `init_weights` in iTPN_weijie  

backbone.blocks.36.norm1.weight - torch.Size([768]): 
Initialized by user-defined `init_weights` in iTPN_weijie  

backbone.blocks.36.norm1.bias - torch.Size([768]): 
Initialized by user-defined `init_weights` in iTPN_weijie  

backbone.blocks.36.attn.qkv.weight - torch.Size([2304, 768]): 
Initialized by user-defined `init_weights` in iTPN_weijie  

backbone.blocks.36.attn.qkv.bias - torch.Size([2304]): 
Initialized by user-defined `init_weights` in iTPN_weijie  

backbone.blocks.36.attn.proj.weight - torch.Size([768, 768]): 
Initialized by user-defined `init_weights` in iTPN_weijie  

backbone.blocks.36.attn.proj.bias - torch.Size([768]): 
Initialized by user-defined `init_weights` in iTPN_weijie  

backbone.blocks.36.norm2.weight - torch.Size([768]): 
Initialized by user-defined `init_weights` in iTPN_weijie  

backbone.blocks.36.norm2.bias - torch.Size([768]): 
Initialized by user-defined `init_weights` in iTPN_weijie  

backbone.blocks.36.mlp.fc1.weight - torch.Size([3072, 768]): 
Initialized by user-defined `init_weights` in iTPN_weijie  

backbone.blocks.36.mlp.fc1.bias - torch.Size([3072]): 
Initialized by user-defined `init_weights` in iTPN_weijie  

backbone.blocks.36.mlp.fc2.weight - torch.Size([768, 3072]): 
Initialized by user-defined `init_weights` in iTPN_weijie  

backbone.blocks.36.mlp.fc2.bias - torch.Size([768]): 
Initialized by user-defined `init_weights` in iTPN_weijie  

backbone.blocks.37.norm1.weight - torch.Size([768]): 
Initialized by user-defined `init_weights` in iTPN_weijie  

backbone.blocks.37.norm1.bias - torch.Size([768]): 
Initialized by user-defined `init_weights` in iTPN_weijie  

backbone.blocks.37.attn.qkv.weight - torch.Size([2304, 768]): 
Initialized by user-defined `init_weights` in iTPN_weijie  

backbone.blocks.37.attn.qkv.bias - torch.Size([2304]): 
Initialized by user-defined `init_weights` in iTPN_weijie  

backbone.blocks.37.attn.proj.weight - torch.Size([768, 768]): 
Initialized by user-defined `init_weights` in iTPN_weijie  

backbone.blocks.37.attn.proj.bias - torch.Size([768]): 
Initialized by user-defined `init_weights` in iTPN_weijie  

backbone.blocks.37.norm2.weight - torch.Size([768]): 
Initialized by user-defined `init_weights` in iTPN_weijie  

backbone.blocks.37.norm2.bias - torch.Size([768]): 
Initialized by user-defined `init_weights` in iTPN_weijie  

backbone.blocks.37.mlp.fc1.weight - torch.Size([3072, 768]): 
Initialized by user-defined `init_weights` in iTPN_weijie  

backbone.blocks.37.mlp.fc1.bias - torch.Size([3072]): 
Initialized by user-defined `init_weights` in iTPN_weijie  

backbone.blocks.37.mlp.fc2.weight - torch.Size([768, 3072]): 
Initialized by user-defined `init_weights` in iTPN_weijie  

backbone.blocks.37.mlp.fc2.bias - torch.Size([768]): 
Initialized by user-defined `init_weights` in iTPN_weijie  

backbone.blocks.38.norm1.weight - torch.Size([768]): 
Initialized by user-defined `init_weights` in iTPN_weijie  

backbone.blocks.38.norm1.bias - torch.Size([768]): 
Initialized by user-defined `init_weights` in iTPN_weijie  

backbone.blocks.38.attn.qkv.weight - torch.Size([2304, 768]): 
Initialized by user-defined `init_weights` in iTPN_weijie  

backbone.blocks.38.attn.qkv.bias - torch.Size([2304]): 
Initialized by user-defined `init_weights` in iTPN_weijie  

backbone.blocks.38.attn.proj.weight - torch.Size([768, 768]): 
Initialized by user-defined `init_weights` in iTPN_weijie  

backbone.blocks.38.attn.proj.bias - torch.Size([768]): 
Initialized by user-defined `init_weights` in iTPN_weijie  

backbone.blocks.38.norm2.weight - torch.Size([768]): 
Initialized by user-defined `init_weights` in iTPN_weijie  

backbone.blocks.38.norm2.bias - torch.Size([768]): 
Initialized by user-defined `init_weights` in iTPN_weijie  

backbone.blocks.38.mlp.fc1.weight - torch.Size([3072, 768]): 
Initialized by user-defined `init_weights` in iTPN_weijie  

backbone.blocks.38.mlp.fc1.bias - torch.Size([3072]): 
Initialized by user-defined `init_weights` in iTPN_weijie  

backbone.blocks.38.mlp.fc2.weight - torch.Size([768, 3072]): 
Initialized by user-defined `init_weights` in iTPN_weijie  

backbone.blocks.38.mlp.fc2.bias - torch.Size([768]): 
Initialized by user-defined `init_weights` in iTPN_weijie  

backbone.blocks.39.norm1.weight - torch.Size([768]): 
Initialized by user-defined `init_weights` in iTPN_weijie  

backbone.blocks.39.norm1.bias - torch.Size([768]): 
Initialized by user-defined `init_weights` in iTPN_weijie  

backbone.blocks.39.attn.qkv.weight - torch.Size([2304, 768]): 
Initialized by user-defined `init_weights` in iTPN_weijie  

backbone.blocks.39.attn.qkv.bias - torch.Size([2304]): 
Initialized by user-defined `init_weights` in iTPN_weijie  

backbone.blocks.39.attn.proj.weight - torch.Size([768, 768]): 
Initialized by user-defined `init_weights` in iTPN_weijie  

backbone.blocks.39.attn.proj.bias - torch.Size([768]): 
Initialized by user-defined `init_weights` in iTPN_weijie  

backbone.blocks.39.norm2.weight - torch.Size([768]): 
Initialized by user-defined `init_weights` in iTPN_weijie  

backbone.blocks.39.norm2.bias - torch.Size([768]): 
Initialized by user-defined `init_weights` in iTPN_weijie  

backbone.blocks.39.mlp.fc1.weight - torch.Size([3072, 768]): 
Initialized by user-defined `init_weights` in iTPN_weijie  

backbone.blocks.39.mlp.fc1.bias - torch.Size([3072]): 
Initialized by user-defined `init_weights` in iTPN_weijie  

backbone.blocks.39.mlp.fc2.weight - torch.Size([768, 3072]): 
Initialized by user-defined `init_weights` in iTPN_weijie  

backbone.blocks.39.mlp.fc2.bias - torch.Size([768]): 
Initialized by user-defined `init_weights` in iTPN_weijie  

backbone.blocks.40.norm1.weight - torch.Size([768]): 
Initialized by user-defined `init_weights` in iTPN_weijie  

backbone.blocks.40.norm1.bias - torch.Size([768]): 
Initialized by user-defined `init_weights` in iTPN_weijie  

backbone.blocks.40.attn.qkv.weight - torch.Size([2304, 768]): 
Initialized by user-defined `init_weights` in iTPN_weijie  

backbone.blocks.40.attn.qkv.bias - torch.Size([2304]): 
Initialized by user-defined `init_weights` in iTPN_weijie  

backbone.blocks.40.attn.proj.weight - torch.Size([768, 768]): 
Initialized by user-defined `init_weights` in iTPN_weijie  

backbone.blocks.40.attn.proj.bias - torch.Size([768]): 
Initialized by user-defined `init_weights` in iTPN_weijie  

backbone.blocks.40.norm2.weight - torch.Size([768]): 
Initialized by user-defined `init_weights` in iTPN_weijie  

backbone.blocks.40.norm2.bias - torch.Size([768]): 
Initialized by user-defined `init_weights` in iTPN_weijie  

backbone.blocks.40.mlp.fc1.weight - torch.Size([3072, 768]): 
Initialized by user-defined `init_weights` in iTPN_weijie  

backbone.blocks.40.mlp.fc1.bias - torch.Size([3072]): 
Initialized by user-defined `init_weights` in iTPN_weijie  

backbone.blocks.40.mlp.fc2.weight - torch.Size([768, 3072]): 
Initialized by user-defined `init_weights` in iTPN_weijie  

backbone.blocks.40.mlp.fc2.bias - torch.Size([768]): 
Initialized by user-defined `init_weights` in iTPN_weijie  

backbone.blocks.41.norm1.weight - torch.Size([768]): 
Initialized by user-defined `init_weights` in iTPN_weijie  

backbone.blocks.41.norm1.bias - torch.Size([768]): 
Initialized by user-defined `init_weights` in iTPN_weijie  

backbone.blocks.41.attn.qkv.weight - torch.Size([2304, 768]): 
Initialized by user-defined `init_weights` in iTPN_weijie  

backbone.blocks.41.attn.qkv.bias - torch.Size([2304]): 
Initialized by user-defined `init_weights` in iTPN_weijie  

backbone.blocks.41.attn.proj.weight - torch.Size([768, 768]): 
Initialized by user-defined `init_weights` in iTPN_weijie  

backbone.blocks.41.attn.proj.bias - torch.Size([768]): 
Initialized by user-defined `init_weights` in iTPN_weijie  

backbone.blocks.41.norm2.weight - torch.Size([768]): 
Initialized by user-defined `init_weights` in iTPN_weijie  

backbone.blocks.41.norm2.bias - torch.Size([768]): 
Initialized by user-defined `init_weights` in iTPN_weijie  

backbone.blocks.41.mlp.fc1.weight - torch.Size([3072, 768]): 
Initialized by user-defined `init_weights` in iTPN_weijie  

backbone.blocks.41.mlp.fc1.bias - torch.Size([3072]): 
Initialized by user-defined `init_weights` in iTPN_weijie  

backbone.blocks.41.mlp.fc2.weight - torch.Size([768, 3072]): 
Initialized by user-defined `init_weights` in iTPN_weijie  

backbone.blocks.41.mlp.fc2.bias - torch.Size([768]): 
Initialized by user-defined `init_weights` in iTPN_weijie  

backbone.blocks.42.norm1.weight - torch.Size([768]): 
Initialized by user-defined `init_weights` in iTPN_weijie  

backbone.blocks.42.norm1.bias - torch.Size([768]): 
Initialized by user-defined `init_weights` in iTPN_weijie  

backbone.blocks.42.attn.qkv.weight - torch.Size([2304, 768]): 
Initialized by user-defined `init_weights` in iTPN_weijie  

backbone.blocks.42.attn.qkv.bias - torch.Size([2304]): 
Initialized by user-defined `init_weights` in iTPN_weijie  

backbone.blocks.42.attn.proj.weight - torch.Size([768, 768]): 
Initialized by user-defined `init_weights` in iTPN_weijie  

backbone.blocks.42.attn.proj.bias - torch.Size([768]): 
Initialized by user-defined `init_weights` in iTPN_weijie  

backbone.blocks.42.norm2.weight - torch.Size([768]): 
Initialized by user-defined `init_weights` in iTPN_weijie  

backbone.blocks.42.norm2.bias - torch.Size([768]): 
Initialized by user-defined `init_weights` in iTPN_weijie  

backbone.blocks.42.mlp.fc1.weight - torch.Size([3072, 768]): 
Initialized by user-defined `init_weights` in iTPN_weijie  

backbone.blocks.42.mlp.fc1.bias - torch.Size([3072]): 
Initialized by user-defined `init_weights` in iTPN_weijie  

backbone.blocks.42.mlp.fc2.weight - torch.Size([768, 3072]): 
Initialized by user-defined `init_weights` in iTPN_weijie  

backbone.blocks.42.mlp.fc2.bias - torch.Size([768]): 
Initialized by user-defined `init_weights` in iTPN_weijie  

backbone.blocks.43.norm1.weight - torch.Size([768]): 
Initialized by user-defined `init_weights` in iTPN_weijie  

backbone.blocks.43.norm1.bias - torch.Size([768]): 
Initialized by user-defined `init_weights` in iTPN_weijie  

backbone.blocks.43.attn.qkv.weight - torch.Size([2304, 768]): 
Initialized by user-defined `init_weights` in iTPN_weijie  

backbone.blocks.43.attn.qkv.bias - torch.Size([2304]): 
Initialized by user-defined `init_weights` in iTPN_weijie  

backbone.blocks.43.attn.proj.weight - torch.Size([768, 768]): 
Initialized by user-defined `init_weights` in iTPN_weijie  

backbone.blocks.43.attn.proj.bias - torch.Size([768]): 
Initialized by user-defined `init_weights` in iTPN_weijie  

backbone.blocks.43.norm2.weight - torch.Size([768]): 
Initialized by user-defined `init_weights` in iTPN_weijie  

backbone.blocks.43.norm2.bias - torch.Size([768]): 
Initialized by user-defined `init_weights` in iTPN_weijie  

backbone.blocks.43.mlp.fc1.weight - torch.Size([3072, 768]): 
Initialized by user-defined `init_weights` in iTPN_weijie  

backbone.blocks.43.mlp.fc1.bias - torch.Size([3072]): 
Initialized by user-defined `init_weights` in iTPN_weijie  

backbone.blocks.43.mlp.fc2.weight - torch.Size([768, 3072]): 
Initialized by user-defined `init_weights` in iTPN_weijie  

backbone.blocks.43.mlp.fc2.bias - torch.Size([768]): 
Initialized by user-defined `init_weights` in iTPN_weijie  

backbone.blocks.44.norm1.weight - torch.Size([768]): 
Initialized by user-defined `init_weights` in iTPN_weijie  

backbone.blocks.44.norm1.bias - torch.Size([768]): 
Initialized by user-defined `init_weights` in iTPN_weijie  

backbone.blocks.44.attn.qkv.weight - torch.Size([2304, 768]): 
Initialized by user-defined `init_weights` in iTPN_weijie  

backbone.blocks.44.attn.qkv.bias - torch.Size([2304]): 
Initialized by user-defined `init_weights` in iTPN_weijie  

backbone.blocks.44.attn.proj.weight - torch.Size([768, 768]): 
Initialized by user-defined `init_weights` in iTPN_weijie  

backbone.blocks.44.attn.proj.bias - torch.Size([768]): 
Initialized by user-defined `init_weights` in iTPN_weijie  

backbone.blocks.44.norm2.weight - torch.Size([768]): 
Initialized by user-defined `init_weights` in iTPN_weijie  

backbone.blocks.44.norm2.bias - torch.Size([768]): 
Initialized by user-defined `init_weights` in iTPN_weijie  

backbone.blocks.44.mlp.fc1.weight - torch.Size([3072, 768]): 
Initialized by user-defined `init_weights` in iTPN_weijie  

backbone.blocks.44.mlp.fc1.bias - torch.Size([3072]): 
Initialized by user-defined `init_weights` in iTPN_weijie  

backbone.blocks.44.mlp.fc2.weight - torch.Size([768, 3072]): 
Initialized by user-defined `init_weights` in iTPN_weijie  

backbone.blocks.44.mlp.fc2.bias - torch.Size([768]): 
Initialized by user-defined `init_weights` in iTPN_weijie  

backbone.blocks.45.norm1.weight - torch.Size([768]): 
Initialized by user-defined `init_weights` in iTPN_weijie  

backbone.blocks.45.norm1.bias - torch.Size([768]): 
Initialized by user-defined `init_weights` in iTPN_weijie  

backbone.blocks.45.attn.qkv.weight - torch.Size([2304, 768]): 
Initialized by user-defined `init_weights` in iTPN_weijie  

backbone.blocks.45.attn.qkv.bias - torch.Size([2304]): 
Initialized by user-defined `init_weights` in iTPN_weijie  

backbone.blocks.45.attn.proj.weight - torch.Size([768, 768]): 
Initialized by user-defined `init_weights` in iTPN_weijie  

backbone.blocks.45.attn.proj.bias - torch.Size([768]): 
Initialized by user-defined `init_weights` in iTPN_weijie  

backbone.blocks.45.norm2.weight - torch.Size([768]): 
Initialized by user-defined `init_weights` in iTPN_weijie  

backbone.blocks.45.norm2.bias - torch.Size([768]): 
Initialized by user-defined `init_weights` in iTPN_weijie  

backbone.blocks.45.mlp.fc1.weight - torch.Size([3072, 768]): 
Initialized by user-defined `init_weights` in iTPN_weijie  

backbone.blocks.45.mlp.fc1.bias - torch.Size([3072]): 
Initialized by user-defined `init_weights` in iTPN_weijie  

backbone.blocks.45.mlp.fc2.weight - torch.Size([768, 3072]): 
Initialized by user-defined `init_weights` in iTPN_weijie  

backbone.blocks.45.mlp.fc2.bias - torch.Size([768]): 
Initialized by user-defined `init_weights` in iTPN_weijie  

backbone.align_dim_16tofpn.weight - torch.Size([256, 768]): 
Initialized by user-defined `init_weights` in iTPN_weijie  

backbone.align_dim_16tofpn.bias - torch.Size([256]): 
Initialized by user-defined `init_weights` in iTPN_weijie  

backbone.fpn_modules.0.norm2.weight - torch.Size([256]): 
Initialized by user-defined `init_weights` in iTPN_weijie  

backbone.fpn_modules.0.norm2.bias - torch.Size([256]): 
Initialized by user-defined `init_weights` in iTPN_weijie  

backbone.fpn_modules.0.mlp.fc1.weight - torch.Size([1024, 256]): 
Initialized by user-defined `init_weights` in iTPN_weijie  

backbone.fpn_modules.0.mlp.fc1.bias - torch.Size([1024]): 
Initialized by user-defined `init_weights` in iTPN_weijie  

backbone.fpn_modules.0.mlp.fc2.weight - torch.Size([256, 1024]): 
Initialized by user-defined `init_weights` in iTPN_weijie  

backbone.fpn_modules.0.mlp.fc2.bias - torch.Size([256]): 
Initialized by user-defined `init_weights` in iTPN_weijie  

backbone.fpn_modules.1.norm2.weight - torch.Size([256]): 
Initialized by user-defined `init_weights` in iTPN_weijie  

backbone.fpn_modules.1.norm2.bias - torch.Size([256]): 
Initialized by user-defined `init_weights` in iTPN_weijie  

backbone.fpn_modules.1.mlp.fc1.weight - torch.Size([1024, 256]): 
Initialized by user-defined `init_weights` in iTPN_weijie  

backbone.fpn_modules.1.mlp.fc1.bias - torch.Size([1024]): 
Initialized by user-defined `init_weights` in iTPN_weijie  

backbone.fpn_modules.1.mlp.fc2.weight - torch.Size([256, 1024]): 
Initialized by user-defined `init_weights` in iTPN_weijie  

backbone.fpn_modules.1.mlp.fc2.bias - torch.Size([256]): 
Initialized by user-defined `init_weights` in iTPN_weijie  

backbone.fpn_modules.2.norm2.weight - torch.Size([256]): 
Initialized by user-defined `init_weights` in iTPN_weijie  

backbone.fpn_modules.2.norm2.bias - torch.Size([256]): 
Initialized by user-defined `init_weights` in iTPN_weijie  

backbone.fpn_modules.2.mlp.fc1.weight - torch.Size([1024, 256]): 
Initialized by user-defined `init_weights` in iTPN_weijie  

backbone.fpn_modules.2.mlp.fc1.bias - torch.Size([1024]): 
Initialized by user-defined `init_weights` in iTPN_weijie  

backbone.fpn_modules.2.mlp.fc2.weight - torch.Size([256, 1024]): 
Initialized by user-defined `init_weights` in iTPN_weijie  

backbone.fpn_modules.2.mlp.fc2.bias - torch.Size([256]): 
Initialized by user-defined `init_weights` in iTPN_weijie  

backbone.align_dim_16to8.weight - torch.Size([256, 384]): 
Initialized by user-defined `init_weights` in iTPN_weijie  

backbone.split_16to8.norm.weight - torch.Size([768]): 
Initialized by user-defined `init_weights` in iTPN_weijie  

backbone.split_16to8.norm.bias - torch.Size([768]): 
Initialized by user-defined `init_weights` in iTPN_weijie  

backbone.split_16to8.reduction.weight - torch.Size([1024, 768]): 
Initialized by user-defined `init_weights` in iTPN_weijie  

backbone.block_16to8.0.norm2.weight - torch.Size([256]): 
Initialized by user-defined `init_weights` in iTPN_weijie  

backbone.block_16to8.0.norm2.bias - torch.Size([256]): 
Initialized by user-defined `init_weights` in iTPN_weijie  

backbone.block_16to8.0.mlp.fc1.weight - torch.Size([1024, 256]): 
Initialized by user-defined `init_weights` in iTPN_weijie  

backbone.block_16to8.0.mlp.fc1.bias - torch.Size([1024]): 
Initialized by user-defined `init_weights` in iTPN_weijie  

backbone.block_16to8.0.mlp.fc2.weight - torch.Size([256, 1024]): 
Initialized by user-defined `init_weights` in iTPN_weijie  

backbone.block_16to8.0.mlp.fc2.bias - torch.Size([256]): 
Initialized by user-defined `init_weights` in iTPN_weijie  

backbone.block_16to8.1.norm2.weight - torch.Size([256]): 
Initialized by user-defined `init_weights` in iTPN_weijie  

backbone.block_16to8.1.norm2.bias - torch.Size([256]): 
Initialized by user-defined `init_weights` in iTPN_weijie  

backbone.block_16to8.1.mlp.fc1.weight - torch.Size([1024, 256]): 
Initialized by user-defined `init_weights` in iTPN_weijie  

backbone.block_16to8.1.mlp.fc1.bias - torch.Size([1024]): 
Initialized by user-defined `init_weights` in iTPN_weijie  

backbone.block_16to8.1.mlp.fc2.weight - torch.Size([256, 1024]): 
Initialized by user-defined `init_weights` in iTPN_weijie  

backbone.block_16to8.1.mlp.fc2.bias - torch.Size([256]): 
Initialized by user-defined `init_weights` in iTPN_weijie  

backbone.align_dim_8to4.weight - torch.Size([256, 192]): 
Initialized by user-defined `init_weights` in iTPN_weijie  

backbone.split_8to4.norm.weight - torch.Size([256]): 
Initialized by user-defined `init_weights` in iTPN_weijie  

backbone.split_8to4.norm.bias - torch.Size([256]): 
Initialized by user-defined `init_weights` in iTPN_weijie  

backbone.split_8to4.reduction.weight - torch.Size([1024, 256]): 
Initialized by user-defined `init_weights` in iTPN_weijie  

backbone.block_8to4.0.norm2.weight - torch.Size([256]): 
Initialized by user-defined `init_weights` in iTPN_weijie  

backbone.block_8to4.0.norm2.bias - torch.Size([256]): 
Initialized by user-defined `init_weights` in iTPN_weijie  

backbone.block_8to4.0.mlp.fc1.weight - torch.Size([1024, 256]): 
Initialized by user-defined `init_weights` in iTPN_weijie  

backbone.block_8to4.0.mlp.fc1.bias - torch.Size([1024]): 
Initialized by user-defined `init_weights` in iTPN_weijie  

backbone.block_8to4.0.mlp.fc2.weight - torch.Size([256, 1024]): 
Initialized by user-defined `init_weights` in iTPN_weijie  

backbone.block_8to4.0.mlp.fc2.bias - torch.Size([256]): 
Initialized by user-defined `init_weights` in iTPN_weijie  

backbone.block_8to4.1.norm2.weight - torch.Size([256]): 
Initialized by user-defined `init_weights` in iTPN_weijie  

backbone.block_8to4.1.norm2.bias - torch.Size([256]): 
Initialized by user-defined `init_weights` in iTPN_weijie  

backbone.block_8to4.1.mlp.fc1.weight - torch.Size([1024, 256]): 
Initialized by user-defined `init_weights` in iTPN_weijie  

backbone.block_8to4.1.mlp.fc1.bias - torch.Size([1024]): 
Initialized by user-defined `init_weights` in iTPN_weijie  

backbone.block_8to4.1.mlp.fc2.weight - torch.Size([256, 1024]): 
Initialized by user-defined `init_weights` in iTPN_weijie  

backbone.block_8to4.1.mlp.fc2.bias - torch.Size([256]): 
Initialized by user-defined `init_weights` in iTPN_weijie  

decode_head.conv_seg.weight - torch.Size([7, 768, 1, 1]): 
NormalInit: mean=0, std=0.01, bias=0 

decode_head.conv_seg.bias - torch.Size([7]): 
NormalInit: mean=0, std=0.01, bias=0 

decode_head.psp_modules.0.1.conv.weight - torch.Size([768, 1024, 1, 1]): 
The value is the same before and after calling `init_weights` of EncoderDecoder  

decode_head.psp_modules.0.1.bn.weight - torch.Size([768]): 
The value is the same before and after calling `init_weights` of EncoderDecoder  

decode_head.psp_modules.0.1.bn.bias - torch.Size([768]): 
The value is the same before and after calling `init_weights` of EncoderDecoder  

decode_head.psp_modules.1.1.conv.weight - torch.Size([768, 1024, 1, 1]): 
The value is the same before and after calling `init_weights` of EncoderDecoder  

decode_head.psp_modules.1.1.bn.weight - torch.Size([768]): 
The value is the same before and after calling `init_weights` of EncoderDecoder  

decode_head.psp_modules.1.1.bn.bias - torch.Size([768]): 
The value is the same before and after calling `init_weights` of EncoderDecoder  

decode_head.psp_modules.2.1.conv.weight - torch.Size([768, 1024, 1, 1]): 
The value is the same before and after calling `init_weights` of EncoderDecoder  

decode_head.psp_modules.2.1.bn.weight - torch.Size([768]): 
The value is the same before and after calling `init_weights` of EncoderDecoder  

decode_head.psp_modules.2.1.bn.bias - torch.Size([768]): 
The value is the same before and after calling `init_weights` of EncoderDecoder  

decode_head.psp_modules.3.1.conv.weight - torch.Size([768, 1024, 1, 1]): 
The value is the same before and after calling `init_weights` of EncoderDecoder  

decode_head.psp_modules.3.1.bn.weight - torch.Size([768]): 
The value is the same before and after calling `init_weights` of EncoderDecoder  

decode_head.psp_modules.3.1.bn.bias - torch.Size([768]): 
The value is the same before and after calling `init_weights` of EncoderDecoder  

decode_head.bottleneck.conv.weight - torch.Size([768, 4096, 3, 3]): 
Initialized by user-defined `init_weights` in ConvModule  

decode_head.bottleneck.bn.weight - torch.Size([768]): 
The value is the same before and after calling `init_weights` of EncoderDecoder  

decode_head.bottleneck.bn.bias - torch.Size([768]): 
The value is the same before and after calling `init_weights` of EncoderDecoder  

decode_head.lateral_convs.0.conv.weight - torch.Size([768, 448, 1, 1]): 
The value is the same before and after calling `init_weights` of EncoderDecoder  

decode_head.lateral_convs.0.bn.weight - torch.Size([768]): 
The value is the same before and after calling `init_weights` of EncoderDecoder  

decode_head.lateral_convs.0.bn.bias - torch.Size([768]): 
The value is the same before and after calling `init_weights` of EncoderDecoder  

decode_head.lateral_convs.1.conv.weight - torch.Size([768, 640, 1, 1]): 
The value is the same before and after calling `init_weights` of EncoderDecoder  

decode_head.lateral_convs.1.bn.weight - torch.Size([768]): 
The value is the same before and after calling `init_weights` of EncoderDecoder  

decode_head.lateral_convs.1.bn.bias - torch.Size([768]): 
The value is the same before and after calling `init_weights` of EncoderDecoder  

decode_head.lateral_convs.2.conv.weight - torch.Size([768, 1024, 1, 1]): 
The value is the same before and after calling `init_weights` of EncoderDecoder  

decode_head.lateral_convs.2.bn.weight - torch.Size([768]): 
The value is the same before and after calling `init_weights` of EncoderDecoder  

decode_head.lateral_convs.2.bn.bias - torch.Size([768]): 
The value is the same before and after calling `init_weights` of EncoderDecoder  

decode_head.fpn_convs.0.conv.weight - torch.Size([768, 768, 3, 3]): 
The value is the same before and after calling `init_weights` of EncoderDecoder  

decode_head.fpn_convs.0.bn.weight - torch.Size([768]): 
The value is the same before and after calling `init_weights` of EncoderDecoder  

decode_head.fpn_convs.0.bn.bias - torch.Size([768]): 
The value is the same before and after calling `init_weights` of EncoderDecoder  

decode_head.fpn_convs.1.conv.weight - torch.Size([768, 768, 3, 3]): 
The value is the same before and after calling `init_weights` of EncoderDecoder  

decode_head.fpn_convs.1.bn.weight - torch.Size([768]): 
The value is the same before and after calling `init_weights` of EncoderDecoder  

decode_head.fpn_convs.1.bn.bias - torch.Size([768]): 
The value is the same before and after calling `init_weights` of EncoderDecoder  

decode_head.fpn_convs.2.conv.weight - torch.Size([768, 768, 3, 3]): 
The value is the same before and after calling `init_weights` of EncoderDecoder  

decode_head.fpn_convs.2.bn.weight - torch.Size([768]): 
The value is the same before and after calling `init_weights` of EncoderDecoder  

decode_head.fpn_convs.2.bn.bias - torch.Size([768]): 
The value is the same before and after calling `init_weights` of EncoderDecoder  

decode_head.fpn_bottleneck.conv.weight - torch.Size([768, 3072, 3, 3]): 
Initialized by user-defined `init_weights` in ConvModule  

decode_head.fpn_bottleneck.bn.weight - torch.Size([768]): 
The value is the same before and after calling `init_weights` of EncoderDecoder  

decode_head.fpn_bottleneck.bn.bias - torch.Size([768]): 
The value is the same before and after calling `init_weights` of EncoderDecoder  

auxiliary_head.conv_seg.weight - torch.Size([7, 256, 1, 1]): 
NormalInit: mean=0, std=0.01, bias=0 

auxiliary_head.conv_seg.bias - torch.Size([7]): 
NormalInit: mean=0, std=0.01, bias=0 

auxiliary_head.convs.0.conv.weight - torch.Size([256, 1024, 3, 3]): 
The value is the same before and after calling `init_weights` of EncoderDecoder  

auxiliary_head.convs.0.bn.weight - torch.Size([256]): 
The value is the same before and after calling `init_weights` of EncoderDecoder  

auxiliary_head.convs.0.bn.bias - torch.Size([256]): 
The value is the same before and after calling `init_weights` of EncoderDecoder  
2026/05/15 07:14:17 - mmengine - WARNING - "FileClient" will be deprecated in future. Please use io functions in https://mmengine.readthedocs.io/en/latest/api/fileio.html#file-io
2026/05/15 07:14:17 - mmengine - WARNING - "HardDiskBackend" is the alias of "LocalBackend" and the former will be deprecated in future.
2026/05/15 07:14:17 - mmengine - INFO - Checkpoints will be saved to /root/det/work_dirs/large_weijie_whu_1xb4_80k_4e-4_dp20_ld90.
2026/05/15 07:16:21 - mmengine - INFO - Iter(train) [  200/80000]  lr: 3.1279e-07  eta: 13:38:30  time: 0.6030  data_time: 0.0082  memory: 8689  grad_norm: 12.4235  loss: 1.4496  decode.loss_ce: 0.9309  decode.acc_seg: 60.7861  aux.loss_ce: 0.5187  aux.acc_seg: 60.2197
2026/05/15 07:18:21 - mmengine - INFO - Iter(train) [  400/80000]  lr: 6.2716e-07  eta: 13:28:11  time: 0.6033  data_time: 0.0081  memory: 8689  grad_norm: 12.8771  loss: 1.3796  decode.loss_ce: 0.9173  decode.acc_seg: 40.8766  aux.loss_ce: 0.4623  aux.acc_seg: 34.1099
2026/05/15 07:20:22 - mmengine - INFO - Iter(train) [  600/80000]  lr: 9.4152e-07  eta: 13:23:27  time: 0.6029  data_time: 0.0080  memory: 8689  grad_norm: 5.7310  loss: 1.1925  decode.loss_ce: 0.8115  decode.acc_seg: 73.6681  aux.loss_ce: 0.3810  aux.acc_seg: 66.7375
2026/05/15 07:22:22 - mmengine - INFO - Iter(train) [  800/80000]  lr: 1.2559e-06  eta: 13:20:00  time: 0.6027  data_time: 0.0080  memory: 8689  grad_norm: 4.6302  loss: 1.1633  decode.loss_ce: 0.8060  decode.acc_seg: 66.6428  aux.loss_ce: 0.3574  aux.acc_seg: 65.0979
2026/05/15 07:24:23 - mmengine - INFO - Exp name: large_weijie_whu_1xb4_80k_4e-4_dp20_ld90_20260515_071406
2026/05/15 07:24:23 - mmengine - INFO - Iter(train) [ 1000/80000]  lr: 1.5702e-06  eta: 13:17:08  time: 0.6052  data_time: 0.0079  memory: 8689  grad_norm: 5.1298  loss: 1.0183  decode.loss_ce: 0.7004  decode.acc_seg: 81.7306  aux.loss_ce: 0.3180  aux.acc_seg: 81.5479
2026/05/15 07:26:24 - mmengine - INFO - Iter(train) [ 1200/80000]  lr: 1.8846e-06  eta: 13:14:34  time: 0.6024  data_time: 0.0078  memory: 8689  grad_norm: 4.4216  loss: 1.1129  decode.loss_ce: 0.7632  decode.acc_seg: 73.7655  aux.loss_ce: 0.3498  aux.acc_seg: 70.6919
2026/05/15 07:28:24 - mmengine - INFO - Exp name: large_weijie_whu_1xb4_80k_4e-4_dp20_ld90_20260515_071406
2026/05/15 07:28:24 - mmengine - INFO - Iter(train) [ 1400/80000]  lr: 2.1990e-06  eta: 13:12:10  time: 0.6030  data_time: 0.0081  memory: 8689  grad_norm: 4.9969  loss: 1.0262  decode.loss_ce: 0.7122  decode.acc_seg: 84.5019  aux.loss_ce: 0.3140  aux.acc_seg: 84.4817
2026/05/15 07:30:25 - mmengine - INFO - Iter(train) [ 1600/80000]  lr: 2.5133e-06  eta: 13:09:52  time: 0.6028  data_time: 0.0080  memory: 8689  grad_norm: 5.6171  loss: 1.0494  decode.loss_ce: 0.7403  decode.acc_seg: 66.9820  aux.loss_ce: 0.3091  aux.acc_seg: 66.2699
2026/05/15 07:32:25 - mmengine - INFO - Iter(train) [ 1800/80000]  lr: 2.8277e-06  eta: 13:07:34  time: 0.6017  data_time: 0.0074  memory: 8689  grad_norm: 7.9589  loss: 1.1272  decode.loss_ce: 0.7963  decode.acc_seg: 58.0557  aux.loss_ce: 0.3309  aux.acc_seg: 58.9688
2026/05/15 07:34:26 - mmengine - INFO - Exp name: large_weijie_whu_1xb4_80k_4e-4_dp20_ld90_20260515_071406
2026/05/15 07:34:26 - mmengine - INFO - Iter(train) [ 2000/80000]  lr: 3.1421e-06  eta: 13:05:20  time: 0.6025  data_time: 0.0080  memory: 8689  grad_norm: 6.1809  loss: 0.9668  decode.loss_ce: 0.6861  decode.acc_seg: 79.5515  aux.loss_ce: 0.2807  aux.acc_seg: 78.8668
2026/05/15 07:36:26 - mmengine - INFO - Iter(train) [ 2200/80000]  lr: 3.1341e-06  eta: 13:03:13  time: 0.6030  data_time: 0.0081  memory: 8689  grad_norm: 6.5202  loss: 1.2842  decode.loss_ce: 0.9132  decode.acc_seg: 70.3267  aux.loss_ce: 0.3710  aux.acc_seg: 67.8828
2026/05/15 07:38:27 - mmengine - INFO - Iter(train) [ 2400/80000]  lr: 3.1260e-06  eta: 13:01:04  time: 0.6029  data_time: 0.0080  memory: 8689  grad_norm: 4.0152  loss: 1.0391  decode.loss_ce: 0.7378  decode.acc_seg: 65.8811  aux.loss_ce: 0.3013  aux.acc_seg: 65.5783
2026/05/15 07:40:27 - mmengine - INFO - Iter(train) [ 2600/80000]  lr: 3.1179e-06  eta: 12:58:56  time: 0.6028  data_time: 0.0080  memory: 8689  grad_norm: 4.5410  loss: 1.1370  decode.loss_ce: 0.8031  decode.acc_seg: 70.9189  aux.loss_ce: 0.3340  aux.acc_seg: 64.3494
2026/05/15 07:42:28 - mmengine - INFO - Iter(train) [ 2800/80000]  lr: 3.1099e-06  eta: 12:56:50  time: 0.6026  data_time: 0.0079  memory: 8689  grad_norm: 2.5522  loss: 0.9140  decode.loss_ce: 0.6475  decode.acc_seg: 87.2421  aux.loss_ce: 0.2664  aux.acc_seg: 86.2300
2026/05/15 07:44:29 - mmengine - INFO - Exp name: large_weijie_whu_1xb4_80k_4e-4_dp20_ld90_20260515_071406
2026/05/15 07:44:29 - mmengine - INFO - Iter(train) [ 3000/80000]  lr: 3.1018e-06  eta: 12:54:47  time: 0.6024  data_time: 0.0079  memory: 8689  grad_norm: 3.4998  loss: 0.9582  decode.loss_ce: 0.6809  decode.acc_seg: 79.9786  aux.loss_ce: 0.2774  aux.acc_seg: 80.0084
2026/05/15 07:46:29 - mmengine - INFO - Iter(train) [ 3200/80000]  lr: 3.0938e-06  eta: 12:52:42  time: 0.6030  data_time: 0.0081  memory: 8689  grad_norm: 3.2783  loss: 0.9103  decode.loss_ce: 0.6401  decode.acc_seg: 77.6851  aux.loss_ce: 0.2702  aux.acc_seg: 77.6884
2026/05/15 07:48:30 - mmengine - INFO - Iter(train) [ 3400/80000]  lr: 3.0857e-06  eta: 12:50:36  time: 0.6025  data_time: 0.0079  memory: 8689  grad_norm: 3.0139  loss: 0.9478  decode.loss_ce: 0.6697  decode.acc_seg: 80.6700  aux.loss_ce: 0.2782  aux.acc_seg: 79.8325
2026/05/15 07:50:30 - mmengine - INFO - Iter(train) [ 3600/80000]  lr: 3.0777e-06  eta: 12:48:32  time: 0.6024  data_time: 0.0080  memory: 8689  grad_norm: 5.4922  loss: 1.1071  decode.loss_ce: 0.7873  decode.acc_seg: 79.5528  aux.loss_ce: 0.3198  aux.acc_seg: 79.3932
2026/05/15 07:52:31 - mmengine - INFO - Iter(train) [ 3800/80000]  lr: 3.0696e-06  eta: 12:46:29  time: 0.6020  data_time: 0.0078  memory: 8689  grad_norm: 1.9634  loss: 0.7624  decode.loss_ce: 0.5398  decode.acc_seg: 63.9773  aux.loss_ce: 0.2226  aux.acc_seg: 62.5296
2026/05/15 07:54:32 - mmengine - INFO - Exp name: large_weijie_whu_1xb4_80k_4e-4_dp20_ld90_20260515_071406
2026/05/15 07:54:32 - mmengine - INFO - Iter(train) [ 4000/80000]  lr: 3.0615e-06  eta: 12:44:26  time: 0.6025  data_time: 0.0079  memory: 8689  grad_norm: 4.2226  loss: 0.9751  decode.loss_ce: 0.6873  decode.acc_seg: 72.9147  aux.loss_ce: 0.2878  aux.acc_seg: 71.8863
2026/05/15 07:54:32 - mmengine - INFO - Saving checkpoint at 4000 iterations
2026/05/15 07:54:53 - mmengine - INFO - Iter(val) [ 200/1400]    eta: 0:01:26  time: 0.0687  data_time: 0.0017  memory: 4934  
2026/05/15 07:55:07 - mmengine - INFO - Iter(val) [ 400/1400]    eta: 0:01:10  time: 0.0693  data_time: 0.0018  memory: 4886  
2026/05/15 07:55:21 - mmengine - INFO - Iter(val) [ 600/1400]    eta: 0:00:56  time: 0.0694  data_time: 0.0019  memory: 4886  
2026/05/15 07:55:35 - mmengine - INFO - Iter(val) [ 800/1400]    eta: 0:00:42  time: 0.0689  data_time: 0.0018  memory: 4886  
2026/05/15 07:55:49 - mmengine - INFO - Iter(val) [1000/1400]    eta: 0:00:27  time: 0.0689  data_time: 0.0016  memory: 4886  
2026/05/15 07:56:03 - mmengine - INFO - Iter(val) [1200/1400]    eta: 0:00:13  time: 0.0691  data_time: 0.0017  memory: 4886  
2026/05/15 07:56:16 - mmengine - INFO - Iter(val) [1400/1400]    eta: 0:00:00  time: 0.0686  data_time: 0.0016  memory: 4886  
2026/05/15 07:56:16 - mmengine - INFO - per class results:
2026/05/15 07:56:16 - mmengine - INFO - 
+----------+-------+-------+--------+-----------+--------+
|  Class   |  IoU  |  Acc  | Fscore | Precision | Recall |
+----------+-------+-------+--------+-----------+--------+
| farmland | 57.67 | 70.82 | 73.15  |   75.64   | 70.82  |
|   city   | 50.89 |  68.7 | 67.45  |   66.25   |  68.7  |
| village  | 30.08 | 42.68 | 46.24  |   50.46   | 42.68  |
|  water   | 52.42 | 66.53 | 68.78  |   71.19   | 66.53  |
|  forest  | 78.15 | 92.59 | 87.74  |   83.37   | 92.59  |
|   road   | 12.64 | 17.77 | 22.44  |   30.44   | 17.77  |
|  other   |  0.97 |  0.98 |  1.92  |   58.93   |  0.98  |
+----------+-------+-------+--------+-----------+--------+
2026/05/15 07:56:16 - mmengine - INFO - Iter(val) [1400/1400]  aAcc: 77.6800  mIoU: 40.4000  mAcc: 51.4400  mFscore: 52.5300  mPrecision: 62.3200  mRecall: 51.4400  Kappa: 30.4300  data_time: 0.0016  time: 0.0686
2026/05/15 07:56:20 - mmengine - INFO - The best checkpoint with 77.6800 aAcc at 4000 iter is saved to best_aAcc_iter_4000.pth.
2026/05/15 07:58:20 - mmengine - INFO - Iter(train) [ 4200/80000]  lr: 3.0535e-06  eta: 12:43:21  time: 0.6027  data_time: 0.0080  memory: 8687  grad_norm: 6.2671  loss: 1.1055  decode.loss_ce: 0.7849  decode.acc_seg: 72.4662  aux.loss_ce: 0.3206  aux.acc_seg: 69.8957
2026/05/15 08:00:21 - mmengine - INFO - Iter(train) [ 4400/80000]  lr: 3.0454e-06  eta: 12:41:15  time: 0.6027  data_time: 0.0077  memory: 8686  grad_norm: 2.2933  loss: 0.7617  decode.loss_ce: 0.5401  decode.acc_seg: 91.7416  aux.loss_ce: 0.2216  aux.acc_seg: 91.6184
2026/05/15 08:02:21 - mmengine - INFO - Iter(train) [ 4600/80000]  lr: 3.0374e-06  eta: 12:39:10  time: 0.6027  data_time: 0.0080  memory: 8686  grad_norm: 2.6422  loss: 0.7950  decode.loss_ce: 0.5626  decode.acc_seg: 81.8206  aux.loss_ce: 0.2324  aux.acc_seg: 81.5565
2026/05/15 08:04:22 - mmengine - INFO - Iter(train) [ 4800/80000]  lr: 3.0293e-06  eta: 12:37:05  time: 0.6025  data_time: 0.0077  memory: 8686  grad_norm: 3.3777  loss: 0.8321  decode.loss_ce: 0.5889  decode.acc_seg: 67.2337  aux.loss_ce: 0.2432  aux.acc_seg: 65.5499
2026/05/15 08:06:22 - mmengine - INFO - Exp name: large_weijie_whu_1xb4_80k_4e-4_dp20_ld90_20260515_071406
2026/05/15 08:06:22 - mmengine - INFO - Iter(train) [ 5000/80000]  lr: 3.0213e-06  eta: 12:35:02  time: 0.6022  data_time: 0.0080  memory: 8686  grad_norm: 3.1350  loss: 0.8830  decode.loss_ce: 0.6291  decode.acc_seg: 75.4006  aux.loss_ce: 0.2539  aux.acc_seg: 75.5864
2026/05/15 08:08:23 - mmengine - INFO - Iter(train) [ 5200/80000]  lr: 3.0132e-06  eta: 12:32:58  time: 0.6026  data_time: 0.0077  memory: 8686  grad_norm: 4.6707  loss: 0.9414  decode.loss_ce: 0.6712  decode.acc_seg: 73.4352  aux.loss_ce: 0.2702  aux.acc_seg: 73.1405
2026/05/15 08:10:24 - mmengine - INFO - Iter(train) [ 5400/80000]  lr: 3.0051e-06  eta: 12:30:54  time: 0.6026  data_time: 0.0079  memory: 8686  grad_norm: 6.2577  loss: 1.1232  decode.loss_ce: 0.8020  decode.acc_seg: 55.2526  aux.loss_ce: 0.3212  aux.acc_seg: 54.4801
2026/05/15 08:12:24 - mmengine - INFO - Iter(train) [ 5600/80000]  lr: 2.9971e-06  eta: 12:28:51  time: 0.6027  data_time: 0.0078  memory: 8686  grad_norm: 3.5347  loss: 0.9013  decode.loss_ce: 0.6412  decode.acc_seg: 76.1558  aux.loss_ce: 0.2601  aux.acc_seg: 76.2029
2026/05/15 08:14:25 - mmengine - INFO - Iter(train) [ 5800/80000]  lr: 2.9890e-06  eta: 12:26:47  time: 0.6033  data_time: 0.0082  memory: 8686  grad_norm: 3.8803  loss: 0.8916  decode.loss_ce: 0.6372  decode.acc_seg: 71.3338  aux.loss_ce: 0.2544  aux.acc_seg: 69.6682
2026/05/15 08:16:25 - mmengine - INFO - Exp name: large_weijie_whu_1xb4_80k_4e-4_dp20_ld90_20260515_071406
2026/05/15 08:16:25 - mmengine - INFO - Iter(train) [ 6000/80000]  lr: 2.9810e-06  eta: 12:24:45  time: 0.6062  data_time: 0.0082  memory: 8686  grad_norm: 2.6726  loss: 0.8305  decode.loss_ce: 0.5884  decode.acc_seg: 76.1388  aux.loss_ce: 0.2421  aux.acc_seg: 75.5204
2026/05/15 08:18:26 - mmengine - INFO - Iter(train) [ 6200/80000]  lr: 2.9729e-06  eta: 12:22:42  time: 0.6027  data_time: 0.0078  memory: 8686  grad_norm: 3.4105  loss: 1.0454  decode.loss_ce: 0.7520  decode.acc_seg: 81.4998  aux.loss_ce: 0.2934  aux.acc_seg: 81.9388
2026/05/15 08:20:27 - mmengine - INFO - Iter(train) [ 6400/80000]  lr: 2.9649e-06  eta: 12:20:41  time: 0.6027  data_time: 0.0078  memory: 8686  grad_norm: 3.4243  loss: 0.8474  decode.loss_ce: 0.6071  decode.acc_seg: 77.1531  aux.loss_ce: 0.2403  aux.acc_seg: 77.8381
2026/05/15 08:22:27 - mmengine - INFO - Iter(train) [ 6600/80000]  lr: 2.9568e-06  eta: 12:18:39  time: 0.6022  data_time: 0.0079  memory: 8686  grad_norm: 3.5629  loss: 0.8901  decode.loss_ce: 0.6352  decode.acc_seg: 70.2375  aux.loss_ce: 0.2549  aux.acc_seg: 69.0698
2026/05/15 08:24:28 - mmengine - INFO - Iter(train) [ 6800/80000]  lr: 2.9487e-06  eta: 12:16:36  time: 0.6024  data_time: 0.0077  memory: 8686  grad_norm: 4.0071  loss: 0.9138  decode.loss_ce: 0.6509  decode.acc_seg: 75.9738  aux.loss_ce: 0.2629  aux.acc_seg: 71.7782
2026/05/15 08:26:29 - mmengine - INFO - Exp name: large_weijie_whu_1xb4_80k_4e-4_dp20_ld90_20260515_071406
2026/05/15 08:26:29 - mmengine - INFO - Iter(train) [ 7000/80000]  lr: 2.9407e-06  eta: 12:14:34  time: 0.6025  data_time: 0.0078  memory: 8686  grad_norm: 2.7114  loss: 0.8245  decode.loss_ce: 0.5862  decode.acc_seg: 73.2343  aux.loss_ce: 0.2383  aux.acc_seg: 73.8564
2026/05/15 08:28:29 - mmengine - INFO - Iter(train) [ 7200/80000]  lr: 2.9326e-06  eta: 12:12:31  time: 0.6023  data_time: 0.0077  memory: 8686  grad_norm: 2.7206  loss: 0.8496  decode.loss_ce: 0.6024  decode.acc_seg: 75.8525  aux.loss_ce: 0.2472  aux.acc_seg: 74.9104
2026/05/15 08:30:30 - mmengine - INFO - Iter(train) [ 7400/80000]  lr: 2.9246e-06  eta: 12:10:29  time: 0.6026  data_time: 0.0079  memory: 8686  grad_norm: 3.1289  loss: 0.8215  decode.loss_ce: 0.5816  decode.acc_seg: 69.1164  aux.loss_ce: 0.2399  aux.acc_seg: 68.2190
2026/05/15 08:32:30 - mmengine - INFO - Iter(train) [ 7600/80000]  lr: 2.9165e-06  eta: 12:08:26  time: 0.6024  data_time: 0.0078  memory: 8686  grad_norm: 3.1420  loss: 0.8773  decode.loss_ce: 0.6198  decode.acc_seg: 80.7934  aux.loss_ce: 0.2575  aux.acc_seg: 79.9883
2026/05/15 08:34:31 - mmengine - INFO - Iter(train) [ 7800/80000]  lr: 2.9085e-06  eta: 12:06:24  time: 0.6025  data_time: 0.0078  memory: 8686  grad_norm: 4.5918  loss: 1.0789  decode.loss_ce: 0.7669  decode.acc_seg: 73.6868  aux.loss_ce: 0.3119  aux.acc_seg: 73.4703
2026/05/15 08:36:32 - mmengine - INFO - Exp name: large_weijie_whu_1xb4_80k_4e-4_dp20_ld90_20260515_071406
2026/05/15 08:36:32 - mmengine - INFO - Iter(train) [ 8000/80000]  lr: 2.9004e-06  eta: 12:04:22  time: 0.6029  data_time: 0.0078  memory: 8686  grad_norm: 3.3461  loss: 0.9174  decode.loss_ce: 0.6529  decode.acc_seg: 79.5604  aux.loss_ce: 0.2645  aux.acc_seg: 80.2382
2026/05/15 08:36:32 - mmengine - INFO - Saving checkpoint at 8000 iterations
2026/05/15 08:36:53 - mmengine - INFO - Iter(val) [ 200/1400]    eta: 0:01:23  time: 0.0685  data_time: 0.0017  memory: 4886  
2026/05/15 08:37:07 - mmengine - INFO - Iter(val) [ 400/1400]    eta: 0:01:09  time: 0.0696  data_time: 0.0018  memory: 4886  
2026/05/15 08:37:21 - mmengine - INFO - Iter(val) [ 600/1400]    eta: 0:00:55  time: 0.0690  data_time: 0.0018  memory: 4886  
2026/05/15 08:37:34 - mmengine - INFO - Iter(val) [ 800/1400]    eta: 0:00:41  time: 0.0688  data_time: 0.0017  memory: 4886  
2026/05/15 08:37:48 - mmengine - INFO - Iter(val) [1000/1400]    eta: 0:00:27  time: 0.0694  data_time: 0.0019  memory: 4886  
2026/05/15 08:38:02 - mmengine - INFO - Iter(val) [1200/1400]    eta: 0:00:13  time: 0.0700  data_time: 0.0019  memory: 4886  
2026/05/15 08:38:16 - mmengine - INFO - Iter(val) [1400/1400]    eta: 0:00:00  time: 0.0757  data_time: 0.0025  memory: 4886  
2026/05/15 08:38:16 - mmengine - INFO - per class results:
2026/05/15 08:38:16 - mmengine - INFO - 
+----------+-------+-------+--------+-----------+--------+
|  Class   |  IoU  |  Acc  | Fscore | Precision | Recall |
+----------+-------+-------+--------+-----------+--------+
| farmland | 52.36 | 59.46 | 68.73  |   81.42   | 59.46  |
|   city   | 51.76 | 62.45 | 68.22  |   75.15   | 62.45  |
| village  | 31.61 | 51.43 | 48.03  |   45.06   | 51.43  |
|  water   | 50.46 | 61.14 | 67.07  |   74.27   | 61.14  |
|  forest  | 74.56 | 96.28 | 85.42  |   76.77   | 96.28  |
|   road   | 17.08 | 24.57 | 29.18  |   35.93   | 24.57  |
|  other   |  7.88 |  8.5  | 14.61  |   52.05   |  8.5   |
+----------+-------+-------+--------+-----------+--------+
2026/05/15 08:38:16 - mmengine - INFO - Iter(val) [1400/1400]  aAcc: 75.5400  mIoU: 40.8100  mAcc: 51.9800  mFscore: 54.4700  mPrecision: 62.9500  mRecall: 51.9800  Kappa: 26.4600  data_time: 0.0025  time: 0.0757
2026/05/15 08:40:17 - mmengine - INFO - Iter(train) [ 8200/80000]  lr: 2.8923e-06  eta: 12:02:20  time: 0.6026  data_time: 0.0078  memory: 8686  grad_norm: 3.4187  loss: 0.8670  decode.loss_ce: 0.6131  decode.acc_seg: 90.3271  aux.loss_ce: 0.2539  aux.acc_seg: 90.2809
2026/05/15 08:42:17 - mmengine - INFO - Iter(train) [ 8400/80000]  lr: 2.8843e-06  eta: 12:00:18  time: 0.6025  data_time: 0.0079  memory: 8686  grad_norm: 3.9179  loss: 0.8526  decode.loss_ce: 0.6003  decode.acc_seg: 75.2625  aux.loss_ce: 0.2523  aux.acc_seg: 75.0902
2026/05/15 08:44:18 - mmengine - INFO - Iter(train) [ 8600/80000]  lr: 2.8762e-06  eta: 11:58:16  time: 0.6027  data_time: 0.0080  memory: 8686  grad_norm: 3.4145  loss: 0.8941  decode.loss_ce: 0.6354  decode.acc_seg: 83.0133  aux.loss_ce: 0.2587  aux.acc_seg: 82.9175
2026/05/15 08:46:19 - mmengine - INFO - Iter(train) [ 8800/80000]  lr: 2.8682e-06  eta: 11:56:14  time: 0.6025  data_time: 0.0079  memory: 8686  grad_norm: 2.8550  loss: 0.7983  decode.loss_ce: 0.5697  decode.acc_seg: 84.2274  aux.loss_ce: 0.2286  aux.acc_seg: 83.3104
2026/05/15 08:48:19 - mmengine - INFO - Exp name: large_weijie_whu_1xb4_80k_4e-4_dp20_ld90_20260515_071406
2026/05/15 08:48:19 - mmengine - INFO - Iter(train) [ 9000/80000]  lr: 2.8601e-06  eta: 11:54:12  time: 0.6025  data_time: 0.0078  memory: 8686  grad_norm: 4.1845  loss: 0.8692  decode.loss_ce: 0.6221  decode.acc_seg: 71.7477  aux.loss_ce: 0.2471  aux.acc_seg: 70.3786
2026/05/15 08:50:20 - mmengine - INFO - Iter(train) [ 9200/80000]  lr: 2.8521e-06  eta: 11:52:10  time: 0.6027  data_time: 0.0079  memory: 8686  grad_norm: 3.6481  loss: 1.0093  decode.loss_ce: 0.7153  decode.acc_seg: 90.0407  aux.loss_ce: 0.2940  aux.acc_seg: 89.9116
2026/05/15 08:52:20 - mmengine - INFO - Iter(train) [ 9400/80000]  lr: 2.8440e-06  eta: 11:50:08  time: 0.6028  data_time: 0.0080  memory: 8686  grad_norm: 2.9528  loss: 0.9818  decode.loss_ce: 0.6972  decode.acc_seg: 61.3348  aux.loss_ce: 0.2845  aux.acc_seg: 61.4065
2026/05/15 08:54:21 - mmengine - INFO - Iter(train) [ 9600/80000]  lr: 2.8360e-06  eta: 11:48:06  time: 0.6024  data_time: 0.0079  memory: 8686  grad_norm: 2.8346  loss: 0.8730  decode.loss_ce: 0.6199  decode.acc_seg: 84.3996  aux.loss_ce: 0.2531  aux.acc_seg: 83.1741
2026/05/15 08:56:21 - mmengine - INFO - Iter(train) [ 9800/80000]  lr: 2.8279e-06  eta: 11:46:04  time: 0.6022  data_time: 0.0076  memory: 8686  grad_norm: 4.2427  loss: 0.8878  decode.loss_ce: 0.6265  decode.acc_seg: 67.0940  aux.loss_ce: 0.2613  aux.acc_seg: 67.0661
2026/05/15 08:58:22 - mmengine - INFO - Exp name: large_weijie_whu_1xb4_80k_4e-4_dp20_ld90_20260515_071406
2026/05/15 08:58:22 - mmengine - INFO - Iter(train) [10000/80000]  lr: 2.8198e-06  eta: 11:44:03  time: 0.6024  data_time: 0.0077  memory: 8686  grad_norm: 2.5892  loss: 0.8226  decode.loss_ce: 0.5859  decode.acc_seg: 72.5623  aux.loss_ce: 0.2367  aux.acc_seg: 72.5353
2026/05/15 09:00:22 - mmengine - INFO - Iter(train) [10200/80000]  lr: 2.8118e-06  eta: 11:42:01  time: 0.6024  data_time: 0.0079  memory: 8686  grad_norm: 3.4254  loss: 0.9121  decode.loss_ce: 0.6518  decode.acc_seg: 65.7170  aux.loss_ce: 0.2603  aux.acc_seg: 65.6487
2026/05/15 09:02:23 - mmengine - INFO - Iter(train) [10400/80000]  lr: 2.8037e-06  eta: 11:39:59  time: 0.6026  data_time: 0.0080  memory: 8686  grad_norm: 3.0421  loss: 0.7385  decode.loss_ce: 0.5191  decode.acc_seg: 67.6196  aux.loss_ce: 0.2195  aux.acc_seg: 65.8893
2026/05/15 09:04:24 - mmengine - INFO - Iter(train) [10600/80000]  lr: 2.7957e-06  eta: 11:37:58  time: 0.6028  data_time: 0.0080  memory: 8686  grad_norm: 3.6048  loss: 0.8640  decode.loss_ce: 0.6119  decode.acc_seg: 59.5178  aux.loss_ce: 0.2522  aux.acc_seg: 57.2052
2026/05/15 09:06:24 - mmengine - INFO - Iter(train) [10800/80000]  lr: 2.7876e-06  eta: 11:35:56  time: 0.6024  data_time: 0.0078  memory: 8686  grad_norm: 3.5204  loss: 0.7920  decode.loss_ce: 0.5670  decode.acc_seg: 79.5821  aux.loss_ce: 0.2250  aux.acc_seg: 79.7503
2026/05/15 09:08:25 - mmengine - INFO - Exp name: large_weijie_whu_1xb4_80k_4e-4_dp20_ld90_20260515_071406
2026/05/15 09:08:25 - mmengine - INFO - Iter(train) [11000/80000]  lr: 2.7796e-06  eta: 11:33:55  time: 0.6032  data_time: 0.0081  memory: 8686  grad_norm: 3.2305  loss: 0.8429  decode.loss_ce: 0.5995  decode.acc_seg: 72.1587  aux.loss_ce: 0.2433  aux.acc_seg: 71.5068
2026/05/15 09:10:25 - mmengine - INFO - Iter(train) [11200/80000]  lr: 2.7715e-06  eta: 11:31:54  time: 0.6034  data_time: 0.0084  memory: 8686  grad_norm: 3.6184  loss: 0.9174  decode.loss_ce: 0.6512  decode.acc_seg: 71.1783  aux.loss_ce: 0.2662  aux.acc_seg: 70.3468
2026/05/15 09:12:26 - mmengine - INFO - Iter(train) [11400/80000]  lr: 2.7634e-06  eta: 11:29:54  time: 0.6033  data_time: 0.0084  memory: 8686  grad_norm: 8.8886  loss: 0.9607  decode.loss_ce: 0.6755  decode.acc_seg: 69.8701  aux.loss_ce: 0.2852  aux.acc_seg: 70.1857
2026/05/15 09:14:27 - mmengine - INFO - Iter(train) [11600/80000]  lr: 2.7554e-06  eta: 11:27:53  time: 0.6033  data_time: 0.0083  memory: 8686  grad_norm: 3.5796  loss: 0.7867  decode.loss_ce: 0.5610  decode.acc_seg: 84.7218  aux.loss_ce: 0.2257  aux.acc_seg: 83.9610
2026/05/15 09:16:27 - mmengine - INFO - Iter(train) [11800/80000]  lr: 2.7473e-06  eta: 11:25:52  time: 0.6031  data_time: 0.0082  memory: 8686  grad_norm: 3.0408  loss: 0.7025  decode.loss_ce: 0.4994  decode.acc_seg: 81.7612  aux.loss_ce: 0.2031  aux.acc_seg: 81.0973
2026/05/15 09:18:28 - mmengine - INFO - Exp name: large_weijie_whu_1xb4_80k_4e-4_dp20_ld90_20260515_071406
2026/05/15 09:18:28 - mmengine - INFO - Iter(train) [12000/80000]  lr: 2.7393e-06  eta: 11:23:50  time: 0.6032  data_time: 0.0083  memory: 8686  grad_norm: 2.6586  loss: 0.8336  decode.loss_ce: 0.5902  decode.acc_seg: 59.6731  aux.loss_ce: 0.2434  aux.acc_seg: 59.0207
2026/05/15 09:18:28 - mmengine - INFO - Saving checkpoint at 12000 iterations
2026/05/15 09:18:50 - mmengine - INFO - Iter(val) [ 200/1400]    eta: 0:01:24  time: 0.0693  data_time: 0.0019  memory: 4886  
2026/05/15 09:19:03 - mmengine - INFO - Iter(val) [ 400/1400]    eta: 0:01:09  time: 0.0702  data_time: 0.0019  memory: 4886  
2026/05/15 09:19:17 - mmengine - INFO - Iter(val) [ 600/1400]    eta: 0:00:55  time: 0.0696  data_time: 0.0018  memory: 4886  
2026/05/15 09:19:31 - mmengine - INFO - Iter(val) [ 800/1400]    eta: 0:00:41  time: 0.0722  data_time: 0.0019  memory: 4886  
2026/05/15 09:19:45 - mmengine - INFO - Iter(val) [1000/1400]    eta: 0:00:27  time: 0.0694  data_time: 0.0019  memory: 4886  
2026/05/15 09:19:59 - mmengine - INFO - Iter(val) [1200/1400]    eta: 0:00:13  time: 0.0694  data_time: 0.0019  memory: 4886  
2026/05/15 09:20:13 - mmengine - INFO - Iter(val) [1400/1400]    eta: 0:00:00  time: 0.0697  data_time: 0.0018  memory: 4886  
2026/05/15 09:20:13 - mmengine - INFO - per class results:
2026/05/15 09:20:13 - mmengine - INFO - 
+----------+-------+-------+--------+-----------+--------+
|  Class   |  IoU  |  Acc  | Fscore | Precision | Recall |
+----------+-------+-------+--------+-----------+--------+
| farmland | 58.17 | 69.77 | 73.56  |   77.78   | 69.77  |
|   city   | 54.74 | 68.44 | 70.75  |   73.23   | 68.44  |
| village  | 32.07 |  44.3 | 48.56  |   53.72   |  44.3  |
|  water   | 56.51 | 68.28 | 72.21  |   76.62   | 68.28  |
|  forest  | 78.84 | 94.83 | 88.17  |   82.38   | 94.83  |
|   road   |  17.3 | 21.97 |  29.5  |   44.88   | 21.97  |
|  other   | 10.17 | 11.28 | 18.46  |   50.85   | 11.28  |
+----------+-------+-------+--------+-----------+--------+
2026/05/15 09:20:13 - mmengine - INFO - Iter(val) [1400/1400]  aAcc: 78.8200  mIoU: 43.9700  mAcc: 54.1200  mFscore: 57.3100  mPrecision: 65.6400  mRecall: 54.1200  Kappa: 31.1200  data_time: 0.0018  time: 0.0697
2026/05/15 09:20:13 - mmengine - INFO - The previous best checkpoint /root/det/work_dirs/large_weijie_whu_1xb4_80k_4e-4_dp20_ld90/best_aAcc_iter_4000.pth is removed
2026/05/15 09:20:16 - mmengine - INFO - The best checkpoint with 78.8200 aAcc at 12000 iter is saved to best_aAcc_iter_12000.pth.
2026/05/15 09:22:17 - mmengine - INFO - Iter(train) [12200/80000]  lr: 2.7312e-06  eta: 11:22:08  time: 0.6030  data_time: 0.0081  memory: 8686  grad_norm: 3.2064  loss: 0.8474  decode.loss_ce: 0.6017  decode.acc_seg: 77.3700  aux.loss_ce: 0.2457  aux.acc_seg: 76.9667
2026/05/15 09:24:18 - mmengine - INFO - Iter(train) [12400/80000]  lr: 2.7232e-06  eta: 11:20:07  time: 0.6034  data_time: 0.0082  memory: 8686  grad_norm: 3.3844  loss: 0.9391  decode.loss_ce: 0.6683  decode.acc_seg: 74.5519  aux.loss_ce: 0.2708  aux.acc_seg: 76.7368
2026/05/15 09:26:19 - mmengine - INFO - Iter(train) [12600/80000]  lr: 2.7151e-06  eta: 11:18:06  time: 0.6027  data_time: 0.0079  memory: 8686  grad_norm: 3.6450  loss: 0.7185  decode.loss_ce: 0.5102  decode.acc_seg: 71.7958  aux.loss_ce: 0.2083  aux.acc_seg: 72.4968
2026/05/15 09:28:19 - mmengine - INFO - Iter(train) [12800/80000]  lr: 2.7070e-06  eta: 11:16:05  time: 0.6030  data_time: 0.0076  memory: 8686  grad_norm: 2.2514  loss: 0.7546  decode.loss_ce: 0.5338  decode.acc_seg: 92.4760  aux.loss_ce: 0.2208  aux.acc_seg: 92.5091
2026/05/15 09:30:20 - mmengine - INFO - Exp name: large_weijie_whu_1xb4_80k_4e-4_dp20_ld90_20260515_071406
2026/05/15 09:30:20 - mmengine - INFO - Iter(train) [13000/80000]  lr: 2.6990e-06  eta: 11:14:04  time: 0.6035  data_time: 0.0081  memory: 8686  grad_norm: 2.1797  loss: 0.7405  decode.loss_ce: 0.5231  decode.acc_seg: 67.7753  aux.loss_ce: 0.2174  aux.acc_seg: 67.2318
2026/05/15 09:32:20 - mmengine - INFO - Iter(train) [13200/80000]  lr: 2.6909e-06  eta: 11:12:03  time: 0.6034  data_time: 0.0082  memory: 8686  grad_norm: 3.5447  loss: 0.8419  decode.loss_ce: 0.6013  decode.acc_seg: 75.0602  aux.loss_ce: 0.2406  aux.acc_seg: 74.9626
2026/05/15 09:34:21 - mmengine - INFO - Iter(train) [13400/80000]  lr: 2.6829e-06  eta: 11:10:02  time: 0.6035  data_time: 0.0082  memory: 8686  grad_norm: 3.2432  loss: 0.8739  decode.loss_ce: 0.6212  decode.acc_seg: 80.0618  aux.loss_ce: 0.2527  aux.acc_seg: 79.6297
2026/05/15 09:36:22 - mmengine - INFO - Iter(train) [13600/80000]  lr: 2.6748e-06  eta: 11:08:00  time: 0.6030  data_time: 0.0078  memory: 8686  grad_norm: 2.4007  loss: 0.7023  decode.loss_ce: 0.4958  decode.acc_seg: 87.6935  aux.loss_ce: 0.2065  aux.acc_seg: 88.0640
2026/05/15 09:38:22 - mmengine - INFO - Iter(train) [13800/80000]  lr: 2.6668e-06  eta: 11:06:00  time: 0.6028  data_time: 0.0077  memory: 8686  grad_norm: 2.7316  loss: 0.8268  decode.loss_ce: 0.5831  decode.acc_seg: 77.0009  aux.loss_ce: 0.2437  aux.acc_seg: 76.3928
2026/05/15 09:40:23 - mmengine - INFO - Exp name: large_weijie_whu_1xb4_80k_4e-4_dp20_ld90_20260515_071406
2026/05/15 09:40:23 - mmengine - INFO - Iter(train) [14000/80000]  lr: 2.6587e-06  eta: 11:03:58  time: 0.6040  data_time: 0.0084  memory: 8686  grad_norm: 2.8560  loss: 0.6937  decode.loss_ce: 0.4921  decode.acc_seg: 73.0573  aux.loss_ce: 0.2017  aux.acc_seg: 74.7945
2026/05/15 09:42:24 - mmengine - INFO - Iter(train) [14200/80000]  lr: 2.6506e-06  eta: 11:01:58  time: 0.6037  data_time: 0.0081  memory: 8686  grad_norm: 2.5870  loss: 0.7845  decode.loss_ce: 0.5579  decode.acc_seg: 88.3481  aux.loss_ce: 0.2266  aux.acc_seg: 87.1740
2026/05/15 09:44:25 - mmengine - INFO - Iter(train) [14400/80000]  lr: 2.6426e-06  eta: 10:59:57  time: 0.6032  data_time: 0.0080  memory: 8686  grad_norm: 3.1170  loss: 0.8073  decode.loss_ce: 0.5737  decode.acc_seg: 77.8102  aux.loss_ce: 0.2336  aux.acc_seg: 76.8642
2026/05/15 09:46:25 - mmengine - INFO - Iter(train) [14600/80000]  lr: 2.6345e-06  eta: 10:57:56  time: 0.6031  data_time: 0.0080  memory: 8686  grad_norm: 3.4216  loss: 0.7455  decode.loss_ce: 0.5299  decode.acc_seg: 72.1458  aux.loss_ce: 0.2156  aux.acc_seg: 72.4380
2026/05/15 09:48:26 - mmengine - INFO - Iter(train) [14800/80000]  lr: 2.6265e-06  eta: 10:55:55  time: 0.6038  data_time: 0.0081  memory: 8686  grad_norm: 3.0722  loss: 0.8158  decode.loss_ce: 0.5794  decode.acc_seg: 75.5869  aux.loss_ce: 0.2364  aux.acc_seg: 75.6294
2026/05/15 09:50:27 - mmengine - INFO - Exp name: large_weijie_whu_1xb4_80k_4e-4_dp20_ld90_20260515_071406
2026/05/15 09:50:27 - mmengine - INFO - Iter(train) [15000/80000]  lr: 2.6184e-06  eta: 10:53:55  time: 0.6036  data_time: 0.0082  memory: 8686  grad_norm: 3.9686  loss: 0.6584  decode.loss_ce: 0.4664  decode.acc_seg: 74.7157  aux.loss_ce: 0.1920  aux.acc_seg: 74.6579
2026/05/15 09:52:27 - mmengine - INFO - Iter(train) [15200/80000]  lr: 2.6104e-06  eta: 10:51:54  time: 0.6036  data_time: 0.0081  memory: 8686  grad_norm: 4.8535  loss: 0.9967  decode.loss_ce: 0.7072  decode.acc_seg: 63.5881  aux.loss_ce: 0.2895  aux.acc_seg: 65.2312
2026/05/15 09:54:28 - mmengine - INFO - Iter(train) [15400/80000]  lr: 2.6023e-06  eta: 10:49:53  time: 0.6028  data_time: 0.0078  memory: 8686  grad_norm: 2.5354  loss: 0.7763  decode.loss_ce: 0.5526  decode.acc_seg: 79.3824  aux.loss_ce: 0.2238  aux.acc_seg: 78.7284
2026/05/15 09:56:29 - mmengine - INFO - Iter(train) [15600/80000]  lr: 2.5943e-06  eta: 10:47:52  time: 0.6062  data_time: 0.0080  memory: 8686  grad_norm: 4.0548  loss: 0.7975  decode.loss_ce: 0.5577  decode.acc_seg: 88.0865  aux.loss_ce: 0.2398  aux.acc_seg: 87.2901
2026/05/15 09:58:29 - mmengine - INFO - Iter(train) [15800/80000]  lr: 2.5862e-06  eta: 10:45:51  time: 0.6033  data_time: 0.0081  memory: 8686  grad_norm: 3.7217  loss: 0.7374  decode.loss_ce: 0.5233  decode.acc_seg: 86.1042  aux.loss_ce: 0.2141  aux.acc_seg: 85.0884
2026/05/15 10:00:30 - mmengine - INFO - Exp name: large_weijie_whu_1xb4_80k_4e-4_dp20_ld90_20260515_071406
2026/05/15 10:00:30 - mmengine - INFO - Iter(train) [16000/80000]  lr: 2.5781e-06  eta: 10:43:50  time: 0.6036  data_time: 0.0081  memory: 8686  grad_norm: 5.4019  loss: 1.0026  decode.loss_ce: 0.7096  decode.acc_seg: 83.4962  aux.loss_ce: 0.2930  aux.acc_seg: 82.8292
2026/05/15 10:00:30 - mmengine - INFO - Saving checkpoint at 16000 iterations
2026/05/15 10:00:52 - mmengine - INFO - Iter(val) [ 200/1400]    eta: 0:01:28  time: 0.0688  data_time: 0.0018  memory: 4886  
2026/05/15 10:01:06 - mmengine - INFO - Iter(val) [ 400/1400]    eta: 0:01:11  time: 0.0699  data_time: 0.0018  memory: 4886  
2026/05/15 10:01:20 - mmengine - INFO - Iter(val) [ 600/1400]    eta: 0:00:56  time: 0.0698  data_time: 0.0018  memory: 4886  
2026/05/15 10:01:34 - mmengine - INFO - Iter(val) [ 800/1400]    eta: 0:00:42  time: 0.0687  data_time: 0.0018  memory: 4886  
2026/05/15 10:01:48 - mmengine - INFO - Iter(val) [1000/1400]    eta: 0:00:28  time: 0.0691  data_time: 0.0018  memory: 4886  
2026/05/15 10:02:02 - mmengine - INFO - Iter(val) [1200/1400]    eta: 0:00:13  time: 0.0695  data_time: 0.0017  memory: 4886  
2026/05/15 10:02:16 - mmengine - INFO - Iter(val) [1400/1400]    eta: 0:00:00  time: 0.0690  data_time: 0.0017  memory: 4886  
2026/05/15 10:02:16 - mmengine - INFO - per class results:
2026/05/15 10:02:16 - mmengine - INFO - 
+----------+-------+-------+--------+-----------+--------+
|  Class   |  IoU  |  Acc  | Fscore | Precision | Recall |
+----------+-------+-------+--------+-----------+--------+
| farmland |  60.0 | 72.95 |  75.0  |   77.17   | 72.95  |
|   city   |  52.7 | 61.46 | 69.02  |   78.71   | 61.46  |
| village  | 33.45 | 53.27 | 50.14  |   47.35   | 53.27  |
|  water   | 57.05 | 68.34 | 72.65  |   77.55   | 68.34  |
|  forest  | 79.93 |  92.8 | 88.84  |   85.21   |  92.8  |
|   road   |  22.0 | 33.61 | 36.06  |    38.9   | 33.61  |
|  other   | 12.28 |  14.2 | 21.87  |    47.6   |  14.2  |
+----------+-------+-------+--------+-----------+--------+
2026/05/15 10:02:16 - mmengine - INFO - Iter(val) [1400/1400]  aAcc: 79.2900  mIoU: 45.3400  mAcc: 56.6600  mFscore: 59.0800  mPrecision: 64.6400  mRecall: 56.6600  Kappa: 35.6900  data_time: 0.0017  time: 0.0690
2026/05/15 10:02:16 - mmengine - INFO - The previous best checkpoint /root/det/work_dirs/large_weijie_whu_1xb4_80k_4e-4_dp20_ld90/best_aAcc_iter_12000.pth is removed
2026/05/15 10:02:19 - mmengine - INFO - The best checkpoint with 79.2900 aAcc at 16000 iter is saved to best_aAcc_iter_16000.pth.
2026/05/15 10:04:20 - mmengine - INFO - Iter(train) [16200/80000]  lr: 2.5701e-06  eta: 10:42:05  time: 0.6041  data_time: 0.0083  memory: 8686  grad_norm: 4.3566  loss: 0.9494  decode.loss_ce: 0.6753  decode.acc_seg: 73.5551  aux.loss_ce: 0.2741  aux.acc_seg: 75.4839
2026/05/15 10:06:21 - mmengine - INFO - Iter(train) [16400/80000]  lr: 2.5620e-06  eta: 10:40:04  time: 0.6038  data_time: 0.0082  memory: 8686  grad_norm: 2.8544  loss: 0.8235  decode.loss_ce: 0.5808  decode.acc_seg: 74.0219  aux.loss_ce: 0.2427  aux.acc_seg: 72.8840
2026/05/15 10:08:22 - mmengine - INFO - Iter(train) [16600/80000]  lr: 2.5540e-06  eta: 10:38:03  time: 0.6035  data_time: 0.0081  memory: 8686  grad_norm: 3.3703  loss: 0.7572  decode.loss_ce: 0.5349  decode.acc_seg: 81.3479  aux.loss_ce: 0.2222  aux.acc_seg: 81.1321
2026/05/15 10:10:23 - mmengine - INFO - Iter(train) [16800/80000]  lr: 2.5459e-06  eta: 10:36:03  time: 0.6035  data_time: 0.0080  memory: 8686  grad_norm: 2.1749  loss: 0.7557  decode.loss_ce: 0.5334  decode.acc_seg: 76.3083  aux.loss_ce: 0.2222  aux.acc_seg: 74.8709
2026/05/15 10:12:23 - mmengine - INFO - Exp name: large_weijie_whu_1xb4_80k_4e-4_dp20_ld90_20260515_071406
2026/05/15 10:12:23 - mmengine - INFO - Iter(train) [17000/80000]  lr: 2.5379e-06  eta: 10:34:02  time: 0.6037  data_time: 0.0082  memory: 8686  grad_norm: 2.9386  loss: 0.7739  decode.loss_ce: 0.5483  decode.acc_seg: 69.9218  aux.loss_ce: 0.2256  aux.acc_seg: 69.6851
2026/05/15 10:14:24 - mmengine - INFO - Iter(train) [17200/80000]  lr: 2.5298e-06  eta: 10:32:01  time: 0.6032  data_time: 0.0080  memory: 8686  grad_norm: 3.5770  loss: 0.6930  decode.loss_ce: 0.4940  decode.acc_seg: 74.7991  aux.loss_ce: 0.1990  aux.acc_seg: 73.4558
2026/05/15 10:16:25 - mmengine - INFO - Iter(train) [17400/80000]  lr: 2.5217e-06  eta: 10:30:00  time: 0.6038  data_time: 0.0083  memory: 8686  grad_norm: 3.1727  loss: 0.8120  decode.loss_ce: 0.5705  decode.acc_seg: 83.3035  aux.loss_ce: 0.2415  aux.acc_seg: 81.7976
2026/05/15 10:18:26 - mmengine - INFO - Iter(train) [17600/80000]  lr: 2.5137e-06  eta: 10:28:00  time: 0.6037  data_time: 0.0082  memory: 8686  grad_norm: 3.2939  loss: 0.8852  decode.loss_ce: 0.6266  decode.acc_seg: 62.6639  aux.loss_ce: 0.2586  aux.acc_seg: 61.6330
2026/05/15 10:20:27 - mmengine - INFO - Iter(train) [17800/80000]  lr: 2.5056e-06  eta: 10:25:59  time: 0.6045  data_time: 0.0085  memory: 8686  grad_norm: 2.9561  loss: 0.7941  decode.loss_ce: 0.5651  decode.acc_seg: 80.4672  aux.loss_ce: 0.2290  aux.acc_seg: 79.8838
2026/05/15 10:22:28 - mmengine - INFO - Exp name: large_weijie_whu_1xb4_80k_4e-4_dp20_ld90_20260515_071406
2026/05/15 10:22:28 - mmengine - INFO - Iter(train) [18000/80000]  lr: 2.4976e-06  eta: 10:23:59  time: 0.6036  data_time: 0.0082  memory: 8686  grad_norm: 3.6157  loss: 0.7944  decode.loss_ce: 0.5617  decode.acc_seg: 69.8700  aux.loss_ce: 0.2327  aux.acc_seg: 68.7066
2026/05/15 10:24:28 - mmengine - INFO - Iter(train) [18200/80000]  lr: 2.4895e-06  eta: 10:21:59  time: 0.6048  data_time: 0.0087  memory: 8686  grad_norm: 2.8456  loss: 0.8156  decode.loss_ce: 0.5731  decode.acc_seg: 79.9622  aux.loss_ce: 0.2426  aux.acc_seg: 79.5569
2026/05/15 10:26:29 - mmengine - INFO - Iter(train) [18400/80000]  lr: 2.4815e-06  eta: 10:19:58  time: 0.6035  data_time: 0.0082  memory: 8686  grad_norm: 2.9013  loss: 0.6962  decode.loss_ce: 0.4943  decode.acc_seg: 83.0079  aux.loss_ce: 0.2020  aux.acc_seg: 82.6404
2026/05/15 10:28:30 - mmengine - INFO - Iter(train) [18600/80000]  lr: 2.4734e-06  eta: 10:17:57  time: 0.6037  data_time: 0.0081  memory: 8686  grad_norm: 1.6256  loss: 0.7648  decode.loss_ce: 0.5420  decode.acc_seg: 80.9766  aux.loss_ce: 0.2227  aux.acc_seg: 79.3064
2026/05/15 10:30:31 - mmengine - INFO - Iter(train) [18800/80000]  lr: 2.4653e-06  eta: 10:15:57  time: 0.6042  data_time: 0.0086  memory: 8686  grad_norm: 5.8157  loss: 1.0454  decode.loss_ce: 0.7334  decode.acc_seg: 75.2827  aux.loss_ce: 0.3120  aux.acc_seg: 73.6524
2026/05/15 10:32:32 - mmengine - INFO - Exp name: large_weijie_whu_1xb4_80k_4e-4_dp20_ld90_20260515_071406
2026/05/15 10:32:32 - mmengine - INFO - Iter(train) [19000/80000]  lr: 2.4573e-06  eta: 10:13:56  time: 0.6041  data_time: 0.0082  memory: 8686  grad_norm: 3.3306  loss: 0.7882  decode.loss_ce: 0.5583  decode.acc_seg: 89.0965  aux.loss_ce: 0.2299  aux.acc_seg: 88.7117
2026/05/15 10:34:33 - mmengine - INFO - Iter(train) [19200/80000]  lr: 2.4492e-06  eta: 10:11:55  time: 0.6033  data_time: 0.0081  memory: 8686  grad_norm: 2.3645  loss: 0.7543  decode.loss_ce: 0.5341  decode.acc_seg: 82.3375  aux.loss_ce: 0.2202  aux.acc_seg: 82.0829
2026/05/15 10:36:33 - mmengine - INFO - Iter(train) [19400/80000]  lr: 2.4412e-06  eta: 10:09:55  time: 0.6034  data_time: 0.0081  memory: 8686  grad_norm: 2.5595  loss: 0.8142  decode.loss_ce: 0.5749  decode.acc_seg: 64.3974  aux.loss_ce: 0.2393  aux.acc_seg: 62.6042
2026/05/15 10:38:34 - mmengine - INFO - Iter(train) [19600/80000]  lr: 2.4331e-06  eta: 10:07:54  time: 0.6034  data_time: 0.0079  memory: 8686  grad_norm: 4.2716  loss: 0.8686  decode.loss_ce: 0.6162  decode.acc_seg: 79.4481  aux.loss_ce: 0.2524  aux.acc_seg: 79.6158
2026/05/15 10:40:35 - mmengine - INFO - Iter(train) [19800/80000]  lr: 2.4251e-06  eta: 10:05:53  time: 0.6036  data_time: 0.0081  memory: 8686  grad_norm: 3.1180  loss: 0.7406  decode.loss_ce: 0.5256  decode.acc_seg: 74.7220  aux.loss_ce: 0.2150  aux.acc_seg: 75.0451
2026/05/15 10:42:36 - mmengine - INFO - Exp name: large_weijie_whu_1xb4_80k_4e-4_dp20_ld90_20260515_071406
2026/05/15 10:42:36 - mmengine - INFO - Iter(train) [20000/80000]  lr: 2.4170e-06  eta: 10:03:52  time: 0.6039  data_time: 0.0080  memory: 8686  grad_norm: 3.2759  loss: 0.8431  decode.loss_ce: 0.5969  decode.acc_seg: 82.8887  aux.loss_ce: 0.2462  aux.acc_seg: 82.5034
2026/05/15 10:42:36 - mmengine - INFO - Saving checkpoint at 20000 iterations
2026/05/15 10:42:57 - mmengine - INFO - Iter(val) [ 200/1400]    eta: 0:01:23  time: 0.0691  data_time: 0.0018  memory: 4886  
2026/05/15 10:43:11 - mmengine - INFO - Iter(val) [ 400/1400]    eta: 0:01:09  time: 0.0704  data_time: 0.0019  memory: 4886  
2026/05/15 10:43:26 - mmengine - INFO - Iter(val) [ 600/1400]    eta: 0:00:56  time: 0.0754  data_time: 0.0022  memory: 4886  
2026/05/15 10:43:40 - mmengine - INFO - Iter(val) [ 800/1400]    eta: 0:00:42  time: 0.0699  data_time: 0.0021  memory: 4886  
2026/05/15 10:43:54 - mmengine - INFO - Iter(val) [1000/1400]    eta: 0:00:28  time: 0.0692  data_time: 0.0019  memory: 4886  
2026/05/15 10:44:08 - mmengine - INFO - Iter(val) [1200/1400]    eta: 0:00:14  time: 0.0694  data_time: 0.0018  memory: 4886  
2026/05/15 10:44:22 - mmengine - INFO - Iter(val) [1400/1400]    eta: 0:00:00  time: 0.0694  data_time: 0.0017  memory: 4886  
2026/05/15 10:44:22 - mmengine - INFO - per class results:
2026/05/15 10:44:22 - mmengine - INFO - 
+----------+-------+-------+--------+-----------+--------+
|  Class   |  IoU  |  Acc  | Fscore | Precision | Recall |
+----------+-------+-------+--------+-----------+--------+
| farmland | 57.63 | 66.38 | 73.12  |   81.39   | 66.38  |
|   city   |  54.1 | 75.44 | 70.22  |   65.67   | 75.44  |
| village  |  33.1 | 57.46 | 49.73  |   43.84   | 57.46  |
|  water   | 57.04 | 70.96 | 72.65  |   74.42   | 70.96  |
|  forest  | 80.02 | 94.08 |  88.9  |   84.26   | 94.08  |
|   road   | 20.57 | 27.43 | 34.12  |   45.15   | 27.43  |
|  other   | 15.54 |  20.2 | 26.89  |   40.23   |  20.2  |
+----------+-------+-------+--------+-----------+--------+
2026/05/15 10:44:22 - mmengine - INFO - Iter(val) [1400/1400]  aAcc: 78.6900  mIoU: 45.4300  mAcc: 58.8500  mFscore: 59.3800  mPrecision: 62.1400  mRecall: 58.8500  Kappa: 33.1200  data_time: 0.0017  time: 0.0694
2026/05/15 10:46:22 - mmengine - INFO - Iter(train) [20200/80000]  lr: 2.4089e-06  eta: 10:01:51  time: 0.6045  data_time: 0.0086  memory: 8686  grad_norm: 3.0806  loss: 0.6515  decode.loss_ce: 0.4580  decode.acc_seg: 85.1627  aux.loss_ce: 0.1936  aux.acc_seg: 84.0625
2026/05/15 10:48:23 - mmengine - INFO - Iter(train) [20400/80000]  lr: 2.4009e-06  eta: 9:59:51  time: 0.6041  data_time: 0.0085  memory: 8686  grad_norm: 1.8022  loss: 0.7861  decode.loss_ce: 0.5581  decode.acc_seg: 84.1368  aux.loss_ce: 0.2281  aux.acc_seg: 84.1436
2026/05/15 10:50:24 - mmengine - INFO - Iter(train) [20600/80000]  lr: 2.3928e-06  eta: 9:57:50  time: 0.6039  data_time: 0.0082  memory: 8686  grad_norm: 2.7245  loss: 0.7740  decode.loss_ce: 0.5510  decode.acc_seg: 75.5056  aux.loss_ce: 0.2230  aux.acc_seg: 74.8991
2026/05/15 10:52:25 - mmengine - INFO - Iter(train) [20800/80000]  lr: 2.3848e-06  eta: 9:55:49  time: 0.6043  data_time: 0.0084  memory: 8686  grad_norm: 2.1792  loss: 0.8039  decode.loss_ce: 0.5688  decode.acc_seg: 81.6652  aux.loss_ce: 0.2350  aux.acc_seg: 81.6582
2026/05/15 10:54:26 - mmengine - INFO - Exp name: large_weijie_whu_1xb4_80k_4e-4_dp20_ld90_20260515_071406
2026/05/15 10:54:26 - mmengine - INFO - Iter(train) [21000/80000]  lr: 2.3767e-06  eta: 9:53:49  time: 0.6036  data_time: 0.0083  memory: 8686  grad_norm: 3.3086  loss: 0.7548  decode.loss_ce: 0.5312  decode.acc_seg: 72.6539  aux.loss_ce: 0.2235  aux.acc_seg: 72.0792
2026/05/15 10:56:27 - mmengine - INFO - Iter(train) [21200/80000]  lr: 2.3687e-06  eta: 9:51:48  time: 0.6038  data_time: 0.0083  memory: 8686  grad_norm: 3.3089  loss: 0.5983  decode.loss_ce: 0.4218  decode.acc_seg: 94.9703  aux.loss_ce: 0.1766  aux.acc_seg: 94.8344
2026/05/15 10:58:27 - mmengine - INFO - Iter(train) [21400/80000]  lr: 2.3606e-06  eta: 9:49:47  time: 0.6038  data_time: 0.0082  memory: 8686  grad_norm: 2.0482  loss: 0.7285  decode.loss_ce: 0.5160  decode.acc_seg: 70.8894  aux.loss_ce: 0.2125  aux.acc_seg: 69.4108
2026/05/15 11:00:28 - mmengine - INFO - Iter(train) [21600/80000]  lr: 2.3526e-06  eta: 9:47:47  time: 0.6036  data_time: 0.0083  memory: 8686  grad_norm: 2.7371  loss: 0.7367  decode.loss_ce: 0.5205  decode.acc_seg: 58.4906  aux.loss_ce: 0.2162  aux.acc_seg: 57.6099
2026/05/15 11:02:29 - mmengine - INFO - Iter(train) [21800/80000]  lr: 2.3445e-06  eta: 9:45:46  time: 0.6041  data_time: 0.0084  memory: 8686  grad_norm: 1.9733  loss: 0.6903  decode.loss_ce: 0.4857  decode.acc_seg: 87.7679  aux.loss_ce: 0.2046  aux.acc_seg: 86.7318
2026/05/15 11:04:30 - mmengine - INFO - Exp name: large_weijie_whu_1xb4_80k_4e-4_dp20_ld90_20260515_071406
2026/05/15 11:04:30 - mmengine - INFO - Iter(train) [22000/80000]  lr: 2.3364e-06  eta: 9:43:45  time: 0.6041  data_time: 0.0084  memory: 8686  grad_norm: 3.2291  loss: 0.7165  decode.loss_ce: 0.5039  decode.acc_seg: 73.9296  aux.loss_ce: 0.2126  aux.acc_seg: 72.8308
2026/05/15 11:06:31 - mmengine - INFO - Iter(train) [22200/80000]  lr: 2.3284e-06  eta: 9:41:45  time: 0.6044  data_time: 0.0086  memory: 8686  grad_norm: 3.8466  loss: 0.8038  decode.loss_ce: 0.5789  decode.acc_seg: 73.0364  aux.loss_ce: 0.2249  aux.acc_seg: 71.2229
2026/05/15 11:08:31 - mmengine - INFO - Iter(train) [22400/80000]  lr: 2.3203e-06  eta: 9:39:44  time: 0.6043  data_time: 0.0084  memory: 8686  grad_norm: 3.6570  loss: 0.9312  decode.loss_ce: 0.6787  decode.acc_seg: 81.6805  aux.loss_ce: 0.2525  aux.acc_seg: 81.6255
2026/05/15 11:10:32 - mmengine - INFO - Iter(train) [22600/80000]  lr: 2.3123e-06  eta: 9:37:43  time: 0.6041  data_time: 0.0083  memory: 8686  grad_norm: 3.0352  loss: 0.7174  decode.loss_ce: 0.5078  decode.acc_seg: 83.0995  aux.loss_ce: 0.2097  aux.acc_seg: 82.8215
2026/05/15 11:12:33 - mmengine - INFO - Iter(train) [22800/80000]  lr: 2.3042e-06  eta: 9:35:43  time: 0.6081  data_time: 0.0101  memory: 8686  grad_norm: 3.5084  loss: 0.7124  decode.loss_ce: 0.5000  decode.acc_seg: 80.6399  aux.loss_ce: 0.2124  aux.acc_seg: 80.5943
2026/05/15 11:14:34 - mmengine - INFO - Exp name: large_weijie_whu_1xb4_80k_4e-4_dp20_ld90_20260515_071406
2026/05/15 11:14:34 - mmengine - INFO - Iter(train) [23000/80000]  lr: 2.2962e-06  eta: 9:33:42  time: 0.6037  data_time: 0.0083  memory: 8686  grad_norm: 2.6852  loss: 0.7015  decode.loss_ce: 0.4978  decode.acc_seg: 80.3174  aux.loss_ce: 0.2037  aux.acc_seg: 79.3979
2026/05/15 11:16:35 - mmengine - INFO - Iter(train) [23200/80000]  lr: 2.2881e-06  eta: 9:31:42  time: 0.6077  data_time: 0.0099  memory: 8686  grad_norm: 2.6552  loss: 0.7137  decode.loss_ce: 0.5073  decode.acc_seg: 73.8755  aux.loss_ce: 0.2064  aux.acc_seg: 73.3088
2026/05/15 11:18:36 - mmengine - INFO - Iter(train) [23400/80000]  lr: 2.2800e-06  eta: 9:29:42  time: 0.6034  data_time: 0.0078  memory: 8686  grad_norm: 2.9166  loss: 0.7262  decode.loss_ce: 0.5167  decode.acc_seg: 72.5914  aux.loss_ce: 0.2095  aux.acc_seg: 71.5742
2026/05/15 11:20:37 - mmengine - INFO - Iter(train) [23600/80000]  lr: 2.2720e-06  eta: 9:27:41  time: 0.6044  data_time: 0.0086  memory: 8686  grad_norm: 2.3891  loss: 0.8347  decode.loss_ce: 0.5935  decode.acc_seg: 78.4956  aux.loss_ce: 0.2411  aux.acc_seg: 78.2457
2026/05/15 11:22:38 - mmengine - INFO - Iter(train) [23800/80000]  lr: 2.2639e-06  eta: 9:25:41  time: 0.6046  data_time: 0.0085  memory: 8686  grad_norm: 2.6466  loss: 0.8147  decode.loss_ce: 0.5791  decode.acc_seg: 62.9990  aux.loss_ce: 0.2356  aux.acc_seg: 62.9112
2026/05/15 11:24:39 - mmengine - INFO - Exp name: large_weijie_whu_1xb4_80k_4e-4_dp20_ld90_20260515_071406
2026/05/15 11:24:39 - mmengine - INFO - Iter(train) [24000/80000]  lr: 2.2559e-06  eta: 9:23:40  time: 0.6036  data_time: 0.0080  memory: 8686  grad_norm: 5.4384  loss: 0.7949  decode.loss_ce: 0.5576  decode.acc_seg: 62.4107  aux.loss_ce: 0.2373  aux.acc_seg: 62.4694
2026/05/15 11:24:39 - mmengine - INFO - Saving checkpoint at 24000 iterations
2026/05/15 11:25:01 - mmengine - INFO - Iter(val) [ 200/1400]    eta: 0:01:24  time: 0.0696  data_time: 0.0019  memory: 4886  
2026/05/15 11:25:15 - mmengine - INFO - Iter(val) [ 400/1400]    eta: 0:01:10  time: 0.0709  data_time: 0.0018  memory: 4886  
2026/05/15 11:25:29 - mmengine - INFO - Iter(val) [ 600/1400]    eta: 0:00:55  time: 0.0698  data_time: 0.0018  memory: 4886  
2026/05/15 11:25:43 - mmengine - INFO - Iter(val) [ 800/1400]    eta: 0:00:42  time: 0.0696  data_time: 0.0019  memory: 4886  
2026/05/15 11:25:57 - mmengine - INFO - Iter(val) [1000/1400]    eta: 0:00:28  time: 0.0697  data_time: 0.0019  memory: 4886  
2026/05/15 11:26:11 - mmengine - INFO - Iter(val) [1200/1400]    eta: 0:00:14  time: 0.0700  data_time: 0.0019  memory: 4886  
2026/05/15 11:26:25 - mmengine - INFO - Iter(val) [1400/1400]    eta: 0:00:00  time: 0.0697  data_time: 0.0017  memory: 4886  
2026/05/15 11:26:25 - mmengine - INFO - per class results:
2026/05/15 11:26:25 - mmengine - INFO - 
+----------+-------+-------+--------+-----------+--------+
|  Class   |  IoU  |  Acc  | Fscore | Precision | Recall |
+----------+-------+-------+--------+-----------+--------+
| farmland | 61.18 | 74.95 | 75.91  |    76.9   | 74.95  |
|   city   | 54.83 | 73.89 | 70.82  |    68.0   | 73.89  |
| village  | 33.22 | 45.16 | 49.88  |    55.7   | 45.16  |
|  water   |  57.2 | 73.64 | 72.77  |   71.93   | 73.64  |
|  forest  |  80.9 | 91.94 | 89.44  |   87.08   | 91.94  |
|   road   | 22.47 | 29.32 | 36.69  |   49.03   | 29.32  |
|  other   | 10.83 |  12.5 | 19.55  |    44.8   |  12.5  |
+----------+-------+-------+--------+-----------+--------+
2026/05/15 11:26:25 - mmengine - INFO - Iter(val) [1400/1400]  aAcc: 79.9900  mIoU: 45.8000  mAcc: 57.3400  mFscore: 59.3000  mPrecision: 64.7800  mRecall: 57.3400  Kappa: 36.0600  data_time: 0.0017  time: 0.0697
2026/05/15 11:26:25 - mmengine - INFO - The previous best checkpoint /root/det/work_dirs/large_weijie_whu_1xb4_80k_4e-4_dp20_ld90/best_aAcc_iter_16000.pth is removed
2026/05/15 11:26:28 - mmengine - INFO - The best checkpoint with 79.9900 aAcc at 24000 iter is saved to best_aAcc_iter_24000.pth.
2026/05/15 11:28:29 - mmengine - INFO - Iter(train) [24200/80000]  lr: 2.2478e-06  eta: 9:21:47  time: 0.6037  data_time: 0.0082  memory: 8686  grad_norm: 3.4030  loss: 0.8194  decode.loss_ce: 0.5865  decode.acc_seg: 79.8991  aux.loss_ce: 0.2330  aux.acc_seg: 79.8007
2026/05/15 11:30:30 - mmengine - INFO - Iter(train) [24400/80000]  lr: 2.2398e-06  eta: 9:19:46  time: 0.6035  data_time: 0.0080  memory: 8686  grad_norm: 2.6220  loss: 0.7282  decode.loss_ce: 0.5151  decode.acc_seg: 77.4223  aux.loss_ce: 0.2132  aux.acc_seg: 76.8874
2026/05/15 11:32:30 - mmengine - INFO - Iter(train) [24600/80000]  lr: 2.2317e-06  eta: 9:17:45  time: 0.6040  data_time: 0.0082  memory: 8686  grad_norm: 2.7327  loss: 0.8258  decode.loss_ce: 0.5858  decode.acc_seg: 70.2629  aux.loss_ce: 0.2401  aux.acc_seg: 69.9313
2026/05/15 11:34:31 - mmengine - INFO - Iter(train) [24800/80000]  lr: 2.2236e-06  eta: 9:15:44  time: 0.6031  data_time: 0.0078  memory: 8686  grad_norm: 2.8283  loss: 0.7107  decode.loss_ce: 0.5040  decode.acc_seg: 78.9648  aux.loss_ce: 0.2067  aux.acc_seg: 78.5234
2026/05/15 11:36:32 - mmengine - INFO - Exp name: large_weijie_whu_1xb4_80k_4e-4_dp20_ld90_20260515_071406
2026/05/15 11:36:32 - mmengine - INFO - Iter(train) [25000/80000]  lr: 2.2156e-06  eta: 9:13:43  time: 0.6037  data_time: 0.0079  memory: 8686  grad_norm: 3.1878  loss: 0.7144  decode.loss_ce: 0.5043  decode.acc_seg: 80.5946  aux.loss_ce: 0.2101  aux.acc_seg: 78.5145
2026/05/15 11:38:33 - mmengine - INFO - Iter(train) [25200/80000]  lr: 2.2075e-06  eta: 9:11:43  time: 0.6038  data_time: 0.0079  memory: 8686  grad_norm: 4.6301  loss: 0.7053  decode.loss_ce: 0.5041  decode.acc_seg: 73.1099  aux.loss_ce: 0.2012  aux.acc_seg: 72.1876
2026/05/15 11:40:34 - mmengine - INFO - Iter(train) [25400/80000]  lr: 2.1995e-06  eta: 9:09:42  time: 0.6052  data_time: 0.0090  memory: 8686  grad_norm: 2.7612  loss: 0.6906  decode.loss_ce: 0.4880  decode.acc_seg: 85.4249  aux.loss_ce: 0.2027  aux.acc_seg: 85.3371
2026/05/15 11:42:35 - mmengine - INFO - Iter(train) [25600/80000]  lr: 2.1914e-06  eta: 9:07:41  time: 0.6043  data_time: 0.0085  memory: 8686  grad_norm: 2.5895  loss: 0.7300  decode.loss_ce: 0.5177  decode.acc_seg: 72.3199  aux.loss_ce: 0.2123  aux.acc_seg: 71.9931
2026/05/15 11:44:35 - mmengine - INFO - Iter(train) [25800/80000]  lr: 2.1834e-06  eta: 9:05:40  time: 0.6039  data_time: 0.0078  memory: 8686  grad_norm: 2.8746  loss: 0.8186  decode.loss_ce: 0.5718  decode.acc_seg: 87.4991  aux.loss_ce: 0.2468  aux.acc_seg: 87.6899
2026/05/15 11:46:36 - mmengine - INFO - Exp name: large_weijie_whu_1xb4_80k_4e-4_dp20_ld90_20260515_071406
2026/05/15 11:46:36 - mmengine - INFO - Iter(train) [26000/80000]  lr: 2.1753e-06  eta: 9:03:40  time: 0.6041  data_time: 0.0082  memory: 8686  grad_norm: 3.6661  loss: 0.8687  decode.loss_ce: 0.6193  decode.acc_seg: 78.4818  aux.loss_ce: 0.2494  aux.acc_seg: 78.2263
2026/05/15 11:48:37 - mmengine - INFO - Iter(train) [26200/80000]  lr: 2.1672e-06  eta: 9:01:39  time: 0.6063  data_time: 0.0091  memory: 8686  grad_norm: 3.9698  loss: 0.7140  decode.loss_ce: 0.5089  decode.acc_seg: 82.5341  aux.loss_ce: 0.2052  aux.acc_seg: 82.2054
2026/05/15 11:50:38 - mmengine - INFO - Iter(train) [26400/80000]  lr: 2.1592e-06  eta: 8:59:39  time: 0.6043  data_time: 0.0085  memory: 8686  grad_norm: 5.1215  loss: 0.8017  decode.loss_ce: 0.5624  decode.acc_seg: 69.1537  aux.loss_ce: 0.2393  aux.acc_seg: 69.5025
2026/05/15 11:52:39 - mmengine - INFO - Iter(train) [26600/80000]  lr: 2.1511e-06  eta: 8:57:38  time: 0.6045  data_time: 0.0085  memory: 8686  grad_norm: 2.3579  loss: 0.6817  decode.loss_ce: 0.4837  decode.acc_seg: 73.6414  aux.loss_ce: 0.1979  aux.acc_seg: 73.1677
2026/05/15 11:54:40 - mmengine - INFO - Iter(train) [26800/80000]  lr: 2.1431e-06  eta: 8:55:37  time: 0.6044  data_time: 0.0084  memory: 8686  grad_norm: 3.1662  loss: 0.8287  decode.loss_ce: 0.5876  decode.acc_seg: 78.5536  aux.loss_ce: 0.2410  aux.acc_seg: 78.1836
2026/05/15 11:56:41 - mmengine - INFO - Exp name: large_weijie_whu_1xb4_80k_4e-4_dp20_ld90_20260515_071406
2026/05/15 11:56:41 - mmengine - INFO - Iter(train) [27000/80000]  lr: 2.1350e-06  eta: 8:53:36  time: 0.6048  data_time: 0.0087  memory: 8686  grad_norm: 3.3051  loss: 0.6412  decode.loss_ce: 0.4561  decode.acc_seg: 87.1098  aux.loss_ce: 0.1851  aux.acc_seg: 87.4275
2026/05/15 11:58:42 - mmengine - INFO - Iter(train) [27200/80000]  lr: 2.1270e-06  eta: 8:51:36  time: 0.6045  data_time: 0.0085  memory: 8686  grad_norm: 2.6251  loss: 0.8166  decode.loss_ce: 0.5759  decode.acc_seg: 68.9170  aux.loss_ce: 0.2407  aux.acc_seg: 67.4361
2026/05/15 12:00:43 - mmengine - INFO - Iter(train) [27400/80000]  lr: 2.1189e-06  eta: 8:49:35  time: 0.6049  data_time: 0.0088  memory: 8686  grad_norm: 4.3584  loss: 0.7277  decode.loss_ce: 0.5139  decode.acc_seg: 86.8534  aux.loss_ce: 0.2138  aux.acc_seg: 86.3936
2026/05/15 12:02:44 - mmengine - INFO - Iter(train) [27600/80000]  lr: 2.1109e-06  eta: 8:47:34  time: 0.6070  data_time: 0.0084  memory: 8686  grad_norm: 3.1164  loss: 0.7409  decode.loss_ce: 0.5246  decode.acc_seg: 82.5758  aux.loss_ce: 0.2163  aux.acc_seg: 81.9872
2026/05/15 12:04:44 - mmengine - INFO - Iter(train) [27800/80000]  lr: 2.1028e-06  eta: 8:45:34  time: 0.6049  data_time: 0.0085  memory: 8686  grad_norm: 2.5919  loss: 0.7255  decode.loss_ce: 0.5123  decode.acc_seg: 86.7958  aux.loss_ce: 0.2132  aux.acc_seg: 83.8193
2026/05/15 12:06:45 - mmengine - INFO - Exp name: large_weijie_whu_1xb4_80k_4e-4_dp20_ld90_20260515_071406
2026/05/15 12:06:45 - mmengine - INFO - Iter(train) [28000/80000]  lr: 2.0947e-06  eta: 8:43:33  time: 0.6045  data_time: 0.0085  memory: 8686  grad_norm: 3.6248  loss: 0.8233  decode.loss_ce: 0.5833  decode.acc_seg: 80.0696  aux.loss_ce: 0.2400  aux.acc_seg: 79.5380
2026/05/15 12:06:45 - mmengine - INFO - Saving checkpoint at 28000 iterations
2026/05/15 12:07:07 - mmengine - INFO - Iter(val) [ 200/1400]    eta: 0:01:25  time: 0.0698  data_time: 0.0018  memory: 4886  
2026/05/15 12:07:21 - mmengine - INFO - Iter(val) [ 400/1400]    eta: 0:01:10  time: 0.0713  data_time: 0.0020  memory: 4886  
2026/05/15 12:07:35 - mmengine - INFO - Iter(val) [ 600/1400]    eta: 0:00:56  time: 0.0701  data_time: 0.0018  memory: 4886  
2026/05/15 12:07:49 - mmengine - INFO - Iter(val) [ 800/1400]    eta: 0:00:42  time: 0.0695  data_time: 0.0017  memory: 4886  
2026/05/15 12:08:04 - mmengine - INFO - Iter(val) [1000/1400]    eta: 0:00:28  time: 0.0699  data_time: 0.0018  memory: 4886  
2026/05/15 12:08:18 - mmengine - INFO - Iter(val) [1200/1400]    eta: 0:00:14  time: 0.0702  data_time: 0.0017  memory: 4886  
2026/05/15 12:08:32 - mmengine - INFO - Iter(val) [1400/1400]    eta: 0:00:00  time: 0.0698  data_time: 0.0016  memory: 4886  
2026/05/15 12:08:32 - mmengine - INFO - per class results:
2026/05/15 12:08:32 - mmengine - INFO - 
+----------+-------+-------+--------+-----------+--------+
|  Class   |  IoU  |  Acc  | Fscore | Precision | Recall |
+----------+-------+-------+--------+-----------+--------+
| farmland | 60.08 | 71.98 | 75.06  |   78.42   | 71.98  |
|   city   |  53.4 | 72.18 | 69.62  |   67.23   | 72.18  |
| village  | 33.49 | 49.35 | 50.18  |   51.03   | 49.35  |
|  water   | 56.56 | 70.58 | 72.25  |   74.01   | 70.58  |
|  forest  | 79.71 | 92.69 | 88.71  |   85.06   | 92.69  |
|   road   | 23.56 | 33.31 | 38.13  |   44.59   | 33.31  |
|  other   | 13.22 | 16.16 | 23.35  |   42.04   | 16.16  |
+----------+-------+-------+--------+-----------+--------+
2026/05/15 12:08:32 - mmengine - INFO - Iter(val) [1400/1400]  aAcc: 79.2900  mIoU: 45.7200  mAcc: 58.0400  mFscore: 59.6100  mPrecision: 63.2000  mRecall: 58.0400  Kappa: 36.9500  data_time: 0.0016  time: 0.0698
2026/05/15 12:10:33 - mmengine - INFO - Iter(train) [28200/80000]  lr: 2.0867e-06  eta: 8:41:33  time: 0.6048  data_time: 0.0086  memory: 8686  grad_norm: 2.7190  loss: 0.6720  decode.loss_ce: 0.4766  decode.acc_seg: 67.3509  aux.loss_ce: 0.1953  aux.acc_seg: 67.0968
2026/05/15 12:12:33 - mmengine - INFO - Iter(train) [28400/80000]  lr: 2.0786e-06  eta: 8:39:32  time: 0.6039  data_time: 0.0084  memory: 8686  grad_norm: 2.5586  loss: 0.7477  decode.loss_ce: 0.5290  decode.acc_seg: 72.0203  aux.loss_ce: 0.2186  aux.acc_seg: 70.8237
2026/05/15 12:14:34 - mmengine - INFO - Iter(train) [28600/80000]  lr: 2.0706e-06  eta: 8:37:31  time: 0.6047  data_time: 0.0086  memory: 8686  grad_norm: 2.4595  loss: 0.6373  decode.loss_ce: 0.4485  decode.acc_seg: 74.9826  aux.loss_ce: 0.1887  aux.acc_seg: 69.7785
2026/05/15 12:16:35 - mmengine - INFO - Iter(train) [28800/80000]  lr: 2.0625e-06  eta: 8:35:31  time: 0.6044  data_time: 0.0085  memory: 8686  grad_norm: 4.0210  loss: 0.8173  decode.loss_ce: 0.5808  decode.acc_seg: 77.6599  aux.loss_ce: 0.2365  aux.acc_seg: 76.9689
2026/05/15 12:18:36 - mmengine - INFO - Exp name: large_weijie_whu_1xb4_80k_4e-4_dp20_ld90_20260515_071406
2026/05/15 12:18:36 - mmengine - INFO - Iter(train) [29000/80000]  lr: 2.0545e-06  eta: 8:33:30  time: 0.6043  data_time: 0.0085  memory: 8686  grad_norm: 4.3018  loss: 0.7052  decode.loss_ce: 0.5030  decode.acc_seg: 81.8917  aux.loss_ce: 0.2022  aux.acc_seg: 81.0480
2026/05/15 12:20:37 - mmengine - INFO - Iter(train) [29200/80000]  lr: 2.0464e-06  eta: 8:31:29  time: 0.6041  data_time: 0.0084  memory: 8686  grad_norm: 2.3481  loss: 0.7170  decode.loss_ce: 0.5091  decode.acc_seg: 84.3704  aux.loss_ce: 0.2079  aux.acc_seg: 83.8529
2026/05/15 12:22:38 - mmengine - INFO - Iter(train) [29400/80000]  lr: 2.0383e-06  eta: 8:29:29  time: 0.6048  data_time: 0.0087  memory: 8686  grad_norm: 3.5811  loss: 0.7750  decode.loss_ce: 0.5474  decode.acc_seg: 71.4525  aux.loss_ce: 0.2276  aux.acc_seg: 69.6636
2026/05/15 12:24:39 - mmengine - INFO - Iter(train) [29600/80000]  lr: 2.0303e-06  eta: 8:27:28  time: 0.6046  data_time: 0.0086  memory: 8686  grad_norm: 3.2246  loss: 0.7833  decode.loss_ce: 0.5474  decode.acc_seg: 78.4287  aux.loss_ce: 0.2359  aux.acc_seg: 79.2297
2026/05/15 12:26:40 - mmengine - INFO - Iter(train) [29800/80000]  lr: 2.0222e-06  eta: 8:25:28  time: 0.6039  data_time: 0.0083  memory: 8686  grad_norm: 2.7296  loss: 0.7904  decode.loss_ce: 0.5574  decode.acc_seg: 82.5124  aux.loss_ce: 0.2330  aux.acc_seg: 81.5242
2026/05/15 12:28:41 - mmengine - INFO - Exp name: large_weijie_whu_1xb4_80k_4e-4_dp20_ld90_20260515_071406
2026/05/15 12:28:41 - mmengine - INFO - Iter(train) [30000/80000]  lr: 2.0142e-06  eta: 8:23:27  time: 0.6037  data_time: 0.0082  memory: 8686  grad_norm: 2.3406  loss: 0.6643  decode.loss_ce: 0.4685  decode.acc_seg: 80.8336  aux.loss_ce: 0.1958  aux.acc_seg: 80.5807
2026/05/15 12:30:42 - mmengine - INFO - Iter(train) [30200/80000]  lr: 2.0061e-06  eta: 8:21:26  time: 0.6038  data_time: 0.0082  memory: 8686  grad_norm: 1.8102  loss: 0.7266  decode.loss_ce: 0.5131  decode.acc_seg: 82.4801  aux.loss_ce: 0.2135  aux.acc_seg: 82.6369
2026/05/15 12:32:43 - mmengine - INFO - Iter(train) [30400/80000]  lr: 1.9981e-06  eta: 8:19:25  time: 0.6045  data_time: 0.0086  memory: 8686  grad_norm: 2.1767  loss: 0.6290  decode.loss_ce: 0.4440  decode.acc_seg: 76.6717  aux.loss_ce: 0.1850  aux.acc_seg: 76.1237
2026/05/15 12:34:44 - mmengine - INFO - Iter(train) [30600/80000]  lr: 1.9900e-06  eta: 8:17:24  time: 0.6038  data_time: 0.0081  memory: 8686  grad_norm: 2.8174  loss: 0.7201  decode.loss_ce: 0.5087  decode.acc_seg: 82.8955  aux.loss_ce: 0.2114  aux.acc_seg: 82.4506
2026/05/15 12:36:44 - mmengine - INFO - Iter(train) [30800/80000]  lr: 1.9819e-06  eta: 8:15:24  time: 0.6045  data_time: 0.0086  memory: 8686  grad_norm: 3.8067  loss: 0.7729  decode.loss_ce: 0.5503  decode.acc_seg: 79.7859  aux.loss_ce: 0.2226  aux.acc_seg: 79.1781
2026/05/15 12:38:45 - mmengine - INFO - Exp name: large_weijie_whu_1xb4_80k_4e-4_dp20_ld90_20260515_071406
2026/05/15 12:38:45 - mmengine - INFO - Iter(train) [31000/80000]  lr: 1.9739e-06  eta: 8:13:23  time: 0.6082  data_time: 0.0086  memory: 8686  grad_norm: 2.1538  loss: 0.7434  decode.loss_ce: 0.5265  decode.acc_seg: 80.7523  aux.loss_ce: 0.2169  aux.acc_seg: 78.3301
2026/05/15 12:40:46 - mmengine - INFO - Iter(train) [31200/80000]  lr: 1.9658e-06  eta: 8:11:22  time: 0.6049  data_time: 0.0087  memory: 8686  grad_norm: 2.3167  loss: 0.6528  decode.loss_ce: 0.4606  decode.acc_seg: 78.9022  aux.loss_ce: 0.1922  aux.acc_seg: 78.8468
2026/05/15 12:42:47 - mmengine - INFO - Iter(train) [31400/80000]  lr: 1.9578e-06  eta: 8:09:21  time: 0.6038  data_time: 0.0082  memory: 8686  grad_norm: 2.9070  loss: 0.6664  decode.loss_ce: 0.4705  decode.acc_seg: 85.0138  aux.loss_ce: 0.1959  aux.acc_seg: 83.6933
2026/05/15 12:44:48 - mmengine - INFO - Iter(train) [31600/80000]  lr: 1.9497e-06  eta: 8:07:21  time: 0.6036  data_time: 0.0083  memory: 8686  grad_norm: 2.4602  loss: 0.6788  decode.loss_ce: 0.4809  decode.acc_seg: 71.0496  aux.loss_ce: 0.1979  aux.acc_seg: 68.6357
2026/05/15 12:46:49 - mmengine - INFO - Iter(train) [31800/80000]  lr: 1.9417e-06  eta: 8:05:20  time: 0.6044  data_time: 0.0083  memory: 8686  grad_norm: 3.3043  loss: 0.8386  decode.loss_ce: 0.5940  decode.acc_seg: 83.5175  aux.loss_ce: 0.2446  aux.acc_seg: 83.4128
2026/05/15 12:48:50 - mmengine - INFO - Exp name: large_weijie_whu_1xb4_80k_4e-4_dp20_ld90_20260515_071406
2026/05/15 12:48:50 - mmengine - INFO - Iter(train) [32000/80000]  lr: 1.9336e-06  eta: 8:03:19  time: 0.6040  data_time: 0.0082  memory: 8686  grad_norm: 2.3768  loss: 0.6963  decode.loss_ce: 0.4929  decode.acc_seg: 79.1028  aux.loss_ce: 0.2034  aux.acc_seg: 78.0865
2026/05/15 12:48:50 - mmengine - INFO - Saving checkpoint at 32000 iterations
2026/05/15 12:49:11 - mmengine - INFO - Iter(val) [ 200/1400]    eta: 0:01:23  time: 0.0740  data_time: 0.0023  memory: 4886  
2026/05/15 12:49:25 - mmengine - INFO - Iter(val) [ 400/1400]    eta: 0:01:10  time: 0.0702  data_time: 0.0020  memory: 4886  
2026/05/15 12:49:39 - mmengine - INFO - Iter(val) [ 600/1400]    eta: 0:00:55  time: 0.0696  data_time: 0.0020  memory: 4886  
2026/05/15 12:49:53 - mmengine - INFO - Iter(val) [ 800/1400]    eta: 0:00:41  time: 0.0697  data_time: 0.0020  memory: 4886  
2026/05/15 12:50:07 - mmengine - INFO - Iter(val) [1000/1400]    eta: 0:00:27  time: 0.0694  data_time: 0.0020  memory: 4886  
2026/05/15 12:50:21 - mmengine - INFO - Iter(val) [1200/1400]    eta: 0:00:13  time: 0.0701  data_time: 0.0020  memory: 4886  
2026/05/15 12:50:35 - mmengine - INFO - Iter(val) [1400/1400]    eta: 0:00:00  time: 0.0697  data_time: 0.0019  memory: 4886  
2026/05/15 12:50:35 - mmengine - INFO - per class results:
2026/05/15 12:50:35 - mmengine - INFO - 
+----------+-------+-------+--------+-----------+--------+
|  Class   |  IoU  |  Acc  | Fscore | Precision | Recall |
+----------+-------+-------+--------+-----------+--------+
| farmland | 61.52 | 75.51 | 76.18  |   76.86   | 75.51  |
|   city   | 53.88 | 72.01 | 70.03  |   68.15   | 72.01  |
| village  | 34.59 | 51.15 |  51.4  |   51.65   | 51.15  |
|  water   |  55.9 | 66.37 | 71.71  |   77.99   | 66.37  |
|  forest  | 80.54 | 92.11 | 89.22  |   86.51   | 92.11  |
|   road   | 22.96 | 30.67 | 37.34  |   47.73   | 30.67  |
|  other   | 15.06 | 19.29 | 26.18  |   40.71   | 19.29  |
+----------+-------+-------+--------+-----------+--------+
2026/05/15 12:50:35 - mmengine - INFO - Iter(val) [1400/1400]  aAcc: 79.8500  mIoU: 46.3500  mAcc: 58.1600  mFscore: 60.2900  mPrecision: 64.2300  mRecall: 58.1600  Kappa: 37.6600  data_time: 0.0019  time: 0.0697
2026/05/15 12:52:36 - mmengine - INFO - Iter(train) [32200/80000]  lr: 1.9255e-06  eta: 8:01:18  time: 0.6067  data_time: 0.0094  memory: 8686  grad_norm: 2.8093  loss: 0.6866  decode.loss_ce: 0.4846  decode.acc_seg: 83.8492  aux.loss_ce: 0.2019  aux.acc_seg: 82.3588
2026/05/15 12:54:37 - mmengine - INFO - Iter(train) [32400/80000]  lr: 1.9175e-06  eta: 7:59:17  time: 0.6048  data_time: 0.0088  memory: 8686  grad_norm: 2.8461  loss: 0.7029  decode.loss_ce: 0.4980  decode.acc_seg: 76.8944  aux.loss_ce: 0.2050  aux.acc_seg: 76.9981
2026/05/15 12:56:38 - mmengine - INFO - Iter(train) [32600/80000]  lr: 1.9094e-06  eta: 7:57:17  time: 0.6044  data_time: 0.0085  memory: 8686  grad_norm: 3.2009  loss: 0.7394  decode.loss_ce: 0.5247  decode.acc_seg: 81.1538  aux.loss_ce: 0.2147  aux.acc_seg: 80.1418
2026/05/15 12:58:39 - mmengine - INFO - Iter(train) [32800/80000]  lr: 1.9014e-06  eta: 7:55:16  time: 0.6045  data_time: 0.0085  memory: 8686  grad_norm: 2.8455  loss: 0.7590  decode.loss_ce: 0.5388  decode.acc_seg: 74.9870  aux.loss_ce: 0.2202  aux.acc_seg: 74.2484
2026/05/15 13:00:40 - mmengine - INFO - Exp name: large_weijie_whu_1xb4_80k_4e-4_dp20_ld90_20260515_071406
2026/05/15 13:00:40 - mmengine - INFO - Iter(train) [33000/80000]  lr: 1.8933e-06  eta: 7:53:15  time: 0.6036  data_time: 0.0083  memory: 8686  grad_norm: 3.4036  loss: 0.6176  decode.loss_ce: 0.4371  decode.acc_seg: 83.2252  aux.loss_ce: 0.1805  aux.acc_seg: 82.5597
2026/05/15 13:02:41 - mmengine - INFO - Iter(train) [33200/80000]  lr: 1.8853e-06  eta: 7:51:14  time: 0.6048  data_time: 0.0086  memory: 8686  grad_norm: 2.9340  loss: 0.7310  decode.loss_ce: 0.5186  decode.acc_seg: 76.3739  aux.loss_ce: 0.2124  aux.acc_seg: 76.1496
2026/05/15 13:04:42 - mmengine - INFO - Iter(train) [33400/80000]  lr: 1.8772e-06  eta: 7:49:14  time: 0.6039  data_time: 0.0083  memory: 8686  grad_norm: 3.2916  loss: 0.6635  decode.loss_ce: 0.4694  decode.acc_seg: 69.7064  aux.loss_ce: 0.1942  aux.acc_seg: 69.1140
2026/05/15 13:06:43 - mmengine - INFO - Iter(train) [33600/80000]  lr: 1.8692e-06  eta: 7:47:13  time: 0.6038  data_time: 0.0082  memory: 8686  grad_norm: 2.5986  loss: 0.6987  decode.loss_ce: 0.4940  decode.acc_seg: 72.0212  aux.loss_ce: 0.2046  aux.acc_seg: 71.6156
2026/05/15 13:08:43 - mmengine - INFO - Iter(train) [33800/80000]  lr: 1.8611e-06  eta: 7:45:12  time: 0.6042  data_time: 0.0083  memory: 8686  grad_norm: 1.8058  loss: 0.6511  decode.loss_ce: 0.4592  decode.acc_seg: 79.3844  aux.loss_ce: 0.1919  aux.acc_seg: 78.7217
2026/05/15 13:10:44 - mmengine - INFO - Exp name: large_weijie_whu_1xb4_80k_4e-4_dp20_ld90_20260515_071406
2026/05/15 13:10:44 - mmengine - INFO - Iter(train) [34000/80000]  lr: 1.8530e-06  eta: 7:43:12  time: 0.6052  data_time: 0.0087  memory: 8686  grad_norm: 4.7444  loss: 0.8365  decode.loss_ce: 0.5913  decode.acc_seg: 84.2487  aux.loss_ce: 0.2452  aux.acc_seg: 83.9622
2026/05/15 13:12:45 - mmengine - INFO - Iter(train) [34200/80000]  lr: 1.8450e-06  eta: 7:41:11  time: 0.6039  data_time: 0.0082  memory: 8686  grad_norm: 2.6843  loss: 0.7372  decode.loss_ce: 0.5219  decode.acc_seg: 85.2413  aux.loss_ce: 0.2153  aux.acc_seg: 84.0066
2026/05/15 13:14:46 - mmengine - INFO - Iter(train) [34400/80000]  lr: 1.8369e-06  eta: 7:39:10  time: 0.6039  data_time: 0.0080  memory: 8686  grad_norm: 3.1534  loss: 0.6585  decode.loss_ce: 0.4652  decode.acc_seg: 79.5527  aux.loss_ce: 0.1934  aux.acc_seg: 79.1310
2026/05/15 13:16:47 - mmengine - INFO - Iter(train) [34600/80000]  lr: 1.8289e-06  eta: 7:37:09  time: 0.6074  data_time: 0.0096  memory: 8686  grad_norm: 1.7818  loss: 0.6764  decode.loss_ce: 0.4793  decode.acc_seg: 85.8775  aux.loss_ce: 0.1972  aux.acc_seg: 85.6372
2026/05/15 13:18:48 - mmengine - INFO - Iter(train) [34800/80000]  lr: 1.8208e-06  eta: 7:35:09  time: 0.6050  data_time: 0.0088  memory: 8686  grad_norm: 4.6911  loss: 0.6150  decode.loss_ce: 0.4320  decode.acc_seg: 86.5140  aux.loss_ce: 0.1830  aux.acc_seg: 85.4711
2026/05/15 13:20:49 - mmengine - INFO - Exp name: large_weijie_whu_1xb4_80k_4e-4_dp20_ld90_20260515_071406
2026/05/15 13:20:49 - mmengine - INFO - Iter(train) [35000/80000]  lr: 1.8128e-06  eta: 7:33:09  time: 0.6052  data_time: 0.0088  memory: 8686  grad_norm: 2.6297  loss: 0.6452  decode.loss_ce: 0.4567  decode.acc_seg: 87.2699  aux.loss_ce: 0.1885  aux.acc_seg: 87.1496
2026/05/15 13:22:50 - mmengine - INFO - Iter(train) [35200/80000]  lr: 1.8047e-06  eta: 7:31:08  time: 0.6048  data_time: 0.0086  memory: 8686  grad_norm: 2.3232  loss: 0.6790  decode.loss_ce: 0.4795  decode.acc_seg: 84.8924  aux.loss_ce: 0.1994  aux.acc_seg: 83.5364
2026/05/15 13:24:52 - mmengine - INFO - Iter(train) [35400/80000]  lr: 1.7966e-06  eta: 7:29:07  time: 0.6041  data_time: 0.0082  memory: 8686  grad_norm: 1.8602  loss: 0.5733  decode.loss_ce: 0.4070  decode.acc_seg: 87.5545  aux.loss_ce: 0.1662  aux.acc_seg: 87.3627
2026/05/15 13:26:53 - mmengine - INFO - Iter(train) [35600/80000]  lr: 1.7886e-06  eta: 7:27:07  time: 0.6074  data_time: 0.0085  memory: 8686  grad_norm: 3.2237  loss: 0.6768  decode.loss_ce: 0.4808  decode.acc_seg: 81.7202  aux.loss_ce: 0.1960  aux.acc_seg: 81.2177
2026/05/15 13:28:54 - mmengine - INFO - Iter(train) [35800/80000]  lr: 1.7805e-06  eta: 7:25:06  time: 0.6044  data_time: 0.0085  memory: 8686  grad_norm: 2.5346  loss: 0.6047  decode.loss_ce: 0.4269  decode.acc_seg: 90.0010  aux.loss_ce: 0.1778  aux.acc_seg: 89.7396
2026/05/15 13:30:55 - mmengine - INFO - Exp name: large_weijie_whu_1xb4_80k_4e-4_dp20_ld90_20260515_071406
2026/05/15 13:30:55 - mmengine - INFO - Iter(train) [36000/80000]  lr: 1.7725e-06  eta: 7:23:06  time: 0.6048  data_time: 0.0084  memory: 8686  grad_norm: 3.7178  loss: 0.7400  decode.loss_ce: 0.5233  decode.acc_seg: 78.7206  aux.loss_ce: 0.2167  aux.acc_seg: 77.6292
2026/05/15 13:30:55 - mmengine - INFO - Saving checkpoint at 36000 iterations
2026/05/15 13:31:17 - mmengine - INFO - Iter(val) [ 200/1400]    eta: 0:01:24  time: 0.0698  data_time: 0.0020  memory: 4886  
2026/05/15 13:31:31 - mmengine - INFO - Iter(val) [ 400/1400]    eta: 0:01:10  time: 0.0705  data_time: 0.0020  memory: 4886  
2026/05/15 13:31:45 - mmengine - INFO - Iter(val) [ 600/1400]    eta: 0:00:56  time: 0.0713  data_time: 0.0020  memory: 4886  
2026/05/15 13:31:59 - mmengine - INFO - Iter(val) [ 800/1400]    eta: 0:00:42  time: 0.0697  data_time: 0.0020  memory: 4886  
2026/05/15 13:32:13 - mmengine - INFO - Iter(val) [1000/1400]    eta: 0:00:28  time: 0.0697  data_time: 0.0019  memory: 4886  
2026/05/15 13:32:27 - mmengine - INFO - Iter(val) [1200/1400]    eta: 0:00:14  time: 0.0699  data_time: 0.0018  memory: 4886  
2026/05/15 13:32:41 - mmengine - INFO - Iter(val) [1400/1400]    eta: 0:00:00  time: 0.0704  data_time: 0.0017  memory: 4886  
2026/05/15 13:32:41 - mmengine - INFO - per class results:
2026/05/15 13:32:41 - mmengine - INFO - 
+----------+-------+-------+--------+-----------+--------+
|  Class   |  IoU  |  Acc  | Fscore | Precision | Recall |
+----------+-------+-------+--------+-----------+--------+
| farmland | 60.68 |  73.0 | 75.53  |   78.24   |  73.0  |
|   city   | 55.11 | 71.97 | 71.06  |   70.17   | 71.97  |
| village  | 34.08 | 51.66 | 50.84  |   50.04   | 51.66  |
|  water   | 56.74 | 65.99 |  72.4  |   80.18   | 65.99  |
|  forest  | 79.77 | 92.85 | 88.74  |   84.99   | 92.85  |
|   road   | 25.79 | 40.81 |  41.0  |   41.19   | 40.81  |
|  other   | 14.69 | 21.38 | 25.62  |   31.95   | 21.38  |
+----------+-------+-------+--------+-----------+--------+
2026/05/15 13:32:41 - mmengine - INFO - Iter(val) [1400/1400]  aAcc: 79.4500  mIoU: 46.6900  mAcc: 59.6700  mFscore: 60.7400  mPrecision: 62.4000  mRecall: 59.6700  Kappa: 35.1200  data_time: 0.0017  time: 0.0704
2026/05/15 13:34:42 - mmengine - INFO - Iter(train) [36200/80000]  lr: 1.7644e-06  eta: 7:21:05  time: 0.6042  data_time: 0.0085  memory: 8686  grad_norm: 2.6628  loss: 0.7114  decode.loss_ce: 0.5042  decode.acc_seg: 71.4221  aux.loss_ce: 0.2073  aux.acc_seg: 70.3884
2026/05/15 13:36:43 - mmengine - INFO - Iter(train) [36400/80000]  lr: 1.7564e-06  eta: 7:19:04  time: 0.6044  data_time: 0.0086  memory: 8686  grad_norm: 2.3383  loss: 0.6341  decode.loss_ce: 0.4480  decode.acc_seg: 86.0283  aux.loss_ce: 0.1862  aux.acc_seg: 85.8877
2026/05/15 13:38:44 - mmengine - INFO - Iter(train) [36600/80000]  lr: 1.7483e-06  eta: 7:17:03  time: 0.6043  data_time: 0.0082  memory: 8686  grad_norm: 2.3336  loss: 0.7243  decode.loss_ce: 0.5129  decode.acc_seg: 86.8511  aux.loss_ce: 0.2114  aux.acc_seg: 86.5026
2026/05/15 13:40:45 - mmengine - INFO - Iter(train) [36800/80000]  lr: 1.7402e-06  eta: 7:15:03  time: 0.6048  data_time: 0.0086  memory: 8686  grad_norm: 1.6087  loss: 0.6263  decode.loss_ce: 0.4413  decode.acc_seg: 87.4604  aux.loss_ce: 0.1850  aux.acc_seg: 86.7887
2026/05/15 13:42:46 - mmengine - INFO - Exp name: large_weijie_whu_1xb4_80k_4e-4_dp20_ld90_20260515_071406
2026/05/15 13:42:46 - mmengine - INFO - Iter(train) [37000/80000]  lr: 1.7322e-06  eta: 7:13:02  time: 0.6055  data_time: 0.0088  memory: 8686  grad_norm: 1.8279  loss: 0.7598  decode.loss_ce: 0.5389  decode.acc_seg: 78.4370  aux.loss_ce: 0.2208  aux.acc_seg: 77.4872
2026/05/15 13:44:47 - mmengine - INFO - Iter(train) [37200/80000]  lr: 1.7241e-06  eta: 7:11:02  time: 0.6049  data_time: 0.0086  memory: 8686  grad_norm: 2.1931  loss: 0.6707  decode.loss_ce: 0.4737  decode.acc_seg: 86.0549  aux.loss_ce: 0.1970  aux.acc_seg: 85.8626
2026/05/15 13:46:48 - mmengine - INFO - Iter(train) [37400/80000]  lr: 1.7161e-06  eta: 7:09:01  time: 0.6081  data_time: 0.0099  memory: 8686  grad_norm: 1.7588  loss: 0.6090  decode.loss_ce: 0.4296  decode.acc_seg: 80.2801  aux.loss_ce: 0.1794  aux.acc_seg: 78.4993
2026/05/15 13:48:49 - mmengine - INFO - Iter(train) [37600/80000]  lr: 1.7080e-06  eta: 7:07:00  time: 0.6048  data_time: 0.0085  memory: 8686  grad_norm: 2.4302  loss: 0.6132  decode.loss_ce: 0.4327  decode.acc_seg: 81.3119  aux.loss_ce: 0.1805  aux.acc_seg: 80.4808
2026/05/15 13:50:50 - mmengine - INFO - Iter(train) [37800/80000]  lr: 1.7000e-06  eta: 7:05:00  time: 0.6049  data_time: 0.0087  memory: 8686  grad_norm: 1.8675  loss: 0.6202  decode.loss_ce: 0.4378  decode.acc_seg: 86.5415  aux.loss_ce: 0.1824  aux.acc_seg: 85.6298
2026/05/15 13:52:51 - mmengine - INFO - Exp name: large_weijie_whu_1xb4_80k_4e-4_dp20_ld90_20260515_071406
2026/05/15 13:52:51 - mmengine - INFO - Iter(train) [38000/80000]  lr: 1.6919e-06  eta: 7:02:59  time: 0.6072  data_time: 0.0096  memory: 8686  grad_norm: 2.5473  loss: 0.6602  decode.loss_ce: 0.4601  decode.acc_seg: 83.3509  aux.loss_ce: 0.2001  aux.acc_seg: 82.2390
2026/05/15 13:54:52 - mmengine - INFO - Iter(train) [38200/80000]  lr: 1.6838e-06  eta: 7:00:58  time: 0.6052  data_time: 0.0087  memory: 8686  grad_norm: 3.1956  loss: 0.5929  decode.loss_ce: 0.4212  decode.acc_seg: 78.1374  aux.loss_ce: 0.1717  aux.acc_seg: 77.6703
2026/05/15 13:56:53 - mmengine - INFO - Iter(train) [38400/80000]  lr: 1.6758e-06  eta: 6:58:58  time: 0.6045  data_time: 0.0087  memory: 8686  grad_norm: 2.3034  loss: 0.6683  decode.loss_ce: 0.4730  decode.acc_seg: 81.9345  aux.loss_ce: 0.1953  aux.acc_seg: 81.2967
2026/05/15 13:58:54 - mmengine - INFO - Iter(train) [38600/80000]  lr: 1.6677e-06  eta: 6:56:57  time: 0.6054  data_time: 0.0089  memory: 8686  grad_norm: 3.4443  loss: 0.7281  decode.loss_ce: 0.5201  decode.acc_seg: 76.6595  aux.loss_ce: 0.2081  aux.acc_seg: 75.8090
2026/05/15 14:00:56 - mmengine - INFO - Iter(train) [38800/80000]  lr: 1.6597e-06  eta: 6:54:57  time: 0.6057  data_time: 0.0088  memory: 8686  grad_norm: 3.5885  loss: 0.7534  decode.loss_ce: 0.5337  decode.acc_seg: 83.7602  aux.loss_ce: 0.2197  aux.acc_seg: 83.2708
2026/05/15 14:02:57 - mmengine - INFO - Exp name: large_weijie_whu_1xb4_80k_4e-4_dp20_ld90_20260515_071406
2026/05/15 14:02:57 - mmengine - INFO - Iter(train) [39000/80000]  lr: 1.6516e-06  eta: 6:52:56  time: 0.6056  data_time: 0.0090  memory: 8686  grad_norm: 2.8576  loss: 0.6608  decode.loss_ce: 0.4700  decode.acc_seg: 82.0474  aux.loss_ce: 0.1908  aux.acc_seg: 80.9167
2026/05/15 14:04:58 - mmengine - INFO - Iter(train) [39200/80000]  lr: 1.6436e-06  eta: 6:50:55  time: 0.6063  data_time: 0.0091  memory: 8686  grad_norm: 2.2447  loss: 0.5896  decode.loss_ce: 0.4151  decode.acc_seg: 88.0704  aux.loss_ce: 0.1745  aux.acc_seg: 87.3506
2026/05/15 14:06:59 - mmengine - INFO - Iter(train) [39400/80000]  lr: 1.6355e-06  eta: 6:48:55  time: 0.6053  data_time: 0.0084  memory: 8686  grad_norm: 3.1466  loss: 0.7657  decode.loss_ce: 0.5410  decode.acc_seg: 75.1545  aux.loss_ce: 0.2248  aux.acc_seg: 73.6899
2026/05/15 14:09:01 - mmengine - INFO - Iter(train) [39600/80000]  lr: 1.6275e-06  eta: 6:46:54  time: 0.6057  data_time: 0.0088  memory: 8686  grad_norm: 2.5456  loss: 0.6459  decode.loss_ce: 0.4563  decode.acc_seg: 80.3629  aux.loss_ce: 0.1896  aux.acc_seg: 80.5167
2026/05/15 14:11:02 - mmengine - INFO - Iter(train) [39800/80000]  lr: 1.6194e-06  eta: 6:44:54  time: 0.6051  data_time: 0.0087  memory: 8686  grad_norm: 4.7852  loss: 0.7435  decode.loss_ce: 0.5257  decode.acc_seg: 82.4144  aux.loss_ce: 0.2179  aux.acc_seg: 81.7281
2026/05/15 14:13:03 - mmengine - INFO - Exp name: large_weijie_whu_1xb4_80k_4e-4_dp20_ld90_20260515_071406
2026/05/15 14:13:03 - mmengine - INFO - Iter(train) [40000/80000]  lr: 1.6113e-06  eta: 6:42:53  time: 0.6060  data_time: 0.0089  memory: 8686  grad_norm: 2.3343  loss: 0.6980  decode.loss_ce: 0.4905  decode.acc_seg: 78.7010  aux.loss_ce: 0.2075  aux.acc_seg: 78.8782
2026/05/15 14:13:03 - mmengine - INFO - Saving checkpoint at 40000 iterations
2026/05/15 14:13:25 - mmengine - INFO - Iter(val) [ 200/1400]    eta: 0:01:25  time: 0.0714  data_time: 0.0021  memory: 4886  
2026/05/15 14:13:40 - mmengine - INFO - Iter(val) [ 400/1400]    eta: 0:01:11  time: 0.0763  data_time: 0.0024  memory: 4886  
2026/05/15 14:13:54 - mmengine - INFO - Iter(val) [ 600/1400]    eta: 0:00:57  time: 0.0711  data_time: 0.0021  memory: 4886  
2026/05/15 14:14:08 - mmengine - INFO - Iter(val) [ 800/1400]    eta: 0:00:43  time: 0.0704  data_time: 0.0021  memory: 4886  
2026/05/15 14:14:23 - mmengine - INFO - Iter(val) [1000/1400]    eta: 0:00:28  time: 0.0710  data_time: 0.0022  memory: 4886  
2026/05/15 14:14:37 - mmengine - INFO - Iter(val) [1200/1400]    eta: 0:00:14  time: 0.0716  data_time: 0.0022  memory: 4886  
2026/05/15 14:14:51 - mmengine - INFO - Iter(val) [1400/1400]    eta: 0:00:00  time: 0.0712  data_time: 0.0021  memory: 4886  
2026/05/15 14:14:51 - mmengine - INFO - per class results:
2026/05/15 14:14:51 - mmengine - INFO - 
+----------+-------+-------+--------+-----------+--------+
|  Class   |  IoU  |  Acc  | Fscore | Precision | Recall |
+----------+-------+-------+--------+-----------+--------+
| farmland |  60.4 |  73.5 | 75.31  |   77.21   |  73.5  |
|   city   | 53.75 | 72.08 | 69.92  |   67.88   | 72.08  |
| village  | 34.44 | 50.59 | 51.23  |   51.89   | 50.59  |
|  water   | 55.39 | 65.05 | 71.29  |   78.86   | 65.05  |
|  forest  | 79.55 | 92.73 | 88.61  |   84.83   | 92.73  |
|   road   | 24.94 | 36.24 | 39.92  |   44.44   | 36.24  |
|  other   |  14.8 | 18.27 | 25.78  |   43.78   | 18.27  |
+----------+-------+-------+--------+-----------+--------+
2026/05/15 14:14:51 - mmengine - INFO - Iter(val) [1400/1400]  aAcc: 79.3300  mIoU: 46.1800  mAcc: 58.3500  mFscore: 60.3000  mPrecision: 64.1300  mRecall: 58.3500  Kappa: 37.4300  data_time: 0.0021  time: 0.0712
2026/05/15 14:16:52 - mmengine - INFO - Iter(train) [40200/80000]  lr: 1.6033e-06  eta: 6:40:53  time: 0.6062  data_time: 0.0090  memory: 8686  grad_norm: 2.6988  loss: 0.6792  decode.loss_ce: 0.4796  decode.acc_seg: 77.0597  aux.loss_ce: 0.1996  aux.acc_seg: 76.4806
2026/05/15 14:18:54 - mmengine - INFO - Iter(train) [40400/80000]  lr: 1.5952e-06  eta: 6:38:52  time: 0.6060  data_time: 0.0089  memory: 8686  grad_norm: 2.5795  loss: 0.7739  decode.loss_ce: 0.5480  decode.acc_seg: 83.7469  aux.loss_ce: 0.2259  aux.acc_seg: 82.7464
2026/05/15 14:20:55 - mmengine - INFO - Iter(train) [40600/80000]  lr: 1.5872e-06  eta: 6:36:52  time: 0.6059  data_time: 0.0087  memory: 8686  grad_norm: 1.7486  loss: 0.6415  decode.loss_ce: 0.4522  decode.acc_seg: 82.2557  aux.loss_ce: 0.1893  aux.acc_seg: 81.1600
2026/05/15 14:22:56 - mmengine - INFO - Iter(train) [40800/80000]  lr: 1.5791e-06  eta: 6:34:51  time: 0.6059  data_time: 0.0084  memory: 8686  grad_norm: 2.5352  loss: 0.7976  decode.loss_ce: 0.5647  decode.acc_seg: 77.9632  aux.loss_ce: 0.2329  aux.acc_seg: 77.7582
2026/05/15 14:24:58 - mmengine - INFO - Exp name: large_weijie_whu_1xb4_80k_4e-4_dp20_ld90_20260515_071406
2026/05/15 14:24:58 - mmengine - INFO - Iter(train) [41000/80000]  lr: 1.5711e-06  eta: 6:32:52  time: 0.6111  data_time: 0.0101  memory: 8686  grad_norm: 3.6144  loss: 0.6588  decode.loss_ce: 0.4659  decode.acc_seg: 87.1599  aux.loss_ce: 0.1929  aux.acc_seg: 86.5829
2026/05/15 14:27:02 - mmengine - INFO - Iter(train) [41200/80000]  lr: 1.5630e-06  eta: 6:30:53  time: 0.6171  data_time: 0.0129  memory: 8686  grad_norm: 2.7174  loss: 0.6976  decode.loss_ce: 0.4924  decode.acc_seg: 81.8354  aux.loss_ce: 0.2052  aux.acc_seg: 81.4277
2026/05/15 14:29:04 - mmengine - INFO - Iter(train) [41400/80000]  lr: 1.5549e-06  eta: 6:28:53  time: 0.6094  data_time: 0.0106  memory: 8686  grad_norm: 3.0036  loss: 0.6838  decode.loss_ce: 0.4806  decode.acc_seg: 79.6178  aux.loss_ce: 0.2032  aux.acc_seg: 79.4872
2026/05/15 14:31:05 - mmengine - INFO - Iter(train) [41600/80000]  lr: 1.5469e-06  eta: 6:26:53  time: 0.6069  data_time: 0.0091  memory: 8686  grad_norm: 2.4096  loss: 0.7523  decode.loss_ce: 0.5318  decode.acc_seg: 75.9637  aux.loss_ce: 0.2205  aux.acc_seg: 73.9618
2026/05/15 14:33:07 - mmengine - INFO - Iter(train) [41800/80000]  lr: 1.5388e-06  eta: 6:24:53  time: 0.6060  data_time: 0.0090  memory: 8686  grad_norm: 2.3698  loss: 0.6242  decode.loss_ce: 0.4422  decode.acc_seg: 80.4513  aux.loss_ce: 0.1820  aux.acc_seg: 79.5972
2026/05/15 14:35:09 - mmengine - INFO - Exp name: large_weijie_whu_1xb4_80k_4e-4_dp20_ld90_20260515_071406
2026/05/15 14:35:09 - mmengine - INFO - Iter(train) [42000/80000]  lr: 1.5308e-06  eta: 6:22:53  time: 0.6061  data_time: 0.0089  memory: 8686  grad_norm: 2.6638  loss: 0.6257  decode.loss_ce: 0.4410  decode.acc_seg: 80.8415  aux.loss_ce: 0.1847  aux.acc_seg: 79.2633
2026/05/15 14:37:10 - mmengine - INFO - Iter(train) [42200/80000]  lr: 1.5227e-06  eta: 6:20:52  time: 0.6072  data_time: 0.0093  memory: 8686  grad_norm: 1.8962  loss: 0.5380  decode.loss_ce: 0.3805  decode.acc_seg: 83.3201  aux.loss_ce: 0.1575  aux.acc_seg: 83.0197
2026/05/15 14:39:12 - mmengine - INFO - Iter(train) [42400/80000]  lr: 1.5147e-06  eta: 6:18:52  time: 0.6049  data_time: 0.0086  memory: 8686  grad_norm: 2.5252  loss: 0.5774  decode.loss_ce: 0.4071  decode.acc_seg: 81.8948  aux.loss_ce: 0.1703  aux.acc_seg: 80.5372
2026/05/15 14:41:13 - mmengine - INFO - Iter(train) [42600/80000]  lr: 1.5066e-06  eta: 6:16:51  time: 0.6045  data_time: 0.0085  memory: 8686  grad_norm: 3.0265  loss: 0.7160  decode.loss_ce: 0.5074  decode.acc_seg: 83.0324  aux.loss_ce: 0.2086  aux.acc_seg: 82.0155
2026/05/15 14:43:14 - mmengine - INFO - Iter(train) [42800/80000]  lr: 1.4985e-06  eta: 6:14:51  time: 0.6071  data_time: 0.0095  memory: 8686  grad_norm: 2.4296  loss: 0.6666  decode.loss_ce: 0.4705  decode.acc_seg: 88.1618  aux.loss_ce: 0.1961  aux.acc_seg: 87.4828
2026/05/15 14:45:15 - mmengine - INFO - Exp name: large_weijie_whu_1xb4_80k_4e-4_dp20_ld90_20260515_071406
2026/05/15 14:45:15 - mmengine - INFO - Iter(train) [43000/80000]  lr: 1.4905e-06  eta: 6:12:50  time: 0.6067  data_time: 0.0088  memory: 8686  grad_norm: 2.8383  loss: 0.6408  decode.loss_ce: 0.4535  decode.acc_seg: 78.9808  aux.loss_ce: 0.1874  aux.acc_seg: 78.6262
2026/05/15 14:47:17 - mmengine - INFO - Iter(train) [43200/80000]  lr: 1.4824e-06  eta: 6:10:49  time: 0.6052  data_time: 0.0086  memory: 8686  grad_norm: 2.8770  loss: 0.5803  decode.loss_ce: 0.4122  decode.acc_seg: 86.7288  aux.loss_ce: 0.1681  aux.acc_seg: 87.3331
2026/05/15 14:49:18 - mmengine - INFO - Iter(train) [43400/80000]  lr: 1.4744e-06  eta: 6:08:49  time: 0.6047  data_time: 0.0086  memory: 8686  grad_norm: 3.0246  loss: 0.6389  decode.loss_ce: 0.4528  decode.acc_seg: 83.4172  aux.loss_ce: 0.1861  aux.acc_seg: 83.0522
2026/05/15 14:51:19 - mmengine - INFO - Iter(train) [43600/80000]  lr: 1.4663e-06  eta: 6:06:48  time: 0.6056  data_time: 0.0088  memory: 8686  grad_norm: 2.5307  loss: 0.6983  decode.loss_ce: 0.4939  decode.acc_seg: 73.9105  aux.loss_ce: 0.2045  aux.acc_seg: 73.0303
2026/05/15 14:53:21 - mmengine - INFO - Iter(train) [43800/80000]  lr: 1.4583e-06  eta: 6:04:47  time: 0.6040  data_time: 0.0082  memory: 8686  grad_norm: 2.0535  loss: 0.6760  decode.loss_ce: 0.4765  decode.acc_seg: 83.3023  aux.loss_ce: 0.1995  aux.acc_seg: 82.6191
2026/05/15 14:55:22 - mmengine - INFO - Exp name: large_weijie_whu_1xb4_80k_4e-4_dp20_ld90_20260515_071406
2026/05/15 14:55:22 - mmengine - INFO - Iter(train) [44000/80000]  lr: 1.4502e-06  eta: 6:02:47  time: 0.6047  data_time: 0.0084  memory: 8686  grad_norm: 3.3014  loss: 0.6508  decode.loss_ce: 0.4632  decode.acc_seg: 86.8375  aux.loss_ce: 0.1876  aux.acc_seg: 86.2948
2026/05/15 14:55:22 - mmengine - INFO - Saving checkpoint at 44000 iterations
2026/05/15 14:55:46 - mmengine - INFO - Iter(val) [ 200/1400]    eta: 0:01:28  time: 0.0775  data_time: 0.0040  memory: 4886  
2026/05/15 14:56:00 - mmengine - INFO - Iter(val) [ 400/1400]    eta: 0:01:12  time: 0.0713  data_time: 0.0022  memory: 4886  
2026/05/15 14:56:14 - mmengine - INFO - Iter(val) [ 600/1400]    eta: 0:00:57  time: 0.0698  data_time: 0.0018  memory: 4886  
2026/05/15 14:56:28 - mmengine - INFO - Iter(val) [ 800/1400]    eta: 0:00:42  time: 0.0691  data_time: 0.0017  memory: 4886  
2026/05/15 14:56:42 - mmengine - INFO - Iter(val) [1000/1400]    eta: 0:00:28  time: 0.0765  data_time: 0.0032  memory: 4886  
2026/05/15 14:56:56 - mmengine - INFO - Iter(val) [1200/1400]    eta: 0:00:14  time: 0.0698  data_time: 0.0018  memory: 4886  
2026/05/15 14:57:10 - mmengine - INFO - Iter(val) [1400/1400]    eta: 0:00:00  time: 0.0717  data_time: 0.0021  memory: 4886  
2026/05/15 14:57:10 - mmengine - INFO - per class results:
2026/05/15 14:57:10 - mmengine - INFO - 
+----------+-------+-------+--------+-----------+--------+
|  Class   |  IoU  |  Acc  | Fscore | Precision | Recall |
+----------+-------+-------+--------+-----------+--------+
| farmland | 60.59 | 73.63 | 75.46  |   77.38   | 73.63  |
|   city   | 54.24 | 67.37 | 70.33  |   73.56   | 67.37  |
| village  | 34.87 |  53.5 | 51.71  |   50.03   |  53.5  |
|  water   |  56.2 | 66.19 | 71.96  |   78.83   | 66.19  |
|  forest  |  80.1 | 92.61 | 88.95  |   85.57   | 92.61  |
|   road   | 25.87 | 42.52 | 41.11  |   39.79   | 42.52  |
|  other   |  15.6 |  20.6 | 26.99  |   39.13   |  20.6  |
+----------+-------+-------+--------+-----------+--------+
2026/05/15 14:57:10 - mmengine - INFO - Iter(val) [1400/1400]  aAcc: 79.5200  mIoU: 46.7800  mAcc: 59.4900  mFscore: 60.9300  mPrecision: 63.4700  mRecall: 59.4900  Kappa: 37.2800  data_time: 0.0021  time: 0.0717
2026/05/15 14:59:11 - mmengine - INFO - Iter(train) [44200/80000]  lr: 1.4421e-06  eta: 6:00:46  time: 0.6046  data_time: 0.0085  memory: 8686  grad_norm: 2.6524  loss: 0.5745  decode.loss_ce: 0.4052  decode.acc_seg: 75.0397  aux.loss_ce: 0.1693  aux.acc_seg: 74.2452
2026/05/15 15:01:13 - mmengine - INFO - Iter(train) [44400/80000]  lr: 1.4341e-06  eta: 5:58:45  time: 0.6050  data_time: 0.0088  memory: 8686  grad_norm: 1.7208  loss: 0.6091  decode.loss_ce: 0.4289  decode.acc_seg: 81.6746  aux.loss_ce: 0.1802  aux.acc_seg: 80.9788
2026/05/15 15:03:15 - mmengine - INFO - Iter(train) [44600/80000]  lr: 1.4260e-06  eta: 5:56:45  time: 0.6114  data_time: 0.0110  memory: 8686  grad_norm: 2.3303  loss: 0.6403  decode.loss_ce: 0.4504  decode.acc_seg: 75.0930  aux.loss_ce: 0.1899  aux.acc_seg: 72.0014
2026/05/15 15:05:17 - mmengine - INFO - Iter(train) [44800/80000]  lr: 1.4180e-06  eta: 5:54:45  time: 0.6067  data_time: 0.0093  memory: 8686  grad_norm: 2.3355  loss: 0.7139  decode.loss_ce: 0.5041  decode.acc_seg: 80.1360  aux.loss_ce: 0.2098  aux.acc_seg: 78.7358
2026/05/15 15:07:19 - mmengine - INFO - Exp name: large_weijie_whu_1xb4_80k_4e-4_dp20_ld90_20260515_071406
2026/05/15 15:07:19 - mmengine - INFO - Iter(train) [45000/80000]  lr: 1.4099e-06  eta: 5:52:45  time: 0.6069  data_time: 0.0092  memory: 8686  grad_norm: 2.3528  loss: 0.6733  decode.loss_ce: 0.4773  decode.acc_seg: 82.1894  aux.loss_ce: 0.1960  aux.acc_seg: 82.2301
2026/05/15 15:09:21 - mmengine - INFO - Iter(train) [45200/80000]  lr: 1.4019e-06  eta: 5:50:45  time: 0.6121  data_time: 0.0111  memory: 8686  grad_norm: 2.8398  loss: 0.7205  decode.loss_ce: 0.5101  decode.acc_seg: 72.5682  aux.loss_ce: 0.2104  aux.acc_seg: 71.6972
2026/05/15 15:11:22 - mmengine - INFO - Iter(train) [45400/80000]  lr: 1.3938e-06  eta: 5:48:44  time: 0.6118  data_time: 0.0109  memory: 8686  grad_norm: 2.2519  loss: 0.5627  decode.loss_ce: 0.3977  decode.acc_seg: 79.5143  aux.loss_ce: 0.1651  aux.acc_seg: 77.7068
2026/05/15 15:13:24 - mmengine - INFO - Iter(train) [45600/80000]  lr: 1.3857e-06  eta: 5:46:44  time: 0.6061  data_time: 0.0087  memory: 8686  grad_norm: 3.9483  loss: 0.6765  decode.loss_ce: 0.4788  decode.acc_seg: 76.9526  aux.loss_ce: 0.1977  aux.acc_seg: 76.7014
2026/05/15 15:15:26 - mmengine - INFO - Iter(train) [45800/80000]  lr: 1.3777e-06  eta: 5:44:44  time: 0.6085  data_time: 0.0095  memory: 8686  grad_norm: 2.9356  loss: 0.6543  decode.loss_ce: 0.4623  decode.acc_seg: 81.9867  aux.loss_ce: 0.1921  aux.acc_seg: 81.3234
2026/05/15 15:17:27 - mmengine - INFO - Exp name: large_weijie_whu_1xb4_80k_4e-4_dp20_ld90_20260515_071406
2026/05/15 15:17:27 - mmengine - INFO - Iter(train) [46000/80000]  lr: 1.3696e-06  eta: 5:42:43  time: 0.6116  data_time: 0.0118  memory: 8686  grad_norm: 2.2513  loss: 0.6049  decode.loss_ce: 0.4281  decode.acc_seg: 80.0975  aux.loss_ce: 0.1768  aux.acc_seg: 79.2985
2026/05/15 15:19:29 - mmengine - INFO - Iter(train) [46200/80000]  lr: 1.3616e-06  eta: 5:40:42  time: 0.6062  data_time: 0.0089  memory: 8686  grad_norm: 2.8206  loss: 0.5893  decode.loss_ce: 0.4170  decode.acc_seg: 81.8920  aux.loss_ce: 0.1723  aux.acc_seg: 80.1675
2026/05/15 15:21:31 - mmengine - INFO - Iter(train) [46400/80000]  lr: 1.3535e-06  eta: 5:38:43  time: 0.6157  data_time: 0.0126  memory: 8686  grad_norm: 2.5158  loss: 0.6649  decode.loss_ce: 0.4701  decode.acc_seg: 76.4490  aux.loss_ce: 0.1947  aux.acc_seg: 76.3984
2026/05/15 15:23:33 - mmengine - INFO - Iter(train) [46600/80000]  lr: 1.3455e-06  eta: 5:36:42  time: 0.6078  data_time: 0.0100  memory: 8686  grad_norm: 2.4320  loss: 0.7166  decode.loss_ce: 0.5058  decode.acc_seg: 80.4275  aux.loss_ce: 0.2108  aux.acc_seg: 79.4531
2026/05/15 15:25:35 - mmengine - INFO - Iter(train) [46800/80000]  lr: 1.3374e-06  eta: 5:34:42  time: 0.6069  data_time: 0.0092  memory: 8686  grad_norm: 3.3945  loss: 0.8948  decode.loss_ce: 0.6306  decode.acc_seg: 76.3400  aux.loss_ce: 0.2642  aux.acc_seg: 76.0813
2026/05/15 15:27:37 - mmengine - INFO - Exp name: large_weijie_whu_1xb4_80k_4e-4_dp20_ld90_20260515_071406
2026/05/15 15:27:37 - mmengine - INFO - Iter(train) [47000/80000]  lr: 1.3294e-06  eta: 5:32:41  time: 0.6065  data_time: 0.0084  memory: 8686  grad_norm: 2.0984  loss: 0.5628  decode.loss_ce: 0.3959  decode.acc_seg: 82.5687  aux.loss_ce: 0.1668  aux.acc_seg: 81.6009
2026/05/15 15:29:38 - mmengine - INFO - Iter(train) [47200/80000]  lr: 1.3213e-06  eta: 5:30:41  time: 0.6075  data_time: 0.0095  memory: 8686  grad_norm: 4.5434  loss: 0.6923  decode.loss_ce: 0.4881  decode.acc_seg: 79.8196  aux.loss_ce: 0.2043  aux.acc_seg: 78.0452
2026/05/15 15:31:40 - mmengine - INFO - Iter(train) [47400/80000]  lr: 1.3132e-06  eta: 5:28:40  time: 0.6071  data_time: 0.0094  memory: 8686  grad_norm: 1.8946  loss: 0.6089  decode.loss_ce: 0.4279  decode.acc_seg: 80.3219  aux.loss_ce: 0.1810  aux.acc_seg: 79.3388
2026/05/15 15:33:42 - mmengine - INFO - Iter(train) [47600/80000]  lr: 1.3052e-06  eta: 5:26:40  time: 0.6063  data_time: 0.0092  memory: 8686  grad_norm: 3.6539  loss: 0.6377  decode.loss_ce: 0.4512  decode.acc_seg: 93.6903  aux.loss_ce: 0.1865  aux.acc_seg: 93.4294
2026/05/15 15:35:43 - mmengine - INFO - Iter(train) [47800/80000]  lr: 1.2971e-06  eta: 5:24:39  time: 0.6075  data_time: 0.0092  memory: 8686  grad_norm: 3.1046  loss: 0.6783  decode.loss_ce: 0.4782  decode.acc_seg: 76.9524  aux.loss_ce: 0.2001  aux.acc_seg: 76.1099
2026/05/15 15:37:45 - mmengine - INFO - Exp name: large_weijie_whu_1xb4_80k_4e-4_dp20_ld90_20260515_071406
2026/05/15 15:37:45 - mmengine - INFO - Iter(train) [48000/80000]  lr: 1.2891e-06  eta: 5:22:39  time: 0.6159  data_time: 0.0126  memory: 8686  grad_norm: 2.7006  loss: 0.6876  decode.loss_ce: 0.4872  decode.acc_seg: 75.3282  aux.loss_ce: 0.2003  aux.acc_seg: 74.3751
2026/05/15 15:37:45 - mmengine - INFO - Saving checkpoint at 48000 iterations
2026/05/15 15:38:09 - mmengine - INFO - Iter(val) [ 200/1400]    eta: 0:01:27  time: 0.0712  data_time: 0.0025  memory: 4886  
2026/05/15 15:38:23 - mmengine - INFO - Iter(val) [ 400/1400]    eta: 0:01:12  time: 0.0717  data_time: 0.0023  memory: 4886  
2026/05/15 15:38:37 - mmengine - INFO - Iter(val) [ 600/1400]    eta: 0:00:57  time: 0.0760  data_time: 0.0027  memory: 4886  
2026/05/15 15:38:52 - mmengine - INFO - Iter(val) [ 800/1400]    eta: 0:00:43  time: 0.0716  data_time: 0.0022  memory: 4886  
2026/05/15 15:39:07 - mmengine - INFO - Iter(val) [1000/1400]    eta: 0:00:28  time: 0.0713  data_time: 0.0022  memory: 4886  
2026/05/15 15:39:21 - mmengine - INFO - Iter(val) [1200/1400]    eta: 0:00:14  time: 0.0722  data_time: 0.0022  memory: 4886  
2026/05/15 15:39:35 - mmengine - INFO - Iter(val) [1400/1400]    eta: 0:00:00  time: 0.0724  data_time: 0.0023  memory: 4886  
2026/05/15 15:39:35 - mmengine - INFO - per class results:
2026/05/15 15:39:35 - mmengine - INFO - 
+----------+-------+-------+--------+-----------+--------+
|  Class   |  IoU  |  Acc  | Fscore | Precision | Recall |
+----------+-------+-------+--------+-----------+--------+
| farmland | 60.74 | 73.29 | 75.58  |   78.01   | 73.29  |
|   city   | 53.35 | 68.39 | 69.58  |   70.82   | 68.39  |
| village  | 35.43 | 56.85 | 52.33  |   48.47   | 56.85  |
|  water   | 57.44 | 67.94 | 72.96  |   78.79   | 67.94  |
|  forest  | 80.26 | 92.47 | 89.05  |   85.87   | 92.47  |
|   road   | 25.65 | 38.02 | 40.83  |   44.09   | 38.02  |
|  other   | 15.26 | 18.77 | 26.48  |   44.95   | 18.77  |
+----------+-------+-------+--------+-----------+--------+
2026/05/15 15:39:35 - mmengine - INFO - Iter(val) [1400/1400]  aAcc: 79.6800  mIoU: 46.8800  mAcc: 59.3900  mFscore: 60.9700  mPrecision: 64.4300  mRecall: 59.3900  Kappa: 37.5600  data_time: 0.0023  time: 0.0724
2026/05/15 15:41:37 - mmengine - INFO - Iter(train) [48200/80000]  lr: 1.2810e-06  eta: 5:20:38  time: 0.6062  data_time: 0.0090  memory: 8686  grad_norm: 2.3639  loss: 0.6095  decode.loss_ce: 0.4307  decode.acc_seg: 82.7933  aux.loss_ce: 0.1788  aux.acc_seg: 82.8984
2026/05/15 15:43:38 - mmengine - INFO - Iter(train) [48400/80000]  lr: 1.2730e-06  eta: 5:18:37  time: 0.6071  data_time: 0.0094  memory: 8686  grad_norm: 2.3865  loss: 0.7046  decode.loss_ce: 0.4988  decode.acc_seg: 79.0836  aux.loss_ce: 0.2058  aux.acc_seg: 78.1576
2026/05/15 15:45:40 - mmengine - INFO - Iter(train) [48600/80000]  lr: 1.2649e-06  eta: 5:16:37  time: 0.6168  data_time: 0.0124  memory: 8686  grad_norm: 2.2851  loss: 0.6256  decode.loss_ce: 0.4413  decode.acc_seg: 83.0054  aux.loss_ce: 0.1842  aux.acc_seg: 82.4059
2026/05/15 15:47:41 - mmengine - INFO - Iter(train) [48800/80000]  lr: 1.2568e-06  eta: 5:14:36  time: 0.6056  data_time: 0.0088  memory: 8686  grad_norm: 1.7134  loss: 0.6134  decode.loss_ce: 0.4314  decode.acc_seg: 87.8594  aux.loss_ce: 0.1819  aux.acc_seg: 86.9134
2026/05/15 15:49:43 - mmengine - INFO - Exp name: large_weijie_whu_1xb4_80k_4e-4_dp20_ld90_20260515_071406
2026/05/15 15:49:43 - mmengine - INFO - Iter(train) [49000/80000]  lr: 1.2488e-06  eta: 5:12:35  time: 0.6079  data_time: 0.0092  memory: 8686  grad_norm: 2.2275  loss: 0.6358  decode.loss_ce: 0.4503  decode.acc_seg: 88.9127  aux.loss_ce: 0.1855  aux.acc_seg: 88.8889
2026/05/15 15:51:44 - mmengine - INFO - Iter(train) [49200/80000]  lr: 1.2407e-06  eta: 5:10:34  time: 0.6047  data_time: 0.0085  memory: 8686  grad_norm: 2.2285  loss: 0.6151  decode.loss_ce: 0.4333  decode.acc_seg: 82.6564  aux.loss_ce: 0.1819  aux.acc_seg: 82.1074
2026/05/15 15:53:46 - mmengine - INFO - Iter(train) [49400/80000]  lr: 1.2327e-06  eta: 5:08:34  time: 0.6053  data_time: 0.0089  memory: 8686  grad_norm: 1.9292  loss: 0.6849  decode.loss_ce: 0.4838  decode.acc_seg: 73.5891  aux.loss_ce: 0.2011  aux.acc_seg: 72.6594
2026/05/15 15:55:47 - mmengine - INFO - Iter(train) [49600/80000]  lr: 1.2246e-06  eta: 5:06:33  time: 0.6046  data_time: 0.0085  memory: 8686  grad_norm: 2.9350  loss: 0.6601  decode.loss_ce: 0.4645  decode.acc_seg: 87.3453  aux.loss_ce: 0.1956  aux.acc_seg: 87.0266
2026/05/15 15:57:48 - mmengine - INFO - Iter(train) [49800/80000]  lr: 1.2166e-06  eta: 5:04:32  time: 0.6052  data_time: 0.0088  memory: 8686  grad_norm: 2.4323  loss: 0.6554  decode.loss_ce: 0.4627  decode.acc_seg: 86.6491  aux.loss_ce: 0.1927  aux.acc_seg: 86.2139
2026/05/15 15:59:49 - mmengine - INFO - Exp name: large_weijie_whu_1xb4_80k_4e-4_dp20_ld90_20260515_071406
2026/05/15 15:59:49 - mmengine - INFO - Iter(train) [50000/80000]  lr: 1.2085e-06  eta: 5:02:31  time: 0.6034  data_time: 0.0081  memory: 8686  grad_norm: 2.3193  loss: 0.5647  decode.loss_ce: 0.3965  decode.acc_seg: 76.7402  aux.loss_ce: 0.1682  aux.acc_seg: 75.3129
2026/05/15 16:01:50 - mmengine - INFO - Iter(train) [50200/80000]  lr: 1.2004e-06  eta: 5:00:30  time: 0.6044  data_time: 0.0087  memory: 8686  grad_norm: 1.9396  loss: 0.6454  decode.loss_ce: 0.4561  decode.acc_seg: 81.6687  aux.loss_ce: 0.1893  aux.acc_seg: 81.8856
2026/05/15 16:03:51 - mmengine - INFO - Iter(train) [50400/80000]  lr: 1.1924e-06  eta: 4:58:29  time: 0.6047  data_time: 0.0087  memory: 8686  grad_norm: 2.4458  loss: 0.6280  decode.loss_ce: 0.4445  decode.acc_seg: 85.5262  aux.loss_ce: 0.1835  aux.acc_seg: 85.6077
2026/05/15 16:05:52 - mmengine - INFO - Iter(train) [50600/80000]  lr: 1.1843e-06  eta: 4:56:28  time: 0.6078  data_time: 0.0098  memory: 8686  grad_norm: 2.0988  loss: 0.6733  decode.loss_ce: 0.4749  decode.acc_seg: 79.8973  aux.loss_ce: 0.1984  aux.acc_seg: 79.3161
2026/05/15 16:07:53 - mmengine - INFO - Iter(train) [50800/80000]  lr: 1.1763e-06  eta: 4:54:27  time: 0.6043  data_time: 0.0083  memory: 8686  grad_norm: 2.7429  loss: 0.6702  decode.loss_ce: 0.4728  decode.acc_seg: 85.3515  aux.loss_ce: 0.1974  aux.acc_seg: 84.3009
2026/05/15 16:09:55 - mmengine - INFO - Exp name: large_weijie_whu_1xb4_80k_4e-4_dp20_ld90_20260515_071406
2026/05/15 16:09:55 - mmengine - INFO - Iter(train) [51000/80000]  lr: 1.1682e-06  eta: 4:52:26  time: 0.6092  data_time: 0.0101  memory: 8686  grad_norm: 2.9741  loss: 0.6685  decode.loss_ce: 0.4717  decode.acc_seg: 83.8429  aux.loss_ce: 0.1968  aux.acc_seg: 83.4382
2026/05/15 16:11:56 - mmengine - INFO - Iter(train) [51200/80000]  lr: 1.1602e-06  eta: 4:50:25  time: 0.6044  data_time: 0.0085  memory: 8686  grad_norm: 2.8374  loss: 0.7328  decode.loss_ce: 0.5176  decode.acc_seg: 84.2528  aux.loss_ce: 0.2152  aux.acc_seg: 83.8250
2026/05/15 16:13:57 - mmengine - INFO - Iter(train) [51400/80000]  lr: 1.1521e-06  eta: 4:48:24  time: 0.6043  data_time: 0.0085  memory: 8686  grad_norm: 1.6267  loss: 0.6161  decode.loss_ce: 0.4367  decode.acc_seg: 90.4112  aux.loss_ce: 0.1793  aux.acc_seg: 90.4396
2026/05/15 16:15:58 - mmengine - INFO - Iter(train) [51600/80000]  lr: 1.1440e-06  eta: 4:46:23  time: 0.6049  data_time: 0.0087  memory: 8686  grad_norm: 3.0867  loss: 0.6965  decode.loss_ce: 0.4904  decode.acc_seg: 89.1738  aux.loss_ce: 0.2061  aux.acc_seg: 88.9852
2026/05/15 16:17:59 - mmengine - INFO - Iter(train) [51800/80000]  lr: 1.1360e-06  eta: 4:44:22  time: 0.6154  data_time: 0.0118  memory: 8686  grad_norm: 2.2495  loss: 0.6451  decode.loss_ce: 0.4558  decode.acc_seg: 84.9358  aux.loss_ce: 0.1892  aux.acc_seg: 84.8565
2026/05/15 16:20:00 - mmengine - INFO - Exp name: large_weijie_whu_1xb4_80k_4e-4_dp20_ld90_20260515_071406
2026/05/15 16:20:00 - mmengine - INFO - Iter(train) [52000/80000]  lr: 1.1279e-06  eta: 4:42:21  time: 0.6054  data_time: 0.0086  memory: 8686  grad_norm: 1.8612  loss: 0.6843  decode.loss_ce: 0.4838  decode.acc_seg: 74.4096  aux.loss_ce: 0.2005  aux.acc_seg: 74.3613
2026/05/15 16:20:00 - mmengine - INFO - Saving checkpoint at 52000 iterations
2026/05/15 16:20:22 - mmengine - INFO - Iter(val) [ 200/1400]    eta: 0:01:25  time: 0.0695  data_time: 0.0022  memory: 4886  
2026/05/15 16:20:37 - mmengine - INFO - Iter(val) [ 400/1400]    eta: 0:01:11  time: 0.0707  data_time: 0.0020  memory: 4886  
2026/05/15 16:20:51 - mmengine - INFO - Iter(val) [ 600/1400]    eta: 0:00:57  time: 0.0705  data_time: 0.0021  memory: 4886  
2026/05/15 16:21:06 - mmengine - INFO - Iter(val) [ 800/1400]    eta: 0:00:42  time: 0.0705  data_time: 0.0023  memory: 4886  
2026/05/15 16:21:20 - mmengine - INFO - Iter(val) [1000/1400]    eta: 0:00:28  time: 0.0702  data_time: 0.0022  memory: 4886  
2026/05/15 16:21:34 - mmengine - INFO - Iter(val) [1200/1400]    eta: 0:00:14  time: 0.0704  data_time: 0.0020  memory: 4886  
2026/05/15 16:21:48 - mmengine - INFO - Iter(val) [1400/1400]    eta: 0:00:00  time: 0.0706  data_time: 0.0019  memory: 4886  
2026/05/15 16:21:48 - mmengine - INFO - per class results:
2026/05/15 16:21:48 - mmengine - INFO - 
+----------+-------+-------+--------+-----------+--------+
|  Class   |  IoU  |  Acc  | Fscore | Precision | Recall |
+----------+-------+-------+--------+-----------+--------+
| farmland | 60.66 | 74.16 | 75.51  |   76.91   | 74.16  |
|   city   |  54.2 | 69.18 |  70.3  |   71.45   | 69.18  |
| village  | 34.59 | 48.09 |  51.4  |    55.2   | 48.09  |
|  water   | 56.72 | 66.38 | 72.38  |   79.58   | 66.38  |
|  forest  | 79.71 |  93.3 | 88.71  |   84.55   |  93.3  |
|   road   | 26.09 | 37.47 | 41.38  |   46.19   | 37.47  |
|  other   | 13.07 |  15.0 | 23.11  |   50.29   |  15.0  |
+----------+-------+-------+--------+-----------+--------+
2026/05/15 16:21:48 - mmengine - INFO - Iter(val) [1400/1400]  aAcc: 79.7000  mIoU: 46.4300  mAcc: 57.6600  mFscore: 60.4000  mPrecision: 66.3100  mRecall: 57.6600  Kappa: 36.6800  data_time: 0.0019  time: 0.0706
2026/05/15 16:23:49 - mmengine - INFO - Iter(train) [52200/80000]  lr: 1.1199e-06  eta: 4:40:20  time: 0.6104  data_time: 0.0108  memory: 8686  grad_norm: 2.5546  loss: 0.5686  decode.loss_ce: 0.4005  decode.acc_seg: 83.7741  aux.loss_ce: 0.1681  aux.acc_seg: 83.1141
2026/05/15 16:25:50 - mmengine - INFO - Iter(train) [52400/80000]  lr: 1.1118e-06  eta: 4:38:19  time: 0.6049  data_time: 0.0086  memory: 8686  grad_norm: 3.1892  loss: 0.6184  decode.loss_ce: 0.4362  decode.acc_seg: 89.3721  aux.loss_ce: 0.1822  aux.acc_seg: 89.3276
2026/05/15 16:27:52 - mmengine - INFO - Iter(train) [52600/80000]  lr: 1.1038e-06  eta: 4:36:19  time: 0.6065  data_time: 0.0088  memory: 8686  grad_norm: 2.2965  loss: 0.6491  decode.loss_ce: 0.4587  decode.acc_seg: 81.2715  aux.loss_ce: 0.1903  aux.acc_seg: 80.1203
2026/05/15 16:29:54 - mmengine - INFO - Iter(train) [52800/80000]  lr: 1.0957e-06  eta: 4:34:18  time: 0.6072  data_time: 0.0092  memory: 8686  grad_norm: 2.7811  loss: 0.6702  decode.loss_ce: 0.4720  decode.acc_seg: 80.1030  aux.loss_ce: 0.1982  aux.acc_seg: 79.5073
2026/05/15 16:31:56 - mmengine - INFO - Exp name: large_weijie_whu_1xb4_80k_4e-4_dp20_ld90_20260515_071406
2026/05/15 16:31:56 - mmengine - INFO - Iter(train) [53000/80000]  lr: 1.0877e-06  eta: 4:32:18  time: 0.6063  data_time: 0.0089  memory: 8686  grad_norm: 2.2358  loss: 0.5905  decode.loss_ce: 0.4164  decode.acc_seg: 82.2586  aux.loss_ce: 0.1741  aux.acc_seg: 81.6871
2026/05/15 16:33:58 - mmengine - INFO - Iter(train) [53200/80000]  lr: 1.0796e-06  eta: 4:30:17  time: 0.6130  data_time: 0.0112  memory: 8686  grad_norm: 3.1343  loss: 0.6667  decode.loss_ce: 0.4714  decode.acc_seg: 80.8613  aux.loss_ce: 0.1953  aux.acc_seg: 80.4690
2026/05/15 16:36:00 - mmengine - INFO - Iter(train) [53400/80000]  lr: 1.0715e-06  eta: 4:28:17  time: 0.6198  data_time: 0.0127  memory: 8686  grad_norm: 3.2952  loss: 0.6392  decode.loss_ce: 0.4513  decode.acc_seg: 93.1381  aux.loss_ce: 0.1879  aux.acc_seg: 94.1959
2026/05/15 16:38:02 - mmengine - INFO - Iter(train) [53600/80000]  lr: 1.0635e-06  eta: 4:26:16  time: 0.6147  data_time: 0.0119  memory: 8686  grad_norm: 2.4260  loss: 0.6087  decode.loss_ce: 0.4291  decode.acc_seg: 85.4112  aux.loss_ce: 0.1796  aux.acc_seg: 84.2096
2026/05/15 16:40:05 - mmengine - INFO - Iter(train) [53800/80000]  lr: 1.0554e-06  eta: 4:24:16  time: 0.6123  data_time: 0.0115  memory: 8686  grad_norm: 2.3320  loss: 0.6770  decode.loss_ce: 0.4779  decode.acc_seg: 88.1444  aux.loss_ce: 0.1991  aux.acc_seg: 86.9893
2026/05/15 16:42:07 - mmengine - INFO - Exp name: large_weijie_whu_1xb4_80k_4e-4_dp20_ld90_20260515_071406
2026/05/15 16:42:07 - mmengine - INFO - Iter(train) [54000/80000]  lr: 1.0474e-06  eta: 4:22:15  time: 0.6116  data_time: 0.0106  memory: 8686  grad_norm: 2.7608  loss: 0.5151  decode.loss_ce: 0.3628  decode.acc_seg: 79.1849  aux.loss_ce: 0.1524  aux.acc_seg: 76.6280
2026/05/15 16:44:09 - mmengine - INFO - Iter(train) [54200/80000]  lr: 1.0393e-06  eta: 4:20:15  time: 0.6123  data_time: 0.0104  memory: 8686  grad_norm: 2.4892  loss: 0.6295  decode.loss_ce: 0.4425  decode.acc_seg: 74.1956  aux.loss_ce: 0.1871  aux.acc_seg: 72.1936
2026/05/15 16:46:11 - mmengine - INFO - Iter(train) [54400/80000]  lr: 1.0313e-06  eta: 4:18:14  time: 0.6141  data_time: 0.0121  memory: 8686  grad_norm: 3.1449  loss: 0.6339  decode.loss_ce: 0.4475  decode.acc_seg: 90.5762  aux.loss_ce: 0.1864  aux.acc_seg: 90.4606
2026/05/15 16:48:13 - mmengine - INFO - Iter(train) [54600/80000]  lr: 1.0232e-06  eta: 4:16:13  time: 0.6065  data_time: 0.0093  memory: 8686  grad_norm: 1.8573  loss: 0.5768  decode.loss_ce: 0.4064  decode.acc_seg: 77.5928  aux.loss_ce: 0.1704  aux.acc_seg: 76.4866
2026/05/15 16:50:15 - mmengine - INFO - Iter(train) [54800/80000]  lr: 1.0151e-06  eta: 4:14:13  time: 0.6126  data_time: 0.0106  memory: 8686  grad_norm: 3.7334  loss: 0.7874  decode.loss_ce: 0.5565  decode.acc_seg: 76.4637  aux.loss_ce: 0.2309  aux.acc_seg: 74.8545
2026/05/15 16:52:17 - mmengine - INFO - Exp name: large_weijie_whu_1xb4_80k_4e-4_dp20_ld90_20260515_071406
2026/05/15 16:52:17 - mmengine - INFO - Iter(train) [55000/80000]  lr: 1.0071e-06  eta: 4:12:12  time: 0.6116  data_time: 0.0109  memory: 8686  grad_norm: 2.2358  loss: 0.6074  decode.loss_ce: 0.4289  decode.acc_seg: 75.7899  aux.loss_ce: 0.1786  aux.acc_seg: 75.1102
2026/05/15 16:54:19 - mmengine - INFO - Iter(train) [55200/80000]  lr: 9.9903e-07  eta: 4:10:11  time: 0.6092  data_time: 0.0099  memory: 8686  grad_norm: 2.4938  loss: 0.5966  decode.loss_ce: 0.4218  decode.acc_seg: 87.6985  aux.loss_ce: 0.1748  aux.acc_seg: 86.7285
2026/05/15 16:56:20 - mmengine - INFO - Iter(train) [55400/80000]  lr: 9.9097e-07  eta: 4:08:11  time: 0.6060  data_time: 0.0090  memory: 8686  grad_norm: 2.2793  loss: 0.5707  decode.loss_ce: 0.4035  decode.acc_seg: 82.6400  aux.loss_ce: 0.1672  aux.acc_seg: 82.2620
2026/05/15 16:58:22 - mmengine - INFO - Iter(train) [55600/80000]  lr: 9.8292e-07  eta: 4:06:10  time: 0.6123  data_time: 0.0091  memory: 8686  grad_norm: 3.3574  loss: 0.7054  decode.loss_ce: 0.4983  decode.acc_seg: 82.2543  aux.loss_ce: 0.2071  aux.acc_seg: 81.3058
2026/05/15 17:00:24 - mmengine - INFO - Iter(train) [55800/80000]  lr: 9.7486e-07  eta: 4:04:09  time: 0.6110  data_time: 0.0112  memory: 8686  grad_norm: 3.6176  loss: 0.6258  decode.loss_ce: 0.4419  decode.acc_seg: 75.7618  aux.loss_ce: 0.1839  aux.acc_seg: 74.8416
2026/05/15 17:02:26 - mmengine - INFO - Exp name: large_weijie_whu_1xb4_80k_4e-4_dp20_ld90_20260515_071406
2026/05/15 17:02:26 - mmengine - INFO - Iter(train) [56000/80000]  lr: 9.6680e-07  eta: 4:02:08  time: 0.6169  data_time: 0.0135  memory: 8686  grad_norm: 4.0877  loss: 0.6463  decode.loss_ce: 0.4562  decode.acc_seg: 75.8433  aux.loss_ce: 0.1901  aux.acc_seg: 74.3230
2026/05/15 17:02:26 - mmengine - INFO - Saving checkpoint at 56000 iterations
2026/05/15 17:02:50 - mmengine - INFO - Iter(val) [ 200/1400]    eta: 0:01:25  time: 0.0721  data_time: 0.0022  memory: 4886  
2026/05/15 17:03:04 - mmengine - INFO - Iter(val) [ 400/1400]    eta: 0:01:11  time: 0.0727  data_time: 0.0022  memory: 4886  
2026/05/15 17:03:18 - mmengine - INFO - Iter(val) [ 600/1400]    eta: 0:00:57  time: 0.0722  data_time: 0.0020  memory: 4886  
2026/05/15 17:03:33 - mmengine - INFO - Iter(val) [ 800/1400]    eta: 0:00:43  time: 0.0721  data_time: 0.0023  memory: 4886  
2026/05/15 17:03:47 - mmengine - INFO - Iter(val) [1000/1400]    eta: 0:00:28  time: 0.0713  data_time: 0.0023  memory: 4886  
2026/05/15 17:04:02 - mmengine - INFO - Iter(val) [1200/1400]    eta: 0:00:14  time: 0.0720  data_time: 0.0022  memory: 4886  
2026/05/15 17:04:16 - mmengine - INFO - Iter(val) [1400/1400]    eta: 0:00:00  time: 0.0719  data_time: 0.0020  memory: 4886  
2026/05/15 17:04:16 - mmengine - INFO - per class results:
2026/05/15 17:04:16 - mmengine - INFO - 
+----------+-------+-------+--------+-----------+--------+
|  Class   |  IoU  |  Acc  | Fscore | Precision | Recall |
+----------+-------+-------+--------+-----------+--------+
| farmland | 60.64 | 72.07 |  75.5  |   79.28   | 72.07  |
|   city   | 53.43 | 69.97 | 69.64  |   69.32   | 69.97  |
| village  | 35.39 | 51.79 | 52.28  |   52.78   | 51.79  |
|  water   |  57.6 | 69.26 | 73.09  |   77.37   | 69.26  |
|  forest  | 80.03 | 93.78 | 88.91  |   84.51   | 93.78  |
|   road   | 26.71 | 38.26 | 42.16  |   46.95   | 38.26  |
|  other   | 14.66 | 18.15 | 25.57  |   43.24   | 18.15  |
+----------+-------+-------+--------+-----------+--------+
2026/05/15 17:04:16 - mmengine - INFO - Iter(val) [1400/1400]  aAcc: 79.8100  mIoU: 46.9200  mAcc: 59.0400  mFscore: 61.0200  mPrecision: 64.7800  mRecall: 59.0400  Kappa: 35.3200  data_time: 0.0020  time: 0.0719
2026/05/15 17:06:18 - mmengine - INFO - Iter(train) [56200/80000]  lr: 9.5875e-07  eta: 4:00:08  time: 0.6061  data_time: 0.0089  memory: 8686  grad_norm: 1.8448  loss: 0.5364  decode.loss_ce: 0.3772  decode.acc_seg: 90.2200  aux.loss_ce: 0.1592  aux.acc_seg: 89.8700
2026/05/15 17:08:19 - mmengine - INFO - Iter(train) [56400/80000]  lr: 9.5069e-07  eta: 3:58:07  time: 0.6071  data_time: 0.0092  memory: 8686  grad_norm: 3.4232  loss: 0.6883  decode.loss_ce: 0.4865  decode.acc_seg: 70.1959  aux.loss_ce: 0.2018  aux.acc_seg: 69.3602
2026/05/15 17:10:21 - mmengine - INFO - Iter(train) [56600/80000]  lr: 9.4263e-07  eta: 3:56:06  time: 0.6065  data_time: 0.0090  memory: 8686  grad_norm: 5.1526  loss: 0.6946  decode.loss_ce: 0.4858  decode.acc_seg: 86.1664  aux.loss_ce: 0.2089  aux.acc_seg: 85.5883
2026/05/15 17:12:23 - mmengine - INFO - Iter(train) [56800/80000]  lr: 9.3458e-07  eta: 3:54:05  time: 0.6123  data_time: 0.0112  memory: 8686  grad_norm: 2.1500  loss: 0.5650  decode.loss_ce: 0.3988  decode.acc_seg: 82.1392  aux.loss_ce: 0.1661  aux.acc_seg: 81.1878
2026/05/15 17:14:25 - mmengine - INFO - Exp name: large_weijie_whu_1xb4_80k_4e-4_dp20_ld90_20260515_071406
2026/05/15 17:14:25 - mmengine - INFO - Iter(train) [57000/80000]  lr: 9.2652e-07  eta: 3:52:04  time: 0.6080  data_time: 0.0094  memory: 8686  grad_norm: 3.0313  loss: 0.5542  decode.loss_ce: 0.3927  decode.acc_seg: 84.8181  aux.loss_ce: 0.1615  aux.acc_seg: 84.0399
2026/05/15 17:16:27 - mmengine - INFO - Iter(train) [57200/80000]  lr: 9.1846e-07  eta: 3:50:04  time: 0.6077  data_time: 0.0096  memory: 8686  grad_norm: 1.9657  loss: 0.5923  decode.loss_ce: 0.4170  decode.acc_seg: 80.8404  aux.loss_ce: 0.1753  aux.acc_seg: 79.6876
2026/05/15 17:18:29 - mmengine - INFO - Iter(train) [57400/80000]  lr: 9.1041e-07  eta: 3:48:03  time: 0.6126  data_time: 0.0112  memory: 8686  grad_norm: 3.7963  loss: 0.7621  decode.loss_ce: 0.5365  decode.acc_seg: 81.1316  aux.loss_ce: 0.2257  aux.acc_seg: 79.6940
2026/05/15 17:20:31 - mmengine - INFO - Iter(train) [57600/80000]  lr: 9.0235e-07  eta: 3:46:02  time: 0.6093  data_time: 0.0094  memory: 8686  grad_norm: 2.3477  loss: 0.6164  decode.loss_ce: 0.4343  decode.acc_seg: 83.3631  aux.loss_ce: 0.1821  aux.acc_seg: 82.5427
2026/05/15 17:22:33 - mmengine - INFO - Iter(train) [57800/80000]  lr: 8.9429e-07  eta: 3:44:01  time: 0.6065  data_time: 0.0092  memory: 8686  grad_norm: 1.8913  loss: 0.5227  decode.loss_ce: 0.3684  decode.acc_seg: 88.6850  aux.loss_ce: 0.1542  aux.acc_seg: 88.1933
2026/05/15 17:24:35 - mmengine - INFO - Exp name: large_weijie_whu_1xb4_80k_4e-4_dp20_ld90_20260515_071406
2026/05/15 17:24:35 - mmengine - INFO - Iter(train) [58000/80000]  lr: 8.8624e-07  eta: 3:42:01  time: 0.6137  data_time: 0.0118  memory: 8686  grad_norm: 3.6643  loss: 0.7348  decode.loss_ce: 0.5178  decode.acc_seg: 79.6284  aux.loss_ce: 0.2170  aux.acc_seg: 78.5928
2026/05/15 17:26:37 - mmengine - INFO - Iter(train) [58200/80000]  lr: 8.7818e-07  eta: 3:40:00  time: 0.6065  data_time: 0.0093  memory: 8686  grad_norm: 3.1159  loss: 0.7378  decode.loss_ce: 0.5174  decode.acc_seg: 92.0472  aux.loss_ce: 0.2204  aux.acc_seg: 91.5724
2026/05/15 17:28:38 - mmengine - INFO - Iter(train) [58400/80000]  lr: 8.7012e-07  eta: 3:37:59  time: 0.6131  data_time: 0.0124  memory: 8686  grad_norm: 1.8060  loss: 0.5829  decode.loss_ce: 0.4092  decode.acc_seg: 73.6916  aux.loss_ce: 0.1737  aux.acc_seg: 72.5989
2026/05/15 17:30:40 - mmengine - INFO - Iter(train) [58600/80000]  lr: 8.6207e-07  eta: 3:35:58  time: 0.6060  data_time: 0.0089  memory: 8686  grad_norm: 1.8437  loss: 0.5485  decode.loss_ce: 0.3857  decode.acc_seg: 91.0635  aux.loss_ce: 0.1628  aux.acc_seg: 90.7442
2026/05/15 17:32:42 - mmengine - INFO - Iter(train) [58800/80000]  lr: 8.5401e-07  eta: 3:33:57  time: 0.6165  data_time: 0.0132  memory: 8686  grad_norm: 2.7788  loss: 0.7448  decode.loss_ce: 0.5242  decode.acc_seg: 91.3843  aux.loss_ce: 0.2206  aux.acc_seg: 91.4823
2026/05/15 17:34:44 - mmengine - INFO - Exp name: large_weijie_whu_1xb4_80k_4e-4_dp20_ld90_20260515_071406
2026/05/15 17:34:44 - mmengine - INFO - Iter(train) [59000/80000]  lr: 8.4595e-07  eta: 3:31:56  time: 0.6076  data_time: 0.0094  memory: 8686  grad_norm: 2.3054  loss: 0.5746  decode.loss_ce: 0.4049  decode.acc_seg: 83.2930  aux.loss_ce: 0.1697  aux.acc_seg: 82.6796
2026/05/15 17:36:46 - mmengine - INFO - Iter(train) [59200/80000]  lr: 8.3790e-07  eta: 3:29:56  time: 0.6082  data_time: 0.0095  memory: 8686  grad_norm: 2.1546  loss: 0.6317  decode.loss_ce: 0.4436  decode.acc_seg: 78.8377  aux.loss_ce: 0.1881  aux.acc_seg: 77.1738
2026/05/15 17:38:47 - mmengine - INFO - Iter(train) [59400/80000]  lr: 8.2984e-07  eta: 3:27:55  time: 0.6063  data_time: 0.0091  memory: 8686  grad_norm: 3.7146  loss: 0.6556  decode.loss_ce: 0.4601  decode.acc_seg: 76.1766  aux.loss_ce: 0.1955  aux.acc_seg: 74.8821
2026/05/15 17:40:49 - mmengine - INFO - Iter(train) [59600/80000]  lr: 8.2178e-07  eta: 3:25:54  time: 0.6155  data_time: 0.0126  memory: 8686  grad_norm: 2.7394  loss: 0.6343  decode.loss_ce: 0.4465  decode.acc_seg: 72.5261  aux.loss_ce: 0.1878  aux.acc_seg: 70.6684
2026/05/15 17:42:51 - mmengine - INFO - Iter(train) [59800/80000]  lr: 8.1373e-07  eta: 3:23:53  time: 0.6064  data_time: 0.0092  memory: 8686  grad_norm: 2.2816  loss: 0.5856  decode.loss_ce: 0.4147  decode.acc_seg: 88.4994  aux.loss_ce: 0.1709  aux.acc_seg: 87.8492
2026/05/15 17:44:53 - mmengine - INFO - Exp name: large_weijie_whu_1xb4_80k_4e-4_dp20_ld90_20260515_071406
2026/05/15 17:44:53 - mmengine - INFO - Iter(train) [60000/80000]  lr: 8.0567e-07  eta: 3:21:52  time: 0.6142  data_time: 0.0123  memory: 8686  grad_norm: 2.6368  loss: 0.7018  decode.loss_ce: 0.4947  decode.acc_seg: 74.8392  aux.loss_ce: 0.2071  aux.acc_seg: 74.4026
2026/05/15 17:44:53 - mmengine - INFO - Saving checkpoint at 60000 iterations
2026/05/15 17:45:16 - mmengine - INFO - Iter(val) [ 200/1400]    eta: 0:01:24  time: 0.0699  data_time: 0.0019  memory: 4886  
2026/05/15 17:45:30 - mmengine - INFO - Iter(val) [ 400/1400]    eta: 0:01:10  time: 0.0706  data_time: 0.0019  memory: 4886  
2026/05/15 17:45:44 - mmengine - INFO - Iter(val) [ 600/1400]    eta: 0:00:56  time: 0.0704  data_time: 0.0021  memory: 4886  
2026/05/15 17:45:58 - mmengine - INFO - Iter(val) [ 800/1400]    eta: 0:00:42  time: 0.0706  data_time: 0.0021  memory: 4886  
2026/05/15 17:46:13 - mmengine - INFO - Iter(val) [1000/1400]    eta: 0:00:28  time: 0.0758  data_time: 0.0026  memory: 4886  
2026/05/15 17:46:28 - mmengine - INFO - Iter(val) [1200/1400]    eta: 0:00:14  time: 0.0770  data_time: 0.0028  memory: 4886  
2026/05/15 17:46:42 - mmengine - INFO - Iter(val) [1400/1400]    eta: 0:00:00  time: 0.0702  data_time: 0.0020  memory: 4886  
2026/05/15 17:46:42 - mmengine - INFO - per class results:
2026/05/15 17:46:42 - mmengine - INFO - 
+----------+-------+-------+--------+-----------+--------+
|  Class   |  IoU  |  Acc  | Fscore | Precision | Recall |
+----------+-------+-------+--------+-----------+--------+
| farmland |  60.0 | 72.22 |  75.0  |    78.0   | 72.22  |
|   city   | 53.69 | 72.49 | 69.86  |   67.43   | 72.49  |
| village  |  35.1 | 55.92 | 51.96  |   48.53   | 55.92  |
|  water   | 56.69 | 68.69 | 72.36  |   76.45   | 68.69  |
|  forest  |  80.0 | 92.25 | 88.89  |   85.76   | 92.25  |
|   road   | 27.04 | 40.26 | 42.56  |   45.15   | 40.26  |
|  other   | 13.98 | 16.54 | 24.54  |   47.46   | 16.54  |
+----------+-------+-------+--------+-----------+--------+
2026/05/15 17:46:42 - mmengine - INFO - Iter(val) [1400/1400]  aAcc: 79.3500  mIoU: 46.6400  mAcc: 59.7700  mFscore: 60.7400  mPrecision: 64.1100  mRecall: 59.7700  Kappa: 39.0000  data_time: 0.0020  time: 0.0702
2026/05/15 17:48:44 - mmengine - INFO - Iter(train) [60200/80000]  lr: 7.9761e-07  eta: 3:19:51  time: 0.6069  data_time: 0.0094  memory: 8686  grad_norm: 3.0402  loss: 0.6409  decode.loss_ce: 0.4522  decode.acc_seg: 81.2070  aux.loss_ce: 0.1887  aux.acc_seg: 80.4602
2026/05/15 17:50:46 - mmengine - INFO - Iter(train) [60400/80000]  lr: 7.8956e-07  eta: 3:17:50  time: 0.6062  data_time: 0.0090  memory: 8686  grad_norm: 2.5748  loss: 0.6841  decode.loss_ce: 0.4833  decode.acc_seg: 83.7313  aux.loss_ce: 0.2008  aux.acc_seg: 82.4783
2026/05/15 17:52:47 - mmengine - INFO - Iter(train) [60600/80000]  lr: 7.8150e-07  eta: 3:15:49  time: 0.6080  data_time: 0.0092  memory: 8686  grad_norm: 3.0781  loss: 0.5292  decode.loss_ce: 0.3728  decode.acc_seg: 87.7161  aux.loss_ce: 0.1564  aux.acc_seg: 87.1421
2026/05/15 17:54:49 - mmengine - INFO - Iter(train) [60800/80000]  lr: 7.7344e-07  eta: 3:13:48  time: 0.6081  data_time: 0.0096  memory: 8686  grad_norm: 2.9219  loss: 0.5838  decode.loss_ce: 0.4102  decode.acc_seg: 79.8806  aux.loss_ce: 0.1736  aux.acc_seg: 78.6823
2026/05/15 17:56:51 - mmengine - INFO - Exp name: large_weijie_whu_1xb4_80k_4e-4_dp20_ld90_20260515_071406
2026/05/15 17:56:51 - mmengine - INFO - Iter(train) [61000/80000]  lr: 7.6539e-07  eta: 3:11:47  time: 0.6136  data_time: 0.0122  memory: 8686  grad_norm: 1.7671  loss: 0.5920  decode.loss_ce: 0.4167  decode.acc_seg: 89.2486  aux.loss_ce: 0.1753  aux.acc_seg: 88.7407
2026/05/15 17:58:53 - mmengine - INFO - Iter(train) [61200/80000]  lr: 7.5733e-07  eta: 3:09:46  time: 0.6101  data_time: 0.0105  memory: 8686  grad_norm: 2.1663  loss: 0.5760  decode.loss_ce: 0.4075  decode.acc_seg: 84.3284  aux.loss_ce: 0.1685  aux.acc_seg: 83.1212
2026/05/15 18:00:54 - mmengine - INFO - Iter(train) [61400/80000]  lr: 7.4927e-07  eta: 3:07:45  time: 0.6127  data_time: 0.0114  memory: 8686  grad_norm: 3.1789  loss: 0.7391  decode.loss_ce: 0.5223  decode.acc_seg: 76.3824  aux.loss_ce: 0.2168  aux.acc_seg: 75.7291
2026/05/15 18:02:56 - mmengine - INFO - Iter(train) [61600/80000]  lr: 7.4122e-07  eta: 3:05:44  time: 0.6074  data_time: 0.0092  memory: 8686  grad_norm: 2.3774  loss: 0.5963  decode.loss_ce: 0.4187  decode.acc_seg: 77.0174  aux.loss_ce: 0.1776  aux.acc_seg: 75.1599
2026/05/15 18:04:58 - mmengine - INFO - Iter(train) [61800/80000]  lr: 7.3316e-07  eta: 3:03:43  time: 0.6054  data_time: 0.0087  memory: 8686  grad_norm: 2.3315  loss: 0.6277  decode.loss_ce: 0.4413  decode.acc_seg: 88.1370  aux.loss_ce: 0.1864  aux.acc_seg: 87.7136
2026/05/15 18:06:59 - mmengine - INFO - Exp name: large_weijie_whu_1xb4_80k_4e-4_dp20_ld90_20260515_071406
2026/05/15 18:06:59 - mmengine - INFO - Iter(train) [62000/80000]  lr: 7.2510e-07  eta: 3:01:42  time: 0.6064  data_time: 0.0091  memory: 8686  grad_norm: 2.3390  loss: 0.6114  decode.loss_ce: 0.4304  decode.acc_seg: 68.7134  aux.loss_ce: 0.1811  aux.acc_seg: 67.0036
2026/05/15 18:09:01 - mmengine - INFO - Iter(train) [62200/80000]  lr: 7.1704e-07  eta: 2:59:41  time: 0.6053  data_time: 0.0088  memory: 8686  grad_norm: 2.6139  loss: 0.6714  decode.loss_ce: 0.4727  decode.acc_seg: 83.2307  aux.loss_ce: 0.1987  aux.acc_seg: 81.7861
2026/05/15 18:11:03 - mmengine - INFO - Iter(train) [62400/80000]  lr: 7.0899e-07  eta: 2:57:40  time: 0.6056  data_time: 0.0087  memory: 8686  grad_norm: 2.3285  loss: 0.7440  decode.loss_ce: 0.5265  decode.acc_seg: 73.4714  aux.loss_ce: 0.2175  aux.acc_seg: 73.1534
2026/05/15 18:13:04 - mmengine - INFO - Iter(train) [62600/80000]  lr: 7.0093e-07  eta: 2:55:39  time: 0.6066  data_time: 0.0090  memory: 8686  grad_norm: 2.4587  loss: 0.5295  decode.loss_ce: 0.3731  decode.acc_seg: 90.1397  aux.loss_ce: 0.1564  aux.acc_seg: 89.7432
2026/05/15 18:15:06 - mmengine - INFO - Iter(train) [62800/80000]  lr: 6.9287e-07  eta: 2:53:38  time: 0.6090  data_time: 0.0105  memory: 8686  grad_norm: 1.8724  loss: 0.5066  decode.loss_ce: 0.3566  decode.acc_seg: 86.2612  aux.loss_ce: 0.1500  aux.acc_seg: 85.6435
2026/05/15 18:17:08 - mmengine - INFO - Exp name: large_weijie_whu_1xb4_80k_4e-4_dp20_ld90_20260515_071406
2026/05/15 18:17:08 - mmengine - INFO - Iter(train) [63000/80000]  lr: 6.8482e-07  eta: 2:51:37  time: 0.6060  data_time: 0.0091  memory: 8686  grad_norm: 2.3491  loss: 0.5789  decode.loss_ce: 0.4081  decode.acc_seg: 75.0464  aux.loss_ce: 0.1708  aux.acc_seg: 74.8031
2026/05/15 18:19:09 - mmengine - INFO - Iter(train) [63200/80000]  lr: 6.7676e-07  eta: 2:49:36  time: 0.6104  data_time: 0.0105  memory: 8686  grad_norm: 2.4957  loss: 0.6762  decode.loss_ce: 0.4755  decode.acc_seg: 76.6376  aux.loss_ce: 0.2007  aux.acc_seg: 74.9942
2026/05/15 18:21:11 - mmengine - INFO - Iter(train) [63400/80000]  lr: 6.6870e-07  eta: 2:47:35  time: 0.6065  data_time: 0.0089  memory: 8686  grad_norm: 2.5302  loss: 0.5825  decode.loss_ce: 0.4087  decode.acc_seg: 80.9675  aux.loss_ce: 0.1738  aux.acc_seg: 79.5230
2026/05/15 18:23:13 - mmengine - INFO - Iter(train) [63600/80000]  lr: 6.6065e-07  eta: 2:45:34  time: 0.6062  data_time: 0.0090  memory: 8686  grad_norm: 2.4776  loss: 0.6109  decode.loss_ce: 0.4304  decode.acc_seg: 86.8276  aux.loss_ce: 0.1806  aux.acc_seg: 85.9400
2026/05/15 18:25:15 - mmengine - INFO - Iter(train) [63800/80000]  lr: 6.5259e-07  eta: 2:43:33  time: 0.6058  data_time: 0.0089  memory: 8686  grad_norm: 3.0827  loss: 0.7201  decode.loss_ce: 0.5081  decode.acc_seg: 83.1702  aux.loss_ce: 0.2121  aux.acc_seg: 82.0838
2026/05/15 18:27:16 - mmengine - INFO - Exp name: large_weijie_whu_1xb4_80k_4e-4_dp20_ld90_20260515_071406
2026/05/15 18:27:16 - mmengine - INFO - Iter(train) [64000/80000]  lr: 6.4453e-07  eta: 2:41:32  time: 0.6064  data_time: 0.0089  memory: 8686  grad_norm: 2.1987  loss: 0.5599  decode.loss_ce: 0.3936  decode.acc_seg: 84.7532  aux.loss_ce: 0.1663  aux.acc_seg: 83.5933
2026/05/15 18:27:16 - mmengine - INFO - Saving checkpoint at 64000 iterations
2026/05/15 18:27:39 - mmengine - INFO - Iter(val) [ 200/1400]    eta: 0:01:25  time: 0.0707  data_time: 0.0023  memory: 4886  
2026/05/15 18:27:54 - mmengine - INFO - Iter(val) [ 400/1400]    eta: 0:01:12  time: 0.0708  data_time: 0.0020  memory: 4886  
2026/05/15 18:28:08 - mmengine - INFO - Iter(val) [ 600/1400]    eta: 0:00:57  time: 0.0716  data_time: 0.0022  memory: 4886  
2026/05/15 18:28:22 - mmengine - INFO - Iter(val) [ 800/1400]    eta: 0:00:43  time: 0.0703  data_time: 0.0021  memory: 4886  
2026/05/15 18:28:37 - mmengine - INFO - Iter(val) [1000/1400]    eta: 0:00:28  time: 0.0767  data_time: 0.0031  memory: 4886  
2026/05/15 18:28:51 - mmengine - INFO - Iter(val) [1200/1400]    eta: 0:00:14  time: 0.0718  data_time: 0.0022  memory: 4886  
2026/05/15 18:29:05 - mmengine - INFO - Iter(val) [1400/1400]    eta: 0:00:00  time: 0.0716  data_time: 0.0020  memory: 4886  
2026/05/15 18:29:05 - mmengine - INFO - per class results:
2026/05/15 18:29:05 - mmengine - INFO - 
+----------+-------+-------+--------+-----------+--------+
|  Class   |  IoU  |  Acc  | Fscore | Precision | Recall |
+----------+-------+-------+--------+-----------+--------+
| farmland | 61.31 | 74.88 | 76.01  |   77.18   | 74.88  |
|   city   | 53.96 | 72.03 |  70.1  |   68.26   | 72.03  |
| village  | 34.95 | 49.63 |  51.8  |   54.17   | 49.63  |
|  water   | 56.81 | 66.37 | 72.46  |   79.78   | 66.37  |
|  forest  | 80.33 | 93.04 | 89.09  |   85.46   | 93.04  |
|   road   | 26.04 | 35.88 | 41.32  |    48.7   | 35.88  |
|  other   | 14.13 | 16.73 | 24.77  |   47.64   | 16.73  |
+----------+-------+-------+--------+-----------+--------+
2026/05/15 18:29:05 - mmengine - INFO - Iter(val) [1400/1400]  aAcc: 79.9900  mIoU: 46.7900  mAcc: 58.3700  mFscore: 60.7900  mPrecision: 65.8800  mRecall: 58.3700  Kappa: 36.7200  data_time: 0.0020  time: 0.0716
2026/05/15 18:31:07 - mmengine - INFO - Iter(train) [64200/80000]  lr: 6.3648e-07  eta: 2:39:31  time: 0.6067  data_time: 0.0092  memory: 8686  grad_norm: 2.1409  loss: 0.5111  decode.loss_ce: 0.3593  decode.acc_seg: 89.3184  aux.loss_ce: 0.1518  aux.acc_seg: 88.8667
2026/05/15 18:33:09 - mmengine - INFO - Iter(train) [64400/80000]  lr: 6.2842e-07  eta: 2:37:30  time: 0.6073  data_time: 0.0091  memory: 8686  grad_norm: 2.0421  loss: 0.5577  decode.loss_ce: 0.3911  decode.acc_seg: 89.0222  aux.loss_ce: 0.1667  aux.acc_seg: 88.2225
2026/05/15 18:35:11 - mmengine - INFO - Iter(train) [64600/80000]  lr: 6.2036e-07  eta: 2:35:29  time: 0.6068  data_time: 0.0090  memory: 8686  grad_norm: 2.4635  loss: 0.5946  decode.loss_ce: 0.4184  decode.acc_seg: 77.0596  aux.loss_ce: 0.1762  aux.acc_seg: 75.7422
2026/05/15 18:37:13 - mmengine - INFO - Iter(train) [64800/80000]  lr: 6.1231e-07  eta: 2:33:28  time: 0.6062  data_time: 0.0090  memory: 8686  grad_norm: 2.7963  loss: 0.5940  decode.loss_ce: 0.4175  decode.acc_seg: 89.1207  aux.loss_ce: 0.1765  aux.acc_seg: 88.2955
2026/05/15 18:39:15 - mmengine - INFO - Exp name: large_weijie_whu_1xb4_80k_4e-4_dp20_ld90_20260515_071406
2026/05/15 18:39:15 - mmengine - INFO - Iter(train) [65000/80000]  lr: 6.0425e-07  eta: 2:31:27  time: 0.6080  data_time: 0.0093  memory: 8686  grad_norm: 1.6031  loss: 0.5298  decode.loss_ce: 0.3727  decode.acc_seg: 83.6582  aux.loss_ce: 0.1571  aux.acc_seg: 82.0308
2026/05/15 18:41:17 - mmengine - INFO - Iter(train) [65200/80000]  lr: 5.9619e-07  eta: 2:29:26  time: 0.6153  data_time: 0.0117  memory: 8686  grad_norm: 4.5448  loss: 0.6580  decode.loss_ce: 0.4659  decode.acc_seg: 82.2354  aux.loss_ce: 0.1921  aux.acc_seg: 81.5135
2026/05/15 18:43:19 - mmengine - INFO - Iter(train) [65400/80000]  lr: 5.8814e-07  eta: 2:27:25  time: 0.6072  data_time: 0.0092  memory: 8686  grad_norm: 2.5353  loss: 0.5927  decode.loss_ce: 0.4182  decode.acc_seg: 80.0141  aux.loss_ce: 0.1745  aux.acc_seg: 79.8387
2026/05/15 18:45:21 - mmengine - INFO - Iter(train) [65600/80000]  lr: 5.8008e-07  eta: 2:25:24  time: 0.6076  data_time: 0.0094  memory: 8686  grad_norm: 2.6148  loss: 0.6700  decode.loss_ce: 0.4718  decode.acc_seg: 80.4351  aux.loss_ce: 0.1982  aux.acc_seg: 79.1996
2026/05/15 18:47:23 - mmengine - INFO - Iter(train) [65800/80000]  lr: 5.7202e-07  eta: 2:23:23  time: 0.6126  data_time: 0.0115  memory: 8686  grad_norm: 2.6604  loss: 0.6739  decode.loss_ce: 0.4741  decode.acc_seg: 75.0322  aux.loss_ce: 0.1998  aux.acc_seg: 74.3989
2026/05/15 18:49:25 - mmengine - INFO - Exp name: large_weijie_whu_1xb4_80k_4e-4_dp20_ld90_20260515_071406
2026/05/15 18:49:25 - mmengine - INFO - Iter(train) [66000/80000]  lr: 5.6397e-07  eta: 2:21:22  time: 0.6069  data_time: 0.0091  memory: 8686  grad_norm: 2.3955  loss: 0.6163  decode.loss_ce: 0.4337  decode.acc_seg: 83.6586  aux.loss_ce: 0.1827  aux.acc_seg: 83.5623
2026/05/15 18:51:27 - mmengine - INFO - Iter(train) [66200/80000]  lr: 5.5591e-07  eta: 2:19:21  time: 0.6073  data_time: 0.0091  memory: 8686  grad_norm: 1.7778  loss: 0.5460  decode.loss_ce: 0.3853  decode.acc_seg: 77.4768  aux.loss_ce: 0.1607  aux.acc_seg: 76.9902
2026/05/15 18:53:29 - mmengine - INFO - Iter(train) [66400/80000]  lr: 5.4785e-07  eta: 2:17:20  time: 0.6146  data_time: 0.0130  memory: 8686  grad_norm: 1.9155  loss: 0.5372  decode.loss_ce: 0.3785  decode.acc_seg: 79.6799  aux.loss_ce: 0.1587  aux.acc_seg: 78.7234
2026/05/15 18:55:30 - mmengine - INFO - Iter(train) [66600/80000]  lr: 5.3980e-07  eta: 2:15:19  time: 0.6058  data_time: 0.0088  memory: 8686  grad_norm: 2.2269  loss: 0.6096  decode.loss_ce: 0.4295  decode.acc_seg: 85.8727  aux.loss_ce: 0.1802  aux.acc_seg: 85.7448
2026/05/15 18:57:31 - mmengine - INFO - Iter(train) [66800/80000]  lr: 5.3174e-07  eta: 2:13:18  time: 0.6148  data_time: 0.0129  memory: 8686  grad_norm: 1.8939  loss: 0.5775  decode.loss_ce: 0.4072  decode.acc_seg: 84.6706  aux.loss_ce: 0.1703  aux.acc_seg: 83.1853
2026/05/15 18:59:33 - mmengine - INFO - Exp name: large_weijie_whu_1xb4_80k_4e-4_dp20_ld90_20260515_071406
2026/05/15 18:59:33 - mmengine - INFO - Iter(train) [67000/80000]  lr: 5.2368e-07  eta: 2:11:17  time: 0.6057  data_time: 0.0090  memory: 8686  grad_norm: 2.8859  loss: 0.6473  decode.loss_ce: 0.4554  decode.acc_seg: 80.3028  aux.loss_ce: 0.1919  aux.acc_seg: 79.1997
2026/05/15 19:01:34 - mmengine - INFO - Iter(train) [67200/80000]  lr: 5.1563e-07  eta: 2:09:16  time: 0.6061  data_time: 0.0088  memory: 8686  grad_norm: 2.4585  loss: 0.6011  decode.loss_ce: 0.4235  decode.acc_seg: 86.1072  aux.loss_ce: 0.1776  aux.acc_seg: 85.3911
2026/05/15 19:03:35 - mmengine - INFO - Iter(train) [67400/80000]  lr: 5.0757e-07  eta: 2:07:14  time: 0.6062  data_time: 0.0094  memory: 8686  grad_norm: 2.3817  loss: 0.5557  decode.loss_ce: 0.3908  decode.acc_seg: 86.8951  aux.loss_ce: 0.1649  aux.acc_seg: 86.0636
2026/05/15 19:05:37 - mmengine - INFO - Iter(train) [67600/80000]  lr: 4.9951e-07  eta: 2:05:13  time: 0.6101  data_time: 0.0108  memory: 8686  grad_norm: 2.4921  loss: 0.6021  decode.loss_ce: 0.4252  decode.acc_seg: 79.5196  aux.loss_ce: 0.1770  aux.acc_seg: 78.6551
2026/05/15 19:07:38 - mmengine - INFO - Iter(train) [67800/80000]  lr: 4.9146e-07  eta: 2:03:12  time: 0.6060  data_time: 0.0088  memory: 8686  grad_norm: 2.1789  loss: 0.5853  decode.loss_ce: 0.4122  decode.acc_seg: 83.1350  aux.loss_ce: 0.1731  aux.acc_seg: 82.1630
2026/05/15 19:09:39 - mmengine - INFO - Exp name: large_weijie_whu_1xb4_80k_4e-4_dp20_ld90_20260515_071406
2026/05/15 19:09:39 - mmengine - INFO - Iter(train) [68000/80000]  lr: 4.8340e-07  eta: 2:01:11  time: 0.6063  data_time: 0.0091  memory: 8686  grad_norm: 3.3320  loss: 0.6045  decode.loss_ce: 0.4261  decode.acc_seg: 72.5187  aux.loss_ce: 0.1783  aux.acc_seg: 70.9817
2026/05/15 19:09:39 - mmengine - INFO - Saving checkpoint at 68000 iterations
2026/05/15 19:10:02 - mmengine - INFO - Iter(val) [ 200/1400]    eta: 0:01:26  time: 0.0698  data_time: 0.0020  memory: 4886  
2026/05/15 19:10:16 - mmengine - INFO - Iter(val) [ 400/1400]    eta: 0:01:10  time: 0.0699  data_time: 0.0017  memory: 4886  
2026/05/15 19:10:30 - mmengine - INFO - Iter(val) [ 600/1400]    eta: 0:00:56  time: 0.0701  data_time: 0.0020  memory: 4886  
2026/05/15 19:10:44 - mmengine - INFO - Iter(val) [ 800/1400]    eta: 0:00:42  time: 0.0696  data_time: 0.0019  memory: 4886  
2026/05/15 19:10:58 - mmengine - INFO - Iter(val) [1000/1400]    eta: 0:00:28  time: 0.0691  data_time: 0.0019  memory: 4886  
2026/05/15 19:11:12 - mmengine - INFO - Iter(val) [1200/1400]    eta: 0:00:13  time: 0.0699  data_time: 0.0020  memory: 4886  
2026/05/15 19:11:26 - mmengine - INFO - Iter(val) [1400/1400]    eta: 0:00:00  time: 0.0700  data_time: 0.0021  memory: 4886  
2026/05/15 19:11:26 - mmengine - INFO - per class results:
2026/05/15 19:11:26 - mmengine - INFO - 
+----------+-------+-------+--------+-----------+--------+
|  Class   |  IoU  |  Acc  | Fscore | Precision | Recall |
+----------+-------+-------+--------+-----------+--------+
| farmland | 60.39 | 72.36 |  75.3  |   78.49   | 72.36  |
|   city   | 54.46 | 72.42 | 70.52  |   68.72   | 72.42  |
| village  |  35.4 | 55.14 | 52.28  |   49.71   | 55.14  |
|  water   |  56.7 | 66.63 | 72.37  |   79.19   | 66.63  |
|  forest  | 80.29 | 93.41 | 89.07  |   85.11   | 93.41  |
|   road   |  27.0 | 38.34 | 42.52  |    47.7   | 38.34  |
|  other   | 14.78 | 17.66 | 25.75  |   47.55   | 17.66  |
+----------+-------+-------+--------+-----------+--------+
2026/05/15 19:11:26 - mmengine - INFO - Iter(val) [1400/1400]  aAcc: 79.6900  mIoU: 47.0000  mAcc: 59.4200  mFscore: 61.1200  mPrecision: 65.2100  mRecall: 59.4200  Kappa: 36.6600  data_time: 0.0021  time: 0.0700
2026/05/15 19:13:27 - mmengine - INFO - Iter(train) [68200/80000]  lr: 4.7534e-07  eta: 1:59:10  time: 0.6059  data_time: 0.0089  memory: 8686  grad_norm: 3.2930  loss: 0.6103  decode.loss_ce: 0.4301  decode.acc_seg: 85.9465  aux.loss_ce: 0.1802  aux.acc_seg: 85.6517
2026/05/15 19:15:28 - mmengine - INFO - Iter(train) [68400/80000]  lr: 4.6729e-07  eta: 1:57:09  time: 0.6067  data_time: 0.0089  memory: 8686  grad_norm: 2.0984  loss: 0.6400  decode.loss_ce: 0.4502  decode.acc_seg: 82.7594  aux.loss_ce: 0.1898  aux.acc_seg: 82.2401
2026/05/15 19:17:30 - mmengine - INFO - Iter(train) [68600/80000]  lr: 4.5923e-07  eta: 1:55:07  time: 0.6055  data_time: 0.0088  memory: 8686  grad_norm: 3.0442  loss: 0.6139  decode.loss_ce: 0.4332  decode.acc_seg: 87.1122  aux.loss_ce: 0.1807  aux.acc_seg: 86.8646
2026/05/15 19:19:31 - mmengine - INFO - Iter(train) [68800/80000]  lr: 4.5117e-07  eta: 1:53:06  time: 0.6051  data_time: 0.0086  memory: 8686  grad_norm: 2.5823  loss: 0.5857  decode.loss_ce: 0.4139  decode.acc_seg: 75.2779  aux.loss_ce: 0.1718  aux.acc_seg: 74.1420
2026/05/15 19:21:32 - mmengine - INFO - Exp name: large_weijie_whu_1xb4_80k_4e-4_dp20_ld90_20260515_071406
2026/05/15 19:21:32 - mmengine - INFO - Iter(train) [69000/80000]  lr: 4.4312e-07  eta: 1:51:05  time: 0.6062  data_time: 0.0092  memory: 8686  grad_norm: 2.4718  loss: 0.5595  decode.loss_ce: 0.3935  decode.acc_seg: 71.7718  aux.loss_ce: 0.1660  aux.acc_seg: 70.9989
2026/05/15 19:23:34 - mmengine - INFO - Iter(train) [69200/80000]  lr: 4.3506e-07  eta: 1:49:04  time: 0.6068  data_time: 0.0089  memory: 8686  grad_norm: 3.0697  loss: 0.8181  decode.loss_ce: 0.5753  decode.acc_seg: 77.8724  aux.loss_ce: 0.2428  aux.acc_seg: 76.2122
2026/05/15 19:25:35 - mmengine - INFO - Iter(train) [69400/80000]  lr: 4.2700e-07  eta: 1:47:03  time: 0.6048  data_time: 0.0085  memory: 8686  grad_norm: 2.2750  loss: 0.6717  decode.loss_ce: 0.4744  decode.acc_seg: 80.7522  aux.loss_ce: 0.1972  aux.acc_seg: 78.9866
2026/05/15 19:27:36 - mmengine - INFO - Iter(train) [69600/80000]  lr: 4.1895e-07  eta: 1:45:01  time: 0.6057  data_time: 0.0088  memory: 8686  grad_norm: 3.4078  loss: 0.5906  decode.loss_ce: 0.4162  decode.acc_seg: 81.1780  aux.loss_ce: 0.1744  aux.acc_seg: 80.4649
2026/05/15 19:29:37 - mmengine - INFO - Iter(train) [69800/80000]  lr: 4.1089e-07  eta: 1:43:00  time: 0.6064  data_time: 0.0089  memory: 8686  grad_norm: 2.9591  loss: 0.6822  decode.loss_ce: 0.4794  decode.acc_seg: 84.4098  aux.loss_ce: 0.2028  aux.acc_seg: 83.3620
2026/05/15 19:31:39 - mmengine - INFO - Exp name: large_weijie_whu_1xb4_80k_4e-4_dp20_ld90_20260515_071406
2026/05/15 19:31:39 - mmengine - INFO - Iter(train) [70000/80000]  lr: 4.0283e-07  eta: 1:40:59  time: 0.6057  data_time: 0.0084  memory: 8686  grad_norm: 1.9985  loss: 0.5198  decode.loss_ce: 0.3656  decode.acc_seg: 85.8902  aux.loss_ce: 0.1541  aux.acc_seg: 84.7221
2026/05/15 19:33:41 - mmengine - INFO - Iter(train) [70200/80000]  lr: 3.9478e-07  eta: 1:38:58  time: 0.6057  data_time: 0.0088  memory: 8686  grad_norm: 2.2603  loss: 0.5325  decode.loss_ce: 0.3749  decode.acc_seg: 82.7738  aux.loss_ce: 0.1576  aux.acc_seg: 82.0133
2026/05/15 19:35:42 - mmengine - INFO - Iter(train) [70400/80000]  lr: 3.8672e-07  eta: 1:36:57  time: 0.6063  data_time: 0.0090  memory: 8686  grad_norm: 2.5447  loss: 0.5191  decode.loss_ce: 0.3641  decode.acc_seg: 87.6512  aux.loss_ce: 0.1550  aux.acc_seg: 87.4991
2026/05/15 19:37:43 - mmengine - INFO - Iter(train) [70600/80000]  lr: 3.7866e-07  eta: 1:34:56  time: 0.6065  data_time: 0.0090  memory: 8686  grad_norm: 2.0463  loss: 0.4851  decode.loss_ce: 0.3412  decode.acc_seg: 85.3565  aux.loss_ce: 0.1439  aux.acc_seg: 84.8908
2026/05/15 19:39:44 - mmengine - INFO - Iter(train) [70800/80000]  lr: 3.7061e-07  eta: 1:32:54  time: 0.6064  data_time: 0.0090  memory: 8686  grad_norm: 2.1440  loss: 0.5233  decode.loss_ce: 0.3684  decode.acc_seg: 90.2537  aux.loss_ce: 0.1549  aux.acc_seg: 89.4011
2026/05/15 19:41:46 - mmengine - INFO - Exp name: large_weijie_whu_1xb4_80k_4e-4_dp20_ld90_20260515_071406
2026/05/15 19:41:46 - mmengine - INFO - Iter(train) [71000/80000]  lr: 3.6255e-07  eta: 1:30:53  time: 0.6114  data_time: 0.0110  memory: 8686  grad_norm: 4.8680  loss: 0.7850  decode.loss_ce: 0.5530  decode.acc_seg: 88.4370  aux.loss_ce: 0.2320  aux.acc_seg: 87.3013
2026/05/15 19:43:47 - mmengine - INFO - Iter(train) [71200/80000]  lr: 3.5449e-07  eta: 1:28:52  time: 0.6134  data_time: 0.0118  memory: 8686  grad_norm: 3.1518  loss: 0.6223  decode.loss_ce: 0.4381  decode.acc_seg: 90.7098  aux.loss_ce: 0.1842  aux.acc_seg: 90.2539
2026/05/15 19:45:49 - mmengine - INFO - Iter(train) [71400/80000]  lr: 3.4644e-07  eta: 1:26:51  time: 0.6053  data_time: 0.0087  memory: 8686  grad_norm: 2.3349  loss: 0.5187  decode.loss_ce: 0.3635  decode.acc_seg: 86.1157  aux.loss_ce: 0.1552  aux.acc_seg: 85.1496
2026/05/15 19:47:50 - mmengine - INFO - Iter(train) [71600/80000]  lr: 3.3838e-07  eta: 1:24:50  time: 0.6059  data_time: 0.0088  memory: 8686  grad_norm: 2.3402  loss: 0.6480  decode.loss_ce: 0.4552  decode.acc_seg: 79.6812  aux.loss_ce: 0.1928  aux.acc_seg: 77.8367
2026/05/15 19:49:52 - mmengine - INFO - Iter(train) [71800/80000]  lr: 3.3032e-07  eta: 1:22:49  time: 0.6066  data_time: 0.0092  memory: 8686  grad_norm: 3.3069  loss: 0.6004  decode.loss_ce: 0.4208  decode.acc_seg: 93.9989  aux.loss_ce: 0.1796  aux.acc_seg: 92.6130
2026/05/15 19:51:53 - mmengine - INFO - Exp name: large_weijie_whu_1xb4_80k_4e-4_dp20_ld90_20260515_071406
2026/05/15 19:51:53 - mmengine - INFO - Iter(train) [72000/80000]  lr: 3.2227e-07  eta: 1:20:47  time: 0.6058  data_time: 0.0088  memory: 8686  grad_norm: 2.4754  loss: 0.6054  decode.loss_ce: 0.4256  decode.acc_seg: 82.7243  aux.loss_ce: 0.1798  aux.acc_seg: 82.5801
2026/05/15 19:51:53 - mmengine - INFO - Saving checkpoint at 72000 iterations
2026/05/15 19:52:17 - mmengine - INFO - Iter(val) [ 200/1400]    eta: 0:01:26  time: 0.0695  data_time: 0.0021  memory: 4886  
2026/05/15 19:52:31 - mmengine - INFO - Iter(val) [ 400/1400]    eta: 0:01:11  time: 0.0777  data_time: 0.0027  memory: 4886  
2026/05/15 19:52:46 - mmengine - INFO - Iter(val) [ 600/1400]    eta: 0:00:57  time: 0.0706  data_time: 0.0022  memory: 4886  
2026/05/15 19:53:00 - mmengine - INFO - Iter(val) [ 800/1400]    eta: 0:00:42  time: 0.0710  data_time: 0.0021  memory: 4886  
2026/05/15 19:53:14 - mmengine - INFO - Iter(val) [1000/1400]    eta: 0:00:28  time: 0.0710  data_time: 0.0033  memory: 4886  
2026/05/15 19:53:28 - mmengine - INFO - Iter(val) [1200/1400]    eta: 0:00:14  time: 0.0706  data_time: 0.0020  memory: 4886  
2026/05/15 19:53:42 - mmengine - INFO - Iter(val) [1400/1400]    eta: 0:00:00  time: 0.0696  data_time: 0.0019  memory: 4886  
2026/05/15 19:53:42 - mmengine - INFO - per class results:
2026/05/15 19:53:42 - mmengine - INFO - 
+----------+-------+-------+--------+-----------+--------+
|  Class   |  IoU  |  Acc  | Fscore | Precision | Recall |
+----------+-------+-------+--------+-----------+--------+
| farmland | 60.88 | 73.95 | 75.68  |   77.49   | 73.95  |
|   city   | 54.08 | 71.88 |  70.2  |    68.6   | 71.88  |
| village  | 35.44 | 52.11 | 52.33  |   52.55   | 52.11  |
|  water   | 56.27 | 65.77 | 72.01  |   79.57   | 65.77  |
|  forest  | 80.35 |  93.1 |  89.1  |   85.44   |  93.1  |
|   road   | 26.85 | 38.62 | 42.33  |   46.83   | 38.62  |
|  other   | 15.61 | 19.28 |  27.0  |   45.04   | 19.28  |
+----------+-------+-------+--------+-----------+--------+
2026/05/15 19:53:42 - mmengine - INFO - Iter(val) [1400/1400]  aAcc: 79.8300  mIoU: 47.0700  mAcc: 59.2500  mFscore: 61.2400  mPrecision: 65.0700  mRecall: 59.2500  Kappa: 37.2400  data_time: 0.0019  time: 0.0696
2026/05/15 19:55:43 - mmengine - INFO - Iter(train) [72200/80000]  lr: 3.1421e-07  eta: 1:18:46  time: 0.6043  data_time: 0.0084  memory: 8686  grad_norm: 2.4398  loss: 0.5152  decode.loss_ce: 0.3636  decode.acc_seg: 87.9724  aux.loss_ce: 0.1516  aux.acc_seg: 87.7719
2026/05/15 19:57:44 - mmengine - INFO - Iter(train) [72400/80000]  lr: 3.0615e-07  eta: 1:16:45  time: 0.6054  data_time: 0.0086  memory: 8686  grad_norm: 1.9400  loss: 0.5080  decode.loss_ce: 0.3572  decode.acc_seg: 75.8472  aux.loss_ce: 0.1509  aux.acc_seg: 74.1613
2026/05/15 19:59:46 - mmengine - INFO - Iter(train) [72600/80000]  lr: 2.9810e-07  eta: 1:14:44  time: 0.6061  data_time: 0.0089  memory: 8686  grad_norm: 2.6301  loss: 0.6489  decode.loss_ce: 0.4573  decode.acc_seg: 84.3941  aux.loss_ce: 0.1917  aux.acc_seg: 83.4671
2026/05/15 20:01:47 - mmengine - INFO - Iter(train) [72800/80000]  lr: 2.9004e-07  eta: 1:12:43  time: 0.6051  data_time: 0.0086  memory: 8686  grad_norm: 2.2630  loss: 0.5948  decode.loss_ce: 0.4165  decode.acc_seg: 88.1524  aux.loss_ce: 0.1783  aux.acc_seg: 88.2216
2026/05/15 20:03:48 - mmengine - INFO - Exp name: large_weijie_whu_1xb4_80k_4e-4_dp20_ld90_20260515_071406
2026/05/15 20:03:48 - mmengine - INFO - Iter(train) [73000/80000]  lr: 2.8198e-07  eta: 1:10:41  time: 0.6062  data_time: 0.0089  memory: 8686  grad_norm: 1.5643  loss: 0.5032  decode.loss_ce: 0.3529  decode.acc_seg: 83.1470  aux.loss_ce: 0.1503  aux.acc_seg: 82.5260
2026/05/15 20:05:50 - mmengine - INFO - Iter(train) [73200/80000]  lr: 2.7393e-07  eta: 1:08:40  time: 0.6061  data_time: 0.0091  memory: 8686  grad_norm: 1.9104  loss: 0.5231  decode.loss_ce: 0.3680  decode.acc_seg: 86.1666  aux.loss_ce: 0.1551  aux.acc_seg: 84.9680
2026/05/15 20:07:52 - mmengine - INFO - Iter(train) [73400/80000]  lr: 2.6587e-07  eta: 1:06:39  time: 0.6054  data_time: 0.0087  memory: 8686  grad_norm: 2.3951  loss: 0.6509  decode.loss_ce: 0.4566  decode.acc_seg: 89.5730  aux.loss_ce: 0.1944  aux.acc_seg: 88.2081
2026/05/15 20:09:53 - mmengine - INFO - Iter(train) [73600/80000]  lr: 2.5781e-07  eta: 1:04:38  time: 0.6053  data_time: 0.0087  memory: 8686  grad_norm: 3.7565  loss: 0.5732  decode.loss_ce: 0.4060  decode.acc_seg: 81.8124  aux.loss_ce: 0.1671  aux.acc_seg: 81.1051
2026/05/15 20:11:54 - mmengine - INFO - Iter(train) [73800/80000]  lr: 2.4976e-07  eta: 1:02:37  time: 0.6073  data_time: 0.0091  memory: 8686  grad_norm: 2.1274  loss: 0.5248  decode.loss_ce: 0.3701  decode.acc_seg: 77.1367  aux.loss_ce: 0.1547  aux.acc_seg: 74.9123
2026/05/15 20:13:56 - mmengine - INFO - Exp name: large_weijie_whu_1xb4_80k_4e-4_dp20_ld90_20260515_071406
2026/05/15 20:13:56 - mmengine - INFO - Iter(train) [74000/80000]  lr: 2.4170e-07  eta: 1:00:36  time: 0.6078  data_time: 0.0097  memory: 8686  grad_norm: 2.1401  loss: 0.5357  decode.loss_ce: 0.3761  decode.acc_seg: 83.4738  aux.loss_ce: 0.1597  aux.acc_seg: 82.8896
2026/05/15 20:15:59 - mmengine - INFO - Iter(train) [74200/80000]  lr: 2.3364e-07  eta: 0:58:34  time: 0.6106  data_time: 0.0104  memory: 8686  grad_norm: 3.9040  loss: 0.6607  decode.loss_ce: 0.4649  decode.acc_seg: 86.1342  aux.loss_ce: 0.1958  aux.acc_seg: 85.0971
2026/05/15 20:18:02 - mmengine - INFO - Iter(train) [74400/80000]  lr: 2.2559e-07  eta: 0:56:33  time: 0.6082  data_time: 0.0094  memory: 8686  grad_norm: 2.8009  loss: 0.7155  decode.loss_ce: 0.5038  decode.acc_seg: 73.1780  aux.loss_ce: 0.2117  aux.acc_seg: 72.0217
2026/05/15 20:20:04 - mmengine - INFO - Iter(train) [74600/80000]  lr: 2.1753e-07  eta: 0:54:32  time: 0.6110  data_time: 0.0106  memory: 8686  grad_norm: 2.3626  loss: 0.5872  decode.loss_ce: 0.4136  decode.acc_seg: 77.2315  aux.loss_ce: 0.1736  aux.acc_seg: 76.5598
2026/05/15 20:22:06 - mmengine - INFO - Iter(train) [74800/80000]  lr: 2.0947e-07  eta: 0:52:31  time: 0.6169  data_time: 0.0125  memory: 8686  grad_norm: 2.0441  loss: 0.5319  decode.loss_ce: 0.3743  decode.acc_seg: 86.8597  aux.loss_ce: 0.1576  aux.acc_seg: 85.6358
2026/05/15 20:24:09 - mmengine - INFO - Exp name: large_weijie_whu_1xb4_80k_4e-4_dp20_ld90_20260515_071406
2026/05/15 20:24:09 - mmengine - INFO - Iter(train) [75000/80000]  lr: 2.0142e-07  eta: 0:50:30  time: 0.6067  data_time: 0.0094  memory: 8686  grad_norm: 2.6396  loss: 0.5640  decode.loss_ce: 0.3976  decode.acc_seg: 73.9633  aux.loss_ce: 0.1665  aux.acc_seg: 72.4440
2026/05/15 20:26:11 - mmengine - INFO - Iter(train) [75200/80000]  lr: 1.9336e-07  eta: 0:48:29  time: 0.6170  data_time: 0.0129  memory: 8686  grad_norm: 2.4752  loss: 0.6096  decode.loss_ce: 0.4282  decode.acc_seg: 80.0075  aux.loss_ce: 0.1813  aux.acc_seg: 78.9944
2026/05/15 20:28:14 - mmengine - INFO - Iter(train) [75400/80000]  lr: 1.8530e-07  eta: 0:46:28  time: 0.6147  data_time: 0.0112  memory: 8686  grad_norm: 2.7810  loss: 0.6363  decode.loss_ce: 0.4478  decode.acc_seg: 79.6302  aux.loss_ce: 0.1885  aux.acc_seg: 78.2159
2026/05/15 20:30:16 - mmengine - INFO - Iter(train) [75600/80000]  lr: 1.7725e-07  eta: 0:44:27  time: 0.6252  data_time: 0.0122  memory: 8686  grad_norm: 2.2175  loss: 0.5957  decode.loss_ce: 0.4187  decode.acc_seg: 82.0592  aux.loss_ce: 0.1770  aux.acc_seg: 80.6853
2026/05/15 20:32:19 - mmengine - INFO - Iter(train) [75800/80000]  lr: 1.6919e-07  eta: 0:42:25  time: 0.6172  data_time: 0.0122  memory: 8686  grad_norm: 2.1049  loss: 0.5649  decode.loss_ce: 0.3980  decode.acc_seg: 87.1335  aux.loss_ce: 0.1669  aux.acc_seg: 86.8031
2026/05/15 20:34:21 - mmengine - INFO - Exp name: large_weijie_whu_1xb4_80k_4e-4_dp20_ld90_20260515_071406
2026/05/15 20:34:21 - mmengine - INFO - Iter(train) [76000/80000]  lr: 1.6113e-07  eta: 0:40:24  time: 0.6088  data_time: 0.0102  memory: 8686  grad_norm: 2.4145  loss: 0.6567  decode.loss_ce: 0.4640  decode.acc_seg: 71.0396  aux.loss_ce: 0.1927  aux.acc_seg: 70.8737
2026/05/15 20:34:21 - mmengine - INFO - Saving checkpoint at 76000 iterations
2026/05/15 20:34:45 - mmengine - INFO - Iter(val) [ 200/1400]    eta: 0:01:25  time: 0.0715  data_time: 0.0023  memory: 4886  
2026/05/15 20:34:59 - mmengine - INFO - Iter(val) [ 400/1400]    eta: 0:01:11  time: 0.0731  data_time: 0.0021  memory: 4886  
2026/05/15 20:35:14 - mmengine - INFO - Iter(val) [ 600/1400]    eta: 0:00:57  time: 0.0706  data_time: 0.0021  memory: 4886  
2026/05/15 20:35:28 - mmengine - INFO - Iter(val) [ 800/1400]    eta: 0:00:43  time: 0.0778  data_time: 0.0031  memory: 4886  
2026/05/15 20:35:43 - mmengine - INFO - Iter(val) [1000/1400]    eta: 0:00:29  time: 0.0717  data_time: 0.0022  memory: 4886  
2026/05/15 20:35:58 - mmengine - INFO - Iter(val) [1200/1400]    eta: 0:00:14  time: 0.0708  data_time: 0.0020  memory: 4886  
2026/05/15 20:36:12 - mmengine - INFO - Iter(val) [1400/1400]    eta: 0:00:00  time: 0.0746  data_time: 0.0023  memory: 4886  
2026/05/15 20:36:12 - mmengine - INFO - per class results:
2026/05/15 20:36:12 - mmengine - INFO - 
+----------+-------+-------+--------+-----------+--------+
|  Class   |  IoU  |  Acc  | Fscore | Precision | Recall |
+----------+-------+-------+--------+-----------+--------+
| farmland | 60.97 | 74.09 | 75.76  |    77.5   | 74.09  |
|   city   | 53.76 | 72.48 | 69.93  |   67.55   | 72.48  |
| village  | 35.19 | 51.74 | 52.06  |   52.39   | 51.74  |
|  water   | 57.12 |  67.0 | 72.71  |   79.47   |  67.0  |
|  forest  | 80.28 | 92.86 | 89.06  |   85.56   | 92.86  |
|   road   | 26.82 | 37.87 | 42.29  |   47.89   | 37.87  |
|  other   | 15.32 | 18.47 | 26.56  |   47.32   | 18.47  |
+----------+-------+-------+--------+-----------+--------+
2026/05/15 20:36:12 - mmengine - INFO - Iter(val) [1400/1400]  aAcc: 79.8700  mIoU: 47.0600  mAcc: 59.2100  mFscore: 61.2000  mPrecision: 65.3800  mRecall: 59.2100  Kappa: 38.0200  data_time: 0.0023  time: 0.0746
2026/05/15 20:38:14 - mmengine - INFO - Iter(train) [76200/80000]  lr: 1.5308e-07  eta: 0:38:23  time: 0.6077  data_time: 0.0091  memory: 8686  grad_norm: 3.2723  loss: 0.7242  decode.loss_ce: 0.5089  decode.acc_seg: 86.7092  aux.loss_ce: 0.2153  aux.acc_seg: 85.9367
2026/05/15 20:40:17 - mmengine - INFO - Iter(train) [76400/80000]  lr: 1.4502e-07  eta: 0:36:22  time: 0.6090  data_time: 0.0092  memory: 8686  grad_norm: 2.1043  loss: 0.6221  decode.loss_ce: 0.4382  decode.acc_seg: 78.8514  aux.loss_ce: 0.1839  aux.acc_seg: 77.7115
2026/05/15 20:42:19 - mmengine - INFO - Iter(train) [76600/80000]  lr: 1.3696e-07  eta: 0:34:21  time: 0.6083  data_time: 0.0095  memory: 8686  grad_norm: 2.0255  loss: 0.6007  decode.loss_ce: 0.4236  decode.acc_seg: 75.2985  aux.loss_ce: 0.1771  aux.acc_seg: 74.5344
2026/05/15 20:44:21 - mmengine - INFO - Iter(train) [76800/80000]  lr: 1.2891e-07  eta: 0:32:19  time: 0.6081  data_time: 0.0095  memory: 8686  grad_norm: 2.4371  loss: 0.5769  decode.loss_ce: 0.4067  decode.acc_seg: 81.1862  aux.loss_ce: 0.1702  aux.acc_seg: 80.1243
2026/05/15 20:46:24 - mmengine - INFO - Exp name: large_weijie_whu_1xb4_80k_4e-4_dp20_ld90_20260515_071406
2026/05/15 20:46:24 - mmengine - INFO - Iter(train) [77000/80000]  lr: 1.2085e-07  eta: 0:30:18  time: 0.6100  data_time: 0.0104  memory: 8686  grad_norm: 2.0297  loss: 0.6540  decode.loss_ce: 0.4603  decode.acc_seg: 76.5283  aux.loss_ce: 0.1937  aux.acc_seg: 76.4621
2026/05/15 20:48:27 - mmengine - INFO - Iter(train) [77200/80000]  lr: 1.1279e-07  eta: 0:28:17  time: 0.6120  data_time: 0.0110  memory: 8686  grad_norm: 3.3109  loss: 0.6254  decode.loss_ce: 0.4408  decode.acc_seg: 79.9746  aux.loss_ce: 0.1846  aux.acc_seg: 78.8504
2026/05/15 20:50:29 - mmengine - INFO - Iter(train) [77400/80000]  lr: 1.0474e-07  eta: 0:26:16  time: 0.6084  data_time: 0.0097  memory: 8686  grad_norm: 4.7388  loss: 0.7058  decode.loss_ce: 0.4979  decode.acc_seg: 87.4338  aux.loss_ce: 0.2079  aux.acc_seg: 86.8201
2026/05/15 20:52:32 - mmengine - INFO - Iter(train) [77600/80000]  lr: 9.6680e-08  eta: 0:24:15  time: 0.6132  data_time: 0.0111  memory: 8686  grad_norm: 3.0484  loss: 0.5932  decode.loss_ce: 0.4158  decode.acc_seg: 78.5505  aux.loss_ce: 0.1774  aux.acc_seg: 77.4138
2026/05/15 20:54:34 - mmengine - INFO - Iter(train) [77800/80000]  lr: 8.8624e-08  eta: 0:22:13  time: 0.6088  data_time: 0.0096  memory: 8686  grad_norm: 2.0249  loss: 0.4980  decode.loss_ce: 0.3494  decode.acc_seg: 85.8305  aux.loss_ce: 0.1486  aux.acc_seg: 84.8117
2026/05/15 20:56:36 - mmengine - INFO - Exp name: large_weijie_whu_1xb4_80k_4e-4_dp20_ld90_20260515_071406
2026/05/15 20:56:36 - mmengine - INFO - Iter(train) [78000/80000]  lr: 8.0567e-08  eta: 0:20:12  time: 0.6169  data_time: 0.0116  memory: 8686  grad_norm: 2.4942  loss: 0.5179  decode.loss_ce: 0.3654  decode.acc_seg: 90.5344  aux.loss_ce: 0.1525  aux.acc_seg: 90.1472
2026/05/15 20:58:39 - mmengine - INFO - Iter(train) [78200/80000]  lr: 7.2510e-08  eta: 0:18:11  time: 0.6099  data_time: 0.0101  memory: 8686  grad_norm: 2.3086  loss: 0.5904  decode.loss_ce: 0.4160  decode.acc_seg: 79.4585  aux.loss_ce: 0.1744  aux.acc_seg: 79.1490
2026/05/15 21:00:41 - mmengine - INFO - Iter(train) [78400/80000]  lr: 6.4453e-08  eta: 0:16:10  time: 0.6143  data_time: 0.0115  memory: 8686  grad_norm: 2.2463  loss: 0.5573  decode.loss_ce: 0.3912  decode.acc_seg: 81.0442  aux.loss_ce: 0.1661  aux.acc_seg: 80.7849
2026/05/15 21:02:44 - mmengine - INFO - Iter(train) [78600/80000]  lr: 5.6397e-08  eta: 0:14:08  time: 0.6083  data_time: 0.0093  memory: 8686  grad_norm: 2.2935  loss: 0.7050  decode.loss_ce: 0.4947  decode.acc_seg: 72.5648  aux.loss_ce: 0.2102  aux.acc_seg: 72.2174
2026/05/15 21:04:46 - mmengine - INFO - Iter(train) [78800/80000]  lr: 4.8340e-08  eta: 0:12:07  time: 0.6075  data_time: 0.0090  memory: 8686  grad_norm: 2.5053  loss: 0.6034  decode.loss_ce: 0.4252  decode.acc_seg: 81.4261  aux.loss_ce: 0.1782  aux.acc_seg: 80.4219
2026/05/15 21:06:48 - mmengine - INFO - Exp name: large_weijie_whu_1xb4_80k_4e-4_dp20_ld90_20260515_071406
2026/05/15 21:06:48 - mmengine - INFO - Iter(train) [79000/80000]  lr: 4.0283e-08  eta: 0:10:06  time: 0.6144  data_time: 0.0109  memory: 8686  grad_norm: 2.8059  loss: 0.5605  decode.loss_ce: 0.3928  decode.acc_seg: 82.8157  aux.loss_ce: 0.1677  aux.acc_seg: 81.9609
2026/05/15 21:08:50 - mmengine - INFO - Iter(train) [79200/80000]  lr: 3.2227e-08  eta: 0:08:05  time: 0.6075  data_time: 0.0093  memory: 8686  grad_norm: 3.6253  loss: 0.6196  decode.loss_ce: 0.4360  decode.acc_seg: 86.2962  aux.loss_ce: 0.1837  aux.acc_seg: 85.9739
2026/05/15 21:10:52 - mmengine - INFO - Iter(train) [79400/80000]  lr: 2.4170e-08  eta: 0:06:03  time: 0.6076  data_time: 0.0092  memory: 8686  grad_norm: 2.7995  loss: 0.5890  decode.loss_ce: 0.4150  decode.acc_seg: 66.0261  aux.loss_ce: 0.1740  aux.acc_seg: 65.7767
2026/05/15 21:12:53 - mmengine - INFO - Iter(train) [79600/80000]  lr: 1.6113e-08  eta: 0:04:02  time: 0.6140  data_time: 0.0125  memory: 8686  grad_norm: 3.1249  loss: 0.5470  decode.loss_ce: 0.3832  decode.acc_seg: 97.3696  aux.loss_ce: 0.1638  aux.acc_seg: 97.0008
2026/05/15 21:14:55 - mmengine - INFO - Iter(train) [79800/80000]  lr: 8.0567e-09  eta: 0:02:01  time: 0.6066  data_time: 0.0091  memory: 8686  grad_norm: 1.8544  loss: 0.4762  decode.loss_ce: 0.3341  decode.acc_seg: 83.4520  aux.loss_ce: 0.1421  aux.acc_seg: 82.0646
2026/05/15 21:16:56 - mmengine - INFO - Exp name: large_weijie_whu_1xb4_80k_4e-4_dp20_ld90_20260515_071406
2026/05/15 21:16:56 - mmengine - INFO - Iter(train) [80000/80000]  lr: 0.0000e+00  eta: 0:00:00  time: 0.6064  data_time: 0.0087  memory: 8686  grad_norm: 2.1142  loss: 0.5389  decode.loss_ce: 0.3783  decode.acc_seg: 78.9483  aux.loss_ce: 0.1606  aux.acc_seg: 77.5633
2026/05/15 21:16:56 - mmengine - INFO - Saving checkpoint at 80000 iterations
2026/05/15 21:17:20 - mmengine - INFO - Iter(val) [ 200/1400]    eta: 0:01:26  time: 0.0696  data_time: 0.0020  memory: 4886  
2026/05/15 21:17:34 - mmengine - INFO - Iter(val) [ 400/1400]    eta: 0:01:11  time: 0.0702  data_time: 0.0020  memory: 4886  
2026/05/15 21:17:48 - mmengine - INFO - Iter(val) [ 600/1400]    eta: 0:00:56  time: 0.0707  data_time: 0.0021  memory: 4886  
2026/05/15 21:18:03 - mmengine - INFO - Iter(val) [ 800/1400]    eta: 0:00:42  time: 0.0702  data_time: 0.0020  memory: 4886  
2026/05/15 21:18:17 - mmengine - INFO - Iter(val) [1000/1400]    eta: 0:00:28  time: 0.0704  data_time: 0.0020  memory: 4886  
2026/05/15 21:18:31 - mmengine - INFO - Iter(val) [1200/1400]    eta: 0:00:14  time: 0.0707  data_time: 0.0020  memory: 4886  
2026/05/15 21:18:45 - mmengine - INFO - Iter(val) [1400/1400]    eta: 0:00:00  time: 0.0717  data_time: 0.0020  memory: 4886  
2026/05/15 21:18:45 - mmengine - INFO - per class results:
2026/05/15 21:18:45 - mmengine - INFO - 
+----------+-------+-------+--------+-----------+--------+
|  Class   |  IoU  |  Acc  | Fscore | Precision | Recall |
+----------+-------+-------+--------+-----------+--------+
| farmland | 60.94 | 74.13 | 75.73  |   77.41   | 74.13  |
|   city   | 54.13 | 71.51 | 70.24  |   69.02   | 71.51  |
| village  | 35.31 | 52.38 | 52.19  |   52.01   | 52.38  |
|  water   | 56.77 | 66.67 | 72.42  |   79.27   | 66.67  |
|  forest  | 80.26 | 92.82 | 89.05  |   85.57   | 92.82  |
|   road   | 26.73 | 37.99 | 42.19  |   47.44   | 37.99  |
|  other   | 15.17 | 18.24 | 26.34  |   47.41   | 18.24  |
+----------+-------+-------+--------+-----------+--------+
2026/05/15 21:18:45 - mmengine - INFO - Iter(val) [1400/1400]  aAcc: 79.8300  mIoU: 47.0500  mAcc: 59.1000  mFscore: 61.1700  mPrecision: 65.4500  mRecall: 59.1000  Kappa: 38.0600  data_time: 0.0020  time: 0.0717
